,Degree,Clustering Coefficient,Betweenness,Closeness,Shortest Path,Eigenvector,E In,E Out,E In Over E Out,ODF,Expansion,Cut Ratio,Conductance,Normalised Cut,Triangle Participation
graph_064_mu_0_3_node_288,20,0.0526315789473684,0.0006050946660876,0.4049452776651804,2.4694694694694697,0.0138858721530242,12.017,7.983,1.506309523809524,0.3991500000000001,0.0377193350192894,0.0101295130484236,0.2493605169340463,0.2496312743517204,0.0425132216666965
graph_064_mu_0_3_node_24,35,0.0672268907563025,0.0015922819537459,0.4197478991596639,2.3823823823823824,0.0189643824327994,25.002,9.998,2.502056818181818,0.2856571428571428,0.047235974470991,0.0126865870042897,0.1666386336905612,0.1669780090665805,0.1133297849813461
graph_064_mu_0_3_node_703,19,0.1111111111111111,0.0007427044434759,0.4243840271877655,2.3563563563563563,0.0198369701873022,9.014,9.986,0.9031138888888892,0.525578947368421,0.0610782263289664,0.0119394423919013,0.3564970443349752,0.3568356450473192,0.0489908167714388
graph_064_mu_0_3_node_224,33,0.1655913978494623,0.0008885253501539,0.4362445414847161,2.2922922922922924,0.046903513175354,23.004,9.996,2.3022,0.3029090909090909,0.0573209504318558,0.0121081920741232,0.1784928571428571,0.1788321186974544,0.1261622313009599
graph_064_mu_0_3_node_19,18,0.130718954248366,0.0004703169143717,0.3875096974398759,2.5805805805805804,0.0092565460159305,8.164,9.836,0.8360500000000002,0.5464444444444443,0.2139414175970921,0.0103275722555707,0.3763411319862934,0.3766746283520044,0.1755178923577649
graph_064_mu_0_3_node_335,20,0.0684210526315789,0.000513880692655,0.4020120724346076,2.4874874874874875,0.0136089865751061,13.01,6.99,1.8619047619047624,0.3494999999999999,0.0330246586529405,0.0088697814081896,0.2117647058823528,0.2120018079516941,0.0472369129629961
graph_064_mu_0_3_node_56,23,0.1739130434782608,0.0005134121159312,0.4171189979123173,2.397397397397397,0.0215420077357356,16.003,6.997,2.287357142857142,0.3042173913043479,0.0427916692538192,0.0083659507001829,0.1793987179487179,0.179636105627505,0.0978546206737156
graph_064_mu_0_3_node_454,28,0.1507936507936507,0.0011291565649036,0.3986432561851556,2.5085085085085086,0.0131175952161857,15.011,12.989,1.156068531468531,0.4638928571428572,0.4283415208862487,0.0134102947684236,0.3020090367782986,0.3024495961518227,0.4943272291719358
graph_064_mu_0_3_node_926,17,0.2205882352941176,0.0002476125647558,0.3906922174423152,2.55955955955956,0.0148682257074353,10.007,6.993,1.431728571428571,0.4113529411764706,0.1327694006670683,0.0073909661493684,0.2589506476920269,0.2591878031797576,0.1897213022406782
graph_064_mu_0_3_node_329,21,0.1904761904761904,0.0004809010870762,0.4261945392491467,2.3463463463463463,0.0380419817794202,13.001,7.999,1.625375,0.3809047619047619,0.0458656672280757,0.0096894565009939,0.2352588235294118,0.2355301416459699,0.0745451707840846
graph_064_mu_0_3_node_963,29,0.0541871921182266,0.0010044869780594,0.4247448979591837,2.354354354354354,0.0209045172506686,13.025,15.975,0.8156761904761904,0.5508620689655174,0.0754772265743652,0.0202708737787382,0.3801626396858956,0.3807043499715415,0.042587988917458
graph_064_mu_0_3_node_579,26,0.0676923076923076,0.0009320428122675,0.4059325477448192,2.463463463463464,0.0171070510834282,12.067,13.933,0.867607142857143,0.5358846153846153,0.2243115824588537,0.0148871586740755,0.3661204146730462,0.3665928827136413,0.1767620322410615
graph_064_mu_0_3_node_424,26,0.0676923076923076,0.0008655754677475,0.4206315789473684,2.3773773773773774,0.0202573828677076,14.02,11.98,1.1712626262626262,0.4607692307692308,0.0566057159484562,0.0152011974664535,0.299387975042541,0.2997942977713868,0.0661396462756846
graph_064_mu_0_3_node_228,40,0.0682788051209103,0.0017895990888646,0.4095940959409594,2.4414414414414414,0.0208799285648176,26.071,13.929,1.874034798534799,0.3482249999999999,0.2085752343904753,0.0149401600401305,0.2108586279830792,0.2113314093916611,0.3746587076159686
graph_064_mu_0_3_node_632,21,0.0714285714285714,0.0006215351275513,0.4060975609756098,2.4624624624624625,0.0161503097709722,9.007,11.993,0.7512090909090909,0.571095238095238,0.0733503215214144,0.0143391453931003,0.3996923387096774,0.400098964030867,0.0550653890277874
graph_064_mu_0_3_node_221,47,0.0555041628122109,0.0027326759077232,0.4512195121951219,2.216216216216216,0.0291983772447442,29.921,17.079,1.7532372899159667,0.3633829787234043,0.08071091828297,0.0216706787142148,0.222061655982259,0.2226414451149934,0.1275754178358881
graph_064_mu_0_3_node_65,23,0.1383399209486166,0.0005904082710317,0.3894736842105263,2.5675675675675675,0.0131608551359965,11.026,11.974,0.9216151515151512,0.5206086956521737,0.3588811311852845,0.0124028389500537,0.3519592348651172,0.3523652717203694,0.3293455452878759
graph_064_mu_0_3_node_904,27,0.1566951566951566,0.0007724598403833,0.4332176929748482,2.3083083083083085,0.0390802230466866,16.019,10.981,1.4592636363636362,0.4067037037037037,0.0629721097431071,0.0133012157589596,0.2552729386892177,0.2556454417976812,0.0917596220554917
graph_064_mu_0_3_node_289,33,0.2064393939393939,0.0008741992483345,0.4383501535761299,2.2812812812812813,0.0521427783134663,24.012,8.988,2.672166666666666,0.2723636363636362,0.0515417542432021,0.0108871923543407,0.1576551724137931,0.157960254039557,0.1376660176595048
graph_064_mu_0_3_node_63,19,0.0643274853801169,0.0005916007596766,0.3953304313415117,2.5295295295295297,0.0146595361058736,6.046,12.954,0.4675916666666667,0.6817894736842105,0.1938498536211415,0.0138944199391368,0.5173747985347984,0.5178139040867403,0.0753082120498248
graph_064_mu_0_3_node_851,19,0.0467836257309941,0.0006377488457367,0.4047811993517017,2.4704704704704703,0.0134828411181252,7.024,11.976,0.587003787878788,0.6303157894736844,0.179262442555644,0.0128449808186411,0.4602609686609687,0.4606669631566111,0.0748397984590362
graph_064_mu_0_3_node_775,19,0.1988304093567251,0.0005509775920251,0.4051094890510949,2.468468468468469,0.014911744488777,10.012,8.988,1.1148055555555554,0.4730526315789475,0.1946495295538401,0.0094431515562508,0.3098370689655172,0.3101418608725733,0.216584504721408
graph_064_mu_0_3_node_150,30,0.0620689655172413,0.0013705317471998,0.4049452776651804,2.4694694694694697,0.0135947112108937,18.021,11.979,1.50513986013986,0.3993,0.1793261994627429,0.0128485515627563,0.2494737299174989,0.2498801290789513,0.2691427511031249
graph_064_mu_0_3_node_968,23,0.0523809523809523,0.0005973572660954,0.3969010727056019,2.51951951951952,0.0131054105640755,13.026,9.974,1.3071829365079366,0.4336521739130436,0.0471344791112961,0.0126550865820926,0.2768942809205966,0.2772325668446588,0.0567867294072954
graph_064_mu_0_3_node_635,40,0.1089743589743589,0.0019592205600461,0.4193954659949622,2.3843843843843846,0.0245544250471484,19.034,20.966,0.9083361344537818,0.5241500000000001,0.3981707907376394,0.022158800376137,0.3551853645412968,0.3558964883449866,0.3605735616780143
graph_064_mu_0_3_node_269,22,0.1255411255411255,0.0007273805410679,0.4160766347355268,2.4034034034034035,0.0188849273582508,12.006,9.994,1.2014666666666665,0.4542727272727271,0.0611206136923752,0.0119493110861365,0.2938957983193277,0.2942347390198192,0.0733935561788618
graph_064_mu_0_3_node_617,55,0.0572390572390572,0.0036788831123993,0.4430155210643015,2.2572572572572573,0.0300637021737977,39.908,15.092,2.6460895146520147,0.2743999999999998,0.0713184367885388,0.0191498009061157,0.1590318290310663,0.159544546779895,0.1837195505866222
graph_064_mu_0_3_node_767,13,0.0897435897435897,0.0002302084580805,0.3851195065535852,2.5965965965965965,0.0099346282309425,6.002,6.998,0.8577619047619048,0.5383076923076923,0.1046701425183201,0.0075069265624262,0.3682842105263156,0.3685214711203373,0.0448833801543418
graph_064_mu_0_3_node_422,20,0.1842105263157894,0.0006799318732811,0.4112803622890078,2.431431431431432,0.0319579914632328,11.007,8.993,1.2242460317460313,0.4496500000000001,0.051570460383623,0.0108932223190868,0.2900427663734116,0.2903477484161643,0.0630928829752152
graph_064_mu_0_3_node_595,227,0.0542063492063492,0.0524114550350936,0.5599775784753364,1.7857857857857855,0.1521349703666888,153.043,73.957,2.069411853988058,0.3258017621145374,0.4523047945747478,0.0884262937832223,0.1946025090518867,0.1971294092662321,0.9297453493844908
graph_064_mu_0_3_node_847,25,0.1066666666666666,0.0008528122809866,0.4238438693254137,2.359359359359359,0.0318158923591926,13.007,11.993,1.084659090909091,0.4797200000000002,0.0687709126868878,0.014527307345565,0.31555330634278,0.3159600420083508,0.0745544300433438
graph_064_mu_0_3_node_814,26,0.1476923076923077,0.0008954832457735,0.4304179233089186,2.3233233233233235,0.0215919748728379,11.03,14.97,0.7377229437229434,0.5757692307692306,0.4486875264527582,0.0155054212107917,0.4043499982652742,0.4048575775766164,0.3292986148100341
graph_064_mu_0_3_node_504,21,0.0523809523809523,0.0005589619668387,0.3997599039615846,2.5015015015015014,0.0137521128543233,11.009,9.991,1.1021583333333334,0.4757619047619048,0.0472007150471017,0.0126779934601526,0.3121443850267379,0.3124832010888023,0.0425164789956867
graph_064_mu_0_3_node_858,56,0.0538961038961038,0.0038430515085052,0.4534725374489333,2.205205205205205,0.0343750644193659,34.924,21.076,1.657909104777755,0.3763571428571429,0.0995854409130398,0.0267434752398872,0.2318195182982109,0.2325351416107825,0.1560030315307556
graph_064_mu_0_3_node_779,33,0.0606060606060606,0.0012652679184178,0.427105600684053,2.3413413413413413,0.0270922615315402,20.008,12.992,1.54023076923077,0.3936969696969696,0.0613736912725149,0.0164866170975003,0.2451002096436059,0.2455410201944799,0.0756049643426933
graph_064_mu_0_3_node_7,19,0.0818713450292397,0.0005732713249706,0.3936170212765957,2.5405405405405403,0.0157679391472509,7.886,11.114,0.7137402097902098,0.5849473684210529,0.2226663958092254,0.0117243817039682,0.4139710297110297,0.4143478339407785,0.1543768728822183
graph_064_mu_0_3_node_90,25,0.18,0.0009429163511194,0.3947056499407348,2.5335335335335336,0.0116997420061879,13.025,11.975,1.0888068181818182,0.4790000000000002,0.3589120296985358,0.0124038535779753,0.3149738440848839,0.3153799698573077,0.3891302209811919
graph_064_mu_0_3_node_759,21,0.0333333333333333,0.0008188340888692,0.4097621000820344,2.4404404404404403,0.0137880325884965,5.056,15.944,0.3186653280542987,0.7592380952380954,0.2390091030117044,0.0170984495910124,0.6125230268199232,0.6130633936431259,0.0736379611441306
graph_064_mu_0_3_node_629,15,0.1142857142857142,0.0002887241903706,0.3765548435733132,2.655655655655656,0.0080368882941871,6.012,8.988,0.6706666666666665,0.5991999999999998,0.4976655028285655,0.0091580644636433,0.4278857142857143,0.4281904234461304,0.3318117844944059
graph_064_mu_0_3_node_467,17,0.1323529411764706,0.0003563063136205,0.4164235097957482,2.4014014014014013,0.0205636083631417,9.009,7.991,1.1280357142857145,0.4700588235294118,0.0488730365091544,0.009554334077826,0.3072667887667886,0.3075377621747081,0.0489712214702607
graph_064_mu_0_3_node_326,79,0.0697825381369685,0.0068977783513503,0.4809821858449687,2.079079079079079,0.047826811436569,54.923,24.077,2.28196193603498,0.3047721518987341,0.1137760511074353,0.0305502976928857,0.1797918079627532,0.180610356829234,0.2593452550898504
graph_064_mu_0_3_node_522,41,0.0661268556005398,0.0020413197767771,0.4326548289302728,2.3113113113113117,0.0244274281253817,28.789,12.211,2.365635797535798,0.2978292682926828,0.0577259218566506,0.0154928327955715,0.1750679792022953,0.1754825475886757,0.131221729995334
graph_064_mu_0_3_node_58,33,0.1098484848484848,0.0011470883695653,0.4352941176470588,2.2972972972972974,0.0254521484790453,23.906,9.094,2.633208333333333,0.2755757575757575,0.0429763497128365,0.0115391440048901,0.1598461887477314,0.160154864693958,0.1128774023998055
graph_064_mu_0_3_node_667,24,0.0579710144927536,0.0008936155950545,0.4225888324873096,2.3663663663663663,0.0190018586118939,13.025,10.975,1.1877151515151518,0.4572916666666665,0.0518612319442041,0.0139255452287529,0.2964595834701098,0.2968318074351531,0.0472698535499003
graph_064_mu_0_3_node_320,130,0.0527131782945736,0.0182923793757957,0.5102145045965271,1.95995995995996,0.0786716781589575,88.039,41.961,2.098290069686411,0.3227769230769231,0.2566419340388059,0.050169594103668,0.1924495403883216,0.193878443121766,0.5383209300625774
graph_064_mu_0_3_node_653,23,0.067193675889328,0.0008969001420526,0.4183417085427136,2.3903903903903903,0.0156848160774132,9.034,13.966,0.647347619047619,0.6072173913043479,0.2090908927363158,0.0149792428746332,0.4360385843731432,0.4365120737728604,0.1347536489556991
graph_064_mu_0_3_node_955,26,0.1692307692307692,0.0006531839533721,0.4304179233089186,2.3233233233233235,0.0385185092168552,16.0,10.0,1.6000000000000003,0.3846153846153847,0.0573384942915049,0.0121133734212735,0.2380952380952381,0.238434474135675,0.0917415908664078
graph_064_mu_0_3_node_590,22,0.0735930735930736,0.0005016486369878,0.4004008016032064,2.497497497497497,0.0139940931039978,15.055,6.945,2.172714285714285,0.3156818181818182,0.0328219722691224,0.0088117738988131,0.1874760185286501,0.1877116270563699,0.0614491672730518
graph_064_mu_0_3_node_90,25,0.18,0.0009429163511194,0.3947056499407348,2.5335335335335336,0.0116997420061879,13.025,11.975,1.0888068181818182,0.4790000000000002,0.3589120296985358,0.0124038535779753,0.3149738440848839,0.3153799698573077,0.3891302209811919
graph_064_mu_0_3_node_651,41,0.074390243902439,0.0021096609777813,0.451831750339213,2.2132132132132134,0.0309308522612558,24.896,16.104,1.5469685224089635,0.392780487804878,0.0760941643132607,0.0204344384654493,0.2444160900556861,0.2449626121011331,0.1128342982049278
graph_064_mu_0_3_node_389,40,0.1525641025641025,0.0020013958779445,0.4181665969024696,2.391391391391392,0.0197892486271605,22.025,17.975,1.2256764705882348,0.4493750000000001,0.5928969931330064,0.0185577363364071,0.2898175292449487,0.2904273901741372,0.7252354534247066
graph_064_mu_0_3_node_733,50,0.0710204081632653,0.0025996739998129,0.4590992647058823,2.1781781781781784,0.0352428352345829,32.974,17.026,1.9371162280701757,0.3405199999999999,0.0804209994557897,0.021606490770802,0.2052048560741869,0.2057829671841327,0.1463485482690092
graph_064_mu_0_3_node_487,19,0.0994152046783625,0.0005749961363198,0.3843786071565987,2.601601601601601,0.0114312494882682,10.088,8.912,1.1363615079365077,0.4690526315789474,0.1773746485013968,0.0094031068177244,0.3065675346946343,0.3068697513431034,0.1996732785966121
graph_064_mu_0_3_node_371,16,0.075,0.0004470308422076,0.3885647607934656,2.5735735735735736,0.0083993242828433,3.917,12.083,0.3255200799200798,0.7551875,0.1831566377843301,0.0129490440266127,0.6074121060226322,0.6078216396776095,0.0445359126991418
graph_064_mu_0_3_node_65,23,0.1383399209486166,0.0005904082710317,0.3894736842105263,2.5675675675675675,0.0131608551359965,11.026,11.974,0.9216151515151512,0.5206086956521737,0.3588811311852845,0.0124028389500537,0.3519592348651172,0.3523652717203694,0.3293455452878759
graph_064_mu_0_3_node_726,31,0.1462365591397849,0.0014728923314057,0.4582568807339449,2.1821821821821823,0.0481431377796029,18.006,12.994,1.3858438228438226,0.4191612903225805,0.0745117285455691,0.0157397608228583,0.2651552781112445,0.2655960966180516,0.1032136756896211
graph_064_mu_0_3_node_560,36,0.0873015873015873,0.0017159099507889,0.4463806970509383,2.24024024024024,0.0256222417780343,24.017,11.983,2.004774825174825,0.3328611111111111,0.0566172442838181,0.0152052157096096,0.1996675420591741,0.2000742423860779,0.1039394634763095
graph_064_mu_0_3_node_876,28,0.0767195767195767,0.0009302212274135,0.425287356321839,2.3513513513513518,0.0219659760243985,14.033,13.967,1.0053729603729602,0.4988214285714286,0.0659971720677932,0.0177221741982144,0.3323253934695794,0.3327990772997465,0.0520970015103508
graph_064_mu_0_3_node_192,34,0.1568627450980392,0.0010078600757835,0.4443950177935943,2.25025025025025,0.0473330110643853,21.0,13.0,1.615384615384616,0.3823529411764707,0.0745400425789564,0.0157473854476555,0.2363636363636364,0.2368047479648715,0.1204108380121603
graph_064_mu_0_3_node_130,18,0.0457516339869281,0.0005048667525499,0.3864603481624758,2.587587587587588,0.0090944188989732,6.004,11.996,0.500998001998002,0.6664444444444444,0.1794619579814695,0.0128672057642214,0.4998170314842579,0.5002236756141882,0.0747800969664989
graph_064_mu_0_3_node_441,26,0.04,0.0010060709677945,0.4075887392900856,2.4534534534534536,0.014735073609021,15.79,10.21,1.5545000000000004,0.3926923076923078,0.0482716093117832,0.012953788662022,0.244593412203225,0.2449397635090405,0.0608507592934839
graph_064_mu_0_3_node_229,28,0.1216931216931216,0.0007915689999187,0.4199243379571248,2.3813813813813813,0.0332314624766035,18.008,9.992,1.8024888888888893,0.3568571428571427,0.0572961320438235,0.0121035104955935,0.2171840888066605,0.2175230997087856,0.103214417929837
graph_064_mu_0_3_node_758,26,0.083076923076923,0.0008536198969564,0.4136645962732919,2.417417417417417,0.0184717315034648,16.891,9.109,1.8577198412698412,0.3503461538461538,0.0430503535188213,0.0115577770269496,0.2124459008691566,0.2127549386386646,0.0755855753987743
graph_064_mu_0_3_node_365,18,0.2091503267973856,0.0002764664518683,0.4136645962732919,2.417417417417417,0.0206368770537156,12.0,6.0,2.0,0.3333333333333332,0.0366915967422806,0.0071740200419801,0.2,0.2002035140085475,0.0733831934845613
graph_064_mu_0_3_node_591,25,0.0666666666666666,0.0006350767234399,0.4157303370786517,2.4054054054054053,0.0209403686028832,15.01,9.99,1.5027777777777778,0.3996,0.0471957148716367,0.0126767946442161,0.2496951219512195,0.2500339960746824,0.0519765405142758
graph_064_mu_0_3_node_580,32,0.1169354838709677,0.0010939833642049,0.43359375,2.3063063063063063,0.0274894403285166,20.003,11.997,1.6673939393939394,0.37490625,0.0733679998723864,0.0143443007351664,0.230699564586357,0.2311066290325928,0.1223053224742689
graph_064_mu_0_3_node_840,29,0.0935960591133004,0.0009813569529769,0.4416445623342175,2.264264264264264,0.0272166895716177,14.017,14.983,0.9356809523809524,0.5166551724137932,0.0916327816990955,0.017914355868709,0.3483160676532769,0.3488241906978905,0.0856549202862262
graph_064_mu_0_3_node_750,23,0.0553359683794466,0.0007662045982231,0.3997599039615846,2.5015015015015014,0.0126656012719136,12.894,10.106,1.2778828282828285,0.4393913043478262,0.0477580861133476,0.0128232860083453,0.2816495924495923,0.2819923505953041,0.042529785168699
graph_064_mu_0_3_node_712,47,0.1045328399629972,0.0029344515002816,0.4289394589952769,2.3313313313313317,0.0250123503410493,29.043,17.957,1.618366818394024,0.382063829787234,0.3816446840354286,0.0188807507219637,0.2361639517599877,0.2367734924301381,0.6156431935717505
graph_064_mu_0_3_node_643,16,0.1666666666666666,0.0003295189181701,0.3925343811394892,2.5475475475475475,0.010739769287574,8.015,7.985,1.0049142857142856,0.4990625,0.1696871024892543,0.0083957699152004,0.3325574928774928,0.3328282445885278,0.169834149582372
graph_064_mu_0_3_node_183,30,0.1379310344827586,0.0012155767065349,0.4293081220455522,2.329329329329329,0.040302451147372,19.001,10.999,1.727545454545454,0.3666333333333332,0.0630672155155272,0.013323468527376,0.2244653061224489,0.2248384951774478,0.1089482673589875
graph_064_mu_0_3_node_828,23,0.1,0.0007577920916688,0.3864603481624758,2.587587587587588,0.0096823492214116,11.027,11.973,0.9220226107226106,0.5205652173913042,0.2543884969705988,0.0125913347733037,0.351953509888804,0.3523595127826527,0.2124665096520422
graph_064_mu_0_3_node_525,31,0.0709677419354838,0.0013473587831921,0.4171189979123173,2.397397397397397,0.0177707875529438,19.016,11.984,1.5877954545454542,0.3865806451612902,0.0566185024995857,0.0152068981377617,0.2396217864923748,0.240028382661026,0.0756448537968035
graph_064_mu_0_3_node_497,40,0.1763869132290185,0.0015451616816104,0.4059325477448192,2.463463463463464,0.0186750558255395,26.018,13.982,1.861698301698302,0.3495499999999999,0.4612263704320055,0.0144341704221202,0.2118034334257565,0.2122780115527696,0.8239974824098464
graph_064_mu_0_3_node_23,27,0.0966666666666666,0.0010588419330585,0.4031476997578692,2.4804804804804803,0.0135059808254813,12.994,14.006,0.9283927322677324,0.5187407407407405,0.2735625055769457,0.0147717385860457,0.3502524606315855,0.3507274330053726,0.2339780304053141
graph_064_mu_0_3_node_435,33,0.1515151515151515,0.0015386360367349,0.4424269264836138,2.26026026026026,0.0274973087885311,16.022,16.978,0.9440466386554622,0.5144848484848488,0.3223302266921636,0.0179451940320121,0.3463586776248962,0.3469344969696443,0.3036126620107214
graph_064_mu_0_3_node_461,23,0.1343873517786561,0.0006457907325758,0.4114497528830313,2.4304304304304303,0.0227989382390686,7.024,15.976,0.4399326923076923,0.6946086956521738,0.3033677878136205,0.0168858880103042,0.5321732160312805,0.532714739818931,0.1329509155620388
graph_064_mu_0_3_node_312,20,0.1105263157894736,0.0006840805871425,0.3833461243284727,2.6086086086086087,0.009012615042448,11.003,8.997,1.2237460317460314,0.4498500000000001,0.1757354879976256,0.0094886784402647,0.2902273014777758,0.2905324190010492,0.2146501278385827
graph_064_mu_0_3_node_884,20,0.1263157894736842,0.0004982542346627,0.4222316145393068,2.3683683683683685,0.020618303540732,10.011,9.989,1.0026111111111111,0.49945,0.0610995737407285,0.0119428176369844,0.3328682795698924,0.3332070048822794,0.0611855332002813
graph_064_mu_0_3_node_0,24,0.1385281385281385,0.0005401760099889,0.3911511354737666,2.5565565565565564,0.0147658761200331,14.01,9.99,1.4029999999999996,0.41625,0.2991717171514603,0.0103494442653862,0.2628421052631579,0.2631809563635655,0.3891241883344857
graph_064_mu_0_3_node_343,30,0.0758620689655172,0.0012255054371679,0.4087561374795417,2.4464464464464464,0.0157117003080767,16.051,13.949,1.1519825174825171,0.4649666666666667,0.2245943306057387,0.0149027021550414,0.3029626432441617,0.3034357815043333,0.2571828037840131
graph_064_mu_0_3_node_794,176,0.0789316324496711,0.0263724490740106,0.5408770979967515,1.8488488488488488,0.1876510611371763,117.042,58.958,1.9852626985347643,0.3349886363636362,0.3380811196407063,0.0714166594320463,0.2011943364569368,0.2032048477454563,0.6653425304606296
graph_064_mu_0_3_node_352,24,0.2207792207792207,0.0005662899822944,0.3929976396538159,2.5445445445445447,0.0128863607291326,13.013,10.987,1.1849454545454547,0.4577916666666665,0.518960838057776,0.0112367353459142,0.2968639894955684,0.2972366200537657,0.5663043120605971
graph_064_mu_0_3_node_392,16,0.1833333333333333,0.0003108279746354,0.4023358840112767,2.4854854854854853,0.0159169254830836,10.972,5.028,2.1850666666666663,0.31425,0.0307364039418772,0.0060123923565139,0.1864615384615384,0.1866320768364373,0.0671078540375379
graph_064_mu_0_3_node_266,72,0.0899843505477308,0.0048813121942966,0.4847161572052402,2.063063063063063,0.0816449980491119,44.002,27.998,1.571626373626374,0.3888611111111112,0.1605390120863892,0.0339148549059907,0.2413582700175335,0.2423092892192997,0.2522981468124461
graph_064_mu_0_3_node_531,59,0.1710526315789473,0.0036387386222997,0.4655172413793103,2.1481481481481484,0.041249115333336,37.059,21.941,1.6904007841573638,0.3718813559322033,0.416916730560354,0.0231874784351215,0.2284372197107521,0.2291822995664417,0.6834206072961371
graph_064_mu_0_3_node_865,20,0.1,0.0005159911267179,0.4044534412955465,2.4724724724724725,0.0148000943783138,11.023,8.977,1.2289285714285711,0.4488500000000001,0.0424177480554123,0.0113906898109155,0.2894049364613881,0.2897093763131397,0.0520149737270738
graph_064_mu_0_3_node_622,70,0.0790890269151138,0.0058232195691508,0.4863680623174294,2.056056056056056,0.0563775696700447,42.991,27.009,1.5918447293447289,0.3858428571428572,0.1651700599462417,0.0322937025841991,0.2390399394503959,0.2399573326056998,0.2568879894513086
graph_064_mu_0_3_node_203,20,0.0684210526315789,0.0005526687694353,0.3934619929105947,2.541541541541541,0.0115468207617203,8.007,11.993,0.6681601731601732,0.5996499999999999,0.1794232522427637,0.0128639225620285,0.4282564561874907,0.4286630538888545,0.1047098458716258
graph_064_mu_0_3_node_677,34,0.1051693404634581,0.0012625159339539,0.4280205655526992,2.3363363363363363,0.0265637551563256,21.007,12.993,1.616910256410257,0.3821470588235295,0.0794600151259278,0.015535132706876,0.2362090909090909,0.2366499652788663,0.1284266492040429
graph_064_mu_0_3_node_81,16,0.1166666666666666,0.0004008474083691,0.3986432561851556,2.5085085085085086,0.0174575105283009,7.022,8.978,0.782666666666667,0.561125,0.1344044295766895,0.0096300846036433,0.3900289855072464,0.3903333766889096,0.074961600887162
graph_064_mu_0_3_node_201,53,0.0783744557329463,0.0034451846384615,0.4759409242496427,2.101101101101101,0.038629690653794,36.898,16.102,2.293023366013072,0.3038113207547169,0.0760841952712222,0.020431985499401,0.1791322836963285,0.1796791833660709,0.174246911803165
graph_064_mu_0_3_node_516,26,0.0553846153846153,0.0014528155376083,0.4234845273420941,2.3613613613613613,0.0159311401101339,12.964,13.036,0.9949761904761906,0.5013846153846153,0.1949982048492679,0.0139841269317232,0.3346052631578947,0.3350473545104342,0.1495856518411948
graph_064_mu_0_3_node_943,78,0.1012321012321012,0.0062843815981006,0.4863680623174294,2.056056056056056,0.0892453959772484,50.026,27.974,1.78847619047619,0.3586410256410255,0.1604121097601971,0.0338852383171602,0.2185058139534883,0.219456407590097,0.2868052412301105
graph_064_mu_0_3_node_800,22,0.1601731601731601,0.0005922959705211,0.4160766347355268,2.4034034034034035,0.0189848786474444,14.006,7.994,1.75275,0.3633636363636364,0.0488913597589383,0.0095579066398244,0.2220292397660819,0.2223004067831865,0.0856291103473728
graph_064_mu_0_3_node_910,20,0.1684210526315789,0.0004998600060828,0.4122988031366075,2.4254254254254253,0.0183907353776437,12.003,7.997,1.5010714285714286,0.39985,0.0489067443743229,0.009561633347899,0.2498863636363636,0.2501575955634078,0.0672833119762325
graph_064_mu_0_3_node_322,16,0.0583333333333333,0.0003672920029454,0.3789833080424886,2.6386386386386387,0.0090416721541585,4.062,11.938,0.3411919191919191,0.746125,0.2332725512501219,0.0125897074920815,0.5953540372670806,0.5957586626370339,0.0781001085344284
graph_064_mu_0_3_node_501,31,0.1333333333333333,0.0015945745410857,0.4117889530090684,2.4284284284284285,0.0155058653552015,14.02,16.98,0.8261018907563027,0.5477419354838711,0.8020259460672033,0.0173660501043864,0.3772012077294687,0.3777770166378848,0.6606539745907192
graph_064_mu_0_3_node_288,20,0.0526315789473684,0.0006050946660876,0.4049452776651804,2.4694694694694697,0.0138858721530242,12.017,7.983,1.506309523809524,0.3991500000000001,0.0377193350192894,0.0101295130484236,0.2493605169340463,0.2496312743517204,0.0425132216666965
graph_064_mu_0_3_node_594,25,0.1333333333333333,0.0007364357602861,0.4150394682176984,2.4094094094094096,0.0213876410492494,17.001,7.999,2.1254464285714283,0.31996,0.048917250940927,0.0095641021943383,0.1904485049833887,0.1907198967426533,0.1039595241031285
graph_064_mu_0_3_node_114,18,0.1241830065359477,0.0003585953766695,0.3936170212765957,2.5405405405405403,0.0114432177569606,8.033,9.967,0.8102000000000001,0.5537222222222222,0.2120704239417565,0.0104750962582985,0.3830997518610422,0.3834376856658623,0.1698409019556757
graph_064_mu_0_3_node_505,34,0.0570409982174688,0.0014986715665887,0.4220532319391635,2.369369369369369,0.0193431261884816,22.05,11.95,1.8476888888888885,0.351470588235294,0.0564714740270652,0.0151624218549999,0.2132393520329168,0.213644878390631,0.085162331604968
graph_064_mu_0_3_node_421,52,0.0980392156862745,0.0039274732918249,0.4489887640449438,2.2272272272272278,0.0295281177335394,30.05,21.95,1.3695607324519157,0.4221153846153847,0.4662795184101885,0.0230840444086813,0.2675381340328738,0.2682831649759062,0.6371390005869361
graph_064_mu_0_3_node_711,23,0.1264822134387351,0.0005577958300543,0.4186923721709975,2.3883883883883885,0.0207061949241222,14.0,9.0,1.555555555555556,0.3913043478260869,0.055037395113421,0.0107610300629702,0.2432432432432432,0.2435485246109037,0.0856137257319882
graph_064_mu_0_3_node_692,22,0.1125541125541125,0.0006343982084516,0.428204029147021,2.335335335335335,0.0258163895472688,14.007,7.993,1.7530119047619048,0.3633181818181818,0.0377603338435011,0.0101428202096564,0.2219944681523629,0.2222656012792316,0.0614124312963394
graph_064_mu_0_3_node_719,24,0.1775362318840579,0.0007198488020609,0.4319066147859922,2.315315315315315,0.035811485973647,14.005,9.995,1.401333333333333,0.4164583333333334,0.0573145662230299,0.0121070441332638,0.262995951417004,0.263334971991576,0.0802875372322784
graph_064_mu_0_3_node_52,77,0.1365765765765765,0.0064889538229487,0.4940652818991098,2.024024024024024,0.0579980461349477,46.077,30.923,1.49076494110265,0.4015974025974026,0.5874091357905474,0.032682047441627,0.2512683911508873,0.2523188078889217,0.854412203469682
graph_064_mu_0_3_node_612,45,0.1262626262626262,0.0024964912475804,0.4406704896338774,2.269269269269269,0.0277548089435119,21.054,23.946,0.8804610846314811,0.5321333333333333,0.7178198464815879,0.0248016511220177,0.36260005280899,0.363412280732447,0.6286724728443728
graph_064_mu_0_3_node_875,75,0.1442161339421613,0.0053770624194636,0.471671388101983,2.12012012012012,0.0491374245059947,47.04,27.96,1.6831409532496482,0.3727999999999999,0.5309217246983486,0.0295511417505607,0.2291190171204187,0.2300689422497534,0.8729569477392438
graph_064_mu_0_3_node_494,28,0.1402116402116402,0.0011181852663653,0.4138359569179785,2.4164164164164164,0.0178975851612457,12.024,15.976,0.7533653846153846,0.5705714285714284,0.5271145864045559,0.0164920923959182,0.3992274841437632,0.3997691914042934,0.3955577519967171
graph_064_mu_0_3_node_897,34,0.1633064516129032,0.0010829791274256,0.4381578947368421,2.2822822822822824,0.0493989839957463,23.011,10.989,2.094446464646464,0.3232058823529412,0.0630167181384095,0.0133109802634848,0.1927575953325745,0.19313054665767,0.1262003130235566
graph_064_mu_0_3_node_206,27,0.1623931623931624,0.0009460986169232,0.3961141950832672,2.5245245245245247,0.0119640589268646,16.024,10.976,1.4622363636363631,0.4065185185185185,0.3622575917702161,0.0113300079899937,0.2551565539112051,0.2555288874282144,0.5274622584122881
graph_064_mu_0_3_node_753,16,0.2083333333333333,0.0002568868696642,0.396271320904403,2.523523523523524,0.0149296548240605,12.001,3.999,3.0013333333333336,0.2499375,0.0244550038887931,0.0047814824231963,0.1428177339901477,0.1429533852895142,0.0733831934845613
graph_064_mu_0_3_node_20,22,0.0995670995670995,0.0008376545470277,0.4178168130489335,2.393393393393393,0.0185388169206905,7.017,14.983,0.4687769230769231,0.6810454545454545,0.2926499254404145,0.015802166024168,0.5164376622172787,0.5169455440025754,0.1367861793046666
graph_064_mu_0_3_node_968,23,0.0523809523809523,0.0005973572660954,0.3969010727056019,2.51951951951952,0.0131054105640755,13.026,9.974,1.3071829365079366,0.4336521739130436,0.0471344791112961,0.0126550865820926,0.2768942809205966,0.2772325668446588,0.0567867294072954
graph_064_mu_0_3_node_663,20,0.0736842105263157,0.0006379847659885,0.4349151066608619,2.299299299299299,0.0191339001419175,8.021,11.979,0.6699999999999999,0.5989499999999999,0.0566012927207555,0.0151998936788831,0.4275533661740558,0.4279594898003421,0.0283702084430429
graph_064_mu_0_3_node_209,46,0.0502415458937198,0.0027130855729379,0.4532667876588022,2.206206206206206,0.0328368303564522,28.04,17.96,1.561700163398693,0.3904347826086956,0.08485933848803,0.0227892808202249,0.2425832337600759,0.243192834867448,0.1134715854013041
graph_064_mu_0_3_node_503,31,0.1849462365591397,0.0010364943614697,0.4555403556771545,2.195195195195195,0.0511525247967264,18.013,12.987,1.3871987179487175,0.4189354838709676,0.0744735328743453,0.0157312054576906,0.2649771428571429,0.2654177241876175,0.1032229349488804
graph_064_mu_0_3_node_993,18,0.3856209150326797,0.0002376103797559,0.3885647607934656,2.5735735735735736,0.0143760475537549,13.013,4.987,2.614700000000001,0.2770555555555555,0.0947774427696005,0.0052695476125401,0.1608295454545454,0.1609987168740296,0.246663296389001
graph_064_mu_0_3_node_21,28,0.1428571428571428,0.0010427981472799,0.3951740506329114,2.5305305305305303,0.0128107130465822,16.886,11.114,1.5220850815850815,0.3969285714285715,0.2171329085115688,0.0117218455686285,0.2476971811134601,0.2480742159648667,0.3294100415777942
graph_064_mu_0_3_node_984,18,0.0261437908496732,0.0005466389681181,0.4039627982207844,2.4754754754754758,0.0145422629734369,7.708,10.292,0.759534090909091,0.5717777777777776,0.0525992544616292,0.0129848527919979,0.4023672527472529,0.4027161918586886,0.0182847374755457
graph_064_mu_0_3_node_104,27,0.0769230769230769,0.001131956117939,0.4037995149555375,2.4764764764764764,0.0121244400978203,14.062,12.938,1.0893044455544454,0.4791851851851852,0.2084439872806729,0.0138205964468824,0.3151941779434405,0.3156329795834226,0.2091011694749728
graph_064_mu_0_3_node_948,27,0.0797720797720797,0.0009105159888115,0.4167709637046308,2.3993993993994,0.0276529984058536,14.006,12.994,1.078055944055944,0.4812592592592594,0.0745127521306133,0.0157396927332641,0.3168893930799772,0.3173300919681119,0.0803011824564499
graph_064_mu_0_3_node_110,22,0.0952380952380952,0.0007629989341917,0.3986432561851556,2.5085085085085086,0.0109610122896784,12.038,9.962,1.2113325396825394,0.4528181818181816,0.1603982934380567,0.0106425634953022,0.2927731015402841,0.2931109577669354,0.1930534946069852
graph_064_mu_0_3_node_205,27,0.1168091168091168,0.0007379255358351,0.4296774193548387,2.3273273273273274,0.0245652030986124,15.01,11.99,1.2523181818181817,0.4440740740740742,0.0566438276711228,0.0152147666401284,0.2854232558139534,0.2858299449793534,0.0708713056994743
graph_064_mu_0_3_node_161,24,0.1376811594202898,0.0006037226459087,0.4167709637046308,2.3993993993994,0.020636333504004,15.013,8.987,1.6734000000000004,0.3744583333333334,0.0549765292359076,0.0107444985428854,0.2303949910554562,0.2306998523778467,0.091789857733215
graph_064_mu_0_3_node_773,21,0.0666666666666666,0.0006749714053349,0.3879611650485436,2.5775775775775776,0.010086529515923,12.02,8.98,1.339983333333333,0.4276190476190477,0.1344658972745549,0.0096308463162246,0.2719954292527821,0.2722999913912947,0.1496644761249734
graph_064_mu_0_3_node_971,19,0.1111111111111111,0.0003618925729341,0.4002403846153846,2.4984984984984986,0.0141300198177554,11.01,7.99,1.3783928571428574,0.4205263157894735,0.0377493294308499,0.0101387052344887,0.266258064516129,0.2665290408141264,0.0472771139025431
graph_064_mu_0_3_node_854,20,0.1789473684210526,0.0003267854998785,0.415211970074813,2.4084084084084085,0.0213621228306116,13.0,7.0,1.8571428571428577,0.3499999999999999,0.0428068628659941,0.0083696900489768,0.212121212121212,0.2123586531849481,0.0794984596082748
graph_064_mu_0_3_node_219,19,0.0935672514619883,0.0005588601961471,0.4134933774834437,2.4184184184184185,0.0197719132198174,4.063,14.937,0.2730649572649572,0.786157894736842,0.2395620510368981,0.0159700795908254,0.6480530538576866,0.6485592754712434,0.064224309355057
graph_064_mu_0_3_node_603,21,0.1476190476190476,0.000737956235445,0.4062627084180561,2.4614614614614614,0.0163359186712911,9.026,11.974,0.7548787878787879,0.570190476190476,0.3588550999028099,0.0124042930675182,0.3988832844574781,0.3992892661766428,0.2694745945489581
graph_064_mu_0_3_node_527,25,0.1333333333333333,0.0008386044245793,0.4122988031366075,2.4254254254254253,0.0203775748072582,12.022,12.978,0.9272756410256412,0.5191199999999999,0.2757736965430176,0.0136453113444029,0.3506063300142248,0.3510464270874162,0.254704306761022
graph_064_mu_0_3_node_2,36,0.1126984126984127,0.0012666378253429,0.45,2.2222222222222223,0.0280288784996454,25.021,10.979,2.280036363636364,0.3049722222222221,0.0518787315929158,0.0139307372604181,0.1799317065800408,0.1803043694280575,0.1181657630963897
graph_064_mu_0_3_node_698,21,0.0619047619047619,0.0006102247080943,0.411619283065513,2.4294294294294296,0.0172269224193954,8.006,12.994,0.6162167832167831,0.6187619047619046,0.1943656253068227,0.0139388322005926,0.4479893214682979,0.4484298410845408,0.1046830152319258
graph_064_mu_0_3_node_799,20,0.1947368421052631,0.0004434970884606,0.4183417085427136,2.3903903903903903,0.022136492464374,12.003,7.997,1.5010714285714286,0.39985,0.0489081320325243,0.0095615416413611,0.2498863636363636,0.2501575955634078,0.0733971904417445
graph_064_mu_0_3_node_279,20,0.0421052631578947,0.0004753501265165,0.408923454768727,2.4454454454454453,0.0160174056325469,9.034,10.966,0.8246060606060608,0.5483,0.0518155327182444,0.0139144574759893,0.3777649239896182,0.3781367421623494,0.0237827173563454
graph_064_mu_0_3_node_48,18,0.0915032679738562,0.0005529736561458,0.4138359569179785,2.4164164164164164,0.0169535721939921,5.079,12.921,0.3949423076923078,0.7178333333333331,0.2749520857729903,0.0135820353805639,0.5602857142857143,0.5607236726987298,0.1061875925917905
graph_064_mu_0_3_node_194,22,0.2813852813852814,0.0003397361543555,0.411619283065513,2.4294294294294296,0.0229850067711385,13.013,8.987,1.4493333333333331,0.4085,0.1706646444425556,0.009498163483501,0.2567054302422723,0.2570102502657712,0.2466687285646017
graph_064_mu_0_3_node_102,35,0.1458333333333333,0.0011563362513986,0.4104354971240756,2.4364364364364364,0.0212662722438657,22.02,12.98,1.6979615384615383,0.370857142857143,0.2465207754692749,0.0137176428174736,0.2276634335981275,0.2281038971208992,0.3985045605155649
graph_064_mu_0_3_node_111,27,0.0797720797720797,0.0011722135536949,0.4052738336713996,2.4674674674674675,0.0138141204233747,13.041,13.959,0.9353259240759242,0.5169999999999998,0.2246540470364662,0.0149146566458806,0.3486883234745968,0.3491617041429822,0.2089334341242452
graph_064_mu_0_3_node_919,36,0.065079365079365,0.0017508056714498,0.4341590612777053,2.3033033033033035,0.0223645085412429,19.051,16.949,1.1249176470588231,0.4708055555555556,0.080089134652157,0.0215057516461385,0.3079213708251819,0.3084963251099045,0.0851602937772452
graph_064_mu_0_3_node_299,16,0.1,0.0003578771846298,0.408255006129955,2.4494494494494496,0.0148926868260216,5.015,10.985,0.4572767676767675,0.6865625,0.2380406210272496,0.011536937292394,0.5228358887489323,0.5232082494423337,0.1082496117586172
graph_064_mu_0_3_node_782,29,0.0467980295566502,0.0013013695537309,0.4356737897950283,2.295295295295295,0.0221195226635266,14.037,14.963,0.9388890109890112,0.5159655172413794,0.0707061548434371,0.0189857669695266,0.3477298536425937,0.3482372992505458,0.0520233382435639
graph_064_mu_0_3_node_339,23,0.067193675889328,0.0007351314998954,0.4165971643035863,2.4004004004004003,0.0198535531885032,12.0,11.0,1.0909090909090904,0.4782608695652175,0.0672679273608479,0.0131523700769636,0.3142857142857142,0.3146587600346883,0.0611526612371344
graph_064_mu_0_3_node_375,27,0.0797720797720797,0.0009584029501232,0.4449888641425389,2.247247247247248,0.0277901950632778,12.01,14.99,0.801345054945055,0.5551851851851852,0.0708127698277005,0.0190219880600677,0.3842742964352721,0.3847825875625134,0.0472711206023092
graph_064_mu_0_3_node_366,18,0.1895424836601307,0.0003049613692179,0.4070904645476773,2.4564564564564564,0.0288679116142738,11.0,7.0,1.5714285714285718,0.388888888888889,0.0401369460040534,0.0084793613948914,0.2413793103448275,0.2416167191967862,0.0630723437206554
graph_064_mu_0_3_node_966,22,0.0735930735930736,0.0005000710806303,0.4112803622890078,2.431431431431432,0.0175905689154182,11.007,10.993,1.0014,0.4996818181818181,0.0519328153008131,0.0139496598510621,0.3330588235294117,0.3334316068425803,0.0472369129629961
graph_064_mu_0_3_node_609,29,0.0862068965517241,0.0010870019771042,0.4261945392491467,2.3463463463463463,0.0235694100555031,18.015,10.985,1.6404353535353535,0.3787931034482759,0.0518974731219829,0.0139393583811461,0.2336590136054422,0.2340317028289175,0.0803229255802091
graph_064_mu_0_3_node_976,18,0.2875816993464052,0.0002997025545317,0.4129805704836709,2.4214214214214214,0.0346654380451693,13.0,5.0,2.600000000000001,0.2777777777777778,0.0286692471457524,0.0060566867106367,0.1612903225806451,0.1614599348470042,0.0745400425789564
graph_064_mu_0_3_node_896,60,0.0638418079096045,0.0041757774374199,0.4718941898913557,2.119119119119119,0.0410115038448761,37.045,22.955,1.6146195132099028,0.3825833333333335,0.1084632526749827,0.0291271400799818,0.2365573834555768,0.2373368697234056,0.1701795916371001
graph_064_mu_0_3_node_967,22,0.0822510822510822,0.0008233493694665,0.4029850746268656,2.4814814814814814,0.013677288712621,13.183,8.817,1.6010809523809524,0.4007727272727271,0.0679548598980035,0.010814470465482,0.2566687573235668,0.256967799112576,0.0619589900839925
graph_064_mu_0_3_node_935,14,0.1648351648351648,0.0002246064008528,0.392226148409894,2.5495495495495497,0.0127443346460558,6.016,7.984,0.75525,0.5702857142857142,0.1730820685240509,0.0083852049182036,0.3990030303030303,0.3992737113768206,0.1298883162485712
graph_064_mu_0_3_node_730,50,0.0889795918367346,0.0033312853884746,0.4567901234567901,2.189189189189189,0.0335632885484986,31.008,18.992,1.632748538011696,0.3798399999999999,0.1161488427664874,0.0227077837685423,0.234447455585667,0.2350921924790008,0.1896004664620016
graph_064_mu_0_3_node_38,29,0.1280788177339901,0.0013542880706852,0.4254684838160136,2.3503503503503502,0.0253634150257706,13.012,15.988,0.8141133241758242,0.5513103448275863,0.4787585977835338,0.0165626745290764,0.3805799422799423,0.3811220927202381,0.3890368161442304
graph_064_mu_0_3_node_76,38,0.0924608819345661,0.0022853584431103,0.4441974210760337,2.2512512512512517,0.030388471421688,16.169,21.831,0.7420924741924741,0.5745000000000002,0.4736295912754492,0.0229311727629105,0.4031422318422318,0.4038825284254862,0.3464056672704122
graph_064_mu_0_3_node_407,29,0.1625615763546798,0.0010925048585668,0.4054383116883117,2.4664664664664664,0.0154158202246473,16.018,12.982,1.2346730769230765,0.4476551724137929,0.3888903732434626,0.0134481887268598,0.2884020531400965,0.2888424051950635,0.4789609858475127
graph_064_mu_0_3_node_828,23,0.1,0.0007577920916688,0.3864603481624758,2.587587587587588,0.0096823492214116,11.027,11.973,0.9220226107226106,0.5205652173913042,0.2543884969705988,0.0125913347733037,0.351953509888804,0.3523595127826527,0.2124665096520422
graph_064_mu_0_3_node_398,17,0.0808823529411764,0.0003908742192062,0.4140074595938665,2.4154154154154157,0.0169472289492108,8.894,8.106,1.100309523809524,0.4768235294117647,0.0383128605149309,0.0102849881440509,0.3132562962962962,0.3135311658094723,0.0419464332536253
graph_064_mu_0_3_node_78,27,0.1168091168091168,0.0012871161208294,0.4186923721709975,2.3883883883883885,0.0176554928520023,11.021,15.979,0.6902160714285714,0.5918148148148148,0.5270809921244183,0.0164961043947828,0.4203205031810293,0.420862275344278,0.3626197197494814
graph_064_mu_0_3_node_330,28,0.0978835978835978,0.0010319293178451,0.4236641221374045,2.36036036036036,0.0193450391435247,18.012,9.988,1.8041575757575763,0.3567142857142856,0.0471886311482148,0.0126740252047175,0.2170871004214205,0.2174259756936412,0.0803215370110616
graph_064_mu_0_3_node_468,19,0.1520467836257309,0.0004994229623357,0.3994402239104358,2.503503503503504,0.0135972340908686,9.053,9.947,0.9146194444444448,0.5235263157894736,0.211746607749083,0.0104539282979283,0.3547993394536497,0.3551366186808761,0.1910422604033891
graph_064_mu_0_3_node_820,52,0.1583710407239819,0.0024088201082535,0.4646511627906977,2.1521521521521523,0.072008173328382,35.007,16.993,2.0601872549019604,0.3267884615384615,0.0974390497098798,0.0205840355306285,0.1953075152924048,0.19588458634236,0.2007159924008175
graph_064_mu_0_3_node_979,20,0.0631578947368421,0.0005063502858459,0.427105600684053,2.3413413413413413,0.018930723998229,12.011,7.989,1.5039285714285715,0.39945,0.0377458094071083,0.0101373277606777,0.2495833333333333,0.24985429412005,0.042548974502495
graph_064_mu_0_3_node_121,16,0.225,0.0002215928668326,0.390081999219055,2.563563563563564,0.0149957373604086,9.014,6.986,1.2913523809523813,0.436625,0.1326951039734579,0.0073835052640859,0.2793180626780628,0.2795549648497086,0.1708302943526629
graph_064_mu_0_3_node_728,24,0.072463768115942,0.0008251916357395,0.4234845273420941,2.3613613613613613,0.0194534955822304,10.007,13.993,0.715208791208791,0.5830416666666668,0.0855763360106606,0.0167307668138826,0.4114823529411766,0.4119567887334414,0.0611630239314349
graph_064_mu_0_3_node_565,22,0.2121212121212121,0.0005479943098611,0.4024979854955681,2.4844844844844847,0.0190496700924218,12.021,9.979,1.2053777777777774,0.4535909090909089,0.1895314097495145,0.0105472480496507,0.2933493930905695,0.2936878255133484,0.2277216377343393
graph_064_mu_0_3_node_51,22,0.2121212121212121,0.0005576071666125,0.3843786071565987,2.601601601601601,0.0113034177025446,13.015,8.985,1.4490277777777774,0.408409090909091,0.2692034026263246,0.0093077282055144,0.2566190476190476,0.2569237999241615,0.3890452081217109
graph_064_mu_0_3_node_709,32,0.0403225806451612,0.0015599424880427,0.4186923721709975,2.3883883883883885,0.0208704640632238,14.009,17.991,0.7792981080151361,0.56221875,0.269337788528005,0.0192968203059726,0.3911008392749637,0.3917109106759058,0.1640231420455796
graph_064_mu_0_3_node_253,22,0.1558441558441558,0.0007313969038525,0.4021739130434782,2.4864864864864864,0.0157342511310965,10.041,11.959,0.841377777777778,0.5435909090909088,0.2273156161825344,0.0126385343332199,0.3733704481792717,0.3737759493040973,0.1899039183719587
graph_064_mu_0_3_node_337,19,0.0701754385964912,0.0003895303002539,0.4031476997578692,2.4804804804804803,0.015123797374023,10.001,8.999,1.111375,0.4736315789473685,0.0425099643377063,0.0114195951726145,0.3103011494252874,0.3106063140905505,0.0425164789956867
graph_064_mu_0_3_node_898,25,0.0733333333333333,0.0006454688880418,0.4114497528830313,2.4304304304304303,0.0170076673198923,15.018,9.982,1.5059722222222225,0.3992800000000001,0.0471658849970445,0.0126658120103485,0.2494682451694647,0.2498068480882772,0.066199448785156
graph_064_mu_0_3_node_154,21,0.0761904761904762,0.0006458293213616,0.4020120724346076,2.4874874874874875,0.0132051609311885,10.029,10.971,0.915083333333333,0.5224285714285715,0.0518339399059933,0.0139213780661392,0.3536360941003967,0.3540081068320959,0.0473084902357261
graph_064_mu_0_3_node_846,18,0.0588235294117647,0.0005210774634102,0.4026602176541717,2.483483483483484,0.0119215108113333,4.073,13.927,0.294903846153846,0.7737222222222225,0.2234838530896814,0.0148897185535232,0.6315926030491249,0.632064611448655,0.0640690196357104
graph_064_mu_0_3_node_45,49,0.1692876965772433,0.0025290664514938,0.4215189873417722,2.3723723723723724,0.0209226701422446,31.045,17.955,1.7305967948717944,0.3664285714285714,0.5383178930564712,0.0185968229049129,0.2243378247567026,0.2249473802817638,0.8981257357837638
graph_064_mu_0_3_node_628,26,0.0369230769230769,0.0011025697968198,0.4029850746268656,2.4814814814814814,0.0141181760984299,11.027,14.973,0.736911255411255,0.5758846153846152,0.2241054206196602,0.0160599007624804,0.404426993488996,0.4049346745054513,0.149638664757015
graph_064_mu_0_3_node_251,17,0.1397058823529411,0.0003550001534106,0.3860123647604327,2.5905905905905904,0.0107807534712727,7.018,9.982,0.7036361111111109,0.5871764705882353,0.3293368588710666,0.0103048228129977,0.4156684615384616,0.4160068808313189,0.2307019297448308
graph_064_mu_0_3_node_550,44,0.0486257928118393,0.0025539790509109,0.4506089309878214,2.219219219219219,0.026616400037133,27.007,16.993,1.5899299719887958,0.3862045454545455,0.0802865750141199,0.0215625840624835,0.2393289998247745,0.2399057573143427,0.1179944358435794
graph_064_mu_0_3_node_824,16,0.15,0.0003680562040394,0.3708240534521158,2.6966966966966965,0.0063645134883167,8.963,7.037,1.2754285714285716,0.4398125,0.1374362198260087,0.0074222001647486,0.2819856410256411,0.2822242713379669,0.1561663187637722
graph_064_mu_0_3_node_785,33,0.1401515151515151,0.0011607489498202,0.4341590612777053,2.3033033033033035,0.0419897755928819,21.027,11.973,1.7568499999999998,0.3628181818181818,0.0686565759537894,0.0145030696682324,0.2216238095238096,0.2220300881064492,0.1204542214614167
graph_064_mu_0_3_node_33,19,0.1871345029239766,0.0004348900283546,0.3836405529953917,2.6066066066066065,0.0095263172648069,10.01,8.99,1.114647222222222,0.4731578947368422,0.2692686287248019,0.0093126463823825,0.3099321185997911,0.3102369782528505,0.2993152490469771
graph_064_mu_0_3_node_302,32,0.0907258064516129,0.0012517390348471,0.4254684838160136,2.3503503503503502,0.0220546360032604,18.01,13.99,1.2874725274725274,0.4371875,0.0855611406678528,0.0167270083307945,0.2797490196078432,0.2802236112772763,0.110101817253869
graph_064_mu_0_3_node_373,29,0.0985221674876847,0.001344869462361,0.4188679245283019,2.3873873873873874,0.0209675421211376,9.046,19.954,0.4539919891640868,0.6880689655172416,1.3893580931613057,0.0202823618479582,0.5246109739639906,0.5252873375504663,0.6255138643901892
graph_064_mu_0_3_node_305,30,0.2666666666666666,0.0007002926993904,0.4397007042253521,2.274274274274274,0.052520165652356,23.0,7.0,3.2857142857142847,0.2333333333333333,0.0401369460040534,0.0084793613948914,0.1320754716981132,0.1323130739519402,0.1318785368704613
graph_064_mu_0_3_node_646,21,0.1047619047619047,0.000610629608053,0.4229466553767993,2.364364364364364,0.0199552811632174,8.014,12.986,0.6173916083916082,0.618380952380952,0.0794255776791631,0.0155263607036463,0.4476155728587318,0.4480558215644375,0.0489761830437616
graph_064_mu_0_3_node_78,27,0.1168091168091168,0.0012871161208294,0.4186923721709975,2.3883883883883885,0.0176554928520023,11.021,15.979,0.6902160714285714,0.5918148148148148,0.5270809921244183,0.0164961043947828,0.4203205031810293,0.420862275344278,0.3626197197494814
graph_064_mu_0_3_node_676,28,0.1825396825396825,0.0006213603497051,0.4213412062420919,2.373373373373373,0.0419741140722736,23.0,5.0,4.6,0.1785714285714285,0.0286692471457524,0.0060566867106367,0.0980392156862745,0.0982089431040415,0.1318785368704613
graph_064_mu_0_3_node_539,26,0.0769230769230769,0.0012125116424528,0.4099302421009438,2.43943943943944,0.0152853892388308,10.966,15.034,0.7297809523809522,0.5782307692307691,0.2936003956548909,0.0158566307590764,0.406748854117275,0.4072586002619642,0.1952327014314578
graph_064_mu_0_3_node_480,22,0.2052631578947368,0.0004381596481979,0.3854166666666667,2.5945945945945947,0.0121658512061625,12.027,9.973,1.2076999999999996,0.4533181818181816,0.6946101148106537,0.0101369375941141,0.2931467885399774,0.2934850175937262,0.7647129131258016
graph_064_mu_0_3_node_174,45,0.0741971207087486,0.0025507507780064,0.4358638743455497,2.294294294294294,0.0272125439811357,24.063,20.937,1.151147257347915,0.4652666666666668,0.3370878015294054,0.0223667024149026,0.3032302218816531,0.3039406044521381,0.3698510429751602
graph_064_mu_0_3_node_907,54,0.0663871418588399,0.0033344383129294,0.4534725374489333,2.205205205205205,0.0349662957495477,35.928,18.072,1.9894173374613005,0.3346666666666666,0.0854097324347965,0.0229301103064375,0.2009825242913476,0.2015962528963913,0.1695741978952072
graph_064_mu_0_3_node_453,14,0.1648351648351648,0.0002581804500289,0.379703534777651,2.6336336336336337,0.0087003232205104,6.023,7.977,0.75785,0.5697857142857141,0.1696654550290884,0.0083846317803456,0.3985884057971015,0.3988588496575144,0.1274240946398649
graph_064_mu_0_3_node_565,22,0.2121212121212121,0.0005479943098611,0.4024979854955681,2.4844844844844847,0.0190496700924218,12.021,9.979,1.2053777777777774,0.4535909090909089,0.1895314097495145,0.0105472480496507,0.2933493930905695,0.2936878255133484,0.2277216377343393
graph_064_mu_0_3_node_91,44,0.062367864693446,0.0020074639760351,0.4343478260869565,2.3023023023023024,0.0276812159398643,30.014,13.986,2.146362637362637,0.3178636363636363,0.0855423872652588,0.0167219434317493,0.188968458985301,0.1894433017207132,0.1773846744818515
graph_064_mu_0_3_node_115,20,0.1736842105263158,0.0006531874250223,0.3988023952095808,2.5075075075075075,0.0147131791501941,10.019,9.981,1.0042777777777778,0.4990499999999999,0.1895332622079178,0.0105499746485172,0.332518817204301,0.3328572715004753,0.1898398673022213
graph_064_mu_0_3_node_307,22,0.238095238095238,0.0006199869228223,0.413151364764268,2.4204204204204203,0.0366210900453711,15.019,6.981,2.1532285714285715,0.3173181818181819,0.0400379719062181,0.008455821121392,0.1885978042820148,0.1888346333757663,0.0860974562758335
graph_064_mu_0_3_node_605,25,0.11,0.0009554280020988,0.4256497656582871,2.349349349349349,0.0222307593040664,14.012,10.988,1.2754545454545456,0.4395200000000001,0.067200572840369,0.013137741135256,0.2816666666666666,0.2820393564272633,0.085654278429461
graph_064_mu_0_3_node_617,55,0.0572390572390572,0.0036788831123993,0.4430155210643015,2.2572572572572573,0.0300637021737977,39.908,15.092,2.6460895146520147,0.2743999999999998,0.0713184367885388,0.0191498009061157,0.1590318290310663,0.159544546779895,0.1837195505866222
graph_064_mu_0_3_node_101,25,0.14,0.0007878750798574,0.4153846153846154,2.4074074074074074,0.0202252015763984,17.979,7.021,2.5629464285714287,0.2808400000000001,0.0429282049470376,0.0083951718026195,0.1633796436122017,0.1636178771868857,0.103998255345395
graph_064_mu_0_3_node_520,26,0.0923076923076923,0.0006353639092302,0.4247448979591837,2.354354354354354,0.0235898136884512,16.007,9.993,1.6020222222222225,0.3843461538461539,0.0472074331021139,0.0126808562271317,0.2378936877076412,0.2382326865003752,0.0708633375719843
graph_064_mu_0_3_node_684,33,0.115530303030303,0.001396085451107,0.4481830417227456,2.2312312312312312,0.0277937120043717,19.994,13.006,1.5375549450549455,0.3941212121212121,0.0614379989148544,0.0165045035011952,0.2454320270924045,0.2458733120050645,0.0943942177465096
graph_064_mu_0_3_node_264,55,0.113933236574746,0.0036973895527561,0.4420353982300884,2.2622622622622623,0.0280500435867867,35.189,19.811,1.7779323861123395,0.3601999999999999,0.4298802895789161,0.0208093265402509,0.2196939558651953,0.2203666675366776,0.7389039875525336
graph_064_mu_0_3_node_237,26,0.1753846153846154,0.0007105401581003,0.4095940959409594,2.4414414414414414,0.0217598878333288,14.019,11.981,1.1706717171717174,0.4608076923076923,0.3589643454738782,0.0124108514769425,0.2994064095292115,0.2998127661988605,0.419068726266756
graph_064_mu_0_3_node_265,33,0.0681818181818181,0.0013603634136331,0.4315334773218142,2.3173173173173174,0.0252690699990216,17.007,15.993,1.0634625000000002,0.4846363636363634,0.0978073323858755,0.0191220732664815,0.3198188235294117,0.3203612904816393,0.0917442325987826
graph_064_mu_0_3_node_551,37,0.1680672268907563,0.0017022702097723,0.408923454768727,2.4454454454454453,0.0153109732073008,21.05,15.95,1.3212355977355978,0.4310810810810811,0.526434887957315,0.0164646563698848,0.2748071206606834,0.2753482779049958,0.6599255915890097
graph_064_mu_0_3_node_140,24,0.0869565217391304,0.0006090869152696,0.413151364764268,2.4204204204204203,0.0192677836079204,17.011,6.989,2.434857142857143,0.2912083333333333,0.0330212149068496,0.0088683972053563,0.1704250871080139,0.170662219626546,0.0708834301097395
graph_064_mu_0_3_node_977,16,0.125,0.000195986833272,0.4375821287779238,2.285285285285285,0.0220950199351708,11.002,4.998,2.2016,0.312375,0.023610488354008,0.0063423509808404,0.185100529100529,0.1852700505472649,0.0425132216666965
graph_064_mu_0_3_node_426,38,0.1603174603174603,0.0018761434060547,0.4504057709648332,2.22022022022022,0.0325205865757858,18.037,19.963,0.9044128205128208,0.5253421052631578,0.3791630308972131,0.0210979968023008,0.3562985769020251,0.3569756580912176,0.3227763053215831
graph_064_mu_0_3_node_653,23,0.067193675889328,0.0008969001420526,0.4183417085427136,2.3903903903903903,0.0156848160774132,9.034,13.966,0.647347619047619,0.6072173913043479,0.2090908927363158,0.0149792428746332,0.4360385843731432,0.4365120737728604,0.1347536489556991
graph_064_mu_0_3_node_282,45,0.0696969696969697,0.0021002883744914,0.4352941176470588,2.2972972972972974,0.0285638225193482,33.779,11.221,3.021090909090909,0.2493555555555555,0.0530403259884658,0.0142373738321923,0.142508173788237,0.1428892731478022,0.1547417212937644
graph_064_mu_0_3_node_97,26,0.1969230769230769,0.0006753931206325,0.3936170212765957,2.5405405405405403,0.0162158517503856,16.022,9.978,1.6075111111111111,0.3837692307692309,0.1895635459952511,0.0105447601700035,0.2374768164090712,0.2378153067310542,0.3035712677932642
graph_064_mu_0_3_node_453,14,0.1648351648351648,0.0002581804500289,0.379703534777651,2.6336336336336337,0.0087003232205104,6.023,7.977,0.75785,0.5697857142857141,0.1696654550290884,0.0083846317803456,0.3985884057971015,0.3988588496575144,0.1274240946398649
graph_064_mu_0_3_node_649,20,0.0526315789473684,0.000661812938169,0.3864603481624758,2.587587587587588,0.0097231026828096,7.106,12.894,0.5526656676656676,0.6447000000000002,0.2541047669513079,0.0136089387793361,0.4759960647270993,0.476433168462006,0.1181464630402569
graph_064_mu_0_3_node_570,46,0.102536997885835,0.0029355903866937,0.4467799642218247,2.2382382382382384,0.0266780392027275,23.184,22.816,1.0174940921823272,0.496,0.4951507152282426,0.0239631059180519,0.3298664922870556,0.3306405329623986,0.4788361823812987
graph_064_mu_0_3_node_420,18,0.0784313725490196,0.0005394948054155,0.4164235097957482,2.4014014014014013,0.0164277737085287,8.014,9.986,0.8028727272727274,0.5547777777777777,0.0471809596056112,0.0126713295918747,0.3839056410256411,0.3842442187842029,0.0236266294251267
graph_064_mu_0_3_node_354,26,0.1846153846153846,0.0007764873961195,0.4179916317991631,2.3923923923923924,0.0374927537752179,17.034,8.966,1.9012698412698412,0.3448461538461538,0.0514187843721045,0.0108603895951553,0.2083690862109466,0.2086732771349113,0.0975448461511182
graph_064_mu_0_3_node_588,26,0.0953846153846153,0.0007704285414124,0.4302325581395348,2.324324324324324,0.0247278688624784,16.894,9.106,1.858338888888889,0.3502307692307692,0.0430360174097166,0.011554085811494,0.2123556830766133,0.2126646191892363,0.0750562649977737
graph_064_mu_0_3_node_747,22,0.0995670995670995,0.0006606508012433,0.3867595818815331,2.5855855855855854,0.0099284435262765,11.044,10.956,1.0094555555555556,0.498,0.2329769877034458,0.011518510089255,0.331638842203548,0.3320103719916279,0.2335057311089106
graph_064_mu_0_3_node_303,55,0.1218855218855218,0.0029868432222304,0.4633580705009276,2.1581581581581584,0.0677522230098473,37.009,17.991,2.05717320261438,0.3271090909090908,0.1031628712055081,0.0217928764943462,0.1955364656381487,0.1961474904849936,0.2121988473977688
graph_064_mu_0_3_node_441,26,0.04,0.0010060709677945,0.4075887392900856,2.4534534534534536,0.014735073609021,15.79,10.21,1.5545000000000004,0.3926923076923078,0.0482716093117832,0.012953788662022,0.244593412203225,0.2449397635090405,0.0608507592934839
graph_064_mu_0_3_node_278,21,0.0952380952380952,0.0007592488423222,0.3973747016706443,2.5165165165165164,0.0124232252568135,13.433,7.567,1.8565244755244756,0.3603333333333333,0.0566220582208563,0.0093071672145149,0.2225762328513163,0.2228329008541315,0.0748695568034182
graph_064_mu_0_3_node_848,25,0.19,0.0007681172854026,0.4260127931769722,2.3473473473473474,0.0379485972597962,15.001,9.999,1.5002777777777778,0.39996,0.0573341083265926,0.0121120780844859,0.2499695121951219,0.2503086913306705,0.0860121274021697
graph_064_mu_0_3_node_293,30,0.160919540229885,0.0010953404312734,0.4181665969024696,2.391391391391392,0.0210150630479446,16.033,13.967,1.1484340659340655,0.4655666666666667,0.2652586114286256,0.0147620794553991,0.3034377890841813,0.3039115372234448,0.3037527707612625
graph_064_mu_0_3_node_369,30,0.0620689655172413,0.0012211975124014,0.4171189979123173,2.397397397397397,0.0176004291791982,17.033,12.967,1.3149055944055943,0.4322333333333335,0.0612767554575149,0.0164529062597792,0.2757426617455493,0.2761825354056826,0.0709620007048674
graph_064_mu_0_3_node_516,26,0.0553846153846153,0.0014528155376083,0.4234845273420941,2.3613613613613613,0.0159311401101339,12.964,13.036,0.9949761904761906,0.5013846153846153,0.1949982048492679,0.0139841269317232,0.3346052631578947,0.3350473545104342,0.1495856518411948
graph_064_mu_0_3_node_113,22,0.1645021645021645,0.0007477041979992,0.3884136858475894,2.5745745745745747,0.0100273375633032,10.05,11.95,0.8420666666666669,0.543181818181818,0.8327141393578131,0.0121475254382356,0.3729460784313725,0.3733512748749492,0.6960625811292587
graph_064_mu_0_3_node_694,27,0.0997150997150997,0.0010427426606677,0.4354838709677419,2.2962962962962963,0.0281495236562533,10.036,16.964,0.5922367647058823,0.6282962962962965,0.2728901444694691,0.0181278985234311,0.4581156084313981,0.4586907195992259,0.1447180228459992
graph_064_mu_0_3_node_783,44,0.135306553911205,0.0025855650843061,0.4389279437609842,2.2782782782782784,0.0242917909517648,25.182,18.818,1.3398607106000295,0.4276818181818181,0.4084851229660611,0.0197644728285457,0.2720653338075445,0.2727039142076601,0.5414245755312179
graph_064_mu_0_3_node_103,46,0.0454106280193236,0.0024805558699845,0.4443950177935943,2.25025025025025,0.0314233748279403,30.916,15.084,2.050962637362637,0.3279130434782609,0.0712777254652819,0.0191398338737145,0.1961313818315816,0.1966435150699649,0.1270209785362152
graph_064_mu_0_3_node_764,37,0.0795795795795795,0.0015288313015411,0.4319066147859922,2.315315315315315,0.0390163336278168,22.011,14.989,1.4686318681318675,0.405108108108108,0.0859526031844463,0.0181562899788273,0.2540080300083357,0.2545166322096414,0.1261954397292096
graph_064_mu_0_3_node_294,27,0.1139601139601139,0.0008043581193419,0.4160766347355268,2.4034034034034035,0.0211707137108534,17.886,9.114,1.96595,0.3375555555555555,0.0430673808141515,0.0115648285978946,0.2031114624505929,0.2034206906786872,0.0803111440145741
graph_064_mu_0_3_node_696,23,0.1106719367588932,0.0006187272992603,0.4188679245283019,2.3873873873873874,0.020667525866184,13.018,9.982,1.3046638888888893,0.4340000000000001,0.0610515973193292,0.0119347574457658,0.2771579737632368,0.2774965308206864,0.0795236003212203
graph_064_mu_0_3_node_543,29,0.0689655172413793,0.001217965250753,0.4326548289302728,2.3113113113113117,0.0210382977662167,17.018,11.982,1.4209507575757578,0.4131724137931034,0.0566150681539577,0.0152036214919098,0.2603931174838112,0.2607995907497144,0.0661864227643617
graph_064_mu_0_3_node_121,16,0.225,0.0002215928668326,0.390081999219055,2.563563563563564,0.0149957373604086,9.014,6.986,1.2913523809523813,0.436625,0.1326951039734579,0.0073835052640859,0.2793180626780628,0.2795549648497086,0.1708302943526629
graph_064_mu_0_3_node_304,16,0.075,0.000384321683954,0.390539483971853,2.5605605605605604,0.0096626216094899,5.007,10.993,0.4557373737373735,0.6870625,0.1644563948060556,0.0117917867752059,0.5233540372670809,0.5237266689101768,0.0449063783288058
graph_064_mu_0_3_node_263,33,0.1526881720430107,0.0014354086480206,0.4302325581395348,2.324324324324324,0.023758724492883,18.047,14.953,1.207752747252747,0.4531212121212119,0.448013955092954,0.0154895422732405,0.2929597626568769,0.2934670072827639,0.5096151308005362
graph_064_mu_0_3_node_774,29,0.1206896551724138,0.0009452969635761,0.4343478260869565,2.3023023023023024,0.0352043909546141,17.005,11.995,1.4178530303030303,0.4136206896551724,0.0687825464261592,0.014529703828687,0.2607376657415972,0.2611445795482075,0.0974939588140769
graph_064_mu_0_3_node_576,27,0.0968660968660968,0.0007953457952958,0.4347258485639687,2.3003003003003,0.021712809537211,19.008,7.992,2.378857142857143,0.296,0.0377566660611434,0.0101414212494494,0.1737132284921368,0.1739844197273351,0.0850430068353955
graph_064_mu_0_3_node_874,17,0.0571428571428571,0.0004824188264974,0.4029850746268656,2.4814814814814814,0.0125023146842996,6.078,10.922,0.5604282828282826,0.6424705882352941,0.214051324403717,0.0115452452758523,0.4737162854287143,0.4740865375573382,0.0983053387255429
graph_064_mu_0_3_node_160,18,0.0784313725490196,0.0004900684225123,0.395017793594306,2.5315315315315314,0.0119510052542589,6.036,11.964,0.5059863636363636,0.6646666666666665,0.1925883215709118,0.0127811083300531,0.4979778021978022,0.4983833626646334,0.0965168674185195
graph_064_mu_0_3_node_322,16,0.0583333333333333,0.0003672920029454,0.3789833080424886,2.6386386386386387,0.0090416721541585,4.062,11.938,0.3411919191919191,0.746125,0.2332725512501219,0.0125897074920815,0.5953540372670806,0.5957586626370339,0.0781001085344284
graph_064_mu_0_3_node_670,31,0.1397849462365591,0.0009015305167813,0.4443950177935943,2.25025025025025,0.0410294414110521,18.003,12.997,1.3852115384615382,0.4192580645161289,0.0745250464598169,0.0157436255381517,0.2652302040816326,0.2656711242452941,0.1032136756896211
graph_064_mu_0_3_node_524,26,0.1076923076923077,0.0009584978495273,0.423125794155019,2.3633633633633635,0.0220408957011303,14.04,11.96,1.1775300144300145,0.4600000000000001,0.1925818826099666,0.0127753292573737,0.2988081021707226,0.2992137470558296,0.2089804324194013
graph_064_mu_0_3_node_204,21,0.1520467836257309,0.0005258278477247,0.3810068649885583,2.6246246246246248,0.0092019852767476,12.002,8.998,1.3339166666666664,0.4284761904761904,0.497685930709863,0.0091715144075095,0.2726524064171121,0.2729575785937482,0.6083533509381568
graph_064_mu_0_3_node_85,23,0.2292490118577075,0.0005266823989796,0.4067589576547231,2.4584584584584586,0.0192369409745305,12.022,10.978,1.095822727272727,0.4773043478260871,0.2085231784164129,0.0116023808013622,0.3134940685045946,0.3138663688798453,0.2276912950534728
graph_064_mu_0_3_node_39,14,0.1868131868131868,0.0003495065247501,0.4015273311897106,2.4904904904904903,0.0114055954340685,7.015,6.985,1.006,0.4989285714285714,0.1514067893929789,0.0073370580886082,0.3324545454545454,0.3326913815829621,0.1515663315893378
graph_064_mu_0_3_node_159,41,0.0768292682926829,0.0021025098738533,0.4522408329560887,2.2112112112112112,0.0303153790635431,24.041,16.959,1.4184975490196077,0.4136341463414635,0.0801364041506205,0.0215185313338842,0.2607694372645207,0.2613449254555774,0.1087474342003204
graph_064_mu_0_3_node_555,21,0.0809523809523809,0.0005938518784769,0.4057676685621446,2.4644644644644647,0.014399205963754,13.02,7.98,1.63475,0.3800000000000001,0.0377099536114454,0.0101252614268092,0.2346168521462639,0.234887526157388,0.0473136702981804
graph_064_mu_0_3_node_346,26,0.1938461538461538,0.0008010804271622,0.436435124508519,2.2912912912912917,0.0423487685817227,17.001,8.999,1.88925,0.3461153846153846,0.0516002588974421,0.0109007407423586,0.2092748414376321,0.2095801510496535,0.0974798262604706
graph_064_mu_0_3_node_824,16,0.15,0.0003680562040394,0.3708240534521158,2.6966966966966965,0.0063645134883167,8.963,7.037,1.2754285714285716,0.4398125,0.1374362198260087,0.0074222001647486,0.2819856410256411,0.2822242713379669,0.1561663187637722
graph_064_mu_0_3_node_478,27,0.1025641025641025,0.0009839773477342,0.4420353982300884,2.2622622622622623,0.0285012563613297,12.005,14.995,0.8006428571428573,0.5553703703703703,0.0917024667078308,0.0179288820970948,0.3844423076923078,0.3849507681419886,0.0733935561788618
graph_064_mu_0_3_node_851,19,0.0467836257309941,0.0006377488457367,0.4047811993517017,2.4704704704704703,0.0134828411181252,7.024,11.976,0.587003787878788,0.6303157894736844,0.179262442555644,0.0128449808186411,0.4602609686609687,0.4606669631566111,0.0748397984590362
graph_064_mu_0_3_node_31,41,0.0475609756097561,0.0021930193625168,0.4422310756972111,2.2612612612612613,0.0270884325036155,25.033,15.967,1.568456087050205,0.3894390243902439,0.0754469154026767,0.0202599888030928,0.241819393802365,0.2423612741987061,0.0992304408292651
graph_064_mu_0_3_node_995,18,0.0980392156862745,0.0004310339776201,0.3951740506329114,2.5305305305305303,0.0130191656715748,11.017,6.983,1.579228571428572,0.3879444444444446,0.0329946662342832,0.0088606452673718,0.2406838709677418,0.2409207035866662,0.0519871529318621
graph_064_mu_0_3_node_738,42,0.1788617886178861,0.0019136650912719,0.4569990850869167,2.1881881881881884,0.0379551084298453,22.058,19.942,1.1075127192982457,0.4748095238095238,0.3789749028728221,0.0210753208627828,0.3113763934594816,0.3120529471272448,0.4177248386242845
graph_064_mu_0_3_node_915,15,0.0095238095238095,0.0003499471680281,0.3786959818043973,2.640640640640641,0.007788840629496,4.042,10.958,0.3702121212121211,0.730533333333333,0.1606318570651294,0.0118149078580968,0.5757338345864664,0.5761052557795434,0.0434279322856281
graph_064_mu_0_3_node_323,35,0.1243697478991596,0.0012223384385282,0.4485855410866636,2.229229229229229,0.0474638814763561,22.016,12.984,1.695897435897436,0.3709714285714286,0.0744552442900773,0.0157276277824439,0.227731397459165,0.2281719967176386,0.1262009143016184
graph_064_mu_0_3_node_412,21,0.1142857142857142,0.0007165603828087,0.3917647058823529,2.5525525525525525,0.0099671939081116,9.014,11.986,0.7525772727272727,0.5707619047619046,0.2341476576750811,0.0126406720172045,0.3993951979472142,0.3998015861493285,0.1757343796715148
graph_064_mu_0_3_node_406,20,0.0947368421052631,0.0004860451278351,0.398961661341853,2.5065065065065064,0.012962122020241,14.018,5.982,2.345333333333333,0.2990999999999999,0.0282685036865616,0.0075901388304939,0.1758655462184873,0.1760684775286273,0.0614212611881782
graph_064_mu_0_3_node_781,37,0.0990990990990991,0.0019248946478449,0.4172932330827067,2.3963963963963963,0.0186671016596725,20.053,16.947,1.1872469442322384,0.4580270270270271,0.3605064641610924,0.017812380275479,0.2971521342541306,0.2977270590928338,0.4244981549417671
graph_064_mu_0_3_node_405,65,0.0427884615384615,0.0051015716359047,0.4637883008356546,2.156156156156156,0.0388731300867285,40.034,24.966,1.6037681159420294,0.3840923076923078,0.1179531084650907,0.0316799717334351,0.2377000780915434,0.2385479667421363,0.1843107152004194
graph_064_mu_0_3_node_207,14,0.0439560439560439,0.0002831562821227,0.3833461243284727,2.6086086086086087,0.0111069675649748,5.949,8.051,0.74145,0.5750714285714285,0.0518474224478014,0.0095867303716095,0.4040222222222223,0.4042951726770254,0.0187121598155305
graph_064_mu_0_3_node_985,74,0.0877452795261014,0.0057236187480294,0.4784482758620689,2.09009009009009,0.0806773154033131,47.022,26.978,1.7432248234856929,0.3645675675675675,0.1547057223304842,0.0326784301042583,0.2229228169624711,0.2238394090409794,0.2695133403240692
graph_064_mu_0_3_node_344,36,0.0698412698412698,0.00163793495733,0.4354838709677419,2.2962962962962963,0.0242541527372315,21.898,14.102,1.5541868131868135,0.3917222222222223,0.0666349919560418,0.0178941668617378,0.2436073333538404,0.244085848536549,0.1033849711037712
graph_064_mu_0_3_node_308,17,0.125,0.0004047030904927,0.3799923925446938,2.6316316316316315,0.0096821088074907,8.064,8.936,0.9050119047619052,0.5256470588235294,0.1938079508622605,0.0093855410749789,0.3567057224257224,0.3570087112447282,0.1733889231610789
graph_064_mu_0_3_node_380,18,0.130718954248366,0.0004396295806619,0.4087561374795417,2.4464464464464464,0.016284053228438,10.008,7.992,1.252892857142857,0.4440000000000002,0.0488825739954159,0.0095553048435271,0.2853684729064038,0.2856394985808377,0.0611666581943176
graph_064_mu_0_3_node_318,43,0.0985603543743078,0.0026418224181344,0.4504057709648332,2.22022022022022,0.0294853892062617,24.057,18.943,1.2709876074991402,0.4405348837209302,0.304890537196593,0.0202412821337697,0.282530159347085,0.2831729300541779,0.3857700006579639
graph_064_mu_0_3_node_833,33,0.1117424242424242,0.0014545805574392,0.4261945392491467,2.3463463463463463,0.02514926801864,13.021,19.979,0.6520058823529413,0.6054242424242425,0.5983563511672791,0.0206973403897925,0.4341640417036381,0.4348414349677906,0.3891510904746522
graph_064_mu_0_3_node_914,24,0.2463768115942029,0.0006017806316751,0.4107730263157895,2.434434434434434,0.0203307972824682,14.023,9.977,1.4082666666666663,0.4157083333333334,0.1895712028677611,0.0105431583191026,0.2624430844553243,0.2627814949090663,0.2656066358859534
graph_064_mu_0_3_node_492,46,0.0946859903381642,0.002688790898024,0.4283876500857633,2.334334334334334,0.0221964513710998,29.066,16.934,1.7197340239739622,0.3681304347826087,0.2727284151874673,0.0180914448490428,0.2256450150161112,0.226219850753523,0.4661148327007764
graph_064_mu_0_3_node_732,32,0.0705645161290322,0.0012492631615284,0.4337820234476769,2.305305305305305,0.024506680762876,21.021,10.979,1.9155878787878795,0.34309375,0.0518722489982157,0.0139314465648021,0.2070824471126358,0.2074550087930439,0.0944948375317432
graph_064_mu_0_3_node_961,30,0.2045977011494253,0.0011565375380585,0.40056134723336,2.4964964964964964,0.0145655107194258,16.016,13.984,1.145721778221778,0.4661333333333334,0.6604839577878255,0.0143022197965125,0.3039129726821348,0.3043872966608765,0.7550416278264788
graph_064_mu_0_3_node_188,33,0.0643939393939393,0.0018507137679556,0.4319066147859922,2.315315315315315,0.0222859934026467,12.05,20.95,0.5754058897243108,0.6348484848484849,0.3134784191596622,0.0224723139901018,0.4650807045945113,0.4657909497210475,0.1795541888549563
graph_064_mu_0_3_node_604,19,0.1323529411764706,0.000364044313346,0.3789833080424886,2.6386386386386387,0.0100644263906212,12.028,6.972,1.7307825396825396,0.3669473684210524,0.1122200380031125,0.0074513509454272,0.2247914787474297,0.2250279544186522,0.1769822165669369
graph_064_mu_0_3_node_466,23,0.1581027667984189,0.000776412540865,0.4276541095890411,2.3383383383383385,0.0352014802470725,11.004,11.996,0.9173984848484846,0.5215652173913042,0.0687871383756779,0.0145309745011391,0.3527887021475255,0.3531954842524181,0.0630811156504799
graph_064_mu_0_3_node_157,25,0.07,0.0009382717296275,0.4302325581395348,2.324324324324324,0.0198427727026263,5.067,19.933,0.2550127923976608,0.7973200000000001,0.320884094041902,0.021295396301961,0.6632908647329899,0.6639663345672757,0.0803945604926059
graph_064_mu_0_3_node_983,23,0.0909090909090909,0.0008273171911753,0.4319066147859922,2.315315315315315,0.0214369033619767,11.0,12.0,0.9166666666666664,0.5217391304347825,0.0733831934845613,0.0143480400839603,0.3529411764705881,0.3533480940697746,0.0611526612371344
graph_064_mu_0_3_node_878,15,0.1714285714285714,0.000227935960257,0.379703534777651,2.6336336336336337,0.0087732679895524,7.026,7.974,0.886,0.5316000000000001,0.1696571203685798,0.0083806877541649,0.3622383838383838,0.3625087443255984,0.1486386186659613
graph_064_mu_0_3_node_997,21,0.0761904761904762,0.0004396380611023,0.4000800961153384,2.4994994994995,0.0138779304777428,13.013,7.987,1.630625,0.3803333333333334,0.0377389607661767,0.0101345330007542,0.2348470588235294,0.2351179701606288,0.0519797935930918
graph_064_mu_0_3_node_690,17,0.0367647058823529,0.0005133624781364,0.3824655436447167,2.6146146146146148,0.0095535951910126,2.065,14.935,0.1387718614718614,0.8785294117647061,0.318950338651675,0.0156818094345918,0.7837512585812355,0.784257344111377,0.0214227261795173
graph_064_mu_0_3_node_997,21,0.0761904761904762,0.0004396380611023,0.4000800961153384,2.4994994994995,0.0138779304777428,13.013,7.987,1.630625,0.3803333333333334,0.0377389607661767,0.0101345330007542,0.2348470588235294,0.2351179701606288,0.0519797935930918
graph_064_mu_0_3_node_446,13,0.2051282051282051,0.0001694734348064,0.4065934065934066,2.45945945945946,0.0145222821870367,7.023,5.977,1.1829166666666668,0.4597692307692309,0.1272302488837811,0.0062807034443049,0.2986948616600789,0.2988975270345677,0.1485544366702255
graph_064_mu_0_3_node_290,23,0.0790513833992094,0.0007246741139843,0.4102669404517454,2.437437437437437,0.0156500800467927,13.046,9.954,1.3118194444444449,0.4327826086956522,0.0470313465182375,0.0126305376894658,0.2761910067962699,0.2765286150558506,0.0614360475171403
graph_064_mu_0_3_node_64,32,0.1129032258064516,0.0013420299965167,0.4148671096345515,2.4104104104104103,0.0187177986691186,17.028,14.972,1.1382020646020643,0.467875,0.3244791530657248,0.0157266248829552,0.3054139997479398,0.3059218534577283,0.3680359523343902
graph_064_mu_0_3_node_330,28,0.0978835978835978,0.0010319293178451,0.4236641221374045,2.36036036036036,0.0193450391435247,18.012,9.988,1.8041575757575763,0.3567142857142856,0.0471886311482148,0.0126740252047175,0.2170871004214205,0.2174259756936412,0.0803215370110616
graph_064_mu_0_3_node_519,66,0.0648018648018648,0.0051916117459244,0.4659514925373134,2.146146146146146,0.0420486957063248,41.077,24.923,1.6488975155279506,0.3776212121212122,0.1177629489949367,0.0316241843080099,0.2327740117035496,0.2336205008444086,0.1939651821696166
graph_064_mu_0_3_node_12,22,0.1558441558441558,0.0006353753656045,0.4148671096345515,2.4104104104104103,0.0186219758900642,10.024,11.976,0.8380666666666668,0.544363636363636,0.2595685700175922,0.0125790401854565,0.3740449346405229,0.3744510116442887,0.2165635034534323
graph_064_mu_0_3_node_444,24,0.0434782608695652,0.000980287322338,0.4171189979123173,2.397397397397397,0.0186139269903788,3.52,20.48,0.1763153619342473,0.8533333333333333,0.4284479287159262,0.0216783486444807,0.7469709892127547,0.747664905770173,0.0054995498659555
graph_064_mu_0_3_node_752,24,0.0507246376811594,0.0008172839213125,0.4056029232643118,2.4654654654654653,0.0153016605540228,14.021,9.979,1.4060666666666666,0.4157916666666667,0.04715396138196,0.0126618777019279,0.2624890688259109,0.2628275471452396,0.0567010795105566
graph_064_mu_0_3_node_737,18,0.0718954248366013,0.0004995914591379,0.3906922174423152,2.55955955955956,0.0104651074058026,5.058,12.942,0.3922867132867134,0.7189999999999998,0.2084753443191023,0.0138250245851426,0.5616318840579708,0.5620705534357266,0.080548925571971
graph_064_mu_0_3_node_521,27,0.1652421652421652,0.0008538606163815,0.3965859468042874,2.521521521521521,0.013799255417767,15.016,11.984,1.2545642857142858,0.4438518518518519,0.3590381780918864,0.0124129194294974,0.2852654048079579,0.28567189056989,0.4489138099450153
graph_064_mu_0_3_node_749,22,0.0692640692640692,0.0007370312974977,0.4276541095890411,2.3383383383383385,0.018923592453832,12.019,9.981,1.2047666666666663,0.453681818181818,0.0471604523726915,0.0126647047176769,0.2934192343604108,0.2937577345636658,0.0425616215917559
graph_064_mu_0_3_node_923,15,0.0571428571428571,0.000333164526461,0.3899297423887587,2.5645645645645647,0.0105732855862491,9.017,5.983,1.5085,0.3988666666666667,0.02826696815947,0.0075919710617687,0.2491499999999999,0.2493528963866137,0.0188947651851984
graph_064_mu_0_3_node_428,29,0.1699507389162561,0.0008303343347868,0.4451871657754011,2.2462462462462462,0.042856566252771,15.001,13.999,1.071587912087912,0.4827241379310343,0.0802695060431946,0.0169574274529953,0.3181525252525252,0.3186273251888598,0.0860121274021697
graph_064_mu_0_3_node_252,22,0.1341991341991342,0.0005422593108467,0.4157303370786517,2.4054054054054053,0.0208261711107506,11.009,10.991,1.0018,0.4995909090909091,0.0672220253278571,0.0131411588313908,0.3329803921568626,0.3333531077171356,0.0673138293938386
graph_064_mu_0_3_node_300,24,0.1920289855072463,0.0006555373894381,0.4060975609756098,2.4624624624624625,0.0178697751189003,13.025,10.975,1.1878606060606065,0.4572916666666666,0.2085110494869096,0.0115985353903281,0.2964626764416238,0.2968349003928689,0.2466766966920918
graph_064_mu_0_3_node_331,42,0.0871080139372822,0.0024417738931775,0.450812274368231,2.2182182182182184,0.0309290276197063,24.014,17.986,1.3353098039215685,0.4282380952380953,0.1100040198158326,0.0215045836863323,0.2724629815350125,0.2730732979116863,0.1467810211154641
graph_064_mu_0_3_node_272,22,0.0952380952380952,0.0005431436637379,0.4185169669040637,2.3893893893893896,0.0195108319120017,11.01,10.99,1.002088888888889,0.4995454545454545,0.051918273912121,0.0139459408593768,0.3329456582633052,0.3333183399333423,0.0519738785955789
graph_064_mu_0_3_node_198,19,0.1461988304093567,0.0004849617320647,0.4106041923551171,2.4354354354354357,0.0182666210575196,11.01,7.99,1.3783928571428574,0.4205263157894735,0.0488658938751444,0.009553174171909,0.266258064516129,0.2665290408141264,0.0672984151657259
graph_064_mu_0_3_node_328,25,0.1433333333333333,0.000663524236234,0.4291237113402061,2.33033033033033,0.0362021199905025,15.004,9.996,1.501111111111111,0.3998400000000001,0.0573197208622051,0.0121082848280529,0.2498780487804878,0.2502171262453412,0.0860172556072979
graph_064_mu_0_3_node_188,33,0.0643939393939393,0.0018507137679556,0.4319066147859922,2.315315315315315,0.0222859934026467,12.05,20.95,0.5754058897243108,0.6348484848484849,0.3134784191596622,0.0224723139901018,0.4650807045945113,0.4657909497210475,0.1795541888549563
graph_064_mu_0_3_node_619,34,0.0499108734402852,0.0013433865177395,0.4215189873417722,2.3723723723723724,0.020798216565158,20.007,13.993,1.4298791208791204,0.4115588235294118,0.0661029092305665,0.0177568066766673,0.2590989898989898,0.2595737476265919,0.0755790607407938
graph_064_mu_0_3_node_643,16,0.1666666666666666,0.0003295189181701,0.3925343811394892,2.5475475475475475,0.010739769287574,8.015,7.985,1.0049142857142856,0.4990625,0.1696871024892543,0.0083957699152004,0.3325574928774928,0.3328282445885278,0.169834149582372
graph_064_mu_0_3_node_165,52,0.0927601809954751,0.0037434259049361,0.4426229508196721,2.259259259259259,0.0297209018402065,25.093,26.907,0.9343638752672322,0.5174423076923077,0.5722611324650538,0.0282850879572341,0.3491222737011651,0.3500350940313568,0.5306389531737977
graph_064_mu_0_3_node_349,25,0.13,0.0006665204330541,0.4445927903871829,2.249249249249249,0.0320074026019114,11.007,13.993,0.7866758241758244,0.5597200000000002,0.0661024853805759,0.017756850316992,0.3886261261261262,0.3891005940922759,0.0519648415474313
graph_064_mu_0_3_node_584,22,0.1558441558441558,0.0007305042756577,0.390081999219055,2.563563563563564,0.0102077114339775,11.011,10.989,1.0024222222222223,0.4995,0.3624409594053972,0.0113447800109741,0.3329131652661063,0.3332858130390134,0.3625252749287554
graph_064_mu_0_3_node_358,28,0.1613756613756613,0.0007296546066201,0.4249255635899617,2.353353353353353,0.0383305470707949,19.006,8.994,2.113555555555555,0.3212142857142858,0.0515760035190434,0.0108944298124465,0.1913414387031408,0.1916466202267807,0.1089630085673458
graph_064_mu_0_3_node_500,17,0.0735294117647058,0.0005134521881547,0.3967434471803018,2.5205205205205203,0.0110269365092634,5.077,11.923,0.4288095238095238,0.7013529411764704,0.1922202018384294,0.0127338392710562,0.5406134899721853,0.5410176345362177,0.0807582880477688
graph_064_mu_0_3_node_275,60,0.0846944948578342,0.0033548539509711,0.4734597156398104,2.112112112112112,0.0675537100446789,39.022,20.978,1.8603157894736848,0.3496333333333332,0.1202964528648933,0.0254108187443362,0.2118550255025501,0.2125675223415319,0.2180006634549857
graph_064_mu_0_3_node_107,25,0.0316205533596837,0.000800662090343,0.4034733441033926,2.4784784784784786,0.0134679232729982,15.902,9.098,1.751458333333334,0.3639200000000001,0.0429967855787638,0.0115440998851693,0.2225188734030198,0.2228275173500857,0.0703718055324269
graph_064_mu_0_3_node_741,33,0.1723484848484848,0.0008475720738804,0.4406704896338774,2.269269269269269,0.0504992344472601,23.002,9.998,2.300733333333333,0.302969696969697,0.0573292350322456,0.0121108224008653,0.1785300751879698,0.1788694046012515,0.1318877961297206
graph_064_mu_0_3_node_768,27,0.0797720797720797,0.0007933782247882,0.4183417085427136,2.3903903903903903,0.0197777366603174,17.013,9.987,1.7040499999999996,0.3698888888888888,0.0471845240652901,0.0126727164671661,0.2269205533596837,0.2272593717713537,0.0803107201645835
graph_064_mu_0_3_node_533,48,0.0673758865248227,0.0029368331378389,0.4625,2.1621621621621623,0.0320081419301575,28.033,19.967,1.4043748194014445,0.4159791666666667,0.0943370617560556,0.0253364918219219,0.2626223663079092,0.2633000428284383,0.1228876941510407
graph_064_mu_0_3_node_927,25,0.2133333333333333,0.0009471411422586,0.4164235097957482,2.4014014014014013,0.0204108493465509,12.034,12.966,0.930132575757576,0.5186399999999999,0.9031058409822932,0.0131778839120979,0.3502163477821374,0.3506560382690666,0.8340910234018809
graph_064_mu_0_3_node_850,26,0.0833333333333333,0.0010657181312481,0.3920722135007849,2.5505505505505504,0.0103702157253326,12.015,13.985,0.8595670995670996,0.5378846153846153,0.7740581338322027,0.0142521013658124,0.3679136499786049,0.3683878791275886,0.6084909682278223
graph_064_mu_0_3_node_716,29,0.0566502463054187,0.0013580168340019,0.4430155210643015,2.2572572572572573,0.0245341334127479,11.045,17.955,0.6154255718954246,0.6191379310344829,0.0848310014573206,0.0227833393034686,0.4484151554439133,0.449023884661522,0.0473977795158429
graph_064_mu_0_3_node_615,26,0.0646153846153846,0.0010512975509771,0.4065934065934066,2.45945945945946,0.0142106701615658,14.021,11.979,1.1709212121212125,0.4607307692307693,0.179297057088813,0.012848814228203,0.2993386759581881,0.2997449648910577,0.1944470282878622
graph_064_mu_0_3_node_913,19,0.1988304093567251,0.0005028833688744,0.413151364764268,2.4204204204204203,0.0307429786032891,11.007,7.993,1.377375,0.4206842105263156,0.0458362572105017,0.0096819048762928,0.2663806451612903,0.2666517231300186,0.0630829538748825
graph_064_mu_0_3_node_766,23,0.0434782608695652,0.0007269198805014,0.4100985221674877,2.4384384384384385,0.0164177596963027,10.025,12.975,0.7737717948717951,0.5641304347826086,0.0615436184585176,0.0164589383318584,0.3930369075369075,0.3934768431753567,0.0331889107005145
graph_064_mu_0_3_node_15,27,0.1168091168091168,0.0005464872701228,0.4126394052044609,2.4234234234234235,0.0331176995025918,17.003,9.997,1.7008999999999996,0.3702592592592592,0.0573248490673334,0.0121095270640777,0.227190909090909,0.2275300664646462,0.0974846995548176
graph_064_mu_0_3_node_666,31,0.1204301075268817,0.0007356619112405,0.4256497656582871,2.349349349349349,0.0381109887519703,21.009,9.991,2.103272222222223,0.3222903225806451,0.0572931515535625,0.0121021258521714,0.1921068913616084,0.1924459373722009,0.1204561807501026
graph_064_mu_0_3_node_63,19,0.0643274853801169,0.0005916007596766,0.3953304313415117,2.5295295295295297,0.0146595361058736,6.046,12.954,0.4675916666666667,0.6817894736842105,0.1938498536211415,0.0138944199391368,0.5173747985347984,0.5178139040867403,0.0753082120498248
graph_064_mu_0_3_node_489,22,0.2683982683982684,0.0002781496775377,0.4276541095890411,2.3383383383383385,0.0424306152879085,17.004,4.996,3.405866666666666,0.227090909090909,0.0286507286272339,0.0060515846698204,0.1280950594121325,0.1282645820351107,0.0974939588140769
graph_064_mu_0_3_node_885,21,0.0761904761904762,0.0005930898305924,0.3933070866141732,2.5425425425425425,0.0120632834877414,8.04,12.96,0.6209160839160839,0.6171428571428569,0.2085876201903955,0.0138474165860302,0.4463635150166851,0.4468028833458123,0.1285363399051871
graph_064_mu_0_3_node_14,36,0.0714285714285714,0.001934240305414,0.4317199654278306,2.3163163163163163,0.0255799795803771,19.018,16.982,1.1202563025210084,0.4717222222222222,0.1038709458022904,0.0203037659615451,0.308679802955665,0.3092558749687183,0.1162320472221051
graph_064_mu_0_3_node_493,20,0.0631578947368421,0.0004109267800669,0.4029850746268656,2.4814814814814814,0.0136481220671929,14.004,5.996,2.336333333333333,0.2997999999999999,0.0283272411423365,0.0076085128598411,0.1763380018674136,0.1765414078594125,0.0472453049404768
graph_064_mu_0_3_node_277,17,0.1029411764705882,0.0003477950740416,0.3956435643564356,2.5275275275275275,0.0115822570411703,5.945,11.055,0.5393401875901874,0.6502941176470588,0.2401802739650363,0.01160660221253,0.4821370142900579,0.4825117702540146,0.1083337783369558
graph_064_mu_0_3_node_517,40,0.1602564102564102,0.0016957900335724,0.4453856442264824,2.245245245245245,0.0537687965206183,26.005,13.995,1.8583150183150188,0.3498749999999999,0.0802481981143717,0.0169525146921302,0.2120318195120653,0.2125068383910457,0.1490852133630409
graph_064_mu_0_3_node_523,41,0.0414634146341463,0.0021989267112854,0.4473802060008957,2.235235235235235,0.027001094786808,21.012,19.988,1.0513533687159076,0.4875121951219514,0.0944270400961837,0.0253638735270436,0.3223320394981949,0.3230101052485926,0.0897731809529465
graph_064_mu_0_3_node_707,38,0.139402560455192,0.0020260472234608,0.4260127931769722,2.3473473473473474,0.0233441527359962,19.023,18.977,1.0028031045751633,0.4993947368421053,0.6259662204506476,0.0195916066882486,0.3328184297681666,0.3334621337970462,0.6261945891372537
graph_064_mu_0_3_node_903,16,0.0333333333333333,0.0003849990850609,0.4004008016032064,2.497497497497497,0.012699746341075,9.012,6.988,1.2902857142857147,0.43675,0.0330149133524101,0.0088673205423912,0.2794092307692309,0.2796462007351676,0.0189080395214816
graph_064_mu_0_3_node_776,33,0.0681818181818181,0.0016896851737347,0.4410596026490066,2.267267267267268,0.0250129604818343,18.916,14.084,1.3444505494505496,0.4267878787878786,0.0665619954059116,0.0178702230842749,0.2713398408226377,0.2718176487920898,0.0803951673406808
graph_064_mu_0_3_node_779,33,0.0606060606060606,0.0012652679184178,0.427105600684053,2.3413413413413413,0.0270922615315402,20.008,12.992,1.54023076923077,0.3936969696969696,0.0613736912725149,0.0164866170975003,0.2451002096436059,0.2455410201944799,0.0756049643426933
graph_064_mu_0_3_node_786,23,0.0869565217391304,0.0006715335109439,0.4037995149555375,2.4764764764764764,0.0139952798730033,15.017,7.983,1.882392857142857,0.347086956521739,0.0377173407094962,0.0101297406135349,0.2100033063427799,0.2102741188640381,0.0661875670018442
graph_064_mu_0_3_node_18,20,0.1503267973856209,0.0003919009005072,0.3782658084059068,2.643643643643644,0.0099226830119251,11.14,8.86,1.2611111111111108,0.4430000000000001,0.5019413926534347,0.0090855136135111,0.2846774193548387,0.2849778946137703,0.5626469187990336
graph_064_mu_0_3_node_822,39,0.136302294197031,0.0016259537995644,0.451627486437613,2.214214214214214,0.051218597184802,22.004,16.996,1.2946911764705882,0.4357948717948719,0.0974558981919956,0.0205877008649428,0.2786060285563194,0.2791826921642011,0.12615394670057
graph_064_mu_0_3_node_561,18,0.1568627450980392,0.0004875124437484,0.4094262295081967,2.4424424424424425,0.0165193809503673,8.018,9.982,0.8040928571428573,0.5545555555555555,0.2163337612048512,0.010485157626603,0.383724516862448,0.3840629590761152,0.1731989125580094
graph_064_mu_0_3_node_184,22,0.0952380952380952,0.0007607792678544,0.4106041923551171,2.4354354354354357,0.0177825231121603,8.03,13.97,0.5755909645909644,0.6350000000000001,0.2969156873271197,0.0146886553829534,0.4653125192012289,0.4657861118174744,0.1697751187894363
graph_064_mu_0_3_node_715,80,0.1075949367088607,0.0063093997503561,0.4851869839728023,2.061061061061061,0.0927256538332185,53.024,26.976,1.965790313390313,0.3372,0.1546887318770411,0.0326763536824076,0.202793381854793,0.2037102800431645,0.3040192224549983
graph_064_mu_0_3_node_233,28,0.0634920634920634,0.0011468619967989,0.4016887816646562,2.4894894894894897,0.0134689626410944,16.016,11.984,1.3367925407925405,0.428,0.1792969100833923,0.0128553207915441,0.2722773784355179,0.2726838919194295,0.2243461814737177
graph_064_mu_0_3_node_274,27,0.0911680911680911,0.0012095120592381,0.3996,2.5025025025025025,0.0145464159955173,12.931,14.069,0.9208297268907564,0.5210740740740739,0.2748520842477617,0.0148388688903098,0.3524921241163859,0.3529692294651288,0.2521304545251002
graph_064_mu_0_3_node_590,22,0.0735930735930736,0.0005016486369878,0.4004008016032064,2.497497497497497,0.0139940931039978,15.055,6.945,2.172714285714285,0.3156818181818182,0.0328219722691224,0.0088117738988131,0.1874760185286501,0.1877116270563699,0.0614491672730518
graph_064_mu_0_3_node_798,25,0.0833333333333333,0.0008184490376843,0.4164235097957482,2.4014014014014013,0.0272035458070248,13.021,11.979,1.087310606060606,0.4791600000000002,0.0686899579035706,0.0145103856280537,0.315080971659919,0.3154872330553293,0.0688205806141934
graph_064_mu_0_3_node_98,20,0.1052631578947368,0.0004510926582021,0.3991210547343188,2.5055055055055053,0.013690875949343,15.007,4.993,3.007,0.2496499999999999,0.0235908751702213,0.0063356322540236,0.1426349206349206,0.1428043185263595,0.0708745587782903
graph_064_mu_0_3_node_176,19,0.0760233918128654,0.0004905856865124,0.4052738336713996,2.4674674674674675,0.0147578178439381,7.048,11.952,0.5907414141414142,0.6290526315789475,0.1789963056266147,0.0128185302649664,0.459005501522743,0.4594106832384274,0.0898488676071488
graph_064_mu_0_3_node_51,22,0.2121212121212121,0.0005576071666125,0.3843786071565987,2.601601601601601,0.0113034177025446,13.015,8.985,1.4490277777777774,0.408409090909091,0.2692034026263246,0.0093077282055144,0.2566190476190476,0.2569237999241615,0.3890452081217109
graph_064_mu_0_3_node_47,28,0.1784615384615384,0.0009880029523548,0.4054383116883117,2.4664664664664664,0.0176568009244123,14.011,13.989,1.002034188034188,0.4996071428571429,0.6605288043979018,0.0143080243484342,0.3330054428500741,0.3334798718169585,0.6134781109584492
graph_064_mu_0_3_node_929,18,0.065359477124183,0.0004659010992543,0.378839590443686,2.63963963963964,0.0084249264977012,6.03,11.97,0.505,0.6649999999999999,0.6718577047780712,0.0122842527893591,0.4983333333333333,0.4987390969762486,0.3357639360532471
graph_064_mu_0_3_node_934,33,0.1496212121212121,0.0011337439421162,0.4343478260869565,2.3023023023023024,0.0456785228996991,20.002,12.998,1.538884615384616,0.3938787878787879,0.0745307833196971,0.0157448344272474,0.2452368972746332,0.2456779111667771,0.1146862478422691
graph_064_mu_0_3_node_152,71,0.0635814889336016,0.0068839449595165,0.4911504424778761,2.036036036036036,0.052491353776879,45.922,25.078,1.831897598617164,0.3532112676056338,0.1184972182828516,0.0318212746385626,0.2144988380173088,0.2153508675273712,0.2126811365853246
graph_064_mu_0_3_node_126,17,0.0735294117647058,0.0004545273150067,0.3869093725793958,2.5845845845845847,0.0092399092153828,5.02,11.98,0.4211742424242425,0.704705882352941,0.6634785672961099,0.0122060933577322,0.54432665160926,0.5447327262220452,0.2765359073685266
graph_064_mu_0_3_node_21,28,0.1428571428571428,0.0010427981472799,0.3951740506329114,2.5305305305305303,0.0128107130465822,16.886,11.114,1.5220850815850815,0.3969285714285715,0.2171329085115688,0.0117218455686285,0.2476971811134601,0.2480742159648667,0.3294100415777942
graph_064_mu_0_3_node_905,21,0.1047619047619047,0.0006141076265735,0.3986432561851556,2.5085085085085086,0.012929685978109,8.021,12.979,0.6183583916083915,0.6180476190476188,0.281222930331287,0.0136338580724536,0.4472807563959954,0.4477207680722034,0.1731697897436987
graph_064_mu_0_3_node_429,19,0.0818713450292397,0.000683451394138,0.380281690140845,2.6296296296296298,0.0086402079710599,9.08,9.92,0.9206228243978246,0.5221052631578946,0.1984153274913448,0.0104644059237188,0.3536751578179163,0.3540115221328739,0.178782138121933
graph_064_mu_0_3_node_261,46,0.1120507399577167,0.0025427250076581,0.4278372591006424,2.3373373373373374,0.0205555317905189,27.073,18.927,1.434428120211402,0.4114565217391303,0.402658391106519,0.0198938357425991,0.2590975129467367,0.2597398717407262,0.5522723042579738
graph_064_mu_0_3_node_883,15,0.0857142857142857,0.0003669225102268,0.3894736842105263,2.5675675675675675,0.0131840484244258,4.014,10.986,0.3658522727272726,0.7323999999999997,0.3623969952074133,0.0113407424951051,0.5779066985645935,0.5782790678968057,0.0989412939774217
graph_064_mu_0_3_node_194,22,0.2813852813852814,0.0003397361543555,0.411619283065513,2.4294294294294296,0.0229850067711385,13.013,8.987,1.4493333333333331,0.4085,0.1706646444425556,0.009498163483501,0.2567054302422723,0.2570102502657712,0.2466687285646017
graph_064_mu_0_3_node_493,20,0.0631578947368421,0.0004109267800669,0.4029850746268656,2.4814814814814814,0.0136481220671929,14.004,5.996,2.336333333333333,0.2997999999999999,0.0283272411423365,0.0076085128598411,0.1763380018674136,0.1765414078594125,0.0472453049404768
graph_064_mu_0_3_node_648,18,0.1895424836601307,0.0003984087523315,0.3799923925446938,2.6316316316316315,0.0100190714927032,11.026,6.974,1.5839000000000003,0.3874444444444446,0.1512343948814378,0.0073249501576818,0.2403218854282535,0.2405584129659899,0.2380856860823323
graph_064_mu_0_3_node_167,17,0.0808823529411764,0.0003715605355157,0.3983253588516746,2.5105105105105103,0.013991614682453,5.018,11.982,0.4190707070707071,0.7048235294117646,0.179329514045537,0.0128518757312646,0.5442611857707507,0.5446673283891039,0.0747800969664989
graph_064_mu_0_3_node_120,18,0.1176470588235294,0.0003834443602118,0.3896255850234009,2.5665665665665665,0.0153043917552856,6.31,11.69,0.5477000000000001,0.6494444444444444,0.667487032482827,0.0119783929899864,0.4822472527472528,0.4826435344019601,0.338681697325309
graph_064_mu_0_3_node_664,13,0.0128205128205128,0.000278587450983,0.3836405529953917,2.6066066066066065,0.008457006766878,7.776,5.224,1.5191626984126985,0.4018461538461539,0.0248960750571687,0.0066243094499278,0.2527843141333921,0.2529614594305902,0.0136096838584177
graph_064_mu_0_3_node_759,21,0.0333333333333333,0.0008188340888692,0.4097621000820344,2.4404404404404403,0.0137880325884965,5.056,15.944,0.3186653280542987,0.7592380952380954,0.2390091030117044,0.0170984495910124,0.6125230268199232,0.6130633936431259,0.0736379611441306
graph_064_mu_0_3_node_175,21,0.0619047619047619,0.0005077244332823,0.4018503620273532,2.4884884884884886,0.0134302168882133,13.012,7.988,1.6302083333333333,0.3803809523809525,0.0377436864967523,0.0101357536705718,0.2348825311942959,0.2351534764262359,0.047248562269467
graph_064_mu_0_3_node_427,14,0.1978021978021978,0.0001918144586394,0.4008828250401284,2.4944944944944947,0.0152615175076597,8.007,5.993,1.3365999999999998,0.4280714285714286,0.0366573371209323,0.007165217057658,0.2723399209486165,0.2725431425003592,0.0489563886110559
graph_064_mu_0_3_node_199,21,0.2666666666666666,0.0006058606406058,0.3928430987023201,2.5455455455455454,0.0124354602581524,12.016,8.984,1.3390416666666665,0.4278095238095238,0.625324871974366,0.0091316023913477,0.2721513368983956,0.2724560345679785,0.8339094832607732
graph_064_mu_0_3_node_240,33,0.0625,0.0013679092038828,0.4320934256055363,2.314314314314314,0.0237288134839121,19.024,13.976,1.3617912087912092,0.4235151515151514,0.0660299722731807,0.0177345900495179,0.2686638606676342,0.269138010142724,0.0803551547830889
graph_064_mu_0_3_node_577,20,0.0157894736842105,0.0005733036906104,0.3925343811394892,2.5475475475475475,0.0111435345681315,10.938,9.062,1.2104126984126982,0.4531000000000001,0.0428384294666028,0.0114973026099453,0.2930830889540567,0.2933904084444236,0.0277721020357362
graph_064_mu_0_3_node_508,20,0.2947368421052631,0.0002144240490206,0.4208087615838247,2.3763763763763763,0.0388542933350824,15.0,5.0,3.0,0.25,0.0286692471457524,0.0060566867106367,0.1428571428571428,0.1430267781412819,0.0860077414372574
graph_064_mu_0_3_node_708,29,0.1330049261083744,0.0011627138603956,0.4141791044776119,2.414414414414414,0.0190980178182768,15.014,13.986,1.0739731934731933,0.4822758620689653,0.4612912129450129,0.014438694533731,0.3177854829516254,0.3182598424782914,0.4943168664776352
graph_064_mu_0_3_node_888,24,0.1123188405797101,0.0007595215570765,0.4294926913155632,2.3283283283283285,0.0267150642629452,10.016,13.984,0.7164615384615384,0.5826666666666667,0.0660678603969766,0.0177446434409084,0.4111260504201681,0.4116001814484921,0.0425356725796571
graph_064_mu_0_3_node_892,41,0.073170731707317,0.0018392586915252,0.4418398938522777,2.2632632632632634,0.0290449311487213,26.91,14.09,1.9118287379287373,0.3436585365853659,0.0665920386979244,0.0178775873461885,0.2075150147926021,0.2079932855819586,0.1181470211800532
graph_064_mu_0_3_node_723,48,0.0345744680851063,0.0027406928906078,0.4420353982300884,2.2622622622622623,0.0285988071155432,32.902,15.098,2.1807158371040725,0.3145416666666666,0.0713470081355935,0.0191573253881296,0.1866410124047353,0.1871536898486131,0.132323916718617
graph_064_mu_0_3_node_613,26,0.1107692307692307,0.0006681316800276,0.4199243379571248,2.3813813813813813,0.0223885974464144,16.003,9.997,1.600866666666667,0.3845000000000001,0.0611386642799512,0.0119528816553545,0.2380088593576965,0.2383479937205465,0.0978582549365984
graph_064_mu_0_3_node_418,18,0.1176470588235294,0.0003093132744365,0.404126213592233,2.4744744744744747,0.0140998922354447,13.01,4.99,2.609000000000001,0.2772222222222221,0.0235781792643004,0.0063316992388251,0.1609274193548387,0.161096692534767,0.0567114530168815
graph_064_mu_0_3_node_971,19,0.1111111111111111,0.0003618925729341,0.4002403846153846,2.4984984984984986,0.0141300198177554,11.01,7.99,1.3783928571428574,0.4205263157894735,0.0377493294308499,0.0101387052344887,0.266258064516129,0.2665290408141264,0.0472771139025431
graph_064_mu_0_3_node_574,27,0.1082621082621082,0.0008402877996752,0.428204029147021,2.335335335335335,0.0258912037091692,14.002,12.998,1.0772692307692306,0.4814074074074075,0.0794868985283496,0.0155412917077354,0.3170104529616724,0.3174512873670369,0.0856252868119133
graph_064_mu_0_3_node_40,22,0.1948051948051948,0.0005901235006487,0.4036363636363636,2.477477477477477,0.0128913803271117,13.016,8.984,1.4504246031746029,0.4083636363636364,0.2964945338752319,0.0092735093884423,0.2566044435412856,0.2569091618802737,0.4284286763358851
graph_064_mu_0_3_node_361,25,0.13,0.0006326170861572,0.4148671096345515,2.4104104104104103,0.0299673576632239,15.01,9.99,1.5028472222222222,0.3996,0.0572861773881354,0.0121009590000174,0.2496965737514518,0.2500354478680157,0.0860464131164554
graph_064_mu_0_3_node_772,17,0.125,0.0004758562062028,0.3994402239104358,2.503503503503504,0.0151229625070639,9.004,7.996,1.1262142857142858,0.4703529411764706,0.0489033011146499,0.0095602806073132,0.3074985754985754,0.3077697183554326,0.0550422260312954
graph_064_mu_0_3_node_180,21,0.1523809523809524,0.0006389624921443,0.3948616600790514,2.5325325325325325,0.0151814716146033,10.084,10.916,0.925567424242424,0.5198095238095238,0.614712042553368,0.0111962208434583,0.3513112838537174,0.351681433500136,0.5601644695180912
graph_064_mu_0_3_node_999,30,0.057471264367816,0.001252266008098,0.4251063829787234,2.3523523523523524,0.0198354002762751,17.016,12.984,1.3109895104895106,0.4328000000000002,0.0613443940418246,0.0164755584324426,0.2761766608771168,0.2766171106319013,0.0614407410216985
graph_064_mu_0_3_node_684,33,0.115530303030303,0.001396085451107,0.4481830417227456,2.2312312312312312,0.0277937120043717,19.994,13.006,1.5375549450549455,0.3941212121212121,0.0614379989148544,0.0165045035011952,0.2454320270924045,0.2458733120050645,0.0943942177465096
graph_064_mu_0_3_node_678,30,0.0597701149425287,0.0010066100823678,0.4153846153846154,2.4074074074074074,0.0184159878947306,20.888,9.112,2.296,0.3037333333333333,0.0430598552658239,0.0115621387488752,0.1791058823529411,0.1794151057549076,0.0891843116967692
graph_064_mu_0_3_node_748,17,0.2205882352941176,0.0003362162839163,0.3821729150726855,2.6166166166166165,0.0106025994188984,10.012,6.988,1.4342380952380949,0.4110588235294118,0.2305905480960522,0.0072136323755504,0.2587350848385331,0.258972070842841,0.3295708171635798
graph_064_mu_0_3_node_3,38,0.0512091038406827,0.0020546751902638,0.4530612244897959,2.2072072072072078,0.0313152031826155,22.024,15.976,1.3788678571428572,0.4204210526315788,0.0754818250547911,0.0202720998944409,0.266170315529702,0.2667123905853054,0.0756321516135174
graph_064_mu_0_3_node_251,17,0.1397058823529411,0.0003550001534106,0.3860123647604327,2.5905905905905904,0.0107807534712727,7.018,9.982,0.7036361111111109,0.5871764705882353,0.3293368588710666,0.0103048228129977,0.4156684615384616,0.4160068808313189,0.2307019297448308
graph_064_mu_0_3_node_642,32,0.0705645161290322,0.0014053968828817,0.4311609840310746,2.319319319319319,0.0232952055472644,18.033,13.967,1.2918468198468198,0.43646875,0.0659957039852503,0.0177223653004826,0.2791823284669457,0.2796561408499977,0.0756605183791482
graph_064_mu_0_3_node_581,20,0.0421052631578947,0.0007179696152088,0.4129805704836709,2.4214214214214214,0.0150203782938253,6.017,13.983,0.4305434565434566,0.6991499999999998,0.2092674840568565,0.0149983982168847,0.5375183416838589,0.5379923102709571,0.0597692142870552
graph_064_mu_0_3_node_505,34,0.0570409982174688,0.0014986715665887,0.4220532319391635,2.369369369369369,0.0193431261884816,22.05,11.95,1.8476888888888885,0.351470588235294,0.0564714740270652,0.0151624218549999,0.2132393520329168,0.213644878390631,0.085162331604968
graph_064_mu_0_3_node_541,42,0.0720092915214866,0.0018758437463984,0.4436056838365897,2.254254254254254,0.0282878321509161,27.894,14.106,1.9789230769230768,0.3358571428571428,0.0666543174978124,0.0178991016731392,0.2018454378444581,0.2023242835664173,0.1270105109924913
graph_064_mu_0_3_node_211,14,0.0989010989010989,0.0002780338874677,0.3709617526921648,2.695695695695696,0.0064373806645178,6.982,7.018,0.99625,0.5012857142857142,0.14883730004632,0.0073836080532701,0.3345666666666666,0.3348046208976348,0.1273350817262547
graph_064_mu_0_3_node_396,48,0.1489361702127659,0.0021882113364472,0.4612188365650969,2.1681681681681684,0.0649431401366884,31.003,16.997,1.824134453781513,0.3541041666666666,0.0974622824008215,0.0205888488058022,0.2151454152516208,0.2157224651337807,0.177762490198402
graph_064_mu_0_3_node_258,29,0.1280788177339901,0.0010493772474341,0.4400881057268722,2.2722722722722724,0.0396199546391009,15.005,13.995,1.0722252747252747,0.4825862068965516,0.0802488943894922,0.0169524649606336,0.3180353535353535,0.3185100179843574,0.0860276108507438
graph_064_mu_0_3_node_273,58,0.1733766233766233,0.0029151646034698,0.4578368469294225,2.184184184184184,0.0411355924453587,35.041,22.959,1.527778710100641,0.3958448275862068,0.4360976260931493,0.0242632266841356,0.2467933870219734,0.2475729026013306,0.6452683783520233
graph_064_mu_0_3_node_572,20,0.065359477124183,0.000401337291934,0.3795592705167173,2.6346346346346348,0.009642233430581,9.0,11.0,0.8183737373737374,0.55,0.1768481490505354,0.0117490994984063,0.3793297314476402,0.3797027012635517,0.1286355683906299
graph_064_mu_0_3_node_409,61,0.1327868852459016,0.0031191240417021,0.4816779170684667,2.076076076076076,0.0801693495244575,40.015,20.985,1.906955764411028,0.344016393442623,0.1203289260951751,0.025419677246952,0.2077433866173597,0.2084561691440844,0.2294358890830049
graph_064_mu_0_3_node_787,24,0.0942028985507246,0.0011361289325122,0.4164235097957482,2.4014014014014013,0.0143166929583037,9.993,14.007,0.7138411588411586,0.583625,0.2735485804719189,0.0147731262135995,0.4121134419369714,0.4125883515883642,0.1948818716088318
graph_064_mu_0_3_node_683,34,0.1194295900178253,0.0015342127311205,0.4319066147859922,2.315315315315315,0.0237778247398343,14.031,19.969,0.7032518796992479,0.5873235294117647,0.3792485749390928,0.0211044584313648,0.4158127362055934,0.4164898368429646,0.2656505660552999
graph_064_mu_0_3_node_357,30,0.1632183908045977,0.0008776696347905,0.4366258741258741,2.29029029029029,0.042858079191368,19.014,10.986,1.7310909090909086,0.3661999999999998,0.0629991702571997,0.0133073841077814,0.2241469387755102,0.2245196871978553,0.1089967705137523
graph_064_mu_0_3_node_892,41,0.073170731707317,0.0018392586915252,0.4418398938522777,2.2632632632632634,0.0290449311487213,26.91,14.09,1.9118287379287373,0.3436585365853659,0.0665920386979244,0.0178775873461885,0.2075150147926021,0.2079932855819586,0.1181470211800532
graph_064_mu_0_3_node_468,19,0.1520467836257309,0.0004994229623357,0.3994402239104358,2.503503503503504,0.0135972340908686,9.053,9.947,0.9146194444444448,0.5235263157894736,0.211746607749083,0.0104539282979283,0.3547993394536497,0.3551366186808761,0.1910422604033891
graph_064_mu_0_3_node_796,46,0.0647342995169082,0.0023815740749432,0.4354838709677419,2.2962962962962963,0.0276839694466477,31.076,14.924,2.0847748584748587,0.3244347826086957,0.0705283521104603,0.0189356268627115,0.1936554899186627,0.1941621989348659,0.1419729903493881
graph_064_mu_0_3_node_970,27,0.0826210826210826,0.0009242866306798,0.3978494623655914,2.5135135135135136,0.0156256066560581,12.08,14.92,0.8128477022977024,0.5525925925925926,0.2404469082384322,0.0159378256951923,0.382023543444644,0.3825294636097068,0.1930795313416374
graph_064_mu_0_3_node_601,18,0.0457516339869281,0.0005151583786122,0.3936170212765957,2.5405405405405403,0.0103964880098411,7.019,10.981,0.639509090909091,0.6100555555555554,0.1643609962600942,0.0117782686935408,0.4389517948717951,0.4393240706667136,0.0749112097981745
graph_064_mu_0_3_node_82,75,0.1279279279279279,0.0065355355404196,0.4782192436572522,2.091091091091091,0.0485565306713269,42.093,32.907,1.2804066093458824,0.4387600000000001,0.6253287285189929,0.0347760784931884,0.2810752485643981,0.2821926808496354,0.7974354121631346
graph_064_mu_0_3_node_882,29,0.1009852216748768,0.0011118620504168,0.4347258485639687,2.3003003003003,0.0268870667962544,13.008,15.992,0.8134839285714286,0.551448275862069,0.0978051203092863,0.0191206592659897,0.3806969193597101,0.3812392052873323,0.0795173346142385
graph_064_mu_0_3_node_324,73,0.0684931506849315,0.0063931930168198,0.4802884615384615,2.0820820820820822,0.0522351276772317,42.016,30.984,1.3560946236559144,0.4244383561643837,0.189490268956745,0.0370459252894425,0.2693901049475261,0.2704423020781812,0.2569038954101713
graph_064_mu_0_3_node_893,15,0.0952380952380952,0.0004096023613908,0.3891702376314764,2.5695695695695697,0.0109267129706322,8.527,6.473,1.3816428571428572,0.4315333333333335,0.0481552268181619,0.0079647321234195,0.2795543478260869,0.2797738445463771,0.0406865776485055
graph_064_mu_0_3_node_498,28,0.1587301587301587,0.0011613837718038,0.4042897612302711,2.4734734734734736,0.0150440973104678,13.03,14.97,0.8720871794871798,0.5346428571428571,0.7075918842056229,0.0153078946700869,0.364954692302691,0.3654623402987318,0.6135902160499661
graph_064_mu_0_3_node_235,28,0.074074074074074,0.0008612662661453,0.4274711168164313,2.339339339339339,0.0207561705380889,14.013,13.987,1.002076923076923,0.4995357142857143,0.0660816459239573,0.0177484439712566,0.3329344608879491,0.3334088221640319,0.0567470024556482
graph_064_mu_0_3_node_842,23,0.1146245059288537,0.0005715294502611,0.4160766347355268,2.4034034034034035,0.0172800723632208,15.01,7.99,1.879244047619048,0.3473913043478259,0.0377498203986807,0.0101386054365378,0.2102174763832658,0.2104885262143685,0.0661597388134399
graph_064_mu_0_3_node_860,20,0.1368421052631579,0.0004561841745083,0.4112803622890078,2.431431431431432,0.0203570328557075,12.005,7.995,1.5017857142857145,0.39975,0.0488955660904684,0.0095591915252539,0.249810606060606,0.2500817702025684,0.0734000474171456
graph_064_mu_0_3_node_172,30,0.1011494252873563,0.001303691074836,0.4145228215767635,2.4124124124124124,0.0199625376994426,17.03,12.97,1.3142344322344324,0.4323333333333334,0.2086748471387662,0.0138597233126024,0.2758219298820361,0.2762619051921516,0.2730944940817532
graph_064_mu_0_3_node_412,21,0.1142857142857142,0.0007165603828087,0.3917647058823529,2.5525525525525525,0.0099671939081116,9.014,11.986,0.7525772727272727,0.5707619047619046,0.2341476576750811,0.0126406720172045,0.3993951979472142,0.3998015861493285,0.1757343796715148
graph_064_mu_0_3_node_316,29,0.1527093596059113,0.0009084664309242,0.4379658044717229,2.2832832832832834,0.0401618877695717,16.003,12.997,1.2313269230769228,0.4481724137931032,0.0745250464598169,0.0157436255381517,0.2888048309178743,0.2892456912572031,0.091752201020635
graph_064_mu_0_3_node_271,56,0.0922431865828092,0.0038124543271546,0.4362445414847161,2.2922922922922924,0.0258049620375786,35.026,20.974,1.6708331926071869,0.3745357142857142,0.4544818509438144,0.0220314398342974,0.2304344717822696,0.2311466392339434,0.7359465794678478
graph_064_mu_0_3_node_34,26,0.0707692307692307,0.0013421817410595,0.4265584970111016,2.344344344344344,0.0181660715405406,7.388,18.612,0.3999871412333048,0.7158461538461537,1.0584346635636197,0.0190686225096095,0.5584485492420586,0.5590793799709941,0.3968881941480339
graph_064_mu_0_3_node_133,26,0.0892307692307692,0.0007716090293065,0.4164235097957482,2.4014014014014013,0.0190592284048465,14.01,11.99,1.1686757575757576,0.4611538461538462,0.0566450094338698,0.0152145787624609,0.2996844367015097,0.3000910983142604,0.0661709642699201
graph_064_mu_0_3_node_742,20,0.1578947368421052,0.0005251273875614,0.4179916317991631,2.3923923923923924,0.0203271991936615,11.002,8.998,1.2228571428571426,0.4499000000000001,0.0550277332776722,0.0107585079948744,0.2902443792766373,0.2905495307476126,0.0672679273608479
graph_064_mu_0_3_node_645,29,0.0763546798029556,0.0011695241996536,0.437199124726477,2.287287287287288,0.0214355436349437,19.028,9.972,1.909827777777777,0.3438620689655173,0.0471237514144767,0.0126527574810197,0.2076527210884354,0.2079910769387238,0.0803798847928776
graph_064_mu_0_3_node_688,47,0.0786308973172988,0.0021624757331963,0.4438027543314082,2.253253253253253,0.031955249481408,33.034,13.966,2.3676791208791204,0.2971489361702128,0.065992616156501,0.017720915543205,0.1745189341567415,0.1749931951560864,0.1513137469752837
graph_064_mu_0_3_node_744,17,0.0220588235294117,0.0004305082262932,0.4112803622890078,2.431431431431432,0.0150959283674525,3.019,13.981,0.2162680097680097,0.8224117647058825,0.2088847714547051,0.0150031010163998,0.6985266666666665,0.6990004711631657,0.0
graph_064_mu_0_3_node_239,40,0.0794871794871794,0.0019620390763512,0.4469798657718121,2.2372372372372373,0.0331632219955245,20.016,19.984,1.0018190574475403,0.4996,0.1222263966296417,0.0238933017459078,0.3329912618669889,0.3336691461513941,0.1223598886674122
graph_064_mu_0_3_node_535,26,0.1231884057971014,0.0009299586065774,0.3992805755395683,2.5045045045045047,0.0132162565281434,11.051,14.949,0.7402415584415583,0.5749615384615383,1.0413822557881285,0.0151947087876106,0.4035706299367402,0.4040774982426005,0.695907063183842
graph_064_mu_0_3_node_537,27,0.2079772079772079,0.0011545537850153,0.4208087615838247,2.3763763763763763,0.0224954393506461,14.024,12.976,1.0823346153846156,0.4805925925925927,0.6132725384175824,0.0132691436654187,0.3163666455495723,0.316806734496368,0.6607196710564156
graph_064_mu_0_3_node_710,57,0.105050505050505,0.002904841723721,0.4610059990770651,2.169169169169169,0.0659564021639483,38.044,18.956,2.007372549019608,0.3325614035087718,0.1087018571955522,0.0229615563642919,0.1994505154639175,0.200094338454089,0.2123937108368753
graph_064_mu_0_3_node_470,33,0.1742424242424242,0.0010663794436239,0.455125284738041,2.1971971971971973,0.0498673789354474,21.007,11.993,1.75175,0.3634242424242423,0.0687701096711228,0.0145273515568343,0.2220666666666667,0.2224736231593465,0.1204469214908434
graph_064_mu_0_3_node_525,31,0.0709677419354838,0.0013473587831921,0.4171189979123173,2.397397397397397,0.0177707875529438,19.016,11.984,1.5877954545454542,0.3865806451612902,0.0566185024995857,0.0152068981377617,0.2396217864923748,0.240028382661026,0.0756448537968035
graph_064_mu_0_3_node_479,15,0.1904761904761904,0.0002897908447342,0.3779795686719637,2.645645645645646,0.0083177412216668,8.015,6.985,1.1490357142857135,0.4656666666666667,0.1484602622769288,0.0073440471332354,0.3035538461538462,0.3037906983507658,0.1697654569536875
graph_064_mu_0_3_node_566,24,0.1340579710144927,0.0006199824635742,0.4140074595938665,2.4154154154154157,0.0209971066250922,15.006,8.994,1.668666666666667,0.37475,0.0550080135408531,0.0107534849402833,0.2305846153846154,0.2308897140950645,0.0917443764710862
graph_064_mu_0_3_node_473,21,0.1285714285714285,0.0005650531815157,0.4044534412955465,2.4724724724724725,0.0145744736669809,8.033,12.967,0.6210384615384613,0.6174761904761903,0.4280237820021226,0.0133843561131589,0.4467922183293378,0.4472318234605599,0.2639429617990184
graph_064_mu_0_3_node_705,28,0.0634920634920634,0.0010100009329482,0.4249255635899617,2.353353353353353,0.0206586512873723,15.012,12.988,1.1559999999999997,0.4638571428571429,0.061359163076845,0.0164811199905577,0.301970401691332,0.3024109272366971,0.0661396462756846
graph_064_mu_0_3_node_82,75,0.1279279279279279,0.0065355355404196,0.4782192436572522,2.091091091091091,0.0485565306713269,42.093,32.907,1.2804066093458824,0.4387600000000001,0.6253287285189929,0.0347760784931884,0.2810752485643981,0.2821926808496354,0.7974354121631346
graph_064_mu_0_3_node_768,27,0.0797720797720797,0.0007933782247882,0.4183417085427136,2.3903903903903903,0.0197777366603174,17.013,9.987,1.7040499999999996,0.3698888888888888,0.0471845240652901,0.0126727164671661,0.2269205533596837,0.2272593717713537,0.0803107201645835
graph_064_mu_0_3_node_542,29,0.0738916256157635,0.0009281774008674,0.4153846153846154,2.4074074074074074,0.018757038273157,18.012,10.988,1.6395272727272727,0.3788965517241379,0.051913625967017,0.0139428974839206,0.2337340425531915,0.234106833468034,0.0803193155390959
graph_064_mu_0_3_node_558,21,0.1476190476190476,0.0007355239270901,0.4074225122349103,2.454454454454454,0.016605240010762,9.138,11.862,0.7738913752913752,0.5648571428571427,0.6698077255979208,0.0121646176607935,0.3939402467388008,0.3943424350490372,0.5042285206006479
graph_064_mu_0_3_node_262,14,0.1208791208791208,0.000315744111627,0.3789833080424886,2.6386386386386387,0.0077203440100699,5.009,8.991,0.5573055555555554,0.6422142857142857,0.1345088683710204,0.009644724741403,0.473021052631579,0.4733258428727065,0.0598188658468147
graph_064_mu_0_3_node_927,25,0.2133333333333333,0.0009471411422586,0.4164235097957482,2.4014014014014013,0.0204108493465509,12.034,12.966,0.930132575757576,0.5186399999999999,0.9031058409822932,0.0131778839120979,0.3502163477821374,0.3506560382690666,0.8340910234018809
graph_064_mu_0_3_node_765,22,0.1948051948051948,0.0003884807842971,0.4122988031366075,2.4254254254254253,0.0337224057524242,15.011,6.989,2.148619047619048,0.3176818181818182,0.0400781864390322,0.0084658264544693,0.1888449502133712,0.1890820505532221,0.0860665010022786
graph_064_mu_0_3_node_125,25,0.15,0.0008481561729722,0.3997599039615846,2.5015015015015014,0.0156616255535759,10.022,14.978,0.6702083333333332,0.5991199999999999,0.7076646411254387,0.0153173031461974,0.4277694235588973,0.4282772392569379,0.4719173375578694
graph_064_mu_0_3_node_59,22,0.1210526315789473,0.0005630735179198,0.3846746245668078,2.5995995995996,0.0103577483052318,12.019,9.981,1.2058142857142855,0.453681818181818,0.216358689631253,0.0104826605923756,0.2934492139198021,0.2937877140196035,0.2381685292531996
graph_064_mu_0_3_node_888,24,0.1123188405797101,0.0007595215570765,0.4294926913155632,2.3283283283283285,0.0267150642629452,10.016,13.984,0.7164615384615384,0.5826666666666667,0.0660678603969766,0.0177446434409084,0.4111260504201681,0.4116001814484921,0.0425356725796571
graph_064_mu_0_3_node_938,21,0.0809523809523809,0.0004197291158167,0.4150394682176984,2.4094094094094096,0.0171513001348298,13.016,7.984,1.63125,0.3801904761904762,0.0377263441163755,0.0101305722035453,0.2347333333333333,0.2350041430135151,0.0567002318105754
graph_064_mu_0_3_node_445,23,0.0988142292490118,0.000623158826649,0.425287356321839,2.3513513513513518,0.0227720904376805,13.012,9.988,1.3033222222222225,0.4342608695652175,0.0471876292510523,0.0126741752106846,0.2773706337916863,0.2777093941422735,0.0567170157655367
graph_064_mu_0_3_node_624,69,0.1447308909995477,0.0047153755923978,0.4650837988826816,2.15015015015015,0.0451563716094432,43.048,25.952,1.6593130769230768,0.3761159420289854,0.4927714156516113,0.0274302452368339,0.2316261611731443,0.2325076868176018,0.7972792563180681
graph_064_mu_0_3_node_917,29,0.2592592592592592,0.0008491776308287,0.3925343811394892,2.5475475475475475,0.0124494228739239,19.018,9.982,1.907180952380952,0.3442068965517243,0.4717381133109981,0.0102078128468076,0.2079039615846338,0.2082426563946239,0.8494542433548478
graph_064_mu_0_3_node_73,22,0.2631578947368421,0.0004365735530586,0.3791271347248577,2.6376376376376376,0.010060339579838,14.014,7.986,1.7562857142857142,0.363,0.3773918227513716,0.0081667700687151,0.2217701912438755,0.2220410870631879,0.6135024447480126
graph_064_mu_0_3_node_652,54,0.060796645702306,0.0034036262563763,0.456581352833638,2.19019019019019,0.0364316227020499,37.009,16.991,2.178257352941176,0.3146481481481482,0.0802660655578762,0.0215611277999303,0.1866970855231725,0.1872741671613857,0.1653504378342598
graph_064_mu_0_3_node_140,24,0.0869565217391304,0.0006090869152696,0.413151364764268,2.4204204204204203,0.0192677836079204,17.011,6.989,2.434857142857143,0.2912083333333333,0.0330212149068496,0.0088683972053563,0.1704250871080139,0.170662219626546,0.0708834301097395
graph_064_mu_0_3_node_24,35,0.0672268907563025,0.0015922819537459,0.4197478991596639,2.3823823823823824,0.0189643824327994,25.002,9.998,2.502056818181818,0.2856571428571428,0.047235974470991,0.0126865870042897,0.1666386336905612,0.1669780090665805,0.1133297849813461
graph_064_mu_0_3_node_803,38,0.1351351351351351,0.0017419406737179,0.4430155210643015,2.2572572572572573,0.0300747359358046,23.022,14.978,1.5376692307692312,0.3941578947368421,0.0916172734255888,0.0179075984136772,0.2454671108131248,0.2459753747147751,0.140721896623029
graph_064_mu_0_3_node_869,19,0.1403508771929824,0.0004642337735106,0.411619283065513,2.4294294294294296,0.0168688121285461,10.005,8.995,1.1125813492063492,0.473421052631579,0.0550117916760394,0.010754815571843,0.3101320726733408,0.3104371017914202,0.0611782646745159
graph_064_mu_0_3_node_181,42,0.1707317073170731,0.0019260789045157,0.4614318706697459,2.1671671671671677,0.0599311066392074,29.015,12.985,2.234905594405594,0.3091666666666666,0.0744639463051623,0.0157286727953801,0.182853013055502,0.1832938556264723,0.1662966295645037
graph_064_mu_0_3_node_211,14,0.0989010989010989,0.0002780338874677,0.3709617526921648,2.695695695695696,0.0064373806645178,6.982,7.018,0.99625,0.5012857142857142,0.14883730004632,0.0073836080532701,0.3345666666666666,0.3348046208976348,0.1273350817262547
graph_064_mu_0_3_node_857,15,0.1142857142857142,0.0004465830602028,0.3997599039615846,2.5015015015015014,0.0119941668770184,6.904,8.096,0.8551190476190477,0.5397333333333334,0.1582070078929297,0.0085388346083775,0.3698814229249011,0.3701559164395184,0.1171350219171326
graph_064_mu_0_3_node_102,35,0.1458333333333333,0.0011563362513986,0.4104354971240756,2.4364364364364364,0.0212662722438657,22.02,12.98,1.6979615384615383,0.370857142857143,0.2465207754692749,0.0137176428174736,0.2276634335981275,0.2281038971208992,0.3985045605155649
graph_064_mu_0_3_node_200,19,0.023391812865497,0.0006699465226133,0.4024979854955681,2.4844844844844847,0.0136010410177776,6.025,12.975,0.4651551365301365,0.6828947368421053,0.1942906940721993,0.0139163101525729,0.518681269101269,0.5191210855283943,0.0599909423366331
graph_064_mu_0_3_node_122,25,0.0833333333333333,0.000967011837633,0.439894319682959,2.273273273273273,0.0296733841846531,9.06,15.94,0.5692628205128205,0.6376000000000001,0.0753211706337062,0.0202254719597815,0.4681339278243304,0.4686743063396799,0.028409538187521
graph_064_mu_0_3_node_245,22,0.0389610389610389,0.0006150981608679,0.3919183993723029,2.5515515515515514,0.0136792411714173,10.016,11.984,0.8360000000000002,0.5447272727272725,0.1793360287035175,0.0128547617341506,0.3743333333333333,0.37473968142451,0.1495471646170369
graph_064_mu_0_3_node_411,18,0.3137254901960784,0.0001942037943861,0.4294926913155632,2.3283283283283285,0.0383531672291437,15.0,3.0,5.0,0.1666666666666666,0.0172015482874514,0.003634012026382,0.0909090909090909,0.0910108789863141,0.0860077414372574
graph_064_mu_0_3_node_401,21,0.2238095238095238,0.0005201600000938,0.389018691588785,2.5705705705705704,0.0109806511003956,13.013,7.987,1.63115,0.3803333333333334,0.2393227548815899,0.0082726344070667,0.2348526232114467,0.2351235345278435,0.3890759773524802
graph_064_mu_0_3_node_96,18,0.130718954248366,0.0005307224478567,0.3881118881118881,2.5765765765765765,0.0152714463723598,8.084,9.916,0.8232000000000002,0.5508888888888888,0.1979430527035373,0.0104589835702043,0.3805723738626965,0.380908579892294,0.1593158211731479
graph_064_mu_0_3_node_475,48,0.1409574468085106,0.0020056852076431,0.4616451016635859,2.166166166166166,0.06513921316418,31.005,16.995,1.8244117647058824,0.3540625,0.0974486160761345,0.0205865892878792,0.2151139240506328,0.2156909061639872,0.177776156523089
graph_064_mu_0_3_node_813,28,0.1481481481481481,0.0008161896040568,0.4358638743455497,2.294294294294294,0.0428327112925809,16.014,11.986,1.3363454545454545,0.4280714285714286,0.0687316157488567,0.0145187761362373,0.2723325428194992,0.2727391240769584,0.091816168267357
graph_064_mu_0_3_node_982,15,0.1904761904761904,0.0002714067513836,0.383199079401611,2.6096096096096097,0.0119238806007303,8.013,6.987,1.147642857142857,0.4658,0.1484704171133568,0.0073468128977128,0.303645652173913,0.3038825721743219,0.1697654569536875
graph_064_mu_0_3_node_113,22,0.1645021645021645,0.0007477041979992,0.3884136858475894,2.5745745745745747,0.0100273375633032,10.05,11.95,0.8420666666666669,0.543181818181818,0.8327141393578131,0.0121475254382356,0.3729460784313725,0.3733512748749492,0.6960625811292587
graph_064_mu_0_3_node_159,41,0.0768292682926829,0.0021025098738533,0.4522408329560887,2.2112112112112112,0.0303153790635431,24.041,16.959,1.4184975490196077,0.4136341463414635,0.0801364041506205,0.0215185313338842,0.2607694372645207,0.2613449254555774,0.1087474342003204
graph_064_mu_0_3_node_636,13,0.0512820512820512,0.0002748771575855,0.3717901004838109,2.68968968968969,0.0065042392508416,3.171,9.829,0.3254892857142856,0.7560769230769233,0.2128792124601755,0.0103262082022764,0.608846482628139,0.6091796290707115,0.064414180096087
graph_064_mu_0_3_node_936,14,0.1428571428571428,0.0002520239444176,0.3943939992104224,2.535535535535536,0.0099109677647576,6.033,7.967,0.7597999999999999,0.5690714285714285,0.1193933366907857,0.0085435418718916,0.3979083003952569,0.3981784054887404,0.0749006658034256
graph_064_mu_0_3_node_293,30,0.160919540229885,0.0010953404312734,0.4181665969024696,2.391391391391392,0.0210150630479446,16.033,13.967,1.1484340659340655,0.4655666666666667,0.2652586114286256,0.0147620794553991,0.3034377890841813,0.3039115372234448,0.3037527707612625
graph_064_mu_0_3_node_298,35,0.1553030303030303,0.0014677938325625,0.4309749784296807,2.32032032032032,0.0212009394099782,23.158,11.842,1.9593968531468533,0.338342857142857,0.2572916523206744,0.0124369899185425,0.2036746868920872,0.2040765797148671,0.4786095592065346
graph_064_mu_0_3_node_115,20,0.1736842105263158,0.0006531874250223,0.3988023952095808,2.5075075075075075,0.0147131791501941,10.019,9.981,1.0042777777777778,0.4990499999999999,0.1895332622079178,0.0105499746485172,0.332518817204301,0.3328572715004753,0.1898398673022213
graph_064_mu_0_3_node_925,25,0.07,0.0008333097665777,0.4174676138737986,2.3953953953953957,0.0167755930016513,13.011,11.989,1.0854545454545454,0.4795600000000001,0.0566393683365983,0.0152134476031815,0.31542004048583,0.3158266406387458,0.0614444394946209
graph_064_mu_0_3_node_898,25,0.0733333333333333,0.0006454688880418,0.4114497528830313,2.4304304304304303,0.0170076673198923,15.018,9.982,1.5059722222222225,0.3992800000000001,0.0471658849970445,0.0126658120103485,0.2494682451694647,0.2498068480882772,0.066199448785156
graph_064_mu_0_3_node_600,17,0.0735294117647058,0.0004381223779848,0.386609907120743,2.5865865865865865,0.0105295160768223,8.999,8.001,1.1248988095238095,0.4706470588235295,0.1196662687815415,0.0085832244587325,0.3077523646723646,0.3080236769367914,0.1046830152319258
graph_064_mu_0_3_node_150,30,0.0620689655172413,0.0013705317471998,0.4049452776651804,2.4694694694694697,0.0135947112108937,18.021,11.979,1.50513986013986,0.3993,0.1793261994627429,0.0128485515627563,0.2494737299174989,0.2498801290789513,0.2691427511031249
graph_064_mu_0_3_node_747,22,0.0995670995670995,0.0006606508012433,0.3867595818815331,2.5855855855855854,0.0099284435262765,11.044,10.956,1.0094555555555556,0.498,0.2329769877034458,0.011518510089255,0.331638842203548,0.3320103719916279,0.2335057311089106
graph_064_mu_0_3_node_163,24,0.1818181818181818,0.0007656608523781,0.3988023952095808,2.5075075075075075,0.0153528615218116,12.032,11.968,1.0067454545454546,0.4986666666666666,0.8335645391422624,0.0121640978435183,0.3322183025130393,0.3326241635936505,0.7647416343119509
graph_064_mu_0_3_node_642,32,0.0705645161290322,0.0014053968828817,0.4311609840310746,2.319319319319319,0.0232952055472644,18.033,13.967,1.2918468198468198,0.43646875,0.0659957039852503,0.0177223653004826,0.2791823284669457,0.2796561408499977,0.0756605183791482
graph_064_mu_0_3_node_746,30,0.1080459770114942,0.0010596068772402,0.4272882805816937,2.34034034034034,0.026258378664839,17.01,12.99,1.3096153846153848,0.4330000000000001,0.0794432471129675,0.0155314968275336,0.2763297872340425,0.2767704403163495,0.1039877095714088
graph_064_mu_0_3_node_991,18,0.196078431372549,0.0005551238262698,0.4090909090909091,2.4444444444444446,0.0148564923567865,10.026,7.974,1.2598142857142858,0.4430000000000001,0.1696109182833514,0.0083823972831337,0.2845997139679007,0.2848701295903245,0.2122800916323611
graph_064_mu_0_3_node_560,36,0.0873015873015873,0.0017159099507889,0.4463806970509383,2.24024024024024,0.0256222417780343,24.017,11.983,2.004774825174825,0.3328611111111111,0.0566172442838181,0.0152052157096096,0.1996675420591741,0.2000742423860779,0.1039394634763095
graph_064_mu_0_3_node_291,20,0.1421052631578947,0.0003464219774504,0.4150394682176984,2.4094094094094096,0.0173655301189204,14.007,5.993,2.338,0.2996499999999999,0.0283140871125524,0.0076046665415015,0.176235294117647,0.1764385983975283,0.0614360475171403
graph_064_mu_0_3_node_233,28,0.0634920634920634,0.0011468619967989,0.4016887816646562,2.4894894894894897,0.0134689626410944,16.016,11.984,1.3367925407925405,0.428,0.1792969100833923,0.0128553207915441,0.2722773784355179,0.2726838919194295,0.2243461814737177
graph_064_mu_0_3_node_992,24,0.0688405797101449,0.0008225228743236,0.436435124508519,2.2912912912912917,0.0202889004699371,12.028,11.972,1.0053454545454543,0.4988333333333333,0.0565698882733684,0.0151909236408045,0.3323376007586534,0.3327435974323838,0.0567053834389969
graph_064_mu_0_3_node_620,31,0.0960591133004926,0.0012508301465461,0.4243840271877655,2.3563563563563563,0.0186061515486255,16.044,14.956,1.0738697748330102,0.4824516129032259,0.2407488018822314,0.0159798303326804,0.3179760803698599,0.3184833576544872,0.2412549557345178
graph_064_mu_0_3_node_853,55,0.1643097643097643,0.0035496139501002,0.4588883785025264,2.179179179179179,0.0403637045032467,31.061,23.939,1.298445910973085,0.4352545454545455,0.4547986670049722,0.0253012588080632,0.2781961927101948,0.2790087352546755,0.5885522599000905
graph_064_mu_0_3_node_909,15,0.0857142857142857,0.0002669523145238,0.3942383583267561,2.5365365365365364,0.0132487604782755,4.024,10.976,0.3672943722943722,0.7317333333333331,0.1765904949481064,0.011727643473747,0.5771314154952601,0.577503446209807,0.0644113838602681
graph_064_mu_0_3_node_964,67,0.1194029850746268,0.0041714930062938,0.4763948497854077,2.099099099099099,0.0829238151767567,43.004,23.996,1.792152173913044,0.3581492537313434,0.1375925892852678,0.0290670757074301,0.2181379197379198,0.2189530569543268,0.2465753224678152
graph_064_mu_0_3_node_769,26,0.1169230769230769,0.0008701228014744,0.4285714285714285,2.333333333333333,0.0275131534194569,14.013,11.987,1.1693060606060608,0.4610384615384617,0.0733162325908082,0.0143318886967449,0.2995908246225318,0.2999973845921805,0.0856703239314408
graph_064_mu_0_3_node_660,43,0.1007751937984496,0.0023619650876871,0.4455842997323818,2.244244244244244,0.0321725556097001,25.02,17.98,1.3917871732026146,0.4181395348837208,0.1099696697497615,0.0214973343955188,0.2643419193764462,0.2649520739034192,0.1529405380647646
graph_064_mu_0_3_node_291,20,0.1421052631578947,0.0003464219774504,0.4150394682176984,2.4094094094094096,0.0173655301189204,14.007,5.993,2.338,0.2996499999999999,0.0283140871125524,0.0076046665415015,0.176235294117647,0.1764385983975283,0.0614360475171403
graph_064_mu_0_3_node_71,29,0.0492610837438423,0.0012477506302234,0.4023358840112767,2.4854854854854853,0.0142285776565657,13.029,15.971,0.8160559523809525,0.5507241379310346,0.239017266896527,0.0171311910765561,0.3800254203161181,0.3805669952109034,0.1646395085683967
graph_064_mu_0_3_node_99,33,0.115530303030303,0.0013646217694653,0.423125794155019,2.3633633633633635,0.0202086549871685,15.174,17.826,0.8527227591036416,0.540181818181818,0.3870412225869659,0.0187215339975186,0.3701617471604027,0.3707662741759817,0.3271130828823103
graph_064_mu_0_3_node_216,24,0.0978260869565217,0.0008252766665192,0.391304347826087,2.555555555555556,0.0125542739249271,8.023,15.977,0.5037,0.6657083333333332,0.8847083749388441,0.0162793019196361,0.4991013986013986,0.4996429925771678,0.4424865891257368
graph_064_mu_0_3_node_193,38,0.1809523809523809,0.0012229209907726,0.4445927903871829,2.249249249249249,0.052897038736523,27.007,10.993,2.457117171717172,0.2892894736842106,0.0630384141527052,0.0133158835557457,0.1691078175555787,0.1694810058205995,0.149114014725863
graph_064_mu_0_3_node_562,18,0.1699346405228758,0.0004116492530153,0.3851195065535852,2.5965965965965965,0.0103004551438134,12.02,5.98,2.012,0.3322222222222222,0.0962424188303753,0.006390265487015,0.1992258064516129,0.1994286424253166,0.1929188145546362
graph_064_mu_0_3_node_61,35,0.1966386554621848,0.0015260310582321,0.4326548289302728,2.3113113113113117,0.0268381087009151,19.043,15.957,1.194555944055944,0.4559142857142858,0.3031863191184245,0.0168639383279744,0.2953088639892833,0.2958501849453467,0.3606734248756001
graph_064_mu_0_3_node_804,21,0.0952380952380952,0.0008181607213862,0.4530612244897959,2.2072072072072078,0.0295872539423799,7.019,13.981,0.5022115384615384,0.6657619047619046,0.0660508870758456,0.0177410453051377,0.4990206896551724,0.4994946227032412,0.0283501159052877
graph_064_mu_0_3_node_673,14,0.0879120879120879,0.0003630896740599,0.3934619929105947,2.541541541541541,0.0117716416178611,5.023,8.977,0.5612722222222222,0.6412142857142857,0.1753417630486414,0.0094686756414339,0.472108187134503,0.4724125030522824,0.0977022705069978
graph_064_mu_0_3_node_254,28,0.1613756613756613,0.0009712497323103,0.4143508917461634,2.413413413413413,0.0187713587074377,13.033,14.967,0.87154358974359,0.5345357142857142,0.4485897879594025,0.0155038012892057,0.3648132487667371,0.3653207953954553,0.3892994972539703
graph_064_mu_0_3_node_512,29,0.1157635467980295,0.0013922262209369,0.4107730263157895,2.434434434434434,0.0150957117605649,15.034,13.966,1.0783474969474969,0.4815862068965515,0.2969264652150364,0.014681792768689,0.3172417542774686,0.3177154361261147,0.3184481693424874
graph_064_mu_0_3_node_228,40,0.0682788051209103,0.0017895990888646,0.4095940959409594,2.4414414414414414,0.0208799285648176,26.071,13.929,1.874034798534799,0.3482249999999999,0.2085752343904753,0.0149401600401305,0.2108586279830792,0.2113314093916611,0.3746587076159686
graph_064_mu_0_3_node_615,26,0.0646153846153846,0.0010512975509771,0.4065934065934066,2.45945945945946,0.0142106701615658,14.021,11.979,1.1709212121212125,0.4607307692307693,0.179297057088813,0.012848814228203,0.2993386759581881,0.2997449648910577,0.1944470282878622
graph_064_mu_0_3_node_227,20,0.1,0.0006619401597306,0.4121287128712871,2.4264264264264264,0.013597888177272,5.02,14.98,0.3353846153846153,0.749,0.8383195354613722,0.0153765851201152,0.5988148148148147,0.59932252626852,0.2795462670031704
graph_064_mu_0_3_node_245,22,0.0389610389610389,0.0006150981608679,0.3919183993723029,2.5515515515515514,0.0136792411714173,10.016,11.984,0.8360000000000002,0.5447272727272725,0.1793360287035175,0.0128547617341506,0.3743333333333333,0.37473968142451,0.1495471646170369
graph_064_mu_0_3_node_379,17,0.0955882352941176,0.000322508049026,0.3894736842105263,2.5675675675675675,0.0111093534930718,8.032,8.968,0.8976924603174606,0.5275294117647058,0.1444174758458754,0.0095798011685214,0.3583860724460725,0.3586901453714919,0.1285727140320586
graph_064_mu_0_3_node_687,25,0.0633333333333333,0.0008058768374259,0.41625,2.4024024024024024,0.0162802555698203,13.035,11.965,1.0903030303030306,0.4786000000000002,0.0565349172423452,0.0151821281550973,0.3146238191632928,0.3150296062264894,0.0567637693546824
graph_064_mu_0_3_node_333,27,0.0541310541310541,0.0009642328619935,0.4311609840310746,2.319319319319319,0.0212050896061254,14.049,12.951,1.085561188811189,0.4796666666666668,0.061190203855184,0.0164335873530373,0.3155438781298112,0.3159831204162854,0.051990084120178
graph_064_mu_0_3_node_709,32,0.0403225806451612,0.0015599424880427,0.4186923721709975,2.3883883883883885,0.0208704640632238,14.009,17.991,0.7792981080151361,0.56221875,0.269337788528005,0.0192968203059726,0.3911008392749637,0.3917109106759058,0.1640231420455796
graph_064_mu_0_3_node_247,28,0.1446153846153846,0.0009267043965338,0.4054383116883117,2.4664664664664664,0.0163268299812977,12.036,15.964,0.7552479020979022,0.570142857142857,1.1116412176555088,0.0162249776798989,0.3988508052733805,0.3993921061132031,0.7646312468342193
graph_064_mu_0_3_node_702,27,0.0598290598290598,0.0012826014997535,0.4164235097957482,2.4014014014014013,0.0174977110811121,12.034,14.966,0.8044554945054947,0.5542962962962962,0.0915387129851866,0.0178935751214762,0.3834450951487538,0.383952573620613,0.067340716114947
graph_064_mu_0_3_node_988,27,0.1452991452991453,0.0009783638016189,0.4358638743455497,2.294294294294294,0.0404044282759732,15.02,11.98,1.254418181818182,0.4437037037037039,0.0687007208945176,0.0145113536787674,0.2851271519178495,0.2855335022591493,0.0860595823326527
graph_064_mu_0_3_node_862,48,0.1232269503546099,0.0023805425991632,0.4627142195460861,2.161161161161161,0.0586851373788312,30.005,17.995,1.6674509803921571,0.3748958333333333,0.1031853616562338,0.0217977428702826,0.2306913339824732,0.2313022039891699,0.172024742133774
graph_064_mu_0_3_node_138,21,0.1333333333333333,0.0004859727815469,0.4307891332470893,2.3213213213213213,0.0242898671822878,10.006,10.994,0.910363636363636,0.5235238095238095,0.0672399334464814,0.0131447332477388,0.3545923753665689,0.3549651672520363,0.0611806551515008
graph_064_mu_0_3_node_62,38,0.1834992887624466,0.0017400196511278,0.430603448275862,2.3223223223223224,0.0239094570140624,23.03,14.97,1.5391098901098907,0.3939473684210526,0.2843348307429553,0.0158217479163703,0.2453063792148271,0.2458143720317115,0.4365459056749963
graph_064_mu_0_3_node_280,38,0.1806543385490754,0.0018003904435708,0.4167709637046308,2.3993993993994,0.0183055492102677,24.018,13.982,1.7188628815628817,0.3679473684210524,0.4188590121874099,0.0144831937874511,0.2254673911287716,0.2259419048042314,0.7182818412159819
graph_064_mu_0_3_node_567,20,0.0588235294117647,0.0005653451366989,0.3805714285714285,2.627627627627628,0.0093125616113614,9.036,10.964,0.8286240426240427,0.5481999999999999,0.2141679560832596,0.0115633767658505,0.3781075782455093,0.3784793277926684,0.1567270509806995
graph_064_mu_0_3_node_345,50,0.1428571428571428,0.0021921079997689,0.4597330878969167,2.175175175175175,0.0655761324760837,32.007,17.993,1.779007352941177,0.35986,0.1031752652654884,0.0217952371031636,0.2194107316743918,0.2200216168277897,0.1835120779869079
graph_064_mu_0_3_node_886,28,0.2275132275132275,0.0009170784857837,0.3911511354737666,2.5565565565565564,0.0132399927935186,16.021,11.979,1.3386363636363634,0.4278214285714286,0.5660652661303748,0.012250231820101,0.2721549967762732,0.2725613407331708,0.754992701977553
graph_064_mu_0_3_node_449,22,0.0606060606060606,0.000663701754443,0.4133223003723624,2.41941941941942,0.0185016876579633,9.013,12.987,0.6942948717948716,0.590318181818182,0.0794298185387853,0.0155276633949883,0.4187943548387095,0.419234667252658,0.048990770059197
graph_064_mu_0_3_node_734,22,0.0822510822510822,0.0010889964224615,0.4145228215767635,2.4124124124124124,0.0132880267577319,10.06,11.94,0.8440333333333334,0.5427272727272725,0.178861406143181,0.0128058779770643,0.3725514705882352,0.3729563282742262,0.1498026329373973
graph_064_mu_0_3_node_496,64,0.0808531746031746,0.0036507348566178,0.471004243281471,2.123123123123123,0.0690208885207332,43.016,20.984,2.050073182957393,0.327875,0.1203257478137615,0.0254183204566679,0.1960846615285439,0.1967975554444295,0.2466313563926107
graph_064_mu_0_3_node_852,239,0.0730529929199742,0.0476586998536375,0.5656851642129105,1.7677677677677677,0.2505634350694797,167.033,71.967,2.3210125434424724,0.3011171548117154,0.41266848556227,0.0871751624594779,0.1772446946613876,0.1797061228289117,0.9519876785755468
graph_064_mu_0_3_node_495,16,0.15,0.0003911003834339,0.3808616088448341,2.625625625625626,0.0098268393264065,7.014,8.986,0.7812063492063493,0.561625,0.1908616142194339,0.0094506884528848,0.3905159420289855,0.3908206041878741,0.1486123484860959
graph_064_mu_0_3_node_2,36,0.1126984126984127,0.0012666378253429,0.45,2.2222222222222223,0.0280288784996454,25.021,10.979,2.280036363636364,0.3049722222222221,0.0518787315929158,0.0139307372604181,0.1799317065800408,0.1803043694280575,0.1181657630963897
graph_064_mu_0_3_node_644,80,0.0936708860759493,0.0061599316056125,0.4885085574572127,2.047047047047047,0.0654028637582842,56.016,23.984,2.3357180500658763,0.2997999999999999,0.1466840414599849,0.0286762020726307,0.1763338124840542,0.177149263202187,0.3424975041702223
graph_064_mu_0_3_node_456,28,0.1243386243386243,0.0012026058391513,0.4119587628865979,2.4274274274274275,0.0182413683963532,13.029,14.971,0.8708769230769235,0.5346785714285713,0.4486288085013063,0.015508222263976,0.3649344608879493,0.365442143008607,0.3891936149010291
graph_064_mu_0_3_node_488,14,0.2087912087912088,0.0002323504659114,0.3730395817774458,2.680680680680681,0.0080789126754137,8.021,5.979,1.3496666666666666,0.4270714285714285,0.1272399107195299,0.0062832255124007,0.2716581818181817,0.271860928729369,0.1697654569536875
graph_064_mu_0_3_node_395,19,0.175438596491228,0.000410015831048,0.4358638743455497,2.294294294294294,0.0337887737065677,10.011,8.989,1.1140138888888886,0.4731052631578948,0.0515484180020468,0.0108883390199951,0.309864367816092,0.3101691936478734,0.0573477535507642
graph_064_mu_0_3_node_332,146,0.0523382144544166,0.0242286430133811,0.5252365930599369,1.903903903903904,0.0858797534232292,100.847,45.153,2.234219496299208,0.3092671232876713,0.2133720357551395,0.0572927619143039,0.1829285014233834,0.1844672753688625,0.4762803788466241
graph_064_mu_0_3_node_80,86,0.0685599541021227,0.0097796181573298,0.4805194805194805,2.081081081081081,0.045448564579117,52.04,33.96,1.535566465359873,0.3948837209302324,0.5467805911389896,0.0362774900508314,0.2460751964489726,0.2472291223470785,0.8188967221084668
graph_064_mu_0_3_node_669,19,0.087719298245614,0.0004674398192182,0.4013660104459622,2.4914914914914914,0.0144572780340729,9.001,9.999,0.9002111111111113,0.5262631578947369,0.0611477831883539,0.0119554422083317,0.3570960591133004,0.3574351002402365,0.0489221289897075
graph_064_mu_0_3_node_421,52,0.0980392156862745,0.0039274732918249,0.4489887640449438,2.2272272272272278,0.0295281177335394,30.05,21.95,1.3695607324519157,0.4221153846153847,0.4662795184101885,0.0230840444086813,0.2675381340328738,0.2682831649759062,0.6371390005869361
graph_064_mu_0_3_node_425,141,0.0883119591283495,0.0163093857438526,0.5233106338397067,1.9109109109109108,0.1551295816802015,96.033,44.967,2.135724025974026,0.3189148936170212,0.2578526022998001,0.054469181085839,0.1897089352196575,0.1912408790064273,0.544886317781269
graph_064_mu_0_3_node_9,124,0.0986316217314727,0.0128386054469738,0.5181535269709544,1.92992992992993,0.1430787633674843,86.029,37.971,2.2657711302633903,0.3062177419354839,0.217736784340638,0.0459947777054733,0.1807906478143819,0.1820836774196416,0.4875266954448727
graph_064_mu_0_3_node_173,18,0.1111111111111111,0.0004927355977471,0.3852680293096799,2.5955955955955954,0.0094152096323337,9.037,8.963,1.0096785714285714,0.4979444444444444,0.1905739717150248,0.0094240507930537,0.331591133004926,0.3318950572154981,0.1910589102036074
graph_064_mu_0_3_node_956,25,0.21,0.0009235898744283,0.4337820234476769,2.305305305305305,0.0409129021678962,13.003,11.997,1.0839015151515154,0.4798800000000002,0.0687925479256343,0.0145322017483325,0.3156882591093118,0.3160951302806426,0.0745536878031279
graph_064_mu_0_3_node_876,28,0.0767195767195767,0.0009302212274135,0.425287356321839,2.3513513513513518,0.0219659760243985,14.033,13.967,1.0053729603729602,0.4988214285714286,0.0659971720677932,0.0177221741982144,0.3323253934695794,0.3327990772997465,0.0520970015103508
graph_064_mu_0_3_node_952,51,0.0833333333333333,0.0036575648024943,0.4514234071396295,2.215215215215215,0.0263271825089556,30.117,20.883,1.447372656291077,0.4094705882352942,0.4445353812763886,0.0219475541677592,0.2575424013169682,0.2582512432065172,0.616498724684159
graph_064_mu_0_3_node_655,15,0.1238095238095238,0.0003638574382859,0.3805714285714285,2.627627627627628,0.0085469693974877,6.015,8.985,0.6706249999999998,0.5989999999999999,0.1947335517078613,0.0094369916409323,0.4276623376623377,0.4279669452416232,0.1298814831832746
graph_064_mu_0_3_node_57,18,0.0588235294117647,0.00047641477737,0.3940828402366864,2.537537537537537,0.0100698287851929,8.006,9.994,0.8021454545454546,0.5552222222222222,0.1496334100071047,0.0107186388161825,0.3843897435897437,0.3847285922106452,0.0745667680815238
graph_064_mu_0_3_node_502,25,0.2166666666666666,0.0007651698814975,0.3851195065535852,2.5965965965965965,0.0111870061869906,14.021,10.979,1.2794480519480522,0.4391600000000002,0.5189266180912032,0.0112267806046622,0.2814229278473464,0.2817953124509804,0.6606502323869767
graph_064_mu_0_3_node_337,19,0.0701754385964912,0.0003895303002539,0.4031476997578692,2.4804804804804803,0.015123797374023,10.001,8.999,1.111375,0.4736315789473685,0.0425099643377063,0.0114195951726145,0.3103011494252874,0.3106063140905505,0.0425164789956867
graph_064_mu_0_3_node_546,21,0.0857142857142857,0.0007550609671073,0.3929976396538159,2.5445445445445447,0.0120065811236857,8.003,12.997,0.6160898601398599,0.6189047619047617,0.2538399725019881,0.0137074747563632,0.4481729421579531,0.448613563272655,0.15603601928844
graph_064_mu_0_3_node_552,47,0.1794634597594819,0.0017284776936973,0.4576271186440678,2.185185185185185,0.0677097489037628,35.009,11.991,2.9200136363636355,0.255127659574468,0.0687608504118635,0.0145248005364261,0.1462178190112365,0.1466250946610379,0.2007300727582096
graph_064_mu_0_3_node_41,16,0.0916666666666666,0.0003652204510244,0.3855654187572366,2.5935935935935936,0.0137306164853045,4.049,11.951,0.3424069264069263,0.7469375,0.2383821108978418,0.0126060502541631,0.596830476190476,0.5972355411346887,0.0797549322120488
graph_064_mu_0_3_node_109,21,0.0904761904761904,0.0007445074468843,0.41625,2.4024024024024024,0.0169035972416081,10.039,10.961,0.917342424242424,0.521952380952381,0.1641923450384022,0.0117555252344168,0.3532398460410557,0.353611519962309,0.1497363850963783
graph_064_mu_0_3_node_400,21,0.1,0.0005110335633622,0.3994402239104358,2.503503503503504,0.0135038434592833,16.016,4.984,3.2168000000000005,0.2373333333333333,0.0235469923160238,0.0063243231247908,0.1346571834992887,0.1348262876459687,0.061407986851895
graph_064_mu_0_3_node_272,22,0.0952380952380952,0.0005431436637379,0.4185169669040637,2.3893893893893896,0.0195108319120017,11.01,10.99,1.002088888888889,0.4995454545454545,0.051918273912121,0.0139459408593768,0.3329456582633052,0.3333183399333423,0.0519738785955789
graph_064_mu_0_3_node_937,22,0.0692640692640692,0.0005711403620665,0.4052738336713996,2.4674674674674675,0.0161136664093373,9.982,12.018,0.8310544871794873,0.546272727272727,0.0567890983658175,0.0152499381348767,0.3758335253456221,0.376241024795019,0.0378143981846091
graph_064_mu_0_3_node_152,71,0.0635814889336016,0.0068839449595165,0.4911504424778761,2.036036036036036,0.052491353776879,45.922,25.078,1.831897598617164,0.3532112676056338,0.1184972182828516,0.0318212746385626,0.2144988380173088,0.2153508675273712,0.2126811365853246
graph_064_mu_0_3_node_397,20,0.1473684210526315,0.0006039250029261,0.3751408186256102,2.665665665665666,0.0071009862225164,8.993,11.007,0.8174444444444444,0.5503499999999999,0.6090971192755315,0.0112182977555296,0.379687377509402,0.3800605843525255,0.4969160754159667
graph_064_mu_0_3_node_257,17,0.0666666666666666,0.0003723055914658,0.3761295180722891,2.6586586586586587,0.0079772413106033,8.883,8.117,1.0980502164502164,0.4774705882352942,0.0542222209736808,0.0100760195486657,0.3138622779635822,0.3141375200948389,0.0494034809731391
graph_064_mu_0_3_node_512,29,0.1157635467980295,0.0013922262209369,0.4107730263157895,2.434434434434434,0.0150957117605649,15.034,13.966,1.0783474969474969,0.4815862068965515,0.2969264652150364,0.014681792768689,0.3172417542774686,0.3177154361261147,0.3184481693424874
graph_064_mu_0_3_node_699,29,0.0886699507389162,0.0009904608508776,0.4332176929748482,2.3083083083083085,0.0261335521735599,15.023,13.977,1.0751465201465198,0.4819655172413792,0.066037960936278,0.0177355219809855,0.3175106280193236,0.317984682761551,0.0662034042727505
graph_064_mu_0_3_node_414,27,0.1709401709401709,0.000947677196593,0.4171189979123173,2.397397397397397,0.0202760714831096,13.027,13.973,0.9342458791208792,0.5175185185185184,0.4611258527352153,0.0144232285732279,0.3491753976670201,0.349649252338864,0.4286099133632052
graph_064_mu_0_3_node_139,27,0.1139601139601139,0.0010251450841522,0.4148671096345515,2.4104104104104103,0.0164179322671319,13.027,13.973,0.9333375624375626,0.5175185185185184,0.3028820303537071,0.0146759074799452,0.349151907904914,0.3496257627009212,0.2814430317406001
graph_064_mu_0_3_node_77,126,0.0667453448728035,0.0161475639952111,0.5120451050743209,1.952952952952953,0.0832509242650577,85.041,40.959,2.0764210970672465,0.3250714285714285,0.2505099401637945,0.0489717879273642,0.1940831386010829,0.1954776829625845,0.5138983253003859
graph_064_mu_0_3_node_94,22,0.0822510822510822,0.0007617974838553,0.3893219017926734,2.5685685685685686,0.0106789007422662,9.017,12.983,0.6947897435897434,0.5901363636363638,0.4281707734403353,0.0134046439561718,0.418608633776091,0.4190488107600434,0.2967264835229447
graph_064_mu_0_3_node_297,26,0.2553846153846154,0.0006718333530863,0.4385425812115891,2.28028028028028,0.047374529026722,19.008,6.992,2.7194857142857147,0.2689230769230769,0.0400962216496768,0.0084693829570057,0.1553556583410422,0.1555929247797903,0.1089794775433237
graph_064_mu_0_3_node_315,20,0.0473684210526315,0.0005649451872644,0.4112803622890078,2.431431431431432,0.018419949150802,4.028,15.972,0.2525503663003663,0.7986000000000001,0.3394833743269947,0.0167870500840748,0.6648844118844117,0.6654256901564802,0.0849066166659493
graph_064_mu_0_3_node_658,31,0.1634408602150537,0.0009713057194081,0.4362445414847161,2.2922922922922924,0.0432605663464317,19.004,11.996,1.5843666666666665,0.3869677419354838,0.0687876746312874,0.0145309460647119,0.2399046153846155,0.2403116183048913,0.1089616576723778
graph_064_mu_0_3_node_89,21,0.1857142857142857,0.0005754467788619,0.3937721718565234,2.53953953953954,0.0127958920566856,11.017,9.983,1.1040833333333333,0.4753809523809524,0.2991209195830157,0.0103412271004422,0.3118285427807487,0.3121670877875508,0.3292557053465943
graph_064_mu_0_3_node_401,21,0.2238095238095238,0.0005201600000938,0.389018691588785,2.5705705705705704,0.0109806511003956,13.013,7.987,1.63115,0.3803333333333334,0.2393227548815899,0.0082726344070667,0.2348526232114467,0.2351235345278435,0.3890759773524802
graph_064_mu_0_3_node_743,19,0.0467836257309941,0.0005819475118121,0.4074225122349103,2.454454454454454,0.0128830009043233,6.046,12.954,0.4673034188034188,0.6817894736842105,0.1939192830886357,0.0138939442267847,0.5173349602122014,0.5177740658330311,0.0897282987702221
graph_064_mu_0_3_node_164,23,0.0869565217391304,0.000781006051875,0.4037995149555375,2.4764764764764764,0.0144486815423879,10.029,12.971,0.7740371794871796,0.5639565217391302,0.2086981643092282,0.0138588282432169,0.3927914438502673,0.393231244200971,0.1608077494187057
graph_064_mu_0_3_node_621,23,0.0434782608695652,0.0008519075963064,0.4075887392900856,2.4534534534534536,0.0138133954253923,7.075,15.925,0.4459259615384616,0.6923913043478259,0.2565678912516288,0.0170114327363568,0.5298632971076993,0.5304030943403132,0.1125134132460641
graph_064_mu_0_3_node_81,16,0.1166666666666666,0.0004008474083691,0.3986432561851556,2.5085085085085086,0.0174575105283009,7.022,8.978,0.782666666666667,0.561125,0.1344044295766895,0.0096300846036433,0.3900289855072464,0.3903333766889096,0.074961600887162
graph_064_mu_0_3_node_931,15,0.0476190476190476,0.0004189997852693,0.3943939992104224,2.535535535535536,0.0106320653270987,4.026,10.974,0.3676314935064934,0.7315999999999997,0.2132814530202943,0.011589154245248,0.5770013175230568,0.5773732804961719,0.0582429140563159
graph_064_mu_0_3_node_945,18,0.1699346405228758,0.0004254830750961,0.3830521472392638,2.6106106106106104,0.0123257928299402,8.166,9.834,0.8353500000000003,0.5463333333333332,0.5577834198148878,0.0100802090251375,0.3762161172161173,0.3765495458886907,0.4483584857738243
graph_064_mu_0_3_node_213,18,0.1241830065359477,0.0004611741942938,0.383493282149712,2.607607607607608,0.0094194212820186,8.092,9.908,0.8217954545454548,0.5504444444444443,0.1598325885834759,0.010581368263448,0.3801079853479854,0.3804439205291816,0.1288173662166734
graph_064_mu_0_3_node_744,17,0.0220588235294117,0.0004305082262932,0.4112803622890078,2.431431431431432,0.0150959283674525,3.019,13.981,0.2162680097680097,0.8224117647058825,0.2088847714547051,0.0150031010163998,0.6985266666666665,0.6990004711631657,0.0
graph_064_mu_0_3_node_29,26,0.1485507246376811,0.000680972028436,0.4029850746268656,2.4814814814814814,0.019358228364271,12.014,13.986,0.8593701298701298,0.537923076923077,0.2655223792177243,0.0147824238764687,0.367945357295678,0.3684196203233971,0.2087609560652459
graph_064_mu_0_3_node_549,30,0.1264367816091954,0.0010894865955324,0.4012048192771084,2.4924924924924925,0.0156804631291857,16.022,13.978,1.1471633366633365,0.4659333333333334,0.3029063363005466,0.0146821255675218,0.3037621001592127,0.3042362207966392,0.3463198507546636
graph_064_mu_0_3_node_482,26,0.1323076923076923,0.0008294414268065,0.430603448275862,2.3223223223223224,0.0323824550156431,12.004,13.996,0.8577380952380953,0.5383076923076924,0.0802545099240551,0.0169536675434915,0.3682824561403507,0.3687570578727088,0.0688211892689453
graph_064_mu_0_3_node_515,25,0.1766666666666666,0.0007162156173636,0.3928430987023201,2.5455455455455454,0.011413572929105,14.023,10.977,1.2797727272727275,0.4390800000000001,0.3623250983141933,0.0113308727704299,0.2813526209562794,0.2817249378208313,0.4614400925671321
graph_064_mu_0_3_node_771,25,0.1066666666666666,0.0006633963215517,0.4428191489361702,2.2582582582582584,0.028673888083024,13.007,11.993,1.084659090909091,0.4797200000000002,0.0733489809941191,0.0143392339272254,0.31555330634278,0.3159600420083508,0.0795138442236594
graph_064_mu_0_3_node_844,35,0.1260504201680672,0.0015595586692926,0.436054124836316,2.293293293293293,0.0446242503500474,20.02,14.98,1.3368012820512818,0.428,0.0859052583265751,0.0181451407795461,0.2722766732662376,0.2727849015100035,0.1147346162851845
graph_064_mu_0_3_node_243,21,0.1,0.0004997664137938,0.4320934256055363,2.314314314314314,0.0247158441122266,7.003,13.997,0.5003461538461538,0.6665238095238094,0.085599728774805,0.0167355616833413,0.4998448275862068,0.5003193022969357,0.0428208598231773
graph_064_mu_0_3_node_773,21,0.0666666666666666,0.0006749714053349,0.3879611650485436,2.5775775775775776,0.010086529515923,12.02,8.98,1.339983333333333,0.4276190476190477,0.1344658972745549,0.0096308463162246,0.2719954292527821,0.2722999913912947,0.1496644761249734
graph_064_mu_0_3_node_809,24,0.2028985507246377,0.0007181103541822,0.4215189873417722,2.3723723723723724,0.0362831822990853,16.004,7.996,2.001714285714286,0.3331666666666666,0.0458512533296412,0.0096856647857967,0.1998829268292683,0.2001541984689096,0.0917415908664078
graph_064_mu_0_3_node_701,42,0.1463414634146341,0.0018423014851041,0.4526506570004531,2.209209209209209,0.0581134004536137,26.002,15.998,1.62535,0.3809047619047619,0.0917323316071486,0.0193788464536294,0.2352583120204603,0.2358012798135259,0.1490800851579128
graph_064_mu_0_3_node_989,23,0.1146245059288537,0.0009752054557472,0.4317199654278306,2.3163163163163163,0.0197979088920249,8.033,14.967,0.537340909090909,0.6507391304347827,0.318096303535654,0.01573720585588,0.4824013422377751,0.4829087168104672,0.169841165774268
graph_064_mu_0_3_node_706,21,0.0428571428571428,0.0005904876667577,0.4121287128712871,2.4264264264264264,0.0155201852593169,11.009,9.991,1.1021,0.4757619047619048,0.0471983134551758,0.0126782979442605,0.3121420454545455,0.312480861523505,0.0378159244625916
graph_064_mu_0_3_node_578,81,0.0762345679012345,0.0074443655773444,0.4858949416342412,2.058058058058058,0.0527671851661538,55.03,25.97,2.119349280936455,0.3206172839506173,0.1588464821986887,0.031049913285305,0.1909182589261912,0.1918011142506091,0.336458215877199
graph_064_mu_0_3_node_448,20,0.3157894736842105,0.0003573649346626,0.4209860935524652,2.3753753753753752,0.0415780351480501,15.0,5.0,3.0,0.25,0.0286692471457524,0.0060566867106367,0.1428571428571428,0.1430267781412819,0.0860077414372574
graph_064_mu_0_3_node_30,17,0.019047619047619,0.0003763429103268,0.3776937618147448,2.647647647647648,0.0087629754835659,5.987,11.013,0.5446517676767674,0.6478235294117647,0.2178338075358682,0.011613182647182,0.4793375116188161,0.4797108455293296,0.098490942498803
graph_064_mu_0_3_node_356,23,0.0909090909090909,0.0009614108853028,0.427105600684053,2.3413413413413413,0.0188437980138515,8.103,14.897,0.5462739926739926,0.6476956521739131,0.2401567542010443,0.0159129519171289,0.4793430617848314,0.4798480662994112,0.1289891467803951
graph_064_mu_0_3_node_992,24,0.0688405797101449,0.0008225228743236,0.436435124508519,2.2912912912912917,0.0202889004699371,12.028,11.972,1.0053454545454543,0.4988333333333333,0.0565698882733684,0.0151909236408045,0.3323376007586534,0.3327435974323838,0.0567053834389969
graph_064_mu_0_3_node_477,27,0.0341880341880341,0.0010254340109844,0.4174676138737986,2.3953953953953957,0.0153367187907115,14.022,12.978,1.0808881118881115,0.4806666666666668,0.0613182460931908,0.016467833947537,0.3163905680252816,0.3168307249134424,0.047307691352405
graph_064_mu_0_3_node_153,16,0.0916666666666666,0.000420521796196,0.3804265041888804,2.6286286286286287,0.008705991750651,7.004,8.996,0.7786666666666667,0.56225,0.1345617182988704,0.0096502416345448,0.3910724637681159,0.3913774647260789,0.0897379141548375
graph_064_mu_0_3_node_807,23,0.067193675889328,0.0008924907234356,0.4049452776651804,2.4694694694694697,0.0129227968264355,14.058,8.942,1.5760912698412703,0.3887826086956522,0.0422621462947072,0.01134522043564,0.2413767844767845,0.2416800999462986,0.0614192123083753
graph_064_mu_0_3_node_966,22,0.0735930735930736,0.0005000710806303,0.4112803622890078,2.431431431431432,0.0175905689154182,11.007,10.993,1.0014,0.4996818181818181,0.0519328153008131,0.0139496598510621,0.3330588235294117,0.3334316068425803,0.0472369129629961
graph_064_mu_0_3_node_208,23,0.0869565217391304,0.0007642937841359,0.3923802042419481,2.5485485485485486,0.0121554304464038,11.013,11.987,0.920269272394272,0.5211739130434782,0.1793845071007106,0.0128570225561281,0.3524975373439769,0.3529040144091713,0.1645503982077643
graph_064_mu_0_3_node_480,22,0.2052631578947368,0.0004381596481979,0.3854166666666667,2.5945945945945947,0.0121658512061625,12.027,9.973,1.2076999999999996,0.4533181818181816,0.6946101148106537,0.0101369375941141,0.2931467885399774,0.2934850175937262,0.7647129131258016
graph_064_mu_0_3_node_778,29,0.1396011396011396,0.0010286406730164,0.4054383116883117,2.4664664664664664,0.0146185215647975,14.024,14.976,0.9380710622710624,0.5164137931034485,0.4941597036442097,0.0154591849352455,0.348160510659514,0.3486683963254837,0.4285651137807096
graph_064_mu_0_3_node_879,35,0.0789915966386554,0.00141455755536,0.4461813309513175,2.241241241241241,0.0306724137597981,18.012,16.988,1.0603676470588237,0.4853714285714286,0.0802541421401348,0.0215570812591987,0.3204612159329141,0.3210374521372489,0.0803350611268011
graph_064_mu_0_3_node_11,34,0.0748663101604278,0.0013381645316198,0.4322803980960623,2.313313313313313,0.0249466591724503,22.024,11.976,1.839594405594405,0.352235294117647,0.0565784223788559,0.0151968639520697,0.2137759854180907,0.2141823932663541,0.0945073940513856
graph_064_mu_0_3_node_843,33,0.1591397849462365,0.0011017427224881,0.4084219133278822,2.448448448448449,0.0170266301424981,20.025,12.975,1.5460208791208798,0.3931818181818181,0.4282576350259414,0.0133929215781608,0.2447390401571566,0.2451792743443358,0.6262850134596804
graph_064_mu_0_3_node_84,28,0.0714285714285714,0.0010338501866097,0.440864960282436,2.2682682682682684,0.0278374276873441,18.024,9.976,1.8079333333333336,0.3562857142857141,0.047142684671676,0.0126577719673469,0.2167761332099908,0.2171146017167143,0.0803691913699309
graph_064_mu_0_3_node_640,25,0.2055335968379446,0.0007608668721224,0.390234375,2.5625625625625625,0.0121696607398499,14.013,10.987,1.2760732323232329,0.4394800000000002,0.518920379186334,0.0112374707847034,0.2816453363709461,0.2820179921999254,0.6135302122415335
graph_064_mu_0_3_node_469,16,0.075,0.0004691874698339,0.3765548435733132,2.655655655655656,0.0074664295843149,7.766,8.234,0.9533402597402596,0.514625,0.056461732270777,0.0102005489623902,0.3475310822510822,0.3478102685188197,0.0388604238859187
graph_064_mu_0_3_node_407,29,0.1625615763546798,0.0010925048585668,0.4054383116883117,2.4664664664664664,0.0154158202246473,16.018,12.982,1.2346730769230765,0.4476551724137929,0.3888903732434626,0.0134481887268598,0.2884020531400965,0.2888424051950635,0.4789609858475127
graph_064_mu_0_3_node_184,22,0.0952380952380952,0.0007607792678544,0.4106041923551171,2.4354354354354357,0.0177825231121603,8.03,13.97,0.5755909645909644,0.6350000000000001,0.2969156873271197,0.0146886553829534,0.4653125192012289,0.4657861118174744,0.1697751187894363
graph_064_mu_0_3_node_60,16,0.0666666666666666,0.0003371483533775,0.396271320904403,2.523523523523524,0.0116028626292735,7.022,8.978,0.7831428571428574,0.561125,0.1444650423902541,0.009592552366092,0.3900609141583054,0.3903653052917178,0.0804502145172058
graph_064_mu_0_3_node_476,20,0.0526315789473684,0.0005189549852216,0.4000800961153384,2.4994994994995,0.0143009515023186,10.01,9.99,1.0022222222222223,0.4995,0.0471938929284229,0.0126770084088616,0.3329032258064516,0.3332419850182716,0.0283421477777977
graph_064_mu_0_3_node_351,68,0.0671641791044776,0.0058609359595674,0.4779904306220096,2.092092092092092,0.0494189586631682,41.015,26.985,1.5200102564102569,0.3968382352941176,0.1650358022397745,0.0322644030898189,0.2475373021061094,0.248453757827719,0.2507882972155565
graph_064_mu_0_3_node_435,33,0.1515151515151515,0.0015386360367349,0.4424269264836138,2.26026026026026,0.0274973087885311,16.022,16.978,0.9440466386554622,0.5144848484848488,0.3223302266921636,0.0179451940320121,0.3463586776248962,0.3469344969696443,0.3036126620107214
graph_064_mu_0_3_node_758,26,0.083076923076923,0.0008536198969564,0.4136645962732919,2.417417417417417,0.0184717315034648,16.891,9.109,1.8577198412698412,0.3503461538461538,0.0430503535188213,0.0115577770269496,0.2124459008691566,0.2127549386386646,0.0755855753987743
graph_064_mu_0_3_node_598,25,0.1466666666666666,0.0007510852557864,0.4414494034467521,2.265265265265265,0.0308231815503842,14.003,10.997,1.273409090909091,0.4398800000000001,0.0672510734282636,0.0131487204419271,0.2819551282051282,0.2823281229157383,0.0856305796645725
graph_064_mu_0_3_node_447,22,0.0389610389610389,0.0007543912979788,0.4046172539489672,2.4714714714714714,0.0139080326520526,10.896,11.104,0.9827333333333332,0.5047272727272726,0.052476358646254,0.0140892951266524,0.3376715686274509,0.3380481114957694,0.0377974984978869
graph_064_mu_0_3_node_528,38,0.1849217638691322,0.0011330417859356,0.4489887640449438,2.2272272272272278,0.0583167333050658,26.003,11.997,2.1675303030303037,0.3157105263157895,0.0687925479256343,0.0145322017483325,0.1874451923076923,0.1878524225643396,0.1490937303820843
graph_064_mu_0_3_node_221,47,0.0555041628122109,0.0027326759077232,0.4512195121951219,2.216216216216216,0.0291983772447442,29.921,17.079,1.7532372899159667,0.3633829787234043,0.08071091828297,0.0216706787142148,0.222061655982259,0.2226414451149934,0.1275754178358881
graph_064_mu_0_3_node_317,27,0.0997150997150997,0.0010592052697897,0.4362445414847161,2.2922922922922924,0.0277164525116156,10.013,16.987,0.5895947478991596,0.6291481481481482,0.1038924008850968,0.0203102575563477,0.4589698708830289,0.4595457606393153,0.0550941556371522
graph_064_mu_0_3_node_708,29,0.1330049261083744,0.0011627138603956,0.4141791044776119,2.414414414414414,0.0190980178182768,15.014,13.986,1.0739731934731933,0.4822758620689653,0.4612912129450129,0.014438694533731,0.3177854829516254,0.3182598424782914,0.4943168664776352
graph_064_mu_0_3_node_559,29,0.2118226600985221,0.000876755277503,0.4186923721709975,2.3883883883883885,0.0239934979206518,16.031,12.969,1.237039044289044,0.4472068965517239,0.2463916653610592,0.0137064827722285,0.2880381745297563,0.288478086161283,0.3036515933165679
graph_064_mu_0_3_node_178,29,0.0911330049261083,0.000991717562554,0.4242038216560509,2.3573573573573574,0.0221596195719842,18.015,10.985,1.640537878787879,0.3787931034482759,0.0518977363574947,0.0139392270911916,0.2336611807535226,0.2340338699631986,0.0803340469533402
graph_064_mu_0_3_node_0,24,0.1385281385281385,0.0005401760099889,0.3911511354737666,2.5565565565565564,0.0147658761200331,14.01,9.99,1.4029999999999996,0.41625,0.2991717171514603,0.0103494442653862,0.2628421052631579,0.2631809563635655,0.3891241883344857
graph_064_mu_0_3_node_612,45,0.1262626262626262,0.0024964912475804,0.4406704896338774,2.269269269269269,0.0277548089435119,21.054,23.946,0.8804610846314811,0.5321333333333333,0.7178198464815879,0.0248016511220177,0.36260005280899,0.363412280732447,0.6286724728443728
graph_064_mu_0_3_node_463,26,0.1969230769230769,0.000635369656861,0.4234845273420941,2.3613613613613613,0.0370293927165824,18.003,7.997,2.251392857142857,0.3075769230769229,0.0458564079688164,0.0096869054805858,0.1817393939393939,0.18201073630292,0.103214417929837
graph_064_mu_0_3_node_853,55,0.1643097643097643,0.0035496139501002,0.4588883785025264,2.179179179179179,0.0403637045032467,31.061,23.939,1.298445910973085,0.4352545454545455,0.4547986670049722,0.0253012588080632,0.2781961927101948,0.2790087352546755,0.5885522599000905
graph_064_mu_0_3_node_74,18,0.130718954248366,0.0003921652253084,0.4033104561970125,2.47947947947948,0.0142877624566436,7.054,10.946,0.6475012987012988,0.6081111111111108,0.2329624589504196,0.0115045509698822,0.4371918656056588,0.4375629557222319,0.1489074008090125
graph_064_mu_0_3_node_415,39,0.136302294197031,0.001515326517733,0.4457831325301205,2.2432432432432434,0.0524070122389823,23.004,15.996,1.438225,0.4101538461538462,0.0917233047665428,0.01937626922765,0.2579864823348693,0.2585292717986794,0.1318924370054141
graph_064_mu_0_3_node_770,68,0.0539947322212467,0.0057909803870305,0.4696755994358251,2.129129129129129,0.0370990226710566,44.89,23.11,1.943174963297572,0.3398529411764705,0.1091919695091699,0.0293246843008168,0.204725260102306,0.2055104239415643,0.2119489281451798
graph_064_mu_0_3_node_190,24,0.0434782608695652,0.0007851002194743,0.389018691588785,2.5705705705705704,0.0110286431608178,10.086,13.914,0.7263164835164834,0.57975,0.2083606788479794,0.0149234449995043,0.4083746371275784,0.4088463977169015,0.1490684255838759
graph_064_mu_0_3_node_384,19,0.1520467836257309,0.0004801967184322,0.4079216006533279,2.4514514514514514,0.0182270493209462,10.005,8.995,1.1124305555555554,0.473421052631579,0.0550116478037358,0.0107548250401497,0.3101264367816093,0.3104314659134797,0.0611526612371344
graph_064_mu_0_3_node_856,17,0.0588235294117647,0.0005219549051597,0.3893219017926734,2.5685685685685686,0.0088480617606394,5.081,11.919,0.4287849927849929,0.7011176470588234,0.1923340078572369,0.0127290029607391,0.5403384189723317,0.5407424281385215,0.0807238515272109
graph_064_mu_0_3_node_652,54,0.060796645702306,0.0034036262563763,0.456581352833638,2.19019019019019,0.0364316227020499,37.009,16.991,2.178257352941176,0.3146481481481482,0.0802660655578762,0.0215611277999303,0.1866970855231725,0.1872741671613857,0.1653504378342598
graph_064_mu_0_3_node_86,23,0.1304347826086956,0.0005718388238306,0.4215189873417722,2.3723723723723724,0.0200696599830335,9.03,13.97,0.6490178571428572,0.6073913043478261,0.2654668772504238,0.0147613181863487,0.4363651315789474,0.4368387559492009,0.1708438579977455
graph_064_mu_0_3_node_585,22,0.2052631578947368,0.0005346355464677,0.3846746245668078,2.5995995995996,0.0101797273426695,12.02,9.98,1.2059103174603172,0.4536363636363634,0.6947735446903446,0.0101439814497411,0.2934082973730032,0.2937467636032573,0.7645494832461108
graph_064_mu_0_3_node_456,28,0.1243386243386243,0.0012026058391513,0.4119587628865979,2.4274274274274275,0.0182413683963532,13.029,14.971,0.8708769230769235,0.5346785714285713,0.4486288085013063,0.015508222263976,0.3649344608879493,0.365442143008607,0.3891936149010291
graph_064_mu_0_3_node_309,38,0.0896159317211948,0.0020005676208547,0.4249255635899617,2.353353353353353,0.0217391407528127,21.078,16.922,1.2479392569848449,0.4453157894736843,0.2725453740517966,0.0180792651772169,0.2865178659188833,0.287091983311973,0.3378518321227745
graph_064_mu_0_3_node_438,15,0.0380952380952381,0.0003579432771679,0.3807164634146341,2.6266266266266265,0.0086701926045987,8.007,6.993,1.1454999999999995,0.4662,0.0330363528920752,0.0088738455590211,0.3039717391304348,0.3042088624585536,0.0236357372478945
graph_064_mu_0_3_node_735,17,0.1102941176470588,0.0004483326012325,0.4033104561970125,2.47947947947948,0.0166215896371158,8.014,8.986,0.8923968253968256,0.5285882352941177,0.0549626632640422,0.0107437774089596,0.3592793162393163,0.3595839990719801,0.0489828638819031
graph_064_mu_0_3_node_283,23,0.1067193675889328,0.000885646219986,0.4054383116883117,2.4664664664664664,0.0141410782753963,12.019,10.981,1.0953331890331883,0.4774347826086958,0.2333192152035623,0.0115467775871145,0.3136072435072434,0.3139796455049292,0.254694482486406
graph_064_mu_0_3_node_867,15,0.1619047619047619,0.0002461416451423,0.404126213592233,2.4744744744744747,0.0174152674479737,9.006,5.994,1.50375,0.3996,0.0366636028279142,0.0071663832127553,0.2497115384615384,0.2499148076707818,0.0550513920706042
graph_064_mu_0_3_node_787,24,0.0942028985507246,0.0011361289325122,0.4164235097957482,2.4014014014014013,0.0143166929583037,9.993,14.007,0.7138411588411586,0.583625,0.2735485804719189,0.0147731262135995,0.4121134419369714,0.4125883515883642,0.1948818716088318
graph_064_mu_0_3_node_128,32,0.0597701149425287,0.0010998161091361,0.421875,2.3703703703703702,0.0188104884883745,20.016,11.984,1.6706424242424245,0.3745,0.0566179307910058,0.0152069180643041,0.2303993979465677,0.2308060217763159,0.0898164993942823
graph_064_mu_0_3_node_548,26,0.1723076923076923,0.0009298876087945,0.4013660104459622,2.4914914914914914,0.0147094892128852,14.016,11.984,1.169818181818182,0.460923076923077,0.3951287699574194,0.0123736629365286,0.2994926829268292,0.2998991412740631,0.4614283021697149
graph_064_mu_0_3_node_871,35,0.0941176470588235,0.0015054703977505,0.4457831325301205,2.2432432432432434,0.0420264743953827,18.005,16.995,1.0594840686274511,0.4855714285714285,0.0974512573163021,0.020586418975751,0.3206333142748238,0.3212097875266955,0.1032188038947493
graph_064_mu_0_3_node_483,20,0.2473684210526315,0.0005502763374933,0.4222316145393068,2.3683683683683685,0.0367261977678693,12.03,7.97,1.5107142857142857,0.3985000000000001,0.0457058021214226,0.0096539992387676,0.2488636363636363,0.2491339531920754,0.0688693386797394
graph_064_mu_0_3_node_141,16,0.1583333333333333,0.0003203902457831,0.3833461243284727,2.6086086086086087,0.0105859190521722,7.011,8.989,0.7807555555555556,0.5618125,0.1445429440701295,0.0096057103614939,0.3906924315619968,0.3909971953433674,0.1124977653951827
graph_064_mu_0_3_node_812,27,0.1082621082621082,0.0007784940737339,0.4134933774834437,2.4184184184184185,0.0189741021222563,21.038,5.962,3.5344571428571427,0.2208148148148149,0.0281668004297161,0.0075654129637179,0.1241285280069474,0.124330877285528,0.0944826853038348
graph_064_mu_0_3_node_215,54,0.0538085255066387,0.0037643669010229,0.4601566098572087,2.1731731731731734,0.0365515213716634,32.041,21.959,1.4596406537734707,0.4066481481481481,0.1037572876351046,0.027863221187383,0.2552298873513248,0.2559753243400393,0.1370566272394197
graph_064_mu_0_3_node_600,17,0.0735294117647058,0.0004381223779848,0.386609907120743,2.5865865865865865,0.0105295160768223,8.999,8.001,1.1248988095238095,0.4706470588235295,0.1196662687815415,0.0085832244587325,0.3077523646723646,0.3080236769367914,0.1046830152319258
graph_064_mu_0_3_node_722,19,0.087719298245614,0.0005136671469297,0.3951740506329114,2.5305305305305303,0.01172830695588,9.03,9.97,0.9070722222222224,0.5247368421052632,0.1604025643877208,0.0106548165302688,0.355782594417077,0.3561206530303171,0.1448553709917759
graph_064_mu_0_3_node_812,27,0.1082621082621082,0.0007784940737339,0.4134933774834437,2.4184184184184185,0.0189741021222563,21.038,5.962,3.5344571428571427,0.2208148148148149,0.0281668004297161,0.0075654129637179,0.1241285280069474,0.124330877285528,0.0944826853038348
graph_064_mu_0_3_node_681,39,0.0917678812415654,0.0016982639841535,0.4334056399132321,2.307307307307308,0.0274735597615099,27.897,11.103,2.5157181818181824,0.2846923076923076,0.0524657260334521,0.0140885905292661,0.1660021789448479,0.1663791224751236,0.1316886689063642
graph_064_mu_0_3_node_760,37,0.1861861861861861,0.0018695703532025,0.4160766347355268,2.4034034034034035,0.017758876441036,19.021,17.979,1.0583668300653597,0.4859189189189191,0.8491732382709015,0.0183881433566976,0.3209551160923935,0.3215649883067223,0.8965849518772568
graph_064_mu_0_3_node_284,24,0.1195652173913043,0.0008739704099421,0.4062627084180561,2.4614614614614614,0.0152362630109463,12.019,11.981,1.0043454545454549,0.4992083333333333,0.3953447874148476,0.0123674239111992,0.3326848743480322,0.3330911757994219,0.3625702311843791
graph_064_mu_0_3_node_220,28,0.0646153846153846,0.0009981812442263,0.3908450704225352,2.558558558558558,0.0110297392044712,17.031,10.969,1.5537818181818184,0.3917500000000001,0.1642257470762141,0.0117645231580808,0.2436124223602484,0.2439845440257058,0.2395515973897853
graph_064_mu_0_3_node_355,29,0.1133004926108374,0.001276535200442,0.4455842997323818,2.244244244244244,0.0292002874832896,14.005,14.995,0.9340238095238096,0.5170689655172416,0.0917052859318635,0.0179287127946548,0.348683932346723,0.3491924617706219,0.0856186037807687
graph_064_mu_0_3_node_350,15,0.0571428571428571,0.0003215218934168,0.3751408186256102,2.665665665665666,0.0095608737072538,4.036,10.964,0.3690909090909091,0.7309333333333331,0.5993888743292302,0.0111983498559079,0.5762406015037596,0.5766122258454365,0.2177281184337025
graph_064_mu_0_3_node_314,45,0.1454545454545454,0.0026467932676633,0.4416445623342175,2.264264264264264,0.0254994663962707,25.071,19.929,1.259752024291498,0.4428666666666668,0.5975073548948693,0.0206406632614202,0.2844668373879641,0.2851430885272349,0.7490348911737521
graph_064_mu_0_3_node_106,21,0.1952380952380952,0.0006343633503139,0.4024979854955681,2.4844844844844847,0.0147882450977339,10.026,10.974,0.9162499999999996,0.5225714285714287,0.7642595271296343,0.0111526116518385,0.3538234108159392,0.3541955249908111,0.6950130676437443
graph_064_mu_0_3_node_133,26,0.0892307692307692,0.0007716090293065,0.4164235097957482,2.4014014014014013,0.0190592284048465,14.01,11.99,1.1686757575757576,0.4611538461538462,0.0566450094338698,0.0152145787624609,0.2996844367015097,0.3000910983142604,0.0661709642699201
graph_064_mu_0_3_node_6,38,0.1194879089615931,0.001430830520358,0.4341590612777053,2.3033033033033035,0.0280790064610546,27.009,10.991,2.457884848484848,0.2892368421052633,0.0672237709929111,0.0131410435546292,0.1690729151445569,0.1694460355762463,0.1651515107903254
graph_064_mu_0_3_node_385,121,0.0950007121492664,0.0120943615310355,0.5063355296502787,1.974974974974975,0.1364943252696292,84.021,36.979,2.272209531380119,0.3056115702479338,0.2120462545409362,0.0447932518583697,0.1803677952939139,0.1816269146377999,0.4760156769571227
graph_064_mu_0_3_node_877,23,0.150197628458498,0.0006991261122892,0.4134933774834437,2.4184184184184185,0.0205389376318197,13.036,9.964,1.3094555555555558,0.4332173913043479,0.0609527453462285,0.0119126772180799,0.2765418049628576,0.2768797520581286,0.0795138442236594
graph_064_mu_0_3_node_995,18,0.0980392156862745,0.0004310339776201,0.3951740506329114,2.5305305305305303,0.0130191656715748,11.017,6.983,1.579228571428572,0.3879444444444446,0.0329946662342832,0.0088606452673718,0.2406838709677418,0.2409207035866662,0.0519871529318621
graph_064_mu_0_3_node_36,102,0.0939623374102116,0.0095267624682717,0.4975099601593625,2.01001001001001,0.1123105461631603,69.022,32.978,2.093071480938416,0.3233137254901961,0.1890994949529691,0.0399470640571841,0.1928303464670548,0.1939522403481686,0.3957531468203809
graph_064_mu_0_3_node_423,17,0.0955882352941176,0.0004587283536492,0.3817348108521207,2.61961961961962,0.009639868059118,6.033,10.967,0.5506575757575755,0.6451176470588236,0.2330435461685925,0.0115326365766077,0.4762430434782609,0.476614819909807,0.1273289236331401
graph_064_mu_0_3_node_195,20,0.0789473684210526,0.000613679149509,0.3956435643564356,2.5275275275275275,0.0108069282507277,10.012,9.988,1.0026666666666668,0.4993999999999999,0.149438284421753,0.0107141058457835,0.3328172043010752,0.333155895755395,0.1345924481553331
graph_064_mu_0_3_node_816,21,0.2142857142857142,0.0005199830396702,0.4018503620273532,2.4884884884884886,0.0177682933371564,10.026,10.974,0.914393939393939,0.5225714285714286,0.2084818554690727,0.0115979539251945,0.3537584310850439,0.3541305454529918,0.1898119162628487
graph_064_mu_0_3_node_23,27,0.0966666666666666,0.0010588419330585,0.4031476997578692,2.4804804804804803,0.0135059808254813,12.994,14.006,0.9283927322677324,0.5187407407407405,0.2735625055769457,0.0147717385860457,0.3502524606315855,0.3507274330053726,0.2339780304053141
graph_064_mu_0_3_node_802,27,0.1709401709401709,0.0009216652809449,0.4186923721709975,2.3883883883883885,0.0192375460842579,15.022,11.978,1.2556045454545453,0.4436296296296297,0.2275131792209826,0.0126583997500405,0.2850867569235616,0.2854930393993261,0.2846622518354885
graph_064_mu_0_3_node_601,18,0.0457516339869281,0.0005151583786122,0.3936170212765957,2.5405405405405403,0.0103964880098411,7.019,10.981,0.639509090909091,0.6100555555555554,0.1643609962600942,0.0117782686935408,0.4389517948717951,0.4393240706667136,0.0749112097981745
graph_064_mu_0_3_node_843,33,0.1591397849462365,0.0011017427224881,0.4084219133278822,2.448448448448449,0.0170266301424981,20.025,12.975,1.5460208791208798,0.3931818181818181,0.4282576350259414,0.0133929215781608,0.2447390401571566,0.2451792743443358,0.6262850134596804
graph_064_mu_0_3_node_651,41,0.074390243902439,0.0021096609777813,0.451831750339213,2.2132132132132134,0.0309308522612558,24.896,16.104,1.5469685224089635,0.392780487804878,0.0760941643132607,0.0204344384654493,0.2444160900556861,0.2449626121011331,0.1128342982049278
graph_064_mu_0_3_node_978,14,0.1648351648351648,0.0003105871938444,0.3986432561851556,2.5085085085085086,0.012685554804119,6.065,7.935,0.7671333333333333,0.5667857142857142,0.1689294122873973,0.0083412363906587,0.3957264822134388,0.3959955032416787,0.1273936195185111
graph_064_mu_0_3_node_994,21,0.1952380952380952,0.0005024644596823,0.4358638743455497,2.294294294294294,0.036921427153744,12.003,8.997,1.334208333333333,0.4284285714285714,0.0515892338129227,0.0108983109123073,0.272614973262032,0.2729201115507269,0.0688113213549341
graph_064_mu_0_3_node_662,65,0.1081730769230769,0.0038682516021401,0.4723404255319149,2.1171171171171173,0.0766011152255237,45.004,19.996,2.250703216374269,0.3076307692307691,0.11465644932845,0.0242217794396834,0.1817757839007839,0.1824552269026346,0.252299631292878
graph_064_mu_0_3_node_553,32,0.0604838709677419,0.0012594942970661,0.4190436241610738,2.3863863863863863,0.0189202021861179,19.025,12.975,1.4673113553113548,0.40546875,0.0613088222827919,0.0164635568055008,0.2543130149153678,0.2547532194033586,0.0850839719059138
graph_064_mu_0_3_node_459,24,0.1818181818181818,0.0006896721854227,0.3864603481624758,2.587587587587588,0.0111714897310895,12.028,11.972,1.0061194805194804,0.4988333333333333,0.833566465413811,0.012170192088409,0.3323661214290225,0.3327721179924239,0.7647397080404023
graph_064_mu_0_3_node_593,19,0.1520467836257309,0.0004926931623359,0.386609907120743,2.5865865865865865,0.0097836817949093,10.009,8.991,1.113486111111111,0.4732105263157895,0.2964948639054917,0.0092830311996883,0.3099517241379311,0.3102566177364089,0.3296267138769346
graph_064_mu_0_3_node_835,39,0.1686909581646423,0.0017216771608511,0.4567901234567901,2.189189189189189,0.0564225070630106,24.007,14.993,1.6013928571428575,0.3844358974358975,0.0859750414389578,0.0181611401703255,0.23796158008658,0.238470386865964,0.1376407003329991
graph_064_mu_0_3_node_55,24,0.0543478260869565,0.0008330767091237,0.3939274447949527,2.5385385385385386,0.0135951044302044,7.043,16.957,0.4161407239819005,0.7065416666666666,0.3676010603446133,0.0178100186725044,0.5464255131964811,0.547000270381579,0.1515551153453315
graph_064_mu_0_3_node_757,21,0.0476190476190476,0.0007357701545593,0.4015273311897106,2.4904904904904903,0.012018047613637,10.029,10.971,0.9153909090909088,0.5224285714285715,0.1643038043543326,0.0117659853521311,0.3536456989247312,0.3540177116288492,0.1046895298899062
graph_064_mu_0_3_node_71,29,0.0492610837438423,0.0012477506302234,0.4023358840112767,2.4854854854854853,0.0142285776565657,13.029,15.971,0.8160559523809525,0.5507241379310346,0.239017266896527,0.0171311910765561,0.3800254203161181,0.3805669952109034,0.1646395085683967
graph_064_mu_0_3_node_377,20,0.0473684210526315,0.0005839210274504,0.390081999219055,2.563563563563564,0.0129737177062342,5.361,14.639,0.3707765567765567,0.7319500000000001,0.8346549331024176,0.0150026821776362,0.5786461538461538,0.5791423231234074,0.2849476990438501
graph_064_mu_0_3_node_842,23,0.1146245059288537,0.0005715294502611,0.4160766347355268,2.4034034034034035,0.0172800723632208,15.01,7.99,1.879244047619048,0.3473913043478259,0.0377498203986807,0.0101386054365378,0.2102174763832658,0.2104885262143685,0.0661597388134399
graph_064_mu_0_3_node_965,22,0.2510822510822511,0.000567465821639,0.3779795686719637,2.645645645645646,0.0088010756162129,14.021,7.979,1.764142857142857,0.3626818181818181,0.3773702941627197,0.0081578998633928,0.2215780780780781,0.2218487364517839,0.6606232053599499
graph_064_mu_0_3_node_969,27,0.21,0.0008719339380176,0.3928430987023201,2.5455455455455454,0.0129996926449091,15.022,11.978,1.255775,0.4436296296296297,0.8337912822273398,0.0121741716692786,0.2850905702992659,0.2854968527543339,0.9729896095035098
graph_064_mu_0_3_node_700,37,0.1456456456456456,0.0014965716541012,0.4412544169611307,2.2662662662662663,0.0499713898188176,25.0,12.0,2.083333333333333,0.3243243243243245,0.0688061931498059,0.0145360481055282,0.1935483870967741,0.1939556914209884,0.1433462357287623
graph_064_mu_0_3_node_740,20,0.0947368421052631,0.0005531379769546,0.3976910828025478,2.5145145145145147,0.0133200347014987,8.016,11.984,0.669090909090909,0.5991999999999998,0.1793360287035175,0.0128547617341506,0.427783251231527,0.428189544217103,0.1196377316936294
graph_064_mu_0_3_node_156,34,0.1283422459893048,0.000999662205849,0.4400881057268722,2.2722722722722724,0.0445289103154242,25.007,8.993,2.781083333333334,0.2645,0.0515675377986271,0.0108934076200464,0.1524079096045198,0.152713181531721,0.1433730599481862
graph_064_mu_0_3_node_189,29,0.0763546798029556,0.0013039141986505,0.4157303370786517,2.4054054054054053,0.0170184142941935,14.034,14.966,0.9382197802197804,0.5160689655172415,0.2240230496615001,0.0160530699254143,0.3478071881606766,0.3483147354392727,0.2096426132560594
graph_064_mu_0_3_node_445,23,0.0988142292490118,0.000623158826649,0.425287356321839,2.3513513513513518,0.0227720904376805,13.012,9.988,1.3033222222222225,0.4342608695652175,0.0471876292510523,0.0126741752106846,0.2773706337916863,0.2777093941422735,0.0567170157655367
graph_064_mu_0_3_node_921,77,0.075187969924812,0.0068636960418431,0.479136690647482,2.0870870870870872,0.0525562485574624,48.029,28.971,1.6580940868454663,0.3762467532467531,0.1771972194285629,0.0346381626873005,0.2317199430303771,0.2327042490167104,0.2936628874819877
graph_064_mu_0_3_node_863,23,0.1699604743083003,0.0003816762578069,0.4099302421009438,2.43943943943944,0.0307295571635008,17.001,5.999,2.8341000000000003,0.2608260869565217,0.0343987106099906,0.0072667287159765,0.1499719512195121,0.1501755003681621,0.0974754402955583
graph_064_mu_0_3_node_546,21,0.0857142857142857,0.0007550609671073,0.3929976396538159,2.5445445445445447,0.0120065811236857,8.003,12.997,0.6160898601398599,0.6189047619047617,0.2538399725019881,0.0137074747563632,0.4481729421579531,0.448613563272655,0.15603601928844
graph_064_mu_0_3_node_1,33,0.0473484848484848,0.0015673088126422,0.4381578947368421,2.2822822822822824,0.0220363096854702,18.024,14.976,1.2039648351648349,0.4538181818181816,0.0707585759230238,0.019003075800886,0.2935278750106718,0.2940358987757597,0.075672596933274
graph_064_mu_0_3_node_247,28,0.1446153846153846,0.0009267043965338,0.4054383116883117,2.4664664664664664,0.0163268299812977,12.036,15.964,0.7552479020979022,0.570142857142857,1.1116412176555088,0.0162249776798989,0.3988508052733805,0.3993921061132031,0.7646312468342193
graph_064_mu_0_3_node_438,15,0.0380952380952381,0.0003579432771679,0.3807164634146341,2.6266266266266265,0.0086701926045987,8.007,6.993,1.1454999999999995,0.4662,0.0330363528920752,0.0088738455590211,0.3039717391304348,0.3042088624585536,0.0236357372478945
graph_064_mu_0_3_node_757,21,0.0476190476190476,0.0007357701545593,0.4015273311897106,2.4904904904904903,0.012018047613637,10.029,10.971,0.9153909090909088,0.5224285714285715,0.1643038043543326,0.0117659853521311,0.3536456989247312,0.3540177116288492,0.1046895298899062
graph_064_mu_0_3_node_936,14,0.1428571428571428,0.0002520239444176,0.3943939992104224,2.535535535535536,0.0099109677647576,6.033,7.967,0.7597999999999999,0.5690714285714285,0.1193933366907857,0.0085435418718916,0.3979083003952569,0.3981784054887404,0.0749006658034256
graph_064_mu_0_3_node_603,21,0.1476190476190476,0.000737956235445,0.4062627084180561,2.4614614614614614,0.0163359186712911,9.026,11.974,0.7548787878787879,0.570190476190476,0.3588550999028099,0.0124042930675182,0.3988832844574781,0.3992892661766428,0.2694745945489581
graph_064_mu_0_3_node_373,29,0.0985221674876847,0.001344869462361,0.4188679245283019,2.3873873873873874,0.0209675421211376,9.046,19.954,0.4539919891640868,0.6880689655172416,1.3893580931613057,0.0202823618479582,0.5246109739639906,0.5252873375504663,0.6255138643901892
graph_064_mu_0_3_node_706,21,0.0428571428571428,0.0005904876667577,0.4121287128712871,2.4264264264264264,0.0155201852593169,11.009,9.991,1.1021,0.4757619047619048,0.0471983134551758,0.0126782979442605,0.3121420454545455,0.312480861523505,0.0378159244625916
graph_064_mu_0_3_node_437,14,0.0659340659340659,0.0002744322313096,0.3919183993723029,2.5515515515515514,0.0112818392900479,5.014,8.986,0.5586666666666665,0.6418571428571429,0.194705748550936,0.0094392074095997,0.4726928229665073,0.4729974438069293,0.1082619307361269
graph_064_mu_0_3_node_889,28,0.0846560846560846,0.0009562997648072,0.4249255635899617,2.353353353353353,0.0205369060653573,16.014,11.986,1.336444444444444,0.4280714285714286,0.0566305308985736,0.0152090436208457,0.2723349237051363,0.2727415049487982,0.0708745587782903
graph_064_mu_0_3_node_35,20,0.231578947368421,0.0004191997610216,0.374859287054409,2.667667667667668,0.0083924148529382,13.023,6.977,1.8682857142857143,0.3488499999999999,0.2301469427614945,0.0072031864716428,0.2113032849503437,0.2115399463200711,0.4288892436050073
graph_064_mu_0_3_node_807,23,0.067193675889328,0.0008924907234356,0.4049452776651804,2.4694694694694697,0.0129227968264355,14.058,8.942,1.5760912698412703,0.3887826086956522,0.0422621462947072,0.01134522043564,0.2413767844767845,0.2416800999462986,0.0614192123083753
graph_064_mu_0_3_node_158,18,0.065359477124183,0.00073819950965,0.4039627982207844,2.4754754754754758,0.0136893214393582,8.739,9.261,0.9570265734265734,0.5145,0.1858129631009802,0.0097702457152718,0.3478801942984551,0.3481942114310095,0.1510186063234983
graph_064_mu_0_3_node_816,21,0.2142857142857142,0.0005199830396702,0.4018503620273532,2.4884884884884886,0.0177682933371564,10.026,10.974,0.914393939393939,0.5225714285714286,0.2084818554690727,0.0115979539251945,0.3537584310850439,0.3541305454529918,0.1898119162628487
graph_064_mu_0_3_node_62,38,0.1834992887624466,0.0017400196511278,0.430603448275862,2.3223223223223224,0.0239094570140624,23.03,14.97,1.5391098901098907,0.3939473684210526,0.2843348307429553,0.0158217479163703,0.2453063792148271,0.2458143720317115,0.4365459056749963
graph_064_mu_0_3_node_479,15,0.1904761904761904,0.0002897908447342,0.3779795686719637,2.645645645645646,0.0083177412216668,8.015,6.985,1.1490357142857135,0.4656666666666667,0.1484602622769288,0.0073440471332354,0.3035538461538462,0.3037906983507658,0.1697654569536875
graph_064_mu_0_3_node_40,22,0.1948051948051948,0.0005901235006487,0.4036363636363636,2.477477477477477,0.0128913803271117,13.016,8.984,1.4504246031746029,0.4083636363636364,0.2964945338752319,0.0092735093884423,0.2566044435412856,0.2569091618802737,0.4284286763358851
graph_064_mu_0_3_node_616,47,0.0767807585568917,0.0025694674094766,0.471004243281471,2.123123123123123,0.0377194101161459,29.902,17.098,1.749868627450981,0.3637872340425532,0.0807918957724197,0.0216956339923345,0.2223578983752202,0.2229383314855118,0.1370211789543513
graph_064_mu_0_3_node_285,24,0.0869565217391304,0.0007885365427199,0.408923454768727,2.4454454454454453,0.0158029907518929,15.016,8.984,1.6723333333333337,0.3743333333333333,0.0424489630855568,0.0113996303107204,0.2302813186813187,0.2305860784227364,0.0709131133676534
graph_064_mu_0_3_node_729,24,0.0833333333333333,0.0006020969137674,0.415211970074813,2.4084084084084085,0.0172578051467639,15.989,8.011,1.996619047619048,0.3337916666666666,0.0378422762706597,0.0101659343293172,0.2003429643527204,0.200614744421755,0.0659570215389177
graph_064_mu_0_3_node_922,23,0.067193675889328,0.0007085287520883,0.4220532319391635,2.369369369369369,0.020245556197106,13.018,9.982,1.3049833333333336,0.4340000000000001,0.0471672163011685,0.0126657157720233,0.2771670617986407,0.2775056188216045,0.051963861588286
graph_064_mu_0_3_node_576,27,0.0968660968660968,0.0007953457952958,0.4347258485639687,2.3003003003003,0.021712809537211,19.008,7.992,2.378857142857143,0.296,0.0377566660611434,0.0101414212494494,0.1737132284921368,0.1739844197273351,0.0850430068353955
graph_064_mu_0_3_node_551,37,0.1680672268907563,0.0017022702097723,0.408923454768727,2.4454454454454453,0.0153109732073008,21.05,15.95,1.3212355977355978,0.4310810810810811,0.526434887957315,0.0164646563698848,0.2748071206606834,0.2753482779049958,0.6599255915890097
graph_064_mu_0_3_node_679,25,0.1,0.0008310083879964,0.3903868698710434,2.561561561561561,0.0107059528626711,15.974,9.026,1.7738888888888895,0.36104,0.1351935439340828,0.0096807599041755,0.2203750838875627,0.2206812874964865,0.2382083694316837
graph_064_mu_0_3_node_821,28,0.2089947089947089,0.0008153601542802,0.411619283065513,2.4294294294294296,0.0220760337588236,16.025,11.975,1.3387636363636362,0.4276785714285714,0.2274446636213521,0.0126567274109934,0.2720238910847605,0.2724300996118263,0.3037447037680845
graph_064_mu_0_3_node_187,40,0.1256410256410256,0.0014181134080012,0.4332176929748482,2.3083083083083085,0.0486156916549388,29.015,10.985,2.641818181818181,0.2746249999999999,0.0629918881413385,0.0133062725307178,0.1591718426501035,0.1595448102690263,0.166308457664788
graph_064_mu_0_3_node_246,24,0.0543478260869565,0.0008961361404432,0.4167709637046308,2.3993993993994,0.0163484485557162,10.031,13.969,0.7189634365634364,0.5820416666666668,0.0660076924456254,0.0177245790142748,0.4105662694096131,0.4110398923877799,0.0378821980787306
graph_064_mu_0_3_node_973,22,0.1471861471861472,0.0005328030743715,0.4311609840310746,2.319319319319319,0.0331352916484296,14.016,7.984,1.7562857142857142,0.3629090909090909,0.0457859538889748,0.0096709651675482,0.2216936936936937,0.2219645217601359,0.0803275233679998
graph_064_mu_0_3_node_93,25,0.1566666666666666,0.0008081733168637,0.4057676685621446,2.4644644644644647,0.0165229315778081,12.032,12.968,0.9292424242424244,0.5187199999999998,0.3888086876088358,0.013431306377422,0.35026803069486,0.3507077890036363,0.3592431527423043
graph_064_mu_0_3_node_17,20,0.2026143790849673,0.0003317543367241,0.3757051523128996,2.661661661661661,0.0096397539504035,13.005,6.995,1.8603333333333332,0.3497499999999999,0.3923205480086995,0.0071760901127313,0.2119535268652915,0.2121907983973311,0.6722677634437692
graph_064_mu_0_3_node_689,25,0.1,0.000944392048017,0.4260127931769722,2.3473473473473474,0.0229915494219655,12.011,12.989,0.9250233100233102,0.5195599999999998,0.0794446414045892,0.0155298615005267,0.3509709760367656,0.3514114457783808,0.0733993559381317
graph_064_mu_0_3_node_989,23,0.1146245059288537,0.0009752054557472,0.4317199654278306,2.3163163163163163,0.0197979088920249,8.033,14.967,0.537340909090909,0.6507391304347827,0.318096303535654,0.01573720585588,0.4824013422377751,0.4829087168104672,0.169841165774268
graph_064_mu_0_3_node_459,24,0.1818181818181818,0.0006896721854227,0.3864603481624758,2.587587587587588,0.0111714897310895,12.028,11.972,1.0061194805194804,0.4988333333333333,0.833566465413811,0.012170192088409,0.3323661214290225,0.3327721179924239,0.7647397080404023
graph_064_mu_0_3_node_321,51,0.0799319727891156,0.003204973513925,0.4358638743455497,2.294294294294294,0.0266477373583831,29.027,21.973,1.3232510042398484,0.4308431372549021,0.3537850849055794,0.0234756355281022,0.2746454658962894,0.2753912241212197,0.4495545111223358
graph_064_mu_0_3_node_729,24,0.0833333333333333,0.0006020969137674,0.415211970074813,2.4084084084084085,0.0172578051467639,15.989,8.011,1.996619047619048,0.3337916666666666,0.0378422762706597,0.0101659343293172,0.2003429643527204,0.200614744421755,0.0659570215389177
graph_064_mu_0_3_node_490,57,0.1040100250626566,0.0031448817661797,0.4627142195460861,2.161161161161161,0.0679774834265536,36.009,20.991,1.71555,0.3682631578947367,0.1203678092044618,0.0254266846615418,0.2256899107755661,0.2264027029834018,0.2064477081221634
graph_064_mu_0_3_node_344,36,0.0698412698412698,0.00163793495733,0.4354838709677419,2.2962962962962963,0.0242541527372315,21.898,14.102,1.5541868131868135,0.3917222222222223,0.0666349919560418,0.0178941668617378,0.2436073333538404,0.244085848536549,0.1033849711037712
graph_064_mu_0_3_node_242,20,0.2473684210526315,0.0002815956476549,0.4124690338563171,2.4244244244244246,0.0220245180124236,16.003,3.997,4.005,0.19985,0.0244470675376705,0.0047788616133743,0.111021021021021,0.1111566413018372,0.0978582549365984
graph_064_mu_0_3_node_287,21,0.0666666666666666,0.000639084633753,0.3837879369957741,2.6056056056056054,0.0106492194460372,8.984,12.016,0.7490473193473192,0.5721904761904761,0.2367733789438071,0.0126826898808388,0.400931188834957,0.4013385926691828,0.1374917924647991
graph_064_mu_0_3_node_207,14,0.0439560439560439,0.0002831562821227,0.3833461243284727,2.6086086086086087,0.0111069675649748,5.949,8.051,0.74145,0.5750714285714285,0.0518474224478014,0.0095867303716095,0.4040222222222223,0.4042951726770254,0.0187121598155305
graph_064_mu_0_3_node_919,36,0.065079365079365,0.0017508056714498,0.4341590612777053,2.3033033033033035,0.0223645085412429,19.051,16.949,1.1249176470588231,0.4708055555555556,0.080089134652157,0.0215057516461385,0.3079213708251819,0.3084963251099045,0.0851602937772452
graph_064_mu_0_3_node_832,24,0.1304347826086956,0.0007555275479707,0.4159034138218151,2.4044044044044046,0.0210012239373981,13.015,10.985,1.1850909090909094,0.4577083333333333,0.0671822951893333,0.0131341509884243,0.2967852062588905,0.2971577690963858,0.0794984596082748
graph_064_mu_0_3_node_975,20,0.1894736842105263,0.0005840505186949,0.41625,2.4024024024024024,0.021031343403996,12.003,7.997,1.5010714285714286,0.39985,0.0489081320325243,0.0095615416413611,0.2498863636363636,0.2501575955634078,0.0733831934845613
graph_064_mu_0_3_node_750,23,0.0553359683794466,0.0007662045982231,0.3997599039615846,2.5015015015015014,0.0126656012719136,12.894,10.106,1.2778828282828285,0.4393913043478262,0.0477580861133476,0.0128232860083453,0.2816495924495923,0.2819923505953041,0.042529785168699
graph_064_mu_0_3_node_268,41,0.1463414634146341,0.0016073852687263,0.4430155210643015,2.2572572572572573,0.052633217198428,29.003,11.997,2.4175984848484844,0.292609756097561,0.0687915243405901,0.0145322698379267,0.17137907444668,0.1717863876591984,0.16629630225458
graph_064_mu_0_3_node_789,39,0.0944669365721997,0.0019848699342927,0.4430155210643015,2.2572572572572573,0.0279476867853309,24.024,14.976,1.6046,0.3840000000000001,0.0915989059706313,0.0179055644892595,0.2376339285714286,0.238142159242837,0.146896472854193
graph_064_mu_0_3_node_491,16,0.15,0.0002425939361893,0.4160766347355268,2.4034034034034035,0.0195596540840825,9.004,6.996,1.2872380952380955,0.43725,0.0427880349909364,0.0083646106003165,0.279803076923077,0.2800403180110025,0.0550513920706042
graph_064_mu_0_3_node_70,15,0.0857142857142857,0.0003854735618189,0.3854166666666667,2.5945945945945947,0.0087728060792311,4.031,10.969,0.3689222444222443,0.7312666666666664,0.2379746982615611,0.0115179213533763,0.5767076610964754,0.5770794546643079,0.086824631208259
graph_064_mu_0_3_node_440,18,0.1699346405228758,0.0004416757275242,0.4102669404517454,2.437437437437437,0.0163025834746372,8.031,9.969,0.8086000000000001,0.5538333333333333,0.189492925506813,0.0105342309137965,0.3831248966087677,0.383462898313558,0.151950242887724
graph_064_mu_0_3_node_748,17,0.2205882352941176,0.0003362162839163,0.3821729150726855,2.6166166166166165,0.0106025994188984,10.012,6.988,1.4342380952380949,0.4110588235294118,0.2305905480960522,0.0072136323755504,0.2587350848385331,0.258972070842841,0.3295708171635798
graph_064_mu_0_3_node_817,17,0.1029411764705882,0.0004765213311301,0.4077551020408163,2.4524524524524525,0.0136371702875677,4.018,12.982,0.3099460955710955,0.7636470588235295,0.2759044012372776,0.0136416580290195,0.6177859531772573,0.6182259470674241,0.0849973790891449
graph_064_mu_0_3_node_362,23,0.1897233201581027,0.0006363406097907,0.391304347826087,2.555555555555556,0.0132864268919349,12.022,10.978,1.0967038961038955,0.4773043478260871,0.3290458724318352,0.0113703268858643,0.3135179470679469,0.3138902473535369,0.3592262564612455
graph_064_mu_0_3_node_137,20,0.0263157894736842,0.0006263438395875,0.3807164634146341,2.6266266266266265,0.0079739057874296,11.028,8.972,1.2306666666666664,0.4486000000000001,0.1343619788246349,0.0096230080736039,0.2892160312805474,0.2895203016695986,0.0601482985668724
graph_064_mu_0_3_node_226,27,0.1166666666666666,0.0008853954625798,0.4136645962732919,2.417417417417417,0.0188926384320153,11.027,15.973,0.6908107142857143,0.5915925925925926,0.3033536327469266,0.0168817251194842,0.4200951127819547,0.420636681851972,0.1899010359473624
graph_064_mu_0_3_node_208,23,0.0869565217391304,0.0007642937841359,0.3923802042419481,2.5485485485485486,0.0121554304464038,11.013,11.987,0.920269272394272,0.5211739130434782,0.1793845071007106,0.0128570225561281,0.3524975373439769,0.3529040144091713,0.1645503982077643
graph_064_mu_0_3_node_841,43,0.0642303433001107,0.0022212345973244,0.4601566098572087,2.1731731731731734,0.0340002146631077,26.936,16.064,1.6780613795518209,0.373581395348837,0.0759049601611012,0.0203836903603248,0.229727002109274,0.2302722428505063,0.1135581577390974
graph_064_mu_0_3_node_460,25,0.1466666666666666,0.0008654085928307,0.3937721718565234,2.53953953953954,0.0119998692010357,13.018,11.982,1.0873737373737375,0.4792800000000002,0.359004283313816,0.0124111672061875,0.3152068727165005,0.3156132356377983,0.3890368161442304
graph_064_mu_0_3_node_205,27,0.1168091168091168,0.0007379255358351,0.4296774193548387,2.3273273273273274,0.0245652030986124,15.01,11.99,1.2523181818181817,0.4440740740740742,0.0566438276711228,0.0152147666401284,0.2854232558139534,0.2858299449793534,0.0708713056994743
graph_064_mu_0_3_node_754,29,0.1280788177339901,0.0010963181032617,0.4362445414847161,2.2922922922922924,0.038490838293372,16.005,12.995,1.2316987179487175,0.4481034482758618,0.0745147636155134,0.0157411426073378,0.2887487922705313,0.2891895848524061,0.0917565869855473
graph_064_mu_0_3_node_410,23,0.0869565217391304,0.000665694782161,0.4039627982207844,2.4754754754754758,0.0140148563692121,11.051,11.949,0.9268946969696968,0.5195217391304348,0.1924737334028349,0.0127638934845349,0.3510329303651284,0.351438120286231,0.1768421941107311
graph_064_mu_0_3_node_825,15,0.1428571428571428,0.0001657110483652,0.4117889530090684,2.4284284284284285,0.0161323346799107,9.003,5.997,1.5015,0.3998,0.0366775997850974,0.0071702016273677,0.24985,0.2500533709144805,0.0550513920706042
graph_064_mu_0_3_node_575,71,0.0852514919011082,0.005302806275023,0.4727875059157596,2.115115115115115,0.0523587657592167,45.016,25.984,1.7325533333333327,0.3659718309859156,0.1589139819185267,0.031067564609624,0.2239712368935045,0.2248539668825366,0.2691546467414146
graph_064_mu_0_3_node_350,15,0.0571428571428571,0.0003215218934168,0.3751408186256102,2.665665665665666,0.0095608737072538,4.036,10.964,0.3690909090909091,0.7309333333333331,0.5993888743292302,0.0111983498559079,0.5762406015037596,0.5766122258454365,0.2177281184337025
graph_064_mu_0_3_node_25,20,0.065359477124183,0.000652444922641,0.4018503620273532,2.4884884884884886,0.0123103465375359,8.847,11.153,0.7954731934731936,0.5576499999999999,0.2199874569077464,0.0117731133281351,0.3869199051268017,0.3872980561863678,0.1537351050878243
graph_064_mu_0_3_node_390,43,0.0520487264673311,0.0024472034326152,0.4389279437609842,2.2782782782782784,0.0249600758131976,27.029,15.971,1.6929576923076923,0.3714186046511627,0.075459851791075,0.0202656213368939,0.2280744045704976,0.2286164941185583,0.1181708357002204
graph_064_mu_0_3_node_118,26,0.0553846153846153,0.0009201548465571,0.4227676682183665,2.365365365365365,0.0177157621715683,14.024,11.976,1.171433333333333,0.4606153846153847,0.0565847426938604,0.015196289130096,0.2992405342624854,0.2996467215729402,0.0520096497929991
graph_064_mu_0_3_node_335,20,0.0684210526315789,0.000513880692655,0.4020120724346076,2.4874874874874875,0.0136089865751061,13.01,6.99,1.8619047619047624,0.3494999999999999,0.0330246586529405,0.0088697814081896,0.2117647058823528,0.2120018079516941,0.0472369129629961
graph_064_mu_0_3_node_532,63,0.0926779313876088,0.0051851725800667,0.4540909090909091,2.2022022022022023,0.0382163567833067,35.086,27.914,1.2574636454849497,0.4430793650793652,0.5931848314095836,0.0293529724413504,0.2846083738332224,0.2855559679590561,0.7428868694949305
graph_064_mu_0_3_node_532,63,0.0926779313876088,0.0051851725800667,0.4540909090909091,2.2022022022022023,0.0382163567833067,35.086,27.914,1.2574636454849497,0.4430793650793652,0.5931848314095836,0.0293529724413504,0.2846083738332224,0.2855559679590561,0.7428868694949305
graph_064_mu_0_3_node_969,27,0.21,0.0008719339380176,0.3928430987023201,2.5455455455455454,0.0129996926449091,15.022,11.978,1.255775,0.4436296296296297,0.8337912822273398,0.0121741716692786,0.2850905702992659,0.2854968527543339,0.9729896095035098
graph_064_mu_0_3_node_883,15,0.0857142857142857,0.0003669225102268,0.3894736842105263,2.5675675675675675,0.0131840484244258,4.014,10.986,0.3658522727272726,0.7323999999999997,0.3623969952074133,0.0113407424951051,0.5779066985645935,0.5782790678968057,0.0989412939774217
graph_064_mu_0_3_node_881,18,0.1241830065359477,0.0003284457989521,0.4056029232643118,2.4654654654654653,0.0159411912684115,11.019,6.981,1.5795714285714288,0.3878333333333335,0.0329788148884027,0.0088586975652501,0.2405931034482757,0.2408298682982096,0.0473239371486907
graph_064_mu_0_3_node_675,49,0.0476190476190476,0.0032881454228055,0.4631432545201669,2.159159159159159,0.0352411091013319,21.017,27.983,0.7511217948717949,0.5710816326530611,0.171142458891763,0.0334574849319645,0.3996669796557121,0.4006160078688645,0.1284769971975772
graph_064_mu_0_3_node_550,44,0.0486257928118393,0.0025539790509109,0.4506089309878214,2.219219219219219,0.026616400037133,27.007,16.993,1.5899299719887958,0.3862045454545455,0.0802865750141199,0.0215625840624835,0.2393289998247745,0.2399057573143427,0.1179944358435794
graph_064_mu_0_3_node_671,23,0.0474308300395256,0.0008446293860033,0.4100985221674877,2.4384384384384385,0.0131756049116031,5.064,17.936,0.2834528930950369,0.7798260869565218,0.2687334035657516,0.0192347332072391,0.6395249515243954,0.6401327898793451,0.0451980883469816
graph_064_mu_0_3_node_403,17,0.088235294117647,0.0004785084136078,0.3933070866141732,2.5425425425425425,0.0111507935673529,7.533,9.467,0.821253787878788,0.5568823529411766,0.0675367762785554,0.0116901679008286,0.3902699092212136,0.3905908796751223,0.0301045953772263
graph_064_mu_0_3_node_542,29,0.0738916256157635,0.0009281774008674,0.4153846153846154,2.4074074074074074,0.018757038273157,18.012,10.988,1.6395272727272727,0.3788965517241379,0.051913625967017,0.0139428974839206,0.2337340425531915,0.234106833468034,0.0803193155390959
graph_064_mu_0_3_node_504,21,0.0523809523809523,0.0005589619668387,0.3997599039615846,2.5015015015015014,0.0137521128543233,11.009,9.991,1.1021583333333334,0.4757619047619048,0.0472007150471017,0.0126779934601526,0.3121443850267379,0.3124832010888023,0.0425164789956867
graph_064_mu_0_3_node_582,37,0.069069069069069,0.0022257761419415,0.4465802413947251,2.239239239239239,0.0255567050418311,20.005,16.995,1.1774379084967317,0.4593243243243245,0.2542422370878138,0.0182298587092192,0.298144114457445,0.2987206658465545,0.2840942102358386
graph_064_mu_0_3_node_400,21,0.1,0.0005110335633622,0.3994402239104358,2.503503503503504,0.0135038434592833,16.016,4.984,3.2168000000000005,0.2373333333333333,0.0235469923160238,0.0063243231247908,0.1346571834992887,0.1348262876459687,0.061407986851895
graph_064_mu_0_3_node_69,30,0.0712643678160919,0.001196487564519,0.3986432561851556,2.5085085085085086,0.0127832230967303,19.016,10.984,1.7322121212121209,0.3661333333333331,0.1643684072742592,0.0117820652301817,0.2241076830732292,0.2244803636369238,0.284266571918871
graph_064_mu_0_3_node_424,26,0.0676923076923076,0.0008655754677475,0.4206315789473684,2.3773773773773774,0.0202573828677076,14.02,11.98,1.1712626262626262,0.4607692307692308,0.0566057159484562,0.0152011974664535,0.299387975042541,0.2997942977713868,0.0661396462756846
graph_064_mu_0_3_node_630,19,0.0467836257309941,0.0005393063667302,0.404126213592233,2.4744744744744747,0.0134943587371463,8.033,10.967,0.7336780303030302,0.5772105263157897,0.1642574860758968,0.0117618928584479,0.4058107279693486,0.4061825547165841,0.0897315560992123
graph_064_mu_0_3_node_713,18,0.065359477124183,0.0005950539277694,0.3906922174423152,2.55955955955956,0.0105241112619882,6.03,11.97,0.5048892107892108,0.6649999999999999,0.2357603811733568,0.0126341421626173,0.4983558062227628,0.4987615698519498,0.1178527837707133
graph_064_mu_0_3_node_362,23,0.1897233201581027,0.0006363406097907,0.391304347826087,2.555555555555556,0.0132864268919349,12.022,10.978,1.0967038961038955,0.4773043478260871,0.3290458724318352,0.0113703268858643,0.3135179470679469,0.3138902473535369,0.3592262564612455
graph_064_mu_0_3_node_626,27,0.0997150997150997,0.0011068568032523,0.4112803622890078,2.431431431431432,0.0140245881025463,17.051,9.949,1.717188636363636,0.3684814814814814,0.1603084502439681,0.0106286125456849,0.2259144209683136,0.2262519512040676,0.27327013711858
graph_064_mu_0_3_node_695,19,0.1228070175438596,0.0005947385518179,0.4309749784296807,2.32032032032032,0.0251350522149968,9.014,9.986,0.9035511904761908,0.525578947368421,0.0610857206558488,0.0119389897540654,0.356517977647121,0.3568565783112047,0.0550995047768321
graph_064_mu_0_3_node_596,49,0.0977891156462585,0.0027306453897571,0.4522408329560887,2.2112112112112112,0.0370620142506469,30.022,18.978,1.582206871345029,0.3873061224489795,0.1160703221603153,0.0226907248980376,0.2401674590923124,0.2408116778068368,0.1835679618040824
graph_064_mu_0_3_node_545,25,0.1233333333333333,0.0009777288123298,0.3878105590062112,2.578578578578578,0.0094741029517427,13.07,11.93,1.0973651348651352,0.4772000000000002,0.2331596168041338,0.0125818377913368,0.3134580819403341,0.313862683266072,0.2342675681065449
graph_064_mu_0_3_node_569,27,0.09,0.0005833583809165,0.4134933774834437,2.4184184184184185,0.0196539348352346,21.002,5.998,3.5018,0.2221481481481482,0.0283341796503076,0.0076113552224024,0.124954081632653,0.1251576521260787,0.0944817940534823
graph_064_mu_0_3_node_393,55,0.0781144781144781,0.0032798995860043,0.4584671867829279,2.181181181181181,0.038640344836421,36.011,18.989,1.8965626074991404,0.3452545454545456,0.116135490157412,0.0227039284682695,0.2086475270872185,0.209292381217134,0.2201657900381605
graph_064_mu_0_3_node_279,20,0.0421052631578947,0.0004753501265165,0.408923454768727,2.4454454454454453,0.0160174056325469,9.034,10.966,0.8246060606060608,0.5483,0.0518155327182444,0.0139144574759893,0.3777649239896182,0.3781367421623494,0.0237827173563454
graph_064_mu_0_3_node_217,20,0.1684210526315789,0.0004955317297883,0.4315334773218142,2.3173173173173174,0.0253980838745262,13.012,6.988,1.863428571428572,0.3493999999999999,0.0427469638758201,0.0083546603887916,0.2116995161701043,0.2119365504198647,0.0794984596082748
graph_064_mu_0_3_node_43,31,0.0709677419354838,0.0013554639703302,0.4251063829787234,2.3523523523523524,0.0197984466643047,10.052,20.948,0.4806400136370338,0.6757419354838712,0.4541004379877183,0.0220022295003374,0.5104262521678878,0.5111363329233571,0.2165489768060519
graph_064_mu_0_3_node_638,27,0.094017094017094,0.0010485308036222,0.4420353982300884,2.2622622622622623,0.0260932112064536,11.009,15.991,0.6885125000000001,0.5922592592592593,0.0977984030773305,0.0191195056939616,0.4207246963562752,0.4212668748920116,0.0672997853057493
graph_064_mu_0_3_node_457,19,0.0994152046783625,0.0004930004410974,0.3934619929105947,2.541541541541541,0.0131432811768307,7.037,11.963,0.5890991341991343,0.6296315789473685,0.1925047717107212,0.0127837339632726,0.4595744023002088,0.4599799565466268,0.1124933794302704
graph_064_mu_0_3_node_864,28,0.2037037037037037,0.0007604029065859,0.4356737897950283,2.295295295295295,0.0454724228867767,20.0,8.0,2.5,0.2857142857142856,0.0458707954332039,0.0096906987370188,0.1666666666666666,0.1669381475951314,0.1146769885830098
graph_064_mu_0_3_node_584,22,0.1558441558441558,0.0007305042756577,0.390081999219055,2.563563563563564,0.0102077114339775,11.011,10.989,1.0024222222222223,0.4995,0.3624409594053972,0.0113447800109741,0.3329131652661063,0.3332858130390134,0.3625252749287554
graph_064_mu_0_3_node_199,21,0.2666666666666666,0.0006058606406058,0.3928430987023201,2.5455455455455454,0.0124354602581524,12.016,8.984,1.3390416666666665,0.4278095238095238,0.625324871974366,0.0091316023913477,0.2721513368983956,0.2724560345679785,0.8339094832607732
graph_064_mu_0_3_node_423,17,0.0955882352941176,0.0004587283536492,0.3817348108521207,2.61961961961962,0.009639868059118,6.033,10.967,0.5506575757575755,0.6451176470588236,0.2330435461685925,0.0115326365766077,0.4762430434782609,0.476614819909807,0.1273289236331401
graph_064_mu_0_3_node_725,30,0.1587301587301587,0.0011937422436737,0.4028225806451613,2.4824824824824825,0.0129191819010063,20.992,9.008,2.3328311688311687,0.3002666666666665,0.1759345893821056,0.0095015291153054,0.1766846103317959,0.1769903077614818,0.3901683161365689
graph_064_mu_0_3_node_53,24,0.1050724637681159,0.0009084158322446,0.4181665969024696,2.391391391391392,0.0199729149542415,13.019,10.981,1.1864545454545457,0.4575416666666665,0.0671723843144003,0.0131286118559456,0.2966640113798008,0.2970364386310709,0.0795377850583371
graph_064_mu_0_3_node_688,47,0.0786308973172988,0.0021624757331963,0.4438027543314082,2.253253253253253,0.031955249481408,33.034,13.966,2.3676791208791204,0.2971489361702128,0.065992616156501,0.017720915543205,0.1745189341567415,0.1749931951560864,0.1513137469752837
graph_064_mu_0_3_node_952,51,0.0833333333333333,0.0036575648024943,0.4514234071396295,2.215215215215215,0.0263271825089556,30.117,20.883,1.447372656291077,0.4094705882352942,0.4445353812763886,0.0219475541677592,0.2575424013169682,0.2582512432065172,0.616498724684159
graph_064_mu_0_3_node_635,40,0.1089743589743589,0.0019592205600461,0.4193954659949622,2.3843843843843846,0.0245544250471484,19.034,20.966,0.9083361344537818,0.5241500000000001,0.3981707907376394,0.022158800376137,0.3551853645412968,0.3558964883449866,0.3605735616780143
graph_064_mu_0_3_node_27,25,0.1660079051383399,0.0008073820249012,0.3899297423887587,2.5645645645645647,0.0098249261153633,12.051,12.949,0.9320745920745924,0.5179599999999998,0.90231014519436,0.0131617501153096,0.3495797259933975,0.3500188408290251,0.7654876010187323
graph_064_mu_0_3_node_147,21,0.1523809523809524,0.0005953771063518,0.4134933774834437,2.4184184184184185,0.0183742639326034,12.007,8.993,1.3356249999999998,0.4282380952380953,0.055000878756215,0.0107523659930681,0.2724716577540106,0.2727766604702489,0.0734139627153306
graph_064_mu_0_3_node_699,29,0.0886699507389162,0.0009904608508776,0.4332176929748482,2.3083083083083085,0.0261335521735599,15.023,13.977,1.0751465201465198,0.4819655172413792,0.066037960936278,0.0177355219809855,0.3175106280193236,0.317984682761551,0.0662034042727505
graph_064_mu_0_3_node_804,21,0.0952380952380952,0.0008181607213862,0.4530612244897959,2.2072072072072078,0.0295872539423799,7.019,13.981,0.5022115384615384,0.6657619047619046,0.0660508870758456,0.0177410453051377,0.4990206896551724,0.4994946227032412,0.0283501159052877
graph_064_mu_0_3_node_564,43,0.1594684385382059,0.0020219820797802,0.4293081220455522,2.329329329329329,0.025821002931521,25.043,17.957,1.3956711251167135,0.4176046511627906,0.5382870486202472,0.0186002846643912,0.2639378266758836,0.2645472018115449,0.7483918943013436
graph_064_mu_0_3_node_736,35,0.1294117647058823,0.0013000423817054,0.4349151066608619,2.299299299299299,0.0443505449430118,23.004,11.996,1.917833333333334,0.342742857142857,0.0687876746312874,0.0145309460647119,0.2068160919540229,0.2072232053753669,0.1318877961297206
graph_064_mu_0_3_node_136,50,0.0693877551020408,0.0030448744640461,0.4455842997323818,2.244244244244244,0.0307375794533994,34.021,15.979,2.129494047619048,0.31958,0.0754936694890337,0.0202761363845942,0.1901833756758517,0.1907259942333028,0.1606432172267409
graph_064_mu_0_3_node_94,22,0.0822510822510822,0.0007617974838553,0.3893219017926734,2.5685685685685686,0.0106789007422662,9.017,12.983,0.6947897435897434,0.5901363636363638,0.4281707734403353,0.0134046439561718,0.418608633776091,0.4190488107600434,0.2967264835229447
graph_064_mu_0_3_node_446,13,0.2051282051282051,0.0001694734348064,0.4065934065934066,2.45945945945946,0.0145222821870367,7.023,5.977,1.1829166666666668,0.4597692307692309,0.1272302488837811,0.0062807034443049,0.2986948616600789,0.2988975270345677,0.1485544366702255
graph_064_mu_0_3_node_557,38,0.2475106685633001,0.0011497800896216,0.4309749784296807,2.32032032032032,0.0304437449934736,24.021,13.979,1.7203406593406594,0.3678684210526315,0.2654846255409171,0.0147733063524154,0.2254168417366946,0.2258912536379711,0.4554040790045245
graph_064_mu_0_3_node_235,28,0.074074074074074,0.0008612662661453,0.4274711168164313,2.339339339339339,0.0207561705380889,14.013,13.987,1.002076923076923,0.4995357142857143,0.0660816459239573,0.0177484439712566,0.3329344608879491,0.3334088221640319,0.0567470024556482
graph_064_mu_0_3_node_698,21,0.0619047619047619,0.0006102247080943,0.411619283065513,2.4294294294294296,0.0172269224193954,8.006,12.994,0.6162167832167831,0.6187619047619046,0.1943656253068227,0.0139388322005926,0.4479893214682979,0.4484298410845408,0.1046830152319258
graph_064_mu_0_3_node_999,30,0.057471264367816,0.001252266008098,0.4251063829787234,2.3523523523523524,0.0198354002762751,17.016,12.984,1.3109895104895106,0.4328000000000002,0.0613443940418246,0.0164755584324426,0.2761766608771168,0.2766171106319013,0.0614407410216985
graph_064_mu_0_3_node_599,15,0.0666666666666666,0.0002861236121242,0.3829053277117669,2.6116116116116115,0.0104920288972752,5.029,9.971,0.5077857142857143,0.6647333333333332,0.2162943134338038,0.0104699436681054,0.4981944099378882,0.4985324105207083,0.1082256444498406
graph_064_mu_0_3_node_614,17,0.1397058823529411,0.0003070584503021,0.4037995149555375,2.4764764764764764,0.0166978246956862,9.008,7.992,1.127732142857143,0.4701176470588235,0.0488809970646378,0.0095554283250785,0.3073152218152217,0.3075862291087912,0.0550785270384907
graph_064_mu_0_3_node_724,30,0.2344827586206896,0.0008361498746085,0.4309749784296807,2.32032032032032,0.0508457292454451,23.005,6.995,3.2892857142857137,0.2331666666666667,0.0401130179355784,0.0084730321068818,0.1319706498951782,0.1322080825368127,0.1318877961297206
graph_064_mu_0_3_node_623,55,0.0914368650217706,0.0032300858742355,0.4601566098572087,2.1731731731731734,0.0429347212909195,31.023,23.977,1.2940424430641824,0.4359454545454546,0.1466440783593515,0.0286676965122923,0.2787346072521617,0.2795484370003935,0.1835802923211745
graph_064_mu_0_3_node_414,27,0.1709401709401709,0.000947677196593,0.4171189979123173,2.397397397397397,0.0202760714831096,13.027,13.973,0.9342458791208792,0.5175185185185184,0.4611258527352153,0.0144232285732279,0.3491753976670201,0.349649252338864,0.4286099133632052
graph_064_mu_0_3_node_195,20,0.0789473684210526,0.000613679149509,0.3956435643564356,2.5275275275275275,0.0108069282507277,10.012,9.988,1.0026666666666668,0.4993999999999999,0.149438284421753,0.0107141058457835,0.3328172043010752,0.333155895755395,0.1345924481553331
graph_064_mu_0_3_node_300,24,0.1920289855072463,0.0006555373894381,0.4060975609756098,2.4624624624624625,0.0178697751189003,13.025,10.975,1.1878606060606065,0.4572916666666666,0.2085110494869096,0.0115985353903281,0.2964626764416238,0.2968349003928689,0.2466766966920918
graph_064_mu_0_3_node_743,19,0.0467836257309941,0.0005819475118121,0.4074225122349103,2.454454454454454,0.0128830009043233,6.046,12.954,0.4673034188034188,0.6817894736842105,0.1939192830886357,0.0138939442267847,0.5173349602122014,0.5177740658330311,0.0897282987702221
graph_064_mu_0_3_node_941,24,0.1050724637681159,0.0007025392372654,0.4227676682183665,2.365365365365365,0.0305973211485692,14.004,9.996,1.401133333333333,0.4165,0.0573204631024211,0.0121082317272902,0.26302995951417,0.2633690139697787,0.0802875372322784
graph_064_mu_0_3_node_349,25,0.13,0.0006665204330541,0.4445927903871829,2.249249249249249,0.0320074026019114,11.007,13.993,0.7866758241758244,0.5597200000000002,0.0661024853805759,0.017756850316992,0.3886261261261262,0.3891005940922759,0.0519648415474313
graph_064_mu_0_3_node_488,14,0.2087912087912088,0.0002323504659114,0.3730395817774458,2.680680680680681,0.0080789126754137,8.021,5.979,1.3496666666666666,0.4270714285714285,0.1272399107195299,0.0062832255124007,0.2716581818181817,0.271860928729369,0.1697654569536875
graph_064_mu_0_3_node_827,23,0.0869565217391304,0.0010187837559751,0.4436056838365897,2.254254254254254,0.0235785428790564,9.012,13.988,0.6443736263736264,0.6081739130434782,0.0855496198595801,0.0167246114467463,0.4369772727272727,0.4374515070596627,0.055037395113421
graph_064_mu_0_3_node_554,35,0.0974789915966386,0.001369153048345,0.4351045296167247,2.2982982982982985,0.029670226728738,22.002,12.998,1.692797202797203,0.3713714285714287,0.0794887035107138,0.0155411943676865,0.2280285459411239,0.2284696196877763,0.1345407327704763
graph_064_mu_0_3_node_514,32,0.064516129032258,0.0013651130019981,0.4222316145393068,2.3683683683683685,0.0183679436793236,17.034,14.966,1.1386783882783882,0.4676875,0.0707169831468727,0.0189899087589209,0.3052414565826331,0.3057491071718261,0.0709457974906916
graph_064_mu_0_3_node_486,15,0.0380952380952381,0.000493576198044,0.3919183993723029,2.5515515515515514,0.0086848599459571,3.018,11.982,0.2523799533799534,0.7988000000000002,0.2387096689738501,0.0126346856981993,0.6652376529559191,0.6656437404256991,0.0401372051276385
graph_064_mu_0_3_node_200,19,0.023391812865497,0.0006699465226133,0.4024979854955681,2.4844844844844847,0.0136010410177776,6.025,12.975,0.4651551365301365,0.6828947368421053,0.1942906940721993,0.0139163101525729,0.518681269101269,0.5191210855283943,0.0599909423366331
graph_064_mu_0_3_node_256,25,0.2733333333333333,0.0005268698512967,0.4287553648068669,2.3323323323323324,0.0454365181995348,19.01,5.99,3.1749999999999994,0.2396000000000001,0.0343494652150099,0.0072557313483668,0.136111111111111,0.1363143826290555,0.1089431391538593
graph_064_mu_0_3_node_276,36,0.0819964349376114,0.0016592596393969,0.4136645962732919,2.417417417417417,0.0180960997297904,20.027,15.973,1.2544443438914028,0.4436944444444446,0.346105253675517,0.0167793230109672,0.2851202169389255,0.2856621167001545,0.4114401111319041
graph_064_mu_0_3_node_143,31,0.2,0.0010652237606704,0.4463806970509383,2.24024024024024,0.0486758465633415,18.006,12.994,1.385807692307692,0.4191612903225805,0.0745080901544043,0.0157399976833449,0.2651542857142857,0.2655951042279911,0.103214417929837
graph_064_mu_0_3_node_766,23,0.0434782608695652,0.0007269198805014,0.4100985221674877,2.4384384384384385,0.0164177596963027,10.025,12.975,0.7737717948717951,0.5641304347826086,0.0615436184585176,0.0164589383318584,0.3930369075369075,0.3934768431753567,0.0331889107005145
graph_064_mu_0_3_node_890,23,0.1304347826086956,0.0006974851975517,0.428204029147021,2.335335335335335,0.0253265340470243,12.007,10.993,1.0924191919191917,0.4779565217391305,0.0672339058736154,0.0131435512795094,0.314032132132132,0.3144049407230091,0.067297117930206
graph_064_mu_0_3_node_145,23,0.1739130434782608,0.0005393191567704,0.4015273311897106,2.4904904904904903,0.0182128588823311,11.019,11.981,0.9210774891774888,0.5209130434782607,0.2275528722663621,0.0126616619495517,0.3522528118939882,0.3526590857694411,0.2087085719069771
graph_064_mu_0_3_node_805,25,0.18,0.0007180003402506,0.4332176929748482,2.3083083083083085,0.0410651081091338,15.001,9.999,1.5002777777777778,0.39996,0.0573341083265926,0.0121120780844859,0.2499695121951219,0.2503086913306705,0.0860077414372574
graph_064_mu_0_3_node_281,20,0.0473684210526315,0.0006518598680764,0.3848228043143297,2.5985985985985987,0.0106882336415242,6.002,13.998,0.4290526140526141,0.6998999999999999,0.275824910487301,0.0147744783908807,0.5384171613826786,0.5388916376688402,0.1169984829170775
graph_064_mu_0_3_node_98,20,0.1052631578947368,0.0004510926582021,0.3991210547343188,2.5055055055055053,0.013690875949343,15.007,4.993,3.007,0.2496499999999999,0.0235908751702213,0.0063356322540236,0.1426349206349206,0.1428043185263595,0.0708745587782903
graph_064_mu_0_3_node_37,19,0.0994152046783625,0.0005095628716576,0.3928430987023201,2.5455455455455454,0.0131449470597011,8.002,10.998,0.7276181818181817,0.5788421052631582,0.6082898588746648,0.0112101030473379,0.4073068783068783,0.4076797551346272,0.4424157126592081
graph_064_mu_0_3_node_889,28,0.0846560846560846,0.0009562997648072,0.4249255635899617,2.353353353353353,0.0205369060653573,16.014,11.986,1.336444444444444,0.4280714285714286,0.0566305308985736,0.0152090436208457,0.2723349237051363,0.2727415049487982,0.0708745587782903
graph_064_mu_0_3_node_891,17,0.2647058823529412,0.000353922907663,0.4029850746268656,2.4814814814814814,0.0184524861320937,13.004,3.996,3.255666666666667,0.2350588235294117,0.0244408489615947,0.0047776922858643,0.1331870967741935,0.1333226555373855,0.0795186751415338
graph_064_mu_0_3_node_538,53,0.1090196078431372,0.0036026982087278,0.4625,2.1621621621621623,0.0378288449120328,30.05,22.95,1.3105132690917018,0.4330188679245282,0.4973656157597242,0.0241073297035536,0.2763719218894715,0.2771508682894634,0.6281303548113014
graph_064_mu_0_3_node_678,30,0.0597701149425287,0.0010066100823678,0.4153846153846154,2.4074074074074074,0.0184159878947306,20.888,9.112,2.296,0.3037333333333333,0.0430598552658239,0.0115621387488752,0.1791058823529411,0.1794151057549076,0.0891843116967692
graph_064_mu_0_3_node_786,23,0.0869565217391304,0.0006715335109439,0.4037995149555375,2.4764764764764764,0.0139952798730033,15.017,7.983,1.882392857142857,0.347086956521739,0.0377173407094962,0.0101297406135349,0.2100033063427799,0.2102741188640381,0.0661875670018442
graph_064_mu_0_3_node_27,25,0.1660079051383399,0.0008073820249012,0.3899297423887587,2.5645645645645647,0.0098249261153633,12.051,12.949,0.9320745920745924,0.5179599999999998,0.90231014519436,0.0131617501153096,0.3495797259933975,0.3500188408290251,0.7654876010187323
graph_064_mu_0_3_node_946,20,0.3473684210526316,0.0003187699667546,0.4199243379571248,2.3813813813813813,0.0407001272738885,16.0,4.0,4.0,0.2,0.0229353977166019,0.0048453493685094,0.1111111111111111,0.1112468331523706,0.0917415908664078
graph_064_mu_0_3_node_168,22,0.2421052631578947,0.0004422015370925,0.383935434281322,2.6046046046046047,0.0104366967772527,13.023,8.977,1.452738095238095,0.4080454545454546,0.6252495773240269,0.0091235637370631,0.2563637743006164,0.2566682553941414,0.8340734506124287
graph_064_mu_0_3_node_826,26,0.0615384615384615,0.0012688710651745,0.4169449081803005,2.3983983983983985,0.0138388255614013,11.051,14.949,0.7407281385281382,0.5749615384615383,0.223872662023243,0.0160331885055682,0.403605800922874,0.4041126690909037,0.164802566504426
graph_064_mu_0_3_node_442,20,0.1263157894736842,0.000578394101388,0.4100985221674877,2.4384384384384385,0.0187109152929526,7.082,12.918,0.5514468864468864,0.6459000000000001,0.2749794528797457,0.0135771439891114,0.47738936988937,0.4778272859149019,0.1486570174954577
graph_064_mu_0_3_node_625,26,0.1015384615384615,0.0008050635620975,0.4251063829787234,2.3523523523523524,0.0213035909965543,18.879,7.121,2.6603769841269846,0.2738846153846153,0.0336492525229963,0.009036014295025,0.1587560641807355,0.1589977044671684,0.0845220684339621
graph_064_mu_0_3_node_707,38,0.139402560455192,0.0020260472234608,0.4260127931769722,2.3473473473473474,0.0233441527359962,19.023,18.977,1.0028031045751633,0.4993947368421053,0.6259662204506476,0.0195916066882486,0.3328184297681666,0.3334621337970462,0.6261945891372537
graph_064_mu_0_3_node_244,24,0.0507246376811594,0.0009097850247742,0.3943939992104224,2.535535535535536,0.0109177201324247,10.042,13.958,0.7201538461538459,0.5815833333333333,0.2090174705208088,0.0149709054222935,0.4101042016806723,0.410577452256868,0.1495471646170369
graph_064_mu_0_3_node_548,26,0.1723076923076923,0.0009298876087945,0.4013660104459622,2.4914914914914914,0.0147094892128852,14.016,11.984,1.169818181818182,0.460923076923077,0.3951287699574194,0.0123736629365286,0.2994926829268292,0.2998991412740631,0.4614283021697149
graph_064_mu_0_3_node_563,32,0.0846774193548387,0.0013419677035545,0.4209860935524652,2.3753753753753752,0.0214005907159401,20.009,11.991,1.668848484848485,0.37471875,0.0733372914515706,0.0143368288383875,0.2305602322206096,0.23096709331176,0.1223053224742689
graph_064_mu_0_3_node_839,33,0.1477272727272727,0.0015031905771536,0.427105600684053,2.3413413413413413,0.0194888984658083,16.035,16.965,0.9459921703296704,0.5140909090909093,0.5084690687277996,0.0175725587657465,0.3460288844245972,0.3466042634471694,0.4789335229474591
graph_064_mu_0_3_node_534,25,0.1185770750988142,0.0008471345670249,0.4008828250401284,2.4944944944944947,0.0132334774302649,13.986,11.014,1.2706128593628596,0.4405600000000002,0.2336422028033988,0.0115875288948208,0.2825494808277221,0.2829230513550838,0.275654168057664
graph_064_mu_0_3_node_547,25,0.2133333333333333,0.0007171843859061,0.3969010727056019,2.51951951951952,0.0149601744563835,14.016,10.984,1.2768750000000002,0.4393600000000001,0.3290681373590263,0.0113784310276794,0.2815521978021977,0.2819247519673766,0.4190488167644936
graph_064_mu_0_3_node_370,21,0.1714285714285714,0.0003818472395721,0.4181665969024696,2.391391391391392,0.0323860171648517,14.0,7.0,2.0,0.3333333333333332,0.0401369460040534,0.0084793613948914,0.2,0.2002374571729026,0.0802738920081069
graph_064_mu_0_3_node_762,27,0.0911680911680911,0.0007987507263284,0.4320934256055363,2.314314314314314,0.021008624690826,16.022,10.978,1.4603818181818178,0.4065925925925926,0.051874971342488,0.0139293795596467,0.2551961945031712,0.25556859589956,0.0709096843670665
graph_064_mu_0_3_node_267,24,0.0434782608695652,0.0009210888245492,0.4220532319391635,2.369369369369369,0.0178124458276079,12.013,11.987,1.0023636363636363,0.4994583333333333,0.0566319271017263,0.0152106980341389,0.3328648648648648,0.3332713696990269,0.0378235854544087
graph_064_mu_0_3_node_112,25,0.1766666666666666,0.0008441020246226,0.404126213592233,2.4744744744744747,0.0175190075213426,13.025,11.975,1.088219696969697,0.4790000000000001,0.2274430600721375,0.0126567074013396,0.3149527665317139,0.3153588923937848,0.2467288619173976
graph_064_mu_0_3_node_225,19,0.1345029239766081,0.0004439494935061,0.389018691588785,2.5705705705705704,0.0134123874620398,8.027,10.973,0.7321282828282829,0.577526315789474,0.2084653620825433,0.0115968964671785,0.4060675971538041,0.4064396272080093,0.1518060326783145
graph_064_mu_0_3_node_901,39,0.068825910931174,0.0021451610706607,0.4502027940513745,2.221221221221221,0.0277074660786047,23.915,15.085,1.5868642857142858,0.3867948717948719,0.0712958357283937,0.0191398533642284,0.239809218335428,0.2403211420488797,0.1081408064470486
graph_064_mu_0_3_node_849,17,0.0367647058823529,0.0004111740238428,0.3954869358669833,2.5285285285285286,0.0104069392484101,6.025,10.975,0.5494340909090907,0.6455882352941177,0.1643040905131263,0.0117713229236851,0.4767352285395764,0.4771072758909246,0.0599361773547512
graph_064_mu_0_3_node_529,17,0.0661764705882353,0.0005471057976592,0.41625,2.4024024024024024,0.0149316395911078,4.034,12.966,0.3123384365634365,0.7627058823529412,0.2554610871885447,0.0136822364047352,0.6167870711896797,0.6172265232609063,0.078480061595528
graph_064_mu_0_3_node_116,18,0.0784313725490196,0.0007152771945559,0.4007220216606498,2.4954954954954958,0.0150216907278978,6.01,11.99,0.5014454545454545,0.666111111111111,0.6634989951774073,0.0122195433015984,0.4994138461538461,0.4998202871903872,0.2765896047134026
graph_064_mu_0_3_node_387,19,0.2222222222222222,0.0003043483608189,0.4069246435845214,2.457457457457457,0.0306716424041051,15.004,3.996,3.7595,0.2103157894736841,0.0229141774081476,0.0048404202230768,0.1175228758169934,0.1176584529634425,0.0860289617457117
graph_064_mu_0_3_node_342,40,0.0615384615384615,0.0019724937935422,0.452445652173913,2.21021021021021,0.0329702397765502,19.022,20.978,0.9069172932330828,0.5244500000000002,0.0991075047568252,0.0266198957782818,0.3554394739279429,0.3561510040828564,0.0897740111945195
graph_064_mu_0_3_node_232,13,0.141025641025641,0.0002316327499758,0.3759879563417388,2.65965965965966,0.0079736251648501,6.02,6.98,0.8646642857142858,0.536923076923077,0.1484476866755287,0.0073371365697416,0.3671169059011163,0.3673535565257382,0.1273444086969853
graph_064_mu_0_3_node_136,50,0.0693877551020408,0.0030448744640461,0.4455842997323818,2.244244244244244,0.0307375794533994,34.021,15.979,2.129494047619048,0.31958,0.0754936694890337,0.0202761363845942,0.1901833756758517,0.1907259942333028,0.1606432172267409
graph_064_mu_0_3_node_436,28,0.0555555555555555,0.0009668395884511,0.4249255635899617,2.353353353353353,0.0204119891918141,14.024,13.976,1.0037692307692307,0.4991428571428571,0.0660347798849384,0.0177340722505202,0.3325933756166314,0.3330673643277937,0.0614247708068563
graph_064_mu_0_3_node_220,28,0.0646153846153846,0.0009981812442263,0.3908450704225352,2.558558558558558,0.0110297392044712,17.031,10.969,1.5537818181818184,0.3917500000000001,0.1642257470762141,0.0117645231580808,0.2436124223602484,0.2439845440257058,0.2395515973897853
graph_064_mu_0_3_node_259,19,0.087719298245614,0.0005502677679855,0.3928430987023201,2.5455455455455454,0.0112275668853802,6.035,12.965,0.4662767379679145,0.6823684210526315,0.1945899103508537,0.0139006018546935,0.518074481074481,0.5185139589781654,0.0898583243687334
graph_064_mu_0_3_node_118,26,0.0553846153846153,0.0009201548465571,0.4227676682183665,2.365365365365365,0.0177157621715683,14.024,11.976,1.171433333333333,0.4606153846153847,0.0565847426938604,0.015196289130096,0.2992405342624854,0.2996467215729402,0.0520096497929991
graph_064_mu_0_3_node_831,33,0.2064393939393939,0.0012540062344911,0.4453856442264824,2.245245245245245,0.0290559279199443,18.024,14.976,1.2063582417582412,0.4538181818181816,0.2844538719915929,0.0158262334584679,0.2935704222600702,0.294078445673228,0.3415781654972545
graph_064_mu_0_3_node_533,48,0.0673758865248227,0.0029368331378389,0.4625,2.1621621621621623,0.0320081419301575,28.033,19.967,1.4043748194014445,0.4159791666666667,0.0943370617560556,0.0253364918219219,0.2626223663079092,0.2633000428284383,0.1228876941510407
graph_064_mu_0_3_node_166,21,0.1142857142857142,0.000703293106085,0.4114497528830313,2.4304304304304303,0.0155984143213355,10.065,10.935,0.9287227272727268,0.5207142857142858,0.1763450233968033,0.0116766666964082,0.3523092934345057,0.3526800861036581,0.1449537171420313
graph_064_mu_0_3_node_117,21,0.1857142857142857,0.0003667572717859,0.4036363636363636,2.477477477477477,0.0189882799491498,16.004,4.996,3.2042000000000006,0.2379047619047619,0.0305519403746647,0.0059735653459882,0.1350156472261735,0.1351851583593725,0.0978442579794151
graph_064_mu_0_3_node_226,27,0.1166666666666666,0.0008853954625798,0.4136645962732919,2.417417417417417,0.0188926384320153,11.027,15.973,0.6908107142857143,0.5915925925925926,0.3033536327469266,0.0168817251194842,0.4200951127819547,0.420636681851972,0.1899010359473624
graph_064_mu_0_3_node_100,14,0.1758241758241758,0.0002800199658662,0.395017793594306,2.5315315315315314,0.0111229764758283,5.016,8.984,0.5593555555555554,0.6417142857142857,0.1947176239206651,0.0094362393814814,0.4725717772692602,0.4728763303383722,0.1082734056001869
graph_064_mu_0_3_node_178,29,0.0911330049261083,0.000991717562554,0.4242038216560509,2.3573573573573574,0.0221596195719842,18.015,10.985,1.640537878787879,0.3787931034482759,0.0518977363574947,0.0139392270911916,0.2336611807535226,0.2340338699631986,0.0803340469533402
graph_064_mu_0_3_node_861,19,0.0584795321637426,0.0005141032010197,0.390234375,2.5625625625625625,0.010042606528041,10.002,8.998,1.1139761904761905,0.4735789473684211,0.0428251343423359,0.0114111093812277,0.3104413283094523,0.3107464587399238,0.0378178231073803
graph_064_mu_0_3_node_123,27,0.168091168091168,0.0013052895126498,0.4332176929748482,2.3083083083083085,0.0206110177901528,12.013,14.987,0.8019483516483518,0.5550740740740739,0.7076750300211218,0.0153288771139645,0.3841828074364661,0.3846909969275022,0.5663171794528763
graph_064_mu_0_3_node_530,32,0.0544354838709677,0.0011730284241303,0.4204545454545454,2.3783783783783785,0.0197159247029375,21.023,10.977,1.9160404040404049,0.34303125,0.0518637007120917,0.0139287626310845,0.2070360968172289,0.2074085907126128,0.0897912297611876
graph_064_mu_0_3_node_868,21,0.0523809523809523,0.0007055885064874,0.4114497528830313,2.4304304304304303,0.013939654282407,10.04,10.96,0.9179257575757572,0.5219047619047619,0.0518005695706962,0.0139056021689416,0.3532105183715715,0.353582158377292,0.0425572185869219
graph_064_mu_0_3_node_556,22,0.0952380952380952,0.0005201032173868,0.4106041923551171,2.4354354354354357,0.0171583309129169,16.999,5.001,3.400209523809523,0.2273181818181817,0.0236234327048542,0.0063462727420587,0.1282393916183389,0.1284090838167338,0.0661274940477762
graph_064_mu_0_3_node_28,23,0.1541501976284585,0.0007391627875478,0.3936170212765957,2.5405405405405403,0.0110130235125813,13.972,9.028,1.5487833333333338,0.3925217391304348,0.1915036857825479,0.0094976687358722,0.2442211158526948,0.2445273459768413,0.2759258187515878
graph_064_mu_0_3_node_674,35,0.0554621848739495,0.0021459311284654,0.4171189979123173,2.397397397397397,0.0159383870283636,18.025,16.975,1.0628917855020796,0.485,0.2541825153898592,0.0182057369637958,0.3201850259501363,0.3207608215865219,0.2241374217095497
graph_064_mu_0_3_node_673,14,0.0879120879120879,0.0003630896740599,0.3934619929105947,2.541541541541541,0.0117716416178611,5.023,8.977,0.5612722222222222,0.6412142857142857,0.1753417630486414,0.0094686756414339,0.472108187134503,0.4724125030522824,0.0977022705069978
graph_064_mu_0_3_node_4,16,0.1098901098901098,0.0003410800215004,0.3754227733934611,2.663663663663664,0.0070285253480485,9.085,6.915,1.3237841269841268,0.4321875,0.1364145958039407,0.0072984004848197,0.2760812350934091,0.2763157306368533,0.1587324670987164
graph_064_mu_0_3_node_167,17,0.0808823529411764,0.0003715605355157,0.3983253588516746,2.5105105105105103,0.013991614682453,5.018,11.982,0.4190707070707071,0.7048235294117646,0.179329514045537,0.0128518757312646,0.5442611857707507,0.5446673283891039,0.0747800969664989
graph_064_mu_0_3_node_142,19,0.0760233918128654,0.0004136784585226,0.4067589576547231,2.4584584584584586,0.0164691965209752,8.002,10.998,0.7276565656565656,0.5788421052631582,0.0672581712632869,0.0131498543536932,0.4073103448275861,0.4076832216484438,0.0489221289897075
graph_064_mu_0_3_node_454,28,0.1507936507936507,0.0011291565649036,0.3986432561851556,2.5085085085085086,0.0131175952161857,15.011,12.989,1.156068531468531,0.4638928571428572,0.4283415208862487,0.0134102947684236,0.3020090367782986,0.3024495961518227,0.4943272291719358
graph_064_mu_0_3_node_495,16,0.15,0.0003911003834339,0.3808616088448341,2.625625625625626,0.0098268393264065,7.014,8.986,0.7812063492063493,0.561625,0.1908616142194339,0.0094506884528848,0.3905159420289855,0.3908206041878741,0.1486123484860959
graph_064_mu_0_3_node_901,39,0.068825910931174,0.0021451610706607,0.4502027940513745,2.221221221221221,0.0277074660786047,23.915,15.085,1.5868642857142858,0.3867948717948719,0.0712958357283937,0.0191398533642284,0.239809218335428,0.2403211420488797,0.1081408064470486
graph_064_mu_0_3_node_311,42,0.1382113821138211,0.0016461740055274,0.4491906474820143,2.2262262262262262,0.0567155225345733,26.024,15.976,1.629475,0.3803809523809525,0.0916180874220357,0.0193515613532935,0.2348700767263427,0.235412298910078,0.1492035886022849
graph_064_mu_0_3_node_870,34,0.0766488413547237,0.0014260336781163,0.428204029147021,2.335335335335335,0.0249046548581602,20.02,13.98,1.4323388278388274,0.4111764705882353,0.0660434893254787,0.017740065833834,0.2588021645021643,0.2592764817398436,0.0897566492876731
graph_064_mu_0_3_node_902,27,0.1367521367521367,0.0009055710385517,0.4258312020460358,2.3483483483483485,0.0377903707443128,15.005,11.995,1.2510227272727272,0.4442592592592594,0.0687819377714072,0.0145297371756162,0.285564784053156,0.2859716426650958,0.0860276108507438
graph_064_mu_0_3_node_109,21,0.0904761904761904,0.0007445074468843,0.41625,2.4024024024024024,0.0169035972416081,10.039,10.961,0.917342424242424,0.521952380952381,0.1641923450384022,0.0117555252344168,0.3532398460410557,0.353611519962309,0.1497363850963783
graph_064_mu_0_3_node_402,25,0.06,0.0009549526467566,0.421875,2.3703703703703702,0.0166420575664806,12.035,12.965,0.9291958041958044,0.5186,0.0612674174540283,0.0164503662091979,0.350135180727286,0.3505748375308296,0.0426039166720896
graph_064_mu_0_3_node_340,40,0.0487179487179487,0.0020709991697177,0.428204029147021,2.335335335335335,0.0232107455463956,25.917,14.083,1.8424255744255744,0.3520749999999999,0.0665477803112962,0.0178698210508243,0.2136876335864005,0.2141656346156718,0.1134602667976655
graph_064_mu_0_3_node_656,26,0.1969230769230769,0.0005912040149973,0.41625,2.4024024024024024,0.0383691555155296,17.0,9.0,1.8888888888888888,0.3461538461538461,0.0516046448623544,0.0109020360791461,0.2093023255813953,0.2096076690928457,0.0974754402955583
graph_064_mu_0_3_node_382,17,0.0588235294117647,0.0005495258909707,0.3991210547343188,2.5055055055055053,0.0102821898397036,6.022,10.978,0.5491194805194802,0.6457647058823529,0.1643291895085745,0.011774418488392,0.4769331723027376,0.4773053212283377,0.0748224477127675
graph_064_mu_0_3_node_129,33,0.0662878787878787,0.0013093797361079,0.4385425812115891,2.28028028028028,0.0249482862038657,21.014,11.986,1.7536384615384617,0.3632121212121212,0.0566283985877545,0.0152093619737584,0.2219135369871219,0.2223202561954145,0.0850302273604647
graph_064_mu_0_3_node_360,26,0.1476923076923077,0.0007131452130713,0.436054124836316,2.293293293293293,0.0392789758813756,15.008,10.992,1.3655272727272727,0.4227692307692308,0.0630305233820921,0.0133148053256112,0.2680511033681766,0.2684239539547125,0.0860227375563968
graph_064_mu_0_3_node_426,38,0.1603174603174603,0.0018761434060547,0.4504057709648332,2.22022022022022,0.0325205865757858,18.037,19.963,0.9044128205128208,0.5253421052631578,0.3791630308972131,0.0210979968023008,0.3562985769020251,0.3569756580912176,0.3227763053215831
graph_064_mu_0_3_node_899,20,0.0842105263157894,0.0005093866365698,0.4095940959409594,2.4414414414414414,0.0168134022118042,6.034,13.966,0.4334643134643134,0.6982999999999998,0.3028349285852224,0.0146669534692889,0.5367066287644708,0.5371800215850842,0.1298975755078304
graph_064_mu_0_3_node_870,34,0.0766488413547237,0.0014260336781163,0.428204029147021,2.335335335335335,0.0249046548581602,20.02,13.98,1.4323388278388274,0.4111764705882353,0.0660434893254787,0.017740065833834,0.2588021645021643,0.2592764817398436,0.0897566492876731
graph_064_mu_0_3_node_432,17,0.0661764705882353,0.0005290745287685,0.4190436241610738,2.3863863863863863,0.0167741962593348,6.019,10.981,0.5487386363636361,0.6459411764705882,0.1768590616087266,0.0117310038549217,0.4771752292330097,0.4775474796984713,0.0963651217185006
graph_064_mu_0_3_node_434,20,0.0894736842105263,0.0005380338334442,0.4148671096345515,2.4104104104104103,0.0168317356510279,10.009,9.991,1.002,0.49955,0.061106887666767,0.0119454755300104,0.3329462365591397,0.33328502964971,0.0550527797288056
graph_064_mu_0_3_node_84,28,0.0714285714285714,0.0010338501866097,0.440864960282436,2.2682682682682684,0.0278374276873441,18.024,9.976,1.8079333333333336,0.3562857142857141,0.047142684671676,0.0126577719673469,0.2167761332099908,0.2171146017167143,0.0803691913699309
graph_064_mu_0_3_node_918,19,0.2280701754385964,0.0003260259594428,0.4181665969024696,2.391391391391392,0.0229390395467748,13.004,5.996,2.169200000000001,0.315578947368421,0.036669672968055,0.0071691233440125,0.1873560606060606,0.1875594528053647,0.0795203833825004
graph_064_mu_0_3_node_168,22,0.2421052631578947,0.0004422015370925,0.383935434281322,2.6046046046046047,0.0104366967772527,13.023,8.977,1.452738095238095,0.4080454545454546,0.6252495773240269,0.0091235637370631,0.2563637743006164,0.2566682553941414,0.8340734506124287
graph_064_mu_0_3_node_645,29,0.0763546798029556,0.0011695241996536,0.437199124726477,2.287287287287288,0.0214355436349437,19.028,9.972,1.909827777777777,0.3438620689655173,0.0471237514144767,0.0126527574810197,0.2076527210884354,0.2079910769387238,0.0803798847928776
graph_064_mu_0_3_node_155,25,0.0909090909090909,0.0007749492167814,0.4324675324675324,2.3123123123123124,0.0213032290745805,9.903,15.097,0.659345238095238,0.6038799999999999,0.0827835363938146,0.0190400577575829,0.4333458646616542,0.4338577070280159,0.0443767127248085
graph_064_mu_0_3_node_939,16,0.1083333333333333,0.0006017422553206,0.4155574043261231,2.4064064064064064,0.0169860557023598,5.032,10.968,0.4601696969696968,0.6855,0.2185495816581623,0.0115721050050052,0.5217496706192357,0.52212145554372,0.0995950644049997
graph_064_mu_0_3_node_834,17,0.2279411764705882,0.0003182680235353,0.4109419991772933,2.433433433433433,0.0196385395329464,12.006,4.994,2.406799999999999,0.2937647058823529,0.0305426227533986,0.0059710507649104,0.1721868743047831,0.1723562716058265,0.0734000474171456
graph_064_mu_0_3_node_165,52,0.0927601809954751,0.0037434259049361,0.4426229508196721,2.259259259259259,0.0297209018402065,25.093,26.907,0.9343638752672322,0.5174423076923077,0.5722611324650538,0.0282850879572341,0.3491222737011651,0.3500350940313568,0.5306389531737977
graph_064_mu_0_3_node_295,19,0.0955882352941176,0.0004778817635897,0.37,2.702702702702702,0.0059096830507215,9.876,9.124,1.086650641025641,0.4802105263157895,0.1781432251398973,0.0096213426505398,0.3163368472906404,0.3166462461682494,0.1732081821677717
graph_064_mu_0_3_node_845,22,0.1082251082251082,0.0007049169278653,0.4031476997578692,2.4804804804804803,0.0145665915020843,9.025,12.975,0.6965666666666666,0.5897727272727274,0.428149642584121,0.0133934938009675,0.4183072445107073,0.4187471504486178,0.2967772324822973
graph_064_mu_0_3_node_539,26,0.0769230769230769,0.0012125116424528,0.4099302421009438,2.43943943943944,0.0152853892388308,10.966,15.034,0.7297809523809522,0.5782307692307691,0.2936003956548909,0.0158566307590764,0.406748854117275,0.4072586002619642,0.1952327014314578
graph_064_mu_0_3_node_260,41,0.0841463414634146,0.0020314922807631,0.4410596026490066,2.267267267267268,0.0278535758068432,26.032,14.968,1.7401591575091582,0.3650731707317073,0.0707246295309656,0.0189925668109154,0.2233139318024419,0.2238219602435287,0.1228634556793863
graph_064_mu_0_3_node_814,26,0.1476923076923077,0.0008954832457735,0.4304179233089186,2.3233233233233235,0.0215919748728379,11.03,14.97,0.7377229437229434,0.5757692307692306,0.4486875264527582,0.0155054212107917,0.4043499982652742,0.4048575775766164,0.3292986148100341
graph_064_mu_0_3_node_607,22,0.0909090909090909,0.0006464177194578,0.4060975609756098,2.4624624624624625,0.0145733348560514,9.009,12.991,0.6936025641025639,0.5905000000000002,0.1943340922734604,0.0139355324601302,0.4189583333333332,0.4193987812323946,0.1197791458350436
graph_064_mu_0_3_node_173,18,0.1111111111111111,0.0004927355977471,0.3852680293096799,2.5955955955955954,0.0094152096323337,9.037,8.963,1.0096785714285714,0.4979444444444444,0.1905739717150248,0.0094240507930537,0.331591133004926,0.3318950572154981,0.1910589102036074
graph_064_mu_0_3_node_218,40,0.1038406827880512,0.0022826011881825,0.4368167905553126,2.289289289289289,0.0239117083744548,17.038,22.962,0.7427616769195717,0.57405,0.7576569167539026,0.0237039376841354,0.4026417534312062,0.4034204190775351,0.5275669360879492
graph_064_mu_0_3_node_42,27,0.150997150997151,0.0008436543850161,0.4015273311897106,2.4904904904904903,0.01585517372197,16.018,10.982,1.4592022727272729,0.4067407407407407,0.2333130719928432,0.0115482031294801,0.2553052026840702,0.255677739659763,0.3395749905569096
graph_064_mu_0_3_node_749,22,0.0692640692640692,0.0007370312974977,0.4276541095890411,2.3383383383383385,0.018923592453832,12.019,9.981,1.2047666666666663,0.453681818181818,0.0471604523726915,0.0126647047176769,0.2934192343604108,0.2937577345636658,0.0425616215917559
graph_064_mu_0_3_node_292,29,0.1225071225071225,0.0010243417409435,0.4060975609756098,2.4624624624624625,0.0149965089769361,17.015,11.985,1.4203429292929295,0.4132758620689655,0.2596248066873899,0.0125907086367595,0.2604759655018344,0.2608825404108149,0.346411485158547
graph_064_mu_0_3_node_61,35,0.1966386554621848,0.0015260310582321,0.4326548289302728,2.3113113113113117,0.0268381087009151,19.043,15.957,1.194555944055944,0.4559142857142858,0.3031863191184245,0.0168639383279744,0.2953088639892833,0.2958501849453467,0.3606734248756001
graph_064_mu_0_3_node_887,21,0.2047619047619047,0.0005419037366837,0.398961661341853,2.5065065065065064,0.015603312176206,10.02,10.98,0.9134234848484843,0.5228571428571429,0.2085374439491686,0.0116043458837436,0.354019482059686,0.3543917996518642,0.1897839320228202
graph_064_mu_0_3_node_547,25,0.2133333333333333,0.0007171843859061,0.3969010727056019,2.51951951951952,0.0149601744563835,14.016,10.984,1.2768750000000002,0.4393600000000001,0.3290681373590263,0.0113784310276794,0.2815521978021977,0.2819247519673766,0.4190488167644936
graph_064_mu_0_3_node_87,32,0.1854838709677419,0.0013436788137859,0.4330299089726918,2.309309309309309,0.0308312875883826,17.013,14.987,1.135542857142857,0.46834375,0.4487752646595271,0.0155260051193439,0.3057918995290424,0.3063002614127183,0.5088230520031939
graph_064_mu_0_3_node_185,19,0.1228070175438596,0.0005939110963418,0.4159034138218151,2.4044044044044046,0.019273487533323,8.076,10.924,0.7415117604617604,0.574947368421053,0.2325083050728025,0.0114829738840591,0.4036705428135906,0.4040409131213382,0.1705619208241209
graph_064_mu_0_3_node_610,18,0.1895424836601307,0.0003163632075809,0.4274711168164313,2.339339339339339,0.0285090461686404,9.011,8.989,1.00275,0.4993888888888889,0.0549809865138261,0.0107473499709581,0.3328095238095237,0.3331143289688196,0.0550513920706042
graph_064_mu_0_3_node_13,24,0.0978260869565217,0.0006393697032941,0.4095940959409594,2.4414414414414414,0.0160289401868123,16.022,7.978,2.010142857142857,0.3324166666666666,0.0377020031541579,0.0101225906884993,0.1993630662020906,0.1996337275760255,0.0709148359954879
graph_064_mu_0_3_node_920,41,0.1195121951219512,0.0020238106328774,0.4475806451612903,2.234234234234234,0.0524332991991312,26.021,14.979,1.7377036630036635,0.3653414634146342,0.0858983575162927,0.0181440446970414,0.2235073290834828,0.2240157304040658,0.1491265784597252
graph_064_mu_0_3_node_450,20,0.1631578947368421,0.000440657465929,0.4136645962732919,2.417417417417417,0.0177521822047923,11.004,8.996,1.2234920634920632,0.4498000000000001,0.0550166697248199,0.0107560734334783,0.2901661779081134,0.2904712616009033,0.0672886527494489
graph_064_mu_0_3_node_683,34,0.1194295900178253,0.0015342127311205,0.4319066147859922,2.315315315315315,0.0237778247398343,14.031,19.969,0.7032518796992479,0.5873235294117647,0.3792485749390928,0.0211044584313648,0.4158127362055934,0.4164898368429646,0.2656505660552999
graph_064_mu_0_3_node_543,29,0.0689655172413793,0.001217965250753,0.4326548289302728,2.3113113113113117,0.0210382977662167,17.018,11.982,1.4209507575757578,0.4131724137931034,0.0566150681539577,0.0152036214919098,0.2603931174838112,0.2607995907497144,0.0661864227643617
graph_064_mu_0_3_node_845,22,0.1082251082251082,0.0007049169278653,0.4031476997578692,2.4804804804804803,0.0145665915020843,9.025,12.975,0.6965666666666666,0.5897727272727274,0.428149642584121,0.0133934938009675,0.4183072445107073,0.4187471504486178,0.2967772324822973
graph_064_mu_0_3_node_608,48,0.100177304964539,0.0026398609153934,0.45,2.2222222222222223,0.0372144995760076,32.005,15.995,2.0010285714285714,0.3332291666666666,0.0978205991864831,0.0191243796292388,0.1999262872628726,0.2004693745722871,0.1956933468767047
graph_064_mu_0_3_node_907,54,0.0663871418588399,0.0033344383129294,0.4534725374489333,2.205205205205205,0.0349662957495477,35.928,18.072,1.9894173374613005,0.3346666666666666,0.0854097324347965,0.0229301103064375,0.2009825242913476,0.2015962528963913,0.1695741978952072
graph_064_mu_0_3_node_661,18,0.0718954248366013,0.0005912650320135,0.3994402239104358,2.503503503503504,0.0157511267033453,5.97,12.03,0.4973321678321678,0.6683333333333332,0.2350349068373764,0.0126868563260624,0.5020943271221532,0.5025021221882691,0.0976459442965987
graph_064_mu_0_3_node_657,20,0.0105263157894736,0.0005808128199052,0.3842307692307692,2.6026026026026026,0.0102484778418327,10.027,9.973,1.006357142857143,0.49865,0.0471278763754753,0.0126540273784685,0.332187927663734,0.3325261108954334,0.0141841173671597
graph_064_mu_0_3_node_206,27,0.1623931623931624,0.0009460986169232,0.3961141950832672,2.5245245245245247,0.0119640589268646,16.024,10.976,1.4622363636363631,0.4065185185185185,0.3622575917702161,0.0113300079899937,0.2551565539112051,0.2555288874282144,0.5274622584122881
graph_064_mu_0_3_node_3,38,0.0512091038406827,0.0020546751902638,0.4530612244897959,2.2072072072072078,0.0313152031826155,22.024,15.976,1.3788678571428572,0.4204210526315788,0.0754818250547911,0.0202720998944409,0.266170315529702,0.2667123905853054,0.0756321516135174
graph_064_mu_0_3_node_162,53,0.1422351233671988,0.0023729291980787,0.4633580705009276,2.1581581581581584,0.0710180726906333,36.006,16.994,2.1188681372549016,0.3206415094339623,0.0974463116228126,0.0205851682026323,0.1909324168964618,0.1915095610423265,0.2064477081221634
graph_064_mu_0_3_node_436,28,0.0555555555555555,0.0009668395884511,0.4249255635899617,2.353353353353353,0.0204119891918141,14.024,13.976,1.0037692307692307,0.4991428571428571,0.0660347798849384,0.0177340722505202,0.3325933756166314,0.3330673643277937,0.0614247708068563
graph_064_mu_0_3_node_210,20,0.1631578947368421,0.0006453284228418,0.4049452776651804,2.4694694694694697,0.0229133819917514,8.012,11.988,0.6691666666666665,0.5993999999999998,0.6635713950757683,0.0122159474233859,0.4280357142857143,0.4284421426071139,0.4424548430939907
graph_064_mu_0_3_node_836,97,0.0968642611683848,0.0090670214041756,0.4975099601593625,2.01001001001001,0.1080217469573585,65.021,31.979,2.033349059139785,0.329680412371134,0.1833702273869017,0.0387369765671981,0.1973772082472017,0.1984648575569965,0.3728087812757837
graph_064_mu_0_3_node_42,27,0.150997150997151,0.0008436543850161,0.4015273311897106,2.4904904904904903,0.01585517372197,16.018,10.982,1.4592022727272729,0.4067407407407407,0.2333130719928432,0.0115482031294801,0.2553052026840702,0.255677739659763,0.3395749905569096
graph_064_mu_0_3_node_274,27,0.0911680911680911,0.0012095120592381,0.3996,2.5025025025025025,0.0145464159955173,12.931,14.069,0.9208297268907564,0.5210740740740739,0.2748520842477617,0.0148388688903098,0.3524921241163859,0.3529692294651288,0.2521304545251002
graph_064_mu_0_3_node_325,17,0.1102941176470588,0.000385921570055,0.4234845273420941,2.3613613613613613,0.0215719966024221,5.022,11.978,0.4201439393939395,0.7045882352941175,0.1927597962040541,0.0127918722447861,0.5440482778091471,0.5444542849124596,0.0644764483587448
graph_064_mu_0_3_node_282,45,0.0696969696969697,0.0021002883744914,0.4352941176470588,2.2972972972972974,0.0285638225193482,33.779,11.221,3.021090909090909,0.2493555555555555,0.0530403259884658,0.0142373738321923,0.142508173788237,0.1428892731478022,0.1547417212937644
graph_064_mu_0_3_node_607,22,0.0909090909090909,0.0006464177194578,0.4060975609756098,2.4624624624624625,0.0145733348560514,9.009,12.991,0.6936025641025639,0.5905000000000002,0.1943340922734604,0.0139355324601302,0.4189583333333332,0.4193987812323946,0.1197791458350436
graph_064_mu_0_3_node_376,21,0.0809523809523809,0.0006048976938237,0.4087561374795417,2.4464464464464464,0.0157602109401601,8.039,12.961,0.6215565268065266,0.6171904761904761,0.2086475456557772,0.0138462878481447,0.4464839923146929,0.4469233943319269,0.1285962893307669
graph_064_mu_0_3_node_555,21,0.0809523809523809,0.0005938518784769,0.4057676685621446,2.4644644644644647,0.014399205963754,13.02,7.98,1.63475,0.3800000000000001,0.0377099536114454,0.0101252614268092,0.2346168521462639,0.234887526157388,0.0473136702981804
graph_064_mu_0_3_node_979,20,0.0631578947368421,0.0005063502858459,0.427105600684053,2.3413413413413413,0.018930723998229,12.011,7.989,1.5039285714285715,0.39945,0.0377458094071083,0.0101373277606777,0.2495833333333333,0.24985429412005,0.042548974502495
graph_064_mu_0_3_node_202,24,0.0579710144927536,0.0008214468169399,0.4085889570552147,2.4474474474474475,0.0142497125240117,13.023,10.977,1.1876545454545455,0.4573749999999998,0.0518691645285181,0.0139282778726273,0.2965376955903271,0.2969099872760618,0.0520224095488196
graph_064_mu_0_3_node_585,22,0.2052631578947368,0.0005346355464677,0.3846746245668078,2.5995995995996,0.0101797273426695,12.02,9.98,1.2059103174603172,0.4536363636363634,0.6947735446903446,0.0101439814497411,0.2934082973730032,0.2937467636032573,0.7645494832461108
graph_064_mu_0_3_node_296,25,0.19,0.0007387813206262,0.3954869358669833,2.5285285285285286,0.0136158712098464,14.036,10.964,1.2810101010101012,0.4385600000000001,0.3283712524592582,0.0113581417002134,0.2809005628517823,0.2812724393985491,0.4196629722595024
graph_064_mu_0_3_node_196,37,0.081081081081081,0.0018941569647252,0.4590992647058823,2.1781781781781784,0.0303819190367706,21.022,15.978,1.316139010989011,0.4318378378378378,0.0754906260704215,0.0202746772189954,0.2753942174231029,0.2759363233929742,0.0945458835114629
graph_064_mu_0_3_node_144,65,0.1495192307692307,0.004635504777816,0.4655172413793103,2.1481481481481484,0.045720292328488,39.058,25.942,1.5063595238095238,0.3991076923076924,0.4927581470368736,0.0274172793199821,0.2493226917909278,0.2502036390720222,0.7403266264020127
graph_064_mu_0_3_node_185,19,0.1228070175438596,0.0005939110963418,0.4159034138218151,2.4044044044044046,0.019273487533323,8.076,10.924,0.7415117604617604,0.574947368421053,0.2325083050728025,0.0114829738840591,0.4036705428135906,0.4040409131213382,0.1705619208241209
graph_064_mu_0_3_node_144,65,0.1495192307692307,0.004635504777816,0.4655172413793103,2.1481481481481484,0.045720292328488,39.058,25.942,1.5063595238095238,0.3991076923076924,0.4927581470368736,0.0274172793199821,0.2493226917909278,0.2502036390720222,0.7403266264020127
graph_064_mu_0_3_node_222,25,0.0766666666666666,0.0008575476450925,0.4138359569179785,2.4164164164164164,0.0182745763870689,8.049,16.951,0.4760355392156863,0.6780399999999999,0.3675593891289923,0.0178024953584939,0.5131137335316904,0.5136883264993427,0.173216086039995
graph_064_mu_0_3_node_906,24,0.0905797101449275,0.0008180960411153,0.421875,2.3703703703703702,0.021788230764946,11.007,12.993,0.8472307692307692,0.541375,0.0794627306697268,0.0155349841796729,0.3711619047619048,0.3716024801423886,0.0672868023668116
graph_064_mu_0_3_node_962,47,0.1147086031452359,0.0026355495445042,0.4520361990950226,2.2122122122122123,0.0557071852612346,27.012,19.988,1.3515254385964912,0.4252765957446809,0.1146158920842757,0.0242117885837265,0.2700683641536273,0.2707467060597477,0.1548462297229755
graph_064_mu_0_3_node_924,25,0.07,0.0008914923340269,0.41625,2.4024024024024024,0.0158814334650118,15.017,9.983,1.504722222222222,0.39932,0.0471648865779049,0.0126677405453767,0.2494817073170731,0.2498203442089139,0.0567305729191588
graph_064_mu_0_3_node_177,30,0.0942528735632183,0.0014279551101054,0.4307891332470893,2.3213213213213213,0.02517731462608,12.044,17.956,0.671252450980392,0.598533333333333,0.1098315649826019,0.0214682203687104,0.4271407429779523,0.4277495472033915,0.0734524411507903
graph_064_mu_0_3_node_442,20,0.1263157894736842,0.000578394101388,0.4100985221674877,2.4384384384384385,0.0187109152929526,7.082,12.918,0.5514468864468864,0.6459000000000001,0.2749794528797457,0.0135771439891114,0.47738936988937,0.4778272859149019,0.1486570174954577
graph_064_mu_0_3_node_443,18,0.1633986928104575,0.0004654843258592,0.392226148409894,2.5495495495495497,0.010379808477386,9.015,8.985,1.0075,0.4991666666666667,0.4976524593503046,0.0091541683597472,0.3327083333333333,0.3330130027615203,0.4977568071763916
graph_064_mu_0_3_node_348,18,0.1241830065359477,0.0004839989041965,0.3849710982658959,2.5975975975975976,0.0094623495738782,8.029,9.971,0.8118500000000002,0.5539444444444444,0.1605367041221208,0.010650057983532,0.3833294769746384,0.3836675462070947,0.1286227858154243
graph_064_mu_0_3_node_286,21,0.1403508771929824,0.0004068256866705,0.3861615771163509,2.5895895895895897,0.0126576615166746,11.034,9.966,1.109625,0.4745714285714285,0.1894768803872742,0.0105307308315646,0.311204656862745,0.3115426257331598,0.1899497878391021
graph_064_mu_0_3_node_176,19,0.0760233918128654,0.0004905856865124,0.4052738336713996,2.4674674674674675,0.0147578178439381,7.048,11.952,0.5907414141414142,0.6290526315789475,0.1789963056266147,0.0128185302649664,0.459005501522743,0.4594106832384274,0.0898488676071488
graph_064_mu_0_3_node_686,22,0.0735930735930736,0.0007733128518224,0.390234375,2.5625625625625625,0.012338481348362,8.944,13.056,0.6860582417582416,0.5934545454545455,0.2573942689059015,0.0137816693304002,0.4220957398198433,0.4225383882136522,0.1374975490011695
graph_064_mu_0_3_node_514,32,0.064516129032258,0.0013651130019981,0.4222316145393068,2.3683683683683685,0.0183679436793236,17.034,14.966,1.1386783882783882,0.4676875,0.0707169831468727,0.0189899087589209,0.3052414565826331,0.3057491071718261,0.0709457974906916
graph_064_mu_0_3_node_916,25,0.2033333333333333,0.0005341958932788,0.4436056838365897,2.254254254254254,0.0453350768977473,17.003,7.997,2.1263392857142853,0.31988,0.0458571502090323,0.009686852379823,0.1903931339977851,0.190664457948986,0.0974890855197299
graph_064_mu_0_3_node_925,25,0.07,0.0008333097665777,0.4174676138737986,2.3953953953953957,0.0167755930016513,13.011,11.989,1.0854545454545454,0.4795600000000001,0.0566393683365983,0.0152134476031815,0.31542004048583,0.3158266406387458,0.0614444394946209
graph_064_mu_0_3_node_659,20,0.0842105263157894,0.0005006565714675,0.408923454768727,2.4454454454454453,0.0179266539794086,8.008,11.992,0.6679999999999999,0.5995999999999998,0.0733426681562311,0.0143380709445408,0.4281904761904762,0.428597040068234,0.0489577762692573
graph_064_mu_0_3_node_250,18,0.0457516339869281,0.0005415960807224,0.4046172539489672,2.4714714714714714,0.0124389151508888,4.017,13.983,0.2880549450549449,0.7768333333333335,0.7741305337305638,0.0142485054875999,0.635312252964427,0.6357861571322841,0.2212396023613501
graph_064_mu_0_3_node_628,26,0.0369230769230769,0.0011025697968198,0.4029850746268656,2.4814814814814814,0.0141181760984299,11.027,14.973,0.736911255411255,0.5758846153846152,0.2241054206196602,0.0160599007624804,0.404426993488996,0.4049346745054513,0.149638664757015
graph_064_mu_0_3_node_497,40,0.1763869132290185,0.0015451616816104,0.4059325477448192,2.463463463463464,0.0186750558255395,26.018,13.982,1.861698301698302,0.3495499999999999,0.4612263704320055,0.0144341704221202,0.2118034334257565,0.2122780115527696,0.8239974824098464
graph_064_mu_0_3_node_664,13,0.0128205128205128,0.000278587450983,0.3836405529953917,2.6066066066066065,0.008457006766878,7.776,5.224,1.5191626984126985,0.4018461538461539,0.0248960750571687,0.0066243094499278,0.2527843141333921,0.2529614594305902,0.0136096838584177
graph_064_mu_0_3_node_873,26,0.1107692307692307,0.0008667612231036,0.423125794155019,2.3633633633633635,0.0344645469836562,13.003,12.997,1.0005,0.4998846153846153,0.0745263973547848,0.0157435390904598,0.3332333333333332,0.3336741039665957,0.0745400425789564
graph_064_mu_0_3_node_801,18,0.0588235294117647,0.0005859591820086,0.4146948941469489,2.411411411411412,0.0148580583559388,8.012,9.988,0.8032113636363637,0.5548888888888888,0.04738232358465,0.0126697806096229,0.38413010989011,0.3844687552247952,0.0236220357721694
graph_064_mu_0_3_node_129,33,0.0662878787878787,0.0013093797361079,0.4385425812115891,2.28028028028028,0.0249482862038657,21.014,11.986,1.7536384615384617,0.3632121212121212,0.0566283985877545,0.0152093619737584,0.2219135369871219,0.2223202561954145,0.0850302273604647
graph_064_mu_0_3_node_693,19,0.1052631578947368,0.0004609200379743,0.4227676682183665,2.365365365365365,0.0212501986948517,9.006,9.994,0.9014250000000004,0.526,0.061124667322768,0.0119490632407421,0.3568714285714285,0.3572103002954105,0.0550653890277874
graph_064_mu_0_3_node_296,25,0.19,0.0007387813206262,0.3954869358669833,2.5285285285285286,0.0136158712098464,14.036,10.964,1.2810101010101012,0.4385600000000001,0.3283712524592582,0.0113581417002134,0.2809005628517823,0.2812724393985491,0.4196629722595024
graph_064_mu_0_3_node_417,24,0.1666666666666666,0.00065985075233,0.4034733441033926,2.4784784784784786,0.0172693588430111,12.023,11.977,1.0048969696969698,0.4990416666666666,0.2274921201862379,0.0126577478030502,0.3325379144326512,0.3329440804012635,0.2277619545588839
graph_064_mu_0_3_node_72,21,0.0666666666666666,0.0006981509429993,0.3914576802507837,2.5545545545545547,0.0112146663993572,11.002,9.998,1.1006098484848483,0.4760952380952381,0.1495551049539697,0.0107248198587843,0.3124279260824564,0.3127669792980554,0.1495156509693942
graph_064_mu_0_3_node_567,20,0.0588235294117647,0.0005653451366989,0.3805714285714285,2.627627627627628,0.0093125616113614,9.036,10.964,0.8286240426240427,0.5481999999999999,0.2141679560832596,0.0115633767658505,0.3781075782455093,0.3784793277926684,0.1567270509806995
graph_064_mu_0_3_node_762,27,0.0911680911680911,0.0007987507263284,0.4320934256055363,2.314314314314314,0.021008624690826,16.022,10.978,1.4603818181818178,0.4065925925925926,0.051874971342488,0.0139293795596467,0.2551961945031712,0.25556859589956,0.0709096843670665
graph_064_mu_0_3_node_29,26,0.1485507246376811,0.000680972028436,0.4029850746268656,2.4814814814814814,0.019358228364271,12.014,13.986,0.8593701298701298,0.537923076923077,0.2655223792177243,0.0147824238764687,0.367945357295678,0.3684196203233971,0.2087609560652459
graph_064_mu_0_3_node_484,22,0.2052631578947368,0.0005492752653358,0.3885647607934656,2.5735735735735736,0.0110376088170388,13.027,8.973,1.4604206349206348,0.4078636363636364,0.4245235802400589,0.0091734829051326,0.2562891891891892,0.2565935344595272,0.5663706872593254
graph_064_mu_0_3_node_581,20,0.0421052631578947,0.0007179696152088,0.4129805704836709,2.4214214214214214,0.0150203782938253,6.017,13.983,0.4305434565434566,0.6991499999999998,0.2092674840568565,0.0149983982168847,0.5375183416838589,0.5379923102709571,0.0597692142870552
graph_064_mu_0_3_node_641,21,0.1095238095238095,0.0005724214462564,0.4222316145393068,2.3683683683683685,0.0211009513432655,10.009,10.991,0.9109522727272724,0.5233809523809523,0.0672239116419386,0.013141051369371,0.3544651328273244,0.3548378230903318,0.0611764142918786
graph_064_mu_0_3_node_849,17,0.0367647058823529,0.0004111740238428,0.3954869358669833,2.5285285285285286,0.0104069392484101,6.025,10.975,0.5494340909090907,0.6455882352941177,0.1643040905131263,0.0117713229236851,0.4767352285395764,0.4771072758909246,0.0599361773547512
graph_064_mu_0_3_node_87,32,0.1854838709677419,0.0013436788137859,0.4330299089726918,2.309309309309309,0.0308312875883826,17.013,14.987,1.135542857142857,0.46834375,0.4487752646595271,0.0155260051193439,0.3057918995290424,0.3063002614127183,0.5088230520031939
graph_064_mu_0_3_node_32,36,0.1603174603174603,0.0012233783210657,0.4400881057268722,2.2722722722722724,0.0489982924097092,25.003,10.997,2.2737818181818183,0.3054722222222221,0.0630584435857026,0.0133208778538009,0.1802713605801918,0.1806446338177501,0.1433601358637151
graph_064_mu_0_3_node_402,25,0.06,0.0009549526467566,0.421875,2.3703703703703702,0.0166420575664806,12.035,12.965,0.9291958041958044,0.5186,0.0612674174540283,0.0164503662091979,0.350135180727286,0.3505748375308296,0.0426039166720896
graph_064_mu_0_3_node_253,22,0.1558441558441558,0.0007313969038525,0.4021739130434782,2.4864864864864864,0.0157342511310965,10.041,11.959,0.841377777777778,0.5435909090909088,0.2273156161825344,0.0126385343332199,0.3733704481792717,0.3737759493040973,0.1899039183719587
graph_064_mu_0_3_node_597,20,0.0947368421052631,0.0007224364444428,0.4047811993517017,2.4704704704704703,0.0140641603150652,7.013,12.987,0.5402447552447552,0.6493500000000001,0.4283228479087218,0.0134078227821808,0.480811895639482,0.4812521483548487,0.2306923154673409
graph_064_mu_0_3_node_721,18,0.130718954248366,0.0003911490078596,0.4186923721709975,2.3883883883883885,0.0179287066199084,8.004,9.996,0.8008000000000002,0.5553333333333332,0.0611329171535144,0.0119516710016015,0.3844102564102565,0.384749172924196,0.0489418730733275
graph_064_mu_0_3_node_388,39,0.1066126855600539,0.0015402562414636,0.4457831325301205,2.2432432432432434,0.04625295761542,23.002,15.998,1.437825,0.4102051282051283,0.0917323316071486,0.0193788464536294,0.2580245775729646,0.2585674348194616,0.1318877961297206
graph_064_mu_0_3_node_439,20,0.131578947368421,0.0004783815321429,0.3939274447949527,2.5385385385385386,0.0134460727410816,9.018,10.982,0.8220779220779221,0.5490999999999999,0.329065338679873,0.0113753780972501,0.378516196447231,0.3788885565283189,0.2693499643625053
graph_064_mu_0_3_node_399,28,0.0714285714285714,0.0011923083583288,0.4385425812115891,2.28028028028028,0.0230802351988372,15.022,12.978,1.1578601398601396,0.4635000000000001,0.0613184792105581,0.0164678259491428,0.3016770495654216,0.3021172363326797,0.0614528314721015
graph_064_mu_0_3_node_959,20,0.2736842105263158,0.0004531582658209,0.3961141950832672,2.5245245245245247,0.0145575398015748,12.023,7.977,1.5095,0.3988500000000001,0.1516057479740504,0.0084297188019015,0.2491482683982684,0.2494188224124008,0.2276699978930089
graph_064_mu_0_3_node_545,25,0.1233333333333333,0.0009777288123298,0.3878105590062112,2.578578578578578,0.0094741029517427,13.07,11.93,1.0973651348651352,0.4772000000000002,0.2331596168041338,0.0125818377913368,0.3134580819403341,0.313862683266072,0.2342675681065449
graph_064_mu_0_3_node_83,19,0.1345029239766081,0.0005265599089835,0.3940828402366864,2.537537537537537,0.0122600412024221,8.025,10.975,0.7322626262626261,0.5776315789473687,0.2379271787573522,0.0115270205766359,0.4062048713738369,0.4065769690913564,0.1732194443139801
graph_064_mu_0_3_node_50,23,0.1225296442687747,0.0008203359624471,0.392226148409894,2.5495495495495497,0.0111662837575953,10.03,12.97,0.7743048618048621,0.5639130434782609,0.7280300156205963,0.0133066787744795,0.3927721161191749,0.393211882549822,0.5606484430093287
graph_064_mu_0_3_node_79,39,0.1306306306306306,0.0017690628280353,0.4134933774834437,2.4184184184184185,0.0185595340612569,22.024,16.976,1.2979,0.4352820512820514,0.5599724788333486,0.0175258962978033,0.2782037823273149,0.2787797683429062,0.6922969162433271
graph_064_mu_0_3_node_108,28,0.1746031746031746,0.0007980850649565,0.4164235097957482,2.4014014014014013,0.0223448023612506,15.03,12.97,1.1597202797202797,0.4632142857142858,0.2464068168762107,0.0137075534360401,0.3014573643410853,0.301897280007249,0.284672291777759
graph_064_mu_0_3_node_986,66,0.0825174825174825,0.0052272955554152,0.4786775275515093,2.089089089089089,0.0507133571081323,37.051,28.949,1.280105111363732,0.4386212121212121,0.1770632846044231,0.0346118775860597,0.2809286861700307,0.2819115122507069,0.2265132833425794
graph_064_mu_0_3_node_283,23,0.1067193675889328,0.000885646219986,0.4054383116883117,2.4664664664664664,0.0141410782753963,12.019,10.981,1.0953331890331883,0.4774347826086958,0.2333192152035623,0.0115467775871145,0.3136072435072434,0.3139796455049292,0.254694482486406
graph_064_mu_0_3_node_290,23,0.0790513833992094,0.0007246741139843,0.4102669404517454,2.437437437437437,0.0156500800467927,13.046,9.954,1.3118194444444449,0.4327826086956522,0.0470313465182375,0.0126305376894658,0.2761910067962699,0.2765286150558506,0.0614360475171403
graph_064_mu_0_3_node_151,40,0.0833333333333333,0.0019125854636858,0.4356737897950283,2.295295295295295,0.0262857041179134,26.013,13.987,1.8601098901098905,0.3496749999999999,0.0855457582454713,0.0167232778435585,0.2118876207199297,0.2123623684152691,0.1590460116971027
graph_064_mu_0_3_node_616,47,0.0767807585568917,0.0025694674094766,0.471004243281471,2.123123123123123,0.0377194101161459,29.902,17.098,1.749868627450981,0.3637872340425532,0.0807918957724197,0.0216956339923345,0.2223578983752202,0.2229383314855118,0.1370211789543513
graph_064_mu_0_3_node_106,21,0.1952380952380952,0.0006343633503139,0.4024979854955681,2.4844844844844847,0.0147882450977339,10.026,10.974,0.9162499999999996,0.5225714285714287,0.7642595271296343,0.0111526116518385,0.3538234108159392,0.3541955249908111,0.6950130676437443
graph_064_mu_0_3_node_295,19,0.0955882352941176,0.0004778817635897,0.37,2.702702702702702,0.0059096830507215,9.876,9.124,1.086650641025641,0.4802105263157895,0.1781432251398973,0.0096213426505398,0.3163368472906404,0.3166462461682494,0.1732081821677717
graph_064_mu_0_3_node_868,21,0.0523809523809523,0.0007055885064874,0.4114497528830313,2.4304304304304303,0.013939654282407,10.04,10.96,0.9179257575757572,0.5219047619047619,0.0518005695706962,0.0139056021689416,0.3532105183715715,0.353582158377292,0.0425572185869219
graph_064_mu_0_3_node_980,25,0.1433333333333333,0.0007788937933799,0.4366258741258741,2.29029029029029,0.0382408554167086,14.013,10.987,1.2756818181818184,0.4394800000000001,0.0630037162416229,0.0133086581494997,0.2816346153846153,0.2820072712618771,0.080284502162334
graph_064_mu_0_3_node_154,21,0.0761904761904762,0.0006458293213616,0.4020120724346076,2.4874874874874875,0.0132051609311885,10.029,10.971,0.915083333333333,0.5224285714285715,0.0518339399059933,0.0139213780661392,0.3536360941003967,0.3540081068320959,0.0473084902357261
graph_064_mu_0_3_node_720,25,0.0666666666666666,0.0008177380467048,0.4278372591006424,2.3373373373373374,0.0192256086810669,13.024,11.976,1.0880050505050507,0.4790400000000002,0.056588642225034,0.0151959015407719,0.3149846943813568,0.3153908541267605,0.0567554172566643
graph_064_mu_0_3_node_982,15,0.1904761904761904,0.0002714067513836,0.383199079401611,2.6096096096096097,0.0119238806007303,8.013,6.987,1.147642857142857,0.4658,0.1484704171133568,0.0073468128977128,0.303645652173913,0.3038825721743219,0.1697654569536875
graph_064_mu_0_3_node_69,30,0.0712643678160919,0.001196487564519,0.3986432561851556,2.5085085085085086,0.0127832230967303,19.016,10.984,1.7322121212121209,0.3661333333333331,0.1643684072742592,0.0117820652301817,0.2241076830732292,0.2244803636369238,0.284266571918871
graph_064_mu_0_3_node_831,33,0.2064393939393939,0.0012540062344911,0.4453856442264824,2.245245245245245,0.0290559279199443,18.024,14.976,1.2063582417582412,0.4538181818181816,0.2844538719915929,0.0158262334584679,0.2935704222600702,0.294078445673228,0.3415781654972545
graph_064_mu_0_3_node_186,18,0.1241830065359477,0.0004544108704966,0.4042897612302711,2.4734734734734736,0.0164173899683161,7.015,10.985,0.6390000000000001,0.6102777777777776,0.0671921810308534,0.0131336416489217,0.4391897435897438,0.4395621548261783,0.0428582495445048
graph_064_mu_0_3_node_97,26,0.1969230769230769,0.0006753931206325,0.3936170212765957,2.5405405405405403,0.0162158517503856,16.022,9.978,1.6075111111111111,0.3837692307692309,0.1895635459952511,0.0105447601700035,0.2374768164090712,0.2378153067310542,0.3035712677932642
graph_064_mu_0_3_node_963,29,0.0541871921182266,0.0010044869780594,0.4247448979591837,2.354354354354354,0.0209045172506686,13.025,15.975,0.8156761904761904,0.5508620689655174,0.0754772265743652,0.0202708737787382,0.3801626396858956,0.3807043499715415,0.042587988917458
graph_064_mu_0_3_node_791,16,0.0916666666666666,0.0003286109874754,0.3896255850234009,2.5665665665665665,0.0134120450128262,5.013,10.987,0.4574060606060605,0.6866875,0.2146436250258281,0.0115868626570873,0.5230156510156511,0.5233880793792877,0.097634797760268
graph_064_mu_0_3_node_314,45,0.1454545454545454,0.0026467932676633,0.4416445623342175,2.264264264264264,0.0254994663962707,25.071,19.929,1.259752024291498,0.4428666666666668,0.5975073548948693,0.0206406632614202,0.2844668373879641,0.2851430885272349,0.7490348911737521
graph_064_mu_0_3_node_431,28,0.1137566137566137,0.0009782276644078,0.4267407090986758,2.3433433433433435,0.0380374757446913,16.002,11.998,1.3337575757575757,0.4285,0.0687969338905466,0.01453349708512,0.2726707070707069,0.273077694934989,0.0917508501256671
graph_064_mu_0_3_node_340,40,0.0487179487179487,0.0020709991697177,0.428204029147021,2.335335335335335,0.0232107455463956,25.917,14.083,1.8424255744255744,0.3520749999999999,0.0665477803112962,0.0178698210508243,0.2136876335864005,0.2141656346156718,0.1134602667976655
graph_064_mu_0_3_node_369,30,0.0620689655172413,0.0012211975124014,0.4171189979123173,2.397397397397397,0.0176004291791982,17.033,12.967,1.3149055944055943,0.4322333333333335,0.0612767554575149,0.0164529062597792,0.2757426617455493,0.2761825354056826,0.0709620007048674
graph_064_mu_0_3_node_413,31,0.0946236559139784,0.0012954924313674,0.4339704604691572,2.304304304304304,0.0350306836274202,17.009,13.991,1.2159322344322343,0.4513225806451611,0.0802304218360691,0.0169473595505511,0.2914336394557823,0.2919082327764875,0.0975096512083368
graph_064_mu_0_3_node_752,24,0.0507246376811594,0.0008172839213125,0.4056029232643118,2.4654654654654653,0.0153016605540228,14.021,9.979,1.4060666666666666,0.4157916666666667,0.04715396138196,0.0126618777019279,0.2624890688259109,0.2628275471452396,0.0567010795105566
graph_064_mu_0_3_node_5,39,0.1309041835357624,0.0018131967230917,0.4410596026490066,2.267267267267268,0.0294583879351195,27.012,11.988,2.253919696969697,0.3073846153846152,0.0733239345429857,0.0143329851510551,0.1816096031120843,0.1820165557980514,0.1651714442818386
graph_064_mu_0_3_node_462,19,0.0441176470588235,0.0005690538879323,0.4087561374795417,2.4464464464464464,0.0127400802347269,5.03,13.97,0.3603625915750915,0.7352631578947366,0.2779524222181183,0.0147267340075993,0.5814658568967265,0.5819393533189466,0.0798558217585457
graph_064_mu_0_3_node_74,18,0.130718954248366,0.0003921652253084,0.4033104561970125,2.47947947947948,0.0142877624566436,7.054,10.946,0.6475012987012988,0.6081111111111108,0.2329624589504196,0.0115045509698822,0.4371918656056588,0.4375629557222319,0.1489074008090125
graph_064_mu_0_3_node_390,43,0.0520487264673311,0.0024472034326152,0.4389279437609842,2.2782782782782784,0.0249600758131976,27.029,15.971,1.6929576923076923,0.3714186046511627,0.075459851791075,0.0202656213368939,0.2280744045704976,0.2286164941185583,0.1181708357002204
graph_064_mu_0_3_node_740,20,0.0947368421052631,0.0005531379769546,0.3976910828025478,2.5145145145145147,0.0133200347014987,8.016,11.984,0.669090909090909,0.5991999999999998,0.1793360287035175,0.0128547617341506,0.427783251231527,0.428189544217103,0.1196377316936294
graph_064_mu_0_3_node_923,15,0.0571428571428571,0.000333164526461,0.3899297423887587,2.5645645645645647,0.0105732855862491,9.017,5.983,1.5085,0.3988666666666667,0.02826696815947,0.0075919710617687,0.2491499999999999,0.2493528963866137,0.0188947651851984
graph_064_mu_0_3_node_960,22,0.1688311688311688,0.0005841180439238,0.4291237113402061,2.33033033033033,0.0370950856252038,12.006,9.994,1.2014666666666662,0.4542727272727271,0.0573072841071688,0.0121059325562002,0.2938957983193277,0.2942347390198192,0.068837403334142
graph_064_mu_0_3_node_782,29,0.0467980295566502,0.0013013695537309,0.4356737897950283,2.295295295295295,0.0221195226635266,14.037,14.963,0.9388890109890112,0.5159655172413794,0.0707061548434371,0.0189857669695266,0.3477298536425937,0.3482372992505458,0.0520233382435639
graph_064_mu_0_3_node_122,25,0.0833333333333333,0.000967011837633,0.439894319682959,2.273273273273273,0.0296733841846531,9.06,15.94,0.5692628205128205,0.6376000000000001,0.0753211706337062,0.0202254719597815,0.4681339278243304,0.4686743063396799,0.028409538187521
graph_064_mu_0_3_node_587,17,0.088235294117647,0.0004702038688014,0.3808616088448341,2.625625625625626,0.0082714802077869,6.08,10.92,0.5589631673881671,0.6423529411764706,0.2324717096198458,0.0114783735116565,0.4734700619348447,0.4738402465333929,0.1281128119021733
graph_064_mu_0_3_node_107,25,0.0316205533596837,0.000800662090343,0.4034733441033926,2.4784784784784786,0.0134679232729982,15.902,9.098,1.751458333333334,0.3639200000000001,0.0429967855787638,0.0115440998851693,0.2225188734030198,0.2228275173500857,0.0703718055324269
graph_064_mu_0_3_node_588,26,0.0953846153846153,0.0007704285414124,0.4302325581395348,2.324324324324324,0.0247278688624784,16.894,9.106,1.858338888888889,0.3502307692307692,0.0430360174097166,0.011554085811494,0.2123556830766133,0.2126646191892363,0.0750562649977737
graph_064_mu_0_3_node_89,21,0.1857142857142857,0.0005754467788619,0.3937721718565234,2.53953953953954,0.0127958920566856,11.017,9.983,1.1040833333333333,0.4753809523809524,0.2991209195830157,0.0103412271004422,0.3118285427807487,0.3121670877875508,0.3292557053465943
graph_064_mu_0_3_node_657,20,0.0105263157894736,0.0005808128199052,0.3842307692307692,2.6026026026026026,0.0102484778418327,10.027,9.973,1.006357142857143,0.49865,0.0471278763754753,0.0126540273784685,0.332187927663734,0.3325261108954334,0.0141841173671597
graph_064_mu_0_3_node_778,29,0.1396011396011396,0.0010286406730164,0.4054383116883117,2.4664664664664664,0.0146185215647975,14.024,14.976,0.9380710622710624,0.5164137931034485,0.4941597036442097,0.0154591849352455,0.348160510659514,0.3486683963254837,0.4285651137807096
graph_064_mu_0_3_node_926,17,0.2205882352941176,0.0002476125647558,0.3906922174423152,2.55955955955956,0.0148682257074353,10.007,6.993,1.431728571428571,0.4113529411764706,0.1327694006670683,0.0073909661493684,0.2589506476920269,0.2591878031797576,0.1897213022406782
graph_064_mu_0_3_node_215,54,0.0538085255066387,0.0037643669010229,0.4601566098572087,2.1731731731731734,0.0365515213716634,32.041,21.959,1.4596406537734707,0.4066481481481481,0.1037572876351046,0.027863221187383,0.2552298873513248,0.2559753243400393,0.1370566272394197
graph_064_mu_0_3_node_149,26,0.0523076923076923,0.0011279077994747,0.415211970074813,2.4084084084084085,0.0191721466635148,7.96,18.04,0.4417393790849674,0.6938461538461538,0.289987934671531,0.0192788188051223,0.5313451659451659,0.5319566470727942,0.1276655074221676
graph_064_mu_0_3_node_163,24,0.1818181818181818,0.0007656608523781,0.3988023952095808,2.5075075075075075,0.0153528615218116,12.032,11.968,1.0067454545454546,0.4986666666666666,0.8335645391422624,0.0121640978435183,0.3322183025130393,0.3326241635936505,0.7647416343119509
graph_064_mu_0_3_node_839,33,0.1477272727272727,0.0015031905771536,0.427105600684053,2.3413413413413413,0.0194888984658083,16.035,16.965,0.9459921703296704,0.5140909090909093,0.5084690687277996,0.0175725587657465,0.3460288844245972,0.3466042634471694,0.4789335229474591
graph_064_mu_0_3_node_894,37,0.0945945945945946,0.0015452207014595,0.440864960282436,2.2682682682682684,0.0319720389374839,22.011,14.989,1.468658974358974,0.405108108108108,0.0916708725079697,0.0179214688683234,0.254008715383903,0.254517317578309,0.1345682267597426
graph_064_mu_0_3_node_937,22,0.0692640692640692,0.0005711403620665,0.4052738336713996,2.4674674674674675,0.0161136664093373,9.982,12.018,0.8310544871794873,0.546272727272727,0.0567890983658175,0.0152499381348767,0.3758335253456221,0.376241024795019,0.0378143981846091
graph_064_mu_0_3_node_153,16,0.0916666666666666,0.000420521796196,0.3804265041888804,2.6286286286286287,0.008705991750651,7.004,8.996,0.7786666666666667,0.56225,0.1345617182988704,0.0096502416345448,0.3910724637681159,0.3913774647260789,0.0897379141548375
graph_064_mu_0_3_node_319,27,0.131054131054131,0.0009418789756994,0.4224101479915433,2.3673673673673674,0.024278427460536,17.018,9.982,1.7053999999999996,0.3697037037037037,0.0610530321084366,0.0119346625668152,0.226781818181818,0.2271204671331571,0.1039735210603118
graph_064_mu_0_3_node_72,21,0.0666666666666666,0.0006981509429993,0.3914576802507837,2.5545545545545547,0.0112146663993572,11.002,9.998,1.1006098484848483,0.4760952380952381,0.1495551049539697,0.0107248198587843,0.3124279260824564,0.3127669792980554,0.1495156509693942
graph_064_mu_0_3_node_433,39,0.1012145748987854,0.0020729877531529,0.4481830417227456,2.2312312312312312,0.0470703312258786,22.007,16.993,1.2951213235294117,0.4357179487179489,0.0974400836556548,0.020583981285731,0.278544156530936,0.2791207185165304,0.1261756581163021
graph_064_mu_0_3_node_535,26,0.1231884057971014,0.0009299586065774,0.3992805755395683,2.5045045045045047,0.0132162565281434,11.051,14.949,0.7402415584415583,0.5749615384615383,1.0413822557881285,0.0151947087876106,0.4035706299367402,0.4040774982426005,0.695907063183842
graph_064_mu_0_3_node_582,37,0.069069069069069,0.0022257761419415,0.4465802413947251,2.239239239239239,0.0255567050418311,20.005,16.995,1.1774379084967317,0.4593243243243245,0.2542422370878138,0.0182298587092192,0.298144114457445,0.2987206658465545,0.2840942102358386
graph_064_mu_0_3_node_763,41,0.1024390243902439,0.0019314093667401,0.4467799642218247,2.2382382382382384,0.0484901468127207,26.008,14.992,1.7348952380952387,0.3656585365853659,0.0859651598011213,0.0181602094299549,0.2237366110623354,0.2242454530473776,0.1490800851579128
graph_064_mu_0_3_node_171,20,0.0789473684210526,0.0006763856072045,0.4153846153846154,2.4074074074074074,0.0148812501208422,7.04,12.96,0.5436899766899767,0.6480000000000001,0.2085663648590696,0.0138483896763197,0.4793793103448276,0.4798186488989263,0.1126731486026382
graph_064_mu_0_3_node_903,16,0.0333333333333333,0.0003849990850609,0.4004008016032064,2.497497497497497,0.012699746341075,9.012,6.988,1.2902857142857147,0.43675,0.0330149133524101,0.0088673205423912,0.2794092307692309,0.2796462007351676,0.0189080395214816
graph_064_mu_0_3_node_520,26,0.0923076923076923,0.0006353639092302,0.4247448979591837,2.354354354354354,0.0235898136884512,16.007,9.993,1.6020222222222225,0.3843461538461539,0.0472074331021139,0.0126808562271317,0.2378936877076412,0.2382326865003752,0.0708633375719843
graph_064_mu_0_3_node_938,21,0.0809523809523809,0.0004197291158167,0.4150394682176984,2.4094094094094096,0.0171513001348298,13.016,7.984,1.63125,0.3801904761904762,0.0377263441163755,0.0101305722035453,0.2347333333333333,0.2350041430135151,0.0567002318105754
graph_064_mu_0_3_node_310,13,0.1282051282051282,0.000257991772738,0.408255006129955,2.4494494494494496,0.0140909600351211,6.002,6.998,0.8577619047619048,0.5383076923076924,0.0427971538993392,0.0083671711532937,0.3682842105263156,0.3685214711203373,0.0366915967422806
graph_064_mu_0_3_node_382,17,0.0588235294117647,0.0005495258909707,0.3991210547343188,2.5055055055055053,0.0102821898397036,6.022,10.978,0.5491194805194802,0.6457647058823529,0.1643291895085745,0.011774418488392,0.4769331723027376,0.4773053212283377,0.0748224477127675
graph_064_mu_0_3_node_386,39,0.1228070175438596,0.0019250903592181,0.4479820627802691,2.2322322322322323,0.0332738723806216,24.011,14.989,1.6020714285714288,0.3843333333333334,0.0916731912561983,0.0179213269832371,0.2378830357142857,0.2383917069559045,0.1467815805812976
graph_064_mu_0_3_node_68,14,0.2307692307692307,0.0002505845259337,0.3884136858475894,2.5745745745745747,0.0119121890679575,7.012,6.988,1.0048,0.4991428571428571,0.1514574274389609,0.0073395006696227,0.3326376811594203,0.3328746189448062,0.1515275914800028
graph_064_mu_0_3_node_509,30,0.1333333333333333,0.0009710133620966,0.440864960282436,2.2682682682682684,0.040858610873874,17.003,12.997,1.308269230769231,0.4332333333333335,0.0745263973547848,0.0157435390904598,0.2765159574468085,0.2769568476962741,0.0974890855197299
graph_064_mu_0_3_node_506,21,0.1428571428571428,0.0005080902488448,0.4269230769230769,2.3423423423423424,0.0185252450145512,12.009,8.991,1.3360416666666666,0.4281428571428571,0.0424795495474299,0.0114087195770607,0.2723925133689838,0.2726974483231346,0.0519895655800625
graph_064_mu_0_3_node_959,20,0.2736842105263158,0.0004531582658209,0.3961141950832672,2.5245245245245247,0.0145575398015748,12.023,7.977,1.5095,0.3988500000000001,0.1516057479740504,0.0084297188019015,0.2491482683982684,0.2494188224124008,0.2276699978930089
graph_064_mu_0_3_node_230,47,0.0582793709528214,0.0030045165651893,0.4616451016635859,2.166166166166166,0.0360852543845781,27.036,19.964,1.3546886824905402,0.4247659574468086,0.0943184137920487,0.0253329148517718,0.2696670395517297,0.2703445684527314,0.1134548727102556
graph_064_mu_0_3_node_793,65,0.1225961538461538,0.0043681040622494,0.486604968339016,2.055055055055055,0.082751480126075,42.01,22.99,1.8274608507434589,0.3536923076923076,0.1318317043185555,0.0278480322033155,0.2148422089943996,0.2156231465601332,0.2408641226113141
graph_064_mu_0_3_node_306,32,0.1512096774193548,0.0010031140001544,0.4373905429071804,2.2862862862862863,0.0470284803745271,21.012,10.988,1.912581818181819,0.343375,0.0630068478220335,0.0133099971710548,0.2072788259958072,0.2076516928123761,0.1204763339107821
graph_064_mu_0_3_node_451,20,0.2842105263157894,0.0003336981224001,0.4121287128712871,2.4264264264264264,0.0359179830045964,15.002,4.998,3.002,0.2499,0.028658964301449,0.0060542037798228,0.1427936507936507,0.1429632182513041,0.0860180242815608
graph_064_mu_0_3_node_398,17,0.0808823529411764,0.0003908742192062,0.4140074595938665,2.4154154154154157,0.0169472289492108,8.894,8.106,1.100309523809524,0.4768235294117647,0.0383128605149309,0.0102849881440509,0.3132562962962962,0.3135311658094723,0.0419464332536253
graph_064_mu_0_3_node_930,16,0.075,0.000345420677395,0.3916111328890631,2.5535535535535536,0.0095763106322632,6.044,9.956,0.6085841269841269,0.62225,0.1603681108253389,0.0106354958243287,0.4518387351778654,0.4521762508477014,0.0964890451741435
graph_064_mu_0_3_node_625,26,0.1015384615384615,0.0008050635620975,0.4251063829787234,2.3523523523523524,0.0213035909965543,18.879,7.121,2.6603769841269846,0.2738846153846153,0.0336492525229963,0.009036014295025,0.1587560641807355,0.1589977044671684,0.0845220684339621
graph_064_mu_0_3_node_733,50,0.0710204081632653,0.0025996739998129,0.4590992647058823,2.1781781781781784,0.0352428352345829,32.974,17.026,1.9371162280701757,0.3405199999999999,0.0804209994557897,0.021606490770802,0.2052048560741869,0.2057829671841327,0.1463485482690092
graph_064_mu_0_3_node_725,30,0.1587301587301587,0.0011937422436737,0.4028225806451613,2.4824824824824825,0.0129191819010063,20.992,9.008,2.3328311688311687,0.3002666666666665,0.1759345893821056,0.0095015291153054,0.1766846103317959,0.1769903077614818,0.3901683161365689
graph_064_mu_0_3_node_756,30,0.0781609195402298,0.0014487895586095,0.4289394589952769,2.3313313313313317,0.025212450656414,8.047,21.953,0.3669803998632945,0.7317666666666665,0.3533015592486855,0.0234524526832956,0.5771316962883076,0.5778757175597552,0.1286068669942769
graph_064_mu_0_3_node_57,18,0.0588235294117647,0.00047641477737,0.3940828402366864,2.537537537537537,0.0100698287851929,8.006,9.994,0.8021454545454546,0.5552222222222222,0.1496334100071047,0.0107186388161825,0.3843897435897437,0.3847285922106452,0.0745667680815238
graph_064_mu_0_3_node_745,42,0.0754936120789779,0.0024859842014988,0.4225888324873096,2.3663663663663663,0.0216603168933212,22.061,19.939,1.1069140350877191,0.4747380952380952,0.2984147588550031,0.0213867204885325,0.3112753458498024,0.3119517984055537,0.3145698741133448
graph_064_mu_0_3_node_238,21,0.0714285714285714,0.0007112800899942,0.4145228215767635,2.4124124124124124,0.021613270594199,6.018,14.982,0.4018461538461539,0.7134285714285712,0.2237569555047042,0.016074421281575,0.5545670498084291,0.5550748634212062,0.0747862848565638
graph_064_mu_0_3_node_647,36,0.1265597147950089,0.0016066726306363,0.436054124836316,2.293293293293293,0.02692707816473,21.019,14.981,1.4033428571428568,0.4161388888888889,0.0916265481842845,0.0179116565127682,0.262746279491833,0.2632545761181805,0.122407766145686
graph_064_mu_0_3_node_284,24,0.1195652173913043,0.0008739704099421,0.4062627084180561,2.4614614614614614,0.0152362630109463,12.019,11.981,1.0043454545454549,0.4992083333333333,0.3953447874148476,0.0123674239111992,0.3326848743480322,0.3330911757994219,0.3625702311843791
graph_064_mu_0_3_node_974,33,0.1117424242424242,0.0011119252600434,0.4320934256055363,2.314314314314314,0.041616739843736,20.0,13.0,1.538461538461539,0.3939393939393938,0.0745400425789564,0.0157473854476555,0.2452830188679245,0.2457241005358917,0.1146769885830098
graph_064_mu_0_3_node_130,18,0.0457516339869281,0.0005048667525499,0.3864603481624758,2.587587587587588,0.0090944188989732,6.004,11.996,0.500998001998002,0.6664444444444444,0.1794619579814695,0.0128672057642214,0.4998170314842579,0.5002236756141882,0.0747800969664989
graph_064_mu_0_3_node_732,32,0.0705645161290322,0.0012492631615284,0.4337820234476769,2.305305305305305,0.024506680762876,21.021,10.979,1.9155878787878795,0.34309375,0.0518722489982157,0.0139314465648021,0.2070824471126358,0.2074550087930439,0.0944948375317432
graph_064_mu_0_3_node_602,23,0.0711462450592885,0.0006950413948733,0.4343478260869565,2.3023023023023024,0.0191194229926878,14.016,8.984,1.5606666666666669,0.3906086956521739,0.0424479889700158,0.0113998160407212,0.2427197724039829,0.2430245114910784,0.0472698365699692
graph_064_mu_0_3_node_895,20,0.231578947368421,0.0002952524096047,0.4145228215767635,2.4124124124124124,0.0350440949764544,14.005,5.995,2.336666666666667,0.2997499999999999,0.0343745251463315,0.0072619634467035,0.1763025210084033,0.1765058931009648,0.0802738920081069
graph_064_mu_0_3_node_672,36,0.1523809523809524,0.0011122673783379,0.4475806451612903,2.234234234234234,0.0515052628730076,24.002,11.998,2.0005454545454544,0.3332777777777777,0.0687969338905466,0.01453349708512,0.1999606557377049,0.2003678646109145,0.1376123862996118
graph_064_mu_0_3_node_203,20,0.0684210526315789,0.0005526687694353,0.3934619929105947,2.541541541541541,0.0115468207617203,8.007,11.993,0.6681601731601732,0.5996499999999999,0.1794232522427637,0.0128639225620285,0.4282564561874907,0.4286630538888545,0.1047098458716258
graph_064_mu_0_3_node_507,24,0.1739130434782608,0.0007378761591636,0.4238438693254137,2.359359359359359,0.0371248468027324,14.001,9.999,1.4002666666666663,0.4166250000000001,0.0573341083265926,0.0121120780844859,0.2631255060728745,0.2634646621991857,0.0802738920081069
graph_064_mu_0_3_node_260,41,0.0841463414634146,0.0020314922807631,0.4410596026490066,2.267267267267268,0.0278535758068432,26.032,14.968,1.7401591575091582,0.3650731707317073,0.0707246295309656,0.0189925668109154,0.2233139318024419,0.2238219602435287,0.1228634556793863
graph_064_mu_0_3_node_586,28,0.0661375661375661,0.0009485990968547,0.4145228215767635,2.4124124124124124,0.0162519189436202,17.02,10.98,1.5506020202020203,0.3921428571428572,0.0518770099219543,0.0139327081806467,0.243904532839963,0.2442770273323992,0.0755874527182745
graph_064_mu_0_3_node_602,23,0.0711462450592885,0.0006950413948733,0.4343478260869565,2.3023023023023024,0.0191194229926878,14.016,8.984,1.5606666666666669,0.3906086956521739,0.0424479889700158,0.0113998160407212,0.2427197724039829,0.2430245114910784,0.0472698365699692
graph_064_mu_0_3_node_197,22,0.0649350649350649,0.0005439966370114,0.4013660104459622,2.4914914914914914,0.0140418411660856,16.005,5.995,2.670699999999999,0.2724999999999998,0.028321592285665,0.0076073242650743,0.1577477732793522,0.1579511729652233,0.0566842955555954
graph_064_mu_0_3_node_430,27,0.2478632478632478,0.0004157456466193,0.4381578947368421,2.2822822822822824,0.0483354608566834,20.001,6.999,2.857785714285714,0.2592222222222222,0.0401325600391411,0.0084780660581039,0.1489122340425532,0.1491497540008426,0.1146813745479221
graph_064_mu_0_3_node_859,24,0.0942028985507246,0.0007904229650022,0.3906922174423152,2.55955955955956,0.0105531290361653,15.02,8.98,1.6738000000000004,0.3741666666666666,0.1344499689090706,0.0096312503618022,0.2301614806246385,0.2304661047729286,0.2094007329667267
graph_064_mu_0_3_node_301,24,0.1630434782608695,0.0006270410088198,0.4064279902359642,2.4604604604604603,0.0159218192711937,11.033,12.967,0.8529174825174827,0.5402916666666667,0.2811614147093675,0.0136179166596959,0.3702577524893315,0.3706974470110163,0.2381500107346811
graph_064_mu_0_3_node_254,28,0.1613756613756613,0.0009712497323103,0.4143508917461634,2.413413413413413,0.0187713587074377,13.033,14.967,0.87154358974359,0.5345357142857142,0.4485897879594025,0.0155038012892057,0.3648132487667371,0.3653207953954553,0.3892994972539703
graph_064_mu_0_3_node_179,23,0.0830039525691699,0.0007804964901612,0.3997599039615846,2.5015015015015014,0.0131641393303075,10.022,12.978,0.7728934343434346,0.5642608695652173,0.2757544629969072,0.0136458698165377,0.3930692766869236,0.3935093141199084,0.2122423232867635
graph_064_mu_0_3_node_114,18,0.1241830065359477,0.0003585953766695,0.3936170212765957,2.5405405405405403,0.0114432177569606,8.033,9.967,0.8102000000000001,0.5537222222222222,0.2120704239417565,0.0104750962582985,0.3830997518610422,0.3834376856658623,0.1698409019556757
graph_064_mu_0_3_node_924,25,0.07,0.0008914923340269,0.41625,2.4024024024024024,0.0158814334650118,15.017,9.983,1.504722222222222,0.39932,0.0471648865779049,0.0126677405453767,0.2494817073170731,0.2498203442089139,0.0567305729191588
graph_064_mu_0_3_node_650,28,0.1349206349206349,0.0008728954682215,0.4209860935524652,2.3753753753753752,0.0247580526980243,17.012,10.988,1.5485090909090913,0.3924285714285715,0.0672066407124725,0.0131374321233163,0.244119806763285,0.2444925723844186,0.1040054261361193
graph_064_mu_0_3_node_569,27,0.09,0.0005833583809165,0.4134933774834437,2.4184184184184185,0.0196539348352346,21.002,5.998,3.5018,0.2221481481481482,0.0283341796503076,0.0076113552224024,0.124954081632653,0.1251576521260787,0.0944817940534823
graph_064_mu_0_3_node_406,20,0.0947368421052631,0.0004860451278351,0.398961661341853,2.5065065065065064,0.012962122020241,14.018,5.982,2.345333333333333,0.2990999999999999,0.0282685036865616,0.0075901388304939,0.1758655462184873,0.1760684775286273,0.0614212611881782
graph_064_mu_0_3_node_977,16,0.125,0.000195986833272,0.4375821287779238,2.285285285285285,0.0220950199351708,11.002,4.998,2.2016,0.312375,0.023610488354008,0.0063423509808404,0.185100529100529,0.1852700505472649,0.0425132216666965
graph_064_mu_0_3_node_439,20,0.131578947368421,0.0004783815321429,0.3939274447949527,2.5385385385385386,0.0134460727410816,9.018,10.982,0.8220779220779221,0.5490999999999999,0.329065338679873,0.0113753780972501,0.378516196447231,0.3788885565283189,0.2693499643625053
graph_064_mu_0_3_node_861,19,0.0584795321637426,0.0005141032010197,0.390234375,2.5625625625625625,0.010042606528041,10.002,8.998,1.1139761904761905,0.4735789473684211,0.0428251343423359,0.0114111093812277,0.3104413283094523,0.3107464587399238,0.0378178231073803
graph_064_mu_0_3_node_716,29,0.0566502463054187,0.0013580168340019,0.4430155210643015,2.2572572572572573,0.0245341334127479,11.045,17.955,0.6154255718954246,0.6191379310344829,0.0848310014573206,0.0227833393034686,0.4484151554439133,0.449023884661522,0.0473977795158429
graph_064_mu_0_3_node_770,68,0.0539947322212467,0.0057909803870305,0.4696755994358251,2.129129129129129,0.0370990226710566,44.89,23.11,1.943174963297572,0.3398529411764705,0.1091919695091699,0.0293246843008168,0.204725260102306,0.2055104239415643,0.2119489281451798
graph_064_mu_0_3_node_838,18,0.0915032679738562,0.0004765081019962,0.4224101479915433,2.3673673673673674,0.0200278584675082,8.007,9.993,0.8014000000000001,0.5551666666666665,0.0611152715158069,0.0119480867858958,0.3842564102564104,0.3845952251478708,0.0489324916840081
graph_064_mu_0_3_node_833,33,0.1117424242424242,0.0014545805574392,0.4261945392491467,2.3463463463463463,0.02514926801864,13.021,19.979,0.6520058823529413,0.6054242424242425,0.5983563511672791,0.0206973403897925,0.4341640417036381,0.4348414349677906,0.3891510904746522
graph_064_mu_0_3_node_810,40,0.0743589743589743,0.0023388317070087,0.4481830417227456,2.2312312312312312,0.0280044792696271,22.911,17.089,1.341795051353875,0.4272249999999999,0.0807574598122031,0.0216833310855235,0.2716817635769248,0.2722616160166052,0.1081804200528109
graph_064_mu_0_3_node_513,19,0.088235294117647,0.0004757177588722,0.392226148409894,2.5495495495495497,0.0123838590993348,10.665,8.335,1.3021250666000663,0.4386842105263157,0.0585233163795468,0.0103068992780376,0.2823443819501884,0.2826270458459216,0.0580555983106256
graph_064_mu_0_3_node_859,24,0.0942028985507246,0.0007904229650022,0.3906922174423152,2.55955955955956,0.0105531290361653,15.02,8.98,1.6738000000000004,0.3741666666666666,0.1344499689090706,0.0096312503618022,0.2301614806246385,0.2304661047729286,0.2094007329667267
graph_064_mu_0_3_node_705,28,0.0634920634920634,0.0010100009329482,0.4249255635899617,2.353353353353353,0.0206586512873723,15.012,12.988,1.1559999999999997,0.4638571428571429,0.061359163076845,0.0164811199905577,0.301970401691332,0.3024109272366971,0.0661396462756846
graph_064_mu_0_3_node_494,28,0.1402116402116402,0.0011181852663653,0.4138359569179785,2.4164164164164164,0.0178975851612457,12.024,15.976,0.7533653846153846,0.5705714285714284,0.5271145864045559,0.0164920923959182,0.3992274841437632,0.3997691914042934,0.3955577519967171
graph_064_mu_0_3_node_394,18,0.0457516339869281,0.0005058696055635,0.3875096974398759,2.5805805805805804,0.0095572753510499,5.086,12.914,0.3956671328671329,0.7174444444444442,0.2505298261868615,0.0136444510916145,0.5597776588628762,0.5602153803702847,0.0965988935767588
graph_064_mu_0_3_node_879,35,0.0789915966386554,0.00141455755536,0.4461813309513175,2.241241241241241,0.0306724137597981,18.012,16.988,1.0603676470588237,0.4853714285714286,0.0802541421401348,0.0215570812591987,0.3204612159329141,0.3210374521372489,0.0803350611268011
graph_064_mu_0_3_node_559,29,0.2118226600985221,0.000876755277503,0.4186923721709975,2.3883883883883885,0.0239934979206518,16.031,12.969,1.237039044289044,0.4472068965517239,0.2463916653610592,0.0137064827722285,0.2880381745297563,0.288478086161283,0.3036515933165679
graph_064_mu_0_3_node_175,21,0.0619047619047619,0.0005077244332823,0.4018503620273532,2.4884884884884886,0.0134302168882133,13.012,7.988,1.6302083333333333,0.3803809523809525,0.0377436864967523,0.0101357536705718,0.2348825311942959,0.2351534764262359,0.047248562269467
graph_064_mu_0_3_node_540,28,0.0925925925925925,0.001263446340044,0.3959571938168846,2.5255255255255253,0.0122528136193438,14.055,13.945,1.0090050116550118,0.4980357142857143,0.2724841949414385,0.0147073241150121,0.3316633092123733,0.3321362478231212,0.2740319309559161
graph_064_mu_0_3_node_633,24,0.1212121212121212,0.0005393205993041,0.4155574043261231,2.4064064064064064,0.0196868096408922,14.016,9.984,1.4047999999999998,0.4160000000000001,0.0610706132687139,0.0119367933020918,0.2626526315789473,0.2629912793310519,0.0795805075766952
graph_064_mu_0_3_node_75,16,0.075,0.0004839263192993,0.4136645962732919,2.417417417417417,0.0168662218459347,7.646,8.354,0.9364311244311244,0.522125,0.0585438897677908,0.0103293764622326,0.3559448883077257,0.3562281379870967,0.031799165209391
graph_064_mu_0_3_node_334,23,0.150197628458498,0.000639807983143,0.415211970074813,2.4084084084084085,0.033063928237184,14.005,8.995,1.557152777777778,0.3910869565217391,0.0515778206429305,0.0108958905508604,0.2430796586059744,0.2433847705109583,0.0803007162275307
graph_064_mu_0_3_node_865,20,0.1,0.0005159911267179,0.4044534412955465,2.4724724724724725,0.0148000943783138,11.023,8.977,1.2289285714285711,0.4488500000000001,0.0424177480554123,0.0113906898109155,0.2894049364613881,0.2897093763131397,0.0520149737270738
graph_064_mu_0_3_node_714,22,0.1471861471861472,0.0005042978842316,0.4236641221374045,2.36036036036036,0.0242937775558999,14.005,7.995,1.7519642857142856,0.3634090909090909,0.0488984230658694,0.009559022745678,0.2220570570570571,0.2223282579919993,0.0856326007379519
graph_064_mu_0_3_node_515,25,0.1766666666666666,0.0007162156173636,0.3928430987023201,2.5455455455455454,0.011413572929105,14.023,10.977,1.2797727272727275,0.4390800000000001,0.3623250983141933,0.0113308727704299,0.2813526209562794,0.2817249378208313,0.4614400925671321
graph_064_mu_0_3_node_460,25,0.1466666666666666,0.0008654085928307,0.3937721718565234,2.53953953953954,0.0119998692010357,13.018,11.982,1.0873737373737375,0.4792800000000002,0.359004283313816,0.0124111672061875,0.3152068727165005,0.3156132356377983,0.3890368161442304
graph_064_mu_0_3_node_363,18,0.1176470588235294,0.0004429185730378,0.4106041923551171,2.4354354354354357,0.0172761365015512,10.009,7.991,1.2531071428571428,0.4439444444444446,0.0488751062668319,0.0095542060084918,0.2853211822660098,0.2855921740593936,0.0611753243085263
graph_064_mu_0_3_node_353,16,0.175,0.000397937929098,0.4056029232643118,2.4654654654654653,0.0153740362532773,9.008,6.992,1.288761904761905,0.437,0.0427658388817838,0.0083597366650393,0.279606153846154,0.2798432593730851,0.055064422140448
graph_064_mu_0_3_node_972,24,0.1521739130434782,0.0006866929888572,0.4138359569179785,2.4164164164164164,0.0318007994283799,15.003,8.997,1.667666666666667,0.374875,0.0515896487432149,0.0108982761696423,0.2306769230769231,0.2309821234718708,0.0860183515914845
graph_064_mu_0_3_node_534,25,0.1185770750988142,0.0008471345670249,0.4008828250401284,2.4944944944944947,0.0132334774302649,13.986,11.014,1.2706128593628596,0.4405600000000002,0.2336422028033988,0.0115875288948208,0.2825494808277221,0.2829230513550838,0.275654168057664
graph_064_mu_0_3_node_802,27,0.1709401709401709,0.0009216652809449,0.4186923721709975,2.3883883883883885,0.0192375460842579,15.022,11.978,1.2556045454545453,0.4436296296296297,0.2275131792209826,0.0126583997500405,0.2850867569235616,0.2854930393993261,0.2846622518354885
graph_064_mu_0_3_node_359,16,0.0769230769230769,0.0003953958841621,0.3781226343679031,2.6446446446446448,0.0067740402632063,8.049,7.951,1.014483116883117,0.4969375,0.1586371012509826,0.0083877812929327,0.3307650216450216,0.3310346213013747,0.1401092324005992
graph_064_mu_0_3_node_815,26,0.1594202898550724,0.0008222996101364,0.4065934065934066,2.45945945945946,0.0163934935371817,14.027,11.973,1.1727333333333334,0.4605000000000001,0.3589065552675295,0.0124015341905686,0.2991707641196012,0.2995768496766161,0.3892411680867597
graph_064_mu_0_3_node_987,25,0.1033333333333333,0.0009044088409123,0.3906922174423152,2.55955955955956,0.0112109245471943,15.99,9.01,1.7763248556998563,0.3604,0.1447158730486373,0.0096326820724227,0.2198449222832377,0.2201505838485208,0.2569539249653203
graph_064_mu_0_3_node_374,29,0.1206896551724138,0.0012564995450802,0.3994402239104358,2.503503503503504,0.012765025037083,14.023,14.977,0.9386845238095238,0.5164482758620692,0.4941980011592276,0.015459634036823,0.3482093868921776,0.3487173063127174,0.4614148877361056
graph_064_mu_0_3_node_244,24,0.0507246376811594,0.0009097850247742,0.3943939992104224,2.535535535535536,0.0109177201324247,10.042,13.958,0.7201538461538459,0.5815833333333333,0.2090174705208088,0.0149709054222935,0.4101042016806723,0.410577452256868,0.1495471646170369
graph_064_mu_0_3_node_755,25,0.07,0.0008707722413438,0.404126213592233,2.4744744744744747,0.0168121017913993,9.03,15.97,0.5660267857142857,0.6387999999999999,0.2568724997512437,0.0170651901976986,0.4693732492997199,0.4699146433434991,0.1446105398614095
graph_064_mu_0_3_node_135,26,0.0492307692307692,0.0010054379573264,0.3991210547343188,2.5055055055055053,0.0130915059390706,11.027,14.973,0.7372126984126982,0.5758846153846152,0.2241303200151059,0.016059140956735,0.4044437262231631,0.4049514071706884,0.1495601939329978
graph_064_mu_0_3_node_739,14,0.1428571428571428,0.000203952383245,0.368362831858407,2.714714714714715,0.0092420876808462,7.0,7.0,1.0,0.5,0.3871137485768071,0.0071350602393993,0.3333333333333332,0.3335706777879497,0.3318117844944059
graph_064_mu_0_3_node_499,18,0.0784313725490196,0.0005685823927423,0.3914576802507837,2.5545545545545547,0.0128136235677992,6.974,11.026,0.6345510489510491,0.6125555555555554,0.220671654885136,0.0116288315372264,0.4417853798375539,0.4421591791291364,0.1195044810466304
graph_064_mu_0_3_node_474,26,0.1415384615384615,0.0009065325561062,0.4461813309513175,2.241241241241241,0.0288397517108785,13.031,12.969,1.0051969696969698,0.4988076923076923,0.0793230472411562,0.0155059745001217,0.33230162601626,0.3327414482310588,0.0796689939266128
graph_064_mu_0_3_node_440,18,0.1699346405228758,0.0004416757275242,0.4102669404517454,2.437437437437437,0.0163025834746372,8.031,9.969,0.8086000000000001,0.5538333333333333,0.189492925506813,0.0105342309137965,0.3831248966087677,0.383462898313558,0.151950242887724
graph_064_mu_0_3_node_132,27,0.21,0.0009732591317039,0.4023358840112767,2.4854854854854853,0.0140294307956433,16.019,10.981,1.4601840909090906,0.4067037037037037,0.5189052396021775,0.011229564107159,0.2552915525324019,0.2556640555373731,0.707916234444679
graph_064_mu_0_3_node_419,20,0.0684210526315789,0.0005294724472755,0.4075887392900856,2.4534534534534536,0.0147190272807448,9.008,10.992,0.8196363636363637,0.5495999999999999,0.0519301894690194,0.0139481710616276,0.3789425287356322,0.379315227618023,0.0378119770331832
graph_064_mu_0_3_node_485,20,0.1526315789473684,0.0004141315049999,0.4289394589952769,2.3313313313313317,0.0326211383004786,9.006,10.994,0.8193131313131314,0.5496999999999999,0.0630440296872681,0.0133170861386036,0.3790374490174268,0.3794102156366413,0.0516090308272667
graph_064_mu_0_3_node_553,32,0.0604838709677419,0.0012594942970661,0.4190436241610738,2.3863863863863863,0.0189202021861179,19.025,12.975,1.4673113553113548,0.40546875,0.0613088222827919,0.0164635568055008,0.2543130149153678,0.2547532194033586,0.0850839719059138
graph_064_mu_0_3_node_823,27,0.1823361823361823,0.0009471187250939,0.430603448275862,2.3223223223223224,0.0400677220588611,15.008,11.992,1.2516363636363634,0.4441481481481483,0.0687636305710267,0.0145261957685013,0.2854750830564783,0.2858818400253247,0.0860183515914845
graph_064_mu_0_3_node_682,52,0.0661224489795918,0.0040618271336751,0.4420353982300884,2.2622622622622623,0.0213560333349282,32.001,19.999,1.6034975203159416,0.3845961538461539,0.2996626663137609,0.0214466924743046,0.2381521931393538,0.2388311366153855,0.4630278732331273
graph_064_mu_0_3_node_797,16,0.0666666666666666,0.0003950857461034,0.3842307692307692,2.6026026026026026,0.0093357861757002,7.017,8.983,0.7816190476190478,0.5614375,0.1344686219894162,0.0096349677461513,0.3903234782608696,0.3906280388179456,0.0747800969664989
graph_064_mu_0_3_node_667,24,0.0579710144927536,0.0008936155950545,0.4225888324873096,2.3663663663663663,0.0190018586118939,13.025,10.975,1.1877151515151518,0.4572916666666665,0.0518612319442041,0.0139255452287529,0.2964595834701098,0.2968318074351531,0.0472698535499003
graph_064_mu_0_3_node_738,42,0.1788617886178861,0.0019136650912719,0.4569990850869167,2.1881881881881884,0.0379551084298453,22.058,19.942,1.1075127192982457,0.4748095238095238,0.3789749028728221,0.0210753208627828,0.3113763934594816,0.3120529471272448,0.4177248386242845
graph_064_mu_0_3_node_48,18,0.0915032679738562,0.0005529736561458,0.4138359569179785,2.4164164164164164,0.0169535721939921,5.079,12.921,0.3949423076923078,0.7178333333333331,0.2749520857729903,0.0135820353805639,0.5602857142857143,0.5607236726987298,0.1061875925917905
graph_064_mu_0_3_node_720,25,0.0666666666666666,0.0008177380467048,0.4278372591006424,2.3373373373373374,0.0192256086810669,13.024,11.976,1.0880050505050507,0.4790400000000002,0.056588642225034,0.0151959015407719,0.3149846943813568,0.3153908541267605,0.0567554172566643
graph_064_mu_0_3_node_717,41,0.0719512195121951,0.0025508811504653,0.4576271186440678,2.185185185185185,0.0332778853353408,22.041,18.959,1.1630235146690262,0.4624146341463416,0.1159628083121112,0.0226675702280034,0.3007613310708898,0.3014045566003057,0.1284878560155986
graph_064_mu_0_3_node_631,68,0.0570676031606672,0.0056685606564847,0.4775334608030592,2.094094094094094,0.0444570782844768,44.024,23.976,1.8365142819499336,0.3525882352941176,0.1132699594082815,0.0304242267039076,0.2140318186434258,0.2148463332511385,0.2079007430014302
graph_064_mu_0_3_node_796,46,0.0647342995169082,0.0023815740749432,0.4354838709677419,2.2962962962962963,0.0276839694466477,31.076,14.924,2.0847748584748587,0.3244347826086957,0.0705283521104603,0.0189356268627115,0.1936554899186627,0.1941621989348659,0.1419729903493881
