,Degree,Clustering Coefficient,Betweenness,Closeness,Shortest Path,Eigenvector,E In,E Out,E In Over E Out,ODF,Expansion,Cut Ratio,Conductance,Normalised Cut,Triangle Participation
graph_0107_mu_0_2_node_85,16,0.1916666666666666,0.0009426429119006,0.3670095518001469,2.724724724724725,0.0125430007247755,8.002,7.998,1.0005714285714284,0.499875,0.230761994949495,0.0082867568028962,0.3332266666666665,0.3335307731912727,0.2308010101010101
graph_0107_mu_0_2_node_982,20,0.3333333333333333,0.0009648868328045,0.3643326039387308,2.744744744744745,0.0107186312118951,13.004,6.996,1.8590476190476195,0.3497999999999999,0.1746939903846153,0.0072879893494236,0.2119786096256683,0.2122447286389097,0.2997016025641025
graph_0107_mu_0_2_node_314,15,0.2285714285714285,0.0007022352294665,0.3610408384531984,2.76976976976977,0.0115972744337304,9.987,5.013,1.9935,0.3341999999999999,0.1520254894190378,0.0051839662586814,0.20065,0.2008406587723465,0.302810961401284
graph_0107_mu_0_2_node_538,37,0.3915966386554622,0.0018435607402792,0.3976910828025478,2.5145145145145147,0.0674750596138218,28.008,8.992,3.1153690476190485,0.243027027027027,0.2229771588061062,0.0093727561920499,0.1383240580315206,0.1386664671965844,0.6693687058555481
graph_0107_mu_0_2_node_831,21,0.2280701754385964,0.0012178284988105,0.3667400881057269,2.7267267267267266,0.011982371379178,13.999,7.001,1.999625,0.3333809523809523,0.1593661225255652,0.0073230928504463,0.2000352941176471,0.2003016234472436,0.2957975888920162
graph_0107_mu_0_2_node_926,39,0.2882882882882883,0.0036437006418906,0.3943939992104224,2.535535535535536,0.0262723353051737,27.0,12.0,2.25,0.3076923076923076,0.4128951670188373,0.0123602149000915,0.1818181818181818,0.1822750462056027,0.8946061952074807
graph_0107_mu_0_2_node_449,27,0.3903133903133903,0.0014330522773342,0.3789833080424886,2.6386386386386387,0.0273572236126003,19.009,7.991,2.3793392857142863,0.2959629629629629,0.2453043290034102,0.0082647413954826,0.1736882516188713,0.1739923465725645,0.5830754844089231
graph_0107_mu_0_2_node_107,28,0.2615384615384615,0.001685654133859,0.381588999236058,2.6206206206206204,0.0209092206112722,19.002,8.998,2.112,0.3213571428571429,0.3100034962845455,0.0092672302596272,0.1914407294832826,0.1917831322230596,0.6201086874843452
graph_0107_mu_0_2_node_424,51,0.3171768707482993,0.0044393376262352,0.4124690338563171,2.4244244244244246,0.07401812471146,36.02,14.98,2.405193406593406,0.2937254901960783,0.4129710374981155,0.015548131650343,0.1721500299390652,0.1727206760077177,0.9645160655748012
graph_0107_mu_0_2_node_672,23,0.4285714285714285,0.0008716687453369,0.3663366336633663,2.72972972972973,0.0124436819925539,18.001,4.999,3.601150000000001,0.2173478260869565,0.2379371428571428,0.005106355572281,0.121924506387921,0.1221147488226253,0.8090742857142859
graph_0107_mu_0_2_node_694,20,0.1894736842105263,0.0015433622184068,0.3798479087452471,2.6326326326326326,0.0169310985430893,10.004,9.996,1.000888888888889,0.4997999999999999,0.3031109614012839,0.0103369340467071,0.3331612903225806,0.3335413954297083,0.3033376396924784
graph_0107_mu_0_2_node_828,25,0.2266666666666666,0.0016286535768225,0.379703534777651,2.6336336336336337,0.019989949710902,15.003,9.997,1.5008333333333337,0.3998800000000001,0.3440331520028774,0.0102969705272598,0.2499085365853658,0.2502888242862789,0.5161651126197008
graph_0107_mu_0_2_node_252,23,0.4703557312252964,0.0009541357006998,0.3740172220142269,2.6736736736736737,0.0362108720221075,17.003,5.997,2.835633333333333,0.2607391304347826,0.1652570989852913,0.006224641019252,0.1499158536585365,0.1501440500707331,0.4683694245686013
graph_0107_mu_0_2_node_571,37,0.3294117647058823,0.0027296895739914,0.3867595818815331,2.5855855855855854,0.026775680798018,26.004,10.996,2.365056565656566,0.2971891891891892,0.361978872296766,0.0113443508799482,0.1745303266178265,0.1749489509122179,0.8229178810778864
graph_0107_mu_0_2_node_486,21,0.2,0.0018073643046681,0.3710995542347697,2.694694694694695,0.0108249382877797,11.001,9.999,1.1002333333333332,0.4761428571428571,0.5860360821179235,0.0101736590356362,0.3124602272727272,0.3128404752582341,0.6446964470864728
graph_0107_mu_0_2_node_608,20,0.2578947368421053,0.0012084326823994,0.3785524820007578,2.641641641641641,0.0172902433087578,11.999,8.001,1.4997222222222222,0.40005,0.1997647435897436,0.0083349874581445,0.2500403225806452,0.2503446356406326,0.2747334134615384
graph_0107_mu_0_2_node_975,20,0.3736842105263158,0.0008402230735841,0.364067055393586,2.7467467467467466,0.0130106710719974,14.0,6.0,2.333333333333333,0.2999999999999999,0.2855485714285713,0.006128889844632,0.176470588235294,0.1766988466237899,0.66628
graph_0107_mu_0_2_node_222,22,0.1861471861471861,0.0022609021541536,0.376271186440678,2.6576576576576576,0.0132883429879605,11.008,10.992,1.001777777777778,0.4996363636363636,0.5771757044125467,0.0112058197414794,0.3330285714285713,0.3334465661890285,0.5776605528973952
graph_0107_mu_0_2_node_580,21,0.3238095238095238,0.0010706869295759,0.3723443906075289,2.685685685685686,0.0165206589296801,14.003,6.997,2.0015,0.3331904761904761,0.2408093602481678,0.0072069168022369,0.1999,0.2001661772760102,0.4817110281886435
graph_0107_mu_0_2_node_56,19,0.2573099415204678,0.0009247580655019,0.3726221559119731,2.683683683683684,0.0189155541123307,11.01,7.99,1.3789583333333335,0.4205263157894736,0.2480101092896175,0.0082582263607525,0.2662708333333332,0.2665747051994333,0.3413437613843351
graph_0107_mu_0_2_node_823,20,0.1578947368421052,0.0018905259355969,0.3757051523128996,2.661661661661661,0.0133492546639989,10.0,10.0,1.0,0.5,0.5848560700876094,0.0101758221347375,0.3333333333333332,0.3337135903871016,0.5848560700876094
graph_0107_mu_0_2_node_91,17,0.2573529411764705,0.0010166625165482,0.3656661786237188,2.734734734734735,0.011544966605323,11.0,6.0,1.8333333333333328,0.3529411764705881,0.3149553429027114,0.0061167778640654,0.2142857142857142,0.2145139205842081,0.577418128654971
graph_0107_mu_0_2_node_190,22,0.2943722943722944,0.0011945884595332,0.3776937618147448,2.647647647647648,0.0175760634088354,15.004,6.996,2.1449523809523807,0.318,0.217067873406193,0.0072311034406953,0.1890640113798008,0.18933017089053,0.4653418715846995
graph_0107_mu_0_2_node_431,21,0.3333333333333333,0.000991547117451,0.369589345172031,2.705705705705706,0.0159250699856177,13.995,7.005,1.998125,0.3335714285714286,0.1748798878205127,0.0072974475630888,0.2001764705882353,0.20044295194539,0.3494520833333332
graph_0107_mu_0_2_node_650,26,0.4384057971014493,0.0010836582997659,0.3697261287934863,2.704704704704705,0.0163460456238734,20.0,6.0,3.333333333333334,0.2307692307692308,0.2855485714285713,0.006128889844632,0.1304347826086956,0.1306631452485677,0.904237142857143
graph_0107_mu_0_2_node_368,18,0.1568627450980392,0.0014354681078611,0.3686346863468634,2.7127127127127126,0.0112126950221306,10.003,7.997,1.2509642857142858,0.4442777777777779,0.4690459150326798,0.0081361682652941,0.2855812807881772,0.2858853955735468,0.5864709967320261
graph_0107_mu_0_2_node_894,33,0.3390151515151515,0.0019165968604814,0.3885647607934656,2.5735735735735736,0.0546814544471248,23.018,9.982,2.30715,0.3024848484848485,0.2476276144907723,0.0104043508546951,0.1782035260565205,0.1785834749424718,0.5702042188805346
graph_0107_mu_0_2_node_461,26,0.4738461538461538,0.0011301741437497,0.3758465011286682,2.660660660660661,0.0277890541902265,20.009,5.991,3.341133333333334,0.2304230769230769,0.1839246173580123,0.0061962149986783,0.130218316373728,0.1304463366652232,0.6137119861754532
graph_0107_mu_0_2_node_277,26,0.2826086956521739,0.0017436506653167,0.3687707641196013,2.7117117117117115,0.0146024290344197,19.002,6.998,2.71552380952381,0.2691538461538462,0.3673923444976075,0.0071341661526129,0.1555053140096617,0.1557716306124009,0.9449215842636898
graph_0107_mu_0_2_node_612,24,0.3695652173913043,0.0011035151104915,0.3804265041888804,2.6286286286286287,0.03640450514868,18.003,5.997,3.0024,0.249875,0.1244361148302565,0.0063015593989519,0.1427774086378737,0.1430056224179428,0.3734685786228347
graph_0107_mu_0_2_node_360,34,0.3226381461675579,0.0022943426624918,0.3969010727056019,2.51951951951952,0.0575255357909332,24.015,9.985,2.405666666666666,0.2936764705882352,0.2476738266119845,0.0104075493232955,0.1721157218001169,0.172495813746009,0.595069490012911
graph_0107_mu_0_2_node_182,18,0.2026143790849673,0.0012821688215128,0.3660681568340051,2.731731731731732,0.0132532516243206,9.001,8.999,1.00025,0.4999444444444444,0.2728696124276768,0.0093059411811798,0.3332857142857142,0.3336278946314569,0.272934128556709
graph_0107_mu_0_2_node_987,21,0.2095238095238095,0.0012683652886699,0.3792710706150342,2.6366366366366365,0.0311874692529161,12.0,9.0,1.333333333333333,0.4285714285714285,0.1865774511590353,0.0094577659495988,0.2727272727272726,0.2730695691559801,0.2487699348787137
graph_0107_mu_0_2_node_120,36,0.3857142857142857,0.0025608604657273,0.3965859468042874,2.521521521521521,0.052310967455666,26.006,9.994,2.6025000000000005,0.2776111111111111,0.2753969482799004,0.0103734238186765,0.1611802995391705,0.1615607916559802,0.7163937659325995
graph_0107_mu_0_2_node_374,27,0.3703703703703703,0.0011927266541432,0.3833461243284727,2.6086086086086087,0.0482799066951945,19.012,7.988,2.381107142857143,0.2958518518518518,0.1981420217209691,0.0083260195404291,0.1736154024051803,0.1739193832688104,0.4710386002886002
graph_0107_mu_0_2_node_559,54,0.2503770739064856,0.005852624922393,0.4206315789473684,2.3773773773773774,0.0837993995376142,35.014,18.986,1.8444272445820429,0.3515925925925927,0.4707618212197159,0.019790087557713,0.2132961600197555,0.2140192444325619,0.8429695906432746
graph_0107_mu_0_2_node_217,26,0.3907692307692307,0.0014207140602953,0.381588999236058,2.6206206206206204,0.0409835080436854,18.009,7.991,2.2544880952380955,0.3073461538461537,0.2202845279703635,0.0082940684266985,0.1815841018884497,0.1818881736820662,0.4959191666300596
graph_0107_mu_0_2_node_844,38,0.3,0.0034288124339333,0.392688679245283,2.5465465465465464,0.0234136818489979,27.001,10.999,2.454890909090909,0.2894473684210527,0.2500859788359788,0.0115051620601864,0.1692130536130535,0.1696318238830834,0.5911723785473787
graph_0107_mu_0_2_node_188,18,0.4083333333333333,0.0008175816441879,0.3662023460410557,2.730730730730731,0.0132899033326702,13.0,5.0,2.600000000000001,0.2777777777777778,0.1749164054336469,0.0051483190745324,0.1612903225806451,0.161480530668293,0.4197993730407524
graph_0107_mu_0_2_node_455,22,0.341991341991342,0.0009062286089314,0.3740172220142269,2.6736736736736737,0.0215439045875443,15.006,6.994,2.146,0.3179090909090909,0.2303044219089554,0.0072154060390259,0.1890014224751066,0.1892675059489235,0.4937251623909537
graph_0107_mu_0_2_node_599,29,0.3990147783251231,0.0016727786104709,0.3723443906075289,2.685685685685686,0.0149251017614951,22.004,6.996,3.1456190476190486,0.2412413793103447,0.3032784635147959,0.0071619392636175,0.1371674208144796,0.1374337221635329,0.9534472882458216
graph_0107_mu_0_2_node_93,23,0.2523809523809524,0.0014555772763686,0.3710995542347697,2.694694694694695,0.0130635875074864,16.0,7.0,2.2857142857142847,0.3043478260869565,0.2019508838383838,0.0072527572461071,0.1794871794871794,0.1797535113366639,0.432751893939394
graph_0107_mu_0_2_node_679,29,0.3571428571428571,0.0017800807117275,0.3804265041888804,2.6286286286286287,0.0202632463735264,21.003,7.997,2.6265535714285715,0.2757586206896552,0.2752172908330711,0.0082369347105779,0.1599317647058823,0.1602361341356639,0.7226126961291193
graph_0107_mu_0_2_node_949,46,0.3065539112050739,0.0037734811862314,0.408923454768727,2.4454454454454453,0.0528368262296948,33.02,12.98,2.5445734265734274,0.2821739130434782,0.3477450217083741,0.0134874322749964,0.1642672605094546,0.164761643541769,0.8570464140389932
graph_0107_mu_0_2_node_206,21,0.1871345029239766,0.0012720139966341,0.3706864564007421,2.6976976976976976,0.0115683709258873,12.997,8.003,1.624183333333333,0.3810952380952382,0.1822006754855052,0.0083711813836096,0.235408756684492,0.2357131688827193,0.272963035932076
graph_0107_mu_0_2_node_630,15,0.2857142857142857,0.0007524633972836,0.367414490621552,2.7217217217217216,0.010446265077787,9.002,5.998,1.501,0.3998666666666667,0.2988960236495119,0.0061215115339199,0.2499,0.250128095571227,0.4484269961182753
graph_0107_mu_0_2_node_90,18,0.3725490196078431,0.0009087290650655,0.3632727272727272,2.7527527527527527,0.0116244783636953,12.0,6.0,2.0,0.3333333333333332,0.1364202741702741,0.0062761207539383,0.2,0.2002282236591859,0.2728405483405482
graph_0107_mu_0_2_node_97,26,0.24,0.0018317188460198,0.3794151158374478,2.635635635635636,0.0183957551716998,17.0,9.0,1.8888888888888888,0.3461538461538461,0.3587535011797863,0.0092328676991163,0.2093023255813953,0.2096447522450182,0.6776455022284852
graph_0107_mu_0_2_node_3,57,0.2747474747474747,0.0049323443365016,0.4143508917461634,2.413413413413413,0.0814112745146541,44.005,12.995,3.3865087412587416,0.2279824561403508,0.2694316922724528,0.0136558222188751,0.1286577570949557,0.1291531257769177,0.8914946704948784
graph_0107_mu_0_2_node_63,20,0.2473684210526315,0.0012392619206826,0.3720670391061452,2.687687687687688,0.013820027727126,11.002,8.998,1.2228571428571424,0.4499000000000001,0.4083049648394476,0.0092011125528335,0.2902443792766373,0.2905865736709187,0.499098788443616
graph_0107_mu_0_2_node_662,32,0.3185483870967742,0.0020612914534787,0.3920722135007849,2.5505505505505504,0.0325955922317365,22.012,9.988,2.204355555555555,0.312125,0.3289272651478139,0.0103041484320074,0.1849273689273688,0.1853075170625904,0.7243142934074324
graph_0107_mu_0_2_node_127,38,0.3143669985775248,0.0035341444494648,0.4034733441033926,2.4784784784784786,0.03183590721632,25.012,12.988,1.9260885780885784,0.3417894736842105,0.441964435600046,0.013385992440739,0.2061241758241758,0.2066185618768426,0.8504494137898196
graph_0107_mu_0_2_node_432,27,0.3219373219373219,0.0012871247968568,0.3836405529953917,2.6066066066066065,0.0435572803813611,20.003,6.997,2.859071428571428,0.259148148148148,0.1450778083329293,0.0073527828463591,0.1488643617021277,0.1491306605434376,0.4146545451441767
graph_0107_mu_0_2_node_692,52,0.3151020408163265,0.0043277451073392,0.4155574043261231,2.4064064064064064,0.0888367626141592,37.019,14.981,2.471809523809525,0.2880961538461538,0.3715661995898838,0.0156150373041287,0.1682957545304394,0.168866482096958,0.8925904420141264
graph_0107_mu_0_2_node_262,19,0.3088235294117647,0.0006293085507715,0.3567857142857142,2.8028028028028027,0.0098531700031348,15.0,4.0,3.75,0.2105263157894736,0.1004,0.004166256830601,0.1176470588235294,0.1177992542424473,0.3513999999999999
graph_0107_mu_0_2_node_505,44,0.3240418118466899,0.00365856075646,0.4065934065934066,2.45945945945946,0.0654780915456158,30.019,13.981,2.1480476190476194,0.31775,0.3854263483745869,0.0145112831858178,0.1888937207884576,0.1894260878977465,0.7992125602681217
graph_0107_mu_0_2_node_669,22,0.3052631578947368,0.0011986333670013,0.3656661786237188,2.734734734734735,0.0104194989645481,14.998,7.002,2.1420714285714286,0.3182727272727273,0.1748121794871794,0.0072943142584849,0.1892552552552552,0.1895216428593668,0.3495197916666666
graph_0107_mu_0_2_node_739,35,0.2821969696969697,0.0024550349702603,0.3882627283326856,2.575575575575576,0.0270938690962363,24.002,10.998,2.1825252525252514,0.3142285714285713,0.3658608294930874,0.0113397040168533,0.1864017782717421,0.1868204148693581,0.7650700460829496
graph_0107_mu_0_2_node_138,50,0.3111702127659574,0.0044537756872376,0.4102669404517454,2.437437437437437,0.0789989511079758,35.022,14.978,2.339239926739927,0.2995599999999999,0.3714999791144528,0.0156119774139694,0.1761749232024952,0.1767454496687912,0.8430818922305762
graph_0107_mu_0_2_node_641,48,0.2677304964539007,0.0052008892535217,0.4249255635899617,2.353353353353353,0.0784409620268044,30.013,17.987,1.6687254901960786,0.3747291666666666,0.4460020923520925,0.0187487126850182,0.230567088607595,0.2312518912047395,0.7436702551834131
graph_0107_mu_0_2_node_440,40,0.3911806543385491,0.0024714010751522,0.3967434471803018,2.5205205205205203,0.0403230453256058,30.006,9.994,3.002666666666667,0.24985,0.3067148133352412,0.0103365254929786,0.1427605633802816,0.1431411714300285,0.8898610597068923
graph_0107_mu_0_2_node_305,30,0.1885057471264367,0.0029105318322993,0.3945497630331753,2.5345345345345347,0.0253390245950395,15.008,14.992,1.0011648351648352,0.4997333333333333,0.4935650425880247,0.0154668591153776,0.3331026827012025,0.3336728729629696,0.4938137995098999
graph_0107_mu_0_2_node_945,26,0.2717391304347826,0.001800042687647,0.3772658610271903,2.650650650650651,0.0140713889582788,16.0,10.0,1.6000000000000003,0.3846153846153847,0.623020497311828,0.010164205908576,0.2380952380952381,0.2384756687427311,0.934530745967742
graph_0107_mu_0_2_node_225,37,0.3596638655462185,0.0021079118499977,0.3947056499407348,2.5335335335335336,0.0304705692504879,28.003,8.997,3.1126527777777784,0.2431621621621622,0.298088394883339,0.0092790549720006,0.1384097902097901,0.1387523896059297,0.8944571158985256
graph_0107_mu_0_2_node_412,27,0.3190883190883191,0.0020328294172216,0.3811522319725295,2.623623623623624,0.0189569122193934,18.001,8.999,2.000375,0.3332962962962962,0.3096544261115857,0.0092690984758125,0.1999739130434782,0.2003163277504266,0.6193596996807986
graph_0107_mu_0_2_node_761,16,0.1583333333333333,0.0008742999413101,0.3726221559119731,2.683683683683684,0.0140359085709911,8.001,7.999,1.0002857142857142,0.4999375,0.3795741942672728,0.0081721643991174,0.3332799999999999,0.3335841445170558,0.3796086770258934
graph_0107_mu_0_2_node_141,30,0.4735632183908046,0.0010316464757642,0.374859287054409,2.667667667667668,0.0214378578034369,26.0,4.0,6.5,0.1333333333333333,0.1376317223396125,0.0041200716333638,0.0714285714285714,0.0715808943531715,0.8946061952074807
graph_0107_mu_0_2_node_371,50,0.2278368794326241,0.0047070263765188,0.4126394052044609,2.4234234234234235,0.0670608899845654,35.001,14.999,2.3335714285714286,0.2999799999999999,0.311177933408182,0.0157609197246133,0.1764569083447331,0.1770282335875626,0.7053774823918794
graph_0107_mu_0_2_node_507,23,0.2857142857142857,0.0011916581393056,0.3705489614243323,2.6986986986986987,0.0149503659588042,14.001,8.999,1.5558750000000006,0.3912608695652174,0.5607028225806452,0.00914671694165,0.2432105263157895,0.2435528368225806,0.8099422715053763
graph_0107_mu_0_2_node_747,22,0.2597402597402597,0.0015303235526302,0.3759879563417388,2.65965965965966,0.0123680033176314,13.001,8.999,1.4447499999999995,0.4090454545454545,0.448384509535091,0.0091843720454006,0.2571079365079365,0.2574502209745967,0.6477233613181288
graph_0107_mu_0_2_node_452,27,0.2792022792022792,0.0020250309942197,0.3864603481624758,2.587587587587588,0.01898046960857,18.001,8.999,2.000375,0.3332962962962962,0.408322206218758,0.0092021741239588,0.1999739130434782,0.2003163277504266,0.816696136575447
graph_0107_mu_0_2_node_726,19,0.4035087719298245,0.0009980824054851,0.3610408384531984,2.76976976976977,0.0104349556476261,13.0,6.0,2.166666666666667,0.3157894736842105,0.2098996865203762,0.0061779828894388,0.1875,0.1877282410225197,0.4547826541274816
graph_0107_mu_0_2_node_92,30,0.3586206896551724,0.00169314706292,0.3814432989690721,2.621621621621621,0.0362407892963467,22.009,7.991,2.75675,0.2663666666666667,0.2140697595174806,0.0083033786504269,0.1536573426573426,0.1539615069821108,0.5891245309807641
graph_0107_mu_0_2_node_384,18,0.4901960784313725,0.0007351218398595,0.3585786073223259,2.7887887887887888,0.0082150539469387,14.0,4.0,3.5,0.2222222222222223,0.1225252525252524,0.0041356832498941,0.125,0.1251521838380764,0.4288383838383837
graph_0107_mu_0_2_node_88,25,0.3162055335968379,0.0011757115881238,0.3713754646840149,2.6926926926926926,0.017821785499214,17.005,7.995,2.1273809523809524,0.3198,0.3466109270531112,0.008184567444424,0.1903390214436726,0.1906432221805808,0.6934861146696026
graph_0107_mu_0_2_node_628,31,0.2408602150537634,0.0024979171285511,0.3882627283326856,2.575575575575576,0.0405602467887697,20.006,10.994,1.819935353535353,0.3546451612903226,0.2281247775323342,0.011552327702429,0.2155468852272404,0.2159652423421323,0.4149487468916606
graph_0107_mu_0_2_node_259,23,0.2529644268774703,0.0012500099021165,0.3704115684093437,2.6996996996997,0.0150040248404942,16.988,6.012,2.8275833333333336,0.261391304347826,0.1510999999999999,0.0062616803278688,0.1503631578947367,0.1505919246011142,0.4261999999999998
graph_0107_mu_0_2_node_558,29,0.3866995073891626,0.0019015361352791,0.384526558891455,2.6006006006006004,0.0306533086993113,20.027,8.973,2.2339027777777773,0.3094137931034483,0.2756917299221068,0.0092798105021666,0.1830407843137255,0.1833822625291193,0.6137301021174821
graph_0107_mu_0_2_node_473,15,0.1619047619047619,0.0008276381508965,0.369589345172031,2.705705705705706,0.0143976338190694,7.0,8.0,0.875,0.5333333333333332,0.2425794404375048,0.008272865042599,0.3636363636363636,0.3639405230158786,0.2122570103828167
graph_0107_mu_0_2_node_995,17,0.2647058823529412,0.0009107027931398,0.3623503808487486,2.75975975975976,0.0140175070664865,10.009,6.991,1.434035714285714,0.4112352941176472,0.3486008809857646,0.0071346793064015,0.2588814814814814,0.2591473496734819,0.4983915646735414
graph_0107_mu_0_2_node_954,24,0.341991341991342,0.0013151274200373,0.3680913780397936,2.716716716716717,0.0125115698153759,17.0,7.0,2.4285714285714284,0.2916666666666667,0.2144191919191918,0.0072374456873147,0.1707317073170731,0.1709980594345725,0.4901010101010099
graph_0107_mu_0_2_node_920,27,0.4066666666666667,0.0010779274259103,0.3693160813308687,2.707707707707708,0.0157836757675422,21.004,5.996,3.5040500000000003,0.2220740740740741,0.2599506368711394,0.006138171704801,0.124909081632653,0.1251373094819131,0.8668211583284677
graph_0107_mu_0_2_node_909,24,0.3636363636363636,0.0010840220345084,0.3701370878103001,2.701701701701701,0.0129933584872447,18.999,5.001,3.799199999999999,0.208375,0.113849751383807,0.0052310712628896,0.1163056478405315,0.1164959808306368,0.4095885167464115
graph_0107_mu_0_2_node_422,22,0.2337662337662337,0.0016154416179294,0.3716517857142857,2.690690690690691,0.0130828226429536,13.0,9.0,1.444444444444444,0.4090909090909091,0.4484077653490445,0.00918541697748,0.2571428571428571,0.2574851796106218,0.6477001055041753
graph_0107_mu_0_2_node_547,19,0.125,0.001220232372241,0.3708240534521158,2.6966966966966965,0.0146778376269673,10.0,9.0,1.1111111111111112,0.4736842105263158,0.3093762343260188,0.0092700732284547,0.3103448275862069,0.3106870719486817,0.3093762343260188
graph_0107_mu_0_2_node_236,36,0.3279857397504456,0.0026822823996174,0.3870592793490895,2.583583583583584,0.0254262085101248,26.001,9.999,2.6004000000000005,0.27775,0.3440623566964889,0.0102991163841535,0.1612718894009216,0.1616525716908806,0.8602152137751204
graph_0107_mu_0_2_node_879,14,0.1428571428571428,0.0008587949576649,0.3584499461786867,2.78978978978979,0.0080422894273155,6.0,8.0,0.75,0.5714285714285712,0.419940457203615,0.0081557038187538,0.4000000000000001,0.4003041362530413,0.3149553429027114
graph_0107_mu_0_2_node_312,16,0.35,0.0007580007331641,0.3535031847133758,2.828828828828829,0.0074411734266985,11.0,5.0,2.2,0.3125,0.357142857142857,0.0050709939148073,0.1851851851851851,0.1853753643339432,0.7857142857142859
graph_0107_mu_0_2_node_201,24,0.3246753246753247,0.0010763132802153,0.3679558011049724,2.7177177177177176,0.0136872131342872,18.001,5.999,3.0008000000000004,0.2499583333333333,0.2846739688917999,0.0061288657369022,0.1428305647840531,0.1430588546299655,0.8066514085921265
graph_0107_mu_0_2_node_597,30,0.271264367816092,0.0017036735860097,0.3875096974398759,2.5805805805805804,0.0446043879751968,21.004,8.996,2.335,0.2998666666666665,0.1866679786109873,0.0094528252128858,0.1763800904977375,0.176722469323773,0.4356890786815672
graph_0107_mu_0_2_node_941,20,0.3473684210526316,0.0009300052058522,0.3693160813308687,2.707707707707708,0.0140306623054068,14.0,6.0,2.333333333333333,0.2999999999999999,0.2064475835094186,0.0061801074500457,0.176470588235294,0.1766988466237899,0.4817110281886435
graph_0107_mu_0_2_node_364,34,0.3155080213903743,0.0026430974851921,0.3875096974398759,2.5805805805805804,0.0236149371844292,24.0,10.0,2.399999999999999,0.2941176470588235,0.3440793058490312,0.0103001790834096,0.1724137931034483,0.1727944554559416,0.8257903340376747
graph_0107_mu_0_2_node_928,24,0.2554112554112554,0.0013897864056218,0.377123442808607,2.6516516516516515,0.0210949698081767,15.005,8.995,1.6684285714285718,0.3747916666666667,0.2992870967741935,0.009274350349067,0.2306168855534709,0.2309590700681519,0.4657543778801843
graph_0107_mu_0_2_node_703,20,0.4210526315789473,0.0008242220235039,0.3615635179153094,2.765765765765766,0.013557256257759,15.0,5.0,3.0,0.25,0.2379571428571429,0.00510740820386,0.1428571428571428,0.1430473798924889,0.7138714285714284
graph_0107_mu_0_2_node_2,26,0.4676923076923077,0.0009912079965021,0.374578177727784,2.66966966966967,0.0199979276860987,21.003,4.997,4.203900000000002,0.1921923076923077,0.1700143762139384,0.0051501752190935,0.106313829787234,0.1065040395763737,0.714316117803459
graph_0107_mu_0_2_node_813,20,0.2578947368421053,0.0011882995104111,0.3664710198092443,2.7287287287287287,0.0127247586248196,13.01,6.99,1.8620952380952385,0.3494999999999999,0.1991383351001219,0.0072446528132403,0.2117667430608606,0.2120326339893715,0.3703950595442857
graph_0107_mu_0_2_node_556,26,0.2769230769230769,0.0014513109712683,0.3854166666666667,2.5945945945945947,0.0263018056069049,17.016,8.984,1.8950793650793651,0.3455384615384615,0.2959498688465291,0.0092681887179864,0.2088674653511862,0.2092092837775211,0.5595670455149423
graph_0107_mu_0_2_node_843,27,0.3162393162393162,0.0018173946791721,0.3849710982658959,2.5975975975975976,0.0230837659979175,18.006,8.994,2.0025714285714287,0.3331111111111111,0.3095790675718203,0.0092637440627691,0.1998468085106383,0.20018903311379,0.6194350582205639
graph_0107_mu_0_2_node_420,42,0.3717948717948718,0.0030385792101397,0.4012048192771084,2.4924924924924925,0.043356921252696,31.019,10.981,2.8257757575757587,0.2614523809523809,0.3372091907401845,0.0113568486749135,0.150391144020733,0.1508093570990653,0.9207295475861612
graph_0107_mu_0_2_node_34,20,0.3789473684210526,0.0008514430063952,0.3666055045871559,2.727727727727728,0.0132157927957538,14.003,5.997,2.3353333333333337,0.2998499999999999,0.272145217317631,0.0061323751985918,0.1763697478991596,0.1765978922235959,0.6352757773447429
graph_0107_mu_0_2_node_749,25,0.2687747035573122,0.0013465595130047,0.3720670391061452,2.687687687687688,0.0126352581947725,17.001,7.999,2.1254464285714283,0.31996,0.3188738192305171,0.0082059353092674,0.1904485049833887,0.1907528578027753,0.6378021839155796
graph_0107_mu_0_2_node_596,30,0.2830687830687831,0.0016307893300305,0.3861615771163509,2.5895895895895897,0.0452584798371484,21.005,8.995,2.335654761904762,0.2998333333333333,0.1865170712404464,0.0094523081733253,0.1763591735678305,0.1767015143522723,0.4146769380497785
graph_0107_mu_0_2_node_255,32,0.3540229885057471,0.0021580527922442,0.389018691588785,2.5705705705705704,0.0326297234759468,22.02,9.98,2.207466666666666,0.311875,0.3064655653177406,0.0103216593008506,0.1847572871572871,0.1851371310958676,0.6446588465875451
graph_0107_mu_0_2_node_469,26,0.2463768115942029,0.0018917479788508,0.3794151158374478,2.635635635635636,0.0179023950317062,17.996,8.004,2.2487,0.3078461538461537,0.1820034872534872,0.0083723351477773,0.1819307359307359,0.1822353019670689,0.3864143217893218
graph_0107_mu_0_2_node_766,20,0.4105263157894737,0.0008476888089001,0.3727611940298507,2.6826826826826826,0.0246860962480579,14.018,5.982,2.347666666666667,0.2990999999999999,0.160376258056387,0.0062155301896052,0.1758786181139121,0.1761061920572866,0.3750269007832388
graph_0107_mu_0_2_node_633,32,0.3669354838709677,0.0021519401328651,0.388715953307393,2.5725725725725725,0.0273450815632141,22.004,9.996,2.201511111111111,0.312375,0.3400751650316664,0.0103024065200703,0.1850997594997594,0.1854802118055681,0.7483315968358998
graph_0107_mu_0_2_node_74,45,0.2967884828349945,0.0037972017022827,0.404126213592233,2.4744744744744747,0.0483305635489166,32.009,12.991,2.4642395104895094,0.2886888888888888,0.3479080952110731,0.01349922544226,0.1686970624312397,0.1691918261850758,0.8301101975196862
graph_0107_mu_0_2_node_160,18,0.3137254901960784,0.0009194916757536,0.3643326039387308,2.744744744744745,0.0103651219479116,13.0,5.0,2.600000000000001,0.2777777777777778,0.2624627857522594,0.0050973148867211,0.1612903225806451,0.161480530668293,0.6824032429558745
graph_0107_mu_0_2_node_974,19,0.3567251461988304,0.0006230241900962,0.3686346863468634,2.7127127127127126,0.0307020709461211,15.002,3.998,3.7531666666666665,0.2104210526315789,0.0828958862531035,0.004201292765272,0.1175831932773109,0.1177353126245812,0.3109773439715266
graph_0107_mu_0_2_node_812,26,0.3569230769230769,0.0013586913168753,0.3791271347248577,2.6376376376376376,0.043733504061974,18.003,7.997,2.251392857142857,0.3075769230769229,0.1982620680489101,0.0083357492954693,0.1817393939393939,0.1820436938784173,0.4462099453178402
graph_0107_mu_0_2_node_398,23,0.4150197628458498,0.0010624419477657,0.3694526627218935,2.7067067067067065,0.0141547701914488,17.002,5.998,2.834866666666666,0.2607826086956521,0.259996091416594,0.0061402637550102,0.1499439024390243,0.1501721368812497,0.7367635735676739
graph_0107_mu_0_2_node_861,29,0.396011396011396,0.0015016988646932,0.375,2.6666666666666665,0.0161879025167723,22.003,6.997,3.1449285714285726,0.2412758620689654,0.3033034635147959,0.0071629809302842,0.1371892911010558,0.1374556304888116,0.9101430851617036
graph_0107_mu_0_2_node_777,20,0.3071895424836601,0.0009148997935428,0.3567857142857142,2.8028028028028027,0.0078298457766453,15.991,4.009,3.991,0.20045,0.1377136167711599,0.0041294338046679,0.1113968253968254,0.1115493746686519,0.5154139890282133
graph_0107_mu_0_2_node_908,21,0.3380952380952381,0.0009896459105885,0.3722056631892697,2.6866866866866865,0.0142373879800777,15.002,5.998,2.5014000000000003,0.2856190476190475,0.2846567275124896,0.006127804165777,0.1666036036036035,0.166831803312229,0.7117707910597908
graph_0107_mu_0_2_node_403,31,0.1870967741935484,0.0029913625780441,0.3939274447949527,2.5385385385385386,0.0247121744964547,17.005,13.995,1.215194139194139,0.4514516129032256,0.5579880254964937,0.0143568654474053,0.2915369727891156,0.292069345239008,0.677700296749033
graph_0107_mu_0_2_node_752,22,0.2424242424242424,0.0017004986296919,0.3726221559119731,2.683683683683684,0.0120606708781219,14.002,7.998,1.7507857142857142,0.3635454545454545,0.3795542839437968,0.0081711117840758,0.2221561561561562,0.2224604014999583,0.6643221640843067
graph_0107_mu_0_2_node_470,33,0.2594696969696969,0.0028023956686195,0.3929976396538159,2.5445445445445447,0.025147021473695,21.006,11.994,1.7515,0.3634545454545454,0.397414917256194,0.0123699581645186,0.2220888888888889,0.2225453166054457,0.6956515479560875
graph_0107_mu_0_2_node_397,35,0.4147727272727273,0.0015070125261301,0.3942383583267561,2.5365365365365364,0.0331740510159375,28.002,6.998,4.001666666666667,0.1999428571428571,0.2303638040487143,0.0072196968288935,0.1110763888888889,0.1113428880461726,0.8887053519162355
graph_0107_mu_0_2_node_8,38,0.4158730158730159,0.002046308722763,0.3896255850234009,2.5665665665665665,0.030718394346383,31.0,7.0,4.428571428571431,0.1842105263157894,0.2182721153846153,0.0072326893920442,0.1014492753623188,0.1017159115562775,0.935451923076923
graph_0107_mu_0_2_node_233,24,0.2207792207792207,0.0013657165536613,0.3792710706150342,2.6366366366366365,0.0304183832477111,15.003,8.997,1.667666666666667,0.374875,0.1866777036277546,0.0094539321927345,0.2306769230769231,0.2310191836140444,0.2904809609314578
graph_0107_mu_0_2_node_701,20,0.3157894736842105,0.0011400717972629,0.3632727272727272,2.7527527527527527,0.0116131407659933,12.004,7.996,1.5014285714285716,0.3998,0.2797450365726228,0.0082331740145982,0.2498484848484848,0.2501526078971404,0.4199205851619644
graph_0107_mu_0_2_node_133,32,0.3011494252873563,0.001662182393238,0.383493282149712,2.607607607607608,0.0243706563194731,24.011,7.989,3.006285714285714,0.24965625,0.2479920537340619,0.00825716687447,0.1426365914786967,0.1429407261214169,0.7135853142076503
graph_0107_mu_0_2_node_119,20,0.4473684210526316,0.000577347965218,0.3717901004838109,2.68968968968969,0.0380974058235473,15.006,4.994,3.006,0.2496999999999999,0.1238535923141186,0.0052054142659158,0.1426666666666666,0.1428566755218097,0.3718107769423559
graph_0107_mu_0_2_node_230,15,0.1904761904761904,0.0008630706027741,0.3656661786237188,2.734734734734735,0.0103568692345143,8.988,6.012,1.4957142857142856,0.4008,0.1737300505050505,0.0062289088984779,0.2506521739130434,0.2508808014768511,0.25900101010101
graph_0107_mu_0_2_node_868,17,0.3047619047619048,0.0006775480909109,0.3571683947086164,2.7997997997998,0.0090581345469692,12.0,5.0,2.399999999999999,0.2941176470588235,0.2930315545724752,0.0050873487286176,0.1724137931034483,0.1726039867205505,0.6446694200594456
graph_0107_mu_0_2_node_743,34,0.3185483870967742,0.001928394022961,0.390539483971853,2.5605605605605604,0.0382896041935599,25.023,8.977,2.791944444444445,0.2640294117647058,0.2406229993139392,0.0093275858327982,0.152113577546929,0.152455337786896,0.6428907202341303
graph_0107_mu_0_2_node_758,20,0.3631578947368421,0.0007393155395783,0.3731789316398954,2.67967967967968,0.0339971202639624,15.003,4.997,3.003,0.24985,0.1036189122600701,0.0052510344774659,0.1427619047619047,0.1429520277071493,0.3109851458711195
graph_0107_mu_0_2_node_154,35,0.2739495798319328,0.0023578043340582,0.3984842441164739,2.5095095095095097,0.0542147290629282,23.008,11.992,1.91889393939394,0.3426285714285714,0.2488570088754691,0.0126008677766446,0.2067342684589908,0.2071906896203233,0.4772161083794373
graph_0107_mu_0_2_node_499,25,0.1733333333333333,0.0023326451652925,0.3826120260436614,2.6136136136136137,0.0156308830153153,14.0,11.0,1.272727272727273,0.4400000000000001,0.2760999999999999,0.011457206284153,0.282051282051282,0.2824696761785499,0.3513999999999999
graph_0107_mu_0_2_node_526,20,0.4313725490196078,0.0005422392353079,0.3702742772424018,2.700700700700701,0.0181006431239574,16.002,3.998,4.003333333333334,0.1999,0.1324760468733639,0.0041232992276085,0.111051051051051,0.1112031819751382,0.4969229727059534
graph_0107_mu_0_2_node_251,21,0.2952380952380952,0.0011651998267927,0.3779795686719637,2.645645645645646,0.0193781540312063,13.0,8.0,1.625,0.3809523809523811,0.2481489981785063,0.0082690022228215,0.2352941176470588,0.2355984158593069,0.4032421220400728
graph_0107_mu_0_2_node_866,22,0.2,0.0015122448367995,0.3744377811094452,2.670670670670671,0.0139459546891124,12.0,10.0,1.1999999999999995,0.4545454545454543,0.623020497311828,0.010164205908576,0.2941176470588235,0.2944979619595615,0.6853225470430107
graph_0107_mu_0_2_node_325,22,0.2263157894736842,0.0013873791151253,0.3705489614243323,2.6986986986986987,0.0124435551924218,14.002,7.998,1.7507857142857142,0.3635454545454545,0.4690709150326797,0.0081372099319608,0.2221561561561562,0.2224604014999583,0.7623946486928106
graph_0107_mu_0_2_node_631,24,0.2683982683982684,0.0012170891922351,0.3689069423929099,2.710710710710711,0.0119858190333985,17.0,7.0,2.4285714285714284,0.2916666666666667,0.1756999999999999,0.0072909494535519,0.1707317073170731,0.1709980594345725,0.4016000000000001
graph_0107_mu_0_2_node_453,20,0.2473684210526315,0.0013223891578189,0.3687707641196013,2.7117117117117115,0.0133055807880738,12.0,8.0,1.5,0.4000000000000001,0.265010113507081,0.008250894930469,0.25,0.2503042750646584,0.3975151702606215
graph_0107_mu_0_2_node_373,21,0.3,0.0014120096406565,0.3735976065818998,2.6766766766766765,0.0151002441763323,13.0,8.0,1.625,0.3809523809523811,0.1818936988936988,0.0083681610052511,0.2352941176470588,0.2355984158593069,0.2955772607022608
graph_0107_mu_0_2_node_572,24,0.341991341991342,0.0010109936358091,0.367684946632315,2.71971971971972,0.0125733446582173,18.001,5.999,3.0008000000000004,0.2499583333333333,0.2989114832056692,0.0061225728967208,0.1428305647840531,0.1430588546299654,0.8470194726863328
graph_0107_mu_0_2_node_313,28,0.1931216931216931,0.0026027591731688,0.3914576802507837,2.5545545545545547,0.0205694307964746,15.002,12.998,1.154205128205128,0.4642142857142858,0.616798931222911,0.0132793780154775,0.3022663847780127,0.3027607745973004,0.7117710935401295
graph_0107_mu_0_2_node_980,20,0.2091503267973856,0.0010982792834536,0.3693160813308687,2.707707707707708,0.0126691305215823,12.001,7.999,1.500357142857143,0.39995,0.1820479407073834,0.0083670259048396,0.2499621212121212,0.250266358272779,0.2503575851393189
graph_0107_mu_0_2_node_369,28,0.3046153846153846,0.0019440648873766,0.3837879369957741,2.6056056056056054,0.0254916037805858,18.0,10.0,1.8000000000000005,0.357142857142857,0.3401271130836145,0.0103067402145448,0.2173913043478261,0.2177717928951207,0.5782160922421444
graph_0107_mu_0_2_node_125,20,0.3137254901960784,0.0008107800728096,0.3708240534521158,2.6966966966966965,0.0149236645558135,14.001,5.999,2.334,0.2999499999999999,0.2066737392502296,0.0061785111167257,0.1764369747899159,0.1766651951570585,0.4478496493278783
graph_0107_mu_0_2_node_504,17,0.1764705882352941,0.0011188492287192,0.3647316538882804,2.7417417417417416,0.0111342633301807,8.99,8.01,1.1226388888888887,0.4711764705882353,0.2429116985020209,0.0082831753848585,0.3082153846153845,0.3085199701250898,0.2725696124276768
graph_0107_mu_0_2_node_999,20,0.3473684210526316,0.0009634044055432,0.3684987089634821,2.7137137137137137,0.0119711782730051,15.0,5.0,3.0,0.25,0.1993075006554368,0.0051293709439535,0.1428571428571428,0.1430473798924889,0.5979225019663104
graph_0107_mu_0_2_node_179,25,0.2806324110671936,0.0015487956530281,0.3757051523128996,2.661661661661661,0.0173990053369301,16.001,8.999,1.7781250000000004,0.35996,0.2981235571826455,0.0092811721980791,0.2194831591173055,0.2198255217162467,0.4969067833385974
graph_0107_mu_0_2_node_588,52,0.2955102040816326,0.0054589569826839,0.4169449081803005,2.3983983983983985,0.0719850767300324,35.012,16.988,2.0611941176470587,0.3266923076923077,0.4681762011253779,0.0176327255827991,0.1952402052293567,0.1958872446982845,0.9368606440089976
graph_0107_mu_0_2_node_884,27,0.3266666666666666,0.0014515807299781,0.3729003359462486,2.681681681681681,0.0167443236038398,19.003,7.997,2.376607142857143,0.2961851851851852,0.2755361317525258,0.0082362459083555,0.173839153561517,0.1741434766519166,0.6201274526175171
graph_0107_mu_0_2_node_302,18,0.4052287581699346,0.000895337612938,0.3624818577648766,2.7587587587587588,0.0096417760823856,12.004,5.996,2.0024,0.3331111111111111,0.209778474399164,0.0061738463847853,0.1998451612903226,0.2000732328872224,0.4199205851619644
graph_0107_mu_0_2_node_372,15,0.2435897435897435,0.0004949949883689,0.3532531824611032,2.830830830830831,0.0071896020959778,11.001,3.999,2.75125,0.2665999999999999,0.2345336192810458,0.0040686071048165,0.1538034188034187,0.1539555298852892,0.5864434232026142
graph_0107_mu_0_2_node_171,51,0.2270408163265306,0.0052351295524257,0.4136645962732919,2.417417417417417,0.068706982644104,35.007,15.993,2.1890482142857146,0.3135882352941175,0.3318466337473994,0.0168052085554621,0.1859517022672595,0.1865608670247499,0.7054548109465406
graph_0107_mu_0_2_node_845,22,0.277056277056277,0.0017840287348065,0.3724832214765101,2.684684684684685,0.0147621451159527,13.0,9.0,1.444444444444444,0.4090909090909091,0.3900363906460178,0.0092136249113097,0.2571428571428571,0.2574851796106218,0.5633858975998035
graph_0107_mu_0_2_node_228,22,0.1842105263157894,0.001310055378028,0.379703534777651,2.6336336336336337,0.0186726914953232,12.005,9.995,1.201344444444444,0.4543181818181816,0.3985420249721439,0.0102533686922425,0.2939368814192343,0.2943170063404645,0.438549477780691
graph_0107_mu_0_2_node_557,23,0.3162055335968379,0.0011807656341004,0.3751408186256102,2.665665665665666,0.0197049314502433,15.004,7.996,1.8769166666666663,0.3476521739130433,0.2480989981785064,0.0082646543967345,0.2104052631578947,0.2107094556078576,0.4653293715846994
graph_0107_mu_0_2_node_458,33,0.1950757575757575,0.0034691358661905,0.398961661341853,2.5065065065065064,0.0293264989485288,17.005,15.995,1.0632509615384615,0.4846969696969695,0.5299440751879505,0.0164964351836314,0.3198735183129855,0.3204819248506663,0.5631887447236738
graph_0107_mu_0_2_node_913,34,0.4435483870967742,0.0018580624048377,0.3843786071565987,2.601601601601601,0.0254115822562287,27.003,6.997,3.859571428571428,0.2057941176470588,0.2380381317009028,0.007211530052413,0.1147001586462189,0.1149665994541286,0.8843813414750241
graph_0107_mu_0_2_node_911,20,0.2026143790849673,0.0012057454570844,0.3616944243301955,2.764764764764765,0.0089780875641806,11.004,8.996,1.2234920634920632,0.4498000000000001,0.2561723805311598,0.0093239553725805,0.2901661779081134,0.290508296303065,0.2848843443810271
graph_0107_mu_0_2_node_346,23,0.466403162055336,0.0007394592336302,0.3789833080424886,2.6386386386386387,0.0397485507993971,17.009,5.991,2.841,0.2604782608695652,0.1651850438474467,0.0062181068031143,0.1497502322880371,0.1499782005026912,0.468411404518476
graph_0107_mu_0_2_node_59,25,0.3666666666666666,0.0010800148941446,0.3776937618147448,2.647647647647648,0.0284694067452599,19.014,5.986,3.178333333333333,0.2394400000000001,0.1604392457932878,0.0062197951905022,0.1360101010101009,0.1362379137667229,0.5087281788540164
graph_0107_mu_0_2_node_657,27,0.282051282051282,0.0016234557801889,0.3857142857142857,2.592592592592593,0.0400943012179327,18.009,8.991,2.003589285714286,0.3329999999999999,0.1865954802088777,0.0094474610347214,0.1997674375578168,0.2001095481229974,0.3734797268739019
graph_0107_mu_0_2_node_183,24,0.4057971014492754,0.0010243361123093,0.3795592705167173,2.6346346346346348,0.0291813885399428,18.001,5.999,3.0008000000000004,0.2499583333333333,0.160625871086662,0.0062337716054163,0.1428305647840531,0.1430588546299655,0.481916574298947
graph_0107_mu_0_2_node_534,28,0.2962962962962963,0.0016883358416711,0.388715953307393,2.5725725725725725,0.0425391233314357,20.003,7.997,2.5015,0.2856071428571428,0.1658075387454335,0.0084036527270017,0.166595238095238,0.1668995843579074,0.4146415581311897
graph_0107_mu_0_2_node_921,21,0.4238095238095238,0.0009213192000971,0.3659340659340659,2.7327327327327327,0.0119739171718982,16.001,4.999,3.2010500000000004,0.238047619047619,0.2166618836922322,0.0051176388396165,0.1351052631578947,0.1352954766374677,0.6934230278151426
graph_0107_mu_0_2_node_946,22,0.3263157894736842,0.0011272224753937,0.3694526627218935,2.7067067067067065,0.0136814991577456,15.002,6.998,2.143904761904761,0.3180909090909091,0.3033242968481293,0.0071640313504522,0.189126600284495,0.1893928358321365,0.6067606146592458
graph_0107_mu_0_2_node_386,24,0.3593073593073593,0.0010990887106263,0.3672794117647059,2.722722722722722,0.0130491261442721,17.001,6.999,2.429142857142857,0.291625,0.3331199999999999,0.007149318853825,0.1707038327526132,0.1709701468458739,0.7614828571428572
graph_0107_mu_0_2_node_267,34,0.2762096774193548,0.0024777612735965,0.388715953307393,2.5725725725725725,0.0252115979062786,24.002,9.998,2.400755555555554,0.2940588235294117,0.3101612477231329,0.0103340788654834,0.1723740502630041,0.1727546365612839,0.7134533697632058
graph_0107_mu_0_2_node_323,25,0.3633333333333333,0.0013624211316379,0.3784090909090909,2.6426426426426426,0.0368323007784122,17.002,7.998,2.125892857142857,0.31992,0.2203631512527073,0.0083017244778245,0.1904208194905869,0.1907251342915243,0.4683631589044409
graph_0107_mu_0_2_node_494,33,0.2196969696969697,0.0028678933122521,0.4029850746268656,2.4814814814814814,0.050541797847353,19.012,13.988,1.3594395604395608,0.4238787878787877,0.2900814001518875,0.0146990291134225,0.2689469440412836,0.2694791315658454,0.3940231002517548
graph_0107_mu_0_2_node_635,27,0.2905982905982906,0.0013791291581298,0.3794151158374478,2.635635635635636,0.0227420140306602,19.007,7.993,2.378375,0.296037037037037,0.2480545537340619,0.0082614403787435,0.1737382053654023,0.174042376367559,0.5893538706739526
graph_0107_mu_0_2_node_514,30,0.2989417989417989,0.0017055265266547,0.3781226343679031,2.6446446446446448,0.0198137046345951,22.0,8.0,2.75,0.2666666666666666,0.2755887951907824,0.0082394272516794,0.1538461538461538,0.1541506605453012,0.7234205873758036
graph_0107_mu_0_2_node_778,29,0.3472906403940887,0.0020784956248211,0.3812977099236641,2.6226226226226226,0.0184614804369378,20.001,8.999,2.222625,0.3103103448275863,0.4283028571428572,0.009192282135369,0.1836497959183673,0.1839922627491871,0.9518285714285716
graph_0107_mu_0_2_node_696,20,0.2842105263157894,0.0010808246835996,0.3666055045871559,2.727727727727728,0.0115062395524243,13.0,7.0,1.8571428571428577,0.3499999999999999,0.3674479000531631,0.0071362408414096,0.212121212121212,0.2123874831851551,0.6824032429558745
graph_0107_mu_0_2_node_971,46,0.238647342995169,0.0042658118613923,0.4128099173553719,2.4224224224224224,0.0687592961978788,30.007,15.993,1.8763964285714283,0.3476739130434781,0.3316038414850888,0.0168062103250481,0.2104170741539162,0.2110260069721751,0.621987657709605
graph_0107_mu_0_2_node_249,18,0.457516339869281,0.0005944506792609,0.3639344262295082,2.747747747747748,0.0129622162359035,14.0,4.0,3.5006,0.2222222222222223,0.0998763621794871,0.0041669527791642,0.1250021994134897,0.1251543832428851,0.3495510416666666
graph_0107_mu_0_2_node_43,20,0.3473684210526316,0.0009283625336919,0.3644655235315578,2.743743743743744,0.0110573460187487,14.001,5.999,2.334,0.2999499999999999,0.1364024170274169,0.0062750614319044,0.1764369747899159,0.1766651951570585,0.3183318302068302
graph_0107_mu_0_2_node_625,42,0.2205128205128205,0.0038408630479515,0.4134933774834437,2.4184184184184185,0.063991611827778,27.008,14.992,1.8016615384615389,0.3569523809523809,0.3108652213180473,0.0157542211687807,0.2172531537048377,0.217823864898108,0.5390987228508914
graph_0107_mu_0_2_node_853,31,0.2438423645320197,0.0020228275765685,0.3867595818815331,2.5855855855855854,0.0449044392475759,21.003,9.997,2.101033333333334,0.3224838709677419,0.2072690363307044,0.0105053796737709,0.1922402031930334,0.1926206645677865,0.41465580086608
graph_0107_mu_0_2_node_418,27,0.1851851851851851,0.0025020136885847,0.395017793594306,2.5315315315315314,0.0253577815039546,13.0,14.0,0.9285714285714288,0.5185185185185184,0.3183139730639731,0.0146442817591894,0.3499999999999999,0.3505324003650746,0.2955772607022608
graph_0107_mu_0_2_node_148,31,0.3311827956989247,0.001897038011376,0.3885647607934656,2.5735735735735736,0.0270913268727704,22.007,8.993,2.4475813492063483,0.2900967741935484,0.2961083220123088,0.009277748400756,0.1696604662982022,0.1700027570973843,0.7242194378380861
graph_0107_mu_0_2_node_82,19,0.327485380116959,0.0007255555898002,0.3704115684093437,2.6996996996997,0.0181659637763124,12.012,6.988,1.7208,0.3677894736842104,0.2316969179704742,0.0072067028859531,0.2253607038123166,0.2256264984510908,0.3976764605832022
graph_0107_mu_0_2_node_161,18,0.1833333333333333,0.0010756744241349,0.3615635179153094,2.765765765765766,0.0088860680194273,11.0,7.0,1.5714285714285718,0.388888888888889,0.4093992490613267,0.0071230754943162,0.2413793103448275,0.2416455409004888,0.5848560700876094
graph_0107_mu_0_2_node_238,34,0.2923351158645276,0.0028337475045802,0.3988023952095808,2.5075075075075075,0.0323956554110359,22.001,11.999,1.8335909090909088,0.3529117647058822,0.3991377880184332,0.0123718569724421,0.2142644110275689,0.214721063533888,0.7317930875576035
graph_0107_mu_0_2_node_287,19,0.1911764705882352,0.0011076684631761,0.37,2.702702702702702,0.0137503829731302,11.002,7.998,1.3756785714285715,0.4209473684210525,0.3188569133294007,0.0082048726195514,0.2665849462365591,0.2668891221549248,0.398650089030172
graph_0107_mu_0_2_node_14,17,0.2666666666666666,0.0008109199485225,0.359740727403673,2.77977977977978,0.0089017211424189,12.0,5.0,2.399999999999999,0.2941176470588235,0.2924280350438047,0.0050879110673687,0.1724137931034483,0.1726039867205505,0.6433416770963704
graph_0107_mu_0_2_node_303,20,0.1568627450980392,0.0014091293472686,0.3684987089634821,2.7137137137137137,0.0096302263199901,11.009,8.991,1.2247222222222218,0.4495500000000001,0.5261789737171464,0.0091487960597737,0.2899596774193548,0.2903016058550052,0.5850475594493116
graph_0107_mu_0_2_node_36,24,0.2294372294372294,0.0015459566277167,0.373877245508982,2.674674674674675,0.0120998867888353,15.001,8.999,1.6670000000000005,0.3749583333333334,0.3587326678464531,0.0092318172789482,0.2307384615384615,0.231080798089346,0.5580818351685568
graph_0107_mu_0_2_node_536,42,0.2871794871794871,0.0043197598610492,0.4070904645476773,2.4564564564564564,0.0341647268889275,27.026,14.974,1.8052000000000008,0.3565238095238094,0.5096603472948414,0.0154327196202807,0.2169391304347826,0.2175091575227821,0.8848608163479773
graph_0107_mu_0_2_node_756,15,0.219047619047619,0.0010428849859071,0.3634048744998181,2.751751751751752,0.0085999547782924,8.0,7.0,1.1428571428571423,0.4666666666666667,0.5,0.0070993914807302,0.3043478260869565,0.3046139959032993,0.5714285714285712
graph_0107_mu_0_2_node_677,49,0.3274745605920444,0.0041213154521783,0.4133223003723624,2.41941941941942,0.085444081520133,36.004,12.996,2.770487179487179,0.2652244897959184,0.3158226802120846,0.0135558406160164,0.1528875512995895,0.1533826560840213,0.8504773686493605
graph_0107_mu_0_2_node_594,30,0.2089947089947089,0.0026877066215855,0.3861615771163509,2.5895895895895897,0.0209560121332136,18.0,12.0,1.5,0.4000000000000001,0.5444525967974241,0.0122709809267788,0.25,0.2504565515142292,0.771307845463018
graph_0107_mu_0_2_node_199,16,0.225,0.0009566828373001,0.3639344262295082,2.747747747747748,0.0078409461025781,9.008,6.992,1.288761904761905,0.437,0.2404441418495297,0.007201688754628,0.279606153846154,0.2798720398969025,0.309558052507837
graph_0107_mu_0_2_node_0,23,0.3285714285714285,0.0010793711892298,0.3645985401459854,2.7427427427427427,0.0127551690716378,18.0,5.0,3.600000000000001,0.2173913043478261,0.1255,0.0052078210382513,0.1219512195121951,0.1221414999856129,0.4266999999999999
graph_0107_mu_0_2_node_234,24,0.2554112554112554,0.0015311509622958,0.3687707641196013,2.7117117117117115,0.0149868666722587,17.0,7.0,2.4285714285714284,0.2916666666666667,0.3674479000531631,0.0071362408414096,0.1707317073170731,0.1709980594345725,0.83988091440723
graph_0107_mu_0_2_node_347,18,0.2583333333333333,0.0010812255717825,0.3580645161290323,2.7927927927927927,0.00697492355553,11.0,7.0,1.5714285714285718,0.388888888888889,0.5,0.0070993914807302,0.2413793103448275,0.2416455409004888,0.7142857142857141
graph_0107_mu_0_2_node_714,20,0.4210526315789473,0.0007596649877041,0.3634048744998181,2.751751751751752,0.0160985031391792,15.002,4.998,3.002666666666667,0.2499,0.166284792626728,0.0051532378962236,0.1427953667953667,0.1429855277619615,0.49896866359447
graph_0107_mu_0_2_node_997,20,0.3894736842105263,0.0007596424664762,0.3708240534521158,2.6966966966966965,0.0187081868177167,14.0,6.0,2.333333333333333,0.2999999999999999,0.1870903846153846,0.0061994480503236,0.176470588235294,0.1766988466237899,0.4365442307692307
graph_0107_mu_0_2_node_359,18,0.261437908496732,0.0009722945679046,0.3635371179039301,2.750750750750751,0.0111766880536933,11.001,6.999,1.571857142857143,0.3888333333333334,0.4102171493744385,0.0071212497984656,0.2413379310344827,0.2416041235832475,0.6446964470864728
graph_0107_mu_0_2_node_275,34,0.3830645161290322,0.0016474702748891,0.3864603481624758,2.587587587587588,0.036948578040393,27.001,6.999,3.85795238095238,0.2058529411764706,0.1873990141032701,0.0072729141102555,0.1147361184558434,0.1150026353701081,0.6961147054447993
graph_0107_mu_0_2_node_967,29,0.3004926108374384,0.0016921328054745,0.3903868698710434,2.561561561561561,0.0435832875167785,21.006,7.994,2.6281071428571425,0.2756551724137931,0.1658953652100662,0.0083998613846903,0.1598635294117647,0.1601677847514984,0.4357170008023066
graph_0107_mu_0_2_node_919,32,0.2942528735632184,0.0020050794383219,0.3837879369957741,2.6056056056056054,0.0231391072757524,24.006,7.994,3.003428571428572,0.2498125,0.2480614981785064,0.0082625548055045,0.1427368421052631,0.1430411669414615,0.7135158697632058
graph_0107_mu_0_2_node_904,26,0.4615384615384615,0.0007978185142015,0.3772658610271903,2.650650650650651,0.0475399484497065,21.003,4.997,4.203900000000002,0.1921923076923077,0.1238908103592314,0.0052086749836927,0.106313829787234,0.1065040395763737,0.5205669172932332
graph_0107_mu_0_2_node_80,28,0.3068783068783068,0.0013001936214409,0.3855654187572366,2.5935935935935936,0.0432881706741149,21.005,6.995,3.0033333333333334,0.2498214285714285,0.1451618363161874,0.007350147895803,0.1427428571428571,0.1430091001842289,0.435680691278497
graph_0107_mu_0_2_node_551,24,0.3333333333333333,0.0014020213019477,0.3778366111951589,2.6466466466466465,0.0184512417538429,17.0,7.0,2.4285714285714284,0.2916666666666667,0.2411401957919344,0.0072094988452195,0.1707317073170731,0.1709980594345725,0.5856261897804124
graph_0107_mu_0_2_node_156,34,0.377016129032258,0.0017436887144968,0.3903868698710434,2.561561561561561,0.0562671190550419,26.002,7.998,3.2512142857142856,0.235235294117647,0.1982763537631959,0.0083368245642865,0.1332961748633879,0.1336006982261404,0.6197073555099871
graph_0107_mu_0_2_node_465,34,0.2709447415329768,0.0028837932183976,0.3958003169572108,2.5265265265265264,0.0295772850983584,20.0,14.0,1.4285714285714282,0.411764705882353,0.4365442307692307,0.0144653787840884,0.2592592592592592,0.2597919432254719,0.6236346153846154
graph_0107_mu_0_2_node_128,35,0.3882575757575757,0.0022347614445478,0.386609907120743,2.5865865865865865,0.0345771486442054,26.014,8.986,2.8961111111111104,0.2567428571428571,0.2758743903775933,0.0092938051417921,0.1472836241847347,0.1476257529534116,0.7672943194540103
graph_0107_mu_0_2_node_87,35,0.4168067226890756,0.0020313759293738,0.388867263526664,2.5715715715715715,0.0508356857758027,26.001,8.999,2.889374999999999,0.2571142857142857,0.2479301346934759,0.0093407668607419,0.1475224748810152,0.1478650981787068,0.7162932935979165
graph_0107_mu_0_2_node_745,23,0.3873517786561264,0.0011759066470662,0.3757051523128996,2.661661661661661,0.0197215997876888,16.0,7.0,2.2857142857142847,0.3043478260869565,0.2380889791585299,0.0072147181501814,0.1794871794871794,0.1797535113366639,0.5442033809337832
graph_0107_mu_0_2_node_477,21,0.2666666666666666,0.0013299724967357,0.3734579439252336,2.6776776776776776,0.0130198437524911,13.999,7.001,1.999625,0.3333809523809523,0.1593661225255652,0.0073230928504463,0.2000352941176471,0.2003016234472436,0.3185557744628952
graph_0107_mu_0_2_node_411,32,0.4045977011494253,0.0014800839187889,0.3804265041888804,2.6286286286286287,0.0445461743555151,25.006,6.994,3.576,0.2185625,0.1927674795833899,0.0072593826157723,0.1226908650937688,0.1229571511821909,0.6612745243218184
graph_0107_mu_0_2_node_524,17,0.5,0.0004194391399635,0.3543809861653068,2.8218218218218216,0.0080942899374496,14.0,3.0,4.666666666666667,0.176470588235294,0.1427742857142856,0.003064444922316,0.096774193548387,0.0968883357695946,0.66628
graph_0107_mu_0_2_node_401,24,0.3659420289855072,0.0013307172208862,0.3715135738192636,2.6916916916916915,0.0139792009592496,17.001,6.999,2.429142857142857,0.291625,0.3033475526620827,0.0071650762825317,0.1707038327526132,0.1709701468458739,0.7367354045535892
graph_0107_mu_0_2_node_829,19,0.2426470588235294,0.0010270916204461,0.3682270549207519,2.715715715715716,0.0155853486016957,11.0,8.0,1.375,0.4210526315789473,0.279866248693835,0.0082373105192518,0.2666666666666666,0.2669709185872569,0.3498328108672938
graph_0107_mu_0_2_node_456,23,0.2885375494071146,0.0017322622858076,0.3733183856502242,2.6786786786786787,0.0143162973019249,14.0,9.0,1.555555555555556,0.3913043478260869,0.275681818181818,0.0093052873122618,0.2432432432432432,0.2435855917540271,0.4288383838383837
graph_0107_mu_0_2_node_671,27,0.2666666666666666,0.001556796881914,0.3824655436447167,2.6146146146146148,0.0216732123032519,18.0,9.0,2.0,0.3333333333333332,0.4083394475980683,0.0092032356950841,0.2,0.200342452722499,0.771307845463018
graph_0107_mu_0_2_node_885,24,0.1884057971014492,0.0020807702417141,0.3759879563417388,2.65965965965966,0.0133910803346407,15.0,9.0,1.666666666666667,0.375,0.2259,0.0093740778688524,0.2307692307692308,0.2311116053269969,0.3765
graph_0107_mu_0_2_node_719,19,0.239766081871345,0.0014454396571216,0.3727611940298507,2.6826826826826826,0.0141122282403553,11.0,8.0,1.375,0.4210526315789473,0.4688504873159606,0.0081397579657883,0.2666666666666666,0.2669709185872569,0.6446694200594456
graph_0107_mu_0_2_node_55,43,0.2036585365853658,0.0053005378660957,0.4211635750421585,2.374374374374374,0.0711060030968387,23.007,19.993,1.1508298245614037,0.464953488372093,0.4858673461083037,0.0208542485632549,0.3028958815547929,0.3036565928590953,0.5346451966454613
graph_0107_mu_0_2_node_932,31,0.3472906403940887,0.0018279382141248,0.3798479087452471,2.6326326326326326,0.0223897406598519,23.0,8.0,2.875,0.2580645161290321,0.1818936988936988,0.0083681610052511,0.1481481481481481,0.1484526780301428,0.5002076719576719
graph_0107_mu_0_2_node_198,20,0.3137254901960784,0.000903028043027,0.364067055393586,2.7467467467467466,0.0114041944326711,14.003,5.997,2.3353333333333337,0.2998499999999999,0.272145217317631,0.0061323751985918,0.1763697478991596,0.1765978922235959,0.5899047276116244
graph_0107_mu_0_2_node_187,25,0.4703557312252964,0.0008911566869572,0.3670095518001469,2.724724724724725,0.019708900446888,19.011,5.989,3.1758333333333324,0.2395600000000001,0.2038277830016837,0.0061725345666335,0.1360858585858585,0.1363137854499251,0.6124772883989908
graph_0107_mu_0_2_node_38,17,0.1911764705882352,0.0012548267428325,0.3647316538882804,2.7417417417417416,0.0090756850220845,9.0,8.0,1.125,0.4705882352941177,0.5714285714285712,0.0081135902636916,0.3076923076923076,0.3079965133353223,0.6428571428571429
graph_0107_mu_0_2_node_826,24,0.3840579710144927,0.0011644785206448,0.3774083868530412,2.6496496496496498,0.0218400837670789,17.001,6.999,2.429142857142857,0.291625,0.2182596153846153,0.0072316024355224,0.1707038327526132,0.1709701468458739,0.530101923076923
graph_0107_mu_0_2_node_789,26,0.2923076923076923,0.0020763896683562,0.3758465011286682,2.660660660660661,0.0142828022972406,16.0,10.0,1.6000000000000003,0.3846153846153847,0.4759142857142858,0.01021481640772,0.2380952380952381,0.2384756687427311,0.7614628571428572
graph_0107_mu_0_2_node_304,25,0.4566666666666666,0.0010490236303672,0.3734579439252336,2.6776776776776776,0.0212031814936661,20.0,5.0,4.0,0.2,0.1645689935242572,0.0051584476816758,0.1111111111111111,0.1113014205542657,0.6582759740970291
graph_0107_mu_0_2_node_168,22,0.4684210526315789,0.0005535773632526,0.3652650822669104,2.7377377377377377,0.0188058934321267,18.002,3.998,4.503666666666666,0.1817272727272727,0.1316224079341599,0.004124628219888,0.0999463414634146,0.1000984955464225,0.5595673648677206
graph_0107_mu_0_2_node_163,23,0.1818181818181818,0.002001876408873,0.3860123647604327,2.5905905905905904,0.0178126616138727,12.001,10.999,1.0911181818181812,0.4782173913043479,0.4990643056849954,0.0112473376117553,0.3142492063492062,0.3146674988436361,0.5444698381767344
graph_0107_mu_0_2_node_272,26,0.3753846153846153,0.0013119089865332,0.3727611940298507,2.6826826826826826,0.016262042083912,20.001,5.999,3.3342,0.2307307692307693,0.2066746472405443,0.0061785077395035,0.1304107308048103,0.1306390554059739,0.6889889371294985
graph_0107_mu_0_2_node_450,37,0.2732732732732733,0.0026738615977822,0.399919935948759,2.5005005005005003,0.0584277912939521,26.003,10.997,2.3646454545454554,0.2972162162162162,0.2280035591866064,0.0115562141350217,0.174548115079365,0.1749667774095414,0.5390143460833672
graph_0107_mu_0_2_node_112,30,0.2873563218390804,0.002529478347444,0.3931523022432113,2.543543543543544,0.0317716765694772,18.011,11.989,1.5025454545454544,0.3996333333333334,0.3680229646521318,0.0123996464570616,0.2497204081632653,0.2501765416887644,0.5523922368332701
graph_0107_mu_0_2_node_996,25,0.2845849802371542,0.0015676218973558,0.3818807339449541,2.6186186186186187,0.017879592143085,16.0,9.0,1.7777777777777783,0.36,0.5607184475806452,0.0091477853177184,0.2195121951219513,0.2198545957306633,0.934530745967742
graph_0107_mu_0_2_node_729,19,0.1345029239766081,0.0016916676524048,0.375281743050338,2.664664664664665,0.0134112006489398,9.0,10.0,0.9000000000000002,0.5263157894736842,0.5864121732026142,0.0101741004066694,0.357142857142857,0.3575230852797393,0.5277709558823529
graph_0107_mu_0_2_node_320,16,0.1538461538461538,0.0008326328185664,0.3615635179153094,2.765765765765766,0.0096564699650766,8.0,8.0,1.0,0.5,0.2308010101010101,0.0082888654241224,0.3333333333333332,0.3336375158428389,0.2019508838383838
graph_0107_mu_0_2_node_775,18,0.1,0.0012659824125835,0.3689069423929099,2.710710710710711,0.0131177999851013,9.002,8.998,1.0005,0.4998888888888889,0.5277154003267974,0.0091546156772058,0.3332380952380951,0.3335802375942826,0.4691852941176471
graph_0107_mu_0_2_node_993,18,0.175,0.001075917820351,0.3610408384531984,2.76976976976977,0.0101526314230068,10.0,8.0,1.25,0.4444444444444446,0.419940457203615,0.0081557038187538,0.2857142857142856,0.2860185144943283,0.472433014354067
graph_0107_mu_0_2_node_674,49,0.3320999074930619,0.0039871892068996,0.4122988031366075,2.4254254254254253,0.0705413397909723,35.01,13.99,2.502692307692308,0.2855102040816326,0.3855386979195169,0.0145210347730427,0.1665294117647058,0.1670623241088209,0.9368489210304836
graph_0107_mu_0_2_node_566,25,0.3333333333333333,0.0013687659008767,0.379703534777651,2.6336336336336337,0.0226890148682933,17.003,7.997,2.1263392857142853,0.31988,0.266052995391705,0.0082454231999298,0.1903931339977851,0.1906974107802732,0.5654654377880184
graph_0107_mu_0_2_node_315,25,0.4033333333333333,0.0011615070772651,0.3827586206896551,2.612612612612613,0.0244212444107669,19.001,5.999,3.1674999999999995,0.2399600000000001,0.1995617511520737,0.0061853908518124,0.1363383838383838,0.1365666910605991,0.6320050691244237
graph_0107_mu_0_2_node_329,51,0.3333333333333333,0.0038639658011789,0.4138359569179785,2.4164164164164164,0.0899744642210778,39.004,11.996,3.2517,0.2352156862745098,0.2915194566598056,0.0125127892041987,0.1332840579710144,0.1337411879372468,0.9233764275708668
graph_0107_mu_0_2_node_114,28,0.2953846153846154,0.0016451648240489,0.3805714285714285,2.627627627627628,0.0316145369926931,18.008,9.992,1.8027222222222223,0.3568571428571427,0.2676233382579896,0.0103827758315239,0.2171873265494912,0.2175675109926521,0.4552515231904307
graph_0107_mu_0_2_node_98,23,0.217391304347826,0.0018890389821474,0.3759879563417388,2.65965965965966,0.014935880226456,14.005,8.995,1.557244047619048,0.3910869565217391,0.4483157323820116,0.0091801293067369,0.2430813363971259,0.2434234948792701,0.6975616520814194
graph_0107_mu_0_2_node_336,20,0.1947368421052631,0.0013942834503269,0.3689069423929099,2.710710710710711,0.0141371272128702,11.0,9.0,1.2222222222222217,0.4500000000000001,0.272901870492193,0.0093069731729238,0.2903225806451612,0.2906648510387723,0.3335467306015692
graph_0107_mu_0_2_node_508,27,0.18,0.0025620977125189,0.3885647607934656,2.5735735735735736,0.0205253805769342,13.982,13.018,1.0742527472527472,0.4821481481481482,0.4559038662486937,0.0134039648813992,0.3176658536585366,0.3181609653327609,0.4536614420062694
graph_0107_mu_0_2_node_889,27,0.2307692307692307,0.0023189424474862,0.3801369863013699,2.630630630630631,0.0139599304541994,17.0,10.0,1.6999999999999995,0.3703703703703703,0.3986150013108737,0.010258741887907,0.2272727272727271,0.2276531868679182,0.6776455022284852
graph_0107_mu_0_2_node_254,22,0.2813852813852814,0.0013021934723218,0.3759879563417388,2.65965965965966,0.0146105636964657,14.0,8.0,1.75,0.3636363636363636,0.2755887951907824,0.0082394272516794,0.2222222222222223,0.2225265435855819,0.4822803915838689
graph_0107_mu_0_2_node_285,32,0.3467741935483871,0.0021949319599952,0.383199079401611,2.6096096096096097,0.020600671641907,24.998,7.002,3.5702857142857134,0.2188125,0.1592118807118807,0.0073242279508578,0.1228471177944861,0.1231137082446168,0.568362914862915
graph_0107_mu_0_2_node_960,24,0.4384057971014493,0.0009861923508491,0.3708240534521158,2.6966966966966965,0.0182199418202562,19.0,5.0,3.799999999999999,0.2083333333333333,0.1663133640552995,0.005155388433858,0.1162790697674418,0.1164693647246255,0.6319907834101379
graph_0107_mu_0_2_node_462,22,0.2077922077922078,0.0019377130775698,0.3747186796699174,2.6686686686686687,0.0107751462445467,12.006,9.994,1.2014666666666662,0.4542727272727271,0.5859273864657496,0.0101684179454894,0.2938957983193277,0.2942758852654679,0.7033844266261144
graph_0107_mu_0_2_node_271,32,0.407258064516129,0.0013979810021897,0.3929976396538159,2.5445445445445447,0.0594641276810907,24.01,7.99,3.0059047619047616,0.2496875,0.1981588345864662,0.0083282323188593,0.1426573329876414,0.1429615056603667,0.5950147622844989
graph_0107_mu_0_2_node_546,36,0.3547237076648841,0.0023696261027792,0.3906922174423152,2.55955955955956,0.0302805665281106,26.01,9.99,2.6045000000000003,0.2775,0.3399768043759287,0.0102960167437125,0.1611088709677419,0.1614892109182245,0.8504680914167217
graph_0107_mu_0_2_node_903,25,0.34,0.0016601382503185,0.384526558891455,2.6006006006006004,0.024329102678,16.0,9.0,1.7777777777777783,0.36,0.2806355769230769,0.0092991720754854,0.2195121951219513,0.2198545957306633,0.4989076923076923
graph_0107_mu_0_2_node_407,33,0.4451612903225806,0.0013977104929929,0.3858632676709154,2.5915915915915915,0.0375013157139138,26.005,6.995,3.718214285714286,0.2119696969696969,0.2146893833334515,0.0072347078743098,0.118550847457627,0.1188171918747639,0.7671164612139401
graph_0107_mu_0_2_node_436,18,0.1830065359477124,0.0011685547292591,0.367684946632315,2.71971971971972,0.0139340576888554,10.004,7.996,1.2513928571428572,0.4442222222222224,0.2277412331014277,0.0082874059748366,0.2855399014778324,0.2858439782563055,0.2848212782188898
graph_0107_mu_0_2_node_100,20,0.2526315789473684,0.001207253415891,0.3757051523128996,2.661661661661661,0.0177315873949184,12.0,8.0,1.5,0.4000000000000001,0.275263444679225,0.0082401432667276,0.25,0.2503042750646584,0.4128951670188373
graph_0107_mu_0_2_node_20,29,0.3448275862068966,0.0020218690941498,0.390081999219055,2.563563563563564,0.0272204524066314,20.001,8.999,2.222625,0.3103103448275863,0.280623076923077,0.0092980851189636,0.1836497959183674,0.183992262749187,0.6236471153846154
graph_0107_mu_0_2_node_446,22,0.264069264069264,0.0011266331438842,0.3804265041888804,2.6286286286286287,0.0335279288118351,14.007,7.993,1.75275,0.3633181818181817,0.1657613959797485,0.0083992753012452,0.221990990990991,0.2222950462858991,0.29031681796456
graph_0107_mu_0_2_node_132,22,0.331578947368421,0.0010279245410781,0.3709617526921648,2.695695695695696,0.0137133560703556,16.003,5.997,2.668866666666666,0.272590909090909,0.2391157312490442,0.0061520660409118,0.1578056680161943,0.1580338470631615,0.5979757715037904
graph_0107_mu_0_2_node_425,19,0.1911764705882352,0.0012975647130221,0.367684946632315,2.71971971971972,0.0095818022722504,12.009,6.991,1.718357142857143,0.3679473684210525,0.4092077596996246,0.0071136316328262,0.225461693548387,0.2257276022685768,0.6435331664580727
graph_0107_mu_0_2_node_513,47,0.3424242424242424,0.0031999803085694,0.4051094890510949,2.468468468468469,0.0853368728364743,35.009,11.991,2.920583333333333,0.255127659574468,0.2914596275999767,0.01250733816074,0.1462200860832137,0.1466768864359877,0.8262445858922419
graph_0107_mu_0_2_node_39,15,0.2666666666666666,0.0008783808734872,0.3588362068965517,2.7867867867867866,0.0097421214810328,9.0,6.0,1.5,0.4000000000000001,0.4285714285714285,0.0060851926977687,0.25,0.2502281715850319,0.6428571428571429
graph_0107_mu_0_2_node_281,37,0.3848739495798319,0.0022870855244452,0.3893219017926734,2.5685685685685686,0.0507749657783797,28.003,8.997,3.1126527777777784,0.2431621621621622,0.2479015247069712,0.0093386187499792,0.1384097902097901,0.1387523896059297,0.743889189505529
graph_0107_mu_0_2_node_399,37,0.3108108108108108,0.0024557588875665,0.4012048192771084,2.4924924924924925,0.0584813631603842,27.007,9.993,2.7028777777777786,0.270081081081081,0.207222731280047,0.010501003425646,0.1561254807692307,0.1565059638333864,0.5597929012626538
graph_0107_mu_0_2_node_620,23,0.1462450592885375,0.0021432625861415,0.3882627283326856,2.575575575575576,0.0189004031710019,10.01,12.99,0.7707051282051284,0.564782608695652,0.4030984972677596,0.0134263718798281,0.3935294117647058,0.3940233098556245,0.3102604280510018
graph_0107_mu_0_2_node_570,22,0.3593073593073593,0.001211144688695,0.3668747704737422,2.725725725725726,0.0127432000074126,15.987,6.013,2.6598571428571423,0.2733181818181817,0.184510101010101,0.0062167631640469,0.1583015647226174,0.1585303520909244,0.4594696969696967
graph_0107_mu_0_2_node_351,21,0.3952380952380952,0.0008674621914158,0.3693160813308687,2.707707707707708,0.0182495505915607,15.003,5.997,2.5021000000000004,0.2855714285714285,0.2064014296632648,0.006176898893896,0.166572072072072,0.1668002337564528,0.5161651126197008
graph_0107_mu_0_2_node_216,19,0.4619883040935672,0.000766762552032,0.3667400881057269,2.7267267267267266,0.0133386340554154,14.001,4.999,2.8009499999999994,0.2631052631578947,0.1248253205128205,0.0052076395025715,0.1514812834224599,0.1516714679557141,0.3495702724358974
graph_0107_mu_0_2_node_474,17,0.2571428571428571,0.0007194279179915,0.3558959743498396,2.80980980980981,0.0080851183518883,11.012,5.988,1.840133333333333,0.352235294117647,0.1706008925207509,0.0062061340169204,0.2137832512315271,0.2140110013778442,0.2850258231947749
graph_0107_mu_0_2_node_337,18,0.457516339869281,0.0005734017377019,0.3659340659340659,2.7327327327327327,0.0172896379404243,14.0,4.0,3.5,0.2222222222222223,0.1330506912442396,0.0041243107470864,0.125,0.1251521838380764,0.4656774193548387
graph_0107_mu_0_2_node_992,29,0.293103448275862,0.0021824779471587,0.388715953307393,2.5725725725725725,0.0299226816092792,18.023,10.977,1.6428959595959598,0.3785172413793104,0.3370534955703324,0.0113529273679995,0.2334596359820525,0.2338772832989911,0.5527080510507413
graph_0107_mu_0_2_node_237,30,0.238095238095238,0.0022967919399764,0.3855654187572366,2.5935935935935936,0.0209270562874606,19.004,10.996,1.728363636363636,0.3665333333333332,0.438414016462389,0.0112803376886204,0.2243918367346938,0.2248102380347416,0.7175694873391449
graph_0107_mu_0_2_node_568,35,0.3411764705882353,0.0026111335949847,0.3867595818815331,2.5855855855855854,0.033257955765258,24.027,10.973,2.1911868686868674,0.3135142857142856,0.3369905155396104,0.0113486561490068,0.1859139112716495,0.1863315972495726,0.7368112398373249
graph_0107_mu_0_2_node_17,28,0.2486772486772486,0.0019132941134175,0.3817348108521207,2.61961961961962,0.0234917117032044,18.0,10.0,1.8000000000000005,0.357142857142857,0.3101862477231329,0.0103362527785269,0.2173913043478261,0.2177717928951207,0.5583352459016394
graph_0107_mu_0_2_node_518,20,0.3157894736842105,0.000827924545756,0.3680913780397936,2.716716716716717,0.0169186273532373,14.007,5.993,2.339,0.2996499999999999,0.2063383266645686,0.0061726276384901,0.1762408963585433,0.1764688885715251,0.4818202850334935
graph_0107_mu_0_2_node_731,34,0.4939516129032258,0.0012441034472722,0.3869093725793958,2.5845845845845847,0.0532400152725099,28.004,5.996,4.672333333333334,0.1763529411764705,0.1652508333211309,0.0062235180585256,0.0967056451612903,0.0969339946863277,0.7438906547069941
graph_0107_mu_0_2_node_716,18,0.3666666666666666,0.0006972791249206,0.3566583363084613,2.803803803803804,0.0093732903186394,13.001,4.999,2.6009000000000007,0.2777222222222221,0.2166641564195049,0.0051176344811786,0.1612540322580645,0.1614442023214628,0.5200712481340842
graph_0107_mu_0_2_node_794,26,0.2061538461538461,0.0021924790207631,0.3784090909090909,2.6426426426426426,0.0173619728266753,14.0,12.0,1.1666666666666667,0.4615384615384616,0.2730982268505487,0.01255212952534,0.2999999999999999,0.3004564125969877,0.3186145979923069
graph_0107_mu_0_2_node_651,21,0.3508771929824561,0.0010985612347128,0.3723443906075289,2.685685685685686,0.0167533018270854,14.982,6.018,2.491,0.2865714285714285,0.2110208986415883,0.0061963181770539,0.1672666666666666,0.1674956267039619,0.4886447230929988
graph_0107_mu_0_2_node_500,30,0.3402298850574712,0.0016412296646684,0.3879611650485436,2.5775775775775776,0.0355726011780937,21.01,8.99,2.3379761904761907,0.2996666666666666,0.2408086557721014,0.0093415630579189,0.176247758900367,0.17658990954632,0.5623726477131563
graph_0107_mu_0_2_node_83,27,0.4045584045584046,0.0012959934375903,0.3741573033707865,2.6726726726726726,0.0215550929037976,21.0,6.0,3.5,0.2222222222222223,0.1995760368663594,0.0061864661206296,0.125,0.1252283800243605,0.6985161290322579
graph_0107_mu_0_2_node_270,31,0.2903225806451613,0.0023876283300885,0.3903868698710434,2.561561561561561,0.0256641479680284,21.004,9.996,2.1013777777777785,0.3224516129032257,0.3440162028503351,0.0102959078280037,0.1922177068214804,0.1925981301778011,0.7226126961291193
graph_0107_mu_0_2_node_555,42,0.3307692307692307,0.0033347639115694,0.39800796812749,2.5125125125125125,0.0358378142866412,31.002,10.998,2.8189454545454558,0.2618571428571429,0.3429740384615384,0.0113634808458831,0.1506538319141058,0.1510726917337869,0.9354769230769232
graph_0107_mu_0_2_node_71,21,0.3380952380952381,0.0013065954857298,0.3778366111951589,2.6466466466466465,0.0153432220832838,14.002,6.998,2.001,0.3332380952380951,0.3033225526620828,0.007164034615865,0.1999333333333333,0.2001995486249091,0.6067373588452923
graph_0107_mu_0_2_node_629,24,0.3043478260869565,0.0013530058255839,0.3778366111951589,2.6466466466466465,0.0195043960116063,16.0,8.0,2.0,0.3333333333333332,0.2755887951907824,0.0082394272516794,0.2,0.2003043676761527,0.5511775903815648
graph_0107_mu_0_2_node_467,26,0.2215384615384615,0.0016243612309233,0.3863109048723898,2.5885885885885886,0.0256348390639463,15.006,10.994,1.365212121212121,0.4228461538461538,0.364305245286242,0.0113385148567459,0.268115711854793,0.2685339098145357,0.4969494545976866
graph_0107_mu_0_2_node_988,19,0.2690058479532163,0.0010188323637697,0.3701370878103001,2.701701701701701,0.0146348107333269,11.0,8.0,1.375,0.4210526315789473,0.2450505050505049,0.0082713664997883,0.2666666666666666,0.2669709185872569,0.3369444444444443
graph_0107_mu_0_2_node_654,20,0.2052631578947368,0.0012534123996303,0.379703534777651,2.6336336336336337,0.0206088157962205,11.0,9.0,1.2222222222222217,0.4500000000000001,0.2259,0.0093740778688524,0.2903225806451612,0.2906648510387723,0.2760999999999999
graph_0107_mu_0_2_node_278,22,0.3052631578947368,0.0012474623817894,0.3672794117647059,2.722722722722722,0.0111204122180238,14.002,7.998,1.7509166666666665,0.3635454545454545,0.4983518817204301,0.0081293007433727,0.2221578947368421,0.2224621400719668,0.8099911626344086
graph_0107_mu_0_2_node_730,49,0.274745605920444,0.0038693173259199,0.4129805704836709,2.4214214214214214,0.0801689190186694,36.008,12.992,2.7721205128205124,0.2651428571428572,0.2694075809670914,0.0136524646223419,0.1528357542594204,0.1533307068139189,0.7256721585477635
graph_0107_mu_0_2_node_728,19,0.2690058479532163,0.0008776475754035,0.377123442808607,2.6516516516516515,0.0325207601691966,12.004,6.996,1.7164571428571431,0.3682105263157894,0.1450703408004618,0.007351654218109,0.2256578690127076,0.2259239677644733,0.2488153894241683
graph_0107_mu_0_2_node_776,32,0.3701149425287356,0.001832968993053,0.383935434281322,2.6046046046046047,0.0269433135867726,23.015,8.985,2.562857142857144,0.28078125,0.3058644384617303,0.0092600711987882,0.163328320802005,0.1636703333848426,0.7485296120974744
graph_0107_mu_0_2_node_32,30,0.2037037037037037,0.0028984329794193,0.3858632676709154,2.5915915915915915,0.017355092639217,18.003,11.997,1.5006818181818182,0.3999000000000001,0.5443715157163431,0.0122678656619812,0.2499234693877551,0.2503799069074241,0.7713889265440991
graph_0107_mu_0_2_node_385,37,0.4336134453781513,0.0022473905300957,0.390234375,2.5625625625625625,0.0366815803321634,29.0,8.0,3.625,0.2162162162162162,0.2454514611368479,0.0082743295596742,0.1212121212121211,0.1215167902653621,0.8590801139789677
graph_0107_mu_0_2_node_642,39,0.3213213213213213,0.002720665984349,0.40056134723336,2.4964964964964964,0.0446678629897497,28.012,10.988,2.549709090909092,0.2817435897435897,0.2943360383655946,0.0114176444001301,0.1639736611062335,0.1643920449050784,0.7230433962655154
graph_0107_mu_0_2_node_876,20,0.2483660130718954,0.0011951211506043,0.3679558011049724,2.7177177177177176,0.0122089740717175,13.0,7.0,1.857261904761905,0.3499999999999999,0.1593485786659161,0.0073220324050592,0.2121234402852049,0.2123897113404732,0.273056947180786
graph_0107_mu_0_2_node_550,34,0.3084677419354839,0.0022914950292228,0.3984842441164739,2.5095095095095097,0.0336290001883453,23.017,10.983,2.0964383838383838,0.3230294117647059,0.3617552068979431,0.0113305218307671,0.1926355778399827,0.193053612267004,0.7244001503621545
graph_0107_mu_0_2_node_331,22,0.2052631578947368,0.0015555806659799,0.3782658084059068,2.643643643643644,0.0156511234974458,12.002,9.998,1.2005499999999998,0.4544545454545453,0.6229892473118279,0.0101620691564392,0.2940457516339869,0.2944259905411875,0.6853537970430107
graph_0107_mu_0_2_node_706,32,0.2762096774193548,0.0023211636602732,0.3925343811394892,2.5475475475475475,0.0468342029150798,22.006,9.994,2.2023999999999995,0.3123125,0.2073903451185633,0.0105014397616832,0.185058201058201,0.1854385773039936,0.4564825794855582
graph_0107_mu_0_2_node_367,19,0.1691176470588235,0.0011034867199753,0.3690432212781677,2.70970970970971,0.0112554781692211,10.989,8.011,1.372097222222222,0.4216315789473683,0.2280529905529463,0.008303184066964,0.2671471264367816,0.2674517962742326,0.2845270646270203
graph_0107_mu_0_2_node_299,21,0.1761904761904762,0.0014100646866002,0.3769811320754717,2.6526526526526526,0.0151520324790569,11.003,9.997,1.1006999999999998,0.476047619047619,0.4744349014761321,0.0102133567055112,0.3123806818181818,0.312760853824596,0.5219750732364994
graph_0107_mu_0_2_node_256,26,0.2246376811594203,0.0017586822150116,0.3863109048723898,2.5885885885885886,0.019028822425958,16.002,9.998,1.600577777777778,0.3845384615384616,0.4744521428554425,0.0102144182766365,0.2380376522702104,0.2384180069097357,0.7117710935401295
graph_0107_mu_0_2_node_375,39,0.2807807807807808,0.0034343423459117,0.4028225806451613,2.4824824824824825,0.0318673498745132,26.007,12.993,2.001840909090909,0.3331538461538461,0.4305262841097452,0.0134002433141482,0.1998738127544098,0.2003684265249326,0.8282717550488898
graph_0107_mu_0_2_node_724,22,0.277056277056277,0.0008057651480591,0.3715135738192636,2.6916916916916915,0.0313013162983967,17.002,4.998,3.402199999999999,0.2271818181818181,0.1037063349455845,0.0052518188209314,0.1281487179487179,0.1283389078689349,0.3526824911959396
graph_0107_mu_0_2_node_977,22,0.3116883116883117,0.0012493489060651,0.3723443906075289,2.685685685685686,0.0149524865078757,14.004,7.996,1.7518333333333336,0.3634545454545454,0.3466291782268201,0.0081856351171874,0.222093567251462,0.2223977365583518,0.6067931100190013
graph_0107_mu_0_2_node_491,26,0.2461538461538461,0.0020934662381049,0.3742974896965155,2.6716716716716715,0.0137947038675769,17.0,9.0,1.8888888888888888,0.3461538461538461,0.2259,0.0093740778688524,0.2093023255813953,0.2096447522450182,0.4266999999999999
graph_0107_mu_0_2_node_445,32,0.2091954022988505,0.0026522140760433,0.3899297423887587,2.5645645645645647,0.0225146398837276,20.0,12.0,1.666666666666667,0.375,0.4133831927861734,0.0123591408775192,0.2307692307692308,0.231225851773797,0.6545233885781079
graph_0107_mu_0_2_node_214,25,0.2866666666666667,0.0011803781430385,0.3784090909090909,2.6426426426426426,0.0366697285923594,19.002,5.998,3.168333333333333,0.2399200000000001,0.1244523638394632,0.0063026192663405,0.1363131313131312,0.1365414004995317,0.3941983585075067
graph_0107_mu_0_2_node_105,17,0.1102941176470588,0.001304481888892,0.3708240534521158,2.6966966966966965,0.0140844860031776,7.0,10.0,0.6999999999999998,0.5882352941176471,0.3437513714733544,0.0103000813649497,0.4166666666666667,0.4170468369829684,0.2406259600313478
graph_0107_mu_0_2_node_104,18,0.2418300653594771,0.001163456890918,0.367684946632315,2.71971971971972,0.0101814161651026,11.0,7.0,1.5714285714285718,0.388888888888889,0.4102441764014654,0.0071222882200647,0.2413793103448275,0.2416455409004888,0.6446694200594456
graph_0107_mu_0_2_node_735,20,0.1633986928104575,0.0014262287476653,0.3697261287934863,2.704704704704705,0.0144372099623886,12.004,7.996,1.5014285714285716,0.3998,0.4198192450824028,0.0081515673141003,0.2498484848484848,0.2501526078971404,0.5775393407761831
graph_0107_mu_0_2_node_809,20,0.1684210526315789,0.0015140719719949,0.3716517857142857,2.690690690690691,0.0121122209547828,11.001,8.999,1.2224999999999997,0.4499500000000001,0.259630303030303,0.0093239231819697,0.2902822580645161,0.2906244904627982,0.3173513888888887
graph_0107_mu_0_2_node_266,27,0.46,0.0008565008485633,0.3826120260436614,2.6136136136136137,0.0486678109343355,22.006,4.994,4.408099999999999,0.1849629629629629,0.1238499373433583,0.0052054375902926,0.1019085714285714,0.1020986815485297,0.5206220760233919
graph_0107_mu_0_2_node_402,24,0.4855072463768116,0.000881175485189,0.367414490621552,2.7217217217217216,0.0231824127969472,19.002,4.998,3.802399999999999,0.20825,0.1533720754912317,0.0051693350840222,0.1162283298097251,0.1164185486836936,0.5829472202000138
graph_0107_mu_0_2_node_764,19,0.1637426900584795,0.0017209052206206,0.3726221559119731,2.683683683683684,0.0110735730271984,9.001,9.999,0.9002111111111113,0.5262631578947369,0.4982075945738736,0.0102049739317872,0.3570960591133004,0.3574762492664082,0.448431021162998
graph_0107_mu_0_2_node_497,30,0.3103448275862069,0.0019096855683651,0.390539483971853,2.5605605605605604,0.0283337421371666,22.008,7.992,2.754285714285714,0.2663999999999999,0.2480303734061931,0.0082604194036081,0.1536719883889694,0.1539761908248468,0.6824791894353369
graph_0107_mu_0_2_node_709,33,0.3125,0.0026045964765353,0.3917647058823529,2.5525525525525525,0.0252440775209106,23.0,10.0,2.3,0.303030303030303,0.3312626418838512,0.0103136186630862,0.1785714285714285,0.1789520619453628,0.7619040763328582
graph_0107_mu_0_2_node_736,21,0.238095238095238,0.0015759967463327,0.3710995542347697,2.694694694694695,0.0108252569137615,12.998,8.002,1.6244166666666666,0.3810476190476191,0.1821418519560934,0.0083701640896116,0.2353689839572192,0.2356733581659002,0.295780045032367
graph_0107_mu_0_2_node_810,33,0.3182795698924731,0.0020625897373622,0.3864603481624758,2.587587587587588,0.0246508893064493,25.005,7.995,3.127946428571428,0.2422727272727271,0.2649294683457907,0.0082455644400639,0.1378345996493279,0.1381389856996599,0.7951109856825335
graph_0107_mu_0_2_node_502,17,0.1470588235294117,0.0009816883397007,0.3715135738192636,2.6916916916916915,0.016221748554321,8.004,8.996,0.8899682539682542,0.5291764705882354,0.2791176229508196,0.0092982796745872,0.3597985185185186,0.3601405588665859,0.2481989981785063
graph_0107_mu_0_2_node_795,21,0.3095238095238095,0.0010639254051057,0.3737373737373737,2.675675675675676,0.0169897011798196,14.0,7.0,2.0,0.3333333333333332,0.3175973481318309,0.0071580722072876,0.2,0.2002662913227069,0.6351946962636619
graph_0107_mu_0_2_node_117,30,0.4894179894179894,0.0010673660787,0.379703534777651,2.6336336336336337,0.0314615781707753,24.011,5.989,4.011,0.1996333333333333,0.1839038132439403,0.0061940266920909,0.1108888888888889,0.1111169025294357,0.7058577333771334
graph_0107_mu_0_2_node_54,20,0.2263157894736842,0.0010642773902005,0.3719285182427401,2.6886886886886887,0.0137885566742181,12.0,8.0,1.5,0.4000000000000001,0.3629683978649495,0.0081806539511858,0.25,0.2503042750646584,0.5444525967974241
graph_0107_mu_0_2_node_434,17,0.1617647058823529,0.0011097125845558,0.3682270549207519,2.715715715715716,0.0113533780359849,9.0,8.0,1.125,0.4705882352941177,0.2750010971786834,0.0082400650919598,0.3076923076923076,0.3079965133353223,0.3093762343260188
graph_0107_mu_0_2_node_622,18,0.4836601307189542,0.0005236081592542,0.3658000732332478,2.7337337337337337,0.022821863704445,14.003,3.997,3.5045,0.2220555555555556,0.107054110527971,0.0041533162232612,0.1248977272727272,0.1250497970120119,0.3748624637709757
graph_0107_mu_0_2_node_253,35,0.3058823529411765,0.0027496240305353,0.3917647058823529,2.5525525525525525,0.0261869113548238,24.002,10.998,2.182454545454544,0.3142285714285713,0.3643550077671515,0.0113428551308826,0.1864011299435028,0.1868197665498044,0.7950642388263278
graph_0107_mu_0_2_node_478,27,0.2962962962962963,0.0018491691932481,0.3818807339449541,2.6186186186186187,0.018735611183587,18.0,9.0,2.0,0.3333333333333332,0.3100373945896302,0.0092693556581394,0.2,0.200342452722499,0.6200747891792604
graph_0107_mu_0_2_node_905,50,0.3379591836734694,0.0039157061270369,0.4136645962732919,2.417417417417417,0.086351787498509,37.013,12.987,2.8506118881118887,0.2597399999999999,0.3220674147489937,0.013536812751361,0.149256953494652,0.1497517535362174,0.9173018417255262
graph_0107_mu_0_2_node_738,33,0.3295454545454545,0.0023652229129894,0.3846746245668078,2.5995995995996,0.0249186079852016,23.0,10.0,2.3,0.303030303030303,0.332626728110599,0.0103107768677161,0.1785714285714285,0.1789520619453628,0.7650414746543781
graph_0107_mu_0_2_node_740,20,0.3631578947368421,0.0007778964195703,0.376271186440678,2.6576576576576576,0.0377239925455998,14.008,5.992,2.3386666666666667,0.2995999999999999,0.1486164578111946,0.0062456214634147,0.1762016806722688,0.1764296348899394,0.3471169590643274
graph_0107_mu_0_2_node_760,24,0.3593073593073593,0.0013027745142466,0.3719285182427401,2.6886886886886887,0.0121730394768997,17.003,6.997,2.430285714285714,0.2915416666666666,0.4360476814516129,0.0071118027747466,0.1706480836236933,0.1709143216684767,0.9968994623655916
graph_0107_mu_0_2_node_511,37,0.3210084033613445,0.0020926801994459,0.3970588235294117,2.5185185185185186,0.0612494670560362,28.006,8.994,3.114488095238096,0.2430810810810811,0.1865054121065385,0.0094512166019,0.1383590717739971,0.1387015570193193,0.5598043925296029
graph_0107_mu_0_2_node_741,24,0.2753623188405797,0.0013212531343972,0.3917647058823529,2.5525525525525525,0.0433873529553392,14.013,9.987,1.4034666666666664,0.4161250000000001,0.2477016043897622,0.0104097044957093,0.2627368421052631,0.263116720893875,0.347195638718007
graph_0107_mu_0_2_node_383,25,0.225296442687747,0.0017222349069834,0.3779795686719637,2.645645645645646,0.0141484525459829,15.004,9.996,1.501111111111111,0.3998400000000001,0.4744108501385257,0.0102123151595846,0.2498780487804878,0.2502582984803054,0.6643634568012234
graph_0107_mu_0_2_node_998,20,0.1421052631578947,0.0013926019259836,0.3810068649885583,2.6246246246246248,0.0190987039692106,9.001,10.999,0.8183636363636364,0.5499499999999998,0.3789167362444686,0.0113281531490254,0.379264367816092,0.3796825648861947,0.3100373945896302
graph_0107_mu_0_2_node_96,27,0.4615384615384615,0.0011017705896814,0.3781226343679031,2.6446446446446448,0.0486197190931622,22.001,4.999,4.401349999999999,0.1851481481481481,0.1239226399331662,0.0052108106978969,0.102018775510204,0.1022090758816253,0.5453367585630742
graph_0107_mu_0_2_node_24,26,0.322463768115942,0.0015560186081263,0.3775510204081632,2.6486486486486487,0.0167580965337685,18.0,8.0,2.25,0.3076923076923076,0.3807314285714286,0.008171853126176,0.1818181818181818,0.1821225958212259,0.809054285714286
graph_0107_mu_0_2_node_224,38,0.2523809523809524,0.0030540613161612,0.4018503620273532,2.4884884884884886,0.0516780085549413,26.002,11.998,2.167242424242425,0.3157368421052632,0.2489257622195033,0.0126074419621215,0.1874634615384615,0.1879202150984147,0.5186773068540121
graph_0107_mu_0_2_node_925,31,0.3374384236453202,0.0018350639013293,0.3814432989690721,2.621621621621621,0.0205812910811884,23.996,7.004,3.426603174603175,0.2259354838709676,0.1592667748917749,0.0073263150221209,0.1273578044596912,0.1276244506655508,0.5228345959595958
graph_0107_mu_0_2_node_801,23,0.4703557312252964,0.0008450157533625,0.3689069423929099,2.710710710710711,0.0184461651779129,18.007,4.993,3.608050000000001,0.2170869565217391,0.1699288868636593,0.0051459621698884,0.1217642276422764,0.1219542418446997,0.6123374992026799
graph_0107_mu_0_2_node_435,22,0.3679653679653679,0.000930827642135,0.3823191733639495,2.6156156156156154,0.0416167513592167,15.003,6.997,2.144428571428572,0.3180454545454546,0.1734746829194197,0.0072933721021265,0.1890953058321479,0.1893615033613333,0.3718477899293688
graph_0107_mu_0_2_node_893,19,0.2923976608187134,0.0010756664886019,0.3675496688741722,2.720720720720721,0.0193539232404944,12.002,6.998,1.7151904761904762,0.3683157894736841,0.18737496407922,0.0072718833689692,0.2257298387096773,0.2259960134983673,0.3212777161992979
graph_0107_mu_0_2_node_918,20,0.1241830065359477,0.0016016604981765,0.3742974896965155,2.6716716716716715,0.0128249464394545,10.0,10.0,1.0,0.5,0.7142857142857141,0.0101419878296146,0.3333333333333332,0.3337135903871016,0.6428571428571429
graph_0107_mu_0_2_node_737,37,0.2605042016806723,0.0022726445236741,0.388867263526664,2.5715715715715715,0.048310939656142,27.004,9.996,2.701747222222223,0.2701621621621621,0.2074128170286757,0.0105036351513649,0.1561793851981352,0.1565599823609548,0.5394442231509613
graph_0107_mu_0_2_node_602,44,0.3774680603948896,0.0029650091002386,0.4024979854955681,2.4844844844844847,0.0671277133518075,33.017,10.983,3.0070666666666668,0.2496136363636363,0.3027905683451142,0.0113995510311837,0.142609171419298,0.1430275243215782,0.8818483402975945
graph_0107_mu_0_2_node_527,28,0.4285714285714285,0.0011929535177945,0.3804265041888804,2.6286286286286287,0.0440451324906711,21.007,6.993,3.0046666666666666,0.24975,0.1927585954327146,0.0072582710210199,0.1426971428571428,0.1429633098268967,0.5785445832906251
graph_0107_mu_0_2_node_444,41,0.3076923076923077,0.0033651701752334,0.40056134723336,2.4964964964964964,0.0368670193446701,29.005,11.995,2.418343939393939,0.292560975609756,0.3741182692307692,0.0123934613180385,0.1713469930695282,0.1718037368752969,0.8731509615384616
graph_0107_mu_0_2_node_990,21,0.2809523809523809,0.0012867620119405,0.3727611940298507,2.6826826826826826,0.017788742170847,12.0,9.0,1.333333333333333,0.4285714285714285,0.2046304112554113,0.0094141811309075,0.2727272727272726,0.2730695691559801,0.2728405483405482
graph_0107_mu_0_2_node_685,35,0.3714285714285714,0.0021012981425136,0.3903868698710434,2.561561561561561,0.0385250722528709,27.002,7.998,3.37625,0.2285142857142857,0.2141520369415491,0.0083110100262939,0.1289964157706092,0.1293009623245447,0.7228897868215546
graph_0107_mu_0_2_node_850,27,0.2566666666666666,0.0017475057391627,0.3840830449826989,2.603603603603604,0.0192365448246537,17.002,9.998,1.7005999999999994,0.3702962962962962,0.3985799135915755,0.0102566209971328,0.2272181818181817,0.2275985653996273,0.6378190898166962
graph_0107_mu_0_2_node_867,31,0.3655913978494624,0.0018894339208576,0.3992805755395683,2.5045045045045047,0.0577073008695965,21.017,9.983,2.1064460317460325,0.3220322580645161,0.2476409983291562,0.010405431960924,0.1919301622905397,0.1923100913551337,0.5207536549707604
graph_0107_mu_0_2_node_673,29,0.2586206896551724,0.0022738817861251,0.3903868698710434,2.561561561561561,0.0252616851342212,18.0,11.0,1.6363636363636365,0.3793103448275863,0.3784872364339343,0.0113301969917505,0.2340425531914894,0.2344610746692507,0.6193427505282562
graph_0107_mu_0_2_node_887,17,0.3235294117647059,0.0007864183591356,0.3631406761177753,2.7537537537537538,0.0117477616532441,11.001,5.999,1.8339,0.3528823529411763,0.1365315695656252,0.0062750043172829,0.214243842364532,0.2144720106503444,0.2503575851393189
graph_0107_mu_0_2_node_653,32,0.5011494252873563,0.0012798113043794,0.3821729150726855,2.6166166166166165,0.0495584641635948,26.006,5.994,4.339733333333333,0.1873125,0.1652154215157554,0.0062214120442161,0.1033360607831677,0.1035642994332094,0.688826582389453
graph_0107_mu_0_2_node_648,24,0.3896103896103896,0.0009639741743851,0.3660681568340051,2.731731731731732,0.0132283195580465,18.0,6.0,3.0,0.25,0.2855485714285713,0.006128889844632,0.1428571428571428,0.1430854707359768,0.809054285714286
graph_0107_mu_0_2_node_516,27,0.1965811965811965,0.0022091952206486,0.3909980430528376,2.557557557557557,0.0195442210891988,15.003,11.997,1.2506136363636362,0.4443333333333334,0.5693335003063866,0.0122566609726426,0.2856245847176079,0.2860809180674034,0.7117700511411817
graph_0107_mu_0_2_node_832,51,0.3113725490196078,0.0044352894527105,0.4150394682176984,2.4094094094094096,0.0834983668656456,36.007,14.993,2.4017373626373617,0.2939803921568627,0.3717068466621098,0.0156281330438908,0.1723208323060125,0.1728919728710425,0.8924036796536798
graph_0107_mu_0_2_node_840,23,0.3,0.0012922805463119,0.3742974896965155,2.6716716716716715,0.0142548078169961,15.004,7.996,1.876642857142857,0.3476521739130433,0.4983341061827957,0.0081271549895359,0.2104021592442644,0.2107063517115847,0.8723109879032258
graph_0107_mu_0_2_node_437,23,0.4940711462450592,0.0006689324906605,0.3759879563417388,2.65965965965966,0.0310319311390174,18.003,4.997,3.603450000000001,0.2172608695652174,0.1338272535445792,0.0051924587281003,0.1218710801393728,0.1220612464966501,0.4819550358374085
graph_0107_mu_0_2_node_352,24,0.3073593073593073,0.0012767980336835,0.367820324005891,2.7187187187187187,0.0116280801942596,17.0,7.0,2.4285714285714284,0.2916666666666667,0.3487615952714789,0.0071442132047066,0.1707317073170731,0.1709980594345725,0.7971693606205236
graph_0107_mu_0_2_node_5,32,0.3724137931034483,0.0015289853254013,0.383493282149712,2.607607607607608,0.0275675778099518,24.005,7.995,3.0030476190476194,0.24984375,0.2493778846153846,0.0082605601595582,0.1427575836142078,0.1430619464804113,0.7172557692307693
graph_0107_mu_0_2_node_583,35,0.3731060606060606,0.0020277211962018,0.3852680293096799,2.5955955955955954,0.0266753669438828,27.024,7.976,3.391875,0.2278857142857143,0.2628049619358155,0.0082283194194362,0.128607190860215,0.1289109002935556,0.8562641940291343
graph_0107_mu_0_2_node_690,32,0.2479838709677419,0.0026705699777612,0.3919183993723029,2.5515515515515514,0.0367040042269747,18.024,13.976,1.2904732600732602,0.43675,0.4291332469536416,0.014454523893782,0.2794126629797219,0.2799443540686741,0.5525919524324597
graph_0107_mu_0_2_node_757,14,0.2417582417582417,0.0007480545739454,0.3546325878594249,2.81981981981982,0.0065758120872541,8.002,5.998,1.3344999999999998,0.4284285714285714,0.3517973039215686,0.0061023769106683,0.272621212121212,0.2728492903367731,0.4691797385620915
graph_0107_mu_0_2_node_639,21,0.2285714285714285,0.0013410206462182,0.3684987089634821,2.7137137137137137,0.0117338820308611,13.0,8.0,1.625,0.3809523809523811,0.2008,0.0083325136612021,0.2352941176470588,0.2355984158593069,0.3263000000000001
graph_0107_mu_0_2_node_768,41,0.3524390243902439,0.0032268353179643,0.3992805755395683,2.5045045045045047,0.0573597687870724,29.007,11.993,2.418840909090909,0.2925121951219512,0.330498185864448,0.0124482248851218,0.1713130784708249,0.1717697462340183,0.7989562184124287
graph_0107_mu_0_2_node_37,22,0.3263157894736842,0.0011454214278141,0.3719285182427401,2.6886886886886887,0.0144209633551848,15.0,7.0,2.142857142857143,0.3181818181818182,0.33314,0.007150371485404,0.1891891891891892,0.1894555007737431,0.66628
graph_0107_mu_0_2_node_947,19,0.239766081871345,0.0012945378534815,0.3651315789473684,2.7387387387387387,0.0116458244242748,11.002,7.998,1.3756785714285715,0.4209473684210525,0.227776320820726,0.0082895268656107,0.2665849462365591,0.2668891221549248,0.3132433670544239
graph_0107_mu_0_2_node_241,26,0.2676923076923077,0.0022373905486524,0.3849710982658959,2.5975975975975976,0.0237816234364906,15.002,10.998,1.364161616161616,0.423,0.3740998243919758,0.0113353089728414,0.2682336925694839,0.2686520425278146,0.5102306696254216
graph_0107_mu_0_2_node_135,28,0.4215384615384615,0.0011203119984035,0.3735976065818998,2.6766766766766765,0.0467587385129141,22.002,5.998,3.668533333333332,0.2142142857142857,0.1486937799043061,0.0062521192910513,0.1199560784313725,0.1201843997538741,0.5205656185919345
graph_0107_mu_0_2_node_268,28,0.328042328042328,0.0016645905261509,0.3801369863013699,2.630630630630631,0.026611291723066,20.0,8.0,2.5,0.2857142857142856,0.275263444679225,0.0082401432667276,0.1666666666666666,0.1669711270107069,0.6881586116980625
graph_0107_mu_0_2_node_15,25,0.391304347826087,0.0009892435486946,0.3786959818043973,2.640640640640641,0.0228422469607846,19.002,5.998,3.168333333333333,0.2399200000000001,0.1870653846153846,0.0061972741372801,0.1363131313131312,0.1365414004995317,0.5612961538461538
graph_0107_mu_0_2_node_480,16,0.3626373626373626,0.0004378146651327,0.3614327062228654,2.7667667667667666,0.0108071878180554,12.0,4.0,3.0,0.25,0.1814841989324747,0.0040903269755929,0.1428571428571428,0.1430093035388227,0.4990815470643057
graph_0107_mu_0_2_node_767,23,0.2727272727272727,0.0015675730939796,0.3775510204081632,2.6486486486486487,0.0181458658226656,14.001,8.999,1.5558750000000006,0.3912608695652174,0.408322206218758,0.0092021741239588,0.2432105263157895,0.2435528368225806,0.6351946962636619
graph_0107_mu_0_2_node_821,26,0.2923076923076923,0.0016439658858514,0.3774083868530412,2.6496496496496498,0.0149889971494394,18.003,7.997,2.251392857142857,0.3075769230769229,0.3795370425644864,0.0081700502129506,0.1817393939393939,0.1820436938784173,0.8540979715841225
graph_0107_mu_0_2_node_257,32,0.3310344827586207,0.0021825244199576,0.3805714285714285,2.627627627627628,0.0195290101323285,24.999,7.001,3.5708571428571423,0.21878125,0.1591940235690236,0.0073231686288239,0.1228270676691729,0.1230936200806079,0.5456440596440594
graph_0107_mu_0_2_node_755,32,0.3218390804597701,0.0022236900676255,0.3870592793490895,2.583583583583584,0.0235666012977034,23.0,9.0,2.5555555555555567,0.28125,0.2046304112554113,0.0094141811309075,0.1636363636363636,0.1639789467127596,0.5002076719576719
graph_0107_mu_0_2_node_211,19,0.3099415204678362,0.0009294635263835,0.3607800650054171,2.771771771771772,0.0098629216026888,13.0,6.0,2.166666666666667,0.3157894736842105,0.3149553429027114,0.0061167778640654,0.1875,0.1877282410225197,0.6824032429558745
graph_0107_mu_0_2_node_229,16,0.2833333333333333,0.0009872949737261,0.3649981731823164,2.73973973973974,0.0095070543175287,10.001,5.999,1.6672000000000002,0.3749375,0.2989192794634654,0.0061225564659993,0.2307236467236467,0.2309517976542978,0.4982500811570579
graph_0107_mu_0_2_node_333,25,0.26,0.0018634159996752,0.384526558891455,2.6006006006006004,0.0233978664770372,14.009,10.991,1.2749747474747477,0.4396400000000002,0.3619180970540055,0.0113389351399799,0.2817690744215134,0.282187126582284,0.4609125848529951
graph_0107_mu_0_2_node_429,21,0.4047619047619047,0.0008065281607294,0.3715135738192636,2.6916916916916915,0.0161489473942496,16.006,4.994,3.2063000000000006,0.2378095238095238,0.1655337266280929,0.0051504161418819,0.1349559032716927,0.1351459265866326,0.5300371761667044
graph_0107_mu_0_2_node_886,17,0.1470588235294117,0.0010022234144089,0.3708240534521158,2.6966966966966965,0.0120051773142577,9.0,8.0,1.125,0.4705882352941177,0.3188920010486989,0.0082069935103256,0.3076923076923076,0.3079965133353223,0.3587535011797863
graph_0107_mu_0_2_node_603,32,0.2827586206896552,0.0022086017360213,0.3782658084059068,2.643643643643644,0.0182473479475002,23.001,8.999,2.556000000000001,0.28121875,0.3587326678464531,0.0092318172789482,0.1636155844155844,0.1639581294619723,0.8769738362172558
graph_0107_mu_0_2_node_472,24,0.3514492753623188,0.0013394565136401,0.3764129615674453,2.6566566566566565,0.0177421556323326,17.001,6.999,2.429142857142857,0.291625,0.1591391293891294,0.0073210815575608,0.1707038327526132,0.1709701468458739,0.3865419672919673
graph_0107_mu_0_2_node_149,19,0.327485380116959,0.0009186647209234,0.3570407433881344,2.800800800800801,0.0096031235399907,13.0,6.0,2.166666666666667,0.3157894736842105,0.3149553429027114,0.0061167778640654,0.1875,0.1877282410225197,0.6824032429558745
graph_0107_mu_0_2_node_147,25,0.4433333333333333,0.0011419403099748,0.3776937618147448,2.647647647647648,0.0479337410633876,19.012,5.988,3.1787499999999995,0.2395200000000001,0.1485700045568466,0.0062412476667783,0.1360660957400087,0.136293984524824,0.471114623680413
graph_0107_mu_0_2_node_65,27,0.28,0.0017686908991732,0.3740172220142269,2.6736736736736737,0.0140000800485377,17.987,9.013,1.9961,0.3338148148148148,0.2764040404040403,0.0093185256014675,0.2003545454545454,0.2006974922663895,0.5200101010101011
graph_0107_mu_0_2_node_311,30,0.3862433862433862,0.0011464493631504,0.3724832214765101,2.684684684684685,0.0183268574280989,25.001,4.999,5.0015,0.1666333333333333,0.1722251398513818,0.0051485827102657,0.0908896103896103,0.0910799542367325,0.8267842427152041
graph_0107_mu_0_2_node_952,30,0.2068965517241379,0.0025209538619654,0.3914576802507837,2.5545545545545547,0.0423366453043395,17.009,12.991,1.3095629370629371,0.4330333333333335,0.2695917282455384,0.0136505717724618,0.2763607251411202,0.2768549242286895,0.3527301102435586
graph_0107_mu_0_2_node_721,40,0.2628205128205128,0.0027978582734633,0.4002403846153846,2.4984984984984986,0.0604642531340181,30.003,9.997,3.0013333333333336,0.249925,0.207272731280047,0.0105053512517329,0.1428088531187122,0.1431895753018612,0.6219248371967845
graph_0107_mu_0_2_node_174,24,0.2934782608695652,0.0014706304892802,0.3823191733639495,2.6156156156156154,0.0204789019386282,15.001,8.999,1.6670000000000005,0.3749583333333334,0.2981194285429236,0.0092811940975215,0.2307384615384616,0.2310807980893461,0.4969109119783192
graph_0107_mu_0_2_node_972,24,0.3636363636363636,0.0012301712671818,0.3684987089634821,2.7137137137137137,0.0167323524011524,16.997,7.003,2.4278000000000004,0.2917916666666666,0.1748378205128204,0.0072953513821952,0.1708235961429381,0.1710900622810704,0.3994305288461539
graph_0107_mu_0_2_node_968,26,0.4338461538461538,0.0012659231086826,0.3775510204081632,2.6486486486486487,0.0223234062935263,19.002,6.998,2.71552380952381,0.2691538461538461,0.2380630051325559,0.0072125513029441,0.1555053140096617,0.1557716306124009,0.6462415148588672
graph_0107_mu_0_2_node_520,16,0.0666666666666666,0.0013294217220489,0.3737373737373737,2.675675675675676,0.0131005795358873,5.009,10.991,0.4558545454545452,0.6869375,0.6431501877346684,0.0111839604867212,0.5231861471861472,0.5236039133598454,0.2926195244055068
graph_0107_mu_0_2_node_389,20,0.2947368421052631,0.0013179964358458,0.3616944243301955,2.764764764764765,0.0118018563709077,14.009,5.991,2.339333333333333,0.2995499999999999,0.3507221526908635,0.0060960494193524,0.1761680672268907,0.1763959834232081,0.8189899874843557
graph_0107_mu_0_2_node_645,16,0.3166666666666666,0.0007782777115184,0.3555160142348754,2.8128128128128127,0.0065138953717225,12.009,3.991,3.012,0.2494375,0.2337509386733416,0.0040608849924049,0.1425024630541871,0.1426542814915581,0.7018272841051313
graph_0107_mu_0_2_node_1,17,0.2794117647058823,0.0010880295659854,0.3590941768511862,2.784784784784785,0.0074461181148249,11.0,6.0,1.8333333333333328,0.3529411764705881,0.4285714285714285,0.0060851926977687,0.2142857142857142,0.2145139205842081,0.7857142857142859
graph_0107_mu_0_2_node_195,22,0.341991341991342,0.0013376466159897,0.364067055393586,2.7467467467467466,0.0116625700605147,14.0,8.0,1.75,0.3636363636363636,0.1997455128205128,0.0083339326058238,0.2222222222222223,0.2225265435855819,0.3495546474358973
graph_0107_mu_0_2_node_363,14,0.1868131868131868,0.000852302015884,0.3588362068965517,2.7867867867867866,0.0084583917929702,7.0,7.0,1.0,0.5,0.4104885212418301,0.0071218702846686,0.3333333333333332,0.3335994829093949,0.4104885212418301
graph_0107_mu_0_2_node_95,23,0.233201581027668,0.0016700878998303,0.3794151158374478,2.635635635635636,0.0185675482215758,14.002,8.998,1.5561944444444449,0.3912173913043478,0.4270032133996196,0.0091927650303562,0.2431778093883357,0.243520081891134,0.6643046202246576
graph_0107_mu_0_2_node_209,22,0.1774891774891775,0.0016573254309422,0.3830521472392638,2.6106106106106104,0.0166974173593556,12.001,9.999,1.200244444444444,0.4544999999999998,0.4536932559518765,0.010224755867857,0.2940806722689075,0.2944609491772125,0.5444525967974241
graph_0107_mu_0_2_node_872,20,0.2526315789473684,0.0011184976935102,0.3812977099236641,2.6226226226226226,0.0237682481109876,11.013,8.987,1.2258333333333329,0.4493500000000001,0.2407704507384498,0.0093383143288449,0.2897983870967742,0.2901401635511088,0.2946794225807264
graph_0107_mu_0_2_node_481,51,0.2670068027210884,0.0041476864517365,0.4094262295081967,2.4424424424424425,0.0678929775555887,39.006,11.994,3.2524727272727274,0.2351764705882353,0.2488737426821881,0.0126031069441882,0.133259149546106,0.1337162033944868,0.7884277020117518
graph_0107_mu_0_2_node_744,24,0.217391304347826,0.0018333616304944,0.3823191733639495,2.6156156156156154,0.0181963630549181,13.003,10.997,1.1825212121212123,0.4582083333333332,0.5218810139827037,0.0112350165417285,0.2971966298282088,0.2976148781526816,0.6168932929570453
graph_0107_mu_0_2_node_134,21,0.2163742690058479,0.0011183763998478,0.3658000732332478,2.7337337337337337,0.0113574731497096,13.001,7.999,1.625375,0.3809047619047619,0.1820479407073834,0.0083670259048396,0.2352588235294118,0.2355630837347702,0.2731157707101978
graph_0107_mu_0_2_node_379,16,0.2333333333333333,0.0009470036448143,0.3635371179039301,2.750750750750751,0.0082822673295638,9.0,7.0,1.2857142857142858,0.4375,0.1756999999999999,0.0072909494535519,0.2800000000000001,0.2802661900597027,0.2259
graph_0107_mu_0_2_node_421,42,0.238095238095238,0.0043802884594566,0.4060975609756098,2.4624624624624625,0.0363170926025213,28.011,13.989,2.0027902097902097,0.3330714285714286,0.4341163023679417,0.0144588442197727,0.1998168628207602,0.2003494530501723,0.8686659380692168
graph_0107_mu_0_2_node_510,26,0.28,0.0016753444583241,0.3893219017926734,2.5685685685685686,0.02434806616627,16.001,9.999,1.600288888888889,0.3845769230769232,0.3118048076923077,0.0103313264606842,0.2380664451827242,0.2384468378262333,0.4989201923076923
graph_0107_mu_0_2_node_227,14,0.2307692307692307,0.0007521673210925,0.3556425774296903,2.811811811811812,0.0084969407275114,9.003,4.997,1.8021000000000005,0.3569285714285713,0.2931160130718954,0.0050839467521087,0.2172391304347826,0.2174291666153963,0.5278022058823529
graph_0107_mu_0_2_node_391,22,0.2736842105263158,0.0011751367803167,0.3660681568340051,2.731731731731732,0.0113748488934312,15.001,6.999,2.1433809523809524,0.3181363636363636,0.3487345682444519,0.0071431747831075,0.1891578947368421,0.1894241683029398,0.6975502175699849
graph_0107_mu_0_2_node_482,22,0.1385281385281385,0.0018370146273213,0.3846746245668078,2.5995995995996,0.0187265039843787,9.001,12.999,0.6924487179487179,0.5908636363636365,0.4478148430324787,0.013388006584723,0.4193104838709676,0.419804686105269,0.3100543437421726
graph_0107_mu_0_2_node_802,29,0.3448275862068966,0.001807843458467,0.3909980430528376,2.557557557557557,0.0342469332978831,20.003,8.997,2.223430555555556,0.3102413793103449,0.2409075514822994,0.009349089629996,0.1836024489795918,0.1839448397677469,0.5355135959993372
graph_0107_mu_0_2_node_564,38,0.3809523809523809,0.0028562256323696,0.386609907120743,2.5865865865865865,0.027441868895903,28.008,9.992,2.8037999999999994,0.2629473684210526,0.3399604464169478,0.0102983368532003,0.151379679144385,0.1517601531110522,0.9185098719924256
graph_0107_mu_0_2_node_900,38,0.3476190476190476,0.0025791849667605,0.3879611650485436,2.5775775775775776,0.0271378408690157,29.0,9.0,3.2222222222222223,0.2368421052631579,0.2993640552995391,0.0092796991809445,0.1343283582089552,0.1346710978410814,0.9313548387096776
graph_0107_mu_0_2_node_708,19,0.1461988304093567,0.0014534440418057,0.3730395817774458,2.680680680680681,0.0144603358851702,9.001,9.999,0.9002111111111113,0.5262631578947369,0.2884830808080807,0.0103600235790949,0.3570960591133004,0.3574762492664082,0.2596693181818182
graph_0107_mu_0_2_node_759,18,0.3398692810457516,0.0008027998718816,0.3652650822669104,2.7377377377377377,0.0200465945053899,12.016,5.984,2.0117000000000003,0.3324444444444443,0.1604028523576082,0.0062176874226306,0.1993975806451613,0.1996251959944563,0.3213940908477947
graph_0107_mu_0_2_node_191,14,0.3333333333333333,0.0004316374167135,0.3486910994764398,2.867867867867868,0.0073448178020634,10.0,4.0,2.5,0.2857142857142856,0.2339424280350438,0.004070328853895,0.1666666666666666,0.1668188041989959,0.5263704630788485
graph_0107_mu_0_2_node_9,24,0.1992753623188405,0.0016375069359793,0.380281690140845,2.6296296296296298,0.0164725201104786,13.005,10.995,1.1830060606060608,0.4581249999999999,0.5218463975632371,0.0112328968936352,0.2971301017616807,0.2975482740984095,0.6169090414519836
graph_0107_mu_0_2_node_915,30,0.4,0.0017703059819323,0.3786959818043973,2.640640640640641,0.0288183157773101,22.005,7.995,2.7530357142857143,0.2665,0.2453624177737231,0.0082690318119169,0.1537389130785356,0.1540432295957634,0.6750616935649283
graph_0107_mu_0_2_node_213,22,0.2157894736842105,0.0012022167310933,0.3751408186256102,2.665665665665666,0.0262829774357067,15.002,6.998,2.143904761904762,0.3180909090909091,0.1451962282311776,0.0073534362706257,0.189126600284495,0.1893928358321365,0.2904703785402772
graph_0107_mu_0_2_node_46,15,0.3809523809523809,0.0006973875269036,0.3501577287066246,2.855855855855856,0.0057249036749007,11.0,4.0,2.75,0.2666666666666666,0.2857142857142856,0.0040567951318458,0.1538461538461538,0.1539983029522778,0.7857142857142859
graph_0107_mu_0_2_node_26,42,0.3358974358974358,0.0026722769444667,0.39800796812749,2.5125125125125125,0.0712270549020628,31.003,10.997,2.819327272727273,0.2618333333333333,0.2726242234373812,0.0114628808754978,0.1506382821177341,0.1510571038958523,0.7436585668717248
graph_0107_mu_0_2_node_532,32,0.4275862068965517,0.0017723763962799,0.3829053277117669,2.6116116116116115,0.030641024252888,24.019,7.981,3.012380952380952,0.24940625,0.2450765434278288,0.0082543068700579,0.1424817215452424,0.1427855518088728,0.7060478684774568
graph_0107_mu_0_2_node_483,21,0.3380952380952381,0.0008140863501105,0.3712374581939799,2.6936936936936937,0.0312977420905958,16.001,4.999,3.201050000000001,0.238047619047619,0.1037160599623517,0.0052529258007802,0.1351052631578947,0.1352954766374677,0.331950546809103
graph_0107_mu_0_2_node_858,22,0.29004329004329,0.0018020574055374,0.3741573033707865,2.6726726726726726,0.0134008006191137,13.001,8.999,1.4447499999999995,0.4090454545454545,0.2246944711538462,0.0093746193292312,0.2571079365079365,0.2574502209745967,0.3246056891025641
graph_0107_mu_0_2_node_22,49,0.3117483811285846,0.002904731752439,0.4064279902359642,2.4604604604604603,0.0696176263842578,40.002,8.998,4.4458055555555545,0.1836326530612245,0.1866917881347968,0.0094550086189993,0.1010991260923845,0.1014420769568006,0.8091175987713857
graph_0107_mu_0_2_node_825,18,0.2333333333333333,0.0009301512799529,0.3639344262295082,2.747747747747748,0.0095822642700217,12.008,5.992,2.0048,0.3328888888888888,0.2060690047021943,0.006171680618133,0.1996903225806452,0.1999182421152588,0.3783083268025078
graph_0107_mu_0_2_node_137,31,0.4088669950738916,0.0014321517952299,0.3830521472392638,2.6106106106106104,0.0228538817482213,25.001,5.999,4.167699999999999,0.193516129032258,0.1987426597571764,0.0061870993864905,0.1071234335839599,0.1073518451195672,0.7950452658943775
graph_0107_mu_0_2_node_875,27,0.44,0.0010601491846063,0.3740172220142269,2.6736736736736737,0.0215261197352997,21.005,5.995,3.5045,0.2220370370370371,0.2039799475038483,0.006178759024436,0.1248852040816326,0.1251133938979799,0.6803505465135493
graph_0107_mu_0_2_node_678,29,0.3399014778325123,0.0017111424681744,0.3817348108521207,2.61961961961962,0.0239960092158913,21.0,8.0,2.625,0.2758620689655173,0.2755887951907824,0.0082394272516794,0.16,0.1603044835198294,0.7234205873758036
graph_0107_mu_0_2_node_587,24,0.277056277056277,0.0013831596545103,0.3722056631892697,2.6866866866866865,0.0172546399991268,15.001,8.999,1.6670000000000005,0.3749583333333333,0.3900223061389756,0.0092125484850449,0.2307384615384616,0.2310807980893461,0.6067373588452923
graph_0107_mu_0_2_node_109,24,0.3333333333333333,0.0011209422249792,0.3814432989690721,2.621621621621621,0.0401101180390499,17.007,6.993,2.4328000000000003,0.291375,0.1450229909269452,0.007348466586416,0.1705378818572239,0.1708039677963695,0.3524891329445274
graph_0107_mu_0_2_node_126,16,0.2747252747252747,0.0005791253097798,0.3533781393703573,2.82982982982983,0.0085305068844587,11.987,4.013,2.9896,0.2508125,0.1160506313131313,0.0041577429626154,0.1434074074074074,0.1435600623291592,0.3167012626262625
graph_0107_mu_0_2_node_562,21,0.4327485380116959,0.0008548396871245,0.3649981731823164,2.73973973973974,0.0118308441015155,16.0,5.0,3.2000000000000006,0.2380952380952381,0.311510248655914,0.005082102954288,0.1351351351351351,0.1353253866476346,0.934530745967742
graph_0107_mu_0_2_node_178,34,0.3065953654188948,0.0023761764114195,0.3953304313415117,2.5295295295295297,0.0505962145311707,24.004,9.996,2.4015111111111107,0.294,0.2074112325216334,0.0105036456816218,0.1723343074225599,0.1727148176666262,0.4979537498702459
graph_0107_mu_0_2_node_852,21,0.2714285714285714,0.0012992376380096,0.3737373737373737,2.675675675675676,0.0149408234764708,13.002,7.998,1.62575,0.3808571428571429,0.3466640960671957,0.0081877619636202,0.2352235294117647,0.2355277516102336,0.563406730933137
graph_0107_mu_0_2_node_89,21,0.4269005847953216,0.0009238372101676,0.3581929006812477,2.791791791791792,0.009081692704846,16.0,5.0,3.2000000000000006,0.2380952380952381,0.1531565656565656,0.0051696040623677,0.1351351351351351,0.1353253866476346,0.4594696969696967
graph_0107_mu_0_2_node_609,17,0.1838235294117647,0.0012467866301287,0.3609104046242775,2.770770770770771,0.0096830122661196,9.002,7.998,1.1256071428571428,0.4704705882352941,0.4198849016480594,0.0081536291299571,0.3075954415954415,0.3078995712477824,0.472433014354067
graph_0107_mu_0_2_node_927,21,0.3619047619047619,0.0008780058118646,0.3715135738192636,2.6916916916916915,0.0237709623757446,15.004,5.996,2.5028,0.2855238095238094,0.1605791566071117,0.0062305677835901,0.1665405405405405,0.1667686642006767,0.4015971452491222
graph_0107_mu_0_2_node_643,32,0.3379310344827586,0.0016427427132852,0.3768389287061486,2.6536536536536537,0.0190741823673258,25.0,7.0,3.5714285714285707,0.21875,0.2411401957919344,0.0072094988452195,0.1228070175438596,0.1230735319165989,0.8267663855723469
graph_0107_mu_0_2_node_68,22,0.3157894736842105,0.0014289169904372,0.3698630136986301,2.703703703703704,0.0133183418259516,14.0,8.0,1.75,0.3636363636363636,0.279866248693835,0.0082373105192518,0.2222222222222223,0.2225265435855819,0.4547826541274816
graph_0107_mu_0_2_node_405,25,0.29,0.0018570399860452,0.3734579439252336,2.6776776776776776,0.0145683819228367,17.002,7.998,2.125892857142857,0.31992,0.3985343974692813,0.0081627317374147,0.1904208194905869,0.1907251342915243,0.8470194726863328
graph_0107_mu_0_2_node_936,47,0.2484848484848484,0.0050779000358781,0.4140074595938665,2.4154154154154157,0.0495304968608319,29.011,17.989,1.6128966503267972,0.3827446808510638,0.4817536219374667,0.0186927682248413,0.2366674728779992,0.2373522992910914,0.7498109568265086
graph_0107_mu_0_2_node_300,32,0.3494252873563218,0.0018129947599258,0.3801369863013699,2.630630630630631,0.0219425078429337,24.001,7.999,3.0005714285714284,0.24996875,0.2649905056639437,0.0082498411896892,0.1428370927318295,0.1431416077615061,0.7619236841759954
graph_0107_mu_0_2_node_515,29,0.2463054187192118,0.0022517938329008,0.3801369863013699,2.630630630630631,0.0160956764719567,19.004,9.996,1.901565079365079,0.3446896551724139,0.3985396225229949,0.0102545168645643,0.2082375950380152,0.2086179604651687,0.7574438812785387
graph_0107_mu_0_2_node_849,50,0.2943262411347517,0.0042497366024234,0.4133223003723624,2.41941941941942,0.075167188331068,38.003,11.997,3.1678787878787875,0.2399400000000001,0.2487321184230175,0.0126070960902832,0.1363256157076381,0.1367827489016761,0.7670784489983971
graph_0107_mu_0_2_node_394,24,0.5398550724637681,0.000706830900003,0.3668747704737422,2.725725725725726,0.018408796676839,20.002,3.998,5.004,0.1665833333333333,0.136016946928361,0.0041205706873057,0.090860606060606,0.0910127833095866,0.6802881244723137
graph_0107_mu_0_2_node_704,19,0.1929824561403508,0.0011081678257653,0.3709617526921648,2.695695695695696,0.0153554806178249,11.994,7.006,1.71225,0.368736842105263,0.1759499999999999,0.0072970969945355,0.2260516129032257,0.2263180917181611,0.2760999999999999
graph_0107_mu_0_2_node_627,15,0.0761904761904762,0.0012008910999303,0.3645985401459854,2.7427427427427427,0.0076625458244867,5.003,9.997,0.5005,0.6664666666666664,0.5863220996732025,0.0101709969554434,0.4997857142857143,0.5001657128823109,0.2932649101307189
graph_0107_mu_0_2_node_70,17,0.213235294117647,0.0010483340580365,0.3653986832479883,2.736736736736737,0.0095729583007086,10.0,7.0,1.4285714285714282,0.411764705882353,0.4104885212418301,0.0071218702846686,0.2592592592592592,0.2595254695654012,0.5864121732026142
graph_0107_mu_0_2_node_934,29,0.1527093596059113,0.0034184039567761,0.3876600698486612,2.57957957957958,0.0184624394805491,13.0,16.0,0.8125,0.5517241379310346,0.7614628571428572,0.016343706252352,0.3809523809523811,0.3815607922384103,0.6186885714285713
graph_0107_mu_0_2_node_72,34,0.2477718360071301,0.0021348905257589,0.3959571938168846,2.5255255255255253,0.0532650466833371,24.002,9.998,2.400755555555555,0.2940588235294117,0.2072832790655948,0.0105064549198441,0.1723740502630041,0.1727546365612839,0.4975398697574275
graph_0107_mu_0_2_node_994,18,0.2091503267973856,0.0010826629744032,0.3719285182427401,2.6886886886886887,0.0155215485832767,10.0,8.0,1.25,0.4444444444444446,0.419940457203615,0.0081557038187538,0.2857142857142856,0.2860185144943283,0.5249255715045188
graph_0107_mu_0_2_node_784,22,0.2987012987012987,0.0012138539962006,0.3724832214765101,2.684684684684685,0.0194393183631287,14.009,7.991,1.7549499999999998,0.3632272727272727,0.2751249831407634,0.0082305175982784,0.221940170940171,0.2222441501374161,0.481849489727105
graph_0107_mu_0_2_node_655,21,0.3333333333333333,0.0009219213927403,0.3660681568340051,2.731731731731732,0.0120512486299082,15.998,5.002,3.1986000000000003,0.2381904761904762,0.1138672952434561,0.0052321317082766,0.1351981981981981,0.135388525759187,0.3412964161741251
graph_0107_mu_0_2_node_955,27,0.2566666666666666,0.0016749799302997,0.3754227733934611,2.663663663663664,0.0179941738214426,18.0,9.0,2.0,0.3333333333333332,0.4083394475980683,0.0092032356950841,0.2,0.200342452722499,0.771307845463018
graph_0107_mu_0_2_node_392,17,0.4632352941176471,0.0004243016132327,0.3631406761177753,2.7537537537537538,0.0143693581226473,14.002,2.998,4.672333333333334,0.1763529411764705,0.0930308743169398,0.0030987019205146,0.0967056451612903,0.096819711305057,0.4342857468123861
graph_0107_mu_0_2_node_365,29,0.3669950738916256,0.0010353557217353,0.3842307692307692,2.6026026026026026,0.0472372705483477,23.003,5.997,3.8362333333333343,0.2067931034482758,0.1243471469265363,0.0063019187879905,0.115321480406386,0.1155497810654886,0.4768218623636887
graph_0107_mu_0_2_node_924,19,0.3450292397660818,0.0008998741849029,0.3636694575900983,2.74974974974975,0.0098361557277999,14.0,5.0,2.7999999999999994,0.2631578947368421,0.2491154251939135,0.0051030094319333,0.1515151515151515,0.1517053740755471,0.6975231905429579
graph_0107_mu_0_2_node_684,34,0.2762096774193548,0.0025942892066207,0.390234375,2.5625625625625625,0.0259823435962862,23.004,10.996,2.0922141414141406,0.3234117647058824,0.3643267080509156,0.011340694891962,0.1929008787310181,0.1933194074235839,0.728840010165793
graph_0107_mu_0_2_node_985,16,0.375,0.0006697845184148,0.3583213773314204,2.790790790790791,0.0109174394309183,11.0,5.0,2.2,0.3125,0.1136835618085617,0.0052301006282819,0.1851851851851851,0.1853753643339432,0.2501038359788359
graph_0107_mu_0_2_node_891,28,0.2724867724867725,0.0019847141278604,0.3899297423887587,2.5645645645645647,0.0255151382735243,17.009,10.991,1.5477454545454548,0.3925357142857143,0.3410681921675774,0.0113602357508837,0.2442009661835749,0.2446191138066752,0.5274533014571948
graph_0107_mu_0_2_node_219,19,0.4853801169590643,0.0004724123799085,0.359740727403673,2.77977977977978,0.015357676515534,15.001,3.999,3.751583333333333,0.2104736842105262,0.1330364055299539,0.0041232354782692,0.1176151260504201,0.1177672834335142,0.4989543778801843
graph_0107_mu_0_2_node_984,19,0.2867647058823529,0.0006913804021425,0.3701370878103001,2.701701701701701,0.0167374516243137,12.002,6.998,1.7153714285714283,0.3683157894736841,0.2328101382488479,0.0072153932697668,0.2257321603128053,0.225998335092819,0.3659179723502302
graph_0107_mu_0_2_node_342,31,0.2906403940886699,0.0021179078683893,0.3869093725793958,2.5845845845845847,0.0242886185855379,21.0,10.0,2.100000000000001,0.3225806451612903,0.332626728110599,0.0103107768677161,0.1923076923076923,0.1926882677377425,0.665253456221198
graph_0107_mu_0_2_node_796,26,0.2338461538461538,0.0019510280547413,0.390539483971853,2.5605605605605604,0.0210340909300392,14.011,11.989,1.1688333333333334,0.4611153846153846,0.3947844589614881,0.0123685572255182,0.299651219512195,0.3001072142561498,0.4608622111437294
graph_0107_mu_0_2_node_415,27,0.3566666666666667,0.0013158487801023,0.3729003359462486,2.681681681681681,0.0265600412518809,20.001,6.999,2.857785714285714,0.2592222222222222,0.1873947597369467,0.0072729359627488,0.1489122340425532,0.1491786089496946,0.5087069586948652
graph_0107_mu_0_2_node_172,23,0.4071146245059288,0.0009767989104501,0.3792710706150342,2.6366366366366365,0.0431297924456481,16.001,6.999,2.286261904761904,0.304304347826087,0.1734987088934457,0.0072955569297812,0.1794576923076922,0.1797239861358296,0.3965981620718463
graph_0107_mu_0_2_node_509,14,0.3296703296703296,0.0004422049787075,0.3541297412265154,2.823823823823824,0.0103859676572987,9.0,5.0,1.8000000000000005,0.357142857142857,0.172242996994239,0.0051496420322996,0.2173913043478261,0.2175814545664988,0.3100373945896302
graph_0107_mu_0_2_node_31,23,0.3557312252964427,0.0011180959219413,0.3720670391061452,2.687687687687688,0.0167790845051004,17.0,6.0,2.833333333333333,0.2608695652173912,0.2064475835094186,0.0061801074500457,0.1499999999999999,0.1502283105022831,0.584934819943353
graph_0107_mu_0_2_node_864,20,0.1736842105263158,0.0012705674003175,0.378839590443686,2.63963963963964,0.0168230819739544,10.005,9.995,1.0011666666666668,0.49975,0.4743916797336586,0.0102112603191137,0.3331209677419354,0.3335010348537343,0.4745120218309561
graph_0107_mu_0_2_node_50,25,0.2964426877470356,0.0017865695335053,0.3766968325791855,2.6546546546546548,0.017184163982994,16.0,9.0,1.7777777777777783,0.36,0.275681818181818,0.0093052873122618,0.2195121951219513,0.2198545957306633,0.4594696969696967
graph_0107_mu_0_2_node_541,22,0.1578947368421052,0.001644264365961,0.3682270549207519,2.715715715715716,0.0120798370508106,13.0,9.0,1.444444444444444,0.4090909090909091,0.5263704630788485,0.0091582399212637,0.2571428571428571,0.2574851796106218,0.7018272841051313
graph_0107_mu_0_2_node_717,23,0.4071146245059288,0.0008581376926675,0.374578177727784,2.66966966966967,0.0381738413692072,18.003,4.997,3.603450000000001,0.2172608695652174,0.1036161525198104,0.0052510570797816,0.1218710801393728,0.1220612464966501,0.3731678893310577
graph_0107_mu_0_2_node_689,25,0.3992094861660079,0.0012839675188194,0.3670095518001469,2.724724724724725,0.0144429107220213,19.001,5.999,3.1674999999999995,0.2399600000000001,0.2600101759236363,0.006141340181275,0.1363383838383838,0.1365666910605991,0.7800868657990779
graph_0107_mu_0_2_node_624,20,0.2210526315789473,0.0013311679099232,0.3684987089634821,2.7137137137137137,0.0154852956764669,12.0,8.0,1.5,0.4000000000000001,0.2008,0.0083325136612021,0.25,0.2503042750646584,0.3011999999999999
graph_0107_mu_0_2_node_21,35,0.3068181818181818,0.0026749768358169,0.3870592793490895,2.583583583583584,0.0247802278007698,26.997,8.003,3.373638888888889,0.2286571428571429,0.1819856301106301,0.0083712758257434,0.1290884011986602,0.1293931379547287,0.5910625901875903
graph_0107_mu_0_2_node_44,27,0.3447293447293447,0.001803273132028,0.3810068649885583,2.6246246246246248,0.0223729304458648,19.002,7.998,2.3759642857142858,0.2962222222222221,0.2494221153846154,0.0082637889249224,0.1738630897317298,0.1741674508550451,0.5924846153846154
graph_0107_mu_0_2_node_194,17,0.2352941176470588,0.0009468269229599,0.3694526627218935,2.7067067067067065,0.0106215714775531,10.0,7.0,1.4285714285714282,0.411764705882353,0.3175973481318309,0.0071580722072876,0.2592592592592592,0.2595254695654012,0.4537104973311868
graph_0107_mu_0_2_node_301,35,0.428030303030303,0.0018495051551708,0.384526558891455,2.6006006006006004,0.0342205145150902,27.009,7.991,3.380625,0.2283142857142857,0.2453149241421873,0.0082646898719076,0.1288709677419354,0.129175247964216,0.7978537856894163
graph_0107_mu_0_2_node_623,38,0.3063492063492063,0.0025316597972991,0.3954869358669833,2.5285285285285286,0.0576081563904925,28.003,9.997,2.8012666666666663,0.263078947368421,0.2072676540655948,0.0105053865437757,0.1514635911352329,0.1518442553300641,0.5597729784771059
graph_0107_mu_0_2_node_512,25,0.45,0.0009836286838514,0.3769811320754717,2.6526526526526526,0.0214574205502034,20.002,4.998,4.0025,0.19992,0.1645362066390113,0.0051563177562231,0.1110628019323672,0.1112530352865174,0.6583087609822749
graph_0107_mu_0_2_node_869,24,0.277056277056277,0.0012836479476285,0.37,2.702702702702702,0.0158687671787378,15.001,8.999,1.6670000000000005,0.3749583333333333,0.5607028225806452,0.00914671694165,0.2307384615384615,0.231080798089346,0.8722443212365592
graph_0107_mu_0_2_node_99,25,0.3033333333333333,0.0016260958568294,0.3858632676709154,2.5915915915915915,0.0248325759525152,16.007,8.993,1.7802083333333338,0.35972,0.2960874536497855,0.0092778214099342,0.219308943089431,0.2196510776297469,0.5267575139715008
graph_0107_mu_0_2_node_617,22,0.2526315789473684,0.0014779502879907,0.3724832214765101,2.684684684684685,0.0131972350320278,14.001,7.999,1.750392857142857,0.3635909090909091,0.398565449541031,0.0081637602387726,0.2221891891891892,0.2224934725427701,0.6477193362734062
graph_0107_mu_0_2_node_62,37,0.4129129129129129,0.0023701368663225,0.395017793594306,2.5315315315315314,0.0321517367710052,28.013,8.987,3.119333333333334,0.2428918918918919,0.3058996920615158,0.0092622235879878,0.138241862059509,0.1385840809326284,0.9525706263478572
graph_0107_mu_0_2_node_247,21,0.3095238095238095,0.000999576638951,0.3716517857142857,2.690690690690691,0.0174401576160805,14.0,7.0,2.0,0.3333333333333332,0.217130373406193,0.0072353769449688,0.2,0.2002662913227069,0.4342607468123861
graph_0107_mu_0_2_node_601,27,0.396011396011396,0.0009822834342945,0.376271186440678,2.6576576576576576,0.0443062523863279,22.001,4.999,4.40135,0.1851481481481481,0.103639214159663,0.0052532426050825,0.102018775510204,0.1022090758816253,0.4560931393174428
graph_0107_mu_0_2_node_4,23,0.3399209486166007,0.0014413776915477,0.3758465011286682,2.660660660660661,0.0168462226581569,16.0,7.0,2.2857142857142847,0.3043478260869565,0.1591569865319865,0.0073221408795947,0.1794871794871794,0.1797535113366639,0.3637873977873977
graph_0107_mu_0_2_node_788,20,0.3894736842105263,0.0007426986185163,0.3660681568340051,2.731731731731732,0.0154765243663461,15.0,5.0,3.0,0.25,0.1720396529245156,0.0051500895417048,0.1428571428571428,0.1430473798924889,0.5161189587735469
graph_0107_mu_0_2_node_340,18,0.25,0.0006607469875753,0.3576799140708915,2.795795795795796,0.0094121190611334,13.0,5.0,2.600000000000001,0.2777777777777778,0.1255,0.0052078210382513,0.1612903225806451,0.161480530668293,0.3011999999999999
graph_0107_mu_0_2_node_979,20,0.2026143790849673,0.0011508038862228,0.369179600886918,2.7087087087087087,0.0127658899014209,12.0,8.0,1.5,0.4000000000000001,0.4688504873159606,0.0081397579657883,0.25,0.2503042750646584,0.6446694200594456
graph_0107_mu_0_2_node_308,42,0.2624854819976771,0.002940273256757,0.4062627084180561,2.4614614614614614,0.0606761512561357,31.006,10.994,2.820642424242425,0.2617619047619047,0.2281375644886325,0.0115522307140222,0.1505924620510922,0.1510111696871318,0.6431956490542771
graph_0107_mu_0_2_node_283,27,0.5185185185185185,0.0010273423654586,0.3719285182427401,2.6886886886886887,0.0212430916579909,22.0,5.0,4.4,0.1851851851851851,0.1700635565418072,0.0051533701072724,0.1020408163265305,0.1022311547482444,0.7482796487839516
graph_0107_mu_0_2_node_395,32,0.2988505747126437,0.0022753218501309,0.3908450704225352,2.558558558558558,0.0227077208823352,22.0,10.0,2.2,0.3125,0.344485993988478,0.0102992840645993,0.1851851851851851,0.185565789584972,0.7234205873758036
graph_0107_mu_0_2_node_353,26,0.4927536231884058,0.0008987750108565,0.3694526627218935,2.7067067067067065,0.0205020077416951,21.005,4.995,4.207366666666668,0.1921153846153847,0.1699884021879643,0.0051480083718562,0.1062686712983065,0.1064588049839603,0.680329380521072
graph_0107_mu_0_2_node_355,36,0.326984126984127,0.0026220881461632,0.3947056499407348,2.5335335335335336,0.0578799749758792,25.005,10.995,2.2743636363636366,0.3054166666666665,0.2725936925647452,0.0114607370064921,0.1802326811210999,0.1806512355278457,0.6197216412242729
graph_0107_mu_0_2_node_6,34,0.2709447415329768,0.0024494585936711,0.3953304313415117,2.5295295295295297,0.0497308375587966,24.008,9.992,2.403305555555555,0.2938823529411765,0.2072060575900358,0.0104999484291771,0.1722568088836938,0.1726371669932712,0.4976280067259442
graph_0107_mu_0_2_node_803,18,0.2418300653594771,0.0010466997518031,0.3731789316398954,2.67967967967968,0.0162519599598874,10.005,7.995,1.2516071428571427,0.4441666666666669,0.2480748178506375,0.0082636334215991,0.2854926108374384,0.2857966496263591,0.3102604280510018
graph_0107_mu_0_2_node_537,25,0.3466666666666667,0.0012878435945306,0.375281743050338,2.664664664664665,0.0214578721186209,18.0,7.0,2.571428571428572,0.2800000000000001,0.2182721153846153,0.0072326893920442,0.1627906976744186,0.1630570700630178,0.5612711538461538
graph_0107_mu_0_2_node_545,23,0.3043478260869565,0.0013370082869126,0.3684987089634821,2.7137137137137137,0.0136507941914592,16.0,7.0,2.2857142857142847,0.3043478260869565,0.1591569865319865,0.0073221408795947,0.1794871794871794,0.1797535113366639,0.3637873977873977
graph_0107_mu_0_2_node_683,31,0.3655913978494624,0.0019717224008236,0.3807164634146341,2.6266266266266265,0.0227067968351208,22.019,8.981,2.4536091269841265,0.2897096774193549,0.3057015850837478,0.0092561349032378,0.1694060224890413,0.1697478569020312,0.748692465475457
graph_0107_mu_0_2_node_791,39,0.3228228228228228,0.0025485031571006,0.3972166998011928,2.517517517517517,0.0643730338735143,28.022,10.978,2.554584090909091,0.2814871794871794,0.2723552840434419,0.0114424383640522,0.163809795560015,0.1642277988996621,0.6695653508771932
graph_0107_mu_0_2_node_781,32,0.2278225806451612,0.0028057137908893,0.4028225806451613,2.4824824824824825,0.0587932560653174,18.003,13.997,1.2862417582417585,0.43740625,0.3401323860461266,0.0146000290111019,0.2799247058823531,0.2804571948289993,0.4374009798615036
graph_0107_mu_0_2_node_488,31,0.2838709677419355,0.0025134439178959,0.3942383583267561,2.5365365365365364,0.0283940551650678,19.003,11.997,1.5840378787878786,0.3869999999999999,0.3991036866359447,0.0123697339470163,0.2399270588235295,0.2403835310770591,0.6319907834101379
graph_0107_mu_0_2_node_638,19,0.3970588235294117,0.0005161657178754,0.3553895410885805,2.813813813813814,0.0107277009801754,16.0,3.0,5.333333333333332,0.1578947368421052,0.0752999999999999,0.0031246926229508,0.0857142857142856,0.0858284453093996,0.3765
graph_0107_mu_0_2_node_410,39,0.2657657657657657,0.0034030942882777,0.398961661341853,2.5065065065065064,0.0293234479832371,26.0,13.0,2.0,0.3333333333333332,0.4473030976037404,0.0133902328084324,0.2,0.2004948798964559,0.8601982646225781
graph_0107_mu_0_2_node_873,19,0.2280701754385964,0.0011194980093905,0.3717901004838109,2.68968968968969,0.0119331537972162,11.002,7.998,1.3756785714285715,0.4209473684210525,0.3795553263427445,0.0081711084329083,0.2665849462365591,0.2668891221549248,0.5219382240140517
graph_0107_mu_0_2_node_221,16,0.325,0.000801717108265,0.3548845470692717,2.8178178178178177,0.0074938617359611,11.0,5.0,2.2,0.3125,0.357142857142857,0.0050709939148073,0.1851851851851851,0.1853753643339432,0.7857142857142859
graph_0107_mu_0_2_node_180,23,0.2523809523809524,0.0015665483665106,0.3664710198092443,2.7287287287287287,0.0115045301709778,14.0,9.0,1.555555555555556,0.3913043478260869,0.2046304112554113,0.0094141811309075,0.2432432432432432,0.2435855917540271,0.2955772607022608
graph_0107_mu_0_2_node_585,22,0.303030303030303,0.0010796662002308,0.3768389287061486,2.6536536536536537,0.0194810040285689,14.003,7.997,1.7511785714285713,0.3635,0.2632570887730107,0.0082503324006378,0.2221231231231232,0.2224273304571464,0.4608464827337213
graph_0107_mu_0_2_node_871,15,0.3619047619047619,0.0004034682225019,0.3517605633802816,2.8428428428428427,0.0106308995998364,11.004,3.996,2.7575,0.2663999999999999,0.1593912060038015,0.0040991817605565,0.1536813186813186,0.1538333156730685,0.4385312959625091
graph_0107_mu_0_2_node_101,21,0.2476190476190476,0.0011594798142833,0.3744377811094452,2.670670670670671,0.0180343322695894,12.0,9.0,1.333333333333333,0.4285714285714285,0.2981363776954661,0.0092822567967776,0.2727272727272726,0.2730695691559801,0.3975151702606215
graph_0107_mu_0_2_node_702,19,0.3801169590643274,0.0009588724544898,0.3693160813308687,2.707707707707708,0.0138997250490825,13.0,6.0,2.166666666666667,0.3157894736842105,0.2064475835094186,0.0061801074500457,0.1875,0.1877282410225197,0.4473030976037404
graph_0107_mu_0_2_node_652,31,0.4211822660098522,0.0012544869024913,0.389018691588785,2.5705705705705704,0.0555115244306135,24.006,6.994,3.433,0.2256129032258063,0.1734339181286549,0.0072901335060941,0.127151948051948,0.1274182138650249,0.5701876357560568
graph_0107_mu_0_2_node_81,17,0.4779411764705882,0.0005822378839557,0.3613019891500904,2.767767767767768,0.0118699350867328,13.0,4.0,3.25,0.2352941176470588,0.0909468494468494,0.0041840805026255,0.1333333333333333,0.1334855055923305,0.2955772607022608
graph_0107_mu_0_2_node_854,15,0.2307692307692307,0.0006530833505264,0.3598703170028818,2.7787787787787788,0.0078418530200058,9.002,5.998,1.50125,0.3998666666666667,0.1730590909090908,0.0062145482277557,0.2499038461538461,0.2501319417163991,0.2308426767676768
graph_0107_mu_0_2_node_433,18,0.575,0.0003263638338469,0.3495451364590622,2.860860860860861,0.0090178004021589,15.0,3.0,5.0,0.1666666666666666,0.1049498432601881,0.0030889914447194,0.0909090909090909,0.0910232418165906,0.4897659352142109
graph_0107_mu_0_2_node_155,42,0.3435897435897436,0.0025980589926299,0.3943939992104224,2.535535535535536,0.0456572628137285,32.008,9.992,3.204083333333334,0.2379047619047619,0.2676235670797111,0.0103827771364239,0.1350152489331436,0.1353958388448979,0.8300752966012235
graph_0107_mu_0_2_node_542,21,0.3904761904761905,0.0009658947847337,0.369589345172031,2.705705705705706,0.014072092241239,15.0,6.0,2.5,0.2857142857142856,0.2855485714285713,0.006128889844632,0.1666666666666666,0.1668949424237812,0.7138714285714284
graph_0107_mu_0_2_node_870,22,0.3333333333333333,0.0010938939564579,0.375,2.6666666666666665,0.0334340238975909,15.0,7.0,2.142857142857143,0.3181818181818182,0.1452222022571516,0.007355603117863,0.1891891891891892,0.1894555007737431,0.311190433408182
graph_0107_mu_0_2_node_528,23,0.3715415019762846,0.0010141315216756,0.378839590443686,2.63963963963964,0.0272555157481016,17.008,5.992,2.839466666666667,0.2605217391304347,0.1605244218112996,0.0062262528084238,0.1497756097560975,0.1500036160181497,0.4551564182953258
graph_0107_mu_0_2_node_485,16,0.4505494505494505,0.0004060729903498,0.3494228751311647,2.8618618618618616,0.0066540407542965,13.0,3.0,4.333333333333334,0.1875,0.0682745567126371,0.003138032381335,0.1034482758620689,0.1035624093983063,0.2730982268505487
graph_0107_mu_0_2_node_956,30,0.3306878306878307,0.0017988057405169,0.3766968325791855,2.6546546546546548,0.0196230278570316,22.003,7.997,2.7516071428571425,0.2665666666666666,0.2752172908330711,0.0082369347105779,0.1537808417997096,0.1540852344001308,0.7226126961291193
graph_0107_mu_0_2_node_820,16,0.225,0.0008833386814932,0.3624818577648766,2.7587587587587588,0.0092428266774801,10.008,5.992,1.6709333333333336,0.3745,0.2060690047021943,0.006171680618133,0.2304045584045584,0.2306324432666677,0.3439331896551725
graph_0107_mu_0_2_node_200,25,0.3233333333333333,0.0016163119931487,0.3798479087452471,2.6326326326326326,0.0165433785059473,18.0,7.0,2.571428571428572,0.2800000000000001,0.3175973481318309,0.0071580722072876,0.1627906976744186,0.1630570700630178,0.8166788951961367
graph_0107_mu_0_2_node_722,19,0.2807017543859649,0.0011136797906596,0.3671444321940463,2.723723723723724,0.0134758320817703,11.0,8.0,1.375,0.4210526315789473,0.3629683978649495,0.0081806539511858,0.2666666666666666,0.2669709185872569,0.4990815470643057
graph_0107_mu_0_2_node_226,18,0.3,0.0008357104919315,0.3525052928722653,2.8368368368368366,0.0074304771183795,13.0,5.0,2.600000000000001,0.2777777777777778,0.2624627857522594,0.0050973148867211,0.1612903225806451,0.161480530668293,0.6299106858054228
graph_0107_mu_0_2_node_439,28,0.3386243386243386,0.0021449140541235,0.3876600698486612,2.57957957957958,0.0285403753109325,19.011,8.989,2.115722222222222,0.3210357142857142,0.2759611195854055,0.0092968637053521,0.1912193515704153,0.191561412126856,0.5831064943935622
graph_0107_mu_0_2_node_309,30,0.3571428571428571,0.0016359178034992,0.3765548435733132,2.655655655655656,0.0228912828430099,22.0,8.0,2.75,0.2666666666666666,0.2494538461538461,0.0082659307337648,0.1538461538461538,0.1541506605453012,0.6548163461538461
graph_0107_mu_0_2_node_847,24,0.238095238095238,0.0014323497413543,0.3716517857142857,2.690690690690691,0.0135566634647701,16.0,8.0,2.0,0.3333333333333332,0.2008,0.0083325136612021,0.2,0.2003043676761527,0.3765
graph_0107_mu_0_2_node_693,19,0.2456140350877192,0.001171218656666,0.37,2.702702702702702,0.013174474628295,11.996,7.004,1.713079365079365,0.3686315789473682,0.1592667748917749,0.0073263150221209,0.2259755283648497,0.2262419311602196,0.2727307599807598
graph_0107_mu_0_2_node_807,23,0.4347826086956521,0.0008223438404059,0.3740172220142269,2.6736736736736737,0.0264067392033624,17.009,5.991,2.8402333333333334,0.2604782608695651,0.1839593687994958,0.0061960732003494,0.1497475609756097,0.149975529207633,0.5215843549158019
graph_0107_mu_0_2_node_60,21,0.2285714285714285,0.0011034656688624,0.3744377811094452,2.670670670670671,0.0155478765438745,13.001,7.999,1.625375,0.3809047619047619,0.27557184603824,0.0082383645524233,0.2352588235294118,0.2355630837347702,0.4478487413375634
graph_0107_mu_0_2_node_963,19,0.1871345029239766,0.001428060206524,0.3735976065818998,2.6766766766766765,0.0119996891663531,11.0,8.0,1.375,0.4210526315789473,0.4691297385620915,0.0081392803253355,0.2666666666666666,0.2669709185872569,0.6450533905228758
graph_0107_mu_0_2_node_290,31,0.2387096774193548,0.0025331589287129,0.3858632676709154,2.5915915915915915,0.022418989122375,20.002,10.998,1.8187454545454536,0.3547741935483871,0.3411798724954462,0.0113677041433361,0.2156395173453998,0.2160580265079801,0.620397495446266
graph_0107_mu_0_2_node_76,30,0.2781609195402298,0.0021917760547849,0.3893219017926734,2.5685685685685686,0.0233896069476241,20.0,10.0,2.0,0.3333333333333332,0.344485993988478,0.0102992840645993,0.2,0.2003805464647233,0.6889719879769561
graph_0107_mu_0_2_node_910,28,0.5238095238095238,0.0009932004493855,0.3747186796699174,2.6686686686686687,0.0433341478910581,24.001,3.999,6.0023333333333335,0.1428214285714285,0.110181726866523,0.0041508616760431,0.0769027576197387,0.0770550192837165,0.6611938094750001
graph_0107_mu_0_2_node_84,27,0.2991452991452991,0.0017213473179108,0.3914576802507837,2.5545545545545547,0.0353258610866375,17.009,9.991,1.7029999999999996,0.3700370370370369,0.2676098684495741,0.0103816983877723,0.2270320158102766,0.2274121333089012,0.4552649929988462
graph_0107_mu_0_2_node_417,27,0.3646723646723647,0.0011687135322793,0.3824655436447167,2.6146146146146148,0.0415372411693229,21.004,5.996,3.5036000000000005,0.2220740740740741,0.1244263041928864,0.0063004497854692,0.1249081632653061,0.125136391123256,0.4357164759418411
graph_0107_mu_0_2_node_931,30,0.246031746031746,0.0022258861483907,0.3781226343679031,2.6446446446446448,0.017274532466845,22.982,7.018,3.277999999999999,0.2339333333333333,0.1764499999999999,0.0073093920765027,0.1324830188679245,0.1327501770943698,0.5514499999999999
graph_0107_mu_0_2_node_396,29,0.2758620689655172,0.0025858555474427,0.3875096974398759,2.5805805805805804,0.0207059359405521,18.001,10.999,1.6366272727272728,0.3792758620689656,0.4766903107895775,0.011260046693655,0.2340168439716313,0.2344353274454186,0.7800727812920356
graph_0107_mu_0_2_node_240,18,0.2083333333333333,0.0009443837588413,0.3644655235315578,2.743743743743744,0.0107550896199812,10.002,7.998,1.2506428571428572,0.4443333333333334,0.3985421937270775,0.0081627153066932,0.2856256157635467,0.2859297685471406,0.4484502519322288
graph_0107_mu_0_2_node_846,19,0.3976608187134502,0.0008792273662871,0.3574239713774597,2.7977977977977977,0.0085547288773216,14.0,5.0,2.7999999999999994,0.2631578947368421,0.1531565656565656,0.0051696040623677,0.1515151515151515,0.1517053740755471,0.4288383838383837
graph_0107_mu_0_2_node_855,17,0.1764705882352941,0.0010101742839485,0.3638018936635105,2.7487487487487487,0.0117172378777208,9.988,7.012,1.424928571428571,0.4124705882352942,0.2126380914638978,0.0072511505275871,0.2598404558404558,0.2601071220906402,0.272934128556709
graph_0107_mu_0_2_node_806,18,0.2916666666666667,0.0008451316404739,0.3546325878594249,2.81981981981982,0.0064544995535323,14.0,4.0,3.5,0.2222222222222223,0.2339424280350438,0.004070328853895,0.125,0.1251521838380764,0.7603128911138924
graph_0107_mu_0_2_node_77,14,0.2527472527472527,0.0005969773516151,0.3518844663613948,2.8418418418418416,0.0089371205918019,9.002,4.998,1.8018666666666672,0.3569999999999999,0.2931560866013071,0.0050849668700014,0.2172939130434783,0.2174839872281025,0.5278209558823529
graph_0107_mu_0_2_node_358,37,0.2252100840336134,0.0022331667123524,0.3936170212765957,2.5405405405405403,0.0522417954728266,26.011,10.989,2.3675606060606067,0.297,0.2279025851606324,0.011547525548654,0.1744029838217337,0.1748213419090708,0.5184072194755088
graph_0107_mu_0_2_node_901,37,0.3932773109243697,0.0020310330208408,0.3882627283326856,2.575575575575576,0.0281941913218689,30.0,7.0,4.285714285714286,0.1891891891891892,0.2328387096774193,0.0072175438074013,0.1044776119402985,0.1047442278229875,0.9646175115207374
graph_0107_mu_0_2_node_970,29,0.2307692307692307,0.0020851587620917,0.386609907120743,2.5865865865865865,0.020160800767042,19.005,9.995,1.9016111111111107,0.3446551724137932,0.3985343345131197,0.0102534052987715,0.2082100340136054,0.2085903614541523,0.7175876691573267
graph_0107_mu_0_2_node_907,35,0.4117647058823529,0.0020161184441682,0.3954869358669833,2.5285285285285286,0.0621360593018967,27.001,7.999,3.375625,0.2285428571428572,0.1982847953216374,0.0083379422779255,0.1290143369175626,0.1293189215188774,0.6692736842105265
graph_0107_mu_0_2_node_880,33,0.2746212121212121,0.0024869943870668,0.3881118881118881,2.5765765765765765,0.0258299494115127,23.013,9.987,2.305133333333333,0.3026363636363636,0.3099918032786885,0.0103223178389454,0.1783054835364272,0.1786856225608246,0.7134908697632059
graph_0107_mu_0_2_node_552,20,0.3398692810457516,0.0009762526627543,0.3632727272727272,2.7527527527527527,0.0120837253498394,13.004,6.996,1.8590476190476195,0.3497999999999999,0.2447617554858933,0.0072035101996917,0.2119786096256683,0.2122447286389096,0.4199205851619644
graph_0107_mu_0_2_node_235,29,0.4458128078817734,0.0012709910339462,0.381588999236058,2.6206206206206204,0.0244737839262792,22.014,6.986,3.1525238095238106,0.2408965517241378,0.2378173524801236,0.0071999115807203,0.1369487179487179,0.1372146389107453,0.7485253014363841
graph_0107_mu_0_2_node_592,24,0.4420289855072464,0.0007328280072582,0.3744377811094452,2.670670670670671,0.0223403423528862,19.001,4.999,3.801199999999999,0.2082916666666666,0.1656172364348833,0.0051557329052783,0.1162536997885835,0.1164439567041595,0.6294131040863594
graph_0107_mu_0_2_node_533,24,0.3297101449275362,0.0012928617349698,0.379703534777651,2.6336336336336337,0.0186266505246625,17.0,7.0,2.4285714285714284,0.2916666666666667,0.2411401957919344,0.0072094988452195,0.1707317073170731,0.1709980594345725,0.5856261897804124
graph_0107_mu_0_2_node_787,20,0.4526315789473684,0.000718163751902,0.3663366336633663,2.72972972972973,0.0146788827144079,16.0,4.0,4.0,0.2,0.0909468494468494,0.0041840805026255,0.1111111111111111,0.1112633181126332,0.3637873977873977
graph_0107_mu_0_2_node_700,17,0.2794117647058823,0.0010161242086086,0.3651315789473684,2.7387387387387387,0.0121279183647443,11.974,5.026,2.387371428571428,0.2956470588235294,0.1546010101010101,0.0051960806407791,0.1735427841634739,0.1737339659975335,0.3661313131313131
graph_0107_mu_0_2_node_983,30,0.2413793103448276,0.0025463506556109,0.3885647607934656,2.5735735735735736,0.0251979804630423,18.003,11.997,1.5006818181818182,0.3999000000000001,0.3721743169398907,0.0124003084460534,0.2499234693877551,0.250379906907424,0.5583352459016394
graph_0107_mu_0_2_node_348,40,0.2987179487179487,0.0029559045971069,0.4018503620273532,2.4884884884884886,0.0624476457203154,30.002,9.998,3.0008888888888885,0.2499499999999999,0.2072855517928676,0.0105064358504314,0.1428249496981891,0.1432057099258055,0.6219475644695117
graph_0107_mu_0_2_node_306,33,0.3247311827956989,0.0022967243400628,0.3937721718565234,2.53953953953954,0.0306665351307129,23.005,9.995,2.301925,0.3028787878787878,0.3325497695852534,0.0103054280358386,0.1784687581021519,0.1788492013463259,0.7318557603686634
graph_0107_mu_0_2_node_42,32,0.3402298850574712,0.0018567144675252,0.3823191733639495,2.6156156156156154,0.0243913538950699,23.026,8.974,2.568253968253969,0.2804375,0.2956836296699427,0.009257888055457,0.1631026657552973,0.1634442599732962,0.724644130180452
graph_0107_mu_0_2_node_517,30,0.3703703703703703,0.0016340423228187,0.3827586206896551,2.612612612612613,0.0273863382384686,22.0,8.0,2.75,0.2666666666666666,0.2494538461538461,0.0082659307337648,0.1538461538461538,0.1541506605453012,0.6548163461538461
graph_0107_mu_0_2_node_173,18,0.2,0.0010081099467065,0.3592233009708738,2.783783783783784,0.0078077358600098,11.009,6.991,1.5752857142857146,0.388388888888889,0.2404128918495297,0.0072006556967767,0.241006896551724,0.2412727850453171,0.3439644396551725
graph_0107_mu_0_2_node_933,24,0.2355072463768115,0.0019785354184549,0.3810068649885583,2.6246246246246248,0.0191138610116637,14.0,10.0,1.3999999999999997,0.4166666666666667,0.332626728110599,0.0103107768677161,0.2631578947368421,0.263538267502152,0.4656774193548387
graph_0107_mu_0_2_node_503,26,0.3507692307692308,0.0015455091808367,0.3779795686719637,2.645645645645646,0.0199994183060018,18.012,7.988,2.256035714285715,0.3072307692307691,0.2718827648394024,0.0082326830039303,0.1815064558629776,0.1818104135838906,0.6123646505450415
graph_0107_mu_0_2_node_176,22,0.2263157894736842,0.0012834841995544,0.3754227733934611,2.663663663663664,0.0144305465063532,14.01,7.99,1.7539285714285713,0.3631818181818181,0.2276130555146035,0.0082811146679241,0.2218918918918919,0.2221958331574636,0.3703970088620244
graph_0107_mu_0_2_node_328,24,0.1920289855072463,0.0018928399303444,0.3891702376314764,2.5695695695695697,0.0231669277774545,12.009,11.991,1.0016727272727273,0.499625,0.3973718228689752,0.0123667335006278,0.3330109056424845,0.3334669069760654,0.3975582646478404
graph_0107_mu_0_2_node_284,33,0.3503787878787879,0.0022019661966347,0.390539483971853,2.5605605605605604,0.0289989210087273,24.004,8.996,2.6684999999999994,0.2726060606060604,0.2961562824107981,0.0092809502125785,0.1578148820326678,0.1581573390601495,0.7899782415159667
graph_0107_mu_0_2_node_782,18,0.3660130718954248,0.0006646920397365,0.3648648648648648,2.740740740740741,0.0129040616021515,13.002,4.998,2.6024000000000007,0.2776666666666666,0.2372101645204937,0.0051061430891511,0.1612199413489736,0.1614100733794413,0.6168705656843181
graph_0107_mu_0_2_node_295,33,0.3354838709677419,0.0017175897536577,0.383493282149712,2.607607607607608,0.0251746008637057,26.008,6.992,3.7215142857142864,0.2118787878787878,0.2170070127504553,0.0072268132555675,0.1184967490969713,0.1187629793371786,0.7755889799635702
graph_0107_mu_0_2_node_57,50,0.2287234042553191,0.0042600605133616,0.4052738336713996,2.4674674674674675,0.0649191058777141,37.008,12.992,2.8488344988344987,0.2598399999999999,0.2696022250161162,0.013651674107537,0.1493213811888744,0.1498163714931859,0.7469531907839451
graph_0107_mu_0_2_node_819,56,0.2354996505939902,0.0057915752988612,0.4202776609171224,2.37937937937938,0.0764144345858791,39.004,16.996,2.294941176470588,0.3035,0.3526318942858273,0.0178592568496813,0.1788982456140351,0.1795457865640849,0.7883996948775067
graph_0107_mu_0_2_node_707,17,0.375,0.000555876237452,0.3565310492505353,2.804804804804805,0.0089767849253612,13.0,4.0,3.25,0.2352941176470588,0.115400505050505,0.0041444327120612,0.1333333333333333,0.1334855055923305,0.3750516414141415
graph_0107_mu_0_2_node_567,27,0.2336182336182336,0.0021124975330924,0.3849710982658959,2.5975975975975976,0.0190106820352524,17.001,9.999,1.7002999999999997,0.3703333333333332,0.3444681368456209,0.0102982247425654,0.2272454545454544,0.2276258761337727,0.5856440469232695
graph_0107_mu_0_2_node_734,21,0.3333333333333333,0.0011142394362353,0.3667400881057269,2.7267267267267266,0.0114335427239961,14.001,6.999,2.0005,0.3332857142857142,0.1747616987179487,0.0072911226540275,0.1999666666666667,0.200232919973808,0.3246020833333334
graph_0107_mu_0_2_node_423,18,0.1764705882352941,0.0012947034365527,0.3712374581939799,2.6936936936936937,0.015036999077069,9.006,8.994,1.0017142857142856,0.4996666666666666,0.2727397083300308,0.0093007426433288,0.3330574712643677,0.3333994616363268,0.2730640326543551
graph_0107_mu_0_2_node_7,37,0.2672268907563025,0.0029412718978985,0.3919183993723029,2.5515515515515514,0.0243978880729342,26.001,10.999,2.363972727272728,0.2972702702702703,0.3789176442347834,0.0113281497718031,0.1745848214285714,0.1750035598129414,0.8612319341237372
graph_0107_mu_0_2_node_593,22,0.2857142857142857,0.0014400250775528,0.377123442808607,2.6516516516516515,0.0153765522840426,13.002,8.998,1.4451428571428566,0.409,0.5606871975806451,0.0091456485655816,0.2570749034749034,0.2574171499317849,0.8099422715053763
graph_0107_mu_0_2_node_676,22,0.238095238095238,0.0017745618601214,0.3755639097744361,2.6626626626626626,0.0132009027136983,13.005,8.995,1.4459722222222218,0.4088636363636364,0.5273481025782817,0.0091519866213651,0.2569682539682539,0.2573103864304966,0.7619907375406099
graph_0107_mu_0_2_node_616,17,0.1691176470588235,0.0011769793411712,0.3758465011286682,2.660660660660661,0.0143868852226909,8.001,8.999,0.8891250000000003,0.5293529411764705,0.2596329545454545,0.0093239154010795,0.3599476923076923,0.3602898466331026,0.2308010101010101
graph_0107_mu_0_2_node_586,24,0.2717391304347826,0.0015327647747616,0.3774083868530412,2.6496496496496498,0.0148293986426978,16.003,7.997,2.0012857142857143,0.3332083333333333,0.3188437704550916,0.0082037855928544,0.1999121951219512,0.200216448751428,0.6377840020973979
graph_0107_mu_0_2_node_929,25,0.28,0.0017049089848317,0.3836405529953917,2.6066066066066065,0.0223396875401149,15.007,9.993,1.5019444444444443,0.39972,0.3290285495181889,0.010309415493198,0.2497865853658536,0.2501667210623848,0.4938164181030974
graph_0107_mu_0_2_node_664,36,0.3672014260249554,0.0020542525700967,0.3849710982658959,2.5975975975975976,0.0283401149856525,27.001,8.999,3.0005,0.2499722222222222,0.280623076923077,0.0092980851189636,0.1428392857142856,0.1431819351036904,0.8107375
graph_0107_mu_0_2_node_377,29,0.2783251231527093,0.0021660990012016,0.3830521472392638,2.6106106106106104,0.0231024755581008,18.005,10.995,1.6376818181818185,0.3791379310344828,0.3740435040456555,0.0113321291317084,0.2339140070921987,0.2343323385500901,0.6122417905634929
graph_0107_mu_0_2_node_66,20,0.2263157894736842,0.0013517548305718,0.3720670391061452,2.687687687687688,0.0129025919104901,12.0,8.0,1.5,0.4000000000000001,0.2008,0.0083325136612021,0.25,0.2503042750646584,0.3011999999999999
graph_0107_mu_0_2_node_804,32,0.4375,0.0014797670924357,0.3823191733639495,2.6156156156156154,0.0262917662952069,26.0,6.0,4.333333333333334,0.1875,0.1870903846153846,0.0061994480503236,0.1034482758620689,0.1036767428485894,0.810725
graph_0107_mu_0_2_node_769,28,0.328042328042328,0.0015745543162053,0.380281690140845,2.6296296296296298,0.0281033354280968,19.011,8.989,2.115722222222222,0.3210357142857142,0.2759589572130514,0.0092968679869826,0.1912193515704153,0.1915614121268559,0.5830027757555694
graph_0107_mu_0_2_node_366,14,0.3296703296703296,0.0004812503776793,0.3535031847133758,2.828828828828829,0.0104664280554758,9.006,4.994,1.8056000000000003,0.3567142857142856,0.2490082823367707,0.0050966534997299,0.2170991304347826,0.2172890525513101,0.4485149082061874
graph_0107_mu_0_2_node_203,21,0.2428571428571428,0.0013138547877973,0.3701370878103001,2.701701701701701,0.0139206382797117,13.988,7.012,1.9955,0.3339047619047618,0.2025801767676768,0.0072650170764932,0.2004235294117647,0.2006902768171462,0.4032516414141415
graph_0107_mu_0_2_node_239,29,0.2463054187192118,0.0021616585349208,0.390081999219055,2.563563563563564,0.0350045621655916,17.01,11.99,1.4190833333333337,0.413448275862069,0.3211403363377802,0.0124589124763912,0.2606068840579709,0.2610630208385965,0.4552678241308696
graph_0107_mu_0_2_node_753,20,0.2,0.0015165286456352,0.3741573033707865,2.6726726726726726,0.0140219885883169,10.987,9.013,1.219333333333333,0.4506500000000001,0.2764040404040403,0.0093185256014675,0.2908817204301075,0.2912244846503006,0.3063131313131313
graph_0107_mu_0_2_node_966,27,0.3033333333333333,0.0017766900634335,0.3789833080424886,2.6386386386386387,0.0170000101571614,18.0,9.0,2.0,0.3333333333333332,0.4283228571428571,0.009193334766948,0.2,0.200342452722499,0.809054285714286
graph_0107_mu_0_2_node_307,37,0.3363363363363363,0.0025956115884589,0.3959571938168846,2.5255255255255253,0.0383272804200079,25.032,11.968,2.092695454545454,0.3234594594594596,0.3676740307377525,0.012377282443693,0.1929462845622119,0.1934018627352381,0.7673947565900614
graph_0107_mu_0_2_node_668,17,0.2867647058823529,0.0010453277000693,0.3584499461786867,2.78978978978979,0.0073103912679222,12.0,5.0,2.399999999999999,0.2941176470588235,0.1442506313131313,0.0051805408900765,0.1724137931034483,0.1726039867205505,0.3462015151515151
graph_0107_mu_0_2_node_621,27,0.36,0.0017865336608875,0.3710995542347697,2.694694694694695,0.0132155262993044,19.003,7.997,2.376607142857143,0.2961851851851852,0.346629775006937,0.0081867529207897,0.173839153561517,0.1741434766519166,0.78014202019267
graph_0107_mu_0_2_node_750,32,0.3126436781609195,0.0023524225265657,0.3848228043143297,2.5985985985985987,0.0204068440881642,22.003,9.997,2.2011555555555558,0.31240625,0.4333315138633375,0.010234131733772,0.1851213083213082,0.1855017986484403,0.9101271650285014
graph_0107_mu_0_2_node_442,27,0.3532763532763532,0.0017194186149655,0.383935434281322,2.6046046046046047,0.0232079036187266,19.001,7.999,2.3754821428571438,0.2962592592592592,0.2660870967741935,0.0082475462253557,0.1738880666049953,0.1741924657525423,0.6319907834101379
graph_0107_mu_0_2_node_540,40,0.3982930298719772,0.0025308481619428,0.395017793594306,2.5315315315315314,0.0388160424673649,30.018,9.982,3.008555555555556,0.24955,0.3065276706014032,0.0103237014013211,0.1425696400625977,0.14294979153526,0.8900482024407304
graph_0107_mu_0_2_node_61,31,0.2860215053763441,0.0024025015290714,0.3885647607934656,2.5735735735735736,0.0251683393913986,20.026,10.974,1.8257595959595951,0.3539999999999999,0.3615674757235696,0.0113210692725313,0.2150819602151456,0.2154995571089558,0.6585360078798774
graph_0107_mu_0_2_node_186,18,0.4248366013071895,0.0006557258645391,0.3587073608617594,2.787787787787788,0.0116534706540503,14.0,4.0,3.5,0.2222222222222223,0.0909468494468494,0.0041840805026255,0.125,0.1251521838380764,0.3183139730639731
graph_0107_mu_0_2_node_47,20,0.1421052631578947,0.001652495679468,0.374578177727784,2.66966966966967,0.0134208562283155,10.001,9.999,1.000222222222222,0.49995,0.3437201214733543,0.0102990483070985,0.3332903225806451,0.3336705416477533,0.3437826214733543
graph_0107_mu_0_2_node_11,29,0.3988603988603988,0.0010708416926732,0.3776937618147448,2.647647647647648,0.0250485042963568,23.003,5.997,3.8362333333333343,0.2067931034482758,0.1870528846153846,0.0061961871807584,0.115321480406386,0.1155497810654886,0.6860355769230768
graph_0107_mu_0_2_node_529,28,0.4708994708994709,0.0008882871089211,0.3804265041888804,2.6286286286286287,0.0477128983196131,22.013,5.987,3.681133333333333,0.2138214285714286,0.1651207195752277,0.0062138538037804,0.1197187330316742,0.1199466358212504,0.6062720581456056
graph_0107_mu_0_2_node_152,21,0.2285714285714285,0.0018023441324046,0.3735976065818998,2.6766766766766765,0.0127047069709856,12.0,9.0,1.333333333333333,0.4285714285714285,0.6428571428571429,0.0091277890466531,0.2727272727272726,0.2730695691559801,0.8571428571428571
graph_0107_mu_0_2_node_522,22,0.3631578947368421,0.0010707707698751,0.3710995542347697,2.694694694694695,0.0152841887573849,16.0,6.0,2.666666666666666,0.2727272727272726,0.1837878787878787,0.0062035248748412,0.1578947368421052,0.158123029970482,0.4594696969696967
graph_0107_mu_0_2_node_780,32,0.4206896551724138,0.0014849692457266,0.383199079401611,2.6096096096096097,0.0478457006071915,24.0,8.0,3.0,0.25,0.2203979364916667,0.0083038464943368,0.1428571428571428,0.143161695925515,0.633644067413542
graph_0107_mu_0_2_node_343,18,0.3725490196078431,0.0009184357417743,0.3648648648648648,2.740740740740741,0.0108756535579927,12.005,5.995,2.003,0.3330555555555555,0.1497065705128204,0.0062451929213749,0.1998064516129032,0.2000344851942314,0.2996182692307692
graph_0107_mu_0_2_node_170,34,0.4474153297682709,0.0016984503700476,0.3894736842105263,2.5675675675675675,0.0528691511350907,26.005,7.995,3.2534404761904763,0.2351470588235294,0.2203327735843986,0.0082984192367227,0.1332416358187907,0.1335460450307038,0.7163409126455356
graph_0107_mu_0_2_node_414,30,0.464367816091954,0.001565255528204,0.381588999236058,2.6206206206206204,0.0322941963235389,23.009,6.991,3.2924285714285717,0.2330333333333333,0.2146435792193796,0.007230345654679,0.1318875547932151,0.1321536862005534,0.7057994000438
graph_0107_mu_0_2_node_948,17,0.1619047619047619,0.001081058352652,0.3624818577648766,2.7587587587587588,0.008283247668255,10.002,6.998,1.429380952380952,0.4116470588235295,0.4104329656862745,0.0071197955958719,0.2591693121693121,0.2594354464674387,0.5278265114379085
graph_0107_mu_0_2_node_634,18,0.3464052287581699,0.0006720023791976,0.3689069423929099,2.710710710710711,0.0236683806029598,12.009,5.991,2.0057,0.3328333333333332,0.1605114347983126,0.0062251693848052,0.1996540322580645,0.1998819137684286,0.3214051395006343
graph_0107_mu_0_2_node_563,22,0.2034632034632034,0.0012622442400241,0.3782658084059068,2.643643643643644,0.0222167105687322,12.004,9.996,1.2010999999999998,0.4543636363636362,0.3117673076923076,0.010328065591119,0.2939738562091503,0.2943540191228135,0.3741807692307692
graph_0107_mu_0_2_node_242,18,0.2026143790849673,0.0009745516232897,0.3666055045871559,2.727727727727728,0.0109113061366968,10.002,7.998,1.25075,0.4443333333333334,0.3795522199603086,0.0081711184886831,0.2856285714285713,0.2859327242034932,0.4744892945582288
graph_0107_mu_0_2_node_210,20,0.231578947368421,0.0013589890195999,0.3704115684093437,2.6996996996997,0.0154865815153168,12.0,8.0,1.5,0.4000000000000001,0.2425794404375048,0.008272865042599,0.25,0.2503042750646584,0.3638691606562574
graph_0107_mu_0_2_node_189,28,0.3095238095238095,0.0015495744447362,0.3852680293096799,2.5955955955955954,0.0424055144705061,21.002,6.998,3.001333333333333,0.2499285714285714,0.145088723825887,0.0073538803331378,0.1428114285714285,0.143077785720227,0.4353744575577783
graph_0107_mu_0_2_node_487,47,0.302020202020202,0.0045710006241088,0.4111111111111111,2.4324324324324325,0.0670075418036683,32.011,14.989,2.1358641025641028,0.3189148936170212,0.4131005556481271,0.0155578007267568,0.1897105446163463,0.1902813590852757,0.8541875791789562
graph_0107_mu_0_2_node_73,23,0.3142857142857143,0.0013915811149707,0.3701370878103001,2.701701701701701,0.0130675526183653,15.0,8.0,1.875,0.3478260869565216,0.2450505050505049,0.0082713664997883,0.2105263157894736,0.210830660307468,0.4288383838383837
graph_0107_mu_0_2_node_479,48,0.2444444444444444,0.0042105116677758,0.4126394052044609,2.4234234234234235,0.0685745608794862,34.01,13.99,2.431296703296703,0.2914583333333334,0.2901048535389289,0.01470121740683,0.1705913269803954,0.1711241987104205,0.6842440580693667
graph_0107_mu_0_2_node_661,19,0.3450292397660818,0.000594438247876,0.3626134301270417,2.7577577577577577,0.0122199138403125,15.0,4.0,3.75,0.2105263157894736,0.1004,0.004166256830601,0.1176470588235294,0.1177992542424473,0.3765
graph_0107_mu_0_2_node_48,21,0.3625730994152046,0.0009409703419804,0.3623503808487486,2.75975975975976,0.0114306341396177,15.0,6.0,2.5,0.2857142857142856,0.1837878787878787,0.0062035248748412,0.1666666666666666,0.1668949424237812,0.4288383838383837
graph_0107_mu_0_2_node_204,17,0.2279411764705882,0.0009552258802408,0.3622189992748368,2.760760760760761,0.0093378332089998,11.008,5.992,1.837866666666666,0.352470588235294,0.1706967530871997,0.0062103185752,0.2139507389162561,0.2141786411132988,0.3134066323605464
graph_0107_mu_0_2_node_350,26,0.3079710144927536,0.0013116215249944,0.3827586206896551,2.612612612612613,0.0308554897569006,18.006,7.994,2.25325,0.3074615384615383,0.2141082210559421,0.0083066324465224,0.1816640316205533,0.1819682174695079,0.4552203543592619
graph_0107_mu_0_2_node_578,31,0.458128078817734,0.0010999020864533,0.3848228043143297,2.5985985985985987,0.055625669862385,25.007,5.993,4.173899999999999,0.1933225806451612,0.1486266917293232,0.0062467161904415,0.1070068922305764,0.1072350754470829,0.5949948621553883
graph_0107_mu_0_2_node_938,30,0.2528735632183908,0.0022772327433536,0.3875096974398759,2.5805805805805804,0.0248826151780937,20.014,9.986,2.0050833333333333,0.3328666666666666,0.331040548236323,0.0102986712588005,0.1996751131221719,0.2000551273259001,0.6626865740902831
graph_0107_mu_0_2_node_393,45,0.3311184939091915,0.0035172800694765,0.4056029232643118,2.4654654654654653,0.0490243555028861,34.006,10.994,3.093454545454546,0.2443111111111111,0.2944148226347303,0.0114241255436577,0.1391554149085795,0.1395742182543305,0.8836034700960285
graph_0107_mu_0_2_node_763,24,0.2207792207792207,0.0015559614602808,0.3729003359462486,2.681681681681681,0.0123346911182973,15.0,9.0,1.666666666666667,0.375,0.2259,0.0093740778688524,0.2307692307692308,0.2311116053269969,0.3513999999999999
graph_0107_mu_0_2_node_626,21,0.3666666666666666,0.000894860846894,0.3774083868530412,2.6496496496496498,0.0325484965558528,13.012,7.988,1.629625,0.3803809523809525,0.220216289143581,0.0082909777840959,0.2348725490196078,0.2351763911405053,0.3582449608137107
graph_0107_mu_0_2_node_282,20,0.2810457516339869,0.000828424963247,0.3649981731823164,2.73973973973974,0.0138478777580977,14.001,5.999,2.334,0.2999499999999999,0.2600101759236363,0.006141340181275,0.1764369747899159,0.1766651951570585,0.5633999821068457
graph_0107_mu_0_2_node_387,39,0.4210526315789473,0.0025403763328502,0.3988023952095808,2.5075075075075075,0.0414504275107658,30.002,8.998,3.334416666666667,0.2307179487179487,0.2761015258544256,0.0093064778319027,0.1304024844720496,0.1307451741101764,0.9204554792631796
graph_0107_mu_0_2_node_244,35,0.2134453781512605,0.0032055464639461,0.3988023952095808,2.5075075075075075,0.0471652542194951,22.003,12.997,1.6929807692307697,0.3713428571428572,0.2694601921713038,0.0136579764714439,0.228006654567453,0.228501269786486,0.4561061263304298
graph_0107_mu_0_2_node_192,25,0.2566666666666666,0.0014612966964646,0.3840830449826989,2.603603603603604,0.0400509144281621,15.01,9.99,1.5029861111111111,0.3996,0.2071809292793051,0.0104977630028463,0.2496994773519163,0.2500794990191348,0.3110647683846819
graph_0107_mu_0_2_node_489,24,0.3188405797101449,0.001505765983969,0.383935434281322,2.6046046046046047,0.0224023857153078,15.003,8.997,1.667666666666667,0.374875,0.3060675164571812,0.0092728573709595,0.2306769230769231,0.2310191836140444,0.5102036566384087
graph_0107_mu_0_2_node_310,20,0.4684210526315789,0.000732746835689,0.3733183856502242,2.6786786786786787,0.0428140697245306,15.001,4.999,3.001,0.2499499999999999,0.1214755039160249,0.0052143817191628,0.1428253968253967,0.143015595830709,0.3644687652692016
graph_0107_mu_0_2_node_327,27,0.2564102564102564,0.0023800219135341,0.380281690140845,2.6296296296296298,0.0167524524678254,15.008,11.992,1.2518,0.4441481481481483,0.2994516025641024,0.0124924955473913,0.2854805194805194,0.2859366628479988,0.3746895032051281
graph_0107_mu_0_2_node_103,25,0.1264822134387351,0.0023337320186832,0.3852680293096799,2.5955955955955954,0.0186803858252819,11.002,13.998,0.786011904761905,0.5599200000000003,0.3185795102730087,0.0146420302221225,0.3888157894736843,0.3893480329238084,0.2276169434280888
graph_0107_mu_0_2_node_321,18,0.392156862745098,0.0007008587651283,0.367820324005891,2.7187187187187187,0.0352974999642375,12.002,5.998,2.0012,0.3332222222222222,0.1457650341975682,0.0062563543848315,0.1999225806451613,0.2001507282732041,0.2915750122153612
graph_0107_mu_0_2_node_695,43,0.3156146179401993,0.0030717837602732,0.4023358840112767,2.4854854854854853,0.048157731366373,32.011,10.989,2.9133909090909094,0.2555581395348837,0.2943464805506841,0.0114187367590846,0.1465007017543859,0.1469192510810083,0.856880487345285
graph_0107_mu_0_2_node_553,22,0.2842105263157894,0.0012606587381205,0.369589345172031,2.705705705705706,0.0137032651691857,15.001,6.999,2.1433809523809524,0.3181363636363636,0.2411223386490773,0.0072084395231856,0.1891578947368421,0.1894241683029398,0.4822982487267261
graph_0107_mu_0_2_node_426,26,0.3230769230769231,0.001327499661917,0.3805714285714285,2.627627627627628,0.0216018502055499,18.005,7.995,2.2523214285714284,0.3074999999999999,0.2480795537340619,0.008263614291787,0.1816868686868686,0.1819910925832115,0.5584046903460838
graph_0107_mu_0_2_node_40,17,0.1838235294117647,0.0013601471266612,0.3668747704737422,2.725725725725726,0.0102552280288932,8.0,9.0,0.8888888888888892,0.5294117647058824,0.6428571428571429,0.0091277890466531,0.36,0.3603421923120793,0.5714285714285712
graph_0107_mu_0_2_node_443,27,0.2766666666666666,0.0015568720911039,0.3795592705167173,2.6346346346346348,0.0231894519960167,17.0,10.0,1.6999999999999995,0.3703703703703703,0.332626728110599,0.0103107768677161,0.2272727272727271,0.2276531868679182,0.5322027649769585
graph_0107_mu_0_2_node_746,16,0.2916666666666667,0.0007162541848188,0.355136864557412,2.815815815815816,0.0084264064064126,11.024,4.976,2.2383999999999995,0.311,0.1418935527427344,0.0051570390510123,0.184237037037037,0.1844263035342807,0.3137331629727913
graph_0107_mu_0_2_node_817,39,0.2432432432432432,0.0035038325225869,0.3984842441164739,2.5095095095095097,0.0328930397603225,25.011,13.989,1.7882499999999997,0.3586923076923076,0.4635923238077689,0.0144273287212457,0.2185465909090909,0.2190790595140913,0.795205715350866
graph_0107_mu_0_2_node_544,23,0.3714285714285714,0.0010130743783996,0.375,2.6666666666666665,0.020690475953828,17.0,6.0,2.833333333333333,0.2608695652173912,0.1870903846153846,0.0061994480503236,0.1499999999999999,0.1502283105022831,0.4989076923076923
graph_0107_mu_0_2_node_140,29,0.3201970443349753,0.0013415459342941,0.3855654187572366,2.5935935935935936,0.0425984336381267,21.001,7.999,2.625517857142857,0.2758275862068965,0.1659557311510304,0.0084053166067503,0.1599772549019608,0.1602817003917743,0.4356791067714548
graph_0107_mu_0_2_node_989,20,0.3789473684210526,0.0007082649621997,0.3722056631892697,2.6866866866866865,0.0331444481588503,15.002,4.998,3.002,0.2499,0.1037076725592816,0.0052518068373633,0.1427936507936507,0.1429838117689291,0.311190433408182
graph_0107_mu_0_2_node_732,15,0.3333333333333333,0.000903352513175,0.3588362068965517,2.7867867867867866,0.0092379821419148,10.0,5.0,2.0,0.3333333333333332,0.357142857142857,0.0050709939148073,0.2,0.2001901646826151,0.7142857142857141
graph_0107_mu_0_2_node_916,19,0.2867647058823529,0.0008641602194144,0.3614327062228654,2.7667667667667666,0.0103490415890044,13.002,5.998,2.167933333333334,0.3156842105263158,0.3148997873471558,0.0061147031752687,0.1874280303030303,0.1876561952886258,0.6299662413609783
graph_0107_mu_0_2_node_965,19,0.4338235294117647,0.0004815541709952,0.3535031847133758,2.828828828828829,0.0083164151895909,16.0,3.0,5.333333333333332,0.1578947368421052,0.1574776714513557,0.0030583889320327,0.0857142857142856,0.0858284453093996,0.7873883572567782
graph_0107_mu_0_2_node_123,36,0.2873015873015873,0.0026029041815278,0.4004008016032064,2.497497497497497,0.042685437831396,24.006,11.994,2.001636363636364,0.3331666666666665,0.3211953276384021,0.012463232518579,0.1998819672131148,0.2003384991687102,0.6426248339465048
graph_0107_mu_0_2_node_964,23,0.233201581027668,0.0017428671238309,0.3817348108521207,2.61961961961962,0.0167183314584734,14.001,8.999,1.5558750000000006,0.3912608695652174,0.2596329545454545,0.0093239154010795,0.2432105263157895,0.2435528368225806,0.4039017676767677
graph_0107_mu_0_2_node_447,15,0.2285714285714285,0.0010367386316667,0.3611713665943601,2.7687687687687688,0.0110713573491196,8.0,7.0,1.1428571428571423,0.4666666666666667,0.5,0.0070993914807302,0.3043478260869565,0.3046139959032993,0.5714285714285712
graph_0107_mu_0_2_node_146,34,0.3333333333333333,0.0018652444315836,0.388715953307393,2.5725725725725725,0.05095512568385,26.004,7.996,3.252833333333333,0.2351764705882353,0.1659134366304824,0.0084020885686658,0.1332602150537634,0.1335646623101608,0.5394515457613968
graph_0107_mu_0_2_node_113,22,0.2554112554112554,0.0015803032317062,0.3810068649885583,2.6246246246246248,0.0203188353568756,12.003,9.997,1.200794444444444,0.4544090909090907,0.2496278044871795,0.0104142376765701,0.2940087768440709,0.2943889777588385,0.2996567307692306
graph_0107_mu_0_2_node_339,16,0.2083333333333333,0.0008717238034999,0.3628768616055212,2.755755755755756,0.0115703038029542,9.987,6.013,1.661714285714286,0.3758125,0.1823479194737259,0.0062180743890062,0.2314092307692308,0.2316379137242239,0.272901870492193
graph_0107_mu_0_2_node_604,28,0.3230769230769231,0.0016361596055833,0.3858632676709154,2.5915915915915915,0.0234518214940533,20.0,8.0,2.5,0.2857142857142856,0.2755887951907824,0.0082394272516794,0.1666666666666666,0.1669711270107069,0.6545233885781079
graph_0107_mu_0_2_node_232,20,0.2421052631578947,0.001331061312439,0.3694526627218935,2.7067067067067065,0.0126620246529149,11.0,9.0,1.2222222222222217,0.4500000000000001,0.3100373945896302,0.0092693556581394,0.2903225806451612,0.2906648510387723,0.3789345933873257
graph_0107_mu_0_2_node_770,30,0.3586206896551724,0.0012730540564632,0.3833461243284727,2.6086086086086087,0.0443857902607848,24.002,5.998,4.002,0.1999333333333333,0.1244487761029988,0.0063026451751509,0.1110707070707071,0.1112990631638423,0.4979046934530913
graph_0107_mu_0_2_node_400,21,0.3809523809523809,0.0010651949387553,0.3706864564007421,2.6976976976976976,0.0145344760775654,15.988,5.012,3.1928000000000005,0.2386666666666667,0.1250773237179487,0.0052213576967625,0.1355243243243243,0.1357150320756851,0.3992546474358975
graph_0107_mu_0_2_node_111,20,0.3,0.0007198101427758,0.3779795686719637,2.645645645645646,0.0383314781058384,13.006,6.994,1.861428571428572,0.3496999999999999,0.170018008061957,0.0072950552345537,0.2119191919191918,0.2121852348550101,0.3159403456303118
graph_0107_mu_0_2_node_245,34,0.3636363636363636,0.0021291234195016,0.3929976396538159,2.5445445445445447,0.0586718759128622,24.007,9.993,2.402968253968253,0.2939117647058823,0.2477804891015417,0.0104161979721068,0.1722766477278172,0.1726570438644983,0.5949906053011315
graph_0107_mu_0_2_node_51,15,0.2571428571428571,0.0007786014462124,0.3558959743498396,2.80980980980981,0.0093105093556011,9.0,6.0,1.5,0.4000000000000001,0.4285714285714285,0.0060851926977687,0.25,0.2502281715850319,0.6428571428571429
graph_0107_mu_0_2_node_159,23,0.2134387351778656,0.0016767425575489,0.3798479087452471,2.6326326326326326,0.0173253785274154,14.002,8.998,1.5561944444444449,0.3912173913043478,0.3587184134604881,0.0092307468083421,0.2431778093883357,0.243520081891134,0.5580610018352234
graph_0107_mu_0_2_node_824,33,0.3032258064516129,0.0021107493247351,0.3882627283326856,2.575575575575576,0.0263349317436954,23.009,9.991,2.3033916666666663,0.3027575757575758,0.3311244811712431,0.0103039844646668,0.1783860513352345,0.1787663424825493,0.7289159728570805
graph_0107_mu_0_2_node_874,27,0.3166666666666666,0.0013686387142252,0.3769811320754717,2.6526526526526526,0.0309683402926617,18.007,8.993,2.003,0.333074074074074,0.2408596246179751,0.0093447450272517,0.199820652173913,0.200162838761511,0.4552420938138372
graph_0107_mu_0_2_node_687,25,0.2966666666666667,0.0013767516036674,0.3817348108521207,2.61961961961962,0.0363581517789943,17.005,7.995,2.127232142857143,0.3198,0.1659042774736017,0.0084009742500224,0.1903377630121816,0.1906419637577712,0.3527190476130943
graph_0107_mu_0_2_node_49,16,0.275,0.0008037505664637,0.3585786073223259,2.7887887887887888,0.0091931272356279,11.005,4.995,2.204,0.3121875,0.1422699442350039,0.0051770306404055,0.1849735449735449,0.1851635340299676,0.3132433670544239
graph_0107_mu_0_2_node_859,27,0.2433333333333333,0.0017246348507811,0.3810068649885583,2.6246246246246248,0.0166241899491699,18.005,8.995,2.001875,0.3331481481481481,0.3586701828668808,0.0092275388908709,0.1998695652173913,0.2002118278621368,0.6777288205413906
graph_0107_mu_0_2_node_142,28,0.4215384615384615,0.0011476487929337,0.3758465011286682,2.660660660660661,0.0419059071108835,21.012,6.988,3.009333333333333,0.2495714285714285,0.1926928059590304,0.0072528597656087,0.1425873389355741,0.1428533156828422,0.5511502297003447
graph_0107_mu_0_2_node_324,17,0.3428571428571428,0.0007113206129038,0.3506493506493506,2.851851851851852,0.0070006813788115,12.0,5.0,2.399999999999999,0.2941176470588235,0.357142857142857,0.0050709939148073,0.1724137931034483,0.1726039867205505,0.7857142857142859
graph_0107_mu_0_2_node_223,21,0.3567251461988304,0.0010638971586941,0.3653986832479883,2.736736736736737,0.0096373967274951,16.0,5.0,3.2000000000000006,0.2380952380952381,0.2930315545724752,0.0050873487286176,0.1351351351351351,0.1353253866476346,0.8790946637174261
graph_0107_mu_0_2_node_143,43,0.2341463414634146,0.0040068269518646,0.4099302421009438,2.43943943943944,0.0451246064414517,28.01,14.99,1.8687142857142856,0.3486046511627907,0.4014489581680994,0.0155763989425237,0.2110993740219093,0.2116700526677945,0.7230230485294431
graph_0107_mu_0_2_node_636,26,0.2608695652173913,0.0018628920460095,0.3807164634146341,2.6266266266266265,0.0182059643867451,17.004,8.996,1.8903333333333332,0.3459999999999999,0.4483271668934461,0.0091812005897791,0.2091923890063424,0.209534663619323,0.797249959076122
graph_0107_mu_0_2_node_814,41,0.330634278002699,0.0025564281202128,0.4095940959409594,2.4414414414414414,0.079082718975448,29.01,11.99,2.4199590909090904,0.2924390243902439,0.291447839450548,0.01250624139474,0.1712649564050972,0.1717215100522842,0.6804688679339896
graph_0107_mu_0_2_node_691,17,0.3161764705882353,0.0007888331722766,0.3606498194945848,2.7727727727727727,0.0112531507965143,12.009,4.991,2.40765,0.2935882352941176,0.1513121502734406,0.0051612623011089,0.1720620689655173,0.1722519203903965,0.3638691606562574
graph_0107_mu_0_2_node_102,28,0.4179894179894179,0.0012337928627473,0.3852680293096799,2.5955955955955954,0.044585535983185,22.0,6.0,3.6666666666666656,0.2142857142857142,0.1244761733632728,0.006304802672454,0.12,0.1202283974114959,0.4564126356653334
graph_0107_mu_0_2_node_953,27,0.3133333333333333,0.0014581241125272,0.3781226343679031,2.6446446446446448,0.0222349612066275,19.004,7.996,2.3769285714285715,0.2961481481481481,0.2660387096774193,0.0082443479311126,0.1738131359851988,0.1741174210600506,0.5987907834101381
graph_0107_mu_0_2_node_250,18,0.6143790849673203,0.0003472965449023,0.3596112311015119,2.780780780780781,0.0135182138131788,16.0,2.0,8.0,0.1111111111111111,0.0688158611698062,0.0020600358166819,0.0588235294117647,0.0588996387047093,0.5505268893584501
graph_0107_mu_0_2_node_959,31,0.2881720430107526,0.0023504004206272,0.3896255850234009,2.5665665665665665,0.0239474230443064,20.003,10.997,1.819027272727272,0.3547419354838709,0.3658410138248846,0.0113386562602446,0.2156161387631976,0.216034609916026,0.665253456221198
graph_0107_mu_0_2_node_471,20,0.2421052631578947,0.0014575672820688,0.3715135738192636,2.6916916916916915,0.0122392594129381,12.988,7.012,1.8528571428571432,0.3505999999999999,0.1995958139981139,0.0072677826576674,0.2125757575757575,0.2128424846877091,0.3417200367866444
graph_0107_mu_0_2_node_785,23,0.2,0.0014757874585844,0.3706864564007421,2.6976976976976976,0.0135628137793708,13.002,9.998,1.3005750000000005,0.4346956521739131,0.5860090550908965,0.010172620614037,0.2777105263157894,0.2780907941472997,0.7033297850279946
graph_0107_mu_0_2_node_212,36,0.2513368983957219,0.0024035847910557,0.3942383583267561,2.5365365365365364,0.0531286513626907,26.002,9.998,2.6008000000000004,0.2777222222222221,0.2072855517928676,0.0105064358504314,0.1612534562211981,0.1616341004782652,0.5182934249367143
graph_0107_mu_0_2_node_848,30,0.3931034482758621,0.0017519675963358,0.3805714285714285,2.627627627627628,0.0292416072771034,22.021,7.979,2.761964285714285,0.2659666666666667,0.2450825506694351,0.0082520398630354,0.1533921948072891,0.153695902780601,0.6752797834324542
graph_0107_mu_0_2_node_531,17,0.3333333333333333,0.0009715512562719,0.3588362068965517,2.7867867867867866,0.0084835457641963,12.0,5.0,2.399999999999999,0.2941176470588235,0.357142857142857,0.0050709939148073,0.1724137931034483,0.1726039867205505,0.7857142857142859
graph_0107_mu_0_2_node_521,29,0.2051282051282051,0.0020028331391793,0.383199079401611,2.6096096096096097,0.0384124209000014,19.007,9.993,1.9023361111111103,0.3445862068965518,0.2072196523937592,0.0105010232787895,0.2081617006802721,0.208541952086835,0.3732435289899062
graph_0107_mu_0_2_node_561,27,0.358974358974359,0.0015186393773552,0.3791271347248577,2.6376376376376376,0.021821117686715,19.016,7.984,2.3831964285714284,0.2957037037037037,0.2629990235436735,0.0082366380325963,0.173516535615171,0.1738203643731903,0.6256553596691339
graph_0107_mu_0_2_node_895,40,0.3551282051282051,0.0027383911648593,0.4046172539489672,2.4714714714714714,0.069787593414122,29.013,10.987,2.6410909090909085,0.2746749999999999,0.2724852377155008,0.011452111344293,0.1592049689440993,0.1596233465707174,0.7188471557682081
graph_0107_mu_0_2_node_79,20,0.5105263157894737,0.000639800343556,0.3620877129394708,2.7617617617617616,0.0119881727202792,16.0,4.0,4.0,0.2,0.0909468494468494,0.0041840805026255,0.1111111111111111,0.1112633181126332,0.3637873977873977
graph_0107_mu_0_2_node_890,15,0.2857142857142857,0.0005264120542167,0.364067055393586,2.7467467467467466,0.0113356758069331,10.001,4.999,2.00075,0.3332666666666666,0.2372257793545861,0.0051072102651926,0.1999538461538462,0.2001439728208848,0.4744892945582288
graph_0107_mu_0_2_node_762,30,0.3540229885057471,0.0018163591284082,0.3867595818815331,2.5855855855855854,0.0223489708610358,22.0,8.0,2.75,0.2666666666666666,0.2755887951907824,0.0082394272516794,0.1538461538461538,0.1541506605453012,0.7578691867746515
graph_0107_mu_0_2_node_197,24,0.181159420289855,0.0017409345811215,0.3794151158374478,2.635635635635636,0.0179401545105125,12.003,11.997,1.0005454545454544,0.499875,0.5443715157163431,0.0122678656619812,0.3332252252252251,0.3336814544526841,0.5445336778785053
graph_0107_mu_0_2_node_196,19,0.1578947368421052,0.0014237307614413,0.3766968325791855,2.6546546546546548,0.0178692220922481,8.004,10.996,0.7280404040404039,0.5787368421052634,0.3131692929803499,0.0113967780871492,0.407213282247765,0.4076313335767744,0.2278874319318371
graph_0107_mu_0_2_node_427,18,0.2745098039215686,0.0013507076424011,0.3631406761177753,2.7537537537537538,0.0093504352581808,11.0,7.0,1.5714285714285718,0.388888888888889,0.5,0.0070993914807302,0.2413793103448275,0.2416455409004888,0.7857142857142859
graph_0107_mu_0_2_node_208,23,0.1238095238095238,0.0016412516475752,0.3830521472392638,2.6106106106106104,0.0161440474959506,11.001,11.999,0.9168409090909088,0.521695652173913,0.2730806829908995,0.0125510690799529,0.3529025210084032,0.3533587914949418,0.2275993995684397
graph_0107_mu_0_2_node_136,20,0.2418300653594771,0.0011968597706472,0.3620877129394708,2.7617617617617616,0.0080055698003476,14.0,6.0,2.333333333333333,0.2999999999999999,0.3518473039215686,0.0061044602440016,0.176470588235294,0.1766988466237899,0.7623358251633988
graph_0107_mu_0_2_node_460,33,0.3139784946236559,0.0020798889579859,0.3876600698486612,2.57957957957958,0.0251566308075589,23.003,9.997,2.3011916666666665,0.302939393939394,0.3312106056847562,0.0103104265828282,0.1785101114856105,0.1788906307782143,0.7288298483435675
graph_0107_mu_0_2_node_332,27,0.1766666666666666,0.0019652352507943,0.3893219017926734,2.5685685685685686,0.0216341577525687,15.004,11.996,1.2508181818181818,0.4442962962962964,0.5693100331150505,0.0122556171729673,0.285594684385382,0.2860509797456519,0.6643621327363443
graph_0107_mu_0_2_node_380,19,0.2105263157894736,0.0011137738268869,0.3693160813308687,2.707707707707708,0.016444251564823,11.0,8.0,1.375,0.4210526315789473,0.2008,0.0083325136612021,0.2666666666666666,0.2669709185872569,0.2760999999999999
graph_0107_mu_0_2_node_338,22,0.2,0.0013705006339366,0.3737373737373737,2.675675675675676,0.0140891928115413,13.005,8.995,1.4459722222222218,0.4088636363636364,0.3586728343820323,0.0092275311099808,0.2569682539682539,0.2573103864304966,0.4784186683708026
graph_0107_mu_0_2_node_345,47,0.3686868686868687,0.0034409493983472,0.4060975609756098,2.4624624624624625,0.0670095310072397,35.003,11.997,2.917734848484848,0.2552553191489361,0.3305593965835535,0.0124525075867402,0.146300029385836,0.1467570581009545,0.9367287382435302
graph_0107_mu_0_2_node_610,21,0.3142857142857143,0.0010479106923425,0.3740172220142269,2.6736736736736737,0.0165851159626321,14.003,6.997,2.0015,0.3331904761904761,0.2789822703240044,0.0071779114040637,0.1999,0.2001661772760102,0.5580610018352234
graph_0107_mu_0_2_node_52,26,0.4123076923076923,0.0011612907678701,0.3765548435733132,2.655655655655656,0.0215695793321137,21.002,4.998,4.202600000000001,0.1922307692307693,0.1656015512765627,0.0051546620335885,0.1063368794326241,0.1065271272691609,0.6956684971086298
graph_0107_mu_0_2_node_600,51,0.2729591836734694,0.0043744678736299,0.4121287128712871,2.4264264264264264,0.0694857296638811,38.005,12.995,2.9248304195804185,0.2548039215686274,0.2696308025684764,0.0136550037197741,0.1460043050582376,0.1464994472339864,0.7676706421254638
graph_0107_mu_0_2_node_865,18,0.2875816993464052,0.0008642802620926,0.364067055393586,2.7467467467467466,0.0126836602571335,12.0,6.0,2.0,0.3333333333333332,0.2391690007865242,0.0061552451327442,0.2,0.2002282236591859,0.4783380015730485
graph_0107_mu_0_2_node_543,28,0.2883597883597883,0.0018974819086253,0.3882627283326856,2.575575575575576,0.0264656472232137,18.002,9.998,1.8007000000000004,0.3570714285714284,0.3325981566820276,0.0103086263300817,0.2173405797101449,0.2177209922292363,0.5987281105990783
graph_0107_mu_0_2_node_647,42,0.3282051282051282,0.0032725528774009,0.4029850746268656,2.4814814814814814,0.0616212478616586,28.009,13.991,2.002202797202797,0.3331190476190475,0.3855518874662886,0.0145221294087545,0.1998492764808026,0.2003819427672678,0.7439875370535035
graph_0107_mu_0_2_node_495,22,0.3421052631578947,0.0008320982843299,0.3731789316398954,2.67967967967968,0.0255933027657549,16.001,5.999,2.6674,0.272681818181818,0.160625871086662,0.0062337716054163,0.1578650472334683,0.1580933023347085,0.4016101322621093
graph_0107_mu_0_2_node_115,38,0.3380952380952381,0.0026213919044075,0.390539483971853,2.5605605605605604,0.05100849021701,27.005,10.995,2.4564262626262625,0.289342105263158,0.3029677387974979,0.0114124478447725,0.1691432487910099,0.1695618669237041,0.7163727174764604
graph_0107_mu_0_2_node_94,18,0.1568627450980392,0.0014790459093518,0.367414490621552,2.7217217217217216,0.0093919747381033,9.99,8.01,1.2475,0.4450000000000001,0.2753323471786834,0.0082503765003265,0.2861904761904761,0.2864950848660713,0.3432383032915362
graph_0107_mu_0_2_node_316,21,0.2761904761904762,0.0014551958237577,0.3768389287061486,2.6536536536536537,0.0176184645302871,12.003,8.997,1.334208333333333,0.4284285714285714,0.5606517809139785,0.0091446439564618,0.272614973262032,0.27295715569609,0.7476912634408602
graph_0107_mu_0_2_node_205,29,0.3423645320197044,0.0012270324550407,0.391304347826087,2.555555555555556,0.0499519612645963,22.001,6.999,3.14354761904762,0.2413448275862068,0.1451032953459163,0.0073549532264995,0.1372330316742081,0.1374994471393691,0.4560907139443084
graph_0107_mu_0_2_node_378,28,0.2707692307692307,0.0021022278840167,0.3814432989690721,2.621621621621621,0.0180814151423409,18.001,9.999,1.8003111111111116,0.3571071428571428,0.433359682877422,0.0102362845863016,0.2173654024051804,0.217745852942713,0.7367494890606315
graph_0107_mu_0_2_node_506,15,0.2666666666666666,0.0007775356877274,0.3607800650054171,2.771771771771772,0.0093376234457755,9.005,5.995,1.5025,0.3996666666666667,0.3515291698347963,0.0060995773841944,0.24975,0.2499779815505198,0.5275654938826294
graph_0107_mu_0_2_node_688,19,0.1988304093567251,0.0012054428402693,0.37,2.702702702702702,0.0142677937578412,11.009,7.991,1.3780535714285715,0.4205789473684209,0.2276325486919914,0.0082821683874419,0.2662989247311828,0.2666028346417621,0.3132433670544239
graph_0107_mu_0_2_node_322,31,0.2881720430107526,0.0026262834815153,0.383935434281322,2.6046046046046047,0.022882679674017,20.0,11.0,1.8181818181818172,0.3548387096774193,0.3658894009216589,0.0113418545544877,0.215686274509804,0.2161048596918884,0.665253456221198
graph_0107_mu_0_2_node_808,18,0.2091503267973856,0.0011802409995491,0.3631406761177753,2.7537537537537538,0.0095837206755908,10.0,8.0,1.25,0.4444444444444446,0.419940457203615,0.0081557038187538,0.2857142857142856,0.2860185144943283,0.5249255715045188
graph_0107_mu_0_2_node_430,30,0.3201058201058201,0.0013868948242123,0.3861615771163509,2.5895895895895897,0.0424810525704192,23.001,6.999,3.2864285714285706,0.2333,0.1452065772571515,0.0073545347417946,0.1320545073375262,0.1323209430863288,0.4564282606653335
graph_0107_mu_0_2_node_292,26,0.3115942028985507,0.0013299404098779,0.3742974896965155,2.6716716716716715,0.0204055793214618,18.002,7.998,2.250928571428572,0.3076153846153845,0.2494288461538461,0.0082637568207213,0.1817656565656565,0.1820699945260201,0.5301144230769231
graph_0107_mu_0_2_node_357,25,0.2766798418972332,0.0014103681293091,0.380281690140845,2.6296296296296298,0.019472348172301,16.011,8.989,1.7815972222222227,0.35956,0.2960181050211982,0.0092735786555305,0.2191927990708479,0.2195347815720803,0.4939130638952367
graph_0107_mu_0_2_node_723,43,0.3048780487804878,0.0033941674014151,0.4002403846153846,2.4984984984984986,0.0370328159748179,30.002,12.998,2.3082435897435896,0.3022790697674418,0.4053374999999999,0.0134299635293243,0.1780503517215845,0.1785453063212579,0.9042951923076924
graph_0107_mu_0_2_node_408,31,0.3268817204301075,0.0018858320321004,0.384526558891455,2.6006006006006004,0.026001219600193,21.012,9.988,2.104219444444445,0.3221935483870967,0.3288929915385904,0.0103042723625695,0.192038569048003,0.1924186882481815,0.6912236711069651
graph_0107_mu_0_2_node_260,21,0.2523809523809524,0.0014930224602996,0.3723443906075289,2.685685685685686,0.0140158225393055,12.0,9.0,1.333333333333333,0.4285714285714285,0.275681818181818,0.0093052873122618,0.2727272727272726,0.2730695691559801,0.3675757575757575
graph_0107_mu_0_2_node_698,53,0.2101960784313725,0.0057666311242975,0.4211635750421585,2.374374374374374,0.0754947876346221,36.006,16.994,2.118816176470588,0.3206415094339623,0.3523457911836631,0.0178581670374234,0.1909318352059924,0.1915791521210661,0.7256572599574298
graph_0107_mu_0_2_node_344,16,0.2166666666666666,0.0009774900565957,0.3671444321940463,2.723723723723724,0.0104811197246314,9.001,6.999,1.2860952380952382,0.4374375,0.2405947100313478,0.0072090238976135,0.2799507692307694,0.2802169212893526,0.3093762343260188
graph_0107_mu_0_2_node_184,17,0.1176470588235294,0.001181392444474,0.3772658610271903,2.650650650650651,0.0167478628182777,7.011,9.989,0.7020777777777776,0.5875882352941175,0.284548851119395,0.0103529644801659,0.4160433333333334,0.4164230858915886,0.1995369904687021
graph_0107_mu_0_2_node_207,21,0.3238095238095238,0.0007566314447876,0.379703534777651,2.6336336336336337,0.036145606232731,15.003,5.997,2.5021000000000004,0.2855714285714285,0.1243471469265363,0.0063019187879905,0.166572072072072,0.1668002337564528,0.3109752391112128
graph_0107_mu_0_2_node_613,16,0.1916666666666666,0.0009180613880299,0.3587073608617594,2.787787787787788,0.0084919397339315,9.991,6.009,1.6632380952380954,0.3755625,0.2064638910658307,0.0061894500776579,0.2312123076923077,0.2314408386428238,0.3432383032915362
graph_0107_mu_0_2_node_243,24,0.2355072463768115,0.001587596370691,0.379703534777651,2.6336336336336337,0.020850337281813,14.006,9.994,1.4020571428571424,0.4164166666666667,0.310111247723133,0.0103297310393964,0.2629730423620026,0.2633531870860169,0.4343357468123862
graph_0107_mu_0_2_node_549,22,0.1631578947368421,0.0017017404963879,0.3722056631892697,2.6866866866866865,0.0118640455235402,12.018,9.982,1.2049499999999995,0.4537272727272726,0.5844730913642052,0.0101569344117574,0.293470588235294,0.2938502191941956,0.6437246558197748
graph_0107_mu_0_2_node_720,19,0.2573529411764705,0.0010129955616036,0.3569131832797427,2.8018018018018016,0.0094957708408358,12.0,7.0,1.7142857142857142,0.3684210526315788,0.4102441764014654,0.0071222882200647,0.2258064516129031,0.2260727024211646,0.6446694200594456
graph_0107_mu_0_2_node_131,27,0.3276353276353276,0.0018157597289798,0.375281743050338,2.664664664664665,0.0161409563466735,18.0,9.0,2.0,0.3333333333333332,0.4283228571428571,0.009193334766948,0.2,0.200342452722499,0.8566457142857143
graph_0107_mu_0_2_node_294,23,0.391304347826087,0.0008513593921925,0.3766968325791855,2.6546546546546548,0.0421247487778599,17.006,5.994,2.8379333333333334,0.2606086956521738,0.148645534290271,0.0062477684810271,0.1498317073170731,0.150059789639183,0.4213985342143235
graph_0107_mu_0_2_node_899,23,0.3636363636363636,0.0009151941264208,0.3712374581939799,2.6936936936936937,0.0185846514219077,17.006,5.994,2.8390833333333334,0.2606086956521738,0.186013387978142,0.0061953618907583,0.1498357142857142,0.1500637965817703,0.5274149817850637
graph_0107_mu_0_2_node_27,39,0.3003003003003003,0.0026266601874672,0.395017793594306,2.5315315315315314,0.056612758624306,30.002,8.998,3.334416666666667,0.2307179487179487,0.1865518059182002,0.0094555967496501,0.1304024844720496,0.1307451741101764,0.6012196545310601
graph_0107_mu_0_2_node_618,35,0.2954545454545454,0.0020740671128216,0.3953304313415117,2.5295295295295297,0.0535869171838678,26.006,8.994,2.891805555555554,0.2569714285714285,0.1865022985131737,0.0094512402862162,0.147429931253305,0.1477723643575582,0.5183458503098485
graph_0107_mu_0_2_node_725,22,0.303030303030303,0.0008795604341941,0.3766968325791855,2.6546546546546548,0.0330022654882335,15.0,7.0,2.142857142857143,0.3181818181818182,0.1452222022571516,0.007355603117863,0.1891891891891892,0.1894555007737431,0.311190433408182
graph_0107_mu_0_2_node_833,17,0.2,0.0011489894755854,0.3663366336633663,2.72972972972973,0.0107327420509279,10.0,7.0,1.4285714285714282,0.411764705882353,0.5,0.0070993914807302,0.2592592592592592,0.2595254695654012,0.6428571428571429
graph_0107_mu_0_2_node_124,15,0.2476190476190476,0.0007570196284475,0.3583213773314204,2.790790790790791,0.008246141550416,9.0,6.0,1.5,0.4000000000000001,0.1819345803281287,0.0062046487819492,0.25,0.2502281715850319,0.272901870492193
