,Degree,Clustering Coefficient,Betweenness,Closeness,Shortest Path,Eigenvector,E In,E Out,E In Over E Out,ODF,Expansion,Cut Ratio,Conductance,Normalised Cut,Triangle Participation
graph_014_mu_0_2_node_446,22,0.2034632034632034,0.0018445376208598,0.3765548435733132,2.655655655655656,0.0114417737556812,11.009,10.991,1.0018,0.4995909090909091,0.6815144955300128,0.0111752261683037,0.3329803921568626,0.333403074554456,0.6818125798212006
graph_014_mu_0_2_node_207,20,0.1633986928104575,0.0013239758453441,0.3705489614243323,2.6986986986986987,0.0052922642948682,11.004,8.996,1.223333333333333,0.4498000000000002,0.4909765578335353,0.0091845981528395,0.2901612903225806,0.2905072771574174,0.5457249819549569
graph_014_mu_0_2_node_323,28,0.2707692307692307,0.0022084053561722,0.3848228043143297,2.5985985985985987,0.0090593221581889,17.008,10.992,1.5474909090909097,0.3925714285714287,0.4967858134960769,0.0112426974614398,0.2442280193236715,0.2446509353036273,0.7230061634075473
graph_014_mu_0_2_node_499,16,0.2666666666666666,0.001047030110834,0.3606498194945848,2.7727727727727727,0.0049690637467875,10.016,5.984,1.6752000000000002,0.374,0.1932798364507092,0.0061752573870592,0.2300398860398861,0.2302700402411104,0.3230585976326013
graph_014_mu_0_2_node_960,25,0.26,0.0021331775003487,0.3729003359462486,2.681681681681681,0.0067158376692189,15.012,9.988,1.5033333333333334,0.39952,0.4719630860095976,0.0102064578779342,0.2496341463414634,0.2500183893385339,0.7085015175751608
graph_014_mu_0_2_node_966,24,0.238095238095238,0.0018556710818673,0.3729003359462486,2.681681681681681,0.0064442018132425,14.984,9.016,1.6624000000000003,0.3756666666666666,0.3258095238095238,0.0092742193689894,0.2312874493927126,0.2316343112992112,0.5043809523809524
graph_014_mu_0_2_node_94,16,0.2166666666666666,0.0009144056459678,0.3643326039387308,2.744744744744745,0.0051288009298079,9.0,7.0,1.2857142857142858,0.4375,0.3866994117647059,0.0071301941322688,0.2800000000000001,0.280269199707726,0.4971849579831933
graph_014_mu_0_2_node_985,22,0.3842105263157894,0.0008347068220996,0.3722056631892697,2.6866866866866865,0.0159063158303209,15.004,6.996,2.1453714285714285,0.318,0.2023852834612105,0.0072476667715934,0.189067221067221,0.1893363912534019,0.4050314364876385
graph_014_mu_0_2_node_270,26,0.3079710144927536,0.0016336480987423,0.3702742772424018,2.700700700700701,0.0079651520387013,18.001,7.999,2.2504642857142856,0.307653846153846,0.2940044886189451,0.008225127506313,0.1817919191919191,0.1820997388181879,0.6248134176256033
graph_014_mu_0_2_node_131,25,0.2055335968379446,0.0020729887506701,0.3698630136986301,2.703703703703704,0.0048431729257376,15.784,9.216,1.717777777777778,0.36864,0.2522680345530393,0.0095666528830686,0.2260975609756098,0.2264521356634517,0.4058007945927425
graph_014_mu_0_2_node_526,22,0.2894736842105263,0.001235825842089,0.3648648648648648,2.740740740740741,0.0059041833354205,15.0,7.0,2.142857142857143,0.3181818181818182,0.3672822966507175,0.0071368294171823,0.1891891891891892,0.1894585131859573,0.7345645933014351
graph_014_mu_0_2_node_603,27,0.36,0.0016450027166205,0.3766968325791855,2.6546546546546548,0.0093875065941524,19.025,7.975,2.3872142857142857,0.2953703703703703,0.2135335539638583,0.0082876361594209,0.1732896623496762,0.1735965827613255,0.4818644719150078
graph_014_mu_0_2_node_265,23,0.2761904761904762,0.0014415816334334,0.3713754646840149,2.6926926926926926,0.0067047832000972,16.002,6.998,2.2868095238095227,0.3042608695652173,0.1911976508047936,0.0072641765309048,0.179428205128205,0.179697472948643,0.4098295141152283
graph_014_mu_0_2_node_150,30,0.3306878306878307,0.0020303924848791,0.388715953307393,2.5725725725725725,0.0151729991521888,20.004,9.996,2.001333333333333,0.3331999999999999,0.3674644534677189,0.010278459152909,0.1999058823529412,0.2002905807887818,0.6983643177759573
graph_014_mu_0_2_node_666,38,0.526984126984127,0.0012782914759514,0.3997599039615846,2.5015015015015014,0.1304424269062206,30.031,7.969,3.7721666666666662,0.2097105263157894,0.1825314227779358,0.0083425065834593,0.1171472415052977,0.117454191043975,0.6636553742384961
graph_014_mu_0_2_node_31,29,0.4162561576354679,0.0020960037280864,0.3795592705167173,2.6346346346346348,0.0092462319121641,21.005,7.995,2.627589285714285,0.2756896551724138,0.3613179348242029,0.0081777076859907,0.1598862745098039,0.1601940113859408,0.9486747428479592
graph_014_mu_0_2_node_291,30,0.3862433862433862,0.0018497990165347,0.3778366111951589,2.6466466466466465,0.0123405906284038,21.002,8.998,2.3342857142857145,0.2999333333333333,0.4065356741057079,0.0092038040805155,0.1764261931187568,0.1767725231913846,0.9035389707795684
graph_014_mu_0_2_node_886,17,0.3382352941176471,0.0010671483403964,0.3641997812613926,2.745745745745746,0.004214874789394,11.001,5.999,1.8339,0.3528823529411763,0.1877287412412412,0.0061973489494449,0.214243842364532,0.2144745909058442,0.3442218280780781
graph_014_mu_0_2_node_815,34,0.4838709677419355,0.0013374081721183,0.3884136858475894,2.5745745745745747,0.0329928269953959,27.026,6.974,3.8785142857142847,0.2051176470588235,0.1744231216136033,0.0072698126683601,0.1142871916261656,0.1145557639600511,0.649716652933646
graph_014_mu_0_2_node_449,22,0.3473684210526316,0.0013321019434233,0.3623503808487486,2.75975975975976,0.0079999743503446,15.003,6.997,2.144428571428572,0.3180454545454546,0.387588772175537,0.007126421089224,0.1890953058321479,0.1893645144842922,0.7753657796451916
graph_014_mu_0_2_node_826,22,0.1818181818181818,0.0019245942516062,0.3759879563417388,2.65965965965966,0.0076754748784659,13.146,8.854,1.5151499999999996,0.4024545454545454,0.2423620121440758,0.00919094233526,0.252921568627451,0.2532621477847713,0.3608677479062243
graph_014_mu_0_2_node_102,17,0.25,0.0010578383968115,0.3630087209302325,2.754754754754755,0.0045975077354623,10.951,6.049,1.8134999999999997,0.3558235294117646,0.1756806195778151,0.0062747489121181,0.216489417989418,0.2167220882111503,0.2876716466647794
graph_014_mu_0_2_node_229,15,0.4476190476190476,0.0004991733493655,0.3523809523809524,2.8378378378378377,0.0032720355287081,11.007,3.993,2.75875,0.2662,0.1887399532422788,0.0040802596851694,0.1535470085470084,0.1537006091941746,0.5195486116238054
graph_014_mu_0_2_node_841,17,0.238095238095238,0.0008603253333898,0.3652650822669104,2.7377377377377377,0.0085184073234848,11.0,6.0,1.8333333333333328,0.3529411764705881,0.1606001367053999,0.0062332650857532,0.2142857142857142,0.2145165012693284,0.2676668945089997
graph_014_mu_0_2_node_968,24,0.5072463768115942,0.0010848772156822,0.3698630136986301,2.703703703703704,0.0111439905791352,19.003,4.997,3.803599999999999,0.2082083333333333,0.2255390485304901,0.0051111683215561,0.1162029598308668,0.1163952927428328,0.8572594955269738
graph_014_mu_0_2_node_612,20,0.4313725490196078,0.00099102391933,0.3570407433881344,2.800800800800801,0.0032070640763191,15.005,4.995,3.005,0.24975,0.1563294231731732,0.0051601275910653,0.1426984126984126,0.1428906094858587,0.4382035660660661
graph_014_mu_0_2_node_846,20,0.4947368421052631,0.0008867283458393,0.3628768616055212,2.755755755755756,0.0055013170939801,15.001,4.999,3.001,0.2499499999999999,0.2255718768133184,0.0051132935438088,0.1428253968253967,0.1430177474530388,0.6768065395308644
graph_014_mu_0_2_node_235,33,0.5419354838709678,0.0012756760857601,0.388867263526664,2.5715715715715715,0.111472661762525,27.027,5.973,4.5297,0.181,0.1368553602500773,0.0062528045242599,0.0995131147540983,0.0997431469346083,0.5949818696019716
graph_014_mu_0_2_node_679,19,0.3897058823529412,0.0009448280400578,0.3609104046242775,2.770770770770771,0.0051981248437747,14.0,5.0,2.7999999999999994,0.2631578947368421,0.1804761904761904,0.0051432825240008,0.1515151515151515,0.1517075257985572,0.4692380952380953
graph_014_mu_0_2_node_981,19,0.1617647058823529,0.0011044900774557,0.364067055393586,2.7467467467467466,0.0076252478989758,11.004,7.996,1.3763571428571428,0.4208421052631578,0.4196810207336522,0.0081521346952315,0.2665032258064516,0.2668107643922647,0.5247591706539074
graph_014_mu_0_2_node_153,19,0.5730994152046783,0.0004972799678257,0.3564038530146272,2.805805805805806,0.0056581734966333,16.001,2.999,5.336499999999999,0.1578421052631579,0.1661185074029611,0.0030544766546029,0.0856841269841269,0.0857995397311321,0.8860784680538883
graph_014_mu_0_2_node_0,29,0.3472906403940887,0.0021586930792471,0.3801369863013699,2.630630630630631,0.0098060097584668,19.025,9.975,1.9086999999999996,0.3439655172413794,0.2669882427108528,0.0103663580716878,0.2077247278911564,0.2081085893601346,0.5085536773006252
graph_014_mu_0_2_node_925,28,0.2892307692307692,0.0023264111749791,0.3821729150726855,2.6166166166166165,0.0118286001790869,17.005,10.995,1.546727272727273,0.3926785714285715,0.3180646845694799,0.0113905317435541,0.2443091787439613,0.2447322100152434,0.4628996696504688
graph_014_mu_0_2_node_256,31,0.396551724137931,0.0019886173810317,0.3789833080424886,2.6386386386386387,0.0082419711860533,23.009,7.991,2.8807202380952384,0.257774193548387,0.3612171318301867,0.0081732005435726,0.1479632515632515,0.1482708819279493,0.9941072869516182
graph_014_mu_0_2_node_897,20,0.4526315789473684,0.0008296088563739,0.3607800650054171,2.771771771771772,0.0057562274185588,15.0,5.0,3.0,0.25,0.2935863377609107,0.005086763944749,0.1428571428571428,0.1430495319448338,0.8807590132827327
graph_014_mu_0_2_node_91,26,0.2644927536231884,0.0017492114941704,0.3786959818043973,2.640640640640641,0.0090755046924223,18.002,7.998,2.251083333333333,0.3076153846153845,0.2091500928593487,0.0083161868221048,0.1817667984189723,0.1820745795852033,0.4445517059468058
graph_014_mu_0_2_node_210,24,0.5541125541125541,0.0007550565121373,0.3655323819978046,2.735735735735736,0.0078258479972464,20.0,4.0,5.0,0.1666666666666666,0.1806999510186588,0.0040915162498111,0.0909090909090909,0.0910630673506953,0.8583247673386292
graph_014_mu_0_2_node_467,22,0.2597402597402597,0.001899879170284,0.3772658610271903,2.650650650650651,0.0118493154626272,12.016,9.984,1.2043388888888884,0.4538181818181816,0.4507611985678522,0.0102120453284192,0.2935404295051353,0.2939244300821824,0.5418159386953985
graph_014_mu_0_2_node_83,20,0.2679738562091503,0.0010863692792924,0.368362831858407,2.714714714714715,0.0103904467052205,13.001,6.999,1.857619047619048,0.3499499999999999,0.1830192622864128,0.0072774596476857,0.2120855614973261,0.2123548056093677,0.3137941048062645
graph_014_mu_0_2_node_742,18,0.1699346405228758,0.0013542935351983,0.3706864564007421,2.6976976976976976,0.0098405918289291,9.01,8.99,1.0025,0.4994444444444444,0.424783942414175,0.0091866626551688,0.3328571428571428,0.3332028459615481,0.4251021410114433
graph_014_mu_0_2_node_162,34,0.2661290322580645,0.0030015980042332,0.3899297423887587,2.5645645645645647,0.0188048403152485,21.008,12.992,1.6171282051282054,0.3821176470588236,0.5871385457715003,0.0132883589152758,0.2361870129870129,0.2366869941717194,0.9037183148884848
graph_014_mu_0_2_node_157,27,0.50997150997151,0.0010731094151816,0.378839590443686,2.63963963963964,0.027524566192537,21.011,5.989,3.5099,0.2218148148148148,0.1496696292463196,0.0062433987419289,0.1247474489795918,0.1249779904513087,0.5246122642144169
graph_014_mu_0_2_node_401,44,0.4483159117305458,0.0026216658789629,0.4049452776651804,2.4694694694694697,0.0427051584909405,35.017,8.983,3.899277777777777,0.2041590909090909,0.2245053452509569,0.009364525305971,0.1136873417721518,0.1140334680667052,0.8493737549166714
graph_014_mu_0_2_node_62,20,0.3529411764705882,0.000862492755466,0.3626134301270417,2.7577577577577577,0.0054745068916168,15.0,5.0,3.0,0.25,0.2623444976076555,0.0050977352979873,0.1428571428571428,0.1430495319448338,0.7345645933014351
graph_014_mu_0_2_node_537,18,0.1568627450980392,0.0014612350922862,0.3719285182427401,2.6886886886886887,0.0100064406702663,9.005,8.995,1.00125,0.4997222222222222,0.2466938437165534,0.0093364403005506,0.333095238095238,0.3334411332928935,0.2468577781427829
graph_014_mu_0_2_node_820,21,0.3333333333333333,0.0011085557932742,0.3668747704737422,2.725725725725726,0.0106652775964583,14.0,7.0,2.0,0.3333333333333332,0.4110208728652752,0.0071214695226486,0.2,0.2002693032739584,0.7633244781783682
graph_014_mu_0_2_node_751,32,0.3172413793103448,0.0022920981461303,0.3814432989690721,2.621621621621621,0.0111554891392369,22.004,9.996,2.2016,0.312375,0.3674480789797114,0.0102785095134396,0.185100529100529,0.1854852867485661,0.7718861247635288
graph_014_mu_0_2_node_685,26,0.2463768115942029,0.0021244881556916,0.374859287054409,2.667667667667668,0.0065662334309427,15.005,10.995,1.3648181818181817,0.4228846153846154,0.6846063218390804,0.0111759869086674,0.2681416957026714,0.268564661879667,0.8715538793103449
graph_014_mu_0_2_node_290,16,0.225,0.0009416967560625,0.3575518969219756,2.7967967967967966,0.006802460268942,10.0,6.0,1.666666666666667,0.375,0.3273794336174186,0.0061258580043607,0.2307692307692308,0.2309999999999999,0.5456323893623644
graph_014_mu_0_2_node_967,32,0.264367816091954,0.00249285519845,0.389777604369879,2.5655655655655654,0.0284721574357612,18.022,13.978,1.289928737928738,0.4368125,0.426502055072426,0.0144612495238585,0.2794582976180313,0.2799960796462595,0.5186509927083028
graph_014_mu_0_2_node_29,20,0.1526315789473684,0.0017586134235555,0.3751408186256102,2.665665665665666,0.0114440951685348,9.025,10.975,0.8229292929292931,0.54875,0.3393524033437826,0.0113436269826962,0.3781757508342603,0.3785977536676993,0.2787614942528735
graph_014_mu_0_2_node_25,16,0.2087912087912088,0.0008889564439467,0.3589651455264103,2.785785785785786,0.0043528762325813,9.0,7.0,1.2857142857142858,0.4375,0.2261410183428209,0.0072237004310385,0.2800000000000001,0.280269199707726,0.258446878106081
graph_014_mu_0_2_node_633,22,0.303030303030303,0.001799117917274,0.3704115684093437,2.6996996996997,0.0071874357856467,13.0,9.0,1.444444444444444,0.4090909090909091,0.5602176724137932,0.0091482864623245,0.2571428571428571,0.2574890509344484,0.8092033045977012
graph_014_mu_0_2_node_573,19,0.2046783625730994,0.0012560683630804,0.375,2.6666666666666665,0.0106416789380021,10.009,8.991,1.113486111111111,0.4732105263157896,0.4248312866576432,0.0091876265846302,0.3099517241379311,0.3102974922534444,0.4722939050900291
graph_014_mu_0_2_node_17,38,0.3897581792318634,0.0027778953723381,0.399919935948759,2.5005005005005003,0.0220057510719792,27.026,10.974,2.4639878787878784,0.2887894736842106,0.3349222639294165,0.011353346826602,0.1687733361166196,0.1691958854467221,0.8235730747224345
graph_014_mu_0_2_node_803,30,0.3862433862433862,0.0016257608486407,0.376271186440678,2.6576576576576576,0.0096849919960801,22.002,7.998,2.7510714285714286,0.2665999999999999,0.3180678140733927,0.0082059262532429,0.1538026124818577,0.1541104884390885,0.8350687360934584
graph_014_mu_0_2_node_635,21,0.3571428571428571,0.0012354847976757,0.3747186796699174,2.6686686686686687,0.0082426142882243,14.0,7.0,2.0,0.3333333333333332,0.316224914282653,0.0071601534371695,0.2,0.2002693032739584,0.632449828565306
graph_014_mu_0_2_node_733,44,0.4413472706155633,0.0027427888095659,0.408255006129955,2.4494494494494496,0.1392698370419764,33.041,10.959,3.017111111111111,0.2490681818181818,0.250967698485127,0.0114729102508403,0.1422593777530486,0.1426815452302444,0.732438579128564
graph_014_mu_0_2_node_945,31,0.3268817204301075,0.0019074124478497,0.3948616600790514,2.5325325325325325,0.0280439306584827,20.037,10.963,1.8287343434343424,0.3536451612903226,0.274133847833063,0.0114282118366205,0.2148230313896241,0.215244930264379,0.4999364217208849
graph_014_mu_0_2_node_104,22,0.2987012987012987,0.0016462839980547,0.3751408186256102,2.665665665665666,0.006432105297186,13.0,9.0,1.444444444444444,0.4090909090909091,0.4065973256345415,0.0092054518087446,0.2571428571428571,0.2574890509344484,0.5873072481387822
graph_014_mu_0_2_node_394,28,0.3969230769230769,0.001406403637591,0.380281690140845,2.6296296296296298,0.0109520768176064,21.006,6.994,3.004,0.2497857142857143,0.2782419847572945,0.0071756482468977,0.1427199999999999,0.1429892176048994,0.7953679067773604
graph_014_mu_0_2_node_518,57,0.3973063973063973,0.0046474500218708,0.421875,2.3703703703703702,0.1717932118249336,42.064,14.936,2.819344505494505,0.2620350877192982,0.3421896165655653,0.0156357710820788,0.150788127636293,0.1513638105599187,0.9385255356755206
graph_014_mu_0_2_node_99,30,0.3783068783068783,0.0018053201773097,0.383935434281322,2.6046046046046047,0.0115468982203929,21.023,8.977,2.3441666666666667,0.2992333333333332,0.240347080024677,0.0093289235423491,0.1759587163360748,0.1763042387925195,0.5352891796094428
graph_014_mu_0_2_node_617,19,0.3333333333333333,0.0011382792985499,0.3623503808487486,2.75975975975976,0.0062975314556464,12.0,7.0,1.7142857142857142,0.3684210526315788,0.4337858876117497,0.0071176112244394,0.2258064516129031,0.2260757134508076,0.7436329501915709
graph_014_mu_0_2_node_852,16,0.425,0.0008431150365461,0.3488128491620111,2.866866866866866,0.0026863044747502,12.0,4.0,3.0,0.25,0.137839689911142,0.0041195894242673,0.1428571428571428,0.1430110245221424,0.413519069733426
graph_014_mu_0_2_node_380,17,0.4095238095238095,0.0006659120126804,0.3530035335689045,2.8328328328328327,0.0037153199767323,13.005,3.995,3.257083333333333,0.235,0.1442142857142856,0.0041094713800254,0.1331505376344086,0.1333042388398373,0.4333095238095238
graph_014_mu_0_2_node_699,26,0.483076923076923,0.0010386922695474,0.383493282149712,2.607607607607608,0.0868453769801943,19.029,6.971,2.732238095238096,0.2681153846153846,0.1596751362613099,0.0072977322992328,0.1548270531400966,0.1550953447189126,0.4347500925870166
graph_014_mu_0_2_node_514,21,0.4142857142857143,0.0011135753478068,0.3615635179153094,2.765765765765766,0.0052302207049128,15.004,5.996,2.5028,0.2855238095238094,0.3521745730550283,0.0060999887667226,0.1665405405405405,0.1667712447463446,0.8808880455407972
graph_014_mu_0_2_node_108,17,0.2941176470588235,0.0008022454039174,0.36,2.7777777777777777,0.0050744116342192,11.786,5.214,2.278733333333333,0.3067058823529411,0.1426798751441608,0.0054120338436409,0.1813743842364532,0.1815749555707389,0.3217502068394926
graph_014_mu_0_2_node_763,25,0.1581027667984189,0.0022969772584236,0.3744377811094452,2.670670670670671,0.0061121547066476,13.002,11.998,1.0837121212121217,0.4799200000000002,0.3289951988866164,0.0124535793373499,0.3157219973009447,0.3161834589370505,0.3290736302591653
graph_014_mu_0_2_node_502,14,0.1758241758241758,0.0011536798812251,0.3587073608617594,2.787787787787788,0.0032598950994032,7.003,6.997,1.001,0.4997857142857143,0.3987633594004562,0.0071494138845621,0.3331515151515151,0.3334205581813381,0.3989529977191267
graph_014_mu_0_2_node_584,18,0.475,0.0006645492712403,0.3541297412265154,2.823823823823824,0.0034330039476301,15.0,3.0,5.0,0.1666666666666666,0.1033797674333565,0.0030896920682005,0.0909090909090909,0.0910245332456438,0.4824389146889968
graph_014_mu_0_2_node_15,20,0.3263157894736842,0.0011801967742699,0.3592233009708738,2.783783783783784,0.0040681035873719,14.0,6.0,2.333333333333333,0.2999999999999999,0.3148133971291866,0.0061172823575848,0.176470588235294,0.1767014284938352,0.7345645933014351
graph_014_mu_0_2_node_417,24,0.1991341991341991,0.0018056496354813,0.3768389287061486,2.6536536536536537,0.0123172791069872,13.565,10.435,1.3050909090909093,0.4347916666666666,0.3223997518286311,0.0107859153471196,0.2780085348506401,0.2784099215202577,0.3884312304075235
graph_014_mu_0_2_node_863,15,0.2051282051282051,0.0007124555506793,0.3590941768511862,2.784784784784785,0.0041038155551035,9.004,5.996,1.502,0.3997333333333334,0.3147432216905902,0.0061130405760365,0.2498,0.2500305977350888,0.4198213716108451
graph_014_mu_0_2_node_336,21,0.1988304093567251,0.0013706454129246,0.367820324005891,2.7187187187187187,0.0061527408177335,12.0,9.0,1.333333333333333,0.4285714285714285,0.47222009569378,0.0091759235363772,0.2727272727272726,0.2730734398875482,0.5771578947368423
graph_014_mu_0_2_node_191,15,0.3142857142857143,0.0008348399002128,0.3550106609808102,2.8168168168168166,0.0118604693845944,10.0,5.0,2.0,0.3333333333333332,0.2762138655462184,0.0050929958087634,0.2,0.2001923150890418,0.5524277310924368
graph_014_mu_0_2_node_695,33,0.3053763440860215,0.0025114247505136,0.3857142857142857,2.592592592592593,0.0124052958174381,22.009,10.991,2.0029666666666666,0.333060606060606,0.4372523917078508,0.0112764476619206,0.1998101503759398,0.2002331906542399,0.8351741464072955
graph_014_mu_0_2_node_122,20,0.1578947368421052,0.001607857040011,0.3741573033707865,2.6726726726726726,0.0061031264863473,9.003,10.997,0.8187272727272727,0.54985,0.3163729268923755,0.0114090630964647,0.3791724137931035,0.3795952616210346,0.2589294819983016
graph_014_mu_0_2_node_375,25,0.28,0.0019881326771414,0.3810068649885583,2.6246246246246248,0.0084410328996094,14.002,10.998,1.2731818181818182,0.4399200000000002,0.4968874003153174,0.011249556624167,0.2819871794871794,0.2824102283892922,0.6324676857081631
graph_014_mu_0_2_node_437,35,0.3787878787878788,0.0018771763783416,0.3919183993723029,2.5515515515515514,0.0342048627656939,24.025,10.975,2.19140909090909,0.3135714285714284,0.3350172036906789,0.011354031343012,0.185957627118644,0.1863801171952652,0.7016022680688302
graph_014_mu_0_2_node_223,22,0.1894736842105263,0.0015508773301322,0.3735976065818998,2.6766766766766765,0.0060185820711207,13.001,8.999,1.4447499999999995,0.4090454545454546,0.2408826611984507,0.0093488371832428,0.2571079365079364,0.2574540918690661,0.3212178172704489
graph_014_mu_0_2_node_615,26,0.3692307692307692,0.0017748489076323,0.3827586206896551,2.612612612612613,0.0095111413932623,17.005,8.995,1.8907976190476192,0.3459615384615384,0.4064836199507125,0.00920062167065,0.2091661263800798,0.2095122345176444,0.76806606167057
graph_014_mu_0_2_node_513,22,0.4631578947368421,0.0009095017717172,0.367684946632315,2.71971971971972,0.0104802152640849,17.003,4.997,3.403299999999999,0.2271363636363635,0.1336887229254229,0.0051931560904549,0.1281205128205128,0.128312816125711,0.4279789133613535
graph_014_mu_0_2_node_740,39,0.3913630229419703,0.0032903751849309,0.4064279902359642,2.4604604604604603,0.1191292372966024,27.052,11.948,2.2659545454545458,0.3063589743589742,0.2737402737853046,0.0125077248075626,0.1809061377603958,0.1813661740984141,0.6181863500968803
graph_014_mu_0_2_node_911,24,0.3593073593073593,0.0014161017127522,0.3643326039387308,2.744744744744745,0.0046333520356193,17.001,6.999,2.429142857142857,0.291625,0.4351125779857397,0.0071142598894371,0.1707038327526132,0.170973159750448,0.9946426024955436
graph_014_mu_0_2_node_456,23,0.4268774703557312,0.0010306713116513,0.3730395817774458,2.680680680680681,0.0082393507937948,16.02,6.98,2.2968857142857138,0.3034782608695652,0.1868434517129296,0.0072537764048214,0.1788988742964352,0.1791674499870295,0.4282676155506371
graph_014_mu_0_2_node_487,38,0.3968253968253968,0.0023334653084847,0.3970588235294117,2.5185185185185186,0.1147550405043684,26.032,11.968,2.17689595959596,0.3149473684210527,0.2739903337755142,0.0125294416009875,0.1869241184810214,0.1873848883650661,0.5721964632409174
graph_014_mu_0_2_node_630,16,0.2166666666666666,0.0009417262380353,0.3636694575900983,2.74974974974975,0.0077015217545327,9.0,7.0,1.2857142857142858,0.4375,0.2418298850574712,0.007208857894159,0.2800000000000001,0.280269199707726,0.3109241379310345
graph_014_mu_0_2_node_402,16,0.3,0.0009172366211322,0.3562767475035663,2.8068068068068066,0.0035359820796375,11.0,5.0,2.2,0.3125,0.1370976727387045,0.0051898695078789,0.1851851851851851,0.1853775150694026,0.30161488002515
graph_014_mu_0_2_node_412,19,0.3308823529411764,0.000953639507694,0.3616944243301955,2.764764764764765,0.008122407055762,13.004,5.996,2.169200000000001,0.315578947368421,0.3521745730550283,0.0060999887667226,0.1873560606060606,0.1875867293107037,0.7047362428842504
graph_014_mu_0_2_node_585,44,0.354239256678281,0.0032489911650607,0.4074225122349103,2.454454454454454,0.0431363084514365,32.044,11.956,2.6819999999999995,0.2717272727272726,0.2990478599074338,0.0124630007154674,0.1572369385000964,0.1576974597860409,0.7748312402601943
graph_014_mu_0_2_node_306,17,0.3142857142857143,0.0007567367144735,0.3566583363084613,2.803803803803804,0.0041193169263488,11.984,5.016,2.3909333333333325,0.2950588235294117,0.1814285714285713,0.0051595933497887,0.1730837438423646,0.1732767036008652,0.3960952380952382
graph_014_mu_0_2_node_664,21,0.2952380952380952,0.0014845470614939,0.3698630136986301,2.703703703703704,0.0086062927811576,13.0,8.0,1.625,0.3809523809523811,0.4973061497326203,0.0081317645892577,0.2352941176470588,0.2356018572993129,0.808122493315508
graph_014_mu_0_2_node_859,29,0.4074074074074074,0.0014824730884598,0.3812977099236641,2.6226226226226226,0.0139801118301455,22.001,6.999,3.14354761904762,0.2413448275862068,0.2783257613530391,0.0071809710691146,0.1372330316742081,0.1375024623510762,0.8350474594977139
graph_014_mu_0_2_node_533,21,0.3904761904761905,0.0013210563827827,0.367414490621552,2.7217217217217216,0.0060492198731053,14.0,7.0,2.0,0.3333333333333332,0.2024722399829497,0.0072518596437108,0.2,0.2002693032739584,0.4049444799658994
graph_014_mu_0_2_node_414,20,0.3137254901960784,0.0008998887937154,0.3619565217391304,2.7627627627627627,0.0047503400763455,14.789,5.211,2.8593333333333333,0.26055,0.1398620186830713,0.005413040421202,0.1499495798319327,0.1501500821166731,0.3687050808840282
graph_014_mu_0_2_node_580,28,0.4369230769230769,0.0015472490799037,0.3717901004838109,2.68968968968969,0.0106080390479988,22.004,5.996,3.670866666666666,0.2141428571428571,0.2709901108702672,0.0061327417751733,0.1199130015082956,0.1201438300453756,0.9488018660333574
graph_014_mu_0_2_node_126,24,0.2597402597402597,0.0015624896895668,0.3772658610271903,2.650650650650651,0.0109475788868925,17.0,7.0,2.4285714285714284,0.2916666666666667,0.1830365036657232,0.0072785212188109,0.1707317073170731,0.1710010727690299,0.4183691512359388
graph_014_mu_0_2_node_203,19,0.2647058823529412,0.0011042736525223,0.3613019891500904,2.767767767767768,0.004321409360752,12.001,6.999,1.7147380952380955,0.3683684210526314,0.2411950671005959,0.0072082387396003,0.2257681451612902,0.2260373685598543,0.3790835374995429
graph_014_mu_0_2_node_946,15,0.2476190476190476,0.0009057553597915,0.352878841398799,2.833833833833834,0.0034319685615301,9.972,5.028,1.986,0.3351999999999999,0.1624803198698834,0.0051886472513722,0.2014,0.201593391308007,0.2907527378693413
graph_014_mu_0_2_node_920,25,0.3596837944664031,0.001647644702457,0.3751408186256102,2.665665665665666,0.0083688968426494,17.004,7.996,2.126785714285714,0.31984,0.2139033125007826,0.0083099587780221,0.1903654485049834,0.190673129097281,0.4280025575412477
graph_014_mu_0_2_node_423,23,0.3238095238095238,0.0014015366423422,0.3664710198092443,2.7287287287287287,0.0068234916742216,15.003,7.997,1.876232142857143,0.3476956521739129,0.4956849297573435,0.0081312677351908,0.2104331983805667,0.210740870065089,0.8676421455938698
graph_014_mu_0_2_node_678,22,0.3842105263157894,0.0008909604272089,0.3668747704737422,2.725725725725726,0.0062937035701544,15.004,6.996,2.1453714285714285,0.318,0.2023852834612105,0.0072476667715934,0.189067221067221,0.1893363912534019,0.4050314364876385
graph_014_mu_0_2_node_32,23,0.2142857142857142,0.0017272451900377,0.3741573033707865,2.6726726726726726,0.0106198591703323,13.0,10.0,1.3000000000000005,0.4347826086956522,0.3609523809523808,0.0102865650480017,0.2777777777777778,0.2781624227504679,0.4331428571428571
graph_014_mu_0_2_node_451,27,0.4066666666666667,0.0012754918812809,0.3710995542347697,2.694694694694695,0.0065317822657556,20.007,6.993,2.8616428571428565,0.2589999999999999,0.3160903286818059,0.0071524548725666,0.1487686170212766,0.1490377754389764,0.8585241675957582
graph_014_mu_0_2_node_89,24,0.2681159420289855,0.0021612047379233,0.3778366111951589,2.6466466466466465,0.0071731083108525,14.002,9.998,1.4005333333333332,0.4165833333333333,0.4517390919748871,0.0102261611434262,0.2630931174089068,0.263477715119227,0.6325204430505567
graph_014_mu_0_2_node_389,24,0.463768115942029,0.0010097620155655,0.3731789316398954,2.67967967967968,0.0123816567215007,18.013,5.987,3.0123999999999995,0.2494583333333333,0.270830436546203,0.0061234535000964,0.1425176683781334,0.1427480796447333,0.8133692695657498
graph_014_mu_0_2_node_140,38,0.4025604551920341,0.002197807624018,0.4010437575270975,2.4934934934934936,0.035925942940272,27.046,10.954,2.471386363636363,0.288263157894737,0.2740187659383112,0.0114184698484877,0.1684221733782752,0.168843953454995,0.6749731275594784
graph_014_mu_0_2_node_139,34,0.3636363636363636,0.0022709104901518,0.3933070866141732,2.5425425425425425,0.0304419870485775,23.024,10.976,2.0985333333333327,0.3228235294117647,0.2743582739467244,0.0114420196746447,0.1924908999559096,0.1929133960883884,0.5746285021225883
graph_014_mu_0_2_node_172,23,0.1264822134387351,0.0023212039977457,0.3775510204081632,2.6486486486486487,0.0063923366679932,11.365,11.635,0.9960484515484512,0.5058695652173913,0.303894043464098,0.012098488209004,0.3403635822510821,0.3408110256130867,0.2975116114375642
graph_014_mu_0_2_node_559,35,0.2215909090909091,0.0033386676518096,0.3973747016706443,2.5165165165165164,0.0166746839189093,20.004,14.996,1.3340256410256406,0.4284571428571428,0.5963713475889463,0.0153858513720962,0.2726371610845294,0.2732141746762211,0.7555818491583962
graph_014_mu_0_2_node_293,25,0.23,0.0021386657659997,0.3784090909090909,2.6426426426426426,0.0063725618434318,15.001,9.999,1.5002777777777778,0.3999600000000001,0.2676493506493506,0.010387714697535,0.2499695121951219,0.2503541779271685,0.4015178856231487
graph_014_mu_0_2_node_376,18,0.275,0.0007491409486426,0.3569131832797427,2.8018018018018016,0.0059877835119332,13.007,4.993,2.6063000000000005,0.2773888888888888,0.2725939724589599,0.0050976523423286,0.1610362903225806,0.1612283806250471,0.6549810894570594
graph_014_mu_0_2_node_761,15,0.4,0.0006294431426683,0.3521325343672893,2.83983983983984,0.0043682573366733,11.0,4.0,2.75,0.2666666666666666,0.2348690702087286,0.0040694111557992,0.1538461538461538,0.1540000236722809,0.6458899430740039
graph_014_mu_0_2_node_641,31,0.3522167487684729,0.0020232822558184,0.3872093023255814,2.5825825825825826,0.022624826879577,20.037,10.963,1.8296737373737368,0.3536451612903226,0.3347312497111547,0.0113415946026826,0.2148362645493612,0.2152581632909493,0.5799329900766472
graph_014_mu_0_2_node_54,40,0.4381223328591749,0.0022635369727124,0.392688679245283,2.5465465465465464,0.0237998390256697,31.006,8.994,3.447777777777777,0.22485,0.2743041134527778,0.0093052681329292,0.1266666666666667,0.1270131096213843,0.914759398271365
graph_014_mu_0_2_node_101,30,0.4528735632183908,0.0012060608756201,0.3878105590062112,2.578578578578578,0.0332745597179635,23.011,6.989,3.293571428571428,0.2329666666666667,0.1746669332160024,0.0072857975725432,0.1318448637316562,0.1321139304351631,0.5745230593007107
graph_014_mu_0_2_node_601,21,0.2,0.0018257163163762,0.3734579439252336,2.6776776776776776,0.0077783849261011,11.0,10.0,1.1,0.4761904761904762,0.524688995215311,0.0101954705959747,0.3125,0.3128845858010923,0.5771578947368423
graph_014_mu_0_2_node_596,20,0.2875816993464052,0.001108332379944,0.3664710198092443,2.7287287287287287,0.0095213450644007,14.003,5.997,2.335333333333333,0.2998499999999999,0.1725503564199204,0.0062216592939412,0.1763697478991596,0.1766004728041882,0.3740257722431608
graph_014_mu_0_2_node_321,39,0.3138138138138138,0.0025338570010072,0.3959571938168846,2.5255255255255253,0.0338587252635313,26.021,12.979,2.005719696969697,0.3327948717948717,0.3243466292666819,0.0135303060189919,0.1996229720960415,0.2001226458989839,0.6246628080907569
graph_014_mu_0_2_node_253,20,0.3725490196078431,0.0009592212953495,0.3632727272727272,2.7527527527527527,0.0090090621377442,14.001,5.999,2.334,0.2999499999999999,0.3734612068965517,0.0060977960704244,0.1764369747899159,0.1766677765972862,0.8092205459770115
graph_014_mu_0_2_node_919,51,0.3988095238095238,0.0043332276823646,0.4126394052044609,2.4234234234234235,0.1531925935682247,37.034,13.966,2.652384615384616,0.2738431372549019,0.3196670311114412,0.0146214819682138,0.1586481103166496,0.1591862181650081,0.8238286405323856
graph_014_mu_0_2_node_608,38,0.392063492063492,0.0018842906075868,0.3994402239104358,2.503503503503504,0.0402729827752346,28.038,9.962,2.8166777777777776,0.2621578947368421,0.2492000013211763,0.0103843235805479,0.1508650863330407,0.1512487138026005,0.6748355034742245
graph_014_mu_0_2_node_141,47,0.3626262626262626,0.0039672778938274,0.4133223003723624,2.41941941941942,0.0463835882042798,33.034,13.966,2.36639652014652,0.2971489361702129,0.3491589187351584,0.0145587113042275,0.1745106820234868,0.175048623959455,0.7996419791185834
graph_014_mu_0_2_node_45,28,0.3138461538461538,0.00216947912671,0.3808616088448341,2.625625625625626,0.0091181845746156,18.0,10.0,1.8000000000000005,0.357142857142857,0.3976332931609833,0.0102600450207166,0.2173913043478261,0.2177760973292022,0.6759765983736712
graph_014_mu_0_2_node_579,46,0.4879227053140096,0.002257860830726,0.4112803622890078,2.431431431431432,0.154329163487139,37.027,8.973,4.128543650793652,0.1950652173913043,0.2054411549438798,0.0093938929154178,0.1080777631534541,0.1084235577792156,0.8464915296351078
graph_014_mu_0_2_node_383,20,0.1503267973856209,0.0016874034771257,0.3698630136986301,2.703703703703704,0.0085530488072041,10.007,9.993,1.0015555555555558,0.49965,0.3551162625315619,0.0102832046624102,0.3330322580645161,0.3334165453768124,0.3199740807228502
graph_014_mu_0_2_node_667,24,0.2294372294372294,0.0018450470678106,0.3742974896965155,2.6716716716716715,0.012841216451807,14.221,9.779,1.4592666666666665,0.4074583333333333,0.2686211546409232,0.0101495264332399,0.2560080971659919,0.2563842792097184,0.3620281399571177
graph_014_mu_0_2_node_347,21,0.319047619047619,0.0014612062820023,0.3651315789473684,2.7387387387387387,0.0042268060075266,13.995,7.005,1.99825,0.3335714285714286,0.2192613926426426,0.0072366007646772,0.2001784313725491,0.2004479268195255,0.406804247997998
graph_014_mu_0_2_node_638,20,0.2810457516339869,0.0012389129652953,0.3656661786237188,2.734734734734735,0.0051776038714787,13.785,6.215,2.230952380952381,0.3107499999999998,0.1700196998946999,0.0064511264223016,0.1841354723707664,0.1843745777229037,0.349049215263501
graph_014_mu_0_2_node_35,22,0.2510822510822511,0.0013628269772193,0.3667400881057269,2.7267267267267266,0.0063819131339855,14.001,7.999,1.750392857142857,0.3635909090909091,0.2185349245349245,0.0083032769068886,0.2221891891891892,0.2224969140798551,0.3824718322218322
graph_014_mu_0_2_node_809,36,0.4081996434937611,0.0017705475094228,0.3969010727056019,2.51951951951952,0.0381396267805682,27.031,8.969,3.016785714285714,0.2491388888888888,0.2242950934909784,0.0093494996968445,0.1423085164835164,0.1426538908365871,0.6497925461803468
graph_014_mu_0_2_node_444,34,0.3891129032258064,0.0018973863393878,0.3970588235294117,2.5185185185185186,0.1010032012723424,23.05,10.95,2.107325252525252,0.3220588235294118,0.2508991466183454,0.0114628815982722,0.1919637843879131,0.1923852807701918,0.5038079966665802
graph_014_mu_0_2_node_429,30,0.4074074074074074,0.0017844652913015,0.379703534777651,2.6336336336336337,0.0116283061307885,22.029,7.971,2.7669642857142858,0.2657,0.2134647066762136,0.0082833643267553,0.1532212546363489,0.1535280920217894,0.5621715529579062
graph_014_mu_0_2_node_125,51,0.3835034013605442,0.0038951065741644,0.4160766347355268,2.4034034034034035,0.0508068934169511,38.017,12.983,2.9286940559440544,0.2545686274509803,0.3244030042819348,0.0135345958120877,0.1458512161995308,0.1463515061056884,0.9242936238199584
graph_014_mu_0_2_node_675,21,0.3216374269005848,0.001033907898294,0.3638018936635105,2.7487487487487487,0.0095939413966007,14.01,6.99,2.005,0.3328571428571428,0.4336035121328225,0.0071069888265033,0.1996666666666667,0.1999355854881086,0.8057847381864622
graph_014_mu_0_2_node_844,42,0.3512820512820512,0.0031006633182354,0.4028225806451613,2.4824824824824825,0.0291432237484404,29.037,12.963,2.241122377622377,0.308642857142857,0.3957112537233611,0.013410887831014,0.182494211846421,0.1829933858404765,0.8543298739866351
graph_014_mu_0_2_node_13,48,0.4164251207729468,0.0032945182488117,0.4179916317991631,2.3923923923923924,0.1480623908912975,35.058,12.942,2.710713286713287,0.269625,0.2965126796312619,0.0135483298595351,0.15583112281057,0.1563297196492334,0.7783732517139353
graph_014_mu_0_2_node_283,22,0.3105263157894737,0.0013771174077557,0.3705489614243323,2.6986986986986987,0.0099766138557785,14.0,8.0,1.75,0.3636363636363636,0.4697381404174573,0.0081388223115985,0.2222222222222223,0.2225299855522213,0.7633244781783682
graph_014_mu_0_2_node_802,22,0.1526315789473684,0.001530642095924,0.3712374581939799,2.6936936936936937,0.0070327742585975,12.9,9.1,1.4222222222222216,0.4136363636363637,0.2651022983476857,0.0094391761450716,0.2609523809523809,0.2613024164599997,0.3390081596483514
graph_014_mu_0_2_node_146,28,0.4629629629629629,0.0015068067488836,0.3882627283326856,2.575575575575576,0.0919297050657903,20.018,7.982,2.51,0.2850714285714285,0.1827185667222716,0.0083565044038992,0.1662438095238095,0.1665510227162288,0.4576390093982714
graph_014_mu_0_2_node_727,29,0.3219373219373219,0.0022803461820419,0.3849710982658959,2.5975975975975976,0.0144125652818896,19.001,9.999,1.9003222222222216,0.3447931034482759,0.4511728147294683,0.0102276141751006,0.2083086734693877,0.2086934576238993,0.8121569681523877
graph_014_mu_0_2_node_470,24,0.3333333333333333,0.0014134977695592,0.3716517857142857,2.690690690690691,0.0064148448514656,16.001,7.999,2.0004285714285714,0.3332916666666666,0.2501226494181902,0.0082637488718298,0.1999707317073171,0.2002785039584942,0.4690332083998474
graph_014_mu_0_2_node_178,21,0.2982456140350877,0.0010004719740101,0.3628768616055212,2.755755755755756,0.0058057057858936,15.002,5.998,2.50175,0.2856190476190475,0.1638756831971118,0.0062261432742779,0.1666052631578947,0.1668360442630754,0.3825126485483628
graph_014_mu_0_2_node_166,23,0.1343873517786561,0.0022251456086367,0.3857142857142857,2.592592592592593,0.010439046880051,10.002,12.998,0.7695256410256414,0.5651304347826086,0.3551160519981949,0.0134924172992327,0.3938573975044562,0.3943571861293958,0.2732305295091009
graph_014_mu_0_2_node_680,32,0.4838709677419355,0.0014206033657673,0.3884136858475894,2.5745745745745747,0.1061390466336365,25.028,6.972,3.593066666666666,0.217875,0.1596610772723872,0.007298969996861,0.122265629005301,0.1225340830185305,0.5721761525796619
graph_014_mu_0_2_node_86,43,0.4024390243902439,0.0028611090507064,0.4072564207093355,2.4554554554554557,0.1296189005688299,31.034,11.966,2.5948434343434346,0.2782790697674419,0.273968144144825,0.0125272566409181,0.1616377301977302,0.1620986007043325,0.6865682200359893
graph_014_mu_0_2_node_552,16,0.1538461538461538,0.0010130485442686,0.3684987089634821,2.7137137137137137,0.0102504414730595,8.0,8.0,1.0,0.5,0.4558379183540472,0.0081742994219584,0.3333333333333332,0.3336409546514908,0.3988581785597915
graph_014_mu_0_2_node_416,31,0.3522167487684729,0.0018030134166888,0.379703534777651,2.6336336336336337,0.010386964863153,22.004,8.996,2.446289682539682,0.2901935483870967,0.3577917056995214,0.0092298197625235,0.1697254558160219,0.1700717356368357,0.8351081737834282
graph_014_mu_0_2_node_481,40,0.4139402560455192,0.0025558025068096,0.4004008016032064,2.497497497497497,0.0234282440808794,30.004,9.996,3.001777777777778,0.2499,0.3048286484433556,0.0103420167262106,0.1427927565392353,0.1431777513073792,0.884234863280787
graph_014_mu_0_2_node_997,17,0.4117647058823529,0.0008931012518877,0.3596112311015119,2.780780780780781,0.0034977123341661,12.0,5.0,2.399999999999999,0.2941176470588235,0.1564560497997998,0.0051653383599144,0.1724137931034483,0.1726061377851178,0.3754945195195195
graph_014_mu_0_2_node_597,31,0.3152709359605911,0.0021799515127221,0.3875096974398759,2.5805805805805804,0.0238628402172757,20.008,10.992,1.820686868686868,0.3545806451612903,0.4372716224770816,0.0112775025142413,0.2155027746947836,0.2159257882916436,0.7556282570058679
graph_014_mu_0_2_node_461,16,0.2333333333333333,0.0010152455732642,0.3628768616055212,2.755755755755756,0.0041869039935429,9.0,7.0,1.2857142857142858,0.4375,0.1912359161109161,0.0072662873776495,0.2800000000000001,0.280269199707726,0.2458747492854636
graph_014_mu_0_2_node_75,29,0.4358974358974359,0.0014128483875144,0.3852680293096799,2.5955955955955954,0.0199619906980456,21.011,7.989,2.6308690476190475,0.2754827586206896,0.2437468966409671,0.0082652374267764,0.1597506787330316,0.1600581848401012,0.6099397271609814
graph_014_mu_0_2_node_165,41,0.5101214574898786,0.0017101291273232,0.3996,2.5025025025025025,0.1367970521311421,33.032,7.968,4.14842857142857,0.1943414634146341,0.1825326871158304,0.0083413608101695,0.1076353153153153,0.1079422973577317,0.7322638501992311
graph_014_mu_0_2_node_755,21,0.2865497076023391,0.0016977830640183,0.3675496688741722,2.720720720720721,0.0051416369022673,13.004,7.996,1.6265,0.3807619047619048,0.2502215715715716,0.0082603876894664,0.2351529411764706,0.2354605270832115,0.3756026276276276
graph_014_mu_0_2_node_305,21,0.4035087719298245,0.0008244497756182,0.3570407433881344,2.800800800800801,0.0047351245287882,17.004,3.996,4.257,0.1902857142857143,0.2098054226475278,0.0040739464568416,0.1051497975708501,0.1053035845699892,0.8395725677830939
graph_014_mu_0_2_node_990,28,0.2769230769230769,0.0022144500617151,0.378839590443686,2.63963963963964,0.0066549546892566,18.003,9.997,1.800933333333334,0.3570357142857142,0.472172388335179,0.0102158622666489,0.217313598519889,0.2176982761833177,0.8028549649317094
graph_014_mu_0_2_node_720,46,0.4357487922705314,0.0028989505476195,0.4128099173553719,2.4224224224224224,0.1472253414670782,34.056,11.944,2.854544444444445,0.2596521739130434,0.2736860301782026,0.0125033862342177,0.1492132365051896,0.1496733669335132,0.7783299877341181
graph_014_mu_0_2_node_320,18,0.2416666666666666,0.000648799345437,0.3644655235315578,2.743743743743744,0.0132725449366108,11.022,6.978,1.5827428571428577,0.3876666666666668,0.4334137292464878,0.0070941999544276,0.2404983314794215,0.2407667269060043,0.6200662835249043
graph_014_mu_0_2_node_774,25,0.1818181818181818,0.0022729604237172,0.374859287054409,2.667667667667668,0.0060469870526192,13.998,11.002,1.272348484848485,0.4400800000000001,0.3801517241379311,0.0113302357191027,0.2821187584345478,0.2825419610052587,0.4489793103448274
graph_014_mu_0_2_node_885,23,0.3399209486166007,0.0013668923682483,0.375281743050338,2.664664664664665,0.0094102549896716,14.006,8.994,1.5574722222222226,0.3910434782608695,0.4059591226704293,0.0091994675324011,0.2430469416785206,0.2433929315050321,0.6317041071272027
graph_014_mu_0_2_node_508,19,0.2748538011695906,0.0010466873334337,0.3628768616055212,2.755755755755756,0.0050077458951604,12.005,6.995,1.716547619047619,0.368157894736842,0.3304463680734998,0.007148102001625,0.2256149193548386,0.225883988996041,0.5667951027439398
graph_014_mu_0_2_node_445,17,0.2285714285714285,0.000928683514078,0.3664710198092443,2.7287287287287287,0.0066280097742043,10.009,6.991,1.43237619047619,0.4112352941176472,0.2485275851211043,0.0071938767926154,0.2588575989782886,0.2591264734831383,0.3199695460405058
graph_014_mu_0_2_node_563,34,0.3600713012477718,0.0025692271945442,0.3899297423887587,2.5645645645645647,0.0190566287906413,23.018,10.982,2.0968161616161605,0.323,0.3350718256927569,0.0113618060832688,0.1926157064197607,0.193038433223514,0.7013219489166801
graph_014_mu_0_2_node_311,20,0.4836601307189542,0.0006733401607098,0.3602596465921385,2.775775775775776,0.0125265953826176,15.002,4.998,3.0026666666666664,0.2499,0.3111975574712644,0.0050802582257075,0.1427953667953667,0.1429876789540785,0.8714841954022988
graph_014_mu_0_2_node_871,14,0.3516483516483517,0.0006772624121382,0.3517605633802816,2.8428428428428427,0.0034516866913083,10.0,4.0,2.5,0.2857142857142856,0.1381885057471264,0.0041193473680908,0.1666666666666666,0.1668205246557428,0.3454712643678162
graph_014_mu_0_2_node_231,24,0.2987012987012987,0.0015085300073905,0.3716517857142857,2.690690690690691,0.0061150025318603,15.421,8.579,1.807,0.3574583333333333,0.2475922847399829,0.0088884035451119,0.2178153846153847,0.218145449970092,0.417673646632566
graph_014_mu_0_2_node_672,20,0.2549019607843137,0.0013695720885758,0.364067055393586,2.7467467467467466,0.0041788185423593,12.0,8.0,1.5,0.4000000000000001,0.4973061497326203,0.0081317645892577,0.25,0.2503077159781521,0.683795955882353
graph_014_mu_0_2_node_536,22,0.3526315789473684,0.0013582738203028,0.3635371179039301,2.750750750750751,0.0051143391597498,15.0,7.0,2.142857142857143,0.3181818181818182,0.4110208728652752,0.0071214695226486,0.1891891891891892,0.1894585131859573,0.8220417457305504
graph_014_mu_0_2_node_909,25,0.3636363636363636,0.001306315612211,0.3717901004838109,2.68968968968969,0.0083854116499702,18.002,6.998,2.572857142857143,0.2799200000000001,0.2783048436742268,0.0071799218098603,0.1627390180878553,0.1630083273491513,0.6760150599121327
graph_014_mu_0_2_node_238,52,0.3738775510204081,0.0040751188901089,0.4171189979123173,2.397397397397397,0.1537810985548024,38.034,13.966,2.7240000000000006,0.268576923076923,0.3196737511194165,0.014621426127143,0.1551238095238095,0.1556619588417902,0.846691833957287
graph_014_mu_0_2_node_787,22,0.2294372294372294,0.0021425323313264,0.369179600886918,2.7087087087087087,0.0050318152094736,13.0,9.0,1.444444444444444,0.4090909090909091,0.4971849579831933,0.0091673924557742,0.2571428571428571,0.2574890509344484,0.7181560504201678
graph_014_mu_0_2_node_791,23,0.4,0.0012770679131325,0.3641997812613926,2.745745745745746,0.0120938858620663,17.001,5.999,2.8341000000000003,0.2608260869565217,0.187587357434013,0.0061975473832592,0.1499719512195121,0.1502028063175381,0.500300854391936
graph_014_mu_0_2_node_239,17,0.088235294117647,0.0013217009689479,0.3779795686719637,2.645645645645646,0.0099155798009817,6.787,10.213,0.6670818181818181,0.600764705882353,0.2792610026074311,0.010601174235985,0.429786231884058,0.4301788781658324,0.1851690793762222
graph_014_mu_0_2_node_457,23,0.2569169960474308,0.0016281450889676,0.376271186440678,2.6576576576576576,0.0174690077479225,13.024,9.976,1.30699126984127,0.4337391304347827,0.6192775223499362,0.0101424749359677,0.2769724380250695,0.2773561606933512,0.8060189655172414
graph_014_mu_0_2_node_335,18,0.3137254901960784,0.0008976165555853,0.3606498194945848,2.7727727727727727,0.0044938374834732,12.002,5.998,2.0012,0.3332222222222222,0.3314209243697478,0.0061094763264483,0.1999225806451613,0.2001533084938364,0.6629489915966386
graph_014_mu_0_2_node_551,17,0.2571428571428571,0.0007924271807498,0.3587073608617594,2.787787787787788,0.0039487220057538,11.0,6.0,1.8333333333333328,0.3529411764705881,0.1606001367053999,0.0062332650857532,0.2142857142857142,0.2145165012693284,0.2676668945089997
graph_014_mu_0_2_node_728,18,0.2679738562091503,0.0011701222777667,0.3579362235757793,2.793793793793794,0.0037334020451313,12.975,5.025,2.5865428571428573,0.2791666666666666,0.1782796066844466,0.0051712973670088,0.1622820912124583,0.162475411745451,0.4612796658723649
graph_014_mu_0_2_node_77,17,0.2794117647058823,0.0012582788278162,0.3660681568340051,2.731731731731732,0.0084098129702073,10.0,7.0,1.4285714285714282,0.411764705882353,0.2412194573444984,0.0072092814924679,0.2592592592592592,0.2595284796738588,0.344599224777855
graph_014_mu_0_2_node_561,33,0.3958333333333333,0.0018249900299853,0.3947056499407348,2.5335335335335336,0.0311089469516673,24.018,8.982,2.674916666666666,0.272181818181818,0.2244887920162372,0.0093634506030915,0.157535390199637,0.1578811848727187,0.59954367999748
graph_014_mu_0_2_node_804,30,0.2777777777777778,0.002292387277604,0.3842307692307692,2.6026026026026026,0.0209503566355708,18.01,11.99,1.5027272727272727,0.3996666666666667,0.6643663765506201,0.0122115470316574,0.2497539015606242,0.2502152332506148,0.9416184807256236
graph_014_mu_0_2_node_348,35,0.2784090909090909,0.0029171796050783,0.383493282149712,2.607607607607608,0.0096719685510879,22.005,12.995,1.69347027972028,0.3712857142857144,0.5872176604378737,0.0132914670492971,0.2279650250699805,0.2284651600312151,0.9488166808481722
graph_014_mu_0_2_node_176,21,0.2807017543859649,0.0012988037135431,0.3649981731823164,2.73973973973974,0.0056875572054086,14.0,7.0,2.0,0.3333333333333332,0.2418298850574712,0.007208857894159,0.2,0.2002693032739584,0.4491126436781608
graph_014_mu_0_2_node_819,49,0.2969472710453284,0.0047530713350636,0.411619283065513,2.4294294294294296,0.0491438386520751,32.032,16.968,1.8885946078431373,0.3462857142857144,0.4241082980239287,0.0176884339501695,0.2094111005902562,0.2100645474564876,0.774640464953889
graph_014_mu_0_2_node_593,20,0.2810457516339869,0.0011301913000817,0.3609104046242775,2.770770770770771,0.0050614967254085,13.986,6.014,2.326666666666667,0.3006999999999999,0.2135330425430917,0.006188878580913,0.1769696969696969,0.1772010754203792,0.4615573007113204
graph_014_mu_0_2_node_509,49,0.2710453283996299,0.0057813504404149,0.4159034138218151,2.4044044044044046,0.0301365338030912,30.047,18.953,1.5859509803921568,0.3867959183673468,0.5784458174704828,0.0196081228471868,0.2397836576027504,0.2405133805473019,0.8850169661900006
graph_014_mu_0_2_node_403,22,0.3333333333333333,0.0013112380500905,0.3766968325791855,2.6546546546546548,0.0116242430422991,14.004,7.996,1.7515714285714283,0.3634545454545454,0.4429587068160598,0.0081438574313789,0.2220900900900901,0.2223976996627563,0.7753746331866082
graph_014_mu_0_2_node_130,25,0.3633333333333333,0.0015312853453859,0.3684987089634821,2.7137137137137137,0.0055348576101497,19.005,5.995,3.170833333333333,0.2398000000000001,0.2832231327673187,0.0061261981927647,0.1362373737373736,0.1364681105123312,0.8973577498872075
graph_014_mu_0_2_node_745,28,0.4369230769230769,0.0015306885082547,0.3755639097744361,2.6626626626626626,0.010430043808617,21.002,6.998,3.0016,0.2499285714285714,0.3157996588352182,0.0071579454710262,0.1428123249299719,0.1430816963898066,0.9024112032294286
graph_014_mu_0_2_node_717,21,0.2809523809523809,0.001472244019325,0.3680913780397936,2.716716716716717,0.0049381679641389,12.013,8.987,1.337458333333333,0.427952380952381,0.424706792174234,0.0091835501627103,0.2722491978609624,0.2725948654281526,0.5669811492555678
graph_014_mu_0_2_node_80,19,0.3508771929824561,0.001126375395552,0.3610408384531984,2.76976976976977,0.0045549248034631,12.0,7.0,1.7142857142857142,0.3684210526315788,0.2188735219446201,0.0072317052099969,0.2258064516129031,0.2260757134508076,0.3752117519050631
graph_014_mu_0_2_node_92,16,0.425,0.0006132000088571,0.3561497326203208,2.807807807807808,0.0060995088207699,11.991,4.009,2.9928,0.2505625,0.1160396952259164,0.0041532366689609,0.1432380952380952,0.1433923229370678,0.3308373294970161
graph_014_mu_0_2_node_135,51,0.392156862745098,0.0040341639391116,0.4183417085427136,2.3903903903903903,0.1554893888743029,36.051,14.949,2.4126846153846144,0.2931176470588235,0.3423287022666625,0.0156499745645831,0.1717367211440245,0.1723126382640301,0.8239936125338938
graph_014_mu_0_2_node_87,16,0.275,0.0007989788731839,0.3615635179153094,2.765765765765766,0.0052068587536546,11.003,4.997,2.2023999999999995,0.3123125,0.2727578810484005,0.0051017181874523,0.185058201058201,0.1852504155977608,0.6002539419313826
graph_014_mu_0_2_node_26,22,0.2,0.0016026952559039,0.3710995542347697,2.694694694694695,0.0054364330916471,13.789,8.211,1.6855277777777775,0.3732272727272727,0.2201620870357711,0.0085296729640786,0.2295904761904762,0.2299063483478713,0.3419383914331282
graph_014_mu_0_2_node_521,20,0.2210526315789473,0.0015993150127403,0.3724832214765101,2.684684684684685,0.0144665469988198,11.016,8.984,1.2266666666666663,0.4492000000000001,0.2901974157404897,0.0092711290003614,0.2896774193548387,0.2900229450950167,0.3553644573958616
graph_014_mu_0_2_node_887,15,0.3076923076923077,0.0006704870961442,0.3438898450946643,2.907907907907908,0.0025030267504139,10.0,5.0,2.0,0.3333333333333332,0.2848986989712796,0.005108937138724,0.2,0.2001923150890418,0.5128176581483034
graph_014_mu_0_2_node_14,18,0.196078431372549,0.0016413053719715,0.3592233009708738,2.783783783783784,0.0032889569729827,9.007,8.993,1.00175,0.499611111111111,0.3195851918339613,0.0092541580550903,0.3329999999999999,0.3333458183603553,0.3197796362784057
graph_014_mu_0_2_node_420,19,0.4264705882352941,0.0007145590627099,0.3589651455264103,2.785785785785786,0.0041435810400295,14.0,5.0,2.7999999999999994,0.2631578947368421,0.3108163435828877,0.005082352868286,0.1515151515151515,0.1517075257985572,0.808122493315508
graph_014_mu_0_2_node_350,22,0.3,0.0012170464304885,0.3693160813308687,2.707707707707708,0.0063819343978147,15.0,7.0,2.142857142857143,0.3181818181818182,0.1830365036657232,0.0072785212188109,0.1891891891891892,0.1894585131859573,0.3660730073314464
graph_014_mu_0_2_node_814,25,0.1462450592885375,0.0022090501429347,0.3786959818043973,2.640640640640641,0.0075699495478406,13.999,11.001,1.272537878787879,0.4400400000000001,0.2876460328540184,0.0114387377721139,0.2820850202429149,0.2825081844009095,0.33990769399989
graph_014_mu_0_2_node_57,19,0.3161764705882353,0.0009792937781079,0.3609104046242775,2.770770770770771,0.007148367435224,13.004,5.996,2.169200000000001,0.315578947368421,0.3147432216905902,0.0061130405760365,0.1873560606060606,0.1875867293107037,0.6296969696969698
graph_014_mu_0_2_node_117,23,0.2095238095238095,0.0015122482120708,0.3726221559119731,2.683683683683684,0.0132862988687979,14.002,8.998,1.5561944444444449,0.3912173913043478,0.235296283933852,0.0093559823077834,0.2431778093883357,0.2435239529485097,0.339961299015564
graph_014_mu_0_2_node_468,19,0.2631578947368421,0.0012388080148894,0.367820324005891,2.7187187187187187,0.0050833177909348,12.0,7.0,1.7142857142857142,0.3684210526315788,0.2013701526653456,0.0072623140684528,0.2258064516129031,0.2260757134508076,0.3452059759977355
graph_014_mu_0_2_node_292,17,0.3619047619047619,0.0005947556462481,0.3523809523809524,2.8378378378378377,0.0037075673303196,13.211,3.789,3.548916666666666,0.2228823529411764,0.1042678817807072,0.0039323326510482,0.1256193548387096,0.125765133273204,0.3344446709831474
graph_014_mu_0_2_node_209,22,0.1904761904761904,0.0017681415080194,0.3698630136986301,2.703703703703704,0.0057769345423725,12.211,9.789,1.2515777777777777,0.4449545454545453,0.268184701219706,0.0101610512233175,0.2863159663865546,0.2866924748150419,0.3290344145728909
graph_014_mu_0_2_node_724,20,0.1210526315789473,0.0017711564550402,0.3690432212781677,2.70970970970971,0.0057215641629115,10.104,9.896,1.0418181818181818,0.4948000000000001,0.3055255355276907,0.0102293786620239,0.3302463054187192,0.3306268622791609,0.3125883620689654
graph_014_mu_0_2_node_432,23,0.3333333333333333,0.0015232016709815,0.3656661786237188,2.734734734734735,0.0064313706804728,15.005,7.995,1.8770535714285717,0.3476086956521738,0.4978670977011494,0.0081265580878926,0.2103711201079621,0.2106787149079072,0.8715538793103449
graph_014_mu_0_2_node_406,16,0.225,0.0012533055117437,0.3571683947086164,2.7997997997998,0.0039465765615381,8.001,7.999,1.0002857142857142,0.4999375,0.2756549895783816,0.0082381360956672,0.3332799999999999,0.333587582896547,0.275679379822284
graph_014_mu_0_2_node_137,22,0.2789473684210526,0.0017296535304649,0.3668747704737422,2.725725725725726,0.004822772088748,14.0,8.0,1.75,0.3636363636363636,0.2842485655808051,0.0082323728585589,0.2222222222222223,0.2225299855522213,0.4619039190688084
graph_014_mu_0_2_node_36,23,0.2964426877470356,0.0015852737680028,0.3715135738192636,2.6916916916916915,0.0101541109286438,16.004,6.996,2.2879047619047617,0.3041739130434782,0.3305010951150485,0.0071490436273067,0.1793692307692307,0.1796384216873393,0.7555876379147699
graph_014_mu_0_2_node_274,27,0.43,0.0013064701127859,0.373877245508982,2.674674674674675,0.0090743668562467,20.965,6.035,3.477757142857143,0.2235185185185185,0.1613124108054049,0.0062724029381401,0.1258387429439861,0.1260710538023774,0.534085615073461
graph_014_mu_0_2_node_768,32,0.5471264367816092,0.0010644854708924,0.3852680293096799,2.5955955955955954,0.0250870256068718,27.013,4.987,5.420800000000001,0.15584375,0.1522527896047781,0.0051591965344301,0.0845107344632768,0.0847028009377148,0.7929002581759508
graph_014_mu_0_2_node_496,24,0.1956521739130435,0.0021470332978235,0.3855654187572366,2.5935935935935936,0.0123260574255664,14.571,9.429,1.5626424242424246,0.392875,0.2580632928847214,0.0097870703607196,0.2450386256702046,0.2454013562359074,0.397602705209848
graph_014_mu_0_2_node_980,26,0.3152173913043478,0.0014947792243937,0.3726221559119731,2.683683683683684,0.0093036004718943,17.001,8.999,1.88925,0.3461153846153846,0.4060524302120252,0.0092047519020103,0.2092748414376321,0.2096211033531955,0.7219205902182034
graph_014_mu_0_2_node_475,18,0.2222222222222222,0.001270474186037,0.3651315789473684,2.7387387387387387,0.0037935960265729,11.576,6.424,1.841,0.3568888888888888,0.1726923672818409,0.0066726916760092,0.2181714285714285,0.2184185284577761,0.3091080428343586
graph_014_mu_0_2_node_792,33,0.3219696969696969,0.0028325905613394,0.3942383583267561,2.5365365365365364,0.0160331053642653,21.991,11.009,1.9985166666666667,0.3336060606060605,0.294619769191382,0.01144104826753,0.2002118629908104,0.2006355951054726,0.5880008021164095
graph_014_mu_0_2_node_662,25,0.3952569169960474,0.0014841625701919,0.3709617526921648,2.695695695695696,0.0074361807255914,18.0,7.0,2.571428571428572,0.2800000000000001,0.3876515172735763,0.0071295839454858,0.1627906976744186,0.1630600838587557,0.9414393990929708
graph_014_mu_0_2_node_515,27,0.3988603988603988,0.0014936938305191,0.3744377811094452,2.670670670670671,0.0114308419117352,19.002,7.998,2.376125,0.2962222222222221,0.3613641877516034,0.0081809138555545,0.1738641304347825,0.1741719352910705,0.8583247673386292
graph_014_mu_0_2_node_545,22,0.2736842105263158,0.0014606877304965,0.37,2.702702702702702,0.0054284890672465,14.005,7.995,1.7519642857142856,0.3634090909090909,0.4418464705882354,0.0081435167552169,0.2220570570570571,0.22236462819039,0.7182517647058821
graph_014_mu_0_2_node_535,19,0.3157894736842105,0.0010172173829335,0.3593525179856115,2.7827827827827827,0.0068434898870313,12.014,6.986,1.721885714285715,0.3676842105263156,0.2483286059943155,0.0071888034296622,0.2252864125122188,0.2255551361372418,0.4267617372600966
graph_014_mu_0_2_node_604,19,0.1520467836257309,0.0013342247279553,0.3812977099236641,2.6226226226226226,0.0207119837398118,8.011,10.989,0.7295613636363636,0.5783684210526319,0.3162400321555334,0.0114005607546478,0.406884656084656,0.4073071640863036,0.2303164886644104
graph_014_mu_0_2_node_858,49,0.4227567067530065,0.0030447790536049,0.4069246435845214,2.457457457457457,0.0461989480384752,38.018,10.982,3.463256565656565,0.2241224489795918,0.2744231539204811,0.0114485614144677,0.126208387634579,0.1266316031417429,0.924325609057336
graph_014_mu_0_2_node_683,17,0.238095238095238,0.0006976346499889,0.3620877129394708,2.7617617617617616,0.0046946314057003,11.001,5.999,1.8338999999999996,0.3528823529411763,0.1605825928457507,0.0062322046403662,0.214243842364532,0.2144745909058441,0.2676844383686488
graph_014_mu_0_2_node_567,16,0.3296703296703296,0.0007179162776189,0.3518844663613948,2.8418418418418416,0.005881090526633,11.0,5.0,2.2,0.3125,0.1722996123889275,0.0051494867803342,0.1851851851851851,0.1853775150694026,0.344599224777855
graph_014_mu_0_2_node_202,27,0.2393162393162393,0.002519341849172,0.3861615771163509,2.5895895895895897,0.0133956129304763,15.409,11.591,1.3339108391608392,0.4292962962962963,0.3347870020537858,0.0120087833417436,0.2734967182562191,0.2739426144483757,0.4302172072386267
graph_014_mu_0_2_node_926,20,0.5098039215686274,0.0004877696587833,0.3618254255704455,2.763763763763764,0.0068382961430387,16.007,3.993,4.011666666666667,0.19965,0.180340327611422,0.0040840875790754,0.1109009009009009,0.1110545606571028,0.6769191679155517
graph_014_mu_0_2_node_797,30,0.225287356321839,0.0031562686874111,0.3909980430528376,2.557557557557557,0.0177710782913819,15.0,15.0,1.0,0.5,0.4338690856777493,0.0155396992365233,0.3333333333333332,0.3339102786004589,0.4338690856777493
graph_014_mu_0_2_node_850,20,0.4,0.0009796510440881,0.3684987089634821,2.7137137137137137,0.0098617374973063,14.0,6.0,2.333333333333333,0.2999999999999999,0.3523036053130928,0.0061041167336988,0.176470588235294,0.1767014284938352,0.8220417457305504
graph_014_mu_0_2_node_915,19,0.3970588235294117,0.0007696030906943,0.3603896103896103,2.774774774774775,0.0062523056905472,14.0,5.0,2.7999999999999994,0.2631578947368421,0.3098470625798212,0.0050840080174567,0.1515151515151515,0.1517075257985572,0.8056023627075352
graph_014_mu_0_2_node_516,22,0.1471861471861472,0.0024888279803221,0.3826120260436614,2.6136136136136137,0.0107878912966145,9.002,12.998,0.6925897435897436,0.590818181818182,0.447932862836874,0.0133865746579721,0.4192661290322579,0.4197658792252141,0.3101636925439719
graph_014_mu_0_2_node_395,24,0.3463203463203463,0.0013923270983539,0.3679558011049724,2.7177177177177176,0.0071693524570593,16.004,7.996,2.001714285714286,0.3331666666666666,0.4696091081593928,0.0081346943446222,0.1998829268292683,0.2001905837447121,0.8808880455407972
graph_014_mu_0_2_node_33,21,0.3157894736842105,0.0009003275657473,0.3603896103896103,2.774774774774775,0.0043592373618821,15.422,5.578,2.86925,0.2656190476190476,0.1536966944659326,0.0057887174989448,0.1537105263157894,0.1539251548224906,0.3946939964888856
graph_014_mu_0_2_node_438,14,0.2747252747252747,0.0006952143683819,0.348326359832636,2.870870870870871,0.0026154189632862,9.0,5.0,1.8000000000000005,0.357142857142857,0.2848986989712796,0.005108937138724,0.2173913043478261,0.2175836046439685,0.5128176581483034
graph_014_mu_0_2_node_541,35,0.4090909090909091,0.0019794319504774,0.3928430987023201,2.5455455455455454,0.024524670318937,26.009,8.991,2.8934027777777773,0.2568857142857142,0.2742577313526948,0.0093020518526386,0.1473749926552676,0.1477211867982372,0.7623617404068143
graph_014_mu_0_2_node_353,28,0.3571428571428571,0.0021850781510766,0.3779795686719637,2.645645645645646,0.0071278366824434,19.004,8.996,2.113055555555555,0.3212857142857143,0.4065204934832412,0.0092012312434439,0.19139304964539,0.1917392494915535,0.8584091689321799
graph_014_mu_0_2_node_726,28,0.3476923076923077,0.0019338763578986,0.3754227733934611,2.663663663663664,0.0071749388989061,19.001,8.999,2.1115,0.3213928571428571,0.4065788071160229,0.0092043947262921,0.1914645390070921,0.1918108542244759,0.8132131697876016
graph_014_mu_0_2_node_296,19,0.327485380116959,0.0013444754880749,0.3643326039387308,2.744744744744745,0.0045183159222817,12.001,6.999,1.7147380952380955,0.3683684210526314,0.2190199512012011,0.0072304166214278,0.2257681451612902,0.2260373685598543,0.3754945195195195
graph_014_mu_0_2_node_411,24,0.2554112554112554,0.001480039010516,0.3798479087452471,2.6326326326326326,0.0168847184893191,14.018,9.982,1.4053999999999998,0.4159166666666667,0.6193960408684548,0.0101488330947114,0.2625894736842105,0.2629734564747082,0.8059004469987229
graph_014_mu_0_2_node_82,28,0.3815384615384615,0.0016487158571461,0.3724832214765101,2.684684684684685,0.0087052481514368,20.011,7.989,2.5055,0.2853214285714285,0.360678585691604,0.0081714634300827,0.1664047619047618,0.1667122443499853,0.8575322763730429
graph_014_mu_0_2_node_255,26,0.4276923076923077,0.0015194643780431,0.3824655436447167,2.6146146146146148,0.0150856591420202,18.015,7.985,2.256964285714286,0.3071153846153845,0.243640600126675,0.008261153522688,0.1814242424242424,0.1817315237343059,0.548997700618713
graph_014_mu_0_2_node_345,24,0.4199134199134199,0.0011693155840036,0.3659340659340659,2.7327327327327327,0.0056705115666297,18.001,5.999,3.0008000000000004,0.2499583333333333,0.2710436071606161,0.006135918554553,0.1428305647840531,0.1430614376511,0.7680384472387675
graph_014_mu_0_2_node_510,20,0.2789473684210526,0.0013964916804564,0.3682270549207519,2.715715715715716,0.0056234037718854,12.991,7.009,1.85436507936508,0.3504499999999999,0.2192550440875274,0.0072409639145804,0.2124741245471794,0.2127437529579836,0.3750123929500115
graph_014_mu_0_2_node_908,31,0.4516129032258064,0.001620191899334,0.3896255850234009,2.5665665665665665,0.0302967559170588,23.014,7.986,2.88275,0.2576129032258063,0.1995674478286427,0.0083252625593622,0.1478558922558922,0.1481633303263975,0.5744986632125851
graph_014_mu_0_2_node_618,21,0.1523809523809524,0.0016478022112926,0.3774083868530412,2.6496496496496498,0.0067086756250318,11.002,9.998,1.1004666666666665,0.4760952380952381,0.2676305308726361,0.0103866587408057,0.3124204545454546,0.3128049635092652,0.2944524037366143
graph_014_mu_0_2_node_606,26,0.4347826086956521,0.0011521448535719,0.3706864564007421,2.6976976976976976,0.0083638909225107,19.963,6.037,3.310676190476191,0.2321923076923077,0.1613205913078195,0.0062746435284765,0.1313653201767909,0.1315976900715195,0.5073313566526284
graph_014_mu_0_2_node_962,18,0.2333333333333333,0.0009988358247503,0.3636694575900983,2.74974974974975,0.0074278926923379,11.0,7.0,1.5714285714285718,0.388888888888889,0.1873668261562998,0.0072721426000455,0.2413793103448275,0.2416485514694862,0.2676668945089997
graph_014_mu_0_2_node_362,20,0.3052631578947368,0.001245177264277,0.3659340659340659,2.7327327327327327,0.0049453402581295,13.0,7.0,1.8571428571428577,0.3499999999999999,0.3672822966507175,0.0071368294171823,0.212121212121212,0.2123904946755495,0.6820956937799043
graph_014_mu_0_2_node_540,28,0.3169230769230769,0.0020533205227514,0.3879611650485436,2.5775775775775776,0.0138363436225462,18.005,9.995,1.801555555555556,0.3569642857142857,0.3975356456630667,0.0102547728650023,0.2172617946345976,0.2176463954193947,0.6760742458715877
graph_014_mu_0_2_node_485,17,0.2352941176470588,0.0010346856548263,0.3662023460410557,2.730730730730731,0.0082520100382961,10.002,6.998,1.429380952380952,0.4116470588235295,0.3866636974789917,0.007128075488201,0.2591693121693121,0.2594384557170497,0.5524277310924368
graph_014_mu_0_2_node_196,26,0.2065217391304347,0.0027569095129493,0.378839590443686,2.63963963963964,0.0084421265518624,14.994,11.006,1.3624545454545454,0.4233076923076924,0.344444751001001,0.0113699285350612,0.2684829268292684,0.2689063156229465,0.437835497997998
graph_014_mu_0_2_node_426,16,0.4083333333333333,0.0005971905260321,0.3523809523809524,2.8378378378378377,0.00372871139095,12.001,3.999,3.001333333333333,0.2499375,0.2098452950558213,0.0040771541122265,0.1428177339901477,0.1429715771980524,0.6296267942583732
graph_014_mu_0_2_node_692,22,0.1894736842105263,0.0017520395526255,0.3719285182427401,2.6886886886886887,0.0058488933668103,13.003,8.997,1.4453611111111109,0.4089545454545455,0.4971249579831933,0.0091642345610374,0.2570380952380952,0.2573841737383017,0.6629732773109243
graph_014_mu_0_2_node_725,20,0.4,0.0009124426605255,0.3626134301270417,2.7577577577577577,0.0061258227639142,14.0,6.0,2.333333333333333,0.2999999999999999,0.1876058759525315,0.0061986044657116,0.176470588235294,0.1767014284938352,0.4377470438892403
graph_014_mu_0_2_node_644,18,0.3916666666666666,0.0007144967588333,0.3536283185840708,2.827827827827828,0.0038361068889004,13.0,5.0,2.600000000000001,0.2777777777777778,0.1804761904761904,0.0051432825240008,0.1612903225806451,0.161482682062044,0.4331428571428571
graph_014_mu_0_2_node_625,16,0.0833333333333333,0.0012492910508518,0.3697261287934863,2.704704704704705,0.0103377340044226,5.22,10.78,0.4866101010101008,0.67375,0.5939270183546232,0.0110027129957027,0.5085834744965179,0.5089978605533392,0.2730741603674567
graph_014_mu_0_2_node_114,23,0.2371541501976284,0.0017994133559048,0.3776937618147448,2.647647647647648,0.0079225253200439,13.002,9.998,1.3005111111111114,0.4346956521739131,0.3975901113428013,0.0102579451529918,0.2777087087087087,0.2780932768323075,0.5169664629274598
graph_014_mu_0_2_node_824,16,0.3736263736263736,0.000613833232625,0.3511423550087873,2.847847847847848,0.0036027556538844,12.316,3.684,3.4213333333333336,0.23025,0.2191411813992458,0.0037593488811037,0.1304039408866994,0.1305456701096929,0.635554915514593
graph_014_mu_0_2_node_677,15,0.3904761904761905,0.0004427600136714,0.3575518969219756,2.7967967967967966,0.0127388888610204,12.0,3.0,4.0,0.2,0.0819582497618212,0.0031141231618498,0.1111111111111111,0.1112265267999503,0.3278329990472848
graph_014_mu_0_2_node_147,26,0.2934782608695652,0.0017579051076623,0.3742974896965155,2.6716716716716715,0.0072622082381437,18.003,7.997,2.251392857142857,0.3075769230769229,0.3777402034371027,0.0081720146720261,0.1817393939393939,0.1820471366633476,0.8028406792174236
graph_014_mu_0_2_node_74,19,0.3014705882352941,0.0010866965619865,0.3618254255704455,2.763763763763764,0.0046781312658248,12.005,6.995,1.716547619047619,0.368157894736842,0.4356206896551724,0.0071100818143009,0.2256149193548386,0.225883988996041,0.6848146551724137
graph_014_mu_0_2_node_790,40,0.3627311522048364,0.0030627635318988,0.4007220216606498,2.4954954954954958,0.0263528026095846,28.02,11.98,2.33939393939394,0.2994999999999999,0.3655447689730447,0.0123942224685214,0.1761295822676896,0.1765908847481238,0.8235187427510982
graph_014_mu_0_2_node_557,20,0.1736842105263158,0.0016589625311274,0.3765548435733132,2.655655655655656,0.0103257990874814,10.214,9.786,1.0475555555555556,0.4893,0.2615844155844155,0.0101669454456777,0.3241290322580645,0.3245053675227247,0.2676844383686488
graph_014_mu_0_2_node_261,21,0.3523809523809524,0.0012938374331368,0.3632727272727272,2.7527527527527527,0.0049610760551341,14.0,7.0,2.0,0.3333333333333332,0.4110208728652752,0.0071214695226486,0.2,0.2002693032739584,0.8220417457305504
graph_014_mu_0_2_node_880,22,0.3,0.0013842057145701,0.3693160813308687,2.707707707707708,0.0061866080043256,14.0,8.0,1.75,0.3636363636363636,0.4697381404174573,0.0081388223115985,0.2222222222222223,0.2225299855522213,0.7633244781783682
graph_014_mu_0_2_node_721,17,0.3161764705882353,0.0008995273033859,0.3611713665943601,2.7687687687687688,0.0056401420039859,11.0,6.0,1.8333333333333328,0.3529411764705881,0.3314566386554621,0.0061115949705161,0.2142857142857142,0.2145165012693284,0.6076705042016805
graph_014_mu_0_2_node_381,18,0.1666666666666666,0.0011003229539269,0.364067055393586,2.7467467467467466,0.0053426501842502,10.0,8.0,1.25,0.4444444444444446,0.2763770114942529,0.0082386947361817,0.2857142857142856,0.2860219543551595,0.3109241379310345
graph_014_mu_0_2_node_905,19,0.3801169590643274,0.0010178946349883,0.3634048744998181,2.751751751751752,0.005601713001304,13.0,6.0,2.166666666666667,0.3157894736842105,0.3322727290916366,0.0061110719532736,0.1875,0.1877308224974994,0.7199242463652127
graph_014_mu_0_2_node_41,25,0.2533333333333333,0.0022688554597399,0.374859287054409,2.667667667667668,0.0064500067034605,14.002,10.998,1.2731818181818182,0.4399200000000002,0.3438795897839423,0.0113620442036499,0.2819871794871794,0.2824102283892922,0.4378115600182725
graph_014_mu_0_2_node_581,23,0.1976284584980237,0.002171246080151,0.3761295180722891,2.6586586586586587,0.0089680464204523,13.004,9.996,1.3010222222222223,0.4346086956521739,0.5246188197767144,0.0101912288144264,0.2776396396396396,0.2780241309141471,0.6821658692185008
graph_014_mu_0_2_node_842,20,0.196078431372549,0.0013964727601867,0.3698630136986301,2.703703703703704,0.0085043539801079,12.972,7.028,1.8471428571428572,0.3513999999999999,0.2270920393964036,0.0072525616602404,0.2131818181818181,0.2134521768720224,0.3867192961055389
graph_014_mu_0_2_node_181,20,0.3,0.0012289229918963,0.3710995542347697,2.694694694694695,0.0058787945975132,13.005,6.995,1.8595238095238096,0.3497499999999999,0.3866036974789917,0.0071249175934642,0.2119429590017824,0.2122120493446409,0.7182517647058821
graph_014_mu_0_2_node_748,24,0.1125541125541125,0.0023796382321463,0.376271186440678,2.6576576576576576,0.0097037752173337,12.996,11.004,1.1811468531468534,0.4584999999999999,0.3802850574712644,0.0113322661759555,0.2974455598455598,0.2978688066627895,0.4142988505747126
graph_014_mu_0_2_node_594,24,0.3722943722943723,0.0011695411546148,0.3694526627218935,2.7067067067067065,0.0076050175596298,17.006,6.994,2.4326857142857143,0.2914166666666667,0.3161335593509747,0.007153444326835,0.1705683494044242,0.170837484105008,0.7229484950484091
graph_014_mu_0_2_node_241,18,0.1699346405228758,0.0012307723906223,0.3639344262295082,2.747747747747748,0.0054836122333601,8.215,9.785,0.8431000000000002,0.543611111111111,0.2670928671714386,0.0101575248855256,0.3735970695970697,0.3739733085529785,0.2246566313994885
graph_014_mu_0_2_node_923,19,0.3161764705882353,0.0010659147878701,0.3627450980392157,2.756756756756757,0.005849770777658,12.008,6.992,1.7179047619047618,0.3679999999999999,0.2485464530456327,0.0071949327588245,0.2254999999999999,0.2257689543231811,0.3910128195111789
graph_014_mu_0_2_node_349,34,0.3761140819964349,0.0023869742701643,0.3863109048723898,2.5885885885885886,0.0134508694590237,25.003,8.997,2.779329365079365,0.2646176470588235,0.3307253964278011,0.0092512666497943,0.1524853755672872,0.1528317738478701,0.9188669560647844
graph_014_mu_0_2_node_655,29,0.3475783475783476,0.0018427722900112,0.3826120260436614,2.6136136136136137,0.0202387733282148,19.031,9.969,1.911588492063492,0.3437586206896553,0.26695532389087,0.0103596784640881,0.2075853025825715,0.207968933318001,0.4819348578248318
graph_014_mu_0_2_node_68,38,0.3603174603174603,0.0025103124261453,0.4004008016032064,2.497497497497497,0.0276015790696711,26.032,11.968,2.177030303030303,0.3149473684210526,0.3653734450089337,0.0123813361677614,0.1869252009184845,0.1873859707847575,0.7627124507293557
graph_014_mu_0_2_node_161,20,0.4631578947368421,0.0008350401821952,0.3622189992748368,2.760760760760761,0.0058780195944057,15.001,4.999,3.001,0.2499499999999999,0.1445927255289467,0.0051788656193443,0.1428253968253967,0.1430177474530388,0.4338690856777493
graph_014_mu_0_2_node_818,21,0.3047619047619048,0.0015435485013827,0.3636694575900983,2.74974974974975,0.0049460531374902,13.989,7.011,1.995875,0.3338571428571428,0.2534523809523809,0.0072117517202138,0.2003882352941177,0.2006579613682373,0.5045476190476191
graph_014_mu_0_2_node_529,21,0.3742690058479532,0.0012197215285844,0.3620877129394708,2.7617617617617616,0.0046674655857924,15.0,6.0,2.5,0.2857142857142856,0.3729796122994652,0.0060988234419432,0.1666666666666666,0.1668975246889829,0.8702857620320856
graph_014_mu_0_2_node_287,20,0.2875816993464052,0.0009538972278309,0.364067055393586,2.7467467467467466,0.0069498179518195,13.01,6.99,1.8628571428571432,0.3494999999999998,0.2161580459770115,0.0072247298466516,0.2117748917748917,0.2120437898618959,0.3710501567398119
graph_014_mu_0_2_node_658,20,0.261437908496732,0.0012235803899194,0.3684987089634821,2.7137137137137137,0.0084979441676471,12.016,7.984,1.5058333333333336,0.3992,0.2838564926778626,0.0082156818713558,0.2493961675579322,0.2497032685924314,0.3912338505765496
graph_014_mu_0_2_node_302,17,0.25,0.001351637028738,0.3635371179039301,2.750750750750751,0.0040870783253627,10.632,6.368,1.7355428571428566,0.3745882352941176,0.3813026230042359,0.0064969103344626,0.2318160919540229,0.2320610196370166,0.578575175720337
graph_014_mu_0_2_node_301,21,0.239766081871345,0.0011049963398881,0.3694526627218935,2.7067067067067065,0.0060315493588282,14.0,7.0,2.0,0.3333333333333332,0.1830365036657232,0.0072785212188109,0.2,0.2002693032739584,0.3399249353792003
graph_014_mu_0_2_node_267,16,0.2416666666666666,0.0011023639290937,0.3656661786237188,2.734734734734735,0.0085621609043653,8.003,7.997,1.000857142857143,0.4998125,0.4972366310160428,0.0081286229815347,0.3331733333333332,0.3334808393866594,0.4973061497326203
graph_014_mu_0_2_node_668,20,0.196078431372549,0.0014760961834826,0.3680913780397936,2.716716716716717,0.0049239080146295,12.002,7.998,1.500714285714286,0.3999000000000001,0.455773402225015,0.0081722354384703,0.2499242424242424,0.2502318815355469,0.6268416538658474
graph_014_mu_0_2_node_263,53,0.4172549019607843,0.0036735695374808,0.4179916317991631,2.3923923923923924,0.1631650024340093,40.036,12.964,3.089481235431236,0.2446037735849057,0.2968037310477707,0.0135721272939214,0.1393497012305987,0.1398493369803502,0.8924317674618093
graph_014_mu_0_2_node_856,17,0.2857142857142857,0.0007646104596923,0.354004252303331,2.824824824824825,0.0039388056718601,11.43,5.57,2.0769999999999995,0.3276470588235294,0.1724038662486938,0.0057570216273703,0.1962807881773399,0.1964950449711178,0.3220872518286311
graph_014_mu_0_2_node_867,31,0.2946236559139785,0.0022376283721626,0.3936170212765957,2.5405405405405403,0.0218221541316288,19.023,11.977,1.5889696969696965,0.3863548387096773,0.3655048809236318,0.012390981737948,0.239445460030166,0.2399063276635343,0.5794417566788559
graph_014_mu_0_2_node_764,23,0.4428571428571428,0.0010751253368887,0.3670095518001469,2.724724724724725,0.0074797794420711,17.005,5.995,2.837166666666667,0.2606521739130434,0.2709679593148734,0.0061319495610852,0.1498597560975609,0.1500904573554115,0.7228817712877501
graph_014_mu_0_2_node_527,41,0.3940620782726046,0.0030687783241115,0.3953304313415117,2.5295295295295297,0.0248235525100522,30.02,10.98,2.735389898989899,0.2678048780487806,0.3349975948132957,0.0113597722465144,0.1546122794606298,0.1550351572293094,0.8845547249037738
graph_014_mu_0_2_node_4,24,0.4746376811594203,0.0007991929739858,0.3764129615674453,2.6566566566566565,0.0227068531029518,18.011,5.989,3.01,0.2495416666666667,0.1827850821379636,0.0061958952420497,0.1425684083358501,0.142798896546222,0.5489311581771266
graph_014_mu_0_2_node_228,23,0.5047619047619047,0.0007344402023672,0.3616944243301955,2.764764764764765,0.0069724947188468,19.002,3.998,4.753833333333334,0.1738260869565216,0.180436467582562,0.0040893641735712,0.09518715393134,0.0953410415638619,0.8121797903960392
graph_014_mu_0_2_node_443,25,0.2766666666666666,0.0020184175105903,0.3741573033707865,2.6726726726726726,0.0093754160949689,16.007,8.993,1.7802083333333338,0.35972,0.4970021848739495,0.0091600978282695,0.219308943089431,0.219654947724286,0.8840314285714289
graph_014_mu_0_2_node_744,17,0.2794117647058823,0.0013206527810845,0.364067055393586,2.7467467467467466,0.0082696995199417,11.0,6.0,1.8333333333333328,0.3529411764705881,0.3418784387655355,0.0061307245664688,0.2142857142857142,0.2145165012693284,0.6267771377368151
graph_014_mu_0_2_node_954,19,0.2426470588235294,0.0009329873690196,0.3684987089634821,2.7137137137137137,0.0100349238121868,12.955,6.045,2.146309523809524,0.3181578947368421,0.1756029879988677,0.0062705259092902,0.1892237903225806,0.1894563425903983,0.3422059759977355
graph_014_mu_0_2_node_28,17,0.3619047619047619,0.0005630571540179,0.3571683947086164,2.7997997997998,0.0047175594759816,12.002,4.998,2.4017,0.294,0.1563025156747287,0.0051633850773586,0.1723356321839081,0.1725278999632257,0.3439798201986888
graph_014_mu_0_2_node_921,35,0.4507575757575757,0.0017165195537935,0.3951740506329114,2.5305305305305303,0.1110686708921231,26.043,8.957,2.9099305555555546,0.2559142857142857,0.2052119655653054,0.0093766770418236,0.1467456959868382,0.1470905821872292,0.5723650911524967
graph_014_mu_0_2_node_366,22,0.3463203463203463,0.0016479683505357,0.3689069423929099,2.710710710710711,0.006926433474512,14.0,8.0,1.75,0.3636363636363636,0.3609513665376732,0.0081829433102615,0.2222222222222223,0.2225299855522213,0.6316648914409282
graph_014_mu_0_2_node_425,23,0.3714285714285714,0.001248088552538,0.3693160813308687,2.707707707707708,0.007059115625089,16.001,6.999,2.286261904761904,0.304304347826087,0.3876311091103109,0.007128532420775,0.1794576923076922,0.1797269985792949,0.8307022308923571
graph_014_mu_0_2_node_182,19,0.4632352941176471,0.0006991886407804,0.352629721143664,2.835835835835836,0.0043980813585493,15.0,4.0,3.75,0.2105263157894736,0.2348690702087286,0.0040694111557992,0.1176470588235294,0.1178009760160798,0.8220417457305504
graph_014_mu_0_2_node_654,23,0.2904761904761905,0.0014377956994782,0.3658000732332478,2.7337337337337337,0.0053228148959521,16.0,7.0,2.2857142857142847,0.3043478260869565,0.1919367418341864,0.0072658173110305,0.1794871794871794,0.1797565242099468,0.4112930182161137
graph_014_mu_0_2_node_212,19,0.2105263157894736,0.0013246218993668,0.367820324005891,2.7187187187187187,0.006562056585827,12.0,7.0,1.7142857142857142,0.3684210526315788,0.381942672553655,0.0071468343384208,0.2258064516129031,0.2260757134508076,0.6547588672348372
graph_014_mu_0_2_node_659,33,0.4193548387096774,0.001764922994666,0.3894736842105263,2.5675675675675675,0.0234533799783903,24.014,8.986,2.67347619047619,0.2723030303030301,0.2741672519103844,0.0092967429330862,0.157617275216094,0.1579632237144391,0.7014746038632712
graph_014_mu_0_2_node_113,14,0.1318681318681318,0.0006994092950656,0.3589651455264103,2.785785785785786,0.0070171144025706,7.212,6.788,1.07075,0.4848571428571429,0.1851913892092463,0.007046569650503,0.320490909090909,0.3207519213766834,0.1911976508047936
graph_014_mu_0_2_node_903,34,0.3366935483870967,0.0028263150099098,0.386609907120743,2.5865865865865865,0.0105829081793062,24.001,9.999,2.4003777777777766,0.2940882352941176,0.3976157493013341,0.0102589845753296,0.1723939216832262,0.1727788539683948,0.9145741181299104
graph_014_mu_0_2_node_574,23,0.2450592885375494,0.0020918431578899,0.374578177727784,2.66966966966967,0.010305999976152,13.0,10.0,1.3000000000000005,0.4347826086956522,0.524688995215311,0.0101954705959747,0.2777777777777778,0.2781624227504679,0.6820956937799043
graph_014_mu_0_2_node_313,18,0.1503267973856209,0.0015348011624254,0.3663366336633663,2.72972972972973,0.0047599411551752,8.989,9.011,0.9982,0.5006111111111111,0.2911508177464534,0.0092989274829679,0.3339267399267399,0.3342732496543966,0.2903350501490919
graph_014_mu_0_2_node_351,15,0.0761904761904762,0.0010356212441984,0.3627450980392157,2.756756756756757,0.0046382309072285,6.0,9.0,0.6666666666666665,0.5999999999999998,0.2353326475702156,0.0093580987098998,0.4285714285714285,0.4289174360298115,0.156888431713477
graph_014_mu_0_2_node_868,25,0.2015810276679842,0.0021856633405157,0.3779795686719637,2.645645645645646,0.0093847736456068,13.004,11.996,1.0840909090909092,0.4798400000000002,0.6644623049219688,0.0122179295255745,0.3156545209176788,0.3161159057283522,0.6646286114445777
graph_014_mu_0_2_node_21,25,0.1897233201581027,0.0019502545621341,0.374578177727784,2.66966966966967,0.006448809934335,14.426,10.574,1.3803030303030308,0.4229600000000001,0.2823037138300296,0.0109861141534996,0.2687304565353345,0.2691372127971262,0.3600968329915698
graph_014_mu_0_2_node_486,16,0.3916666666666666,0.0008668963216542,0.3564038530146272,2.805805805805806,0.0037088808959604,11.004,4.996,2.2032,0.31225,0.1563479416916917,0.0051611846735177,0.1850158730158729,0.1852080491072135,0.3443114176676677
graph_014_mu_0_2_node_66,30,0.4045977011494253,0.0017773228067527,0.389777604369879,2.5655655655655654,0.0288039914938435,21.015,8.985,2.339702380952381,0.2994999999999999,0.2245204386846655,0.0093667378441721,0.176132075471698,0.1764779056409411,0.5246811447338473
graph_014_mu_0_2_node_532,24,0.3188405797101449,0.0015678725206178,0.3758465011286682,2.660660660660661,0.0144529880920646,16.0,8.0,2.0,0.3333333333333332,0.2091845756179694,0.0083183099643554,0.2,0.2003078106964216,0.4183691512359388
graph_014_mu_0_2_node_174,30,0.4459770114942529,0.001544046681015,0.3919183993723029,2.5515515515515514,0.098846352964181,21.038,8.962,2.350654761904762,0.2987333333333332,0.2052911021737184,0.0093820090398577,0.1756210573247199,0.1759660029518018,0.4808063008125777
graph_014_mu_0_2_node_657,31,0.3916256157635468,0.0019175595369878,0.381588999236058,2.6206206206206204,0.0103722485454261,22.03,8.97,2.4584682539682534,0.2893548387096774,0.240130690702681,0.0093217940678202,0.1691685153421003,0.1695137952081741,0.5622516468498568
graph_014_mu_0_2_node_854,18,0.3725490196078431,0.0008501844684106,0.3639344262295082,2.747747747747748,0.0050422336595163,13.005,4.995,2.6045000000000003,0.2774999999999999,0.2359998974611377,0.0051042943839044,0.1611088709677419,0.1613010381784748,0.6139020589803533
graph_014_mu_0_2_node_870,18,0.2810457516339869,0.0010393626377854,0.3627450980392157,2.756756756756757,0.0046409346215629,11.0,7.0,1.5714285714285718,0.388888888888889,0.3866994117647059,0.0071301941322688,0.2413793103448275,0.2416485514694862,0.6076705042016805
graph_014_mu_0_2_node_550,34,0.4153297682709447,0.0023652879677225,0.3893219017926734,2.5685685685685686,0.0188308536226007,25.015,8.985,2.785805555555556,0.2642647058823529,0.2740858661392392,0.0092959295009365,0.152258645920163,0.152604582556139,0.7625118664898352
graph_014_mu_0_2_node_736,50,0.4202127659574468,0.0033425471331603,0.4104354971240756,2.4364364364364364,0.1536480420041763,37.048,12.952,2.8636790986790994,0.2590399999999999,0.2965464824211917,0.0135596290408871,0.1488078972987923,0.1493069555567309,0.8240792757897585
graph_014_mu_0_2_node_904,18,0.4416666666666666,0.0006705300917986,0.3531283138918346,2.831831831831832,0.0034818356261381,14.984,3.016,4.976,0.1675555555555555,0.1069814256475454,0.0031038407502671,0.0914545454545454,0.0915706031992849,0.4970467762116655
graph_014_mu_0_2_node_767,14,0.3076923076923077,0.0007909806233644,0.3471160528144544,2.880880880880881,0.0022865151053079,9.0,5.0,1.8000000000000005,0.357142857142857,0.1564560497997998,0.0051653383599144,0.2173913043478261,0.2175836046439685,0.2816208896396396
graph_014_mu_0_2_node_892,35,0.4488636363636363,0.0013091325748488,0.3916111328890631,2.5535535535535536,0.0369761436997203,28.024,6.976,4.02,0.1993142857142857,0.1744856556344132,0.0072717872063512,0.1106944444444444,0.1109631144478992,0.674628051474874
graph_014_mu_0_2_node_300,27,0.3703703703703703,0.0018637012729336,0.3821729150726855,2.6166166166166165,0.0137805362510472,18.007,8.993,2.002625,0.333074074074074,0.4064554575928732,0.0091984736856299,0.1998173913043478,0.2001634491973526,0.813169387427102
graph_014_mu_0_2_node_164,24,0.303030303030303,0.0015900582392425,0.3734579439252336,2.6776776776776776,0.0076246771145375,15.005,8.995,1.6683333333333334,0.3747916666666666,0.5601135057471264,0.0091430343614842,0.2306153846153846,0.230961439500052,0.8715538793103449
graph_014_mu_0_2_node_236,20,0.3660130718954248,0.0011603811826593,0.3585786073223259,2.7887887887887888,0.0038471832861438,14.0,6.0,2.333333333333333,0.2999999999999999,0.3729796122994652,0.0060988234419432,0.176470588235294,0.1767014284938352,0.808122493315508
graph_014_mu_0_2_node_620,17,0.2426470588235294,0.0011697718743668,0.359740727403673,2.77977977977978,0.0033972493443271,10.0,7.0,1.4285714285714282,0.411764705882353,0.3988581785597915,0.0071525119942136,0.2592592592592592,0.2595284796738588,0.5697973979425592
graph_014_mu_0_2_node_524,25,0.4071146245059288,0.0013702394319276,0.3686346863468634,2.7127127127127126,0.0064514969419018,18.574,6.426,2.913095238095238,0.2570400000000001,0.1865252702859799,0.0066564271772985,0.1476215644820295,0.1478688763026921,0.5076652667984191
graph_014_mu_0_2_node_167,22,0.3631578947368421,0.0010974418600793,0.3664710198092443,2.7287287287287287,0.00728017036935,15.015,6.985,2.150714285714286,0.3175,0.186939969351422,0.0072590380742738,0.1887197724039829,0.1889885196776319,0.3747276669353543
graph_014_mu_0_2_node_503,16,0.2083333333333333,0.0012939476107912,0.3550106609808102,2.8168168168168166,0.0036120142487243,9.0,7.0,1.2857142857142858,0.4375,0.2418298850574712,0.007208857894159,0.2800000000000001,0.280269199707726,0.3109241379310345
graph_014_mu_0_2_node_588,26,0.2282608695652173,0.0018441855784955,0.3765548435733132,2.655655655655656,0.0073990616850064,16.002,9.998,1.6006500000000004,0.3845384615384616,0.2614462367638411,0.0103957643131937,0.238038961038961,0.2384236179275093,0.3922555620423134
graph_014_mu_0_2_node_222,22,0.329004329004329,0.0013572959647303,0.3768389287061486,2.6536536536536537,0.0084387103283434,14.003,7.997,1.7511785714285713,0.3634999999999999,0.3613674640561002,0.0081794413561401,0.2221231231231232,0.2224307711351226,0.6325013954315091
graph_014_mu_0_2_node_352,25,0.3122529644268774,0.0015513344788317,0.3778366111951589,2.6466466466466465,0.0070574875842549,18.211,6.789,2.697023809523809,0.2715600000000001,0.1776262472554668,0.007058958263556,0.1572145877378435,0.1574758594783909,0.4499274795984415
graph_014_mu_0_2_node_275,21,0.4428571428571428,0.0008115852512128,0.3667400881057269,2.7267267267267266,0.0073400798682576,15.968,5.032,3.1790000000000007,0.2396190476190476,0.1345163368705994,0.0052299194054205,0.1361507823613086,0.1363444167521435,0.4013656367456641
graph_014_mu_0_2_node_11,21,0.3761904761904762,0.00156035329964,0.3672794117647059,2.722722722722722,0.0059202270943759,14.0,7.0,2.0,0.3333333333333332,0.435724856321839,0.0071153339151413,0.2,0.2002693032739584,0.8714497126436781
graph_014_mu_0_2_node_901,18,0.3666666666666666,0.0007767651015437,0.3545067423704755,2.820820820820821,0.0035973906850526,13.0,5.0,2.600000000000001,0.2777777777777778,0.1727356321839081,0.0051491842101135,0.1612903225806451,0.161482682062044,0.4145655172413793
graph_014_mu_0_2_node_60,44,0.4041811846689895,0.0030196497595086,0.4056029232643118,2.4654654654654653,0.0264719777094008,33.021,10.979,3.0084,0.2495227272727272,0.3350026788309094,0.0113586569260366,0.1425494505494505,0.1429723876530309,0.9760160648649404
graph_014_mu_0_2_node_312,53,0.4188235294117647,0.0034042005923463,0.4157303370786517,2.4054054054054053,0.163518520956235,40.049,12.951,3.094639160839162,0.2443584905660378,0.2966165625588302,0.0135581445469882,0.1391951346494238,0.139694269966261,0.8926189359507498
graph_014_mu_0_2_node_730,19,0.391812865497076,0.0010430111344767,0.3590941768511862,2.784784784784785,0.0033914428126843,14.988,4.012,3.7405,0.211157894736842,0.1256477227227227,0.0041446389744305,0.1180661764705882,0.1182205550949683,0.4688852665165165
graph_014_mu_0_2_node_548,46,0.4312896405919662,0.0026682666066621,0.4084219133278822,2.448448448448449,0.0470515237031564,36.016,9.984,3.6083055555555568,0.2170434782608696,0.2495182663603043,0.0104079888735881,0.1217352616039069,0.1221199724707777,0.8743086989313997
graph_014_mu_0_2_node_160,22,0.2473684210526315,0.0014759115897396,0.3724832214765101,2.684684684684685,0.0061530476674276,13.575,8.425,1.6201388888888888,0.3829545454545455,0.2443613064791133,0.0087273247656063,0.2370634920634921,0.2373875883396678,0.3630554134697356
graph_014_mu_0_2_node_623,28,0.4153846153846154,0.0015569307763589,0.3817348108521207,2.61961961961962,0.0106986261845356,20.007,7.993,2.5035,0.2854642857142856,0.3612804698382084,0.0081755946231771,0.1664999999999999,0.166807636273513,0.8584441995377384
graph_014_mu_0_2_node_304,20,0.261437908496732,0.0012089918765322,0.3627450980392157,2.756756756756757,0.0058086870364349,12.0,8.0,1.5,0.4000000000000001,0.2887619047619047,0.0082292520384014,0.25,0.2503077159781521,0.3970476190476191
graph_014_mu_0_2_node_562,18,0.2916666666666667,0.0008961717215197,0.3613019891500904,2.767767767767768,0.0049532322849132,12.004,5.996,2.0024,0.333111111111111,0.187505645537785,0.0061944218381557,0.1998451612903226,0.2000758122484821,0.3440443363277211
graph_014_mu_0_2_node_766,23,0.3095238095238095,0.0014540018351851,0.3719285182427401,2.6886886886886887,0.0063389317124685,16.001,6.999,2.286261904761904,0.304304347826087,0.1830192622864128,0.0072774596476857,0.1794576923076922,0.1797269985792949,0.392238320663003
graph_014_mu_0_2_node_631,21,0.1637426900584795,0.0016015795484569,0.3698630136986301,2.703703703703704,0.0056521570506432,11.994,9.006,1.331933333333333,0.4288571428571429,0.281862331081081,0.0093037931910954,0.2729659090909089,0.2733123067630295,0.3439618681181181
graph_014_mu_0_2_node_862,19,0.2352941176470588,0.0011716848695312,0.3659340659340659,2.7327327327327327,0.0113073897541006,12.421,6.579,1.9051000000000005,0.3462631578947368,0.2036345350052246,0.0067998349625981,0.209684078690127,0.2099371575479736,0.3526679728317659
graph_014_mu_0_2_node_20,20,0.3725490196078431,0.0011163360411545,0.3615635179153094,2.765765765765766,0.0047581198773285,14.0,6.0,2.333333333333333,0.2999999999999999,0.3734784482758621,0.0060988576415497,0.176470588235294,0.1767014284938352,0.8092033045977012
graph_014_mu_0_2_node_811,42,0.3871794871794872,0.0028657007087967,0.4031476997578692,2.4804804804804803,0.0385697276869335,31.019,10.981,2.825436363636365,0.2614523809523809,0.2744079517109609,0.0114475126238129,0.1503894853757867,0.1508124342629283,0.7495232833325916
graph_014_mu_0_2_node_542,47,0.4080808080808081,0.0033092207153555,0.4148671096345515,2.4104104104104103,0.1447373235151785,34.053,12.947,2.6320099067599068,0.275468085106383,0.2965426982477293,0.0135539225885943,0.159747844131721,0.1602465948824672,0.7554733196645915
graph_014_mu_0_2_node_570,23,0.2714285714285714,0.0014880863763411,0.3690432212781677,2.70970970970971,0.0057028228093896,15.0,8.0,1.875,0.3478260869565216,0.2763770114942529,0.0082386947361817,0.2105263157894736,0.2108341028008618,0.4836597701149424
graph_014_mu_0_2_node_865,17,0.213235294117647,0.0010240328266682,0.3684987089634821,2.7137137137137137,0.0091233382229696,9.999,7.001,1.4282678571428569,0.4118235294117647,0.1830537450450335,0.0072795827899362,0.2593076923076922,0.2595769511468548,0.2614634781431514
graph_014_mu_0_2_node_96,28,0.3046153846153846,0.0019007793776794,0.3782658084059068,2.643643643643644,0.0078648001771564,19.008,8.992,2.114222222222222,0.3211428571428571,0.4248471596735163,0.0091886938204893,0.1912907801418439,0.1916368262218798,0.850180193593372
graph_014_mu_0_2_node_883,20,0.2222222222222222,0.0013254482846336,0.3723443906075289,2.685685685685686,0.0103471961568726,11.0,9.0,1.2222222222222217,0.4500000000000001,0.3248571428571429,0.0092579085432016,0.2903225806451612,0.2906687211782178,0.3609523809523808
graph_014_mu_0_2_node_276,23,0.5095238095238095,0.0006220337344099,0.3645985401459854,2.7427427427427427,0.0072752219605359,19.003,3.997,4.757666666666667,0.1737826086956521,0.1589854601215361,0.0041008753529194,0.095162841034934,0.0953166901807562,0.7158077848326267
graph_014_mu_0_2_node_681,15,0.4358974358974359,0.0003656046821642,0.3493006993006993,2.8628628628628627,0.0038324710134907,12.0,3.0,4.0,0.2,0.0819582497618212,0.0031141231618498,0.1111111111111111,0.1112265267999503,0.300513582460011
graph_014_mu_0_2_node_186,20,0.3368421052631579,0.0011271561223359,0.3704115684093437,2.6996996996997,0.0106209557211038,13.01,6.99,1.8620952380952385,0.3494999999999999,0.4336257343550447,0.0071069208532394,0.2117667430608606,0.212035641183365,0.8057625159642401
graph_014_mu_0_2_node_786,48,0.4144927536231884,0.0031283707225907,0.4106041923551171,2.4354354354354357,0.1482049078345139,36.06,11.94,3.0232,0.24875,0.2736214287889925,0.012499137195334,0.1420563611491107,0.1425164086142346,0.8012645025562046
graph_014_mu_0_2_node_663,24,0.2121212121212121,0.0019519649359325,0.3689069423929099,2.710710710710711,0.0041484457738904,15.788,8.212,1.9293333333333336,0.3421666666666666,0.2201796308954203,0.0085307334094657,0.2065230769230769,0.2068390361299589,0.395454226475279
graph_014_mu_0_2_node_934,23,0.3162055335968379,0.0014942700077737,0.3741573033707865,2.6726726726726726,0.0151220199330404,14.019,8.981,1.5626746031746033,0.3904782608695653,0.5574155172413794,0.0091309325901211,0.2426399514899515,0.2429854415844538,0.8677319284802044
graph_014_mu_0_2_node_525,27,0.34,0.0014851540472645,0.3727611940298507,2.6826826826826826,0.0070967370686828,19.006,7.994,2.378375,0.296074074074074,0.3776659529961856,0.0081688788269743,0.173766304347826,0.174073955369892,0.8501381649645215
graph_014_mu_0_2_node_877,16,0.1648351648351648,0.0007980550842192,0.355136864557412,2.815815815815816,0.0052936938487221,9.005,6.995,1.2876190476190477,0.4371875,0.3817956137301256,0.0071416583549839,0.2797538461538463,0.2800228537091874,0.4366529703134209
graph_014_mu_0_2_node_6,26,0.2276923076923077,0.0025870795387787,0.379703534777651,2.6336336336336337,0.0065944290148268,15.788,10.212,1.5498909090909092,0.3927692307692308,0.2669082173120285,0.0106185119818244,0.2444970963995354,0.2448899761652833,0.412941653446372
graph_014_mu_0_2_node_810,30,0.4505747126436781,0.0016147246854981,0.3772658610271903,2.650650650650651,0.0099263984035107,24.002,5.998,4.002,0.1999333333333333,0.238540379623298,0.0061539194723667,0.1110707070707071,0.1113016481285856,0.954337760729217
graph_014_mu_0_2_node_428,23,0.3438735177865613,0.0016949061505353,0.3693160813308687,2.707707707707708,0.0060213206005226,15.001,7.999,1.8754107142857144,0.347782608695652,0.4430008936908098,0.0081470607410107,0.2104952766531713,0.2108030252222709,0.8307112344937976
graph_014_mu_0_2_node_576,20,0.1684210526315789,0.0018722231550669,0.3774083868530412,2.6496496496496498,0.0121654068873441,9.221,10.779,0.8585656565656566,0.5389499999999999,0.2954403013412174,0.0111883754976303,0.3691642565813867,0.3695787316768727,0.2529503896136008
graph_014_mu_0_2_node_410,18,0.225,0.0013267707119237,0.3659340659340659,2.7327327327327327,0.0047023482255274,11.0,7.0,1.5714285714285718,0.388888888888889,0.2412194573444984,0.0072092814924679,0.2413793103448275,0.2416485514694862,0.344599224777855
graph_014_mu_0_2_node_106,34,0.3649193548387097,0.0021563574821393,0.39800796812749,2.5125125125125125,0.0349137465599896,24.022,9.978,2.4083111111111104,0.293470588235294,0.2494229457973317,0.0104015765914149,0.1719766218585623,0.1723607465455773,0.5747168287499177
graph_014_mu_0_2_node_154,20,0.3842105263157894,0.0008592530153306,0.3682270549207519,2.715715715715716,0.0093752782755023,13.012,6.988,1.865714285714286,0.3493999999999999,0.2781558052126884,0.0071692110016811,0.2117171717171716,0.2119859928574466,0.5171107811092779
graph_014_mu_0_2_node_431,21,0.2046783625730994,0.0014198382470573,0.3690432212781677,2.70970970970971,0.0095823082974123,11.0,10.0,1.1,0.4761904761904762,0.3609523809523808,0.0102865650480017,0.3125,0.3128845858010923,0.3609523809523808
graph_014_mu_0_2_node_670,17,0.4761904761904761,0.0005153618495441,0.3471160528144544,2.880880880880881,0.002783051165492,14.0,3.0,4.666666666666667,0.176470588235294,0.1033797674333565,0.0030896920682005,0.096774193548387,0.0968896270010016,0.4479789922112113
graph_014_mu_0_2_node_50,25,0.3596837944664031,0.001711526390689,0.3724832214765101,2.684684684684685,0.007638930532304,17.005,7.995,2.127232142857143,0.3198,0.4978670977011494,0.0081265580878926,0.1903377630121816,0.1906454051562785,0.9960466954022988
graph_014_mu_0_2_node_439,31,0.3333333333333333,0.0023806330767877,0.3846746245668078,2.5995995995996,0.0142004159457369,20.004,10.996,1.8193717171717163,0.3547096774193548,0.4962361264177802,0.0112473096445975,0.2155936423916447,0.2160168097723601,0.9024112032294286
graph_014_mu_0_2_node_821,50,0.3732269503546099,0.0038213403322526,0.4117889530090684,2.4284284284284285,0.0442399558759999,37.021,12.979,2.853234265734266,0.2595799999999999,0.3243308481206141,0.0135303927324327,0.1491527538069575,0.1496528512040766,0.8993918474192414
graph_014_mu_0_2_node_225,25,0.58,0.0007762762735877,0.380281690140845,2.6296296296296298,0.092509938547513,20.02,4.98,4.025,0.1992,0.1140603896089628,0.0052134745763407,0.1106280193236715,0.1108197129700511,0.4575325166354859
graph_014_mu_0_2_node_896,50,0.4441489361702128,0.0030421098875376,0.4122988031366075,2.4254254254254253,0.1583974276101241,38.049,11.951,3.186287878787878,0.2390200000000001,0.2737577807495309,0.0125111245264871,0.1357419702644421,0.136202512040385,0.8468679774614196
graph_014_mu_0_2_node_713,23,0.3320158102766798,0.0015894364475472,0.3660681568340051,2.731731731731732,0.0084806692878419,16.0,7.0,2.2857142857142847,0.3043478260869565,0.3672822966507175,0.0071368294171823,0.1794871794871794,0.1797565242099468,0.8395023923444974
graph_014_mu_0_2_node_343,49,0.391156462585034,0.0042738425908363,0.4145228215767635,2.4124124124124124,0.1471397888800517,35.032,13.968,2.509198717948718,0.2850612244897959,0.3197241372386752,0.0146234976239761,0.1662316005471956,0.1667697022916361,0.800901620972275
graph_014_mu_0_2_node_979,51,0.4251700680272108,0.003508912359092,0.4171189979123173,2.397397397397397,0.1579667493242247,38.037,12.963,2.935488111888111,0.2541764705882352,0.2967630789278556,0.0135711929244429,0.145597644905168,0.1460971651617542,0.8467325927159713
graph_014_mu_0_2_node_822,20,0.3421052631578947,0.0009835118003344,0.3663366336633663,2.72972972972973,0.0087705615974781,14.005,5.995,2.336666666666667,0.2997499999999999,0.2832305155653992,0.006126175888985,0.1763025210084033,0.1765331690110902,0.6611411673024075
graph_014_mu_0_2_node_132,19,0.5808823529411765,0.0005653626145613,0.3484478549005929,2.86986986986987,0.0036393718743579,16.0,3.0,5.333333333333332,0.1578947368421052,0.186739224137931,0.0030494288207748,0.0857142857142856,0.0858297369361444,0.9336961206896552
graph_014_mu_0_2_node_341,39,0.3927125506072874,0.0029130772219962,0.3967434471803018,2.5205205205205203,0.0359316592013287,29.007,9.993,2.903033333333332,0.2562307692307691,0.2496250311752494,0.0104177988788369,0.1469424552429667,0.1473273049417879,0.7243244014419554
graph_014_mu_0_2_node_847,16,0.4166666666666667,0.0006232283354429,0.3500350385423966,2.8568568568568566,0.0030621769108195,12.998,3.002,4.330666666666668,0.187625,0.1034258968076937,0.0030917830390974,0.1035270935960591,0.1036425950802924,0.447932862836874
graph_014_mu_0_2_node_322,42,0.4205128205128205,0.0023767651826234,0.4004008016032064,2.497497497497497,0.0397917203158138,32.027,9.973,3.214200000000001,0.2374523809523809,0.249337765522635,0.0103962830105562,0.1347312039312039,0.1351153728569873,0.7745934695209175
graph_014_mu_0_2_node_204,22,0.3,0.00163300959228,0.3610408384531984,2.76976976976977,0.0038401979498957,15.001,6.999,2.1433809523809524,0.3181363636363636,0.3672519936204145,0.0071357952910189,0.1891578947368421,0.1894271802854023,0.7345948963317381
graph_014_mu_0_2_node_488,24,0.2121212121212121,0.0018306153272811,0.3794151158374478,2.635635635635636,0.0126019214508788,13.0,11.0,1.181818181818182,0.4583333333333332,0.3970476190476191,0.0113152215528019,0.2972972972972973,0.2977203904931895,0.4331428571428571
graph_014_mu_0_2_node_273,31,0.3497536945812808,0.0019485607736005,0.3867595818815331,2.5855855855855854,0.0146025274297689,21.004,9.996,2.1013777777777785,0.3224516129032257,0.4516764648482342,0.0102245600551367,0.1922177068214804,0.1926024348700219,0.9035731677917064
graph_014_mu_0_2_node_812,19,0.3742690058479532,0.0011520636509632,0.3594818279956819,2.7817817817817816,0.0037836893694394,13.004,5.996,2.169833333333334,0.315578947368421,0.3729011809269162,0.0060946084788242,0.187360294117647,0.1875909628045366,0.8081617090017826
graph_014_mu_0_2_node_938,29,0.376068376068376,0.0018504526255065,0.3764129615674453,2.6566566566566565,0.0088199993511,20.023,8.977,2.232291666666666,0.309551724137931,0.2401971316749689,0.0093293680307867,0.1831354781912765,0.1834809740782716,0.5086930500407328
graph_014_mu_0_2_node_453,27,0.3361823361823361,0.0020390895612503,0.3792710706150342,2.6366366366366365,0.0094014150097053,17.009,9.991,1.7038999999999995,0.3700370370370369,0.4516152824510776,0.0102187413814356,0.227040909090909,0.227425326427659,0.76816002778588
graph_014_mu_0_2_node_111,22,0.5238095238095238,0.0007305822913804,0.3712374581939799,2.6936936936936937,0.0140632979365624,17.014,4.986,3.4153999999999987,0.2266363636363635,0.1522151260801025,0.0051582398586356,0.1278102564102564,0.1280021365898221,0.5185173731685411
graph_014_mu_0_2_node_327,19,0.3897058823529412,0.0007499275289375,0.3581929006812477,2.791791791791792,0.0041536301778301,15.004,3.996,3.7563333333333335,0.2103157894736841,0.2098054226475278,0.0040739464568416,0.1175193277310924,0.1176730910597601,0.7346347687400316
graph_014_mu_0_2_node_784,22,0.2631578947368421,0.001390904810386,0.3655323819978046,2.735735735735736,0.0066785176243801,14.429,7.571,1.946559523809524,0.3441363636363636,0.2063693401193401,0.0078596197591061,0.2084231073178442,0.2087143782746989,0.3673384082134083
graph_014_mu_0_2_node_405,48,0.4763285024154589,0.0026095381746208,0.4075887392900856,2.4534534534534536,0.1559789461498529,38.026,9.974,3.8145904761904754,0.2077916666666667,0.2282923956581155,0.0104421302611103,0.1159469173411488,0.1163313024922947,0.846593535687082
graph_014_mu_0_2_node_694,18,0.3916666666666666,0.000932527232449,0.3548845470692717,2.8178178178178177,0.0035045296177098,13.001,4.999,2.6009000000000007,0.2777222222222221,0.1776364855634748,0.0051441770703902,0.1612540322580645,0.1614463532853302,0.4263917162957359
graph_014_mu_0_2_node_993,23,0.2608695652173913,0.001643028571477,0.381588999236058,2.6206206206206204,0.0094660204617718,13.007,9.993,1.3018527777777782,0.4344782608695652,0.3975168970570871,0.0102525946713171,0.2775378536431168,0.2779222296351172,0.5170396772131739
graph_014_mu_0_2_node_848,18,0.2333333333333333,0.0008115648234548,0.36,2.7777777777777777,0.0047255700336764,12.95,5.05,2.5700000000000003,0.2805555555555555,0.1469347315070817,0.005238324791711,0.1632258064516128,0.1634200881959013,0.3421070678230435
graph_014_mu_0_2_node_626,22,0.2121212121212121,0.0020936639230715,0.3758465011286682,2.660660660660661,0.0133647480546684,11.009,10.991,1.0018,0.4995909090909091,0.6835379901960784,0.0111718374237111,0.3329803921568626,0.333403074554456,0.683795955882353
graph_014_mu_0_2_node_711,27,0.49002849002849,0.0011095492279136,0.3772658610271903,2.650650650650651,0.009470951769692,21.019,5.981,3.5171,0.2215185185185186,0.1601382667676412,0.0062154669332219,0.124563775510204,0.1247940092068738,0.5618421042561716
graph_014_mu_0_2_node_264,23,0.219047619047619,0.0016726645882963,0.3713754646840149,2.6926926926926926,0.0058746729535015,15.0,8.0,1.875,0.3478260869565216,0.2091845756179694,0.0083183099643554,0.2105263157894736,0.2108341028008618,0.3660730073314464
graph_014_mu_0_2_node_866,17,0.2867647058823529,0.0010458726022212,0.3627450980392157,2.756756756756757,0.0080380995260189,11.998,5.002,2.398866666666666,0.2942352941176471,0.1728689655172414,0.0051512146669663,0.1724975369458128,0.1726899585120863,0.414432183908046
graph_014_mu_0_2_node_781,28,0.3121693121693121,0.002183815565402,0.3879611650485436,2.5775775775775776,0.0181476477536727,17.002,10.998,1.5459636363636369,0.3927857142857144,0.4968874003153174,0.011249556624167,0.2443903381642512,0.2448134847268596,0.7680122568152945
graph_014_mu_0_2_node_356,15,0.2285714285714285,0.0008394972544086,0.3548845470692717,2.8178178178178177,0.0113461346360164,8.006,6.994,1.145428571428571,0.4662666666666668,0.2012648895074509,0.0072559513961304,0.3040347826086956,0.3043037310209884,0.2302425804897183
graph_014_mu_0_2_node_756,21,0.327485380116959,0.0011525986323291,0.3619565217391304,2.7627627627627627,0.0066669561403789,14.0,7.0,2.0,0.3333333333333332,0.2190384697197197,0.0072314737038802,0.2,0.2002693032739584,0.4067857294794795
graph_014_mu_0_2_node_712,27,0.2621082621082621,0.0020975545344214,0.388867263526664,2.5715715715715715,0.0190772552528783,15.045,11.955,1.259790909090909,0.4427777777777779,0.3201958703372329,0.0124233789162382,0.284387707641196,0.2848475881575362,0.4017376147676421
graph_014_mu_0_2_node_19,24,0.3695652173913043,0.0018016790656555,0.3741573033707865,2.6726726726726726,0.0067504170350104,16.573,7.427,2.245571428571429,0.3094583333333333,0.215480179028133,0.0076934412525634,0.1832292682926829,0.1835150498640262,0.478710358056266
graph_014_mu_0_2_node_788,24,0.1861471861471861,0.0016942515237381,0.381588999236058,2.6206206206206204,0.0120764573423991,14.004,9.996,1.4010666666666665,0.4165,0.2875977384900874,0.0103705037293995,0.2630283400809716,0.2634128609362942,0.3740470488389055
graph_014_mu_0_2_node_70,20,0.2105263157894736,0.0016361859519756,0.3704115684093437,2.6996996996997,0.0087987125302445,11.001,8.999,1.2224999999999997,0.4499500000000001,0.4721897926634769,0.0091748894102138,0.2902822580645161,0.2906283601730176,0.5771578947368423
graph_014_mu_0_2_node_152,28,0.4497354497354497,0.0015765899384141,0.3744377811094452,2.670670670670671,0.0088462670257325,21.01,6.99,3.0066666666666664,0.2496428571428571,0.1870119267365165,0.0072644541607523,0.1426285714285713,0.1428976351696497,0.5617619759094179
graph_014_mu_0_2_node_832,19,0.5497076023391813,0.0005454342520208,0.3613019891500904,2.767767767767768,0.0094031388282199,15.003,3.997,3.75475,0.2103684210526315,0.1806443954631032,0.0040883450024538,0.1175512605042016,0.11770506229884,0.6776803718755261
graph_014_mu_0_2_node_639,19,0.2573529411764705,0.0010502608039831,0.3566583363084613,2.803803803803804,0.0039061692709199,11.01,7.99,1.3783928571428572,0.4205263157894735,0.4970178810160428,0.0081213915765761,0.266258064516129,0.2665653725191234,0.621920955882353
graph_014_mu_0_2_node_483,45,0.4407530454042082,0.0027325266379406,0.4010437575270975,2.4934934934934936,0.0422707880084333,36.023,8.977,4.015803571428571,0.1994888888888889,0.2244028705398756,0.0093581486458908,0.1108020700688935,0.1111479919765255,0.8744501621897904
graph_014_mu_0_2_node_413,27,0.3533333333333333,0.0019696148457909,0.3735976065818998,2.6766766766766765,0.0070458779509628,18.426,8.574,2.160875,0.3175555555555555,0.2474975877702859,0.0088831351502669,0.1888967391304347,0.1892266883895313,0.5045421607378129
graph_014_mu_0_2_node_621,19,0.3529411764705882,0.0007063392122818,0.3562767475035663,2.8068068068068066,0.0049683444924001,14.013,4.987,2.8123499999999995,0.2624736842105263,0.1541345350052246,0.0051546362578999,0.1510748663101604,0.1512667406513851,0.4021679728317658
graph_014_mu_0_2_node_30,26,0.2898550724637681,0.0019649780810801,0.3766968325791855,2.6546546546546548,0.007268225556557,17.988,8.012,2.2461,0.308153846153846,0.2505769228838488,0.0082772403853859,0.1821558441558441,0.1824641634873912,0.531114226918366
graph_014_mu_0_2_node_947,23,0.2490118577075099,0.0017993831391725,0.3776937618147448,2.647647647647648,0.0108630036578701,13.01,9.99,1.3028750000000004,0.4343478260869566,0.5522363025210083,0.0101754385399176,0.2774415204678362,0.27782578115072,0.7183474789915965
graph_014_mu_0_2_node_800,28,0.2989417989417989,0.0021686372780595,0.3805714285714285,2.627627627627628,0.0129303888103757,18.003,9.997,1.8010111111111111,0.3570357142857142,0.3975800236235031,0.0102568659288843,0.2173146777674993,0.2176993554220511,0.715775015409068
graph_014_mu_0_2_node_653,44,0.3716608594657375,0.0030196498432284,0.4085889570552147,2.4474474474474475,0.0445327940009063,32.043,11.957,2.682022222222222,0.2717499999999999,0.2990448374782711,0.0124641708731956,0.1572538893484929,0.1577144490588405,0.7748342626893571
graph_014_mu_0_2_node_272,40,0.4409672830725462,0.002321282304789,0.3958003169572108,2.5265265265265264,0.0235442269330228,31.01,8.99,3.4499999999999997,0.22475,0.2742179339081716,0.0093010753752512,0.12660406885759,0.1269503578774931,0.9148455778159712
graph_014_mu_0_2_node_185,45,0.4373737373737373,0.0026553866139824,0.4100985221674877,2.4384384384384385,0.1434617790347682,35.032,9.968,3.516,0.2215111111111112,0.22825897582479,0.0104354195390293,0.1245555555555555,0.1249396209517763,0.8006105537628013
graph_014_mu_0_2_node_719,29,0.3447293447293447,0.0019952453996289,0.3764129615674453,2.6566566566566565,0.009103839401186,20.009,8.991,2.225847222222222,0.3100344827586208,0.4058352584948535,0.0091964444661173,0.1834604081632653,0.1838064424285191,0.8574945243870025
graph_014_mu_0_2_node_860,35,0.334453781512605,0.0025281016947158,0.4016887816646562,2.4894894894894897,0.0358036380518558,23.037,11.963,1.9265303030303036,0.3417999999999999,0.2991255248175349,0.0124706379188694,0.2061403662575492,0.2066008376498667,0.5745975749489968
graph_014_mu_0_2_node_795,25,0.33,0.0020591372159793,0.3829053277117669,2.6116116116116115,0.0086832745100614,16.0,9.0,1.7777777777777783,0.36,0.4984090936374549,0.0091666079299104,0.2195121951219513,0.2198584688320816,0.8860606109110313
graph_014_mu_0_2_node_307,17,0.1617647058823529,0.0014411922409407,0.3694526627218935,2.7067067067067065,0.0132857341767149,8.331,8.669,0.9670416666666668,0.5099411764705882,0.5035041660848113,0.0088528539210623,0.3426861538461539,0.3430194989259962,0.4558379183540472
graph_014_mu_0_2_node_374,27,0.2792022792022792,0.0020580011909422,0.3857142857142857,2.592592592592593,0.0136085709848184,16.912,10.088,1.680036363636363,0.3736296296296296,0.2694229060626772,0.010485479395231,0.2298387194201146,0.2302268640548644,0.4527211977346067
graph_014_mu_0_2_node_354,25,0.2490118577075099,0.0016102673518826,0.3764129615674453,2.6566566566566565,0.0107750499973758,15.007,9.993,1.502013888888889,0.3997200000000001,0.3674058376485098,0.0102752956133167,0.2497880371660859,0.2501724723065456,0.5146593523462564
graph_014_mu_0_2_node_84,21,0.2339181286549707,0.001365269158287,0.3705489614243323,2.6986986986986987,0.0065545201293661,13.422,7.578,1.78325,0.3608571428571429,0.2345182863113897,0.007832406221413,0.2204,0.2206915195006133,0.3835956112852663
graph_014_mu_0_2_node_142,24,0.4285714285714285,0.0010795697279586,0.3731789316398954,2.67967967967968,0.0081426795800915,18.001,5.999,3.0008000000000004,0.2499583333333333,0.3322548719487794,0.0061100126312397,0.1428305647840531,0.1430614376511,0.9414572562358278
graph_014_mu_0_2_node_501,19,0.4385964912280701,0.00069794507762,0.3622189992748368,2.760760760760761,0.0056453621726422,14.002,4.998,2.8019,0.2630526315789473,0.2258496672812441,0.0051120279613288,0.1514474153297682,0.1516397126989923,0.6324847287648424
graph_014_mu_0_2_node_277,19,0.3014705882352941,0.0008599221133127,0.3616944243301955,2.764764764764765,0.0058421554331438,12.004,6.996,1.7164571428571431,0.3682105263157894,0.2782613654133572,0.0071778253738016,0.2256578690127076,0.2259269770755031,0.4374785622764127
graph_014_mu_0_2_node_917,19,0.3308823529411764,0.000764009238384,0.3542553191489361,2.8228228228228227,0.0036141003267348,14.213,4.787,3.0023499999999994,0.2519473684210526,0.1277685121895648,0.0049736183196037,0.144301247771836,0.1444854306948896,0.3540318979266347
graph_014_mu_0_2_node_282,18,0.2916666666666667,0.0009376396600847,0.3620877129394708,2.7617617617617616,0.0087146697188928,11.007,6.993,1.5744285714285715,0.3885000000000001,0.2485653209701609,0.0071959887250335,0.2410896551724137,0.241358627242374,0.3554628808890498
graph_014_mu_0_2_node_314,23,0.1936758893280632,0.0020486639396919,0.3744377811094452,2.670670670670671,0.0069719551354954,13.786,9.214,1.500994444444445,0.4006086956521739,0.2522288188667648,0.009564545401509,0.2506372688477952,0.2509917121098371,0.3564539491206318
graph_014_mu_0_2_node_315,40,0.3474358974358974,0.0034754889549458,0.4028225806451613,2.4824824824824825,0.0352597606718758,27.01,12.99,2.0796410256410254,0.32475,0.3244963551576386,0.0135421795404844,0.1938557632008026,0.1943558984631845,0.6744320971785873
graph_014_mu_0_2_node_705,24,0.5905797101449275,0.0004521715565891,0.3774083868530412,2.6496496496496498,0.0329644910267201,20.022,3.978,5.056,0.1657499999999999,0.099606365345743,0.0041462768842444,0.0903820816864295,0.0905352114976962,0.4997537304288799
graph_014_mu_0_2_node_448,19,0.3040935672514619,0.0011275256821626,0.364067055393586,2.7467467467467466,0.0051335570331818,12.005,6.995,1.716547619047619,0.368157894736842,0.3865523529411765,0.007125018148832,0.2256149193548386,0.225883988996041,0.6630603361344536
graph_014_mu_0_2_node_988,22,0.331578947368421,0.0012343533539448,0.367684946632315,2.71971971971972,0.0080947819800773,14.001,7.999,1.750392857142857,0.363590909090909,0.4979540229885058,0.0081307486176076,0.2221891891891892,0.2224969140798551,0.8092205459770115
graph_014_mu_0_2_node_220,15,0.2,0.0006892351955978,0.3561497326203208,2.807807807807808,0.0148664196753887,8.001,6.999,1.1432142857142853,0.4666,0.2261214104996836,0.0072226466902587,0.3042934782608695,0.3045626188373839,0.2584664859492183
graph_014_mu_0_2_node_936,26,0.4338461538461538,0.0013352457130198,0.3712374581939799,2.6936936936936937,0.0080187059993488,19.01,6.99,2.720476190476191,0.2688461538461538,0.3155809284468879,0.007149647182097,0.1553043478260869,0.1555733701456191,0.857453939971418
graph_014_mu_0_2_node_902,35,0.4873949579831932,0.0016380116197787,0.3931523022432113,2.543543543543544,0.0351608342351249,28.004,6.996,4.003333333333333,0.1998857142857143,0.1747550192034215,0.0072934040335326,0.1110416666666667,0.1113111064037467,0.6992843974513457
graph_014_mu_0_2_node_408,23,0.2619047619047619,0.0015649635488043,0.3766968325791855,2.6546546546546548,0.0116367643876306,15.002,7.998,1.8758214285714283,0.3477391304347825,0.2472110762800417,0.0082668046945879,0.210464237516869,0.2107719476436799,0.43271421107628
graph_014_mu_0_2_node_370,17,0.2058823529411764,0.001310700880425,0.3589651455264103,2.785785785785786,0.0038252012790801,9.001,7.999,1.1253035714285715,0.4705294117647059,0.4558076153237442,0.008173265295795,0.3076438746438746,0.3079514811970074,0.5128176581483034
graph_014_mu_0_2_node_565,24,0.2597402597402597,0.0014873757903043,0.3710995542347697,2.694694694694695,0.0055720051751344,15.005,8.995,1.6683333333333334,0.3747916666666666,0.424892838685862,0.0091919096193456,0.2306153846153846,0.230961439500052,0.6612415733563018
graph_014_mu_0_2_node_16,19,0.2647058823529412,0.001136523327667,0.3603896103896103,2.774774774774775,0.0043604281734967,13.0,6.0,2.166666666666667,0.3157894736842105,0.1854341692789968,0.0062016958776288,0.1875,0.1877308224974994,0.3708683385579936
graph_014_mu_0_2_node_857,31,0.5333333333333333,0.0012236821311728,0.390081999219055,2.563563563563564,0.1082260825325762,24.032,6.968,3.455438095238096,0.224774193548387,0.1596134881923517,0.0072946443336675,0.1266363408521302,0.1269046202052859,0.5492418568152664
graph_014_mu_0_2_node_418,23,0.3857142857142857,0.0012324593440091,0.3670095518001469,2.724724724724725,0.0126214125088748,16.002,6.998,2.287028571428571,0.3042608695652173,0.4356903735632184,0.0071132107728907,0.1794296435272044,0.1796989113387632,0.933730603448276
graph_014_mu_0_2_node_64,20,0.4705882352941176,0.0008253764888456,0.3572961373390558,2.798798798798799,0.0045799402495797,15.005,4.995,3.005,0.24975,0.3111278735632183,0.0050771292671177,0.1426984126984126,0.1428906094858587,0.8715538793103449
graph_014_mu_0_2_node_916,35,0.3674242424242424,0.0027497650307232,0.3929976396538159,2.5445445445445447,0.0187208395701209,24.014,10.986,2.1862727272727263,0.3138857142857141,0.3351123148156022,0.0113661441330742,0.1861638418079096,0.1865867550068939,0.701507156943907
graph_014_mu_0_2_node_237,31,0.5204301075268817,0.0010668022575659,0.3906922174423152,2.55955955955956,0.1093904956747893,24.036,6.964,3.4569142857142863,0.2246451612903225,0.1596152636729438,0.0072900011154498,0.1265522898154476,0.1268204153137133,0.5493520527462287
graph_014_mu_0_2_node_159,22,0.4155844155844156,0.0010633453127691,0.368362831858407,2.714714714714715,0.0078331161028411,16.0,6.0,2.666666666666666,0.2727272727272726,0.2205162974986916,0.0061696418080787,0.1578947368421052,0.1581256126309309,0.588043459996511
graph_014_mu_0_2_node_840,26,0.3550724637681159,0.0014364161567718,0.3764129615674453,2.6566566566566565,0.0155653712810239,17.014,8.986,1.894357142857143,0.3456153846153845,0.2741898216864541,0.0092966756027143,0.2089224336387126,0.2092681957691222,0.4880303781367142
graph_014_mu_0_2_node_642,21,0.2571428571428571,0.001562466789739,0.3680913780397936,2.716716716716717,0.0084494887268623,12.0,9.0,1.333333333333333,0.4285714285714285,0.3109241379310345,0.0092685315782044,0.2727272727272726,0.2730734398875482,0.4145655172413793
graph_014_mu_0_2_node_112,19,0.3161764705882353,0.0009448834500305,0.3611713665943601,2.7687687687687688,0.0041749054492644,13.0,6.0,2.166666666666667,0.3157894736842105,0.2072827586206896,0.0061790210521363,0.1875,0.1877308224974994,0.4145655172413793
graph_014_mu_0_2_node_649,23,0.3359683794466403,0.001688707865731,0.3710995542347697,2.694694694694695,0.0081340894207638,15.002,7.998,1.8758214285714283,0.3477391304347825,0.4957182630906769,0.0081322986630258,0.210464237516869,0.2107719476436799,0.9295411877394636
graph_014_mu_0_2_node_888,20,0.4368421052631579,0.0010084942611013,0.3603896103896103,2.774774774774775,0.0040214778813155,15.0,5.0,3.0,0.25,0.3108163435828877,0.005082352868286,0.1428571428571428,0.1430495319448338,0.932449030748663
graph_014_mu_0_2_node_602,19,0.4117647058823529,0.0009656739733346,0.3530035335689045,2.8328328328328327,0.0029108227691034,14.0,5.0,2.7999999999999994,0.2631578947368421,0.1564560497997998,0.0051653383599144,0.1515151515151515,0.1517075257985572,0.4067857294794795
graph_014_mu_0_2_node_955,21,0.2,0.001808878923905,0.3758465011286682,2.660660660660661,0.007255109577337,11.01,9.99,1.1025083333333332,0.4757142857142857,0.4720479717813051,0.0102084267625727,0.3121092914438503,0.3124934930319328,0.5196399696484968
graph_014_mu_0_2_node_23,24,0.2337662337662337,0.0016802661372928,0.3775510204081632,2.6486486486486487,0.0117192688513065,14.0,10.0,1.3999999999999997,0.4166666666666667,0.5871726755218215,0.0101735278894981,0.2631578947368421,0.2635425693021598,0.7633244781783682
graph_014_mu_0_2_node_399,19,0.25,0.0011904215334474,0.3649981731823164,2.73973973973974,0.0040355163851642,12.0,7.0,1.7142857142857142,0.3684210526315788,0.2418298850574712,0.007208857894159,0.2258064516129031,0.2260757134508076,0.3800183908045977
graph_014_mu_0_2_node_622,16,0.1916666666666666,0.0012998233521335,0.3619565217391304,2.7627627627627627,0.0037873124565026,8.016,7.984,1.0045714285714284,0.499,0.2578915559772294,0.0082391717959274,0.3324799999999999,0.3327870065723905,0.2589825923917953
graph_014_mu_0_2_node_956,18,0.261437908496732,0.0013404531219045,0.3670095518001469,2.724724724724725,0.0050003860045567,11.002,6.998,1.5722857142857147,0.3887777777777779,0.3866636974789917,0.007128075488201,0.2412965517241378,0.2415657159760256,0.6077062184873948
graph_014_mu_0_2_node_647,24,0.5411255411255411,0.0007209974470104,0.3632727272727272,2.7527527527527527,0.0056812600006255,20.005,3.995,5.01,0.1664583333333333,0.1805983807299081,0.0040860751042275,0.0907878787878787,0.0909416628256197,0.8584836736694753
graph_014_mu_0_2_node_851,18,0.225,0.0010211161176098,0.3645985401459854,2.7427427427427427,0.0051423992403116,11.0,7.0,1.5714285714285718,0.388888888888889,0.2013701526653456,0.0072623140684528,0.2413793103448275,0.2416485514694862,0.2876716466647794
graph_014_mu_0_2_node_891,14,0.2967032967032967,0.0006100114939516,0.3556425774296903,2.811811811811812,0.0073834019704015,10.211,3.789,2.7461666666666664,0.2706428571428571,0.2122423114872426,0.0038652175438001,0.15682,0.1569657447900804,0.5456323893623644
graph_014_mu_0_2_node_189,29,0.3190883190883191,0.0016733015769104,0.386609907120743,2.5865865865865865,0.0261719602924844,19.01,9.99,1.9033833333333328,0.3444827586206898,0.2495982526550156,0.0104144877882714,0.2080887074829932,0.2084731456393078,0.4496718590820445
graph_014_mu_0_2_node_942,19,0.1169590643274853,0.0017143044198143,0.3801369863013699,2.630630630630631,0.0117358117234953,8.789,10.211,0.8635545454545457,0.5374210526315789,0.2796056018876654,0.0105993019710128,0.3677486772486771,0.3681413071142843,0.2194382435950421
graph_014_mu_0_2_node_492,16,0.4,0.0007733457921693,0.3651315789473684,2.7387387387387387,0.0089062086163627,11.0,5.0,2.2,0.3125,0.1563382299604429,0.0051655037214264,0.1851851851851851,0.1853775150694026,0.3439441059129745
graph_014_mu_0_2_node_105,19,0.2046783625730994,0.0013141060211468,0.367414490621552,2.7217217217217216,0.0120083190947554,10.008,8.992,1.1135238095238094,0.4732631578947369,0.2587566656489175,0.0093287996369446,0.3100066740823138,0.310352480583959,0.2878194630141635
graph_014_mu_0_2_node_65,24,0.3246753246753247,0.0014256852540532,0.3724832214765101,2.684684684684685,0.0114585746548692,16.002,7.998,2.000857142857143,0.3332499999999999,0.4429969721221823,0.0081459682781236,0.1999414634146341,0.2002491972205669,0.8307151560624251
graph_014_mu_0_2_node_245,28,0.3809523809523809,0.0017062835303189,0.376271186440678,2.6576576576576576,0.0103042396126636,20.001,7.999,2.5005,0.2856785714285713,0.293997339754353,0.0082251463245707,0.1666428571428571,0.1669507241588045,0.735078715239541
graph_014_mu_0_2_node_479,28,0.41005291005291,0.0012136464305474,0.3782658084059068,2.643643643643644,0.0112313977427128,21.009,6.991,3.0062666666666664,0.2496785714285714,0.2571186506074117,0.0071883290339842,0.1426523249299719,0.1429214271281196,0.7719574043864826
graph_014_mu_0_2_node_556,43,0.4,0.0030280061459456,0.4046172539489672,2.4714714714714714,0.0391909382521219,32.017,10.983,2.915736363636364,0.2554186046511628,0.2744360586125249,0.0114496506693213,0.1464101754385965,0.1468332338588084,0.7744691089930654
graph_014_mu_0_2_node_975,30,0.2962962962962963,0.002198233365247,0.3876600698486612,2.57957957957958,0.0104116662147222,20.003,9.997,2.001,0.3332333333333332,0.3975746039778259,0.0102568826493944,0.1999294117647059,0.2003141486457736,0.7555619461890252
graph_014_mu_0_2_node_913,16,0.2087912087912088,0.0008316375846298,0.3564038530146272,2.805805805805806,0.0065278165146591,10.005,5.995,1.6693333333333336,0.3746875,0.193686518478359,0.0061865615188484,0.2305413105413105,0.2307718875753469,0.2909013779705431
graph_014_mu_0_2_node_843,19,0.1911764705882352,0.0012499378774652,0.3613019891500904,2.767767767767768,0.0037965134775069,12.0,7.0,1.7142857142857142,0.3684210526315788,0.2261410183428209,0.0072237004310385,0.2258064516129031,0.2260757134508076,0.3553644573958616
graph_014_mu_0_2_node_632,26,0.3442028985507246,0.0015768695556088,0.3751408186256102,2.665665665665666,0.0111450334341482,18.002,7.998,2.250928571428572,0.3076153846153845,0.3613846598232961,0.0081805029177555,0.1817656565656565,0.1820734377407677,0.7680523558282082
graph_014_mu_0_2_node_365,29,0.3226600985221675,0.0025258508758886,0.3849710982658959,2.5975975975975976,0.0102869735748629,18.007,10.993,1.638267676767677,0.3790689655172414,0.4961777384326806,0.0112441461723536,0.2338636380083949,0.2342866249586669,0.8122154097108293
graph_014_mu_0_2_node_226,17,0.3428571428571428,0.0006651677430136,0.3500350385423966,2.8568568568568566,0.0031041388072265,13.015,3.985,3.27125,0.2344117647058823,0.2273832448913093,0.0040717176122137,0.1327849462365591,0.132938262841457,0.6842925918167853
graph_014_mu_0_2_node_578,21,0.3625730994152046,0.0008634000123525,0.36,2.7777777777777777,0.0047960671462568,16.004,4.996,3.2042,0.2379047619047619,0.262274322169059,0.0050934935164391,0.1350156472261735,0.1352078972683981,0.7871036682615629
graph_014_mu_0_2_node_128,33,0.3219696969696969,0.003086447346465,0.3882627283326856,2.575575575575576,0.0188194784352764,21.005,11.995,1.75125,0.3634848484848485,0.5420178858428615,0.0122692239358019,0.2221111111111111,0.2225727415895129,0.9486747428479592
graph_014_mu_0_2_node_572,42,0.3025641025641025,0.0030529457359224,0.4046172539489672,2.4714714714714714,0.0499048301894953,28.03,13.97,2.008623076923077,0.3326190476190476,0.3492478558038709,0.014562813252256,0.1995098718436747,0.2000477602047942,0.6746833792396812
graph_014_mu_0_2_node_801,30,0.4391534391534391,0.0016650233334627,0.3731789316398954,2.67967967967968,0.0087265535172599,23.002,6.998,3.2871428571428565,0.2332666666666667,0.3157932300341896,0.0071579679149193,0.1320335429769392,0.1323029559273187,0.992655473664876
graph_014_mu_0_2_node_404,23,0.4031620553359684,0.0010744295387953,0.3680913780397936,2.716716716716717,0.0078862796136462,17.002,5.998,2.83525,0.2607826086956521,0.2385448881772917,0.0061539061216558,0.149945238095238,0.1501760547243379,0.6760116860929695
graph_014_mu_0_2_node_855,39,0.4089068825910931,0.0026210044657095,0.3937721718565234,2.53953953953954,0.0228378355641577,29.024,9.976,2.911699999999999,0.2557948717948717,0.3044445315421706,0.0103209168935874,0.1466655462184873,0.147049741789156,0.8846189801819722
graph_014_mu_0_2_node_460,25,0.3233333333333333,0.001540052712546,0.3775510204081632,2.6486486486486487,0.0080413243919354,16.002,8.998,1.7785714285714291,0.35992,0.4065639923012081,0.0092033241491701,0.2194554736245038,0.2198016704471082,0.7228730233502959
graph_014_mu_0_2_node_121,16,0.1666666666666666,0.001148234890474,0.3620877129394708,2.7617617617617616,0.0068853818207193,7.0,9.0,0.777777777777778,0.5625,0.3101393023000695,0.0092690762046016,0.3913043478260869,0.3916503818912183,0.2412194573444984
graph_014_mu_0_2_node_718,31,0.3247311827956989,0.0024450188451299,0.3885647607934656,2.5735735735735736,0.0321694024430833,19.009,11.991,1.5855409090909087,0.3868064516129031,0.5412588122929248,0.0122649044701557,0.2397830467571645,0.2402444524431886,0.8574113395979354
graph_014_mu_0_2_node_490,18,0.3916666666666666,0.0007119405955215,0.3542553191489361,2.8228228228228227,0.0067005723192627,14.998,3.002,4.997,0.1667777777777777,0.1037747126436781,0.0030915409829209,0.0909772727272727,0.0910927919898489,0.483526436781609
graph_014_mu_0_2_node_698,31,0.3743842364532019,0.0021635585803598,0.3821729150726855,2.6166166166166165,0.0176999382767668,22.0,9.0,2.4444444444444438,0.2903225806451612,0.4065748897919824,0.0092059115620751,0.169811320754717,0.1701577544126715,0.9486747428479592
graph_014_mu_0_2_node_382,15,0.2285714285714285,0.0010622805623947,0.3588362068965517,2.7867867867867866,0.0037808652495608,9.997,5.003,1.9986428571428567,0.3335333333333333,0.1723701320071672,0.0051526205040987,0.200154347826087,0.2003467782154354,0.3445287051596155
graph_014_mu_0_2_node_367,23,0.1952380952380952,0.0019614324845573,0.3757051523128996,2.661661661661661,0.0137538553701198,12.984,10.016,1.2966545454545455,0.4354782608695653,0.3619047619047618,0.0103028758737896,0.2783619047619047,0.2787471643854561,0.4321904761904762
graph_014_mu_0_2_node_505,18,0.2156862745098039,0.0013706344034622,0.369179600886918,2.7087087087087087,0.0092419270521944,10.007,7.993,1.25225,0.4440555555555557,0.219235093482538,0.0082963589174152,0.2854039408866994,0.2857113405349598,0.2742773126905238
graph_014_mu_0_2_node_543,39,0.3778677462887989,0.0027105426446242,0.4004008016032064,2.497497497497497,0.0356336753054654,28.032,10.968,2.557696212121213,0.2812307692307692,0.2742182549293974,0.0114335248477674,0.1636366928601421,0.1640590439107101,0.699701416359942
graph_014_mu_0_2_node_907,22,0.4263157894736842,0.0008716027650999,0.3687707641196013,2.7117117117117115,0.0092852759637313,16.0,6.0,2.666666666666666,0.2727272727272726,0.2710648837563608,0.0061369678724964,0.1578947368421052,0.1581256126309309,0.6776622093909024
graph_014_mu_0_2_node_583,29,0.4045584045584046,0.0017776324020478,0.3772658610271903,2.650650650650651,0.0100901329458132,21.001,7.999,2.625517857142857,0.2758275862068965,0.360933509394816,0.0081818839882276,0.1599772549019608,0.1602851456182196,0.9023962734870398
graph_014_mu_0_2_node_371,19,0.3455882352941176,0.0009394665120719,0.3663366336633663,2.72972972972973,0.0103647726302577,13.0,6.0,2.166666666666667,0.3157894736842105,0.2165714285714285,0.006171939028801,0.1875,0.1877308224974994,0.4331428571428571
graph_014_mu_0_2_node_682,18,0.1830065359477124,0.0013659029295672,0.3735976065818998,2.6766766766766765,0.0062407420443585,9.018,8.982,1.0045,0.499,0.2776664054336468,0.0092838091710282,0.3324761904761904,0.3328215862313954,0.2785451933124346
graph_014_mu_0_2_node_198,20,0.3894736842105263,0.0011018753554922,0.3648648648648648,2.740740740740741,0.006539460748857,14.0,6.0,2.333333333333333,0.2999999999999999,0.3718164750957854,0.006100809620948,0.176470588235294,0.1767014284938352,0.8675717752234994
graph_014_mu_0_2_node_5,18,0.2166666666666666,0.0008071538398916,0.3615635179153094,2.765765765765766,0.0091117931388298,12.004,5.996,2.003,0.3331111111111111,0.3273053595433445,0.0061216296745509,0.19985,0.2000806509404087,0.6002697023726749
graph_014_mu_0_2_node_737,25,0.3438735177865613,0.0012117795105625,0.3764129615674453,2.6566566566566565,0.0099653551123659,17.011,7.989,2.1306547619047618,0.3195599999999999,0.293850642465099,0.0082144323191472,0.190177942212826,0.1904853536233242,0.5882145475296675
graph_014_mu_0_2_node_932,43,0.3707317073170731,0.0031828935800825,0.4056029232643118,2.4654654654654653,0.0385332029350162,31.027,11.973,2.592715151515151,0.2784418604651163,0.2993037441733439,0.0124812422656597,0.1617474537695591,0.1622085935108575,0.7496014234322466
graph_014_mu_0_2_node_216,19,0.2456140350877192,0.00114555675533,0.3701370878103001,2.701701701701701,0.0158485961487186,11.014,7.986,1.3805416666666668,0.4203157894736841,0.2469947753396028,0.0082540995417554,0.2661125,0.2664196542190209,0.3402134273772204
graph_014_mu_0_2_node_941,23,0.2924901185770751,0.0018205992444954,0.3737373737373737,2.675675675675676,0.0072511065669334,14.005,8.995,1.557335317460318,0.3910869565217391,0.2813188668388502,0.0092926123279795,0.2430830141882773,0.2434290424304584,0.4378369909791874
