,Degree,Clustering Coefficient,Betweenness,Closeness,Shortest Path,Eigenvector,E In,E Out,E In Over E Out,ODF,Expansion,Cut Ratio,Conductance,Normalised Cut,Triangle Participation
graph_049_mu_0_2_node_110,30,0.264367816091954,0.0020079960104174,0.3872093023255814,2.5825825825825826,0.044637432050607,20.007,9.993,2.002904761904762,0.3330999999999999,0.2429396665571914,0.0104230795768873,0.1998406215316315,0.20022978758663,0.486093992116212
graph_049_mu_0_2_node_858,47,0.2303030303030303,0.0042702082664954,0.4002403846153846,2.4984984984984986,0.0382160737193003,35.001,11.999,2.917022727272727,0.2552978723404255,0.2665279069767441,0.0125649145920927,0.1463276520717014,0.1467954493928203,0.7552069767441862
graph_049_mu_0_2_node_730,31,0.2967741935483871,0.0026503198084612,0.3829053277117669,2.6116116116116115,0.0219999240216746,20.0,11.0,1.8181818181818172,0.3548387096774193,0.4230769230769231,0.0112936344969199,0.215686274509804,0.2161146401003644,0.7692307692307695
graph_049_mu_0_2_node_392,44,0.2183507549361208,0.0048273997787833,0.4092585006145022,2.443443443443444,0.0456187239052757,27.002,16.998,1.588580392156863,0.3863181818181819,0.5478614770417903,0.0175426773103146,0.2394026625506463,0.2400648106362964,0.83800123791741
graph_049_mu_0_2_node_263,21,0.3333333333333333,0.0014097942751369,0.3628768616055212,2.755755755755756,0.0113015641694948,16.0,5.0,3.2000000000000006,0.2380952380952381,0.2631578947368421,0.0050968399592252,0.1351351351351351,0.1353298316033412,0.7894736842105262
graph_049_mu_0_2_node_388,18,0.196078431372549,0.0011837913875248,0.3643326039387308,2.744744744744745,0.0091673316954405,11.0,7.0,1.5714285714285718,0.388888888888889,0.2000827586206896,0.0072537963639856,0.2413793103448275,0.2416517580932416,0.3144157635467979
graph_049_mu_0_2_node_175,23,0.2476190476190476,0.0018209799242856,0.3737373737373737,2.675675675675676,0.015395211827607,13.0,10.0,1.3000000000000005,0.4347826086956522,0.3451494252873564,0.0102985147971372,0.2777777777777778,0.2781670039960558,0.4141793103448276
graph_049_mu_0_2_node_973,16,0.325,0.0005909889191652,0.3653986832479883,2.736736736736737,0.0156498948662116,11.0,5.0,2.2,0.3125,0.1315307017543859,0.0051976268412438,0.1851851851851851,0.1853798058694714,0.2893675438596492
graph_049_mu_0_2_node_486,18,0.1503267973856209,0.0012211318212928,0.3710995542347697,2.694694694694695,0.017150151949713,9.001,8.999,1.00025,0.4999444444444444,0.199893023255814,0.0094234124210936,0.3332857142857142,0.3336358835893446,0.1999162790697674
graph_049_mu_0_2_node_228,30,0.3015873015873015,0.0021018460203414,0.3830521472392638,2.6106106106106104,0.0249438496788016,20.001,9.999,2.0003333333333333,0.3332999999999999,0.4542409090909089,0.0102242983944654,0.1999764705882353,0.2003658701151302,0.8631060606060604
graph_049_mu_0_2_node_706,32,0.189516129032258,0.0028344764170242,0.3894736842105263,2.5675675675675675,0.0300949466649091,20.0,12.0,1.666666666666667,0.375,0.2399100000000001,0.0126319908466819,0.2307692307692308,0.2312365204888569,0.39985
graph_049_mu_0_2_node_582,20,0.1895424836601307,0.0013248380715648,0.3702742772424018,2.700700700700701,0.0149331408328,11.0,9.0,1.2222222222222217,0.4500000000000001,0.2726977886977885,0.0093071741294494,0.2903225806451612,0.2906728433421841,0.302997542997543
graph_049_mu_0_2_node_253,29,0.2763532763532763,0.0016967752672637,0.380281690140845,2.6296296296296298,0.0276798406744554,19.004,9.996,1.90145,0.3446896551724139,0.3021343368790177,0.0103389621269382,0.2082366666666666,0.2086259191487224,0.5440418063822317
graph_049_mu_0_2_node_937,19,0.1695906432748538,0.0017289859879546,0.3747186796699174,2.6686686686686687,0.0142481172618553,9.999,9.001,1.1109,0.4737368421052632,0.3102472487160675,0.0092700194410193,0.3103916256157636,0.3107418999214288,0.3102259721203229
graph_049_mu_0_2_node_400,23,0.2964426877470356,0.0014536492971797,0.3779795686719637,2.645645645645646,0.0232043970252373,15.005,7.995,1.877327380952381,0.3476086956521738,0.3466611502850652,0.0081846794906491,0.2103742240215924,0.2106854832142031,0.6501905954505425
graph_049_mu_0_2_node_470,30,0.3425287356321839,0.0015313330491057,0.3852680293096799,2.5955955955955954,0.0461303714483493,23.002,6.998,3.2871428571428565,0.2332666666666667,0.1700906252260412,0.0072993364968036,0.1320335429769392,0.1323061675981801,0.558965505357474
graph_049_mu_0_2_node_539,30,0.2597701149425287,0.001914143023822,0.3814432989690721,2.621621621621621,0.022687884861224,22.001,7.999,2.7505357142857143,0.2666333333333333,0.2104324561403508,0.0083151391162029,0.1538243831640058,0.1541359678016696,0.5787517543859652
graph_049_mu_0_2_node_763,29,0.3645320197044335,0.0018495593525905,0.3810068649885583,2.6246246246246248,0.0255535659474763,21.006,7.994,2.628279761904761,0.2756551724137931,0.2652444083694083,0.0082440774461789,0.1598644042232277,0.160175769989166,0.6965505303030302
graph_049_mu_0_2_node_793,15,0.141025641025641,0.0007401021023538,0.3571683947086164,2.7997997997998,0.0083249290644212,8.0,7.0,1.1428571428571423,0.4666666666666667,0.2000827586206896,0.0072537963639856,0.3043478260869565,0.3046202102264172,0.2000827586206896
graph_049_mu_0_2_node_113,24,0.1340579710144927,0.0021487942748221,0.3929976396538159,2.5445445445445447,0.0287307137444214,11.0,13.0,0.8461538461538461,0.5416666666666667,0.2599024999999999,0.013684656750572,0.3714285714285715,0.3719344276875699,0.2199175
graph_049_mu_0_2_node_767,32,0.4213709677419355,0.0018396786530847,0.3857142857142857,2.592592592592593,0.0329965200060518,24.0,8.0,3.0,0.25,0.2845930242980331,0.0082327379675518,0.1428571428571428,0.1431688149780716,0.8537790728940997
graph_049_mu_0_2_node_976,16,0.275,0.0007630338012258,0.3588362068965517,2.7867867867867866,0.0104819684770329,11.0,5.0,2.2,0.3125,0.1516414141414141,0.0051705518358372,0.1851851851851851,0.1853798058694714,0.3336111111111111
graph_049_mu_0_2_node_130,35,0.3143939393939394,0.0022245697594703,0.3894736842105263,2.5675675675675675,0.033250091025305,25.001,9.999,2.5003888888888888,0.2856857142857142,0.3222747867171462,0.0103194082942219,0.1666475409836065,0.1670370922167378,0.7735236390645469
graph_049_mu_0_2_node_542,21,0.2428571428571428,0.0008493600972073,0.3653986832479883,2.736736736736737,0.0188490573576593,17.0,4.0,4.25,0.1904761904761905,0.07997,0.0042106636155606,0.1052631578947368,0.1054189332666505,0.3398724999999999
graph_049_mu_0_2_node_298,22,0.1789473684210526,0.0016598763199085,0.3775510204081632,2.6486486486486487,0.0208447168603658,13.001,8.999,1.4447499999999995,0.4090454545454546,0.4494742857142858,0.0091831217471056,0.2571079365079364,0.2574582148518815,0.5993457142857141
graph_049_mu_0_2_node_495,17,0.2571428571428571,0.0006035648963238,0.355136864557412,2.815815815815816,0.0096425130969699,12.0,5.0,2.399999999999999,0.2941176470588235,0.2497190476190476,0.0051023190992691,0.1724137931034483,0.1726084289397985,0.5493819047619047
graph_049_mu_0_2_node_477,21,0.5285714285714286,0.0006527923673833,0.3648648648648648,2.740740740740741,0.0200801866293545,18.0,3.0,6.0,0.1428571428571428,0.0829958877868735,0.0031128920027297,0.0769230769230769,0.0770399221032132,0.4979753267212414
graph_049_mu_0_2_node_324,19,0.239766081871345,0.0007430951023298,0.3651315789473684,2.7387387387387387,0.0155284712861607,15.0,4.0,3.75,0.2105263157894736,0.0888465116279069,0.0041886695613321,0.1176470588235294,0.117802809933256,0.3331744186046511
graph_049_mu_0_2_node_910,32,0.2735632183908046,0.0027451952872244,0.3830521472392638,2.6106106106106104,0.0253322529524737,21.0,11.0,1.9090909090909096,0.34375,0.4230769230769231,0.0112936344969199,0.2075471698113208,0.2079755687675851,0.7692307692307695
graph_049_mu_0_2_node_640,25,0.1333333333333333,0.0019745852963587,0.392688679245283,2.5465465465465464,0.0352030556040132,11.0,14.0,0.7857142857142859,0.5600000000000003,0.2798950000000001,0.0147373226544622,0.388888888888889,0.3894336359706009,0.2199175
graph_049_mu_0_2_node_562,23,0.1739130434782608,0.0014615439208454,0.3817348108521207,2.61961961961962,0.0263602511264966,13.0,10.0,1.3000000000000005,0.4347826086956522,0.199925,0.0105266590389016,0.2777777777777778,0.2781670039960558,0.2599024999999999
graph_049_mu_0_2_node_857,29,0.2733990147783251,0.0017408450507173,0.3781226343679031,2.6446446446446448,0.0239492718453,23.0,6.0,3.8333333333333344,0.2068965517241379,0.1332697674418604,0.0062830043419982,0.1153846153846154,0.1156183694753119,0.5108674418604651
graph_049_mu_0_2_node_97,24,0.3506493506493506,0.0010962026268888,0.3781226343679031,2.6446446446446448,0.0374191128460303,17.005,6.995,2.4314285714285715,0.2914583333333333,0.1700537190996686,0.0072960695951181,0.1705923344947735,0.1708647149902739,0.3888893143476932
graph_049_mu_0_2_node_929,29,0.3162393162393162,0.00155141093413,0.3842307692307692,2.6026026026026026,0.042291486617653,20.004,8.996,2.223833333333333,0.3102068965517242,0.2186626212331963,0.0093833539926525,0.183578775510204,0.1839291281113332,0.4617897673114183
graph_049_mu_0_2_node_50,23,0.2095238095238095,0.0019435862182119,0.375,2.6666666666666665,0.0141822824257132,13.0,10.0,1.3000000000000005,0.4347826086956522,0.302997542997543,0.0103413045882771,0.2777777777777778,0.2781670039960558,0.3635970515970516
graph_049_mu_0_2_node_905,32,0.377016129032258,0.0017189717423923,0.3875096974398759,2.5805805805805804,0.0358957937860267,25.0,7.0,3.5714285714285707,0.21875,0.225605558249172,0.0072243249823017,0.1228070175438596,0.1230797625273001,0.8057341366041862
graph_049_mu_0_2_node_25,19,0.3676470588235294,0.0006909327477606,0.3530035335689045,2.8328328328328327,0.0087436482551098,15.0,4.0,3.75,0.2105263157894736,0.2105263157894736,0.0040774719673802,0.1176470588235294,0.117802809933256,0.7368421052631577
graph_049_mu_0_2_node_139,19,0.1764705882352941,0.0013863753042688,0.3693160813308687,2.707707707707708,0.0115311027747749,10.0,9.0,1.1111111111111112,0.4736842105263158,0.3102259721203229,0.009268970123076,0.3103448275862069,0.3106950630222498,0.3102259721203229
graph_049_mu_0_2_node_908,30,0.1984126984126984,0.0020423048210502,0.3852680293096799,2.5955955955955954,0.0266290450316692,21.0,9.0,2.333333333333333,0.2999999999999999,0.1999046511627907,0.0094245065129973,0.176470588235294,0.176821123775703,0.444232558139535
graph_049_mu_0_2_node_666,26,0.2246153846153846,0.0022189000271694,0.3823191733639495,2.6156156156156154,0.0199134149734385,17.999,8.001,2.2496388888888887,0.3077307692307692,0.20511872909699,0.0083257711110674,0.181845665961945,0.182157231341568,0.4614464882943144
graph_049_mu_0_2_node_503,21,0.3476190476190476,0.0011123643977483,0.3713754646840149,2.6926926926926926,0.0306525622411577,15.001,5.999,2.5007,0.2856666666666665,0.145795601116703,0.0062573875266332,0.1666351351351351,0.1668687046953317,0.3645280652917578
graph_049_mu_0_2_node_316,20,0.3137254901960784,0.0007434202675674,0.3719285182427401,2.6886886886886887,0.0189497809590203,15.0,5.0,3.0,0.25,0.1315307017543859,0.0051976268412438,0.1428571428571428,0.1430518241638437,0.3682859649122805
graph_049_mu_0_2_node_918,24,0.1992753623188405,0.0014938163089632,0.3795592705167173,2.6346346346346348,0.0228061494524986,16.0,8.0,2.0,0.3333333333333332,0.15994,0.0084213272311212,0.2,0.2003114779629342,0.31988
graph_049_mu_0_2_node_819,29,0.2807881773399014,0.0020486396489101,0.392226148409894,2.5495495495495497,0.0524425581208959,19.004,9.996,1.9012888888888884,0.3446896551724139,0.2077468624055181,0.010502146285601,0.208234693877551,0.2086239463777885,0.3948605228992838
graph_049_mu_0_2_node_668,33,0.3827956989247312,0.0017233611998284,0.3869093725793958,2.5845845845845847,0.0341550374484965,24.002,8.998,2.667583333333333,0.2726666666666665,0.320136199954335,0.0092596911148913,0.1578548094373865,0.1582053490715826,0.8182358972377978
graph_049_mu_0_2_node_687,22,0.3722943722943723,0.0009060305990424,0.3668747704737422,2.725725725725726,0.0194951043857342,17.002,4.998,3.402199999999999,0.2271818181818181,0.1382961766144862,0.0051860120102597,0.1281487179487179,0.1283433517325383,0.4703100307922836
graph_049_mu_0_2_node_520,29,0.4778325123152709,0.0008929977697278,0.379703534777651,2.6336336336336337,0.0762336873837118,25.0,4.0,6.25,0.1379310344827586,0.090699193932168,0.0041848689826162,0.074074074074074,0.0742299465703721,0.5668699620760506
graph_049_mu_0_2_node_649,29,0.3423645320197044,0.0019734428373507,0.3851195065535852,2.5965965965965965,0.0282591500957705,19.003,9.997,1.9009666666666665,0.3447241379310345,0.355688706219999,0.0102877387525363,0.2082593537414966,0.2086486451415968,0.6759610068603714
graph_049_mu_0_2_node_624,37,0.2302521008403361,0.0028661722583684,0.396271320904403,2.523523523523524,0.030126126727378,26.0,11.0,2.363636363636364,0.2972972972972973,0.2893675438596492,0.0114347790507365,0.1746031746031745,0.1750317404659556,0.6576535087719301
graph_049_mu_0_2_node_589,23,0.225296442687747,0.0021089175739893,0.3761295180722891,2.6586586586586587,0.0182510845405677,12.999,10.001,1.2997909090909092,0.4348260869565218,0.3452160919540231,0.0102995300255636,0.2778142857142857,0.2782035508051974,0.4141793103448276
graph_049_mu_0_2_node_268,27,0.4466666666666666,0.0012350944895538,0.3737373737373737,2.675675675675676,0.0268232372922201,21.001,5.999,3.5009,0.2221851851851852,0.2134291432235249,0.0061734850995955,0.1249770408163265,0.1252107195552001,0.7114981857450828
graph_049_mu_0_2_node_653,21,0.239766081871345,0.0012278295194313,0.3701370878103001,2.701701701701701,0.0139625178856697,13.0,8.0,1.625,0.3809523809523811,0.2426262626262625,0.0082728829373395,0.2352941176470588,0.2356055228630961,0.3639393939393939
graph_049_mu_0_2_node_30,18,0.3398692810457516,0.0010845123948847,0.3537535410764872,2.8268268268268266,0.0077447364592103,13.0,5.0,2.600000000000001,0.2777777777777778,0.2631578947368421,0.0050968399592252,0.1612903225806451,0.1614849735714187,0.6842105263157895
graph_049_mu_0_2_node_211,20,0.4421052631578947,0.0008211163091207,0.3667400881057269,2.7267267267267266,0.0158709535866538,15.001,4.999,3.001,0.2499499999999999,0.2271121212121211,0.0051116172823391,0.1428253968253967,0.1430200392140308,0.6813863636363635
graph_049_mu_0_2_node_752,29,0.3472906403940887,0.001570547959726,0.3858632676709154,2.5915915915915915,0.0322361016359103,21.002,7.998,2.626208333333333,0.2757931034482759,0.2578010254082548,0.0082542460098326,0.1599553846153846,0.1602669060535136,0.6768505730526013
graph_049_mu_0_2_node_238,39,0.3273273273273273,0.0024965533749581,0.3945497630331753,2.5345345345345347,0.0381632021703275,30.003,8.997,3.334958333333334,0.2306923076923077,0.2719336016038142,0.0093056935936395,0.1303863354037266,0.1307370000491092,0.8764483071078817
graph_049_mu_0_2_node_859,15,0.2095238095238095,0.0006320272789321,0.3615635179153094,2.765765765765766,0.0137621647910894,10.0,5.0,2.0,0.3333333333333332,0.0999625,0.0052633295194508,0.2,0.2001946055345813,0.199925
graph_049_mu_0_2_node_467,20,0.4444444444444444,0.0007761223402801,0.3598703170028818,2.7787787787787788,0.0121445380055054,15.0,5.0,3.0,0.25,0.1725747126436782,0.0051492573985686,0.1428571428571428,0.1430518241638437,0.4832091954022987
graph_049_mu_0_2_node_599,40,0.2153846153846154,0.0040776220903169,0.3996,2.5025025025025025,0.0298886510051559,27.0,13.0,2.076923076923077,0.3250000000000001,0.3419798245614035,0.013513829787234,0.1940298507462686,0.1945363376750098,0.7102657894736842
graph_049_mu_0_2_node_698,22,0.238095238095238,0.0010779055816966,0.3687707641196013,2.7117117117117115,0.0175649120273743,16.0,6.0,2.666666666666666,0.2727272727272726,0.1332697674418604,0.0062830043419982,0.1578947368421052,0.1581283635066953,0.3553860465116278
graph_049_mu_0_2_node_361,21,0.3450292397660818,0.0013311574019414,0.3628768616055212,2.755755755755756,0.0126743139149568,14.001,6.999,2.0005,0.3332857142857142,0.1795145888594164,0.0072829742019073,0.1999666666666667,0.2002391391508347,0.3334827586206896
graph_049_mu_0_2_node_382,14,0.3186813186813186,0.0003490834304508,0.3537535410764872,2.8268268268268266,0.0137304787640519,11.0,3.0,3.6666666666666656,0.2142857142857142,0.0666348837209302,0.0031415021709991,0.12,0.1201167815018101,0.2443279069767441
graph_049_mu_0_2_node_29,35,0.3901515151515151,0.0019589991638624,0.3920722135007849,2.5505505505505504,0.0375707025686868,26.001,8.999,2.889374999999999,0.2571142857142857,0.3201528666210017,0.0092607549446786,0.1475224748810152,0.1478731080754527,0.8893674866456395
graph_049_mu_0_2_node_944,20,0.4379084967320261,0.0010550495036912,0.3584499461786867,2.78978978978979,0.009448136822657,15.999,4.001,3.999,0.20005,0.1026339522546419,0.0041633179049886,0.1111428571428571,0.1112986593007993,0.384713527851459
graph_049_mu_0_2_node_78,24,0.3073593073593073,0.0016488557110561,0.3726221559119731,2.683683683683684,0.0139544984374984,15.0,9.0,1.666666666666667,0.375,0.3106344827586207,0.0092686633174235,0.2307692307692308,0.2311196025526231,0.4832091954022987
graph_049_mu_0_2_node_354,25,0.36,0.00112582842418,0.3719285182427401,2.6886886886886887,0.0251193559220013,19.0,6.0,3.166666666666666,0.2400000000000001,0.1933761927850046,0.0061922785562586,0.1363636363636363,0.1365973176223993,0.6123579438191816
graph_049_mu_0_2_node_173,19,0.3161764705882353,0.0009178543158039,0.3576799140708915,2.795795795795796,0.0089890169255796,14.0,5.0,2.7999999999999994,0.2631578947368421,0.1516414141414141,0.0051705518358372,0.1515151515151515,0.1517098176627085,0.3942676767676766
graph_049_mu_0_2_node_229,20,0.4,0.0009128508183758,0.3726221559119731,2.683683683683684,0.0217248939122371,14.0,6.0,2.333333333333333,0.2999999999999999,0.1933761927850046,0.0061922785562586,0.176470588235294,0.1767041785179383,0.4512111164983441
graph_049_mu_0_2_node_326,21,0.3238095238095238,0.0008660415420413,0.3723443906075289,2.685685685685686,0.0235521045099319,14.005,6.995,2.0029,0.333095238095238,0.2114596202308967,0.0072349188787974,0.199836936936937,0.2001092537912672,0.4231724872150402
graph_049_mu_0_2_node_617,20,0.3052631578947368,0.000847549469827,0.3710995542347697,2.694694694694695,0.021824295151693,15.0,5.0,3.0,0.25,0.0999625,0.0052633295194508,0.1428571428571428,0.1430518241638437,0.2998874999999999
graph_049_mu_0_2_node_148,20,0.2156862745098039,0.0013338628804783,0.369179600886918,2.7087087087087087,0.0120453624899457,13.999,6.001,2.332857142857143,0.3000499999999999,0.1538444816053511,0.0062445903878079,0.17650623885918,0.1767398680417125,0.3332608695652174
graph_049_mu_0_2_node_377,23,0.2687747035573122,0.0016061717408215,0.380281690140845,2.6296296296296298,0.0245355733591309,13.002,9.998,1.3005750000000005,0.4346956521739131,0.3222559187926179,0.0103183523280129,0.2777105263157894,0.2780996747615594,0.4190194868832333
graph_049_mu_0_2_node_335,23,0.2648221343873518,0.0014534273187521,0.3811522319725295,2.623623623623624,0.0216774038461135,15.001,7.999,1.8754107142857144,0.347782608695652,0.1776813953488371,0.0083762450307605,0.2104952766531713,0.2108066914634828,0.3331860465116278
graph_049_mu_0_2_node_482,22,0.303030303030303,0.0011754702248523,0.3778366111951589,2.6466466466466465,0.0226301742372887,15.003,6.997,2.144428571428572,0.3180454545454546,0.1936146266809733,0.0072601840727905,0.1890953058321479,0.1893677217209017,0.4150218837560996
graph_049_mu_0_2_node_475,26,0.3188405797101449,0.0012433767865941,0.3804265041888804,2.6286286286286287,0.0393014541145732,19.001,6.999,2.714904761904763,0.2691923076923077,0.1701013324302712,0.0073004389903104,0.1555304347826086,0.1558030133821763,0.4374454430559917
graph_049_mu_0_2_node_188,16,0.35,0.0007281823592067,0.3588362068965517,2.7867867867867866,0.008762470258329,11.999,4.001,2.9992,0.2500625,0.1212260442260441,0.00413756025691,0.1428994708994708,0.143055224536038,0.3635700245700245
graph_049_mu_0_2_node_264,20,0.392156862745098,0.0009187767192526,0.359740727403673,2.77977977977978,0.0093912991686683,14.999,5.001,2.999333333333333,0.25005,0.1726413793103449,0.005150272626995,0.1428907563025209,0.1430854765181978,0.483142528735632
graph_049_mu_0_2_node_585,22,0.341991341991342,0.0010302110661219,0.3742974896965155,2.6716716716716715,0.0222899933636941,14.003,7.997,1.7511785714285713,0.3635,0.2845407326313665,0.0082295531301172,0.2221231231231232,0.2224344358937862,0.4980534175215581
graph_049_mu_0_2_node_37,32,0.3064516129032258,0.0025146855805147,0.386609907120743,2.5865865865865865,0.0289535621803526,20.006,11.994,1.6681696969696973,0.3748125,0.5200079001344209,0.0122786536493165,0.2306307584798151,0.2310978148457723,0.8669081562297212
graph_049_mu_0_2_node_376,23,0.3761904761904762,0.0008896706559702,0.3704115684093437,2.6996996996997,0.0221512114963637,17.0,6.0,2.833333333333333,0.2608695652173912,0.1989920562770563,0.00618793176266,0.1499999999999999,0.1502336448598131,0.5306454834054835
graph_049_mu_0_2_node_581,27,0.3533333333333333,0.0013198729817816,0.3795592705167173,2.6346346346346348,0.0315603149717157,20.002,6.998,2.8586857142857136,0.2591851851851851,0.2115180617893383,0.0072380727433144,0.1488892748588798,0.1491618357612643,0.574216928381822
graph_049_mu_0_2_node_451,22,0.2052631578947368,0.001493318264932,0.3690432212781677,2.70970970970971,0.0131818936955792,13.0,9.0,1.444444444444444,0.4090909090909091,0.2729545454545453,0.0093069933045069,0.2571428571428571,0.2574931743745726,0.3639393939393939
graph_049_mu_0_2_node_812,16,0.2916666666666667,0.0008560837334237,0.3578080229226361,2.794794794794795,0.0097233806165659,10.0,6.0,1.666666666666667,0.375,0.1817985257985258,0.0062047827529662,0.2307692307692308,0.2310027483219667,0.302997542997543
graph_049_mu_0_2_node_935,24,0.2717391304347826,0.0016586369314016,0.374578177727784,2.66966966966967,0.0172620281099948,16.0,8.0,2.0,0.3333333333333332,0.3076923076923076,0.0082135523613963,0.2,0.2003114779629342,0.6153846153846152
graph_049_mu_0_2_node_158,19,0.4117647058823529,0.0005714772220239,0.3606498194945848,2.7727727727727727,0.0153726612045925,15.0,4.0,3.75,0.2105263157894736,0.1538461538461538,0.0041067761806981,0.1176470588235294,0.117802809933256,0.5384615384615384
graph_049_mu_0_2_node_510,28,0.2671957671957672,0.0015947531584468,0.389018691588785,2.5705705705705704,0.0529805386490403,18.004,9.996,1.8013222222222227,0.3569999999999999,0.2077446067664203,0.0105021602501311,0.2172887758248536,0.2176779980027343,0.3740607416177588
graph_049_mu_0_2_node_550,22,0.3368421052631579,0.0009714786990172,0.3717901004838109,2.68968968968969,0.0169436436412335,16.0,6.0,2.666666666666666,0.2727272727272726,0.2307692307692308,0.0061601642710472,0.1578947368421052,0.1581283635066953,0.5769230769230768
graph_049_mu_0_2_node_893,31,0.3940886699507389,0.001660559057783,0.3766968325791855,2.6546546546546548,0.0209869842040176,24.0,7.0,3.4285714285714284,0.2258064516129031,0.2692307692307692,0.0071868583162217,0.1272727272727272,0.1275454510035878,0.884615384615385
graph_049_mu_0_2_node_742,17,0.2867647058823529,0.0007570600773627,0.3655323819978046,2.735735735735736,0.0168110164612565,10.0,7.0,1.4285714285714282,0.411764705882353,0.2115440358153123,0.0072402395905517,0.2592592592592592,0.2595316858013881,0.3022057654504463
graph_049_mu_0_2_node_874,17,0.2666666666666666,0.0006900820586278,0.3593525179856115,2.7827827827827827,0.0107137411209322,11.001,5.999,1.8338999999999996,0.3528823529411763,0.299642857142857,0.006121730287544,0.214243842364532,0.2144773391956042,0.4994580952380952
graph_049_mu_0_2_node_157,36,0.2873015873015873,0.002188661853047,0.4002403846153846,2.4984984984984986,0.0636764692362516,26.005,9.995,2.6020000000000003,0.2776388888888888,0.2077321565231651,0.0105010733242277,0.1611981566820276,0.161587582586356,0.5403321838552099
graph_049_mu_0_2_node_707,26,0.1521739130434782,0.0017904308020972,0.384526558891455,2.6006006006006004,0.0256749245623233,17.0,9.0,1.8888888888888888,0.3461538461538461,0.1799325,0.0094739931350114,0.2093023255813953,0.209652751933457,0.31988
graph_049_mu_0_2_node_85,40,0.2745376955903271,0.0032543731501396,0.392226148409894,2.5495495495495497,0.0361543741843899,29.003,10.997,2.637454545454545,0.274925,0.3042758103968046,0.0114107067430967,0.1593706004140786,0.1597991497109758,0.774670730832552
graph_049_mu_0_2_node_913,41,0.3063427800269905,0.0034159408197208,0.3983253588516746,2.5105105105105103,0.0407344590262846,30.002,10.998,2.72810101010101,0.2682439024390245,0.3323993149684638,0.0113753595293674,0.1548979355585568,0.155326557176898,0.8764237468333212
graph_049_mu_0_2_node_751,17,0.2647058823529412,0.001053202564226,0.367684946632315,2.71971971971972,0.0144120948218928,9.0,8.0,1.125,0.4705882352941177,0.2761195402298851,0.0082388118377098,0.3076923076923076,0.3080036159653251,0.3106344827586207
graph_049_mu_0_2_node_681,18,0.3416666666666667,0.0008158691338325,0.3562767475035663,2.8068068068068066,0.0089127473828108,13.0,5.0,2.600000000000001,0.2777777777777778,0.1723477622890683,0.0051494278461533,0.1612903225806451,0.1614849735714187,0.4136346294937638
graph_049_mu_0_2_node_560,23,0.2569169960474308,0.0014018520339781,0.3708240534521158,2.6966966966966965,0.0183628826026626,15.002,7.998,1.8758214285714283,0.3477391304347825,0.2212960516421892,0.008298880838448,0.210464237516869,0.2107756134272997,0.4150057547238416
graph_049_mu_0_2_node_44,30,0.3586206896551724,0.0017261656546906,0.3857142857142857,2.592592592592593,0.053848147615469,23.001,6.999,3.2864285714285706,0.2333,0.1454426693592871,0.0073534790553958,0.1320545073375262,0.1323271708889429,0.4779442809560253
graph_049_mu_0_2_node_290,19,0.4619883040935672,0.0005524788920498,0.374859287054409,2.667667667667668,0.0518779962986333,15.0,4.0,3.75,0.2105263157894736,0.090699193932168,0.0041848689826162,0.1176470588235294,0.117802809933256,0.3401219772456302
graph_049_mu_0_2_node_932,25,0.2015810276679842,0.0021696490571036,0.3791271347248577,2.6376376376376376,0.0155983256600504,14.0,11.0,1.272727272727273,0.4400000000000001,0.3332972972972972,0.0113754350471048,0.282051282051282,0.282479447556712,0.3938968058968058
graph_049_mu_0_2_node_310,24,0.2826086956521739,0.0011155870840931,0.3741573033707865,2.6726726726726726,0.0211972080486943,19.001,4.999,3.801199999999999,0.2082916666666666,0.111046511627907,0.0052347428597614,0.1162536997885835,0.1164484028252898,0.4220209302325581
graph_049_mu_0_2_node_314,21,0.3142857142857143,0.0011491150079735,0.375281743050338,2.664664664664665,0.0229782002019233,13.002,7.998,1.62575,0.3808571428571429,0.2212920644013598,0.0082989040129894,0.2352235294117647,0.235534856840144,0.359679150106755
graph_049_mu_0_2_node_119,22,0.4473684210526316,0.0007908263616814,0.3668747704737422,2.725725725725726,0.0210360030202845,17.002,4.998,3.402199999999999,0.2271818181818181,0.177836354471985,0.0051433333293237,0.1281487179487179,0.1283433517325383,0.5692203343103521
graph_049_mu_0_2_node_115,28,0.2615384615384615,0.0017535759560703,0.3896255850234009,2.5665665665665665,0.0420174792368887,18.004,9.996,1.8013222222222227,0.3569999999999999,0.2429729824704394,0.010426376264347,0.2172887758248536,0.2176779980027343,0.4131775350547247
graph_049_mu_0_2_node_667,25,0.3133333333333333,0.0012391450516068,0.3795592705167173,2.6346346346346348,0.0393144065355104,18.003,6.997,2.5732142857142857,0.2798800000000001,0.1700788605201589,0.0072982436006287,0.1627114164904862,0.1629838960303098,0.4374454430559917
graph_049_mu_0_2_node_222,16,0.3833333333333333,0.0006655520955644,0.3581929006812477,2.791791791791792,0.0125064010101679,11.0,5.0,2.2,0.3125,0.2271287878787878,0.0051126811121263,0.1851851851851851,0.1853798058694714,0.4996833333333333
graph_049_mu_0_2_node_68,28,0.2645502645502645,0.0017415321669461,0.3804265041888804,2.6286286286286287,0.0226979920149122,21.0,7.0,3.0,0.25,0.1554813953488371,0.0073301717323312,0.1428571428571428,0.1431298028501316,0.4664441860465117
graph_049_mu_0_2_node_665,28,0.2619047619047619,0.0019752035995957,0.390081999219055,2.563563563563564,0.0306566467738922,18.002,9.998,1.8006222222222228,0.3570714285714284,0.3021763789210597,0.0103410522656078,0.2173395004625347,0.2177288004431781,0.5439997643401896
graph_049_mu_0_2_node_537,18,0.2418300653594771,0.0011856609753387,0.3682270549207519,2.715715715715716,0.010124691723012,11.0,7.0,1.5714285714285718,0.388888888888889,0.2000827586206896,0.0072537963639856,0.2413793103448275,0.2416517580932416,0.3144157635467979
graph_049_mu_0_2_node_881,19,0.2163742690058479,0.0010139990126549,0.3713754646840149,2.6926926926926926,0.0209082369574251,11.002,7.998,1.3757916666666667,0.4209473684210525,0.2417375853333299,0.0082723997048452,0.2665875,0.2668987789523402,0.3324533690225179
graph_049_mu_0_2_node_208,45,0.2151515151515151,0.0042736501353219,0.4052738336713996,2.4674674674674675,0.045541953571012,33.0,12.0,2.75,0.2666666666666666,0.2399100000000001,0.0126319908466819,0.1538461538461538,0.1543139171579181,0.6597525000000001
graph_049_mu_0_2_node_625,24,0.2463768115942029,0.0017107824396501,0.379703534777651,2.6336336336336337,0.024778251921431,16.0,8.0,2.0,0.3333333333333332,0.15994,0.0084213272311212,0.2,0.2003114779629342,0.31988
graph_049_mu_0_2_node_58,46,0.2695560253699788,0.0044865312800139,0.4028225806451613,2.4824824824824825,0.0440888993616676,33.01,12.99,2.5415710955710966,0.282391304347826,0.3594880424205816,0.013478513512747,0.1644124706985466,0.1649188052662018,0.8854502743825221
graph_049_mu_0_2_node_286,23,0.2766798418972332,0.0013096875957758,0.3799923925446938,2.6316316316316315,0.0408056042745049,15.004,7.996,1.876642857142857,0.3476521739130433,0.1661877323844972,0.0084008450501116,0.2104021592442644,0.2107134573549335,0.3117159470677685
graph_049_mu_0_2_node_440,34,0.2661290322580645,0.0025447577006246,0.3867595818815331,2.5855855855855854,0.0287789669464345,24.001,9.999,2.4003777777777766,0.2940882352941176,0.2766368302573204,0.0103752405776847,0.1723939216832262,0.1727834425656544,0.636317935398289
graph_049_mu_0_2_node_803,23,0.1095238095238095,0.0021858862866232,0.3789833080424886,2.6386386386386387,0.0166715143254295,10.0,13.0,0.7692307692307695,0.5652173913043478,0.6842105263157895,0.0132517838939857,0.3939393939393938,0.394445210833678,0.4736842105263158
graph_049_mu_0_2_node_974,17,0.2426470588235294,0.000873362656024,0.3618254255704455,2.763763763763764,0.0105178318130078,10.0,7.0,1.4285714285714282,0.411764705882353,0.3496066666666665,0.0071432467389768,0.2592592592592592,0.2595316858013881,0.4994380952380952
graph_049_mu_0_2_node_559,20,0.2091503267973856,0.0012590992993874,0.3689069423929099,2.710710710710711,0.0144194351819055,11.002,8.998,1.2228571428571424,0.4499000000000001,0.3101834189288335,0.0092668714871893,0.2902443792766373,0.290594564201134,0.344738077769626
graph_049_mu_0_2_node_911,18,0.225,0.0008708512921364,0.3611713665943601,2.7687687687687688,0.0086769335508809,12.002,5.998,2.0012,0.3332222222222222,0.1714305418719211,0.0062154800083243,0.1999225806451613,0.2001560567513468,0.3144847290640393
graph_049_mu_0_2_node_277,20,0.2421052631578947,0.0015028032087963,0.3666055045871559,2.727727727727728,0.009617339519756,11.001,8.999,1.2224999999999997,0.4499500000000001,0.2726707616707615,0.0093061357078502,0.2902822580645161,0.2906324818798165,0.3333243243243242
graph_049_mu_0_2_node_218,19,0.4269005847953216,0.0007579304855035,0.367820324005891,2.7187187187187187,0.0206186185917313,15.001,3.999,3.751583333333333,0.2104736842105262,0.1106450546835733,0.0041494565722252,0.1176151260504201,0.1177708382360163,0.414995567966626
graph_049_mu_0_2_node_126,23,0.3794466403162055,0.0012843098365366,0.369179600886918,2.7087087087087087,0.0222537944974184,16.004,6.996,2.288342857142857,0.3041739130434782,0.2489662646818317,0.0071993167172788,0.1793721075672295,0.1796445057425486,0.5691860485960663
graph_049_mu_0_2_node_662,28,0.3107692307692307,0.001734611958501,0.388867263526664,2.5715715715715715,0.0649576468476109,19.004,8.996,2.1128888888888886,0.3212857142857143,0.2040134848548409,0.0094116679654418,0.1913920972644376,0.1917424225602794,0.4082060741872937
graph_049_mu_0_2_node_474,25,0.300395256916996,0.0013328094596331,0.3808616088448341,2.625625625625626,0.0348899034948648,17.0,8.0,2.125,0.32,0.1944149681556041,0.0083446078702688,0.1904761904761905,0.1907876926956437,0.3888299363112082
graph_049_mu_0_2_node_975,20,0.3210526315789473,0.0010769082170593,0.3735976065818998,2.6766766766766765,0.0211130723608393,13.002,6.998,1.8582857142857148,0.3498999999999999,0.193625821502705,0.0072612779208992,0.212051948051948,0.2123243604139741,0.359680097076452
graph_049_mu_0_2_node_350,20,0.5947368421052631,0.0005015404238289,0.3675496688741722,2.720720720720721,0.0580176118085357,17.002,2.998,5.673333333333334,0.1498999999999999,0.0679982505414021,0.0031364860622613,0.0810241820768137,0.0811409402832785,0.3854715742117143
graph_049_mu_0_2_node_153,35,0.3503787878787879,0.0017964235589392,0.3875096974398759,2.5805805805805804,0.0513176886851792,27.002,7.998,3.37625,0.2285142857142857,0.1943896899362082,0.0083424350604871,0.1289964157706092,0.1293080828907423,0.6318739247251092
graph_049_mu_0_2_node_189,20,0.1736842105263158,0.0016513841463465,0.3764129615674453,2.6566566566566565,0.0133513397634614,10.001,9.999,1.000222222222222,0.49995,0.4994142857142857,0.0102035943572022,0.3332903225806451,0.3336794190492726,0.4994619047619048
graph_049_mu_0_2_node_10,40,0.2972972972972973,0.0028301799155825,0.3934619929105947,2.541541541541541,0.0384251721870187,29.006,10.994,2.6387878787878787,0.2748499999999999,0.3323123602325729,0.0113711834325589,0.1593223106756481,0.1597507431730004,0.8462901250241673
graph_049_mu_0_2_node_939,39,0.2717717717717717,0.0037429433039344,0.3988023952095808,2.5075075075075075,0.0338586567740757,27.003,11.997,2.250945454545455,0.3076153846153845,0.331935668082978,0.0124483674386884,0.1817657833825524,0.1822332112491529,0.7193455772174202
graph_049_mu_0_2_node_738,23,0.225296442687747,0.0012730514863566,0.3807164634146341,2.6266266266266265,0.0219795120573374,15.0,8.0,1.875,0.3478260869565216,0.2104491228070175,0.0083162029459901,0.2105263157894736,0.2108377694996659,0.3945921052631578
graph_049_mu_0_2_node_488,20,0.3202614379084967,0.0011704940037022,0.3694526627218935,2.7067067067067065,0.0155375354099654,13.0,7.0,1.8571428571428577,0.3499999999999999,0.2416045977011493,0.007208960357996,0.212121212121212,0.2123937022921023,0.4141793103448276
graph_049_mu_0_2_node_513,27,0.3190883190883191,0.0011679048746563,0.378839590443686,2.63963963963964,0.0298164687293177,22.0,5.0,4.4,0.1851851851851851,0.0999625,0.0052633295194508,0.1020408163265305,0.1022356038133824,0.4398350000000001
graph_049_mu_0_2_node_445,28,0.3835978835978836,0.0014723554086727,0.3846746245668078,2.5995995995996,0.0444959986977502,21.001,6.999,3.0006666666666666,0.2499642857142857,0.1700974721361536,0.0073004635104169,0.1428342857142856,0.1431069067831599,0.5103392914084606
graph_049_mu_0_2_node_661,36,0.2142857142857142,0.0026667796215246,0.3911511354737666,2.5565565565565564,0.0352877086580461,27.001,8.999,3.0005,0.2499722222222222,0.17992,0.0094729061784897,0.1428392857142856,0.1431899462346967,0.53981
graph_049_mu_0_2_node_96,17,0.4191176470588235,0.0007450075638807,0.3547585227272727,2.818818818818819,0.0070005011440541,13.0,4.0,3.25,0.2352941176470588,0.1211990171990171,0.0041365218353108,0.1333333333333333,0.1334890601884295,0.3938968058968058
graph_049_mu_0_2_node_123,45,0.2347729789590254,0.0037125971614104,0.4024979854955681,2.4844844844844847,0.0457441709880571,34.0,11.0,3.090909090909091,0.2444444444444444,0.2199175,0.0115793249427917,0.1392405063291139,0.1396693395130053,0.6597525000000001
graph_049_mu_0_2_node_856,22,0.2210526315789473,0.001515041284641,0.3671444321940463,2.723723723723724,0.0126301965381703,13.001,8.999,1.4447499999999995,0.4090454545454545,0.2510714285714285,0.0093346131301331,0.2571079365079364,0.2574582148518815,0.3348035714285713
graph_049_mu_0_2_node_656,53,0.2949019607843137,0.0040974298229591,0.4084219133278822,2.448448448448449,0.0866549987025072,42.004,10.996,3.820470454545456,0.2074716981132076,0.2285180722584716,0.0115528557199231,0.1157436940565699,0.1161726390138572,0.8520193082880696
graph_049_mu_0_2_node_459,18,0.325,0.0006479677073025,0.354004252303331,2.824824824824825,0.0098406379837095,13.999,4.001,3.4991,0.2222777777777778,0.1213686868686868,0.0041374597986086,0.1250362903225806,0.125192068216057,0.3942121212121211
graph_049_mu_0_2_node_433,23,0.2411067193675889,0.0015345312273439,0.3734579439252336,2.6776776776776776,0.0141108421033219,15.0,8.0,1.875,0.3478260869565216,0.3995504761904763,0.0081637105588307,0.2105263157894736,0.2108377694996659,0.7491571428571429
graph_049_mu_0_2_node_527,20,0.3660130718954248,0.000841351603626,0.3535031847133758,2.828828828828829,0.0108148845131577,16.0,4.0,4.0,0.2,0.2105263157894736,0.0040774719673802,0.1111111111111111,0.1112668743509865,0.7894736842105262
graph_049_mu_0_2_node_384,34,0.320855614973262,0.0021048629255849,0.3916111328890631,2.5535535535535536,0.0508096915239124,26.001,7.999,3.250607142857143,0.2352647058823529,0.1944014546420906,0.0083435279566619,0.1333147540983606,0.1336264358634153,0.6318621600192269
graph_049_mu_0_2_node_981,27,0.1333333333333333,0.0025290254607341,0.3840830449826989,2.603603603603604,0.0193215524618464,14.0,13.0,1.0769230769230769,0.4814814814814816,0.6492695238095239,0.0132660296580999,0.3170731707317073,0.317579145121619,0.6492695238095239
graph_049_mu_0_2_node_515,27,0.3247863247863248,0.00148869622958,0.3751408186256102,2.665665665665666,0.0253382927027726,20.003,6.997,2.859071428571428,0.259148148148148,0.2114948080160845,0.0072370410328769,0.1488643617021277,0.1491368836925252,0.604447245186607
graph_049_mu_0_2_node_57,19,0.2573099415204678,0.0009504835098339,0.3720670391061452,2.687687687687688,0.0197451954894383,13.0,6.0,2.166666666666667,0.3157894736842105,0.1332697674418604,0.0062830043419982,0.1875,0.1877335720959202,0.2887511627906976
graph_049_mu_0_2_node_683,38,0.2375533428165007,0.0031432915781372,0.3933070866141732,2.5425425425425425,0.0306770203210694,29.001,8.999,3.22275,0.2368157894736842,0.199893023255814,0.0094234124210936,0.1343116769095697,0.1346623920947077,0.6441488372093024
graph_049_mu_0_2_node_70,27,0.3766666666666666,0.0014143122629127,0.3808616088448341,2.625625625625626,0.0269208511413875,19.003,7.997,2.3764464285714286,0.2961851851851852,0.2845497593560171,0.0082295107661312,0.1738381128584643,0.1741495468663212,0.6403775696125908
graph_049_mu_0_2_node_759,26,0.2707692307692307,0.0018926046737525,0.3917647058823529,2.5525525525525525,0.0594942086903368,15.004,10.996,1.364581818181818,0.4229230769230769,0.2493667876594697,0.0115040804047714,0.268171893147503,0.2685999364606644,0.3401481221533541
graph_049_mu_0_2_node_207,16,0.2307692307692307,0.000843252059917,0.3521325343672893,2.83983983983984,0.0063687625706529,10.0,6.0,1.666666666666667,0.375,0.2068173147468819,0.006179313415384,0.2307692307692308,0.2310027483219667,0.3102259721203229
graph_049_mu_0_2_node_72,24,0.3376623376623376,0.0017349966657658,0.367684946632315,2.71971971971972,0.0124293417271604,16.001,7.999,2.0004285714285714,0.3332916666666666,0.2051644562334217,0.0083235462116251,0.1999707317073171,0.2002821707673438,0.3847824933687004
graph_049_mu_0_2_node_289,25,0.4733333333333333,0.001129395503907,0.3742974896965155,2.6716716716716715,0.026252409052995,19.0,6.0,3.166666666666666,0.2400000000000001,0.2134447682235249,0.0061745534756638,0.1363636363636363,0.1365973176223993,0.6759084327078291
graph_049_mu_0_2_node_711,34,0.2661290322580645,0.0024141533361044,0.3870592793490895,2.583583583583584,0.0278900952112188,21.009,12.991,1.6175046620046625,0.3820882352941177,0.5633000196996384,0.013299214147615,0.2361680337206653,0.2366739339381685,0.8669879470079728
graph_049_mu_0_2_node_497,14,0.3626373626373626,0.0004883859393964,0.3598703170028818,2.7787787787787788,0.0121984832796502,10.001,3.999,2.5011666666666668,0.285642857142857,0.105207894736842,0.0041570376432078,0.1666199999999999,0.1667756515783257,0.2630780701754386
graph_049_mu_0_2_node_484,17,0.2352941176470588,0.0008589689779889,0.3690432212781677,2.70970970970971,0.0154075016091517,11.0,6.0,1.8333333333333328,0.3529411764705881,0.1332697674418604,0.0062830043419982,0.2142857142857142,0.2145192500166811,0.2443279069767441
graph_049_mu_0_2_node_109,20,0.3263157894736842,0.0010795316000231,0.367414490621552,2.7217217217217216,0.015474629413934,13.0,7.0,1.8571428571428577,0.3499999999999999,0.2692307692307692,0.0071868583162217,0.212121212121212,0.2123937022921023,0.5
graph_049_mu_0_2_node_371,29,0.3004926108374384,0.0021036934927247,0.3843786071565987,2.601601601601601,0.0238936753004491,19.0,10.0,1.8999999999999997,0.3448275862068967,0.3846153846153847,0.0102669404517453,0.2083333333333333,0.2087227414330218,0.7307692307692305
graph_049_mu_0_2_node_427,42,0.3,0.003386783216481,0.395017793594306,2.5315315315315314,0.0367579634414434,31.005,10.995,2.82009090909091,0.2617857142857143,0.3042460113987596,0.0114085631374863,0.1506071825249907,0.1510357207736964,0.8300311216885125
graph_049_mu_0_2_node_69,21,0.2222222222222222,0.0013900546622077,0.3724832214765101,2.684684684684685,0.0175453832865039,12.996,8.004,1.6238333333333332,0.3811428571428572,0.2234226190476191,0.0083024774314201,0.2354438502673797,0.2357554110224018,0.3345535714285713
graph_049_mu_0_2_node_768,40,0.3001422475106685,0.0035569220345649,0.4015273311897106,2.4904904904904903,0.0409763083648016,28.001,11.999,2.333636363636364,0.2999749999999999,0.3867354364174669,0.0123834944132611,0.1764535379369138,0.1769210800693171,0.8702098166850635
graph_049_mu_0_2_node_968,27,0.4301994301994302,0.001191018155426,0.3729003359462486,2.681681681681681,0.0239002517991546,22.0,5.0,4.4,0.1851851851851851,0.1383264796447892,0.0051881533378828,0.1020408163265305,0.1022356038133824,0.6086365104370727
graph_049_mu_0_2_node_593,26,0.2523076923076923,0.0016245344901164,0.3826120260436614,2.6136136136136137,0.0227985718583879,18.0,8.0,2.25,0.3076923076923076,0.2104491228070175,0.0083162029459901,0.1818181818181818,0.1821297082979325,0.4735105263157895
graph_049_mu_0_2_node_257,30,0.3624338624338624,0.0011544808113239,0.3782658084059068,2.643643643643644,0.0446131209245492,24.001,5.999,4.001,0.1999666666666667,0.1457994614108207,0.0062573630065268,0.1110909090909091,0.1113246424574055,0.5589547981532439
graph_049_mu_0_2_node_795,23,0.4268774703557312,0.0009866474058908,0.3697261287934863,2.704704704704705,0.0188873500322725,17.002,5.998,2.834866666666666,0.2607826086956521,0.2600225068369333,0.0061403827113993,0.1499439024390243,0.1501774694627144,0.7368448638986744
graph_049_mu_0_2_node_827,25,0.3320158102766798,0.0011452949489499,0.368362831858407,2.714714714714715,0.0222755695317547,18.0,7.0,2.571428571428572,0.2800000000000001,0.317980303030303,0.0071577535569768,0.1627906976744186,0.1630632939593206,0.7722378787878788
graph_049_mu_0_2_node_159,16,0.3166666666666666,0.0008295648918224,0.3518844663613948,2.8418418418418416,0.009264939918605,12.0,4.0,3.0,0.25,0.2105263157894736,0.0040774719673802,0.1428571428571428,0.1430128575877563,0.6315789473684211
graph_049_mu_0_2_node_226,37,0.3378378378378378,0.0029829768421178,0.3958003169572108,2.5265265265265264,0.0384988371388883,25.008,11.992,2.0859494949494946,0.3241081081081082,0.4267806783643431,0.0123404697999486,0.1934003229745164,0.1938674834296967,0.8894477732997748
graph_049_mu_0_2_node_998,53,0.224313725490196,0.0051947392848026,0.4157303370786517,2.4054054054054053,0.0841297001521263,37.002,15.998,2.3129416666666667,0.3018490566037736,0.3324505682580542,0.0168082144942339,0.1777518925518925,0.1783755963924064,0.7480868122884872
graph_049_mu_0_2_node_106,18,0.3137254901960784,0.0007213104189609,0.3596112311015119,2.780780780780781,0.0149220308993084,13.002,4.998,2.601800000000001,0.2776666666666666,0.1383001638553156,0.0051859888357183,0.1612177419354838,0.1614123151022388,0.359648847076452
graph_049_mu_0_2_node_952,40,0.2230769230769231,0.0037223588630414,0.3961141950832672,2.5245245245245247,0.0329919011731522,30.0,10.0,3.0,0.25,0.2221162790697675,0.0104716739033303,0.1428571428571428,0.1432468848479449,0.6663488372093023
graph_049_mu_0_2_node_834,37,0.4,0.00250197114071,0.386609907120743,2.5865865865865865,0.0346852084526571,28.002,8.998,3.112138888888889,0.2431891891891892,0.3201408365458136,0.0092596657113313,0.1384270396270396,0.1387776885444926,0.9605277727953356
graph_049_mu_0_2_node_74,18,0.2222222222222222,0.0007827300575821,0.3644655235315578,2.743743743743744,0.014541691384148,12.0,6.0,2.0,0.3333333333333332,0.1578368421052631,0.0062371522094926,0.2,0.2002335539120281,0.3156736842105263
graph_049_mu_0_2_node_729,19,0.391812865497076,0.0008700559004402,0.3588362068965517,2.7867867867867866,0.0142004758960168,14.001,4.999,2.8009499999999994,0.2631052631578947,0.2271121212121211,0.0051116172823391,0.1514812834224599,0.151675910654979,0.6359606060606061
graph_049_mu_0_2_node_501,48,0.2606382978723404,0.0048825703422333,0.4148671096345515,2.4104104104104103,0.0658977913299853,33.004,14.996,2.200914285714285,0.3124166666666666,0.364469066353035,0.0156418428170638,0.1851273712737127,0.185711851397994,0.801977368641867
graph_049_mu_0_2_node_62,20,0.3789473684210526,0.0006580021448693,0.3620877129394708,2.7617617617617616,0.0183581509009691,16.0,4.0,4.0,0.2,0.1106611837158314,0.0041505226703062,0.1111111111111111,0.1112668743509865,0.4426447348633258
graph_049_mu_0_2_node_137,34,0.3366935483870967,0.0021663180097116,0.3860123647604327,2.5905905905905904,0.0319321273528599,26.0,8.0,3.25,0.2352941176470588,0.2417646123603569,0.008274559532059,0.1333333333333333,0.1336450540315877,0.7555144136261158
graph_049_mu_0_2_node_366,20,0.3947368421052631,0.0008768111509263,0.3660681568340051,2.731731731731732,0.0180556039318188,14.008,5.992,2.339333333333333,0.2995999999999999,0.1988781168831169,0.0061793247830894,0.1762054154995331,0.176438694492188,0.4644287373737374
graph_049_mu_0_2_node_395,23,0.3359683794466403,0.0009917572038013,0.3757051523128996,2.661661661661661,0.0246958893181949,17.001,5.999,2.8341000000000003,0.2608260869565217,0.1813099457567542,0.0062048397354374,0.1499719512195121,0.1502055571612637,0.513749801265759
graph_049_mu_0_2_node_628,22,0.329004329004329,0.0008230146419681,0.3682270549207519,2.715715715715716,0.0193141891857041,18.0,4.0,4.5,0.1818181818181818,0.0888465116279069,0.0041886695613321,0.1,0.100155787505842,0.3998093023255815
graph_049_mu_0_2_node_686,29,0.1551724137931034,0.0028106856614557,0.3858632676709154,2.5915915915915915,0.022894422370369,18.0,11.0,1.6363636363636365,0.3793103448275863,0.2443279069767441,0.0115188412936634,0.2340425531914894,0.2344708520662313,0.3998093023255815
graph_049_mu_0_2_node_990,20,0.1947368421052631,0.0013212410755572,0.3733183856502242,2.6786786786786787,0.0155176040164342,12.002,7.998,1.5008333333333337,0.3999000000000001,0.2104157894736841,0.0083140752864157,0.2499264705882353,0.2502377737721658,0.3157070175438597
graph_049_mu_0_2_node_51,26,0.1907692307692307,0.0018948477941397,0.3829053277117669,2.6116116116116115,0.0227440041520515,17.001,8.999,1.88925,0.3461153846153846,0.199893023255814,0.0094234124210936,0.2092748414376321,0.2096252288898215,0.3775976744186047
graph_049_mu_0_2_node_108,17,0.1397058823529411,0.0013226041881861,0.3653986832479883,2.736736736736737,0.0096521522697626,8.999,8.001,1.124763888888889,0.4706470588235295,0.242681818181818,0.0082739012672784,0.3077446153846153,0.3080559625302866,0.2728989898989897
graph_049_mu_0_2_node_246,54,0.2473604826546003,0.0056769798041259,0.4199243379571248,2.3813813813813813,0.0759731359500185,37.009,16.991,2.178336764705882,0.3146481481481482,0.4130124654516611,0.0177225382699576,0.1866979177904844,0.1873603097495831,0.8749866985792166
graph_049_mu_0_2_node_675,30,0.2883597883597883,0.0021785730314919,0.3860123647604327,2.5905905905905904,0.0285137838650635,20.0,10.0,2.0,0.3333333333333332,0.3316534271284271,0.0103132196044334,0.2,0.2003894384297843,0.6301415115440113
graph_049_mu_0_2_node_810,21,0.4561403508771929,0.0008286029218679,0.3579362235757793,2.793793793793794,0.0119593148444767,16.999,4.001,4.24895,0.1905238095238095,0.1026339522546419,0.0041633179049886,0.1052930298719772,0.1054488441649872,0.4103633952254643
graph_049_mu_0_2_node_323,54,0.226998491704374,0.0058111491042969,0.4229466553767993,2.364364364364364,0.0880058171767459,38.003,15.997,2.375675,0.2962407407407407,0.3324362825437684,0.0168071392254167,0.1738751753155679,0.1744988888707841,0.7688806630132835
graph_049_mu_0_2_node_799,30,0.2222222222222222,0.0025292421517554,0.3914576802507837,2.5545545545545547,0.0259513983246207,18.0,12.0,1.5,0.4000000000000001,0.4615384615384616,0.0123203285420944,0.25,0.2504672169444011,0.6538461538461539
graph_049_mu_0_2_node_38,26,0.28,0.0013161214689378,0.3785524820007578,2.641641641641641,0.0207987063336274,21.0,5.0,4.200000000000002,0.1923076923076923,0.1315307017543859,0.0051976268412438,0.1063829787234043,0.1065777510345724,0.552428947368421
graph_049_mu_0_2_node_534,23,0.219047619047619,0.0017032580227562,0.3751408186256102,2.665665665665666,0.016840174650188,14.0,9.0,1.555555555555556,0.3913043478260869,0.4736842105263158,0.0091743119266055,0.2432432432432432,0.2435935877486735,0.6842105263157895
graph_049_mu_0_2_node_621,17,0.3088235294117647,0.0007217153259158,0.3626134301270417,2.7577577577577577,0.0164017660616667,11.001,5.999,1.8339,0.3528823529411763,0.1933592436324622,0.0061912158570025,0.214243842364532,0.2144773391956042,0.3545399692583843
graph_049_mu_0_2_node_269,34,0.3286290322580645,0.0017401631219993,0.3876600698486612,2.57957957957958,0.0595614226918207,26.004,7.996,3.252428571428572,0.2351764705882353,0.1661877323844972,0.0084008450501116,0.1332590163934426,0.1335705813588981,0.5195379129623463
graph_049_mu_0_2_node_740,19,0.375,0.0007420110728976,0.3575518969219756,2.7967967967967966,0.0111994717505238,14.002,4.998,2.802533333333333,0.2630526315789473,0.1394583333333333,0.0051843660515805,0.1514493506493506,0.1516439389577393,0.3627202380952379
graph_049_mu_0_2_node_801,24,0.277056277056277,0.0008013636889989,0.3737373737373737,2.675675675675676,0.0407626074939586,19.002,4.998,3.802399999999999,0.20825,0.1038753531424397,0.0052510576990419,0.1162283298097251,0.116422993916244,0.3740546420992998
graph_049_mu_0_2_node_714,44,0.3361522198731501,0.0032046025527212,0.4039627982207844,2.4754754754754758,0.0998234787003924,33.003,10.997,3.0012,0.2499318181818182,0.2493805093734803,0.0115051579294128,0.1428131868131867,0.143241869755095,0.7482844789726447
graph_049_mu_0_2_node_77,19,0.1111111111111111,0.0012668524904297,0.374859287054409,2.667667667667668,0.0185735601632329,10.001,8.999,1.111375,0.4736315789473685,0.17992,0.0094729061784897,0.3103011494252874,0.3106513459826313,0.1999375
graph_049_mu_0_2_node_340,26,0.3046153846153846,0.0012057531667747,0.3786959818043973,2.640640640640641,0.0383706126557384,19.004,6.996,2.7167619047619054,0.2690769230769231,0.1700539613985252,0.0072972361425237,0.155455072463768,0.1557275343091704,0.461767295401306
graph_049_mu_0_2_node_307,32,0.3494252873563218,0.0020784407302853,0.384526558891455,2.6006006006006004,0.0275195451712465,23.0,9.0,2.5555555555555567,0.28125,0.4088318181818182,0.0092028260018274,0.1636363636363636,0.1639869537964664,0.9993666666666666
graph_049_mu_0_2_node_979,21,0.319047619047619,0.0014951746549077,0.3626134301270417,2.7577577577577577,0.0124259219618224,13.0,8.0,1.625,0.3809523809523811,0.2051989389920424,0.0083245760777425,0.2352941176470588,0.2356055228630961,0.3334482758620689
graph_049_mu_0_2_node_883,23,0.2845849802371542,0.0011176617128171,0.376271186440678,2.6576576576576576,0.0426251580470572,17.0,6.0,2.833333333333333,0.2608695652173912,0.1246773900630624,0.0063039037064683,0.1499999999999999,0.1502336448598131,0.353252605178677
graph_049_mu_0_2_node_709,25,0.28,0.0013752676120611,0.3830521472392638,2.6106106106106104,0.0376450156505733,16.004,8.996,1.7792658730158737,0.35984,0.2186711114509888,0.0093833002805633,0.2193974016152122,0.2197476450843417,0.388875664035274
graph_049_mu_0_2_node_815,29,0.3054187192118227,0.0014388706064972,0.3820267686424474,2.6176176176176176,0.0525662117143888,22.0,7.0,3.142857142857144,0.2413793103448275,0.1454569550735729,0.007354554324213,0.1372549019607842,0.1375275831964198,0.4571504302312289
graph_049_mu_0_2_node_460,19,0.2339181286549707,0.0007564895479636,0.3713754646840149,2.6926926926926926,0.0208771453826102,14.001,4.999,2.80095,0.2631052631578947,0.09995,0.005262242562929,0.1514812834224599,0.151675910654979,0.2799075000000001
graph_049_mu_0_2_node_885,55,0.274310595065312,0.005789279947377,0.4138359569179785,2.4164164164164164,0.0752366855931453,40.005,14.995,2.6680164835164835,0.2726363636363635,0.3644575275271023,0.0156407525616472,0.1578346785132935,0.158419438797062,0.9478435075232254
graph_049_mu_0_2_node_722,31,0.2216748768472906,0.0021162445945889,0.3858632676709154,2.5915915915915915,0.0291004342632545,20.0,11.0,1.8181818181818172,0.3548387096774193,0.3324263419954908,0.0113775193565812,0.215686274509804,0.2161146401003644,0.5741909543558481
graph_049_mu_0_2_node_514,33,0.4043010752688172,0.0015408612596054,0.3849710982658959,2.5975975975975976,0.0813176768614816,25.003,7.997,3.1269642857142856,0.2423333333333332,0.1813617005578345,0.0083664699218005,0.1378738164815897,0.1381853960896805,0.5442318508995098
graph_049_mu_0_2_node_84,18,0.4833333333333333,0.0005505248976972,0.3508956796628029,2.84984984984985,0.0090944307592681,14.0,4.0,3.5,0.2222222222222223,0.1025994694960212,0.0041622880388712,0.125,0.125155738981467,0.3334482758620689
graph_049_mu_0_2_node_592,26,0.2553846153846154,0.0018524962424958,0.40056134723336,2.4964964964964964,0.0495801244803451,16.004,9.996,1.601155555555556,0.3844615384615386,0.2077441865983531,0.0105021625575749,0.2379800664451827,0.2383692280197803,0.3325102179606318
graph_049_mu_0_2_node_914,19,0.25,0.0009439256724065,0.359740727403673,2.77977977977978,0.0098061040662651,14.001,4.999,2.8009499999999994,0.2631052631578947,0.1281638795986621,0.0052019035901194,0.1514812834224599,0.151675910654979,0.3333043478260868
graph_049_mu_0_2_node_241,19,0.391812865497076,0.0005728040768906,0.3694526627218935,2.7067067067067065,0.0313413965420329,14.004,4.996,2.8038,0.2629473684210526,0.1214542164526475,0.0052110584591212,0.151379679144385,0.1515741896317907,0.3402579403040532
graph_049_mu_0_2_node_156,36,0.2714285714285714,0.0024238348168309,0.391304347826087,2.555555555555556,0.0579387966596252,27.0,9.0,3.0,0.25,0.1870160850945937,0.0094558555597025,0.1428571428571428,0.1432078423077137,0.5610482552837811
graph_049_mu_0_2_node_342,36,0.2317460317460317,0.0032081666669071,0.396271320904403,2.523523523523524,0.0362176893744428,25.0,11.0,2.272727272727273,0.3055555555555554,0.2199175,0.0115793249427917,0.180327868852459,0.180756401323533,0.4998125
graph_049_mu_0_2_node_778,32,0.3540229885057471,0.0019537638362161,0.3824655436447167,2.6146146146146148,0.0307710250067368,24.0,8.0,3.0,0.25,0.2653227417027417,0.0082505756835467,0.1428571428571428,0.1431688149780716,0.7628028823953827
graph_049_mu_0_2_node_565,18,0.4916666666666666,0.0005917497636291,0.3495451364590622,2.860860860860861,0.007759341269359,14.999,3.001,4.9985,0.1667222222222222,0.0769840848806365,0.0031227458952708,0.0909431818181818,0.091060038620206,0.3590636604774535
graph_049_mu_0_2_node_59,22,0.1731601731601731,0.0017187805163212,0.3842307692307692,2.6026026026026026,0.0215510059386295,11.002,10.998,1.0004444444444445,0.4999090909090908,0.2443046511627906,0.0115166531098559,0.3332571428571428,0.3336851306417833,0.2443395348837209
graph_049_mu_0_2_node_726,18,0.2833333333333333,0.0007817872560007,0.3626134301270417,2.7577577577577577,0.010356045483111,12.0,6.0,2.0,0.3333333333333332,0.1714995073891625,0.0062175397405591,0.2,0.2002335539120281,0.3144157635467979
graph_049_mu_0_2_node_288,28,0.3046153846153846,0.0016414929237766,0.3776937618147448,2.647647647647648,0.026471470184372,20.0,8.0,2.5,0.2857142857142856,0.2417646123603569,0.008274559532059,0.1666666666666666,0.1669782416783506,0.5741909543558481
graph_049_mu_0_2_node_840,27,0.2166666666666666,0.0015925026248521,0.3811522319725295,2.623623623623624,0.0254550402532998,19.0,8.0,2.375,0.2962962962962963,0.15994,0.0084213272311212,0.1739130434782608,0.1742245942220882,0.359865
graph_049_mu_0_2_node_962,28,0.2751322751322751,0.0018644033453458,0.383935434281322,2.6046046046046047,0.028949021525917,18.006,9.994,1.8021000000000005,0.3569285714285713,0.3021073098519907,0.0103368022997244,0.2172391304347826,0.2176282748008113,0.5440196056100308
graph_049_mu_0_2_node_285,17,0.0661764705882353,0.0015359196331427,0.3740172220142269,2.6736736736736737,0.0147643039638225,6.999,10.001,0.6998454545454544,0.5882941176470587,0.3447168011738812,0.01029990501025,0.4167282608695652,0.4171173442307658,0.2068173147468819
graph_049_mu_0_2_node_828,20,0.2578947368421053,0.0011131310199259,0.3751408186256102,2.665665665665666,0.0215934179687934,12.001,7.999,1.500357142857143,0.39995,0.2578179745607971,0.0082553087090887,0.2499621212121212,0.2502734632959399,0.3867523855700093
graph_049_mu_0_2_node_782,21,0.4380952380952381,0.0007837535878559,0.3741573033707865,2.6726726726726726,0.0252030877962547,16.0,5.0,3.2000000000000006,0.2380952380952381,0.1611468273208372,0.0051602321302155,0.1351351351351351,0.1353298316033412,0.515669847426679
graph_049_mu_0_2_node_295,20,0.1764705882352941,0.0014765402154575,0.3706864564007421,2.6976976976976976,0.0139157057889788,11.0,9.0,1.2222222222222217,0.4500000000000001,0.4494942857142858,0.0091841743786845,0.2903225806451612,0.2906728433421841,0.4994380952380952
graph_049_mu_0_2_node_32,40,0.3669985775248933,0.0019552822678687,0.3923802042419481,2.5485485485485486,0.0926913526379416,32.003,7.997,4.002142857142857,0.199925,0.1813553792233306,0.0083665120914278,0.1110654490106545,0.1113771986775902,0.7029617616153084
graph_049_mu_0_2_node_897,21,0.4678362573099415,0.000455777024171,0.359740727403673,2.77977977977978,0.0146849781811772,18.0,3.0,6.0,0.1428571428571428,0.1153846153846154,0.0030800821355236,0.0769230769230769,0.0770399221032132,0.6538461538461539
graph_049_mu_0_2_node_196,24,0.2683982683982684,0.0013091128901738,0.3740172220142269,2.6736736736736737,0.0196553853722883,14.002,9.998,1.4005999999999996,0.4165833333333333,0.4542242424242422,0.0102232345646782,0.2630947368421052,0.2634839155835948,0.5905681818181819
graph_049_mu_0_2_node_841,23,0.1666666666666666,0.0017102490696054,0.3811522319725295,2.623623623623624,0.0176343948983706,12.002,10.998,1.0913737373737369,0.4781739130434783,0.5493419047619047,0.0112229967552343,0.3142146718146717,0.314642692912242,0.5494219047619047
graph_049_mu_0_2_node_328,32,0.2942528735632184,0.0022651049919374,0.3849710982658959,2.5975975975975976,0.0295235894158978,22.008,9.992,2.2042666666666664,0.31225,0.2765476961316838,0.0103676486671077,0.1850217113665389,0.1854108990899715,0.5810764776660099
graph_049_mu_0_2_node_313,25,0.25,0.0014878205181303,0.3882627283326856,2.575575575575576,0.0440289385255878,15.002,9.998,1.5005555555555556,0.39992,0.2077693343156305,0.0105043416752827,0.2499390243902439,0.2503282334412558,0.3117197909471299
graph_049_mu_0_2_node_141,18,0.2745098039215686,0.0010441634052086,0.3585786073223259,2.7887887887887888,0.0107186732697487,12.0,6.0,2.0,0.3333333333333332,0.3157894736842105,0.0061162079510703,0.2,0.2002335539120281,0.6315789473684211
graph_049_mu_0_2_node_150,23,0.2450592885375494,0.0017601160278516,0.373877245508982,2.674674674674675,0.0164113485349322,15.0,8.0,1.875,0.3478260869565216,0.2050969899665552,0.0083247228930381,0.2105263157894736,0.2108377694996659,0.3845568561872911
graph_049_mu_0_2_node_805,22,0.3116883116883117,0.0012975996058086,0.3775510204081632,2.6486486486486487,0.0234128907962366,14.005,7.995,1.7522261904761904,0.3634090909090909,0.3466611502850652,0.0081846794906491,0.222060534218429,0.222371769177208,0.6068343101070734
graph_049_mu_0_2_node_353,26,0.3353846153846154,0.0014784931621995,0.3820267686424474,2.6176176176176176,0.0396098038739792,18.002,7.998,2.250928571428572,0.3076153846153845,0.1943832221238581,0.0083424733985506,0.1817656565656565,0.182077105227483,0.4374336783501094
graph_049_mu_0_2_node_332,17,0.2647058823529412,0.0009767843226049,0.3601297764960346,2.7767767767767766,0.0091880732626667,10.0,7.0,1.4285714285714282,0.411764705882353,0.21209828009828,0.0072389132117939,0.2592592592592592,0.2595316858013881,0.302997542997543
graph_049_mu_0_2_node_876,19,0.3625730994152046,0.0010721423370747,0.3712374581939799,2.6936936936936937,0.0163206189497927,12.0,7.0,1.7142857142857142,0.3684210526315788,0.2416045977011493,0.007208960357996,0.2258064516129031,0.2260789205709041,0.4141793103448276
graph_049_mu_0_2_node_958,14,0.0659340659340659,0.0010871396441425,0.3704115684093437,2.6996996996997,0.011584771980908,5.002,8.998,0.5559444444444444,0.6427142857142858,0.2571802955665024,0.0093242498786038,0.4735368421052632,0.4738868635728561,0.1429852216748768
graph_049_mu_0_2_node_301,22,0.3073593073593073,0.0012447255849726,0.3726221559119731,2.683683683683684,0.0217717874860562,15.002,6.998,2.143904761904762,0.3180909090909091,0.232127095959596,0.0072171123954802,0.189126600284495,0.1893990550791908,0.4974801406926407
graph_049_mu_0_2_node_36,30,0.2988505747126437,0.0022957717404558,0.3891702376314764,2.5695695695695697,0.0266030471734656,20.008,9.992,2.0026666666666664,0.3330666666666666,0.3315414177489177,0.0103045997601051,0.1998117647058823,0.2002008919125516,0.6634063636363635
graph_049_mu_0_2_node_898,23,0.4031620553359684,0.0010754793828059,0.3723443906075289,2.685685685685686,0.0224582760384004,16.003,6.997,2.287357142857142,0.3042173913043479,0.2489782947570196,0.0072004059506261,0.1793987179487179,0.1796711550511905,0.5692266500998256
graph_049_mu_0_2_node_588,25,0.4033333333333333,0.0010286511060232,0.3698630136986301,2.703703703703704,0.0219432824091058,19.011,5.989,3.177499999999999,0.2395600000000001,0.1988425865800866,0.0061760548298665,0.1360902503293806,0.1363235033864218,0.6302251479076476
graph_049_mu_0_2_node_18,52,0.2995918367346938,0.0046562202576428,0.4099302421009438,2.43943943943944,0.1137614038389051,39.003,12.997,3.001060606060606,0.2499423076923076,0.2947327218355235,0.0135975723030721,0.1428201429239297,0.1433269870520918,0.8616820007996193
graph_049_mu_0_2_node_201,22,0.2857142857142857,0.0017183956190143,0.3735976065818998,2.6766766766766765,0.0148291842120232,13.0,9.0,1.444444444444444,0.4090909090909091,0.3106344827586207,0.0092686633174235,0.2571428571428571,0.2574931743745726,0.448694252873563
graph_049_mu_0_2_node_947,29,0.3675213675213675,0.0013996606715987,0.3820267686424474,2.6176176176176176,0.0704239904994729,20.001,8.999,2.222625,0.3103103448275863,0.2040614216414958,0.0094148623147117,0.1836497959183674,0.1840002652463573,0.4308329358836806
graph_049_mu_0_2_node_449,25,0.2733333333333333,0.0017552974085427,0.383935434281322,2.6046046046046047,0.0259678062237171,15.008,9.992,1.5023611111111113,0.3996800000000001,0.2765154301520494,0.0103678046112367,0.2497590011614401,0.2501479768677161,0.415116968071897
graph_049_mu_0_2_node_552,31,0.3569892473118279,0.0017633121024887,0.3843786071565987,2.601601601601601,0.0464982164991155,23.005,7.995,2.877767857142857,0.2579032258064515,0.194349122306769,0.0083391839169652,0.148043771043771,0.1483552242611787,0.5589972513892201
graph_049_mu_0_2_node_434,26,0.1876923076923076,0.001866591411833,0.3784090909090909,2.6426426426426426,0.0228888608745436,17.001,8.999,1.88925,0.3461153846153846,0.199893023255814,0.0094234124210936,0.2092748414376321,0.2096252288898215,0.3775976744186047
graph_049_mu_0_2_node_193,18,0.2875816993464052,0.0011667265793114,0.3636694575900983,2.74974974974975,0.0092615812683469,12.001,5.999,2.0006,0.3332777777777777,0.1817714987714987,0.006203744331367,0.1999612903225806,0.2001948053316875,0.3333513513513513
graph_049_mu_0_2_node_598,31,0.2774193548387096,0.0020736703681681,0.384526558891455,2.6006006006006004,0.0325062811077924,23.0,8.0,2.875,0.2580645161290321,0.15994,0.0084213272311212,0.1481481481481481,0.1484597959860912,0.4598275
graph_049_mu_0_2_node_380,16,0.0666666666666666,0.0012008557274903,0.3636694575900983,2.74974974974975,0.0085823669212241,6.998,9.002,0.7774222222222225,0.562625,0.2573182266009852,0.0093283693430734,0.3914308300395256,0.3917810614392033,0.1714995073891625
graph_049_mu_0_2_node_26,35,0.2594696969696969,0.0027998153165432,0.3916111328890631,2.5535535535535536,0.03460347863212,22.021,12.979,1.6977208624708628,0.3708285714285715,0.4308446031746033,0.0133846031661463,0.2276368697899042,0.2281423426142772,0.696777049062049
graph_049_mu_0_2_node_92,27,0.2193732193732193,0.0019180703153673,0.3916111328890631,2.5535535535535536,0.0299717556923186,18.001,8.999,2.000375,0.3332962962962962,0.17992,0.0094729061784897,0.1999739130434782,0.2003243277833502,0.359865
graph_049_mu_0_2_node_811,32,0.2459770114942528,0.001920893488385,0.3854166666666667,2.5945945945945947,0.0496325429567081,24.0,8.0,3.0,0.25,0.1662365200840833,0.0084052049419578,0.1428571428571428,0.1431688149780716,0.4779299952417396
graph_049_mu_0_2_node_886,18,0.4444444444444444,0.000578928819332,0.369179600886918,2.7087087087087087,0.0494435697660384,13.002,4.998,2.6024000000000007,0.2776666666666666,0.1133504630034453,0.0052289004359206,0.1612199413489736,0.1614145145066373,0.2947841449854286
graph_049_mu_0_2_node_210,35,0.2705882352941176,0.0028243165578237,0.3929976396538159,2.5445445445445447,0.0366939207625848,22.002,12.998,1.6927564102564103,0.3713714285714287,0.3928409945590796,0.0134439959023704,0.2280278281911675,0.2285340400852515,0.6648791845174823
graph_049_mu_0_2_node_725,19,0.3099415204678362,0.0010513724176511,0.3702742772424018,2.700700700700701,0.0205967520398459,12.004,6.996,1.7164571428571431,0.3682105263157894,0.1935964654420989,0.0072591320177897,0.2256578690127076,0.2259301823650877,0.3320441572081002
graph_049_mu_0_2_node_87,38,0.1621621621621621,0.004882763515984,0.4104354971240756,2.4364364364364364,0.0344669820894661,23.0,15.0,1.5333333333333337,0.3947368421052631,0.3331744186046511,0.0157075108549955,0.2459016393442623,0.2464858197391683,0.5108674418604651
graph_049_mu_0_2_node_754,19,0.2941176470588235,0.0011281549226832,0.3609104046242775,2.770770770770771,0.0109790159869667,12.0,7.0,1.7142857142857142,0.3684210526315788,0.1795490716180371,0.0072840040680247,0.2258064516129031,0.2260789205709041,0.2821485411140583
graph_049_mu_0_2_node_412,37,0.3495798319327731,0.0029756121762127,0.3909980430528376,2.557557557557557,0.0345808411038568,26.003,10.997,2.364720202020202,0.2972162162162162,0.3912587417431291,0.0113168456124386,0.1745486797924297,0.1749771289011419,0.8894098675980203
graph_049_mu_0_2_node_505,17,0.2279411764705882,0.0012150407468038,0.3643326039387308,2.744744744744745,0.0114725028137856,9.999,7.001,1.4282678571428569,0.4118235294117647,0.212125307125307,0.0072399516333931,0.2593076923076922,0.2595801577315521,0.302970515970516
graph_049_mu_0_2_node_732,18,0.25,0.0008083692630471,0.3581929006812477,2.791791791791792,0.0078619528238129,12.998,5.002,2.5988000000000007,0.2778888888888888,0.1429852216748768,0.0051833428493674,0.1613677419354838,0.1615624707320999,0.3429300492610836
graph_049_mu_0_2_node_671,15,0.2307692307692307,0.0006584774174373,0.3500350385423966,2.8568568568568566,0.0074342008665657,10.992,4.008,2.745,0.2672,0.1120595238095238,0.0041573915932842,0.1542307692307691,0.1543867830258651,0.2785238095238095
graph_049_mu_0_2_node_642,33,0.2803030303030303,0.0027293533052853,0.3896255850234009,2.5665665665665665,0.0264372741307911,21.0,12.0,1.75,0.3636363636363636,0.4615384615384616,0.0123203285420944,0.2222222222222223,0.2226895483379633,0.8076923076923079
graph_049_mu_0_2_node_22,22,0.1385281385281385,0.0018857594148545,0.3799923925446938,2.6316316316316315,0.0188396873953452,11.001,10.999,1.0002,0.4999545454545454,0.2819866220735785,0.011445445759898,0.3332941176470588,0.3337221443103888,0.2820301003344481
graph_049_mu_0_2_node_650,29,0.1970443349753694,0.0024106491139582,0.396271320904403,2.523523523523524,0.0259805266259903,18.002,10.998,1.6369494949494952,0.3792413793103449,0.2893342105263159,0.011432651391162,0.2339921841076857,0.2344204051917898,0.4735438596491229
graph_049_mu_0_2_node_403,28,0.3446153846153846,0.0016882350132476,0.3779795686719637,2.645645645645646,0.021247723629391,20.0,8.0,2.5,0.2857142857142856,0.3076923076923076,0.0082135523613963,0.1666666666666666,0.1669782416783506,0.7307692307692305
graph_049_mu_0_2_node_982,25,0.29,0.0013292300676177,0.3735976065818998,2.6766766766766765,0.0205526947311931,19.0,6.0,3.166666666666666,0.2400000000000001,0.1332697674418604,0.0062830043419982,0.1363636363636363,0.1365973176223993,0.4220209302325581
graph_049_mu_0_2_node_143,29,0.3029556650246305,0.0019748760517965,0.3942383583267561,2.5365365365365364,0.0704677642036158,19.001,9.999,1.9003222222222216,0.3447931034482759,0.2267362201245377,0.0104610795603658,0.2083086734693877,0.2086980426692135,0.4308329358836806
graph_049_mu_0_2_node_946,21,0.2523809523809524,0.0012511233244056,0.3698630136986301,2.703703703703704,0.0179843208053881,14.002,6.998,2.001,0.3332380952380951,0.1936307557132313,0.0072612501708715,0.1999333333333333,0.2002057669145865,0.38731414300541
graph_049_mu_0_2_node_951,24,0.1601731601731601,0.0013202160162834,0.3724832214765101,2.684684684684685,0.018396415619922,15.0,9.0,1.666666666666667,0.375,0.1999046511627907,0.0094245065129973,0.2307692307692308,0.2311196025526231,0.3109627906976743
graph_049_mu_0_2_node_169,56,0.2707792207792208,0.0061915669277032,0.4216969185310257,2.3713713713713718,0.1176972953180208,41.004,14.996,2.7344000000000004,0.2677857142857142,0.3400659815916377,0.0156889493873877,0.1545920471281295,0.1551768919685326,0.9297227334587151
graph_049_mu_0_2_node_180,19,0.3859649122807017,0.0007475866920692,0.3648648648648648,2.740740740740741,0.0176739927297475,13.0,6.0,2.166666666666667,0.3157894736842105,0.2725545454545452,0.0061352173345516,0.1875,0.1877335720959202,0.5905348484848486
graph_049_mu_0_2_node_302,21,0.4904761904761904,0.0006213550510989,0.3701370878103001,2.701701701701701,0.0239768462610064,17.0,4.0,4.25,0.1904761904761905,0.1289174618566697,0.0041281857041724,0.1052631578947368,0.1054189332666505,0.5478992128908469
graph_049_mu_0_2_node_854,17,0.3428571428571428,0.0005562916541545,0.3457943925233644,2.891891891891892,0.0073503489974447,13.0,4.0,3.25,0.2352941176470588,0.2105263157894736,0.0040774719673802,0.1333333333333333,0.1334890601884295,0.6315789473684211
graph_049_mu_0_2_node_349,23,0.375494071146245,0.0010975883377573,0.3741573033707865,2.6726726726726726,0.0542900400898078,16.005,6.995,2.288890476190476,0.3041304347826087,0.1586477588564988,0.0073181673760526,0.1793426203877422,0.1796149796540918,0.3628564772212096
graph_049_mu_0_2_node_209,22,0.2424242424242424,0.0014036118379973,0.3741573033707865,2.6726726726726726,0.0181590535898584,13.001,8.999,1.4447499999999995,0.4090454545454546,0.236738596491228,0.0093546644844517,0.2571079365079364,0.2574582148518815,0.3419798245614035
graph_049_mu_0_2_node_846,21,0.3666666666666666,0.0009857304563316,0.3759879563417388,2.65965965965966,0.0524643478302536,14.0,7.0,2.0,0.3333333333333332,0.1587235893812941,0.0073235207195784,0.2,0.2002725113870829,0.3174471787625882
graph_049_mu_0_2_node_343,25,0.2648221343873518,0.0016249771223979,0.3741573033707865,2.6726726726726726,0.0163060562034673,17.0,8.0,2.125,0.32,0.3995504761904763,0.0081637105588307,0.1904761904761905,0.1907876926956437,0.7991009523809526
graph_049_mu_0_2_node_357,19,0.3976608187134502,0.0007994757707488,0.3636694575900983,2.74974974974975,0.014271311917863,14.0,5.0,2.7999999999999994,0.2631578947368421,0.1923076923076923,0.0051334702258726,0.1515151515151515,0.1517098176627085,0.5384615384615384
graph_049_mu_0_2_node_355,17,0.25,0.0012443421721662,0.3647316538882804,2.7417417417417416,0.0102837510308575,10.001,6.999,1.4289761904761902,0.4117058823529412,0.212071253071253,0.0072378747901948,0.2592142857142857,0.2594866733656033,0.302997542997543
graph_049_mu_0_2_node_121,18,0.3856209150326797,0.0006911458638045,0.3628768616055212,2.755755755755756,0.0142361111456017,13.0,5.0,2.600000000000001,0.2777777777777778,0.1923076923076923,0.0051334702258726,0.1612903225806451,0.1614849735714187,0.5
graph_049_mu_0_2_node_601,28,0.246031746031746,0.0022213434050131,0.3810068649885583,2.6246246246246248,0.0238585329279269,18.002,9.998,1.8006222222222228,0.3570714285714284,0.2766226562592754,0.0103741653481426,0.2173395004625347,0.2177288004431781,0.4979753267212414
graph_049_mu_0_2_node_563,30,0.3011494252873563,0.002227698843214,0.3909980430528376,2.557557557557557,0.0322964441588676,20.0,10.0,2.0,0.3333333333333332,0.3222936546416745,0.010320464260431,0.2,0.2003894384297843,0.644587309283349
graph_049_mu_0_2_node_955,17,0.3047619047619048,0.0007192584336312,0.3585786073223259,2.7887887887887888,0.0110475466996139,11.0,6.0,1.8333333333333328,0.3529411764705881,0.1673928571428571,0.006223781634778,0.2142857142857142,0.2145192500166811,0.2789880952380952
graph_049_mu_0_2_node_835,24,0.213768115942029,0.0016174449467186,0.3860123647604327,2.5905905905905904,0.0287633397152537,14.002,9.998,1.4005333333333332,0.4165833333333333,0.3021769054215863,0.0103410487555961,0.2630931174089069,0.2634822961594802,0.4231039446464976
graph_049_mu_0_2_node_887,17,0.1809523809523809,0.0011378441119778,0.3631406761177753,2.7537537537537538,0.009723179100295,10.0,7.0,1.4285714285714282,0.411764705882353,0.1794598662207357,0.0072841325314083,0.2592592592592592,0.2595316858013881,0.2307341137123746
graph_049_mu_0_2_node_178,23,0.2648221343873518,0.0010938823516565,0.373877245508982,2.674674674674675,0.0250680473934618,17.0,6.0,2.833333333333333,0.2608695652173912,0.119955,0.0063159954233409,0.1499999999999999,0.1502336448598131,0.3398724999999999
graph_049_mu_0_2_node_362,15,0.2095238095238095,0.0007204110408037,0.3581929006812477,2.791791791791792,0.0113080082764746,10.0,5.0,2.0,0.3333333333333332,0.1110581395348837,0.0052358369516651,0.2,0.2001946055345813,0.2221162790697675
graph_049_mu_0_2_node_869,16,0.1833333333333333,0.0008877459418953,0.37,2.702702702702702,0.0140440293635621,9.0,7.0,1.2857142857142858,0.4375,0.1841429824561402,0.0072766775777414,0.2800000000000001,0.2802724053391446,0.2367552631578947
graph_049_mu_0_2_node_356,38,0.3063492063492063,0.0025936151092369,0.3936170212765957,2.5405405405405403,0.0371563992845991,28.001,9.999,2.8004222222222217,0.2631315789473684,0.3021922519369328,0.0103421195014669,0.1514979647218453,0.1518876070354709,0.8159690802297187
graph_049_mu_0_2_node_448,22,0.3982683982683982,0.0010396606319077,0.3687707641196013,2.7117117117117115,0.0174512414759962,16.0,6.0,2.666666666666666,0.2727272727272726,0.2600523575832019,0.0061425263341217,0.1578947368421052,0.1581283635066953,0.6934729535552051
graph_049_mu_0_2_node_983,18,0.375,0.0006596892511353,0.3567857142857142,2.8028028028028027,0.0119808260727758,13.0,5.0,2.600000000000001,0.2777777777777778,0.2271287878787878,0.0051126811121263,0.1612903225806451,0.1614849735714187,0.5451090909090905
graph_049_mu_0_2_node_938,30,0.2195767195767195,0.0014669369608444,0.3801369863013699,2.630630630630631,0.0271222846158377,23.0,7.0,3.2857142857142847,0.2333333333333333,0.1399475,0.0073686613272311,0.1320754716981132,0.1323481741797057,0.4398350000000001
graph_049_mu_0_2_node_679,21,0.2280701754385964,0.00124517690354,0.3751408186256102,2.665665665665666,0.0311657974865521,13.003,7.997,1.626125,0.3808095238095239,0.1661959185803238,0.0084019651709761,0.2351882352941176,0.235499523828668,0.2493953816298843
graph_049_mu_0_2_node_882,21,0.3857142857142857,0.0011273274661036,0.3724832214765101,2.684684684684685,0.0240581453262648,15.001,5.999,2.5007,0.2856666666666665,0.1813104722572807,0.0062048362254256,0.1666351351351351,0.1668687046953317,0.4533216351886562
graph_049_mu_0_2_node_3,37,0.3543543543543543,0.0021754418604147,0.3917647058823529,2.5525525525525525,0.0856631207711111,28.001,8.999,3.111625000000001,0.2432162162162162,0.2040614216414958,0.0094148623147117,0.138444289044289,0.1387949768949332,0.6348943575251765
graph_049_mu_0_2_node_409,28,0.403076923076923,0.001550630878201,0.3717901004838109,2.68968968968969,0.0184122908528759,21.0,7.0,3.0,0.25,0.3033944171804023,0.007166280723142,0.1428571428571428,0.1431298028501316,0.8668411919440069
graph_049_mu_0_2_node_79,19,0.3976608187134502,0.000621788908806,0.3694526627218935,2.7067067067067065,0.0318418256637467,14.002,4.998,2.8019,0.2630526315789473,0.1214868831871402,0.0052131845292363,0.1514474153297683,0.1516420036472495,0.3402261942723072
graph_049_mu_0_2_node_464,29,0.167487684729064,0.0024505276132166,0.392226148409894,2.5495495495495497,0.0291961844713767,18.001,10.999,1.6366272727272728,0.3792758620689656,0.219905,0.01157823798627,0.2340168439716313,0.2344451039555981,0.3598775
graph_049_mu_0_2_node_435,22,0.431578947368421,0.0008352457401411,0.3628768616055212,2.755755755755756,0.0162440022699299,17.0,5.0,3.399999999999999,0.2272727272727271,0.2271287878787878,0.0051126811121263,0.1282051282051282,0.128399839837201,0.7268121212121211
graph_049_mu_0_2_node_587,25,0.383399209486166,0.0011830766517028,0.3765548435733132,2.655655655655656,0.0588126648967695,18.002,6.998,2.572619047619048,0.2799200000000001,0.1586974444735703,0.0073213550448775,0.162737843551797,0.1630103620066468,0.3854977191194382
graph_049_mu_0_2_node_873,18,0.2483660130718954,0.0009906845534233,0.367684946632315,2.71971971971972,0.0158866504731787,11.0,7.0,1.5714285714285718,0.388888888888889,0.1554813953488371,0.0073301717323312,0.2413793103448275,0.2416517580932416,0.2443279069767441
graph_049_mu_0_2_node_258,26,0.3876923076923076,0.0013260578083668,0.3805714285714285,2.627627627627628,0.031323816758575,19.0,7.0,2.7142857142857157,0.2692307692307692,0.225605558249172,0.0072243249823017,0.1555555555555555,0.1558281730731783,0.6123579438191816
graph_049_mu_0_2_node_120,37,0.2942942942942942,0.0030281538618028,0.4004008016032064,2.497497497497497,0.0817312676418515,25.002,11.998,2.083893939393939,0.3242702702702704,0.2720714368887802,0.0125524412731479,0.1935104966717869,0.1939778906169134,0.5668961069837745
graph_049_mu_0_2_node_98,25,0.2533333333333333,0.0015979937045157,0.3785524820007578,2.641641641641641,0.0210382008452033,16.0,9.0,1.7777777777777783,0.36,0.2367552631578947,0.0093557283142389,0.2195121951219513,0.2198625941875537,0.420898245614035
graph_049_mu_0_2_node_171,28,0.3412698412698413,0.0016340043377215,0.3778366111951589,2.6466466466466465,0.0213309018319568,20.0,8.0,2.5,0.2857142857142856,0.3076923076923076,0.0082135523613963,0.1666666666666666,0.1669782416783506,0.7692307692307695
graph_049_mu_0_2_node_943,22,0.3246753246753247,0.0012282144738289,0.3747186796699174,2.6686686686686687,0.0345226342775179,15.001,6.999,2.1433809523809524,0.3181363636363636,0.1701013324302712,0.0073004389903104,0.1891578947368421,0.1894303884374799,0.3645280652917578
graph_049_mu_0_2_node_670,23,0.2490118577075099,0.0018841379672197,0.373877245508982,2.674674674674675,0.0185898213146048,12.999,10.001,1.2997909090909092,0.4348260869565218,0.3452160919540231,0.0102995300255636,0.2778142857142857,0.2782035508051974,0.4141793103448276
graph_049_mu_0_2_node_365,20,0.2789473684210526,0.0009667214632562,0.3694526627218935,2.7067067067067065,0.0211775877252442,13.001,6.999,1.857619047619048,0.3499499999999999,0.2115310488023253,0.007239156166933,0.2120855614973261,0.2123580127683281,0.3928674950855801
graph_049_mu_0_2_node_463,24,0.1992753623188405,0.0017584007289485,0.3781226343679031,2.6446446446446448,0.0218089274775458,15.0,9.0,1.666666666666667,0.375,0.1799325,0.0094739931350114,0.2307692307692308,0.2311196025526231,0.2998874999999999
graph_049_mu_0_2_node_862,20,0.2736842105263158,0.0009310407741519,0.3782658084059068,2.643643643643644,0.0373486034297268,13.004,6.996,1.8590476190476195,0.3497999999999999,0.1454081673739868,0.0073501944323669,0.2119786096256684,0.2122509441970057,0.2701568170467477
graph_049_mu_0_2_node_595,24,0.3007246376811594,0.0013267854993099,0.3709617526921648,2.695695695695696,0.0214107318458408,16.006,7.994,2.002571428571428,0.3330833333333332,0.2212151413244368,0.0082946846037067,0.1998243902439024,0.2001356347893919,0.4427519609705519
graph_049_mu_0_2_node_369,34,0.3104838709677419,0.0022060091864051,0.383935434281322,2.6046046046046047,0.0292301114591685,23.013,10.987,2.0952707070707066,0.3231470588235294,0.3646293001443,0.0113305593689253,0.1927185497349452,0.1931465096159634,0.7298270093795092
graph_049_mu_0_2_node_370,20,0.3421052631578947,0.0007968649362184,0.3693160813308687,2.707707707707708,0.0222182140161402,15.0,5.0,3.0,0.25,0.0999625,0.0052633295194508,0.1428571428571428,0.1430518241638437,0.2998874999999999
graph_049_mu_0_2_node_710,29,0.2610837438423645,0.0022333007019924,0.3919183993723029,2.5515515515515514,0.0425894502502814,18.004,10.996,1.637418181818182,0.3791724137931035,0.2672729678833531,0.0114694664264274,0.2339397163120568,0.2343678596236985,0.4374561502602218
graph_049_mu_0_2_node_535,23,0.2727272727272727,0.0009251077586684,0.3715135738192636,2.6916916916916915,0.0217640071700861,18.001,4.999,3.601150000000001,0.2173478260869565,0.111046511627907,0.0052347428597614,0.121924506387921,0.1221191942590663,0.3998209302325582
graph_049_mu_0_2_node_60,30,0.2137931034482758,0.0023886929383884,0.387359441644048,2.581581581581581,0.0282042178733155,21.001,8.999,2.33375,0.2999666666666666,0.199893023255814,0.0094234124210936,0.1764479638009049,0.1767984604293322,0.4664558139534884
graph_049_mu_0_2_node_67,17,0.1470588235294117,0.0007907665214919,0.3716517857142857,2.690690690690691,0.0258231603102687,10.002,6.998,1.4293809523809518,0.4116470588235295,0.1454344831634605,0.0073523589345314,0.2591693121693121,0.2594416609298187,0.2077956501051041
graph_049_mu_0_2_node_954,19,0.2280701754385964,0.0008940343698774,0.3698630136986301,2.703703703703704,0.0179380050648598,13.0,6.0,2.166666666666667,0.3157894736842105,0.1332697674418604,0.0062830043419982,0.1875,0.1877335720959202,0.2887511627906976
graph_049_mu_0_2_node_651,26,0.3442028985507246,0.0017072266104847,0.375,2.6666666666666665,0.0179976206228711,18.0,8.0,2.25,0.3076923076923076,0.3467364767776025,0.0081900351121623,0.1818181818181818,0.1821297082979325,0.7368150131524057
graph_049_mu_0_2_node_735,53,0.2290196078431372,0.0059832641183357,0.4114497528830313,2.4304304304304303,0.0834916629827773,36.006,16.994,2.118894117647059,0.3206415094339622,0.3531790899298809,0.0178545191846625,0.1909327077416964,0.1915951647848316,0.7273582906166605
graph_049_mu_0_2_node_579,18,0.196078431372549,0.0009871532455037,0.3687707641196013,2.7117117117117115,0.0155613931670532,11.0,7.0,1.5714285714285718,0.388888888888889,0.1841429824561402,0.0072766775777414,0.2413793103448275,0.2416517580932416,0.2893675438596492
graph_049_mu_0_2_node_816,22,0.2554112554112554,0.0019735089211112,0.3761295180722891,2.6586586586586587,0.0190832545040441,13.998,8.002,1.74945,0.3637272727272726,0.2052679045092839,0.0083266358099773,0.2222941176470589,0.2226056248747458,0.3334137931034482
graph_049_mu_0_2_node_107,34,0.2237903225806451,0.0023345108592134,0.3937721718565234,2.53953953953954,0.0540607633181545,22.0,12.0,1.8333333333333328,0.3529411764705881,0.2493547801261249,0.0126078074129367,0.2142857142857142,0.2147530768032402,0.4363708652207187
graph_049_mu_0_2_node_794,33,0.3295454545454545,0.0017282771471303,0.3867595818815331,2.5855855855855854,0.0589898548448199,26.001,6.999,3.7150714285714295,0.212090909090909,0.1454422491912199,0.0073534813628396,0.1186254237288135,0.1188981510288751,0.5402833961556238
graph_049_mu_0_2_node_842,19,0.3742690058479532,0.0006066201963382,0.3690432212781677,2.70970970970971,0.0369845373238898,14.001,4.999,2.80095,0.2631052631578947,0.1038835393382663,0.0052521778199064,0.1514812834224599,0.151675910654979,0.2909139101471458
graph_049_mu_0_2_node_358,16,0.4166666666666667,0.0005776648101369,0.3562767475035663,2.8068068068068066,0.0140305337787374,12.0,4.0,3.0,0.25,0.1326613708513708,0.0041252878417733,0.1428571428571428,0.1430128575877563,0.3979841125541126
graph_049_mu_0_2_node_190,33,0.2473118279569892,0.0029606283403044,0.3931523022432113,2.543543543543544,0.0257911235921756,21.0,12.0,1.75,0.3636363636363636,0.4615384615384616,0.0123203285420944,0.2222222222222223,0.2226895483379633,0.7692307692307695
graph_049_mu_0_2_node_892,40,0.2645803698435277,0.0028833765678322,0.40056134723336,2.4964964964964964,0.0672518000802421,29.004,10.996,2.6378181818181816,0.2749,0.2285264274160284,0.0115527969033458,0.1593540372670807,0.1597825476398995,0.5818766079938776
graph_049_mu_0_2_node_949,15,0.1428571428571428,0.0008972350344539,0.3638018936635105,2.7487487487487487,0.0104356243763025,8.998,6.002,1.499285714285714,0.4001333333333334,0.1715684729064039,0.0062195994727939,0.2501086956521739,0.250342272799033,0.2571802955665024
graph_049_mu_0_2_node_863,16,0.2666666666666666,0.0008664230620602,0.3684987089634821,2.7137137137137137,0.0165800586282123,9.0,7.0,1.2857142857142858,0.4375,0.1841429824561402,0.0072766775777414,0.2800000000000001,0.2802724053391446,0.2367552631578947
graph_049_mu_0_2_node_756,20,0.2287581699346405,0.0010780338030842,0.3594818279956819,2.7817817817817816,0.0107316748816448,13.0,7.0,1.8571428571428577,0.3499999999999999,0.2692307692307692,0.0071868583162217,0.212121212121212,0.2123937022921023,0.4615384615384616
graph_049_mu_0_2_node_831,25,0.2213438735177865,0.0012466043381819,0.3778366111951589,2.6466466466466465,0.021519821513529,17.0,8.0,2.125,0.32,0.2104491228070175,0.0083162029459901,0.1904761904761905,0.1907876926956437,0.420898245614035
graph_049_mu_0_2_node_986,39,0.2012012012012012,0.0027923105762281,0.3945497630331753,2.5345345345345347,0.0378036463238867,30.0,9.0,3.333333333333334,0.2307692307692308,0.1799325,0.0094739931350114,0.1304347826086956,0.130785564071844,0.5797824999999999
graph_049_mu_0_2_node_276,21,0.1619047619047619,0.0016922801837722,0.3737373737373737,2.675675675675676,0.0146283976513257,12.0,9.0,1.333333333333333,0.4285714285714285,0.2307341137123746,0.0093653132546678,0.2727272727272726,0.2730775626895192,0.3076454849498327
graph_049_mu_0_2_node_677,35,0.2067226890756302,0.0033223324951332,0.3961141950832672,2.5245245245245247,0.0325961447393997,24.0,11.0,2.1818181818181808,0.3142857142857142,0.2443279069767441,0.0115188412936634,0.1864406779661016,0.1868691770506717,0.5330790697674418
graph_049_mu_0_2_node_351,18,0.2287581699346405,0.001123098541917,0.3744377811094452,2.670670670670671,0.0184316269222397,10.007,7.993,1.25225,0.4440555555555557,0.2211990122921787,0.0082936185056257,0.2854039408866994,0.2857150011965298,0.2767601853968047
graph_049_mu_0_2_node_909,29,0.339031339031339,0.0012549426839572,0.3810068649885583,2.6246246246246248,0.0430440608379999,23.005,5.995,3.838650000000001,0.2067241379310344,0.1457457395007083,0.0062530308647083,0.1152801698650755,0.1155137292654415,0.5347066490439063
graph_049_mu_0_2_node_928,26,0.36,0.0015768277442288,0.3795592705167173,2.6346346346346348,0.020570846668175,18.004,7.996,2.252166666666667,0.3075384615384614,0.346665048206174,0.0081857978240267,0.1817154150197628,0.182026785845479,0.7801927870353204
graph_049_mu_0_2_node_684,23,0.2213438735177865,0.0015979215725699,0.3820267686424474,2.6176176176176176,0.020241928505799,14.0,9.0,1.555555555555556,0.3913043478260869,0.2367552631578947,0.0093557283142389,0.2432432432432432,0.2435935877486735,0.3682859649122805
graph_049_mu_0_2_node_644,28,0.3253968253968254,0.00175452153383,0.3807164634146341,2.6266266266266265,0.0274252224573725,19.005,8.995,2.1130555555555555,0.32125,0.298422251082251,0.009276486363144,0.1913652482269503,0.1917155346350513,0.6302073448773446
graph_049_mu_0_2_node_248,34,0.3226381461675579,0.0022987688905337,0.3867595818815331,2.5855855855855854,0.0331823786064823,25.002,8.998,2.778857142857143,0.2646470588235294,0.2719534428736554,0.0093067450018482,0.1525045846068352,0.1528551515463578,0.7555461596578619
graph_049_mu_0_2_node_848,28,0.3876923076923076,0.001036344727122,0.3826120260436614,2.6136136136136137,0.0529251577203246,22.0,6.0,3.6666666666666656,0.2142857142857142,0.1246773900630624,0.0063039037064683,0.12,0.1202337358784573,0.4363708652207187
graph_049_mu_0_2_node_988,40,0.2916073968705547,0.0032846642970273,0.3994402239104358,2.503503503503504,0.0859732062194803,28.002,11.998,2.333939393939394,0.2999499999999999,0.2720728300776348,0.0125524306280553,0.1764364876385336,0.1769039908559587,0.6122443107610038
graph_049_mu_0_2_node_297,23,0.3992094861660079,0.0010857954986553,0.3710995542347697,2.694694694694695,0.0180273566344046,18.0,5.0,3.600000000000001,0.2173913043478261,0.1923076923076923,0.0051334702258726,0.1219512195121951,0.122145946310497,0.6923076923076923
graph_049_mu_0_2_node_411,21,0.2807017543859649,0.0013971524116644,0.3694526627218935,2.7067067067067065,0.0153937905786665,13.999,7.001,1.999625,0.3333809523809523,0.1795835543766577,0.0072850339341421,0.2000352941176471,0.2003078443985589,0.3334137931034482
graph_049_mu_0_2_node_284,41,0.2707317073170732,0.0038253876121894,0.4069246435845214,2.457457457457457,0.0675614257452217,28.007,12.993,2.1558292540792543,0.3169024390243902,0.2700380160786964,0.0136509078347884,0.1882883912168663,0.188794645225027,0.5819241493522306
graph_049_mu_0_2_node_118,24,0.2644927536231884,0.0015887179382362,0.3852680293096799,2.5955955955955954,0.0363598653847694,15.003,8.997,1.667666666666667,0.374875,0.2186733284374263,0.0093844564861593,0.2306769230769231,0.231027178178854,0.3645598113235038
graph_049_mu_0_2_node_781,21,0.3666666666666666,0.0011782117931761,0.367684946632315,2.71971971971972,0.0138889427150663,14.999,6.001,2.4995,0.2857619047619047,0.2071563218390804,0.0061801241067087,0.1667,0.1669336473751154,0.5176574712643679
graph_049_mu_0_2_node_391,27,0.36,0.0014046907858777,0.3723443906075289,2.685685685685686,0.0188668831266059,19.002,7.998,2.3759642857142858,0.2962222222222222,0.3467007624918882,0.0081879164680945,0.1738630897317298,0.1741745626515769,0.7801927870353204
graph_049_mu_0_2_node_912,31,0.3620689655172414,0.001777366271192,0.3805714285714285,2.627627627627628,0.0275007046285367,24.0,7.0,3.4285714285714284,0.2258064516129031,0.193657071502705,0.007263414673036,0.1272727272727272,0.1275454510035878,0.6363018063660308
graph_049_mu_0_2_node_86,20,0.3842105263157894,0.0010306090802621,0.3655323819978046,2.735735735735736,0.0137814352453753,14.0,6.0,2.333333333333333,0.2999999999999999,0.2307692307692308,0.0061601642710472,0.176470588235294,0.1767041785179383,0.5384615384615384
graph_049_mu_0_2_node_41,22,0.1991341991341991,0.001214356789611,0.3734579439252336,2.6776776776776776,0.0188291163264659,15.001,6.999,2.1433809523809524,0.3181363636363636,0.1554697674418604,0.0073290776404275,0.1891578947368421,0.1894303884374799,0.3331744186046511
graph_049_mu_0_2_node_466,19,0.3684210526315789,0.0010579576011658,0.367684946632315,2.71971971971972,0.0134094764168739,13.001,5.999,2.1673,0.3157368421052632,0.1673749999999999,0.0062227223127441,0.1874640151515151,0.187697548341487,0.3627023809523808
graph_049_mu_0_2_node_652,31,0.3612903225806451,0.0020772744322074,0.3821729150726855,2.6166166166166165,0.0272724440576044,23.001,7.999,2.875553571428572,0.2580322580645159,0.2653027417027417,0.0082495230519678,0.1481272727272727,0.1484388816411087,0.7628228823953828
graph_049_mu_0_2_node_227,29,0.2881773399014778,0.002050352019105,0.3851195065535852,2.5965965965965965,0.0241311716971759,18.0,11.0,1.6363636363636365,0.3793103448275863,0.4230769230769231,0.0112936344969199,0.2340425531914894,0.2344708520662313,0.6923076923076923
graph_049_mu_0_2_node_135,31,0.3161290322580645,0.0020652322894021,0.3917647058823529,2.5525525525525525,0.0373698588531408,21.0,10.0,2.100000000000001,0.3225806451612903,0.3222936546416745,0.010320464260431,0.1923076923076923,0.1926971610722974,0.6768166747475166
graph_049_mu_0_2_node_242,16,0.1666666666666666,0.0010710514968975,0.359740727403673,2.77977977977978,0.0093696120414229,9.998,6.002,1.6659047619047622,0.375125,0.1715684729064039,0.0062195994727939,0.2308676923076923,0.2311012876360011,0.2572492610837438
graph_049_mu_0_2_node_620,38,0.3029871977240398,0.003538088553946,0.3969010727056019,2.51951951951952,0.0367981831723802,26.0,12.0,2.166666666666667,0.3157894736842105,0.3867523855700093,0.0123845571125172,0.1875,0.1879675081813932,0.8379635020683533
graph_049_mu_0_2_node_145,35,0.1875,0.0036592845104701,0.3986432561851556,2.5085085085085086,0.0272755070354448,22.0,13.0,1.6923076923076923,0.3714285714285715,0.3419798245614035,0.013513829787234,0.2280701754385964,0.2285764651141817,0.552428947368421
graph_049_mu_0_2_node_235,19,0.4191176470588235,0.0006948098127385,0.3601297764960346,2.7767767767767766,0.01421109934971,14.0,5.0,2.7999999999999994,0.2631578947368421,0.2271287878787878,0.0051126811121263,0.1515151515151515,0.1517098176627085,0.5905348484848486
graph_049_mu_0_2_node_251,19,0.3235294117647059,0.0008246246964426,0.3611713665943601,2.7687687687687688,0.0103263447817015,13.0,6.0,2.166666666666667,0.3157894736842105,0.1819696969696969,0.0062046622030046,0.1875,0.1877335720959202,0.3639393939393939
graph_049_mu_0_2_node_396,41,0.2780026990553306,0.0039024550275969,0.4013660104459622,2.4914914914914914,0.0408226202935193,28.0,13.0,2.1538461538461537,0.3170731707317073,0.4189817510341767,0.0134166035385603,0.1884057971014492,0.1889123234992672,0.8701928675325212
graph_049_mu_0_2_node_309,39,0.3049932523616734,0.0032055288676128,0.3947056499407348,2.5335335335335336,0.0363535385646079,30.0,9.0,3.333333333333334,0.2307692307692308,0.2489876633606207,0.0093386760081891,0.1304347826086956,0.130785564071844,0.8299588778687357
graph_049_mu_0_2_node_425,20,0.2810457516339869,0.0009008043968056,0.3754227733934611,2.663663663663664,0.0221524522270219,14.0,6.0,2.333333333333333,0.2999999999999999,0.119955,0.0063159954233409,0.176470588235294,0.1767041785179383,0.2599024999999999
graph_049_mu_0_2_node_28,29,0.2906403940886699,0.0019659781175446,0.388715953307393,2.5725725725725725,0.0328617319349561,19.0,10.0,1.8999999999999997,0.3448275862068967,0.3222936546416745,0.010320464260431,0.2083333333333333,0.2087227414330218,0.6123579438191816
graph_049_mu_0_2_node_363,22,0.2510822510822511,0.0015643543846674,0.3719285182427401,2.6886886886886887,0.0169139295057064,12.004,9.996,1.2010999999999998,0.4543636363636362,0.4333491674005748,0.0102333066020673,0.2939738562091503,0.2943628965974571,0.5201761437378325
graph_049_mu_0_2_node_31,39,0.3243243243243243,0.0026112378264304,0.390539483971853,2.5605605605605604,0.0354253151464476,28.005,10.995,2.5473848484848487,0.2819230769230769,0.3647422907647906,0.0113391916737714,0.1640944955529258,0.164522933591289,0.8955407323232325
graph_049_mu_0_2_node_915,31,0.2086021505376344,0.0023572739163928,0.3975328292877039,2.5155155155155158,0.0522217421840528,18.002,12.998,1.3850128205128205,0.419290322580645,0.2701118732265231,0.0136562626409997,0.2652555102040817,0.2657615644304207,0.3740321701891874
graph_049_mu_0_2_node_432,17,0.2426470588235294,0.0011042865394882,0.3636694575900983,2.74974974974975,0.0120148608462137,10.0,7.0,1.4285714285714282,0.411764705882353,0.2412868672046954,0.0072091989846146,0.2592592592592592,0.2595316858013881,0.3446955245781366
graph_049_mu_0_2_node_531,26,0.2769230769230769,0.0013062529992963,0.3765548435733132,2.655655655655656,0.0263885380344638,19.001,6.999,2.714904761904763,0.2691923076923077,0.139935,0.0073675743707093,0.1555304347826086,0.1558030133821763,0.3798574999999999
graph_049_mu_0_2_node_555,28,0.3169230769230769,0.0018515732659512,0.383199079401611,2.6096096096096097,0.0614238687848715,18.003,9.997,1.800933333333334,0.3570357142857142,0.2267049761894146,0.010458946582736,0.217313598519889,0.2177028596036958,0.3855145828527198
graph_049_mu_0_2_node_524,28,0.2738461538461538,0.0015960116402605,0.3817348108521207,2.61961961961962,0.0222928490327157,21.0,7.0,3.0,0.25,0.1841429824561402,0.0072766775777414,0.1428571428571428,0.1431298028501316,0.5261228070175439
graph_049_mu_0_2_node_530,17,0.1985294117647058,0.001011697742072,0.3580645161290323,2.7927927927927927,0.0095323944405708,10.999,6.001,1.8329285714285708,0.3529999999999998,0.1538444816053511,0.0062445903878079,0.2143306878306878,0.2145642624524658,0.2819866220735785
graph_049_mu_0_2_node_516,37,0.2823529411764706,0.0029150723779735,0.3948616600790514,2.5325325325325325,0.040850996671156,25.0,12.0,2.083333333333333,0.3243243243243245,0.3867523855700093,0.0123845571125172,0.1935483870967741,0.1940158588536888,0.7735047711400187
graph_049_mu_0_2_node_469,38,0.2301587301587301,0.0028488115230133,0.3881118881118881,2.5765765765765765,0.0336698428993313,30.001,7.999,3.750678571428572,0.2104999999999999,0.1776813953488371,0.0083762450307605,0.1176308610400682,0.1179426399930856,0.6441488372093024
graph_049_mu_0_2_node_334,19,0.4411764705882353,0.000857356828699,0.3605196679898953,2.7737737737737738,0.0123724682374803,14.0,5.0,2.7999999999999994,0.2631578947368421,0.1282493368700265,0.0052028600485891,0.1515151515151515,0.1517098176627085,0.3334482758620689
graph_049_mu_0_2_node_423,32,0.1954022988505747,0.0022152565437965,0.3881118881118881,2.5765765765765765,0.0317284990300473,24.001,7.999,3.0005714285714284,0.24996875,0.1599275,0.0084202402745995,0.1428370927318295,0.1431487259256208,0.45984
graph_049_mu_0_2_node_124,17,0.2867647058823529,0.0007931954201571,0.367414490621552,2.7217217217217216,0.0380644548850362,11.004,5.996,1.8358833333333329,0.3527058823529411,0.1359866820874672,0.0062730276550399,0.2141210180623974,0.2143543981846991,0.249484892124247
graph_049_mu_0_2_node_89,18,0.4,0.000649060239434,0.3575518969219756,2.7967967967967966,0.0097503836458853,13.0,5.0,2.600000000000001,0.2777777777777778,0.1725747126436782,0.0051492573985686,0.1612903225806451,0.1614849735714187,0.4141793103448276
graph_049_mu_0_2_node_676,29,0.3522167487684729,0.0013293236327941,0.3808616088448341,2.625625625625626,0.0539455558194405,22.004,6.996,3.1461714285714297,0.2412413793103447,0.1454120112533481,0.0073501635448497,0.1371690714021457,0.1374415969110006,0.4571729021413413
graph_049_mu_0_2_node_572,26,0.3476923076923077,0.0015263813358653,0.3733183856502242,2.6786786786786787,0.0216344930921031,19.008,6.992,2.720228571428572,0.2689230769230769,0.1935032253488589,0.0072549758544706,0.1553588652482269,0.1556311713850239,0.5257944688040455
graph_049_mu_0_2_node_249,27,0.3504273504273504,0.0017031614529998,0.3811522319725295,2.623623623623624,0.0640613274436367,19.0,8.0,2.375,0.2962962962962963,0.1813983878643361,0.0083697379652325,0.1739130434782608,0.1742245942220882,0.4308211711777983
graph_049_mu_0_2_node_786,41,0.2860998650472334,0.003527143200436,0.3917647058823529,2.5525525525525525,0.0335823633441082,31.002,9.998,3.100911111111112,0.2438536585365854,0.2766226562592754,0.0103741653481426,0.1388576864535768,0.1392473809540842,0.829989180899039
graph_049_mu_0_2_node_250,19,0.3976608187134502,0.0007684039463922,0.364067055393586,2.7467467467467466,0.0155926338243287,13.001,5.999,2.1673,0.3157368421052632,0.2725378787878786,0.0061341535047643,0.1874640151515151,0.187697548341487,0.5905515151515153
graph_049_mu_0_2_node_237,21,0.2904761904761905,0.0010677792055844,0.37,2.702702702702702,0.0169264160238432,15.0,6.0,2.5,0.2857142857142856,0.1578368421052631,0.0062371522094926,0.1666666666666666,0.1669002751388672,0.3945921052631578
graph_049_mu_0_2_node_753,29,0.2536945812807882,0.0019579038813934,0.3846746245668078,2.5995995995996,0.0293821832575346,20.0,9.0,2.2222222222222223,0.3103448275862069,0.1799325,0.0094739931350114,0.1836734693877551,0.1840239776246987,0.39985
graph_049_mu_0_2_node_49,17,0.3523809523809524,0.0004945912141661,0.3590941768511862,2.784784784784785,0.0177853929203873,13.0,4.0,3.25,0.2352941176470588,0.1289174618566697,0.0041281857041724,0.1333333333333333,0.1334890601884295,0.3867523855700093
graph_049_mu_0_2_node_373,23,0.3438735177865613,0.001237070759581,0.3776937618147448,2.647647647647648,0.0364040527278455,16.003,6.997,2.287357142857142,0.3042173913043479,0.170076191009781,0.0072982649847997,0.1793987179487179,0.1796711550511905,0.3888299363112082
graph_049_mu_0_2_node_81,38,0.2015873015873016,0.0033651151569501,0.3988023952095808,2.5075075075075075,0.0384823715884576,26.0,12.0,2.166666666666667,0.3157894736842105,0.2399100000000001,0.0126319908466819,0.1875,0.1879675081813932,0.4998125
graph_049_mu_0_2_node_669,20,0.2745098039215686,0.0008355437551656,0.3631406761177753,2.7537537537537538,0.0166549475701399,14.0,6.0,2.333333333333333,0.2999999999999999,0.1933761927850046,0.0061922785562586,0.176470588235294,0.1767041785179383,0.4189817510341767
graph_049_mu_0_2_node_160,29,0.3472906403940887,0.0017731864969778,0.3808616088448341,2.625625625625626,0.0263921897611448,21.005,7.995,2.627589285714285,0.2756896551724139,0.2652569083694083,0.0082451644027006,0.1598862745098039,0.1601976792028871,0.6964721969696969
graph_049_mu_0_2_node_989,18,0.3916666666666666,0.0008350993128924,0.3545067423704755,2.820820820820821,0.0080470292954821,13.001,4.999,2.6009000000000007,0.2777222222222221,0.1282148541114058,0.0052018301824717,0.1612540322580645,0.1614486443368288,0.3078328912466843
graph_049_mu_0_2_node_82,26,0.3507692307692308,0.0015582481380476,0.3798479087452471,2.6326326326326326,0.0247983934983463,18.001,7.999,2.2504642857142856,0.307653846153846,0.2653102417027417,0.008249488727025,0.1817919191919191,0.1821034067627077,0.5969761688311687
graph_049_mu_0_2_node_24,26,0.3442028985507246,0.0011333154852965,0.3744377811094452,2.670670670670671,0.0253598692322349,19.0,7.0,2.7142857142857157,0.2692307692307692,0.225605558249172,0.0072243249823017,0.1555555555555555,0.1558281730731783,0.5801285783550142
graph_049_mu_0_2_node_682,22,0.4069264069264069,0.000906478610564,0.3694526627218935,2.7067067067067065,0.020432441496548,16.01,5.99,2.6754666666666664,0.2722727272727271,0.1658076263895979,0.0062152038592709,0.1576037786774629,0.1578370161553528,0.442828884047475
graph_049_mu_0_2_node_926,43,0.1926829268292683,0.0045244862297138,0.40056134723336,2.4964964964964964,0.0415878382705596,29.001,13.999,2.071664835164836,0.3255581395348837,0.2798825000000001,0.0147362356979405,0.1944280821917808,0.1949735545078585,0.5598025000000002
graph_049_mu_0_2_node_773,20,0.2578947368421053,0.001463793135411,0.3720670391061452,2.687687687687688,0.0135583713585641,12.001,7.999,1.500357142857143,0.39995,0.2757351430667645,0.008238035235902,0.2499621212121212,0.2502734632959399,0.4136559060895085
graph_049_mu_0_2_node_245,49,0.3095238095238095,0.0034728026234321,0.4033104561970125,2.47947947947948,0.0848708101935504,38.002,10.998,3.455436363636363,0.2244489795918367,0.2285527432055021,0.0115549614055103,0.1264111807732497,0.1268400698400552,0.789645942309508
graph_049_mu_0_2_node_216,21,0.1952380952380952,0.0013713443739597,0.3805714285714285,2.627627627627628,0.0237631113529705,11.006,9.994,1.1015166666666665,0.4759047619047619,0.3021078363525172,0.0103367987897127,0.3122660427807486,0.3126549751374812,0.3325112840804329
graph_049_mu_0_2_node_136,27,0.2733333333333333,0.0016618026411914,0.3765548435733132,2.655655655655656,0.0188497115295164,18.0,9.0,2.0,0.3333333333333332,0.3461538461538461,0.0092402464065708,0.2,0.2003504536427709,0.6538461538461539
graph_049_mu_0_2_node_517,34,0.1532976827094474,0.0035366474559145,0.3965859468042874,2.521521521521521,0.028252137719065,21.0,13.0,1.615384615384616,0.3823529411764707,0.3419798245614035,0.013513829787234,0.2363636363636364,0.236869886607026,0.552428947368421
graph_049_mu_0_2_node_648,25,0.4150197628458498,0.0009839976435634,0.3730395817774458,2.680680680680681,0.0249848140063161,20.0,5.0,4.0,0.2,0.1611468273208372,0.0051602321302155,0.1111111111111111,0.1113058682489602,0.6123579438191816
graph_049_mu_0_2_node_105,20,0.2684210526315789,0.0009145882012676,0.3734579439252336,2.6776776776776776,0.0212673840620247,13.001,6.999,1.857619047619048,0.3499499999999999,0.139935,0.0073675743707093,0.2120855614973261,0.2123580127683281,0.2599024999999999
graph_049_mu_0_2_node_21,27,0.2033333333333333,0.0018171506581078,0.3867595818815331,2.5855855855855854,0.0260655551483906,17.0,10.0,1.6999999999999995,0.3703703703703703,0.2630614035087719,0.0103952536824877,0.2272727272727271,0.2276620747263949,0.420898245614035
graph_049_mu_0_2_node_745,41,0.2415654520917678,0.003431188721516,0.4026602176541717,2.483483483483484,0.0654951389988832,28.001,12.999,2.1541089743589743,0.3170487804878049,0.2701200594223497,0.0136573827618642,0.1883888198757763,0.1888953073646854,0.5610625409980668
graph_049_mu_0_2_node_663,28,0.3042328042328042,0.0015557516931463,0.389777604369879,2.5655655655655654,0.0506981178268547,20.002,7.998,2.501,0.285642857142857,0.1662140481739709,0.0084030095522761,0.1666190476190475,0.1669305448006942,0.4155913002102083
graph_049_mu_0_2_node_415,28,0.3597883597883597,0.0021738583877936,0.3764129615674453,2.6566566566566565,0.0187972175619578,20.0,8.0,2.5,0.2857142857142856,0.3634060606060605,0.0081802897794021,0.1666666666666666,0.1669782416783506,0.9085151515151512
graph_049_mu_0_2_node_576,20,0.2473684210526315,0.0013695483465373,0.3653986832479883,2.736736736736737,0.0117691708160599,13.0,7.0,1.8571428571428577,0.3499999999999999,0.1794598662207357,0.0072841325314083,0.212121212121212,0.2123937022921023,0.3332826086956521
graph_049_mu_0_2_node_291,17,0.2952380952380952,0.0007706719384423,0.3569131832797427,2.8018018018018016,0.0075204081274292,12.999,4.001,3.24915,0.2353529411764706,0.1378994864269992,0.004120591594866,0.1333724137931034,0.1335281795571808,0.4136133528980191
graph_049_mu_0_2_node_879,45,0.2248062015503876,0.0039449742182765,0.40056134723336,2.4964964964964964,0.0342056063070799,33.001,11.999,2.750340909090909,0.2666444444444444,0.3156570175438597,0.012473240589198,0.1538315481986367,0.1542992725802732,0.8418131578947367
graph_049_mu_0_2_node_737,30,0.2114942528735632,0.0027044523281745,0.3959571938168846,2.5255255255255253,0.0313281315460141,17.002,12.998,1.3080769230769231,0.4332666666666668,0.3928409945590796,0.0134439959023704,0.2765425531914894,0.2770485680162372,0.513762788278746
graph_049_mu_0_2_node_720,22,0.3766233766233766,0.0010535562457063,0.374578177727784,2.66966966966967,0.0215101844609034,15.003,6.997,2.1446380952380952,0.3180454545454546,0.232116525974026,0.0072160125742008,0.189096910675858,0.1893693265555213,0.4975085137085137
graph_049_mu_0_2_node_399,23,0.4095238095238095,0.0006718436678072,0.3651315789473684,2.7387387387387387,0.0198463448359697,19.001,3.999,4.751916666666667,0.1738695652173912,0.1326488708513708,0.0041242008852516,0.0952126245847176,0.0953683852901234,0.5969886688311687
graph_049_mu_0_2_node_149,50,0.2659574468085106,0.0039213721575284,0.4084219133278822,2.448448448448449,0.083879892464544,39.001,10.999,3.545909090909092,0.21998,0.2285605092332615,0.0115560838338186,0.1235830212234706,0.1240119826980675,0.7896381762817486
graph_049_mu_0_2_node_739,22,0.2857142857142857,0.0009630411627631,0.37,2.702702702702702,0.0235278096572979,17.001,4.999,3.401099999999999,0.2272272727272726,0.09995,0.005262242562929,0.128176923076923,0.1283715957848697,0.3398724999999999
graph_049_mu_0_2_node_95,18,0.4166666666666667,0.000760562592399,0.3576799140708915,2.795795795795796,0.0090612082256351,13.0,5.0,2.600000000000001,0.2777777777777778,0.1725747126436782,0.0051492573985686,0.1612903225806451,0.1614849735714187,0.4141793103448276
graph_049_mu_0_2_node_443,26,0.2826086956521739,0.0018986362879723,0.3795592705167173,2.6346346346346348,0.0186855561776388,16.0,10.0,1.6000000000000003,0.3846153846153847,0.3451494252873564,0.0102985147971372,0.2380952380952381,0.2384845552329784,0.5177241379310347
graph_049_mu_0_2_node_75,20,0.3464052287581699,0.0008590450876917,0.3655323819978046,2.735735735735736,0.0151100718786012,14.0,6.0,2.333333333333333,0.2999999999999999,0.2725545454545452,0.0061352173345516,0.176470588235294,0.1767041785179383,0.5905348484848486
graph_049_mu_0_2_node_808,36,0.2174688057040998,0.0023932054353666,0.3911511354737666,2.5565565565565564,0.0576112173698168,26.001,9.999,2.6004000000000005,0.27775,0.2077809442227512,0.0105054332160738,0.1612718894009216,0.1616614709894863,0.5195038311451131
graph_049_mu_0_2_node_861,15,0.1809523809523809,0.0007971628336004,0.3536283185840708,2.827827827827828,0.007030453386043,10.999,4.001,2.74925,0.2667333333333333,0.1025702341137123,0.0041634096645484,0.1538923076923076,0.1540480492032529,0.2563712374581939
graph_049_mu_0_2_node_967,19,0.4327485380116959,0.0006616048860522,0.3651315789473684,2.7387387387387387,0.0183152469370826,14.005,4.995,2.8047499999999994,0.2628947368421052,0.2166291079540188,0.0051134413022428,0.1513458110516934,0.1515402826240612,0.606824548646519
graph_049_mu_0_2_node_743,21,0.3380952380952381,0.0010902909510192,0.3794151158374478,2.635635635635636,0.0530534737100925,13.001,7.999,1.625375,0.3809047619047619,0.1813866231584538,0.0083686450690576,0.2352588235294118,0.2355701898516201,0.2947841449854286
graph_049_mu_0_2_node_833,24,0.2857142857142857,0.0014407658931842,0.3710995542347697,2.694694694694695,0.0136330356884665,16.0,8.0,2.0,0.3333333333333332,0.2426262626262625,0.0082728829373395,0.2,0.2003114779629342,0.4549242424242423
graph_049_mu_0_2_node_783,25,0.3280632411067193,0.0009500331472566,0.3726221559119731,2.683683683683684,0.0206744303062907,19.0,6.0,3.166666666666666,0.2400000000000001,0.1578368421052631,0.0062371522094926,0.1363636363636363,0.1365973176223993,0.4735105263157895
graph_049_mu_0_2_node_823,31,0.3139784946236559,0.0023787022828832,0.3863109048723898,2.5885885885885886,0.0339909836096731,20.0,11.0,1.8181818181818172,0.3548387096774193,0.3545230201058419,0.0113525106864741,0.215686274509804,0.2161146401003644,0.644587309283349
graph_049_mu_0_2_node_724,17,0.4191176470588235,0.000563500034043,0.3652650822669104,2.7377377377377377,0.0196470035315886,13.001,3.999,3.251416666666667,0.235235294117647,0.1106450546835733,0.0041494565722252,0.1332967741935483,0.1334524621305735,0.3596649761087101
graph_049_mu_0_2_node_292,21,0.2690058479532163,0.0010097211111899,0.3580645161290323,2.7927927927927927,0.0092900024959167,16.999,4.001,4.24895,0.1905238095238095,0.1025702341137123,0.0041634096645484,0.1052930298719772,0.1054488441649872,0.4101722408026756
graph_049_mu_0_2_node_538,25,0.2933333333333333,0.0016321430408437,0.3679558011049724,2.7177177177177176,0.0129509972585413,19.0,6.0,3.166666666666666,0.2400000000000001,0.1538227424749163,0.0062435421697785,0.1363636363636363,0.1365973176223993,0.4871053511705686
graph_049_mu_0_2_node_814,32,0.2735632183908046,0.0019467200445422,0.388715953307393,2.5725725725725725,0.0536551134874529,22.0,10.0,2.2,0.3125,0.2077956501051041,0.0105065061774472,0.1851851851851851,0.1855746842893372,0.4363708652207187
graph_049_mu_0_2_node_594,23,0.2238095238095238,0.0013755129964556,0.3659340659340659,2.7327327327327327,0.0120369020136574,16.999,6.001,2.8327857142857145,0.2609130434782608,0.1538444816053511,0.0062445903878079,0.1500294871794871,0.1502631709482698,0.4101722408026756
graph_049_mu_0_2_node_417,26,0.1815384615384615,0.0021890896935056,0.3894736842105263,2.5675675675675675,0.0269756006106296,14.001,11.999,1.1668636363636364,0.4615000000000001,0.2398975000000001,0.0126309038901601,0.2999682926829267,0.3004353252722385,0.2799075000000001
graph_049_mu_0_2_node_493,30,0.3471264367816092,0.0021356211227025,0.3820267686424474,2.6176176176176176,0.0272770107684175,21.003,8.997,2.3345833333333337,0.2998999999999999,0.3201148606686207,0.0092586453760612,0.1764027149321266,0.1767531337365906,0.7471089804490039
graph_049_mu_0_2_node_557,23,0.219047619047619,0.0017058142024048,0.3693160813308687,2.707707707707708,0.0162014165955872,14.0,9.0,1.555555555555556,0.3913043478260869,0.4736842105263158,0.0091743119266055,0.2432432432432432,0.2435935877486735,0.6842105263157895
graph_049_mu_0_2_node_770,25,0.1966666666666666,0.0020003701526349,0.3791271347248577,2.6376376376376376,0.0201808452477041,14.0,11.0,1.272727272727273,0.4400000000000001,0.2893675438596492,0.0114347790507365,0.282051282051282,0.282479447556712,0.3682859649122805
graph_049_mu_0_2_node_860,23,0.3571428571428571,0.0008931438967719,0.3689069423929099,2.710710710710711,0.0182753408571492,17.0,6.0,2.833333333333333,0.2608695652173912,0.2307692307692308,0.0061601642710472,0.1499999999999999,0.1502336448598131,0.6153846153846152
graph_049_mu_0_2_node_615,25,0.38,0.0010457669146423,0.3774083868530412,2.6496496496496498,0.0461042666870614,20.0,5.0,4.0,0.2,0.103897825052552,0.0052532530887236,0.1111111111111111,0.1113058682489602,0.4155913002102083
graph_049_mu_0_2_node_852,18,0.3333333333333333,0.0010663889304167,0.3614327062228654,2.7667667667667666,0.0086945724295514,12.999,5.001,2.5994000000000006,0.2778333333333333,0.1515257985257985,0.0051716907157377,0.1613290322580645,0.1615237221517593,0.3938697788697787
graph_049_mu_0_2_node_224,20,0.3105263157894737,0.001451938757598,0.3730395817774458,2.680680680680681,0.0173745092970199,12.0,8.0,1.5,0.4000000000000001,0.2051989389920424,0.0083245760777425,0.25,0.2503113809746224,0.3077984084880636
graph_049_mu_0_2_node_797,39,0.2657657657657657,0.0034717016259739,0.3954869358669833,2.5285285285285286,0.0344450797576149,26.01,12.99,2.0026818181818182,0.333076923076923,0.4310144155844158,0.0133963826447339,0.1998203527815468,0.2003264111824371,0.8292686075036075
graph_049_mu_0_2_node_413,22,0.3506493506493506,0.000975147765412,0.3680913780397936,2.716716716716717,0.0181858928640426,15.006,6.994,2.1464190476190472,0.3179090909090909,0.3032931378627051,0.007159899812284,0.1890046321625269,0.1892769313152736,0.6502321732757023
graph_049_mu_0_2_node_461,37,0.2470588235294117,0.0034805002290874,0.4072564207093355,2.4554554554554557,0.0790286481587997,23.002,13.998,1.643263736263736,0.3783243243243243,0.3174222561619691,0.0146448662918998,0.2332928961748634,0.2338380746698863,0.4988704892275437
graph_049_mu_0_2_node_609,15,0.4380952380952381,0.0004827581661649,0.3484478549005929,2.86986986986987,0.0076633704668787,12.0,3.0,4.0,0.2,0.1578947368421052,0.0030581039755351,0.1111111111111111,0.1112279017055752,0.6315789473684211
graph_049_mu_0_2_node_548,32,0.3870967741935484,0.0016024936954399,0.381588999236058,2.6206206206206204,0.0472596237058367,26.001,5.999,4.334400000000001,0.18746875,0.1457977126031895,0.0062573759890947,0.1034295733489187,0.1036633431480221,0.6318486465057133
graph_049_mu_0_2_node_635,17,0.2095238095238095,0.0007408876853219,0.3620877129394708,2.7617617617617616,0.0109261192280867,11.001,5.999,1.8338999999999996,0.3528823529411763,0.299642857142857,0.006121730287544,0.214243842364532,0.2144773391956042,0.4994580952380952
graph_049_mu_0_2_node_957,17,0.1691176470588235,0.0011775241945983,0.3668747704737422,2.725725725725726,0.0101854571576281,9.002,7.998,1.1256071428571428,0.4704705882352941,0.2285970443349754,0.0082879932551773,0.3075954415954415,0.3079066721049972,0.2573182266009852
graph_049_mu_0_2_node_112,22,0.1645021645021645,0.0016447032233884,0.3772658610271903,2.650650650650651,0.0177418870081923,12.0,10.0,1.1999999999999995,0.4545454545454543,0.2630614035087719,0.0103952536824877,0.2941176470588235,0.2945068429800503,0.3156736842105263
graph_049_mu_0_2_node_867,44,0.2543554006968641,0.0034885616111216,0.3973747016706443,2.5165165165165164,0.0356840104576109,34.0,10.0,3.399999999999999,0.2272727272727271,0.2630614035087719,0.0103952536824877,0.1282051282051282,0.1285949917528865,0.8681026315789473
graph_049_mu_0_2_node_545,29,0.4088669950738916,0.0012838163504999,0.3854166666666667,2.5945945945945947,0.0726303526710762,22.004,6.996,3.1456190476190486,0.2412413793103447,0.1586688160344063,0.0073192019495989,0.1371674208144796,0.1374399463415354,0.4988704892275437
graph_049_mu_0_2_node_352,19,0.3333333333333333,0.0007525702780986,0.3653986832479883,2.736736736736737,0.0157726303760694,14.0,5.0,2.7999999999999994,0.2631578947368421,0.1315307017543859,0.0051976268412438,0.1515151515151515,0.1517098176627085,0.3682859649122805
graph_049_mu_0_2_node_163,23,0.383399209486166,0.0010163091998257,0.3747186796699174,2.6686686686686687,0.0265605729310106,16.004,6.996,2.2879047619047617,0.3041739130434782,0.2489613456044773,0.00719934325137,0.1793692307692307,0.1796416289627337,0.5692266500998256
graph_049_mu_0_2_node_775,19,0.25,0.0011003594085714,0.3636694575900983,2.74974974974975,0.0102515596602043,13.999,5.001,2.799366666666666,0.2632105263157895,0.1282073578595317,0.0052040000261781,0.1515511363636363,0.1517458414171417,0.3332608695652174
graph_049_mu_0_2_node_769,28,0.203076923076923,0.0023247182237799,0.3778366111951589,2.6466466466466465,0.0176530170921811,17.0,11.0,1.5454545454545454,0.3928571428571429,0.5493819047619047,0.0112251020183922,0.2444444444444444,0.2448727099690696,0.7991009523809526
graph_049_mu_0_2_node_176,24,0.2554112554112554,0.001496410148294,0.3659340659340659,2.7327327327327327,0.0123342540161991,16.003,7.997,2.0018,0.3332083333333333,0.3994790476190477,0.0081605790348223,0.1999162790697674,0.2002276402967056,0.7492285714285715
graph_049_mu_0_2_node_64,47,0.2666666666666666,0.0040962594153315,0.4016887816646562,2.4894894894894897,0.0636921913438871,33.012,13.988,2.360904578754578,0.2976170212765958,0.3400497112081836,0.014590170669202,0.1748304243558308,0.1753756385437989,0.7778363556865401
graph_049_mu_0_2_node_871,20,0.3947368421052631,0.0007726928660429,0.3719285182427401,2.6886886886886887,0.05203559311766,15.0,5.0,3.0,0.25,0.11337399241521,0.0052310862282703,0.1428571428571428,0.1430518241638437,0.3401219772456302
graph_049_mu_0_2_node_924,24,0.286231884057971,0.0012957333930267,0.3798479087452471,2.6326326326326326,0.0325197792976962,15.003,8.997,1.668,0.374875,0.2719462278664405,0.0093056292027105,0.2306813186813187,0.2310315737559855,0.4533476092146303
graph_049_mu_0_2_node_577,21,0.3476190476190476,0.0009873428684793,0.3628768616055212,2.755755755755756,0.0116368402988293,15.0,6.0,2.5,0.2857142857142856,0.1819696969696969,0.0062046622030046,0.1666666666666666,0.1669002751388672,0.4549242424242423
graph_049_mu_0_2_node_348,25,0.3320158102766798,0.0012540870590549,0.3731789316398954,2.67967967967968,0.0178988844495207,18.0,7.0,2.571428571428572,0.2800000000000001,0.2692307692307692,0.0071868583162217,0.1627906976744186,0.1630632939593206,0.6538461538461539
graph_049_mu_0_2_node_465,25,0.3766666666666666,0.0011614975613147,0.3799923925446938,2.6316316316316315,0.0418545695569309,19.001,5.999,3.1674999999999995,0.2399600000000001,0.1457994614108207,0.0062573630065268,0.1363383838383838,0.1365720261730259,0.4617473140754423
graph_049_mu_0_2_node_689,17,0.213235294117647,0.0010396382623947,0.3613019891500904,2.767767767767768,0.0095200768295321,10.0,7.0,1.4285714285714282,0.411764705882353,0.3496066666666665,0.0071432467389768,0.2592592592592592,0.2595316858013881,0.4994380952380952
graph_049_mu_0_2_node_198,30,0.3149425287356321,0.0018412783293715,0.3969010727056019,2.51951951951952,0.0502485366845394,21.003,8.997,2.3345833333333337,0.2998999999999999,0.21868260255906,0.0093843955681959,0.1764027149321266,0.1767531337365906,0.5103735280244552
graph_049_mu_0_2_node_627,26,0.2681159420289855,0.0013649629885416,0.3744377811094452,2.670670670670671,0.0206420963256167,19.0,7.0,2.7142857142857157,0.2692307692307692,0.1554813953488371,0.0073301717323312,0.1555555555555555,0.1558281730731783,0.3998093023255815
graph_049_mu_0_2_node_442,21,0.3099415204678362,0.0011245616102947,0.3737373737373737,2.675675675675676,0.0184846872045691,14.0,7.0,2.0,0.3333333333333332,0.317980303030303,0.0071577535569768,0.2,0.2002725113870829,0.5905348484848486
graph_049_mu_0_2_node_830,18,0.1830065359477124,0.0012339755826907,0.3644655235315578,2.743743743743744,0.0106241171793196,10.999,7.001,1.571107142857143,0.3889444444444446,0.2413081438004401,0.007210248302558,0.2414236453201969,0.2416961319533657,0.3791438004402055
graph_049_mu_0_2_node_35,26,0.3753846153846153,0.0015233244164958,0.3724832214765101,2.684684684684685,0.0201373380049472,18.003,7.997,2.251392857142857,0.3075769230769229,0.3466910010313339,0.0081868231133715,0.1817393939393939,0.1820508036922583,0.780172697749606
graph_049_mu_0_2_node_492,31,0.3990147783251231,0.0016478226048049,0.3821729150726855,2.6166166166166165,0.0338169002424123,23.002,7.998,2.876107142857143,0.2579999999999999,0.2845617894312051,0.0082305999994785,0.1481063973063973,0.1484179672961262,0.7826620516864196
graph_049_mu_0_2_node_597,20,0.2947368421052631,0.0011301548230039,0.3761295180722891,2.6586586586586587,0.0220005354531951,13.0,7.0,1.8571428571428577,0.3499999999999999,0.232157398989899,0.0072192537231034,0.212121212121212,0.2123937022921023,0.4311494552669554
graph_049_mu_0_2_node_586,34,0.4133064516129032,0.0018821347766302,0.3807164634146341,2.6266266266266265,0.0294684579260831,27.001,6.999,3.85795238095238,0.2058529411764706,0.232144898989899,0.0072181667665816,0.1147361184558434,0.115008867012078,0.8623114105339109
graph_049_mu_0_2_node_780,44,0.3310104529616725,0.0031114950374645,0.4008828250401284,2.4944944944944947,0.0988285491775682,34.003,9.997,3.401588888888888,0.2272045454545453,0.226705881772188,0.0104589395112223,0.1281626419993508,0.1285523887020619,0.7483104529986188
graph_049_mu_0_2_node_483,26,0.2615384615384615,0.001619900982101,0.3817348108521207,2.61961961961962,0.0250993567910697,18.0,8.0,2.25,0.3076923076923076,0.1776930232558139,0.0083773391226643,0.1818181818181818,0.1821297082979325,0.3998093023255815
graph_049_mu_0_2_node_436,20,0.2810457516339869,0.0009583764389364,0.3611713665943601,2.7687687687687688,0.0101503056051468,15.001,4.999,3.001,0.2499499999999999,0.1281638795986621,0.0052019035901194,0.1428253968253967,0.1430200392140308,0.3589414715719062
graph_049_mu_0_2_node_790,33,0.3787878787878788,0.0018538884385761,0.3881118881118881,2.5765765765765765,0.0803761328993817,24.003,8.997,2.6681726190476183,0.2726363636363635,0.2040335279033554,0.0094127033204558,0.1578355224707004,0.1581860231747281,0.544234822037031
graph_049_mu_0_2_node_231,38,0.2507936507936508,0.0024081096050276,0.391304347826087,2.555555555555556,0.038350395436162,29.0,9.0,3.2222222222222223,0.2368421052631579,0.1799325,0.0094739931350114,0.1343283582089552,0.1346791123303161,0.5597900000000002
graph_049_mu_0_2_node_723,19,0.0818713450292397,0.001536447575732,0.3713754646840149,2.6926926926926926,0.0149235689149119,7.003,11.997,0.5838611111111112,0.6314210526315791,0.3075802675585283,0.0124839396854691,0.4613872679045093,0.4618539684083652,0.1795250836120401
graph_049_mu_0_2_node_272,42,0.2590011614401858,0.0033728331614742,0.4059325477448192,2.463463463463464,0.0695312418570123,30.0,12.0,2.5,0.2857142857142856,0.2493547801261249,0.0126078074129367,0.1666666666666666,0.1671343206027539,0.6233869503153123
graph_049_mu_0_2_node_603,16,0.5166666666666667,0.0003676682910825,0.3561497326203208,2.807807807807808,0.0125646958449951,13.0,3.0,4.333333333333334,0.1875,0.1300261787916009,0.0030712631670608,0.1034482758620689,0.1035650755506031,0.5634467747636043
graph_049_mu_0_2_node_980,17,0.2761904761904762,0.0005485130348797,0.3651315789473684,2.7387387387387387,0.016493969059992,12.001,4.999,2.4008499999999997,0.2940588235294117,0.111046511627907,0.0052347428597614,0.1723747126436782,0.1725693095710471,0.2443395348837209
graph_049_mu_0_2_node_747,42,0.2538461538461538,0.0036777911199327,0.4072564207093355,2.4554554554554557,0.0628239248492427,28.006,13.994,2.0015489510489517,0.3331904761904761,0.3401542676260988,0.0145965157913027,0.1999004501897228,0.2004456854497639,0.6562224441713723
graph_049_mu_0_2_node_612,31,0.3655913978494624,0.0018820915992025,0.389018691588785,2.5705705705705704,0.03515801972504,22.003,8.997,2.4457361111111102,0.2902258064516129,0.320124169879147,0.009258601881544,0.1697463312368973,0.170096777339995,0.7826737992757319
graph_049_mu_0_2_node_101,31,0.1634408602150537,0.0029242870560096,0.3981666002391391,2.5115115115115114,0.0329059986331372,18.001,12.999,1.3848141025641023,0.4193225806451611,0.2598899999999999,0.0136835697940503,0.2652808163265306,0.2657869094315242,0.3598775
graph_049_mu_0_2_node_787,31,0.2733990147783251,0.0026370535793425,0.3864603481624758,2.587587587587588,0.0259881683269773,19.004,11.996,1.5843196969696969,0.3869677419354838,0.5200377508806896,0.0122807972720389,0.2399036802413273,0.2403707780104655,0.7802240370353204
graph_049_mu_0_2_node_614,33,0.2236559139784946,0.0027487004216573,0.3978494623655914,2.5135135135135136,0.0344964498012338,20.0,13.0,1.538461538461539,0.3939393939393938,0.4189817510341767,0.0134166035385603,0.2452830188679245,0.2457892296852603,0.6123579438191816
graph_049_mu_0_2_node_327,35,0.2386363636363636,0.0027461524573254,0.3965859468042874,2.521521521521521,0.0351888189544191,23.0,12.0,1.9166666666666672,0.3428571428571427,0.3626469185405355,0.0124118392980886,0.2068965517241379,0.2073639506491203,0.6648526839909817
graph_049_mu_0_2_node_760,27,0.1339031339031339,0.0026182359711714,0.3855654187572366,2.5935935935935936,0.0269583922796136,14.0,13.0,1.0769230769230769,0.4814814814814816,0.3419798245614035,0.013513829787234,0.3170731707317073,0.317579145121619,0.3682859649122805
graph_049_mu_0_2_node_889,21,0.3142857142857143,0.0007809291167312,0.3690432212781677,2.70970970970971,0.0354979473764636,15.002,5.998,2.50175,0.2856190476190475,0.124648818634491,0.0063017531688339,0.1666052631578947,0.166838793796995,0.3117220465862276
graph_049_mu_0_2_node_654,35,0.2571428571428571,0.0034300438703303,0.3940828402366864,2.537537537537537,0.0333366119399566,20.0,15.0,1.333333333333333,0.4285714285714285,0.5336119205588122,0.0154363836891596,0.2727272727272726,0.2733113166473755,0.7114825607450829
graph_049_mu_0_2_node_12,45,0.3266888150609081,0.003573484889367,0.391304347826087,2.555555555555556,0.0359413875115126,36.002,8.998,4.00125,0.1999555555555555,0.2489573603303176,0.009336534680566,0.1110840108401084,0.1114348785286219,0.9683156605438276
graph_049_mu_0_2_node_903,18,0.2549019607843137,0.0012005871165093,0.3603896103896103,2.774774774774775,0.0092903160542188,12.0,6.0,2.0,0.3333333333333332,0.3157894736842105,0.0061162079510703,0.2,0.2002335539120281,0.6315789473684211
graph_049_mu_0_2_node_185,28,0.3446153846153846,0.0015737059802472,0.3754227733934611,2.663663663663664,0.0231279315074944,21.0,7.0,3.0,0.25,0.193657071502705,0.007263414673036,0.1428571428571428,0.1431298028501316,0.553305918579157
graph_049_mu_0_2_node_923,26,0.3169230769230769,0.0014936630563917,0.3786959818043973,2.640640640640641,0.0259822587255294,18.0,8.0,2.25,0.3076923076923076,0.2417646123603569,0.008274559532059,0.1818181818181818,0.1821297082979325,0.543970377810803
graph_049_mu_0_2_node_393,33,0.3978494623655914,0.0018701779724045,0.3785524820007578,2.641641641641641,0.0271985058189116,26.001,6.999,3.7150714285714295,0.212090909090909,0.232144898989899,0.0072181667665816,0.1186254237288135,0.1188981510288751,0.8291460678210679
graph_049_mu_0_2_node_438,30,0.2597701149425287,0.0019197351299902,0.3852680293096799,2.5955955955955954,0.0305600459498152,23.0,7.0,3.2857142857142847,0.2333333333333333,0.1399475,0.0073686613272311,0.1320754716981132,0.1323481741797057,0.4598275
graph_049_mu_0_2_node_319,18,0.1372549019607843,0.0014018265482999,0.3645985401459854,2.7427427427427427,0.0122826005116764,7.0,11.0,0.6363636363636365,0.6111111111111108,0.3791650770359501,0.0113287412615373,0.4400000000000001,0.4404279323088894,0.2412868672046954
graph_049_mu_0_2_node_471,17,0.1911764705882352,0.0010346080221109,0.3671444321940463,2.723723723723724,0.0122329301694617,9.0,8.0,1.125,0.4705882352941177,0.2426262626262625,0.0082728829373395,0.3076923076923076,0.3080036159653251,0.2729545454545453
graph_049_mu_0_2_node_456,17,0.2571428571428571,0.0009321342691333,0.3592233009708738,2.783783783783784,0.0095436263319379,11.0,6.0,1.8333333333333328,0.3529411764705881,0.1714995073891625,0.0062175397405591,0.2142857142857142,0.2145192500166811,0.2858325123152708
graph_049_mu_0_2_node_547,43,0.2012195121951219,0.0044356280167854,0.3992805755395683,2.5045045045045047,0.0317576400408448,30.001,12.999,2.3079679487179483,0.3023023255813953,0.3419631578947368,0.0135127659574468,0.1780662717512032,0.1785728381906667,0.7628947368421054
graph_049_mu_0_2_node_182,24,0.3079710144927536,0.0015051695439129,0.3772658610271903,2.650650650650651,0.023877540389982,16.0,8.0,2.0,0.3333333333333332,0.2578349237133395,0.0082563714083448,0.2,0.2003114779629342,0.515669847426679
graph_049_mu_0_2_node_866,26,0.24,0.0018006949708653,0.3879611650485436,2.5775775775775776,0.0260878422152499,16.001,9.999,1.600288888888889,0.3845769230769232,0.3021922519369328,0.0103421195014669,0.2380664451827242,0.2384557234296789,0.4835427382342274
graph_049_mu_0_2_node_280,48,0.3333333333333333,0.0036932934623083,0.4102669404517454,2.437437437437437,0.1087892972675733,37.004,10.996,3.36538181818182,0.2290833333333332,0.2493681808483242,0.0115040697596788,0.1293592339261286,0.1297880116480947,0.8163473478546508
graph_049_mu_0_2_node_6,19,0.2205882352941176,0.0009943279247446,0.3596112311015119,2.780780780780781,0.0115014717601682,13.999,5.001,2.799366666666666,0.2632105263157895,0.1282073578595317,0.0052040000261781,0.1515511363636363,0.1517458414171417,0.3332608695652174
graph_049_mu_0_2_node_155,44,0.2843551797040169,0.0039280049885342,0.4029850746268656,2.4814814814814814,0.0951923627899365,31.004,12.996,2.385846153846154,0.2953636363636364,0.2947228768418076,0.0135964715539158,0.1732723809523809,0.1737788701041638,0.7029435046931722
graph_049_mu_0_2_node_52,25,0.2233333333333333,0.0014721569570048,0.3810068649885583,2.6246246246246248,0.0252545806595418,17.0,8.0,2.125,0.32,0.15994,0.0084213272311212,0.1904761904761905,0.1907876926956437,0.3398724999999999
graph_049_mu_0_2_node_969,29,0.3891625615763547,0.0014031394260994,0.3794151158374478,2.635635635635636,0.025780582542335,23.006,5.994,3.839133333333334,0.2066896551724137,0.1658885367073503,0.0062194000940122,0.1152583454281567,0.115491865901381,0.6364050452324276
graph_049_mu_0_2_node_765,18,0.2941176470588235,0.0007521151278811,0.3747186796699174,2.6686686686686687,0.0346387738028945,12.0,6.0,2.0,0.3333333333333332,0.1246773900630624,0.0063039037064683,0.2,0.2002335539120281,0.2493547801261249
graph_049_mu_0_2_node_817,17,0.238095238095238,0.0009310043070263,0.3613019891500904,2.767767767767768,0.0091389236049201,11.0,6.0,1.8333333333333328,0.3529411764705881,0.2068173147468819,0.006179313415384,0.2142857142857142,0.2145192500166811,0.3446955245781366
graph_049_mu_0_2_node_270,40,0.291025641025641,0.0030574797184428,0.4018503620273532,2.4884884884884886,0.067607839142968,29.006,10.994,2.638545454545454,0.27485,0.2284974358193897,0.0115506486731552,0.1593209109730848,0.159749343497747,0.6026851646010266
graph_049_mu_0_2_node_829,20,0.1421052631578947,0.0012756336346544,0.3715135738192636,2.6916916916916915,0.0294507679889939,12.0,8.0,1.5,0.4000000000000001,0.1662365200840833,0.0084052049419578,0.25,0.2503113809746224,0.2493547801261249
graph_049_mu_0_2_node_809,25,0.2966666666666667,0.0013052338768229,0.3799923925446938,2.6316316316316315,0.0253118547723244,19.0,6.0,3.166666666666666,0.2400000000000001,0.1332697674418604,0.0062830043419982,0.1363636363636363,0.1365973176223993,0.4220209302325581
graph_049_mu_0_2_node_402,53,0.2886274509803921,0.0055827116272685,0.4178168130489335,2.393393393393393,0.1150438078739358,38.002,14.998,2.533838095238094,0.2829811320754717,0.3400940835074899,0.0156910996905551,0.1648098423315814,0.1653946282042223,0.8389954376106955
graph_049_mu_0_2_node_544,32,0.3467741935483871,0.0020501799321575,0.3885647607934656,2.5735735735735736,0.032500224842755,23.001,8.999,2.556000000000001,0.28121875,0.271971675391888,0.0093077995599595,0.1636155844155844,0.1639661356576481,0.6950867740495401
graph_049_mu_0_2_node_306,17,0.3142857142857143,0.0005225992692568,0.3570407433881344,2.800800800800801,0.0109692219923565,13.0,4.0,3.25,0.2352941176470588,0.1997752380952381,0.0040818552794153,0.1333333333333333,0.1334890601884295,0.5993257142857142
graph_049_mu_0_2_node_631,19,0.4736842105263157,0.0006117458969539,0.3618254255704455,2.763763763763764,0.0192126011533523,15.001,3.999,3.751583333333333,0.2104736842105262,0.1422798454823499,0.0041153051539886,0.1176151260504201,0.1177708382360163,0.5336119205588122
graph_049_mu_0_2_node_172,26,0.2584615384615384,0.0014412764099896,0.3758465011286682,2.660660660660661,0.0209593010038305,20.0,6.0,3.333333333333334,0.2307692307692308,0.1332697674418604,0.0062830043419982,0.1304347826086956,0.1306684820711869,0.444232558139535
graph_049_mu_0_2_node_261,20,0.1368421052631579,0.0018231333553498,0.3784090909090909,2.6426426426426426,0.0135502831735834,10.998,9.002,1.2217777777777774,0.4501000000000001,0.2573182266009852,0.0093283693430734,0.2904086021505376,0.2907589425928489,0.3143467980295565
graph_049_mu_0_2_node_757,21,0.4095238095238095,0.0006393530375385,0.3690432212781677,2.70970970970971,0.0344205276406014,16.002,4.998,3.2021,0.238,0.1214840768778567,0.0052132071091362,0.1350753911806543,0.1352700098066678,0.3888552145306041
graph_049_mu_0_2_node_541,35,0.2821969696969697,0.0029126543308892,0.3894736842105263,2.5675675675675675,0.031309282206656,23.0,12.0,1.9166666666666672,0.3428571428571427,0.3979841125541126,0.0123758635253201,0.2068965517241379,0.2073639506491203,0.7296375396825394
graph_049_mu_0_2_node_48,27,0.2364672364672364,0.0016684987741863,0.381588999236058,2.6206206206206204,0.027671060380273,18.001,8.999,2.000375,0.3332962962962962,0.17992,0.0094729061784897,0.1999739130434782,0.2003243277833502,0.359865
graph_049_mu_0_2_node_364,18,0.2583333333333333,0.000802265573106,0.3623503808487486,2.75975975975976,0.0118044858163564,12.0,6.0,2.0,0.3333333333333332,0.2996628571428571,0.006122782919123,0.2,0.2002335539120281,0.5493819047619047
graph_049_mu_0_2_node_66,18,0.5816993464052288,0.0003560349717644,0.3675496688741722,2.720720720720721,0.0525149107366606,15.003,2.997,5.009,0.1664999999999999,0.067982779996975,0.0031354152180649,0.0908128342245989,0.0909295353149376,0.3401219772456302
graph_049_mu_0_2_node_607,24,0.3659420289855072,0.001309647670655,0.3784090909090909,2.6426426426426426,0.0233393233288606,17.004,6.996,2.430857142857143,0.2915,0.2321040656565657,0.007214929398779,0.1706202090592334,0.1708926284667315,0.5638108261183261
graph_049_mu_0_2_node_900,21,0.1380952380952381,0.0020336274135628,0.3766968325791855,2.6546546546546548,0.0134361331661759,9.0,12.0,0.75,0.5714285714285712,0.3429990147783251,0.0124350794811182,0.4000000000000001,0.4004668897362072,0.2572492610837438
graph_049_mu_0_2_node_194,29,0.2660098522167488,0.0023989051626077,0.3808616088448341,2.625625625625626,0.0213517772971416,18.002,10.998,1.6369494949494952,0.3792413793103449,0.49965,0.0112457707871035,0.2339921841076857,0.2344204051917898,0.8176969696969697
graph_049_mu_0_2_node_344,47,0.3135985198889917,0.0039418243712735,0.4046172539489672,2.4714714714714714,0.1045960178415111,35.0,12.0,2.916666666666666,0.2553191489361702,0.2720975817965041,0.0125546069478488,0.1463414634146341,0.1468092996719441,0.7936179469064704
graph_049_mu_0_2_node_146,19,0.2690058479532163,0.0011350441364438,0.3606498194945848,2.7727727727727727,0.0106153747423214,12.0,7.0,1.7142857142857142,0.3684210526315788,0.3684210526315788,0.0071355759429153,0.2258064516129031,0.2260789205709041,0.6315789473684211
graph_049_mu_0_2_node_17,17,0.219047619047619,0.0004969553497581,0.3593525179856115,2.7827827827827827,0.0150325391930618,13.0,4.0,3.25,0.2352941176470588,0.07997,0.0042106636155606,0.1333333333333333,0.1334890601884295,0.2399100000000001
graph_049_mu_0_2_node_283,29,0.2881773399014778,0.0015527244014858,0.376271186440678,2.6576576576576576,0.0271967200827616,23.0,6.0,3.8333333333333344,0.2068965517241379,0.119955,0.0063159954233409,0.1153846153846154,0.1156183694753119,0.4598275
graph_049_mu_0_2_node_56,23,0.308300395256917,0.0014249493285555,0.3776937618147448,2.647647647647648,0.0188271780584718,14.001,8.999,1.5558750000000006,0.3912608695652174,0.390062911374803,0.0092127211251142,0.2432105263157895,0.2435608319304245,0.6067888343608047
graph_049_mu_0_2_node_997,18,0.225,0.0007497218975458,0.3689069423929099,2.710710710710711,0.0162487217907357,11.0,7.0,1.5714285714285718,0.388888888888889,0.1554813953488371,0.0073301717323312,0.2413793103448275,0.2416517580932416,0.2221162790697675
