,Degree,Clustering Coefficient,Betweenness,Closeness,Shortest Path,Eigenvector,E In,E Out,E In Over E Out,ODF,Expansion,Cut Ratio,Conductance,Normalised Cut,Triangle Participation
graph_0100_mu_0_3_node_120,54,0.1027253668763102,0.0032658645635781,0.4465802413947251,2.239239239239239,0.0412716209927217,38.35,15.65,11.864814102050191,0.2898148148148148,0.17998765814427,0.018522208208707,0.1784530364865297,0.1789833906110286,0.2930058591658082
graph_0100_mu_0_3_node_123,20,0.1052631578947368,0.0006887822688065,0.4023358840112767,2.4854854854854853,0.016560579442063,11.337,8.663,4.754848484848485,0.43315,0.0983864509132683,0.0102884610904388,0.3027390870057506,0.3030322522898536,0.0722402103861075
graph_0100_mu_0_3_node_969,37,0.1246246246246246,0.0017195602265699,0.4663865546218487,2.144144144144144,0.0568014357578413,21.695,15.305,7.833446082400569,0.4136486486486486,0.0895795131139089,0.0201928895874232,0.2812591445597004,0.2817772487712766,0.0816718239470431
graph_0100_mu_0_3_node_759,17,0.1397058823529411,0.0003806173004567,0.4150394682176984,2.4094094094094096,0.0225128174947725,10.337,6.663,4.388728427128426,0.3919411764705882,0.0728608351558358,0.0081282538952429,0.2632676974339519,0.2634931956376283,0.0687418379949909
graph_0100_mu_0_3_node_69,27,0.1538461538461538,0.000746856172545,0.4136645962732919,2.417417417417417,0.0252821048227144,18.331,8.669,6.366206741787624,0.321074074074074,0.1415075906050161,0.0094731652485791,0.2008216694841913,0.2011151912256217,0.1982568074525677
graph_0100_mu_0_3_node_718,22,0.1558441558441558,0.000578299976978,0.4179916317991631,2.3923923923923924,0.0311059862339418,14.93,7.07,5.604796031746031,0.3213636363636363,0.0424727206325152,0.0091530019964699,0.2036240393605793,0.2038633788326097,0.0591508117031167
graph_0100_mu_0_3_node_942,28,0.0978835978835978,0.0010140685565147,0.4090909090909091,2.4444444444444446,0.021558870350035,20.582,7.418,7.103150451887293,0.2649285714285714,0.0425787068127147,0.0096816678305318,0.1595804612601337,0.1598316769194986,0.0789831829524436
graph_0100_mu_0_3_node_752,35,0.1563025210084033,0.0013252159109854,0.4352941176470588,2.2972972972972974,0.0453828385755113,27.242,7.758,9.37634527972028,0.2216571428571428,0.0469521713957575,0.0099008847020106,0.1299117139759525,0.1301745482589656,0.1160810130164734
graph_0100_mu_0_3_node_341,21,0.0380952380952381,0.0006688571273431,0.3956435643564356,2.5275275275275275,0.0147858797605821,11.568,9.432,4.7018530011655,0.4491428571428571,0.052584964519361,0.0125864349643016,0.3154981703263432,0.3158173576104177,0.0200389780080676
graph_0100_mu_0_3_node_240,27,0.1481481481481481,0.0008340678452332,0.4039627982207844,2.4754754754754758,0.0215625615348062,17.499,9.501,6.668372997010729,0.3518888888888888,0.2279372855068855,0.0111661231021571,0.2331237570055673,0.2334453760311375,0.2095700726487825
graph_0100_mu_0_3_node_818,27,0.2266666666666666,0.0008280148452957,0.4031476997578692,2.4804804804804803,0.0183732959961309,19.375,7.625,6.74124025974026,0.2824074074074073,0.258362212693954,0.0083796677486473,0.1719991376108281,0.1722573415095925,0.4207189031700996
graph_0100_mu_0_3_node_257,16,0.1,0.0004288065967703,0.4013660104459622,2.4914914914914914,0.0160625560953621,8.822,7.178,3.970502164502165,0.448625,0.0800060914935747,0.0086118622035811,0.3188139027164648,0.3190567948749093,0.0519880891464611
graph_0100_mu_0_3_node_317,21,0.1095238095238095,0.0007201668528669,0.4176421404682274,2.3943943943943946,0.0220586768152859,12.701,8.299,5.152600757575757,0.3951904761904761,0.0476669146688894,0.0108106687079381,0.268264348099017,0.2685452238721551,0.0433451013107285
graph_0100_mu_0_3_node_251,18,0.196078431372549,0.0002861530018334,0.3978494623655914,2.5135135135135136,0.0225349122952355,14.954,3.046,6.69885,0.1692222222222222,0.0172336250434074,0.0038890866210051,0.0948429902166144,0.0949461338919137,0.0652336736101025
graph_0100_mu_0_3_node_226,24,0.0688405797101449,0.0007804259660565,0.4052738336713996,2.4674674674674675,0.020965673839117,15.744,8.256,5.691432034632035,0.344,0.0468403074195016,0.0105326348026648,0.219751477350197,0.2200309705887227,0.0489233823388667
graph_0100_mu_0_3_node_746,38,0.0953058321479374,0.0021842557589122,0.4293081220455522,2.329329329329329,0.02464889726274,23.184,14.816,8.223020363952616,0.3898947368421052,0.3366589845305373,0.0180504546283426,0.2631919355429407,0.2636935200605098,0.2752217481054883
graph_0100_mu_0_3_node_199,25,0.1366666666666666,0.0008371520935474,0.4276541095890411,2.3383383383383385,0.0271419497951378,18.488,6.512,6.930551406926407,0.2604799999999999,0.038231143755488,0.0082951382657766,0.1572336255171584,0.1574541350472171,0.0705566124539285
graph_0100_mu_0_3_node_243,60,0.0740112994350282,0.0043314958570157,0.4555403556771545,2.195195195195195,0.0512889200678622,44.028,15.972,13.151692301943603,0.2662,0.0925249731465425,0.0201258219878714,0.1607842536396796,0.1613257205271859,0.1820834742673471
graph_0100_mu_0_3_node_843,20,0.1633986928104575,0.0004641858829947,0.3804265041888804,2.6286286286286287,0.0112553958565968,13.126,6.874,4.989359307359307,0.3437000000000001,0.2560296581892349,0.007545517532649,0.2197965360779875,0.2200292210217591,0.2899921550177222
graph_0100_mu_0_3_node_468,22,0.1125541125541125,0.0007708157289014,0.4039627982207844,2.4754754754754758,0.0189812768504142,13.256,8.744,5.188622893772893,0.3974545454545454,0.1006751685209619,0.0103258176726362,0.268318974903223,0.2686149203098439,0.089685020640089
graph_0100_mu_0_3_node_528,26,0.1169230769230769,0.001091068755659,0.4276541095890411,2.3383383383383385,0.0218923281752813,14.861,11.139,5.861920087428911,0.4284230769230769,0.3786670364523631,0.0130967598800002,0.2998027375442831,0.3001797168341908,0.2444804039678855
graph_0100_mu_0_3_node_258,35,0.1159663865546218,0.0017747893108809,0.436054124836316,2.293293293293293,0.0302695624448713,22.287,12.713,7.615160395242013,0.3632285714285715,0.2069519799250057,0.0139153971227624,0.2347777488972368,0.2352082097805277,0.250304239770498
graph_0100_mu_0_3_node_274,20,0.1842105263157894,0.0005012774751899,0.3903868698710434,2.561561561561561,0.0138288156228129,13.241,6.759,5.2209412254412255,0.33795,0.1503917610178168,0.0079815968277936,0.2179544501829643,0.2181832376120929,0.1724346277649022
graph_0100_mu_0_3_node_657,34,0.1552419354838709,0.0012784820487196,0.4304179233089186,2.3233233233233235,0.0432266986023094,24.814,9.186,8.246394805194807,0.2701764705882352,0.0547232480579286,0.0119554675744923,0.1636723481975452,0.1639834907071069,0.1004320242179502
graph_0100_mu_0_3_node_210,21,0.1904761904761904,0.0005656454412673,0.4307891332470893,2.3213213213213213,0.0366971201440222,13.77,7.23,5.16940909090909,0.3442857142857143,0.0425838605415696,0.0095108239459866,0.2208612389016813,0.2211059781907667,0.0543247995094653
graph_0100_mu_0_3_node_723,43,0.1395348837209302,0.0026525414772123,0.4351045296167247,2.2982982982982985,0.0304077417838389,28.77,14.23,9.311350058763333,0.3309302325581394,0.2322396822636047,0.0155427476919437,0.2085762102293302,0.2090582035371719,0.3305835732954515
graph_0100_mu_0_3_node_847,24,0.0978260869565217,0.0007386958610254,0.4117889530090684,2.4284284284284285,0.0266584820171949,16.569,7.431,5.946292907092908,0.309625,0.0424701574947582,0.0094225783379875,0.1928908102222488,0.1931423988673141,0.0657913507791894
graph_0100_mu_0_3_node_724,22,0.0909090909090909,0.0007180906479149,0.4159034138218151,2.4044044044044046,0.0244786280890468,11.783,10.217,4.9580278998779,0.4644090909090909,0.1088389212116935,0.0126643734942172,0.3329769344210007,0.3333226682751386,0.0618183750775445
graph_0100_mu_0_3_node_399,18,0.0980392156862745,0.0004570700484599,0.380281690140845,2.6296296296296298,0.0111114140030338,11.53,6.47,4.735471178821179,0.3594444444444444,0.1396891161328779,0.0077014998130648,0.2364601539644933,0.2366791370837581,0.1390718205280981
graph_0100_mu_0_3_node_5,21,0.2222222222222222,0.000562220144569,0.3754227733934611,2.663663663663664,0.008912278834574,15.426,5.574,5.888585839160839,0.2654285714285714,0.2400329256391003,0.0070177921130566,0.161229492166937,0.1614182106798463,0.3473368827536175
graph_0100_mu_0_3_node_893,56,0.0655844155844155,0.0045151714482271,0.4629286376274328,2.16016016016016,0.0459154099914395,34.584,21.416,11.548465694983474,0.3824285714285714,0.1230460411700128,0.0278031248637523,0.2530806881156524,0.2538060226919964,0.1329758060398066
graph_0100_mu_0_3_node_234,32,0.0544354838709677,0.0013449967203859,0.4090909090909091,2.4444444444444446,0.0218027492465045,19.452,12.548,7.03101532413235,0.392125,0.1435052019850858,0.0149525270747626,0.2626605015147228,0.2630852764393796,0.1327945015353176
graph_0100_mu_0_3_node_569,28,0.201058201058201,0.0009878004893218,0.3939274447949527,2.5385385385385386,0.0157722706005287,18.269,9.731,6.728250633027105,0.3475357142857143,0.3702571111575473,0.0105218264620024,0.2242529929882679,0.2245824369483289,0.4323262000272678
graph_0100_mu_0_3_node_532,24,0.1304347826086956,0.0007471180802536,0.3961141950832672,2.5245245245245247,0.0167516593650237,16.445,7.555,5.963067998667999,0.3147916666666667,0.1736367003207842,0.0093378982420863,0.1984383373471168,0.198694114084117,0.2214933753168695
graph_0100_mu_0_3_node_774,19,0.175438596491228,0.0005656040346112,0.4145228215767635,2.4124124124124124,0.0314501823526363,12.846,6.154,5.219481349206349,0.3238947368421053,0.037262918268666,0.0078923817522671,0.2064637196171278,0.206672030472861,0.0503119718208666
graph_0100_mu_0_3_node_205,33,0.1325757575757575,0.0016855782031475,0.4320934256055363,2.314314314314314,0.026425103773116,21.111,11.889,7.261226877289379,0.3602727272727271,0.1930754023961891,0.0130124746522207,0.2322342359211744,0.2326367840974288,0.2381291038879799
graph_0100_mu_0_3_node_539,28,0.0952380952380952,0.0009117704391584,0.4245643858903527,2.3553553553553552,0.0296691331945887,18.253,9.747,6.44430777000777,0.3481071428571429,0.0550562787204874,0.0126578861477164,0.2237668764513833,0.22409686789393,0.072195205233002
graph_0100_mu_0_3_node_54,27,0.0854700854700854,0.0011536903896211,0.4242038216560509,2.3573573573573574,0.0257381881277357,15.406,11.594,6.071407943527062,0.4294074074074074,0.131893103853089,0.0137491245416084,0.2991994085640851,0.2995917951869334,0.0973492999976929
graph_0100_mu_0_3_node_979,15,0.1523809523809524,0.0004702576289872,0.3972166998011928,2.517517517517517,0.0215434694605798,10.171,4.829,4.339339285714286,0.3219333333333334,0.0290870094462073,0.0062206262286168,0.2043310282171601,0.2044944740742584,0.0386168055240393
graph_0100_mu_0_3_node_815,20,0.0736842105263157,0.0005310512085251,0.3925343811394892,2.5475475475475475,0.0189267633193074,13.882,6.118,5.207039682539682,0.3058999999999999,0.034568224494547,0.0078270013197681,0.189522967800432,0.1897300831464723,0.042947972493185
graph_0100_mu_0_3_node_906,38,0.1322901849217638,0.001901333489412,0.4465802413947251,2.239239239239239,0.0502882904534958,24.173,13.827,8.262701376891084,0.3638684210526316,0.0818047145664523,0.018046639272797,0.2373818709721868,0.2378500600548721,0.0942222479577126
graph_0100_mu_0_3_node_646,94,0.0652173913043478,0.0108277726224859,0.4930898321816387,2.028028028028028,0.0691797734537302,70.274,23.726,19.6436156728896,0.2524042553191489,0.1374734718886855,0.030693445812734,0.1506753614706708,0.1514807480160458,0.2907280739067955
graph_0100_mu_0_3_node_379,17,0.1764705882352941,0.0004715183308295,0.4039627982207844,2.4754754754754758,0.0258848902708648,11.349,5.651,4.5346416666666665,0.3324117647058823,0.033642017307735,0.0073775295780375,0.2118735408758628,0.2120648159681034,0.0441914193748981
graph_0100_mu_0_3_node_779,21,0.1476190476190476,0.0004676940020918,0.3983253588516746,2.5105105105105103,0.0201185656106274,14.344,6.656,5.411625,0.316952380952381,0.0758019556092581,0.0079649791279425,0.1992635013998092,0.1994888255568457,0.1066178751368058
graph_0100_mu_0_3_node_227,33,0.1647727272727272,0.0011843040852938,0.4475806451612903,2.234234234234234,0.0499020244663191,24.175,8.825,7.969526098901098,0.2674242424242424,0.0518456281238007,0.0116426267343352,0.1611252754341963,0.1614241892283894,0.1016527825971525
graph_0100_mu_0_3_node_672,29,0.105911330049261,0.0011077864693031,0.4234845273420941,2.3613613613613613,0.0318927273840709,18.354,10.646,6.481876997349056,0.367103448275862,0.0602584188088825,0.0136136944291922,0.2385342687005429,0.2388946860064044,0.0714819052462172
graph_0100_mu_0_3_node_735,20,0.1526315789473684,0.0006850509494628,0.4222316145393068,2.3683683683683685,0.0311269062478918,11.984,8.016,4.714071428571428,0.4008,0.0474973603511284,0.0104408305506838,0.2703332586972416,0.2706045568836859,0.0450075790583368
graph_0100_mu_0_3_node_178,24,0.1413043478260869,0.000789799251895,0.4272882805816937,2.34034034034034,0.0259196070289707,16.822,7.178,6.135430303030304,0.2990833333333333,0.0418451210142616,0.0092215955326948,0.1857758041228913,0.1860188302862921,0.0679275428755052
graph_0100_mu_0_3_node_867,27,0.1595441595441595,0.0008217002992409,0.4141791044776119,2.414414414414414,0.0249240217735698,18.777,8.223,6.7203244380619385,0.3045555555555555,0.0942635098813721,0.0097540396078172,0.1900963293248068,0.1903747538936824,0.1417135982754937
graph_0100_mu_0_3_node_992,46,0.102536997885835,0.0025182166575306,0.4332176929748482,2.3083083083083085,0.0332309425398555,31.689,14.311,10.069731043517884,0.3111086956521738,0.1617865573827011,0.0172556240000547,0.1940567246181113,0.1945415389068703,0.2334909637405964
graph_0100_mu_0_3_node_896,34,0.0909090909090909,0.0014861520252049,0.4294926913155632,2.3283283283283285,0.029945800406447,22.926,11.074,7.803979692529692,0.3257058823529412,0.0640194357188302,0.0142754063795522,0.2061216593720692,0.2064966601621446,0.0909408304181203
graph_0100_mu_0_3_node_415,30,0.1172413793103448,0.0012811054517094,0.4256497656582871,2.349349349349349,0.0287238527552502,21.099,8.901,7.158654371943846,0.2966999999999999,0.0510825592185556,0.0116011858885696,0.182949043808853,0.1832504671897555,0.0839936938057656
graph_0100_mu_0_3_node_791,26,0.1594202898550724,0.0012093426593252,0.4296774193548387,2.3273273273273274,0.0266020852042794,17.03,8.97,6.285359328579917,0.345,0.4035284212443304,0.0111678943435285,0.2257696221277904,0.2260732759996081,0.3272709234739657
graph_0100_mu_0_3_node_719,18,0.2287581699346405,0.0002971672604871,0.3805714285714285,2.627627627627628,0.0136778508411164,14.036,3.964,5.708349999999999,0.2202222222222221,0.0645351625316682,0.0043252415634337,0.1277636655090639,0.127897879601262,0.1702712388952681
graph_0100_mu_0_3_node_577,18,0.2083333333333333,0.0003561375235312,0.3754227733934611,2.663663663663664,0.0096186927578683,12.861,5.139,5.064649999999999,0.2855,0.1690049278025533,0.0062320170906226,0.1748405919572804,0.1750145610318211,0.2481937881772024
graph_0100_mu_0_3_node_513,26,0.1261538461538461,0.0008059441114137,0.4216969185310257,2.3713713713713718,0.0292345818268142,19.232,6.768,6.72035476190476,0.2603076923076922,0.0385947832222283,0.0086122279275978,0.1558742500417207,0.1561034433403797,0.0705762908366962
graph_0100_mu_0_3_node_333,14,0.1208791208791208,0.0002647300749389,0.3792710706150342,2.6366366366366365,0.010353666628879,8.285,5.715,3.624511111111111,0.4082142857142856,0.1903856998051748,0.0068414104726459,0.2785046397673858,0.2786980391880535,0.1466150607805076
graph_0100_mu_0_3_node_853,17,0.1617647058823529,0.0004221254520807,0.3833461243284727,2.6086086086086087,0.0142164876817616,11.102,5.898,4.529144264069264,0.3469411764705882,0.0673522741765008,0.007019067805167,0.2237741365393368,0.2239737655688337,0.0805655336904175
graph_0100_mu_0_3_node_652,26,0.0953846153846153,0.00078051549776,0.4136645962732919,2.417417417417417,0.0269072790619717,16.893,9.107,6.02310468975469,0.3502692307692308,0.0512213321976978,0.0118239001638354,0.2246967560168354,0.2250050676188983,0.0616058882230131
graph_0100_mu_0_3_node_835,22,0.1601731601731601,0.0005757419711639,0.4074225122349103,2.454454454454454,0.0206140955205156,16.851,5.149,6.365116666666667,0.2340454545454545,0.0293884097465525,0.0067488755950809,0.1376027169119177,0.1377770720619061,0.0709377566079033
graph_0100_mu_0_3_node_645,42,0.0929152148664343,0.0024488484946767,0.45,2.2222222222222223,0.037784001434548,30.829,11.171,9.713501303773626,0.2659761904761905,0.0641369022133502,0.0145511776757193,0.1602347082909477,0.1606131980481737,0.1283108131261479
graph_0100_mu_0_3_node_817,16,0.1166666666666666,0.0003506819244984,0.4090909090909091,2.4444444444444446,0.0192792760137028,8.715,7.285,3.7745206349206346,0.4553125,0.0398929427218992,0.0097634039068106,0.3222209639934918,0.3224674789198079,0.0298318176737969
graph_0100_mu_0_3_node_139,47,0.1433857539315448,0.002681207510616,0.46036866359447,2.1721721721721723,0.0606684569066957,33.321,13.679,10.451834297237216,0.2910425531914893,0.0812255988751215,0.0178309515284726,0.1790195721589481,0.1794830392527228,0.1371504788005704
graph_0100_mu_0_3_node_909,16,0.1166666666666666,0.0003213100072708,0.3978494623655914,2.5135135135135136,0.0217866874278156,9.355,6.645,3.951695238095238,0.4153125,0.0383842338641551,0.008833258406879,0.2836991225742476,0.2839239989964512,0.0282560861670588
graph_0100_mu_0_3_node_668,52,0.0791855203619909,0.0032803441252546,0.4629286376274328,2.16016016016016,0.0523666046538813,33.806,18.194,10.924182977630274,0.3498846153846154,0.1031962732191595,0.0232215496445652,0.224509256213139,0.2251255704443792,0.1367218080874672
graph_0100_mu_0_3_node_819,30,0.1770114942528735,0.001420402249995,0.4296774193548387,2.3273273273273274,0.0254157424623602,18.606,11.394,6.6802673655034335,0.3797999999999999,0.4258312678247458,0.0124766188681658,0.2504082569612578,0.2507939801427088,0.4329392431266382
graph_0100_mu_0_3_node_295,38,0.1206349206349206,0.0018271615870657,0.4304179233089186,2.3233233233233235,0.0298926467686221,25.926,12.074,8.663049121679686,0.3177368421052631,0.2828994358791655,0.0145817177294167,0.2017812113762302,0.202190112236724,0.3259899440748539
graph_0100_mu_0_3_node_609,49,0.0926870748299319,0.0028953348861475,0.4467799642218247,2.2382382382382384,0.0453000272732187,35.581,13.419,10.960972061958795,0.2738571428571429,0.0772298567368738,0.0169849284416102,0.166094297417641,0.1665490342974442,0.1452635403646927
graph_0100_mu_0_3_node_509,26,0.1569230769230769,0.0008461041151857,0.4238438693254137,2.359359359359359,0.0276162184755819,17.848,8.152,6.395757647907648,0.3135384615384615,0.0936283988268438,0.009692327059795,0.1968062286414686,0.1970822349518594,0.1328579152937428
graph_0100_mu_0_3_node_344,51,0.0972549019607843,0.0035042830169954,0.455125284738041,2.1971971971971973,0.055234151249885,34.436,16.564,10.963470852764068,0.3247843137254902,0.0983487450156702,0.0215846425702832,0.2052641261343452,0.2058252836457027,0.1375210628820296
graph_0100_mu_0_3_node_101,26,0.1323076923076923,0.0007873252060321,0.4216969185310257,2.3713713713713718,0.0272278492275074,17.82,8.18,6.306030735930736,0.3146153846153846,0.0470949907742139,0.0106032350765209,0.1970141579546041,0.1972911148273471,0.0710877997982672
graph_0100_mu_0_3_node_879,19,0.0643274853801169,0.0006628704709256,0.4165971643035863,2.4004004004004003,0.0193555253046078,9.467,9.533,4.231209817959818,0.5017368421052631,0.1792191569953215,0.0121898194707703,0.3770680779234804,0.3773906229801433,0.0582736422111955
graph_0100_mu_0_3_node_395,22,0.0909090909090909,0.0006076648724558,0.4124690338563171,2.4244244244244246,0.0243308009818552,13.144,8.856,5.07343253968254,0.4025454545454545,0.0491894028012249,0.0116397414652988,0.2710357919391428,0.2713355300885788,0.0476013125224095
graph_0100_mu_0_3_node_667,28,0.0899470899470899,0.0008983499724482,0.4215189873417722,2.3723723723723724,0.0295625242873469,18.03,9.97,6.348658430458432,0.3560714285714286,0.056159511572638,0.0127791651300401,0.2292855237487425,0.2296230614958672,0.0670888737778392
graph_0100_mu_0_3_node_206,40,0.1282051282051282,0.0020163437409456,0.4485855410866636,2.229229229229229,0.0507386723454005,26.844,13.156,8.994776853865089,0.3288999999999999,0.0793791928515739,0.016926908287768,0.2098438046749276,0.2102893551532689,0.1061992819461029
graph_0100_mu_0_3_node_549,22,0.1341991341991342,0.0007266542870486,0.3939274447949527,2.5385385385385386,0.0144460773763659,14.696,7.304,5.546180525030526,0.3319999999999999,0.1620822352002417,0.0086355762589978,0.2121124704189309,0.2123597244369174,0.1930068313871127
graph_0100_mu_0_3_node_917,19,0.1871345029239766,0.0004034047181091,0.4085889570552147,2.4474474474474475,0.0220061816781482,13.742,5.258,5.247778571428571,0.2767368421052631,0.0300068002555863,0.006887447366579,0.1678570773760289,0.1680350856399677,0.0565480607543592
graph_0100_mu_0_3_node_142,22,0.1298701298701298,0.0005659697072902,0.4140074595938665,2.4154154154154157,0.0218062797375522,13.153,8.847,5.065411721611721,0.4021363636363635,0.1007805565502966,0.010610133368664,0.271103008023896,0.2714024406955633,0.0893862605027794
graph_0100_mu_0_3_node_951,165,0.0709687192304779,0.026948035891826,0.5325159914712153,1.877877877877878,0.1458833314462511,125.374,39.626,33.06833775792425,0.2401575757575757,0.2267750587732297,0.0503341113073731,0.1416489159414097,0.1429978281337745,0.5324728870384244
graph_0100_mu_0_3_node_71,36,0.0396825396825396,0.0017749463056198,0.4174676138737986,2.3953953953953957,0.0245346365676339,24.191,11.809,8.104683171418701,0.3280277777777778,0.0681275547142547,0.0153310000279365,0.2078292833622891,0.2082291914466184,0.0767668524891051
graph_0100_mu_0_3_node_596,25,0.1033333333333333,0.0007380674510401,0.4143508917461634,2.413413413413413,0.0283205000731336,18.366,6.634,6.609591810966809,0.26536,0.0382432472078115,0.0083703176395789,0.1600521445665883,0.1602767857211315,0.0748167628449592
graph_0100_mu_0_3_node_604,37,0.0974789915966386,0.0019725583917945,0.4315334773218142,2.3173173173173174,0.0304100328862174,22.58,14.42,8.113784362314371,0.3897297297297297,0.1635516395290135,0.0171724620760172,0.2622186468998769,0.2627068219938552,0.145237068749392
graph_0100_mu_0_3_node_381,23,0.0869565217391304,0.0007262052654152,0.4236641221374045,2.36036036036036,0.024901585832913,14.834,8.166,5.548285431235432,0.3550434782608696,0.04690282191101,0.0105867288417048,0.2299248379111601,0.2302012645500171,0.0569085305245189
graph_0100_mu_0_3_node_211,25,0.1833333333333333,0.0005871527389663,0.4202776609171224,2.37937937937938,0.0326389912801105,18.812,6.188,6.610706807081807,0.24752,0.0348314621702187,0.0079492316948583,0.146462659298816,0.146672214539228,0.0803370209608772
graph_0100_mu_0_3_node_15,27,0.1733333333333333,0.0008673295812306,0.3972166998011928,2.517517517517517,0.0165168086564824,17.861,9.139,6.311821353646353,0.3384814814814815,0.3419643753993834,0.0100287441000417,0.2154933378554111,0.2158027501023428,0.4052233689890842
graph_0100_mu_0_3_node_947,19,0.1286549707602339,0.0004828695064295,0.4240237691001697,2.3583583583583585,0.0240567693236159,10.133,8.867,4.302231676656676,0.4666842105263158,0.0947560876947784,0.0109658964505842,0.3337062796564876,0.3340063266801771,0.0600371474405483
graph_0100_mu_0_3_node_28,182,0.0692737430167597,0.0321404166431154,0.5423452768729642,1.843843843843844,0.1857625073278549,136.689,45.311,36.30950803018504,0.2489615384615384,0.2720017872986094,0.058601801983048,0.1485140934921263,0.1500569757548499,0.5790013727599987
graph_0100_mu_0_3_node_873,21,0.119047619047619,0.0005914061339952,0.4167709637046308,2.3993993993994,0.0262599929182796,12.142,8.858,4.773013111888111,0.4218095238095237,0.0500151838271603,0.0114691989350424,0.2883565597025547,0.2886563466885548,0.0439877555606955
graph_0100_mu_0_3_node_127,25,0.1633333333333333,0.0010851867185482,0.4143508917461634,2.413413413413413,0.0243199040453833,15.473,9.527,6.159670959759194,0.38108,0.2279920074342065,0.0112436943082197,0.2587240037402342,0.2590464614889688,0.1802803871799098
graph_0100_mu_0_3_node_654,42,0.1807692307692307,0.0019927924948383,0.4267407090986758,2.3433433433433435,0.0280694028257011,28.638,13.362,9.237293720727155,0.3181428571428571,0.461740314308743,0.0142063809074658,0.198888287300319,0.1993408938519818,0.6516757920243833
graph_0100_mu_0_3_node_34,25,0.1185770750988142,0.0007876298162141,0.390081999219055,2.563563563563564,0.0140999402676958,15.576,9.424,5.797563987891193,0.37696,0.4019860070758074,0.01183094100959,0.2512491278745476,0.2515681207477944,0.2910453690686795
graph_0100_mu_0_3_node_203,25,0.0988142292490118,0.0008636330712149,0.4249255635899617,2.353353353353353,0.024625040774543,13.656,11.344,5.415830572205572,0.4537599999999999,0.1271967974441239,0.0138170259009197,0.3187154357810503,0.3190993404223335,0.0841907441307661
graph_0100_mu_0_3_node_383,25,0.1422924901185771,0.0008767096904454,0.3893219017926734,2.5685685685685686,0.012618724066486,16.403,8.597,5.963883630258629,0.3438800000000001,0.2892081367448508,0.0102762457717947,0.2212820186307224,0.2215730554674075,0.2997782858148043
graph_0100_mu_0_3_node_728,23,0.0711462450592885,0.0008477030363923,0.4204545454545454,2.3783783783783785,0.0230988491433214,15.147,7.853,5.689781640581641,0.3414347826086957,0.0458921152887646,0.0100557644605792,0.2199789091971754,0.2202447460072425,0.0489119343881934
graph_0100_mu_0_3_node_973,23,0.1739130434782608,0.0006452363928005,0.4124690338563171,2.4244244244244246,0.024316030402065,13.539,9.461,5.15701592990343,0.4113478260869564,0.1542045054539857,0.0103373728985294,0.2767646771447294,0.2770848964437115,0.1463078620760593
graph_0100_mu_0_3_node_972,14,0.0879120879120879,0.0002701852309103,0.3884136858475894,2.5745745745745747,0.0138101703794508,6.906,7.094,3.2665277777777773,0.5067142857142857,0.064133875766676,0.0092199485802658,0.3783446165344105,0.378584639891777,0.0289193755385302
graph_0100_mu_0_3_node_608,25,0.225296442687747,0.0004330586206261,0.4102669404517454,2.437437437437437,0.0248100085602185,21.225,3.775,8.642642857142857,0.151,0.0215493340057038,0.0049344481257612,0.083588949531872,0.0837168268697266,0.0889542907157106
graph_0100_mu_0_3_node_706,21,0.0904761904761904,0.0006936323088951,0.411619283065513,2.4294294294294296,0.0208987548578737,12.04,8.96,4.893029807692308,0.4266666666666666,0.0500948285130709,0.0118007317489111,0.2945169286295576,0.2948201589616093,0.0410475242290038
graph_0100_mu_0_3_node_260,23,0.0948616600790513,0.0006190203372558,0.3992805755395683,2.5045045045045047,0.0218076594156746,17.686,5.314,6.520829797979799,0.2310434782608695,0.0302066189402695,0.0067708930182794,0.1354055061138008,0.1355854574628319,0.0694753150207767
graph_0100_mu_0_3_node_551,21,0.1286549707602339,0.0005810344792315,0.3799923925446938,2.6316316316316315,0.0111907275764515,14.543,6.457,5.720189393939394,0.3074761904761904,0.2132924191302341,0.0082518484042554,0.1965160425456612,0.1967346210788306,0.2064742761688714
graph_0100_mu_0_3_node_801,26,0.0861538461538461,0.0012920048049958,0.4402820625826355,2.2712712712712717,0.0305345690000214,15.495,10.505,5.77873308080808,0.4040384615384615,0.0598543643914566,0.0137776581673364,0.2718645830184484,0.2722201561604293,0.0568615426223247
graph_0100_mu_0_3_node_461,25,0.1233333333333333,0.0009633127274181,0.4160766347355268,2.4034034034034035,0.0247044945929304,17.968,7.032,6.470191187080893,0.28128,0.0409776121554059,0.0090438696143318,0.1721776547215877,0.1724157587966416,0.0694471640739159
graph_0100_mu_0_3_node_945,25,0.1133333333333333,0.0007494035808713,0.4122988031366075,2.4254254254254253,0.0236973494505793,17.655,7.345,6.533827290764791,0.2938,0.0424033228156049,0.0094692681038032,0.1815228214362372,0.181771513780801,0.070033753613923
graph_0100_mu_0_3_node_714,22,0.2121212121212121,0.0006140961981784,0.3860123647604327,2.5905905905905904,0.0128355521885519,14.98,7.02,5.531376984126984,0.3190909090909091,0.2418820849987566,0.0074606431164665,0.1996456996959698,0.1998833559269177,0.3536025952180111
graph_0100_mu_0_3_node_701,21,0.1,0.0006322438891478,0.4112803622890078,2.431431431431432,0.019504804080724,12.782,8.218,4.919604166666666,0.3913333333333332,0.0468413149013852,0.0107488155280967,0.2605209538393862,0.2607991038342247,0.0484188303775139
graph_0100_mu_0_3_node_671,35,0.1704545454545454,0.0014993890694776,0.4036363636363636,2.477477477477477,0.0198357870309243,23.636,11.364,7.939571366950044,0.3246857142857143,0.3875968395949006,0.0124269656748275,0.2047517027579218,0.2051365404351723,0.5004323119196309
graph_0100_mu_0_3_node_391,32,0.1693548387096774,0.0015776116388297,0.421875,2.3703703703703702,0.0214489157950241,20.997,11.003,7.223769172004466,0.34384375,0.3809775324993891,0.0116691709120003,0.2196123383448927,0.2199848973063184,0.486375336277884
graph_0100_mu_0_3_node_338,20,0.1210526315789473,0.0004754929601335,0.4047811993517017,2.4704704704704703,0.0242440779545295,14.607,5.393,5.505579365079366,0.26965,0.0305799287309047,0.0068967351449305,0.1625269087085475,0.1627094970268183,0.0603078131173921
graph_0100_mu_0_3_node_166,18,0.130718954248366,0.0005221798411349,0.4146948941469489,2.411411411411412,0.0195551149839537,11.993,6.007,4.643993506493506,0.3337222222222222,0.0340847171479752,0.0079264252453159,0.2117450151875431,0.2119483473532261,0.047705195233309
graph_0100_mu_0_3_node_862,27,0.0854700854700854,0.0011406131940815,0.4224101479915433,2.3673673673673674,0.0236686469571633,18.057,8.943,6.361248924759451,0.3312222222222223,0.0512701671947473,0.0116537932158771,0.2100105678106026,0.2103133500135107,0.0712247862164191
graph_0100_mu_0_3_node_944,17,0.4044117647058823,0.0002114332973831,0.4111111111111111,2.4324324324324325,0.0352968439144751,14.785,2.215,8.076833333333333,0.1302941176470588,0.0130360887625534,0.0028978866480662,0.0712323435972629,0.0713073502870598,0.0658234488443122
graph_0100_mu_0_3_node_229,21,0.1286549707602339,0.0006485197805584,0.3909980430528376,2.557557557557557,0.0125498658570461,13.517,7.483,5.204918298368298,0.3563333333333333,0.2460405272375321,0.0097148530222502,0.2337765867740008,0.2340298736570943,0.1949780756809187
graph_0100_mu_0_3_node_638,25,0.1466666666666666,0.00067016517133,0.4074225122349103,2.454454454454454,0.0279164815216036,18.937,6.063,6.859165223665224,0.2425199999999999,0.0346821741807803,0.0076790166760094,0.1435057136427677,0.1437110360143332,0.0791913761474677
graph_0100_mu_0_3_node_548,26,0.0953846153846153,0.0013233099780363,0.4311609840310746,2.319319319319319,0.0289274623895471,13.992,12.008,5.682738073459049,0.4618461538461538,0.3204847942117014,0.0157790543706135,0.3359308960787481,0.3363372337101334,0.1288521773602514
graph_0100_mu_0_3_node_865,20,0.1842105263157894,0.0005406773695617,0.4112803622890078,2.431431431431432,0.0203560464757209,13.344,6.656,5.139373737373739,0.3328000000000001,0.0759603828212403,0.007906488664986,0.2120221662330645,0.2122474749428552,0.0979738827719588
graph_0100_mu_0_3_node_688,46,0.1207729468599033,0.0024860198847727,0.4545040946314831,2.2002002002002,0.0502672450060423,34.491,11.509,10.702898484479055,0.250195652173913,0.0665141202559769,0.0145178883497687,0.1491165022221226,0.1495065286884982,0.1443520538081674
graph_0100_mu_0_3_node_993,20,0.1789473684210526,0.0004766688301876,0.3942383583267561,2.5365365365365364,0.0165606874234871,12.084,7.916,4.639230880230881,0.3958,0.1286798506207404,0.0086847034862918,0.2625791640721955,0.2628470897351747,0.1326143357070967
graph_0100_mu_0_3_node_355,26,0.0984615384615384,0.0010527665445703,0.4051094890510949,2.468468468468469,0.0181825954033497,16.234,9.766,6.039914627366098,0.3756153846153846,0.2076227097693593,0.0116942198873738,0.2495914095454094,0.2499219869308671,0.1975923386180148
graph_0100_mu_0_3_node_446,171,0.0714285714285714,0.0286261051791853,0.5382543103448276,1.857857857857858,0.1729165919160504,131.153,39.847,34.4352247105359,0.2330233918128655,0.240368696035039,0.0514415420915587,0.1374096075526161,0.1387663709061616,0.5589160399316094
graph_0100_mu_0_3_node_431,23,0.1146245059288537,0.0008408706438021,0.4067589576547231,2.4584584584584586,0.0173364310305592,14.874,8.126,5.817637955100456,0.3533043478260869,0.2063576842765905,0.009993205679199,0.2321646697499153,0.2324397301527478,0.1911581265477471
graph_0100_mu_0_3_node_587,25,0.0666666666666666,0.0007853928469496,0.4178168130489335,2.393393393393393,0.0244987965212422,15.798,9.202,5.739441683316684,0.36808,0.0515419783829788,0.011974126611894,0.2395155283001892,0.2398270314367423,0.0574917073441163
graph_0100_mu_0_3_node_29,26,0.1739130434782608,0.0008324403448369,0.3975328292877039,2.5155155155155158,0.0166755592444376,17.566,8.434,6.203251706137,0.3243846153846154,0.3123728322569043,0.0093150910280997,0.2041113126769453,0.2043968632230764,0.4031605657749922
graph_0100_mu_0_3_node_73,36,0.0777777777777777,0.001541505462184,0.4302325581395348,2.324324324324324,0.0314365617725453,24.744,11.256,8.231737949511789,0.3126666666666667,0.0647551248999644,0.0146001489439712,0.1956092315423108,0.1959904400160833,0.0826696997303479
graph_0100_mu_0_3_node_642,17,0.25,0.0004162716525396,0.4074225122349103,2.454454454454454,0.0303658528554339,12.713,4.287,5.282585714285714,0.2521764705882353,0.0254819649645214,0.0055849802850216,0.1508472056293107,0.1509923374477332,0.052951566004633
graph_0100_mu_0_3_node_348,16,0.1583333333333333,0.0003713693310957,0.3712374581939799,2.6936936936936937,0.0085805685352818,10.515,5.485,4.440134487734488,0.3428125,0.1762319653712387,0.0070525277065262,0.2250941704804915,0.2252798106247695,0.1579280145192567
graph_0100_mu_0_3_node_306,20,0.1578947368421052,0.0005411033583131,0.3934619929105947,2.541541541541541,0.0155905816042134,12.197,7.803,4.6986060606060605,0.39015,0.2688775239024355,0.0083179929687173,0.2583550204853406,0.2586191232505156,0.272171741347894
graph_0100_mu_0_3_node_498,42,0.1114982578397212,0.0024287582108374,0.4469798657718121,2.2372372372372373,0.0374564510568745,27.851,14.149,9.29146074571366,0.3368809523809524,0.162605869494572,0.0167013766167071,0.2157246193190677,0.2162038093055031,0.2033099830616214
graph_0100_mu_0_3_node_580,35,0.1361344537815126,0.0014498938091834,0.4347258485639687,2.3003003003003,0.043350989571457,24.904,10.096,8.566219017094015,0.2884571428571428,0.0603134857295936,0.0130032429116262,0.1777050708377621,0.1780470141073088,0.1027140669666871
graph_0100_mu_0_3_node_134,24,0.2391304347826087,0.0007256813368633,0.3869093725793958,2.5845845845845847,0.0136699742283998,16.894,7.106,6.2288701298701294,0.2960833333333333,0.2463250896496657,0.0075375256841238,0.1823725194161347,0.1826131149293362,0.4043087463812496
graph_0100_mu_0_3_node_457,29,0.1822660098522167,0.0012445536706148,0.4084219133278822,2.448448448448449,0.0181562425094366,18.093,10.907,6.478064035964036,0.376103448275862,0.3760802830225007,0.011595124365309,0.2462933943208962,0.2466626343776873,0.4100860431150956
graph_0100_mu_0_3_node_739,22,0.1341991341991342,0.0005060827842447,0.4069246435845214,2.457457457457457,0.0230031147489838,15.199,6.801,5.536536507936507,0.3091363636363636,0.0386103618143759,0.0087122488787788,0.1921026049982464,0.1923328531207024,0.0622514287558933
graph_0100_mu_0_3_node_213,20,0.1052631578947368,0.0004461349785177,0.4059325477448192,2.463463463463464,0.0201065160547745,14.018,5.982,5.277491563991564,0.2991,0.034209896974395,0.0078025100118915,0.1848091144133263,0.1850116277380547,0.0514896946879217
graph_0100_mu_0_3_node_824,22,0.0822510822510822,0.0010580805515398,0.41625,2.4024024024024024,0.0199647472892866,12.438,9.562,5.031415899949723,0.4346363636363636,0.2538698967494669,0.0125875736889051,0.3077765375354145,0.3081001239149922,0.1259506920551437
graph_0100_mu_0_3_node_559,26,0.1323076923076923,0.0010391780330559,0.4034733441033926,2.4784784784784786,0.0200208709821679,16.534,9.466,6.097772780212564,0.3640769230769231,0.3382659749563804,0.0122028132356969,0.2418824458815008,0.2422028723930467,0.2409364817244126
graph_0100_mu_0_3_node_443,48,0.1108156028368794,0.0027620192222806,0.4461813309513175,2.241241241241241,0.0541479837654909,36.084,11.916,11.15777991399725,0.24825,0.0713999105004139,0.0154237377014275,0.1480514469481676,0.1484552927325519,0.1521188910820546
graph_0100_mu_0_3_node_954,18,0.1568627450980392,0.0004440584514102,0.4052738336713996,2.4674674674674675,0.0197905015732446,12.654,5.346,4.8908,0.297,0.0300719653146044,0.0071277428547226,0.1827179215961686,0.1828988955013126,0.0520877267742354
graph_0100_mu_0_3_node_804,21,0.1666666666666666,0.0006273053279724,0.3840830449826989,2.603603603603604,0.0114212488814014,14.61,6.39,5.541572727272727,0.3042857142857142,0.2180297368573652,0.0075442453298552,0.1900546960067957,0.1902710205646534,0.2939715054142927
graph_0100_mu_0_3_node_584,29,0.125615763546798,0.0010032050475693,0.4209860935524652,2.3753753753753752,0.0302883853398516,19.351,9.649,6.751447432469491,0.3327241379310344,0.0548643175807294,0.0123028756564287,0.2110653942548121,0.2113920946531457,0.0782010766645187
graph_0100_mu_0_3_node_881,30,0.1471264367816092,0.001144331692353,0.4243840271877655,2.3563563563563563,0.0339921646826764,20.481,9.519,7.040292816832291,0.3173000000000001,0.05477784081241,0.0120353635325068,0.1991778870885663,0.199500210581056,0.0825905467783751
graph_0100_mu_0_3_node_263,25,0.1666666666666666,0.0008383960325088,0.4373905429071804,2.2862862862862863,0.0395654606155181,17.842,7.158,6.537093614718615,0.2863200000000001,0.0429842817975387,0.0092106001625678,0.1761374091611911,0.1763797745390015,0.0730517974807279
graph_0100_mu_0_3_node_500,26,0.1446153846153846,0.0009327594593642,0.4220532319391635,2.369369369369369,0.0295971779067062,16.959,9.041,6.087359354044648,0.3477307692307693,0.051691491875976,0.0114997405656747,0.2234009080669337,0.223706983927297,0.066140777677996
graph_0100_mu_0_3_node_949,35,0.1174242424242424,0.0014914367261525,0.4471799462846911,2.236236236236236,0.0364926858565352,21.299,13.701,7.486618740641136,0.3914571428571428,0.0771409142081734,0.0175968278605183,0.2593810229945364,0.2598448761492218,0.0797868270036723
graph_0100_mu_0_3_node_545,34,0.0784313725490196,0.0016018818752955,0.427105600684053,2.3413413413413413,0.0297836937269123,21.706,12.294,7.548434626484626,0.3615882352941176,0.0705835060203813,0.0155794213323647,0.2354805602976704,0.2358968107454981,0.0840274720213871
graph_0100_mu_0_3_node_137,22,0.1385281385281385,0.0006405706096278,0.4062627084180561,2.4614614614614614,0.0275169991492082,16.031,5.969,5.941721428571429,0.2713181818181818,0.035064825874291,0.007835305184294,0.164153005990295,0.1643551063915028,0.0665289740656382
graph_0100_mu_0_3_node_255,31,0.1870967741935484,0.0012568554078551,0.4128099173553719,2.4224224224224224,0.0208441358018022,20.643,10.357,7.03117205017205,0.3340967741935483,0.3543121345847864,0.0110896614758295,0.2110633148627198,0.2114140106700352,0.4856031234932357
graph_0100_mu_0_3_node_983,36,0.1111111111111111,0.001663852864195,0.4334056399132321,2.307307307307308,0.0346132220341693,23.915,12.085,7.961269738311224,0.3356944444444444,0.0682536290718762,0.0155135617775156,0.2125796865624726,0.2129889408370203,0.097010543926933
graph_0100_mu_0_3_node_966,30,0.0942528735632183,0.0014556239849849,0.4254684838160136,2.3503503503503502,0.0258984161072393,18.226,11.774,6.645065221543163,0.3924666666666667,0.0676298801553321,0.0152552051009345,0.2622501386717268,0.2626487025360567,0.0691488745122803
graph_0100_mu_0_3_node_193,28,0.1296296296296296,0.001000841656663,0.4171189979123173,2.397397397397397,0.0252890413995984,17.725,10.275,6.301387684537686,0.3669642857142858,0.1671513086318605,0.0112293760902211,0.2379719429177501,0.2383197950948583,0.1980618399805632
graph_0100_mu_0_3_node_848,27,0.1339031339031339,0.00096163970822,0.4024979854955681,2.4844844844844847,0.0210579973805382,17.918,9.082,6.33838277972028,0.3363703703703704,0.1025916101789748,0.0109649592867275,0.2142387056945813,0.2145461881126367,0.132440486677618
graph_0100_mu_0_3_node_374,24,0.1195652173913043,0.0007603846080379,0.4012048192771084,2.4924924924924925,0.018727716884431,15.687,8.313,6.124804871598989,0.346375,0.1957753467030042,0.0099068641189139,0.2267695453763367,0.2270509450111942,0.1958082515661021
graph_0100_mu_0_3_node_75,41,0.0963414634146341,0.0020434430769124,0.4377738825591586,2.284284284284284,0.0400209541417,27.967,13.033,9.025356880116783,0.3178780487804878,0.0735597163974258,0.0166871294036403,0.1985938302335579,0.1990352829619439,0.1097014743900184
graph_0100_mu_0_3_node_441,19,0.1286549707602339,0.0004760912346933,0.398961661341853,2.5065065065065064,0.0193584538841396,12.315,6.685,4.853679365079366,0.3518421052631579,0.0763509025440804,0.0079696513697906,0.2281404376222115,0.2283667108049952,0.0888974371577456
graph_0100_mu_0_3_node_298,21,0.0809523809523809,0.0006311248619417,0.4155574043261231,2.4064064064064064,0.0207091771718629,11.244,9.756,4.601473776223775,0.4645714285714285,0.0526115642929969,0.013142436194651,0.3286760166434288,0.3290061603181202,0.0373649027964992
graph_0100_mu_0_3_node_342,14,0.1978021978021978,0.0002722590708183,0.3671444321940463,2.723723723723724,0.0079134698487646,9.719,4.281,4.4409833333333335,0.3057857142857142,0.0955543866025652,0.0050276947466187,0.1919634320912581,0.1921083298096015,0.1304454066025186
graph_0100_mu_0_3_node_447,19,0.1286549707602339,0.0005619301859762,0.3817348108521207,2.61961961961962,0.0112591038680195,12.199,6.801,4.884619427794428,0.3579473684210526,0.2412264749223009,0.0087192054359483,0.2371200144259022,0.2373502020697309,0.1770661601670871
graph_0100_mu_0_3_node_854,38,0.0668563300142247,0.0019284426087113,0.4441974210760337,2.2512512512512517,0.0398849511544107,22.013,15.987,8.012005139773555,0.4207105263157895,0.0945297804000786,0.0208981614774538,0.2887984535049106,0.289339625343874,0.0772658254949375
graph_0100_mu_0_3_node_856,40,0.1217948717948717,0.0018767378180068,0.4406704896338774,2.269269269269269,0.0440550546345705,28.696,11.304,9.140042115031884,0.2826,0.0643236785962127,0.0143967034321523,0.1720169918834082,0.1723999351597566,0.1189429515215263
graph_0100_mu_0_3_node_411,33,0.1553030303030303,0.001406781582839,0.4094262295081967,2.4424424424424425,0.0209028300893528,20.397,12.603,7.196572309308338,0.3819090909090908,0.4343682285797027,0.0134111604260575,0.2512895844242907,0.251716263563818,0.4594048751704802
graph_0100_mu_0_3_node_709,32,0.1189516129032258,0.0011449419722534,0.4240237691001697,2.3583583583583585,0.0328385769153864,24.266,7.734,7.999115728715729,0.2416875,0.0434443369802311,0.0099588749769059,0.1423824209149747,0.1426444039954106,0.0980136834979742
graph_0100_mu_0_3_node_851,74,0.0966308774527952,0.0063599158972027,0.4809821858449687,2.079079079079079,0.0831885661358224,54.649,19.351,15.815860218495834,0.2615,0.1152866203676098,0.0251548479076976,0.1572241579998115,0.1578805153919294,0.2294614202997768
graph_0100_mu_0_3_node_496,24,0.0797101449275362,0.0008105515721364,0.408255006129955,2.4494494494494496,0.0239713987816483,15.784,8.216,5.745341991341991,0.3423333333333333,0.0467590100195096,0.0104432524970577,0.2188383975465274,0.2191165360477228,0.0569884271783933
graph_0100_mu_0_3_node_844,22,0.1428571428571428,0.0007860326742614,0.413151364764268,2.4204204204204203,0.0315527976057993,14.208,7.792,5.505528571428571,0.3541818181818181,0.0468610211850762,0.0100013522764117,0.2308432532212477,0.2311070087620342,0.0541169532689615
graph_0100_mu_0_3_node_541,28,0.1428571428571428,0.0014428654692406,0.4245643858903527,2.3553553553553552,0.0213949509861694,16.725,11.275,6.256334740474523,0.4026785714285714,0.4228840339761218,0.0122979112686087,0.2713458956537475,0.2717275410089725,0.3746922499803296
graph_0100_mu_0_3_node_894,44,0.1335656213704994,0.0019069960427168,0.4461813309513175,2.241241241241241,0.0565864101139448,30.75,13.25,9.774489967565977,0.3011363636363636,0.0781600158088146,0.0173651116124733,0.1864562244735031,0.1869050943139877,0.1240120056415729
graph_0100_mu_0_3_node_223,40,0.1038461538461538,0.0019115853566494,0.4208087615838247,2.3763763763763763,0.0287042149948755,27.522,12.478,9.170607633680389,0.3119499999999999,0.1442232321486259,0.0146479711675999,0.1959725915677362,0.19639522075565,0.2050888176357739
graph_0100_mu_0_3_node_891,38,0.0603174603174603,0.0016020447517957,0.4202776609171224,2.37937937937938,0.0282281196440695,24.882,13.118,8.636664740325035,0.3452105263157894,0.1488990726746442,0.0155754775049378,0.2238366732111346,0.224280871775929,0.1690896146316202
graph_0100_mu_0_3_node_248,26,0.1138461538461538,0.0007979566151682,0.4204545454545454,2.3783783783783785,0.0289751212175582,19.93,6.07,6.994036652236653,0.2334615384615384,0.0342441792123075,0.0077714667953653,0.136834501324391,0.13704007678181,0.085103404142148
graph_0100_mu_0_3_node_58,23,0.1666666666666666,0.0006392078238274,0.3933070866141732,2.5425425425425425,0.0137636104611409,15.202,7.798,5.6788270257520255,0.3390434782608696,0.2650602637372758,0.0091896332761161,0.2178148628265345,0.2180788405216958,0.2749567031170913
graph_0100_mu_0_3_node_872,26,0.08,0.0009709280101084,0.3997599039615846,2.5015015015015014,0.0176700793597102,14.464,11.536,5.770005963996444,0.4436923076923076,0.2413829639075952,0.0138716538509054,0.3130274063297548,0.3134178088199933,0.1562301576749238
graph_0100_mu_0_3_node_191,19,0.1461988304093567,0.0007203574306845,0.404126213592233,2.4744744744744747,0.0163816237474195,12.485,6.515,4.957157817182817,0.3428947368421052,0.1695657076400262,0.0080577110524305,0.2234532357892712,0.2236737531863001,0.1593695980487338
graph_0100_mu_0_3_node_948,26,0.1507692307692307,0.0008399171513418,0.415211970074813,2.4084084084084085,0.0291071692892318,19.107,6.893,6.665165079365079,0.2651153846153846,0.0389551384218597,0.0088297197444391,0.1591655580541693,0.1593989815500507,0.0801418984750373
graph_0100_mu_0_3_node_943,28,0.0793650793650793,0.0010743354881515,0.4285714285714285,2.333333333333333,0.0289015626110664,16.733,11.267,6.155569255306097,0.4023928571428571,0.0635141496684641,0.0146001247932995,0.2699098912189526,0.2702912729073687,0.0573829310286107
graph_0100_mu_0_3_node_275,20,0.1633986928104575,0.0005320455796909,0.3881118881118881,2.5765765765765765,0.0138796439765531,14.106,5.894,5.513239427239427,0.2947000000000001,0.1945011113691468,0.0076057035894831,0.1849290624128455,0.1851285886671435,0.2151465043552381
graph_0100_mu_0_3_node_491,22,0.1385281385281385,0.0006612668570795,0.3943939992104224,2.535535535535536,0.0164696400578557,12.484,9.516,4.878876984126984,0.4325454545454544,0.1542853234861257,0.0104249821724496,0.2958756817098374,0.2961977398486419,0.1325946533492205
graph_0100_mu_0_3_node_957,25,0.0833333333333333,0.0010965140598238,0.4215189873417722,2.3723723723723724,0.0221605004368215,13.929,11.071,5.533287041389983,0.4428399999999999,0.1200609827332544,0.0135446002053194,0.3108037795034221,0.3111784477468478,0.0851000300723453
graph_0100_mu_0_3_node_220,19,0.1052631578947368,0.0006121976074471,0.4197478991596639,2.3823823823823824,0.0224371573882207,9.65,9.35,4.238035234210234,0.4921052631578946,0.1298155920828899,0.0120821259090467,0.3639734423645656,0.3642898075371726,0.0659220121686275
graph_0100_mu_0_3_node_14,21,0.1380952380952381,0.0005376971192305,0.3981666002391391,2.5115115115115114,0.0189477317424394,14.333,6.667,5.894268939393938,0.3174761904761904,0.0777547759657323,0.0077597232641579,0.2018314011792529,0.2020570897328792,0.1037404318702051
graph_0100_mu_0_3_node_361,28,0.119047619047619,0.0008511620769659,0.4109419991772933,2.433433433433433,0.0288700838178612,21.13,6.87,7.2379217171717185,0.2453571428571428,0.0388644319293485,0.0087819744994261,0.1451507742067513,0.1453834509627496,0.0890509461758316
graph_0100_mu_0_3_node_159,21,0.0571428571428571,0.000604524461043,0.3975328292877039,2.5155155155155158,0.0168477357285862,10.759,10.241,4.622615617715617,0.4876666666666666,0.1601959599980962,0.0134463892677965,0.3614092108725262,0.3617557256735249,0.065557542702682
graph_0100_mu_0_3_node_164,35,0.1117424242424242,0.0017440910922135,0.4114497528830313,2.4304304304304303,0.0185183436166043,23.264,11.736,7.958450170765767,0.3353142857142857,0.2604392292863512,0.0138242482621671,0.2148924186230258,0.21528982091823,0.2935406364646357
graph_0100_mu_0_3_node_175,26,0.1159420289855072,0.000900990483789,0.4062627084180561,2.4614614614614614,0.0179082454646156,15.815,10.185,5.801769769119769,0.3917307692307692,0.3497948123149673,0.0108671950056242,0.2594784761127599,0.2598232376797904,0.329117447644256
graph_0100_mu_0_3_node_82,17,0.1523809523809524,0.0003413487233297,0.3653986832479883,2.736736736736737,0.007327946712571,11.942,5.058,5.986989754689756,0.2975294117647059,0.1726786756476341,0.0062627290742888,0.1913835202682899,0.1915547209070463,0.1665979695935928
graph_0100_mu_0_3_node_630,28,0.1031746031746031,0.000871815549256,0.399919935948759,2.5005005005005003,0.0198178852312747,19.767,8.233,7.079124009324009,0.2940357142857143,0.0937632235001113,0.0098021755292987,0.1818046955009065,0.1820834779619035,0.1502279331702872
graph_0100_mu_0_3_node_662,17,0.0588235294117647,0.0005515710629568,0.4190436241610738,2.3863863863863863,0.018256055791208,10.279,6.721,4.131654581529581,0.3953529411764706,0.0382836918896412,0.008815351388604,0.26420586479594,0.2644333287336684,0.0332181492871328
graph_0100_mu_0_3_node_557,34,0.189516129032258,0.0011140424684575,0.4169449081803005,2.3983983983983985,0.0245675657803667,25.275,8.725,8.203433621933621,0.2566176470588236,0.1418903280079431,0.0095629437697159,0.1527738174681282,0.1530693736799227,0.2903724846893864
graph_0100_mu_0_3_node_755,21,0.1,0.000867171433814,0.4269230769230769,2.3423423423423424,0.0234415914596061,10.777,10.223,4.638477476689977,0.4868095238095238,0.1976845026602764,0.0129980334379098,0.3600669465202605,0.3604128533840177,0.0884203887560091
graph_0100_mu_0_3_node_838,35,0.188235294117647,0.0015251856377535,0.4201009251471825,2.38038038038038,0.0238943625190552,23.937,11.063,7.914041578111431,0.3160857142857143,0.3811325195200423,0.0118068787645515,0.1971171790944074,0.1974918463341266,0.5678452608589587
graph_0100_mu_0_3_node_456,35,0.0722689075630252,0.0017871525582312,0.4185169669040637,2.3893893893893896,0.0264577362957404,19.315,15.685,7.447301024190621,0.448142857142857,0.1697341640760288,0.019178572660791,0.3181820216142276,0.3187128616705394,0.1099877853691649
graph_0100_mu_0_3_node_425,19,0.2690058479532163,0.0003719016250248,0.4090909090909091,2.4444444444444446,0.0340707737649782,14.649,4.351,6.174184523809524,0.229,0.0258452009719231,0.0056619327024232,0.1350140715914909,0.1351613870239208,0.0629299303654861
graph_0100_mu_0_3_node_350,15,0.1333333333333333,0.0003095592174361,0.398961661341853,2.5065065065065064,0.0229540428339961,9.109,5.891,3.789857142857143,0.3927333333333332,0.0344846401561627,0.0077592901507937,0.2622848911957608,0.2624842584346662,0.0326772549671855
graph_0100_mu_0_3_node_155,22,0.1471861471861472,0.00043983913085,0.4018503620273532,2.4884884884884886,0.0242563598951308,16.607,5.393,6.1962746031746025,0.2451363636363636,0.0308902317411746,0.0068338512151407,0.1454084971519913,0.1455911086262314,0.0693311162047268
graph_0100_mu_0_3_node_731,20,0.1631578947368421,0.0004740837243646,0.40056134723336,2.4964964964964964,0.0177163965833855,12.11,7.89,4.665887667887668,0.3945,0.1285219094155022,0.0086168281059527,0.2617157116727674,0.2619827573589761,0.1319072316986846
graph_0100_mu_0_3_node_721,17,0.1397058823529411,0.0004355903607304,0.3687707641196013,2.7117117117117115,0.0082215682605127,11.504,5.496,4.743933810633811,0.3232941176470589,0.1374069388418467,0.0068395565500776,0.2062497510724271,0.2064357798514134,0.1551074279765796
graph_0100_mu_0_3_node_836,20,0.1105263157894736,0.0007652123689288,0.4169449081803005,2.3983983983983985,0.0232470056975058,12.657,7.343,4.838088023088023,0.36715,0.0416840714565817,0.0094530124981023,0.239640517768274,0.2398890628578935,0.048124077990671
graph_0100_mu_0_3_node_247,15,0.238095238095238,0.0002396350817505,0.3817348108521207,2.61961961961962,0.0125851018932472,10.629,4.371,4.503428571428572,0.2914,0.1006081681840758,0.0053919690807314,0.1803634920052461,0.1805114451222877,0.146114211180864
graph_0100_mu_0_3_node_281,27,0.11,0.0011922532863072,0.4298623063683304,2.3263263263263263,0.0355216810118931,16.201,10.799,6.031939758770641,0.3999629629629629,0.0631010731826488,0.0142763179460666,0.2693232895662301,0.269688819434823,0.057645590047817
graph_0100_mu_0_3_node_554,22,0.1298701298701298,0.0006003570824421,0.4021739130434782,2.4864864864864864,0.0190544194885919,16.849,5.151,6.366992857142857,0.2341363636363636,0.0296427777734662,0.0067240774585953,0.1378247036596889,0.1379991258222609,0.0650983441305606
graph_0100_mu_0_3_node_94,39,0.0855855855855855,0.0018738567443005,0.4215189873417722,2.3723723723723724,0.0271960254363061,24.854,14.146,8.460460019199068,0.3627179487179487,0.1604873741987845,0.0169458637528927,0.2362314052592083,0.2367104099031582,0.1733025325275557
graph_0100_mu_0_3_node_107,32,0.0927419354838709,0.0015259536439875,0.436054124836316,2.293293293293293,0.0360163425101305,20.682,11.318,7.159513064713065,0.3536875,0.0644130837020067,0.0144031125262213,0.2278730226461218,0.2282562311159973,0.0774140179191475
graph_0100_mu_0_3_node_67,35,0.1378151260504201,0.0013662789709928,0.4171189979123173,2.397397397397397,0.0280080472329669,25.258,9.742,8.41548437278236,0.2783428571428571,0.1124110632311865,0.0115300359690508,0.1701411362720808,0.1704711053018122,0.1936542075624082
graph_0100_mu_0_3_node_747,16,0.0666666666666666,0.0002850263723362,0.3747186796699174,2.6686686686686687,0.0102385026119011,11.429,4.571,4.615307936507937,0.2856875,0.0259625555245024,0.0060249693215973,0.1745924558599821,0.1747471879357401,0.0459252895599863
graph_0100_mu_0_3_node_252,39,0.0944669365721997,0.0018420470789076,0.4320934256055363,2.314314314314314,0.0325627422798769,27.878,11.122,9.006197136725502,0.2851794871794871,0.0641710351925837,0.0144139800627166,0.1745797712685756,0.1749565241630946,0.1140755236442481
graph_0100_mu_0_3_node_95,22,0.1428571428571428,0.0005672732281656,0.4044534412955465,2.4724724724724725,0.0200682498461146,13.817,8.183,5.219209218559219,0.3719545454545455,0.0927705248452942,0.0098074473843106,0.2440720372381142,0.2443490209557696,0.0984672084618668
graph_0100_mu_0_3_node_162,25,0.1966666666666666,0.0009311949434853,0.4064279902359642,2.4604604604604603,0.0210859370454482,16.643,8.357,5.991835955710955,0.3342800000000001,0.2841344774886064,0.0091523118351427,0.2122808887874017,0.2125638145410041,0.3668256304471912
graph_0100_mu_0_3_node_384,28,0.0582010582010582,0.0012791118530965,0.408923454768727,2.4454454454454453,0.0189830759033933,16.142,11.858,6.248485450359754,0.4235,0.2449906202950485,0.0142817227622994,0.2955832023229071,0.2959845285155367,0.169301776149652
graph_0100_mu_0_3_node_825,19,0.1695906432748538,0.0004655038840636,0.3870592793490895,2.583583583583584,0.0133284783676581,13.281,5.719,5.302933405483405,0.3009999999999999,0.1307380649352912,0.0066818726270766,0.1882542384573734,0.1884478359923755,0.1783845005389194
graph_0100_mu_0_3_node_19,21,0.0584795321637426,0.0006844812161976,0.389018691588785,2.5705705705705704,0.0125191751747427,11.678,9.322,4.807868939393939,0.4439047619047618,0.1845963434681338,0.011386294337103,0.3133645663905983,0.3136800274499348,0.1071573725265012
graph_0100_mu_0_3_node_694,22,0.1125541125541125,0.0007575789718242,0.4159034138218151,2.4044044044044046,0.0197060212244909,12.205,9.795,5.021642857142857,0.4452272727272727,0.2195089169826436,0.0118775296033485,0.316289274063484,0.3166207389175741,0.1322211900455758
graph_0100_mu_0_3_node_296,24,0.0797101449275362,0.0008133552759687,0.4122988031366075,2.4254254254254253,0.0226536262355465,15.628,8.372,5.651001931401932,0.3488333333333333,0.0473052510081512,0.0107338465346604,0.2235993368482491,0.2238827534152367,0.0609283030869844
graph_0100_mu_0_3_node_156,30,0.0827586206896551,0.0010994303353469,0.4377738825591586,2.284284284284284,0.0323321317032606,18.623,11.377,6.612949425574426,0.3792333333333333,0.0641512480643076,0.014620018026671,0.2490078719613941,0.2493930266489491,0.0680147721006844
graph_0100_mu_0_3_node_653,34,0.1176470588235294,0.0018439958631335,0.4167709637046308,2.3993993993994,0.0200629701393057,22.17,11.83,7.584585561903983,0.3479411764705882,0.261047771798773,0.0142156804327906,0.2241943897332137,0.2245949535432785,0.2930439186148542
graph_0100_mu_0_3_node_560,17,0.0735294117647058,0.0004757399574699,0.4216969185310257,2.3713713713713718,0.0208836320952575,8.6,8.4,3.9155507215007215,0.4941176470588235,0.0777318263630966,0.0108468999222342,0.3669982629143688,0.367282479377319,0.0376163518400238
graph_0100_mu_0_3_node_516,41,0.1268292682926829,0.0021928163735316,0.4457831325301205,2.2432432432432434,0.0456021460103865,30.532,10.468,9.575833767556832,0.2553170731707316,0.0596597685409478,0.013340878216126,0.1522558864884793,0.1526105701989748,0.1278888198375241
graph_0100_mu_0_3_node_933,20,0.0915032679738562,0.0005774174126001,0.398961661341853,2.5065065065065064,0.015026046255941,12.888,7.112,5.005302808302808,0.3555999999999999,0.2362051776334381,0.0093074553586579,0.2337969414119832,0.2340376647105533,0.1736492972917841
graph_0100_mu_0_3_node_808,20,0.1210526315789473,0.0005911393677613,0.4251063829787234,2.3523523523523524,0.0254406479500222,13.412,6.588,5.09193722943723,0.3294,0.0380333869136433,0.0085311875193392,0.209016773121035,0.2092397829545711,0.0524916478598008
graph_0100_mu_0_3_node_938,66,0.1096230158730158,0.0052455885012772,0.4705605275553462,2.125125125125125,0.0494929462753901,47.252,18.748,14.072111158698752,0.2840606060606061,0.2132944474678532,0.0224117110415025,0.1736642598881942,0.1742998755772157,0.3576619719324655
graph_0100_mu_0_3_node_980,26,0.1521739130434782,0.0006445903180111,0.4183417085427136,2.3903903903903903,0.0255615441169609,17.294,8.706,6.5477281385281385,0.3348461538461539,0.1009324037648677,0.0101568750305953,0.214950937320477,0.2152456733115227,0.1186662190814087
graph_0100_mu_0_3_node_777,31,0.083743842364532,0.0012408058918923,0.4100985221674877,2.4384384384384385,0.0226392476162406,19.701,11.299,7.229982507396284,0.3644838709677419,0.2391185670471503,0.0133923674966219,0.2413889368759691,0.2417714467342946,0.2198931337619304
graph_0100_mu_0_3_node_480,17,0.1691176470588235,0.0004626042681214,0.4046172539489672,2.4714714714714714,0.019496300530353,11.999,5.001,5.229178571428571,0.2941764705882352,0.0293845291500031,0.0063413321989858,0.182951347332785,0.1831206324343361,0.0469340098168881
graph_0100_mu_0_3_node_262,24,0.1340579710144927,0.0005510797591035,0.4099302421009438,2.43943943943944,0.0271025579410426,17.824,6.176,6.328942857142857,0.2573333333333333,0.0348408409102476,0.0079180810255043,0.1534522926785714,0.1536614273812664,0.0709569989296376
graph_0100_mu_0_3_node_987,27,0.131054131054131,0.0008544148545366,0.4251063829787234,2.3523523523523524,0.0334344275242477,18.609,8.391,6.462827597402598,0.3107777777777777,0.0476631627221241,0.0107734682396441,0.1935387044316023,0.1938228196201019,0.0743032794029273
graph_0100_mu_0_3_node_889,21,0.119047619047619,0.0005561591716112,0.408923454768727,2.4454454454454453,0.0223917999677014,13.391,7.609,5.045200757575757,0.3623333333333334,0.0430697523530295,0.0096916948890098,0.2349550782562018,0.2352126372154901,0.0524347608291796
graph_0100_mu_0_3_node_479,21,0.1285714285714285,0.0006426403523336,0.4229466553767993,2.364364364364364,0.0221787455808943,13.542,7.458,5.144087878787879,0.3551428571428571,0.0850437157612916,0.0089017444309153,0.2302973758139492,0.2305498241568123,0.0968322097578751
graph_0100_mu_0_3_node_929,34,0.1229946524064171,0.0013634900157659,0.4345367551109177,2.3013013013013013,0.0419290233332338,22.159,11.841,7.556212762237762,0.348264705882353,0.0694629972021884,0.0156273236144942,0.2236705980137206,0.2240715397976693,0.0892719825567579
graph_0100_mu_0_3_node_12,22,0.1082251082251082,0.000791600177596,0.4085889570552147,2.4474474474474475,0.0175873364478353,13.812,8.188,5.250561294261295,0.3721818181818181,0.1854147866045095,0.0101185776937027,0.2458845581353553,0.2461617060796848,0.1618574054948271
graph_0100_mu_0_3_node_26,23,0.1343873517786561,0.0006167119618118,0.3978494623655914,2.5135135135135136,0.0200224071380781,14.955,8.045,5.7310355450105455,0.3497826086956522,0.092794508556436,0.0094929360002831,0.226966911914824,0.2272392409808365,0.1053881274493168
graph_0100_mu_0_3_node_550,29,0.1157635467980295,0.0014585262068013,0.4067589576547231,2.4584584584584586,0.0164624368963722,19.293,9.707,6.899052033239378,0.3347241379310344,0.2155305591168967,0.0114463168709423,0.2145954158618525,0.2149240657798908,0.2568918985962525
graph_0100_mu_0_3_node_959,57,0.0808270676691729,0.004296271226403,0.4703389830508475,2.126126126126126,0.0486162266718971,39.836,17.164,12.236643731974192,0.3011228070175438,0.0985517513366275,0.0224138276467894,0.186530512156574,0.1871121919079639,0.1632468466067718
graph_0100_mu_0_3_node_756,17,0.1617647058823529,0.00047201340509,0.41625,2.4024024024024024,0.0209712361577638,11.15,5.85,4.474203968253967,0.3441176470588235,0.033670552035216,0.0076313440446155,0.2212919654796239,0.2214899714979394,0.0423081733780985
graph_0100_mu_0_3_node_503,23,0.1095238095238095,0.0005840561944934,0.383199079401611,2.6096096096096097,0.0146172648006535,15.091,7.909,5.489402597402597,0.3438695652173913,0.1286945966112992,0.0086446986330008,0.2189056122314873,0.2191733548428774,0.1594806118535871
graph_0100_mu_0_3_node_782,23,0.075098814229249,0.0009953258958346,0.3994402239104358,2.503503503503504,0.0144972531132902,11.449,11.551,4.9366688644688645,0.5022173913043477,0.2399199581375235,0.0141111578815301,0.3729418082922868,0.3733326440251865,0.110002944895785
graph_0100_mu_0_3_node_698,20,0.1894736842105263,0.000517766625428,0.4099302421009438,2.43943943943944,0.0227097416280432,14.744,5.256,5.568008658008658,0.2628,0.0298575467738114,0.0069174352137466,0.1576645264442851,0.1578424792082802,0.0605646859960775
graph_0100_mu_0_3_node_339,19,0.1812865497076023,0.0003461632344657,0.4016887816646562,2.4894894894894897,0.027969910691085,13.866,5.134,5.406315476190475,0.2702105263157894,0.0303097577753613,0.0067435793142723,0.1634976296310973,0.1636714413273521,0.0575523719447444
graph_0100_mu_0_3_node_388,23,0.2619047619047619,0.0005221391620687,0.3953304313415117,2.5295295295295297,0.0189764796792553,16.993,6.007,6.320400396825397,0.2611739130434782,0.2064254168330484,0.0065554650804442,0.1569616970695395,0.1571650958905227,0.3681816812057661
graph_0100_mu_0_3_node_964,31,0.1978494623655914,0.0012397864471611,0.4018503620273532,2.4884884884884886,0.01808783757917,20.847,10.153,7.131205117105118,0.327516129032258,0.3496423333629538,0.0108067994778726,0.2061554273195123,0.2064992218189921,0.4913308383132374
graph_0100_mu_0_3_node_165,27,0.1481481481481481,0.0009404833998524,0.436054124836316,2.293293293293293,0.0404200448708882,17.356,9.644,6.208346715784216,0.3571851851851852,0.056518559629366,0.0127158106144701,0.2313181975810551,0.2316446841335045,0.068595286536408
graph_0100_mu_0_3_node_85,21,0.0523809523809523,0.0008273245438989,0.4013660104459622,2.4914914914914914,0.0175885693075234,13.809,7.191,5.24419696969697,0.3424285714285714,0.0416512642452353,0.0092895091214785,0.2199398039437289,0.2201832222299829,0.0438461786342119
graph_0100_mu_0_3_node_217,18,0.0718954248366013,0.0005455055932472,0.3846746245668078,2.5995995995996,0.0115105252512204,9.333,8.667,4.093255894105894,0.4815,0.3101358531334026,0.0112309316638347,0.3542350384742902,0.3545282976493576,0.1245527784476241
graph_0100_mu_0_3_node_105,16,0.15,0.000464517229678,0.4029850746268656,2.4814814814814814,0.016008524916848,11.164,4.836,4.803261471861473,0.30225,0.1243187907108289,0.0059811990710149,0.1901921212682019,0.190355812272531,0.1554319086550948
graph_0100_mu_0_3_node_364,28,0.119047619047619,0.0009872821619402,0.4332176929748482,2.3083083083083085,0.0310268321849135,20.669,7.331,7.16887264957265,0.2618214285714285,0.0423777370468734,0.0092661781034943,0.1576182739748326,0.1578665441910092,0.0835101093839539
graph_0100_mu_0_3_node_430,22,0.1558441558441558,0.0006050822666628,0.4274711168164313,2.339339339339339,0.036293734619034,12.929,9.071,5.203335958485959,0.4123181818181818,0.0533842208663825,0.0118650371709706,0.2835752603791434,0.2838822555768981,0.0466121490797832
graph_0100_mu_0_3_node_743,33,0.1204301075268817,0.0016234253249506,0.4171189979123173,2.397397397397397,0.0214901943965557,22.967,10.033,7.863325631386157,0.304030303030303,0.2620814138926958,0.012337853862425,0.1915827305323571,0.191922482730509,0.2993658962423545
graph_0100_mu_0_3_node_451,40,0.132051282051282,0.0020288038993223,0.4258312020460358,2.3483483483483485,0.0277719454837661,27.334,12.666,8.844248485948178,0.31665,0.2062627894923682,0.0138318891866453,0.1973126568885393,0.1977416732219754,0.3163926674994412
graph_0100_mu_0_3_node_727,14,0.2857142857142857,0.0002851003903792,0.383493282149712,2.607607607607608,0.0113129155131467,10.443,3.557,4.708438888888888,0.2540714285714285,0.0810310215576735,0.0043471405498817,0.1526077828333205,0.1527281877928296,0.1484505250580122
graph_0100_mu_0_3_node_935,21,0.2238095238095238,0.0005504446850061,0.3925343811394892,2.5475475475475475,0.0147446644653254,14.943,6.057,5.598459848484849,0.2884285714285714,0.2283262535172569,0.0066344342655693,0.1768164824829786,0.1770215463082088,0.3729563581785738
graph_0100_mu_0_3_node_911,24,0.108695652173913,0.0010030637211734,0.4227676682183665,2.365365365365365,0.0303283647939924,14.217,9.783,5.48140606060606,0.407625,0.0580262362933336,0.0127811489408812,0.2775887050017672,0.2779198166280155,0.0495317838475276
graph_0100_mu_0_3_node_4,26,0.1292307692307692,0.00091233815682,0.4157303370786517,2.4054054054054053,0.0255123997589436,18.737,7.263,6.8648010822510805,0.2793461538461538,0.0424710095372966,0.0092614757769398,0.171008690259362,0.1712546233095367,0.074989347762863
graph_0100_mu_0_3_node_326,23,0.1778656126482213,0.0005985748277379,0.4208087615838247,2.3763763763763763,0.0268674516802417,17.919,5.081,6.858536507936507,0.2209130434782608,0.029621623231015,0.0065105608774955,0.1290118313313782,0.1291838950340411,0.0745399196360868
graph_0100_mu_0_3_node_907,20,0.1631578947368421,0.0006874597420008,0.4208087615838247,2.3763763763763763,0.0305989454736189,13.655,6.345,5.163190476190477,0.31725,0.0375248554440109,0.0083432079835834,0.1993367511085478,0.1995515419687627,0.0539554936510373
graph_0100_mu_0_3_node_619,24,0.1666666666666666,0.0005642300580012,0.4278372591006424,2.3373373373373374,0.0375538470354139,15.823,8.177,5.786095504495505,0.3407083333333333,0.0480395742415924,0.0107180683946968,0.2179276426239313,0.2182044604456462,0.0645066353395693
graph_0100_mu_0_3_node_325,21,0.2857142857142857,0.0004865455768705,0.3855654187572366,2.5935935935935936,0.0129214668705322,14.87,6.13,5.5652333333333335,0.2919047619047619,0.2065714388367948,0.0067232798680966,0.1791108541634933,0.1793183885795743,0.3412577245286785
graph_0100_mu_0_3_node_506,33,0.178030303030303,0.0011523337317943,0.4095940959409594,2.4414414414414414,0.0232196124334751,23.523,9.477,7.74437212885154,0.2871818181818182,0.15454363414026,0.0103495089191942,0.1749693739457893,0.1752903513087059,0.2768052774774869
graph_0100_mu_0_3_node_108,23,0.1619047619047619,0.0006246063579313,0.4141791044776119,2.414414414414414,0.0233039418098046,14.78,8.22,5.449405663780665,0.3573913043478261,0.0468293831786571,0.0107922546090442,0.2312828839221976,0.2315611390715668,0.054306514589321
graph_0100_mu_0_3_node_143,34,0.1568627450980392,0.001377823647931,0.4379658044717229,2.2832832832832834,0.040243831385627,25.859,8.141,8.498838922188924,0.2394411764705882,0.0468628254145984,0.0103038072945935,0.1413782391113962,0.1416540264115895,0.1083655153410566
graph_0100_mu_0_3_node_832,20,0.0842105263157894,0.0005941817880238,0.4209860935524652,2.3753753753753752,0.0213706268918618,10.472,9.528,4.453127705627705,0.4764,0.0526386848774112,0.0127243928364522,0.343465549878713,0.3437879590774424,0.0350028806409819
graph_0100_mu_0_3_node_860,22,0.0865800865800865,0.0008520690853954,0.425287356321839,2.3513513513513518,0.0246527088084898,13.3,8.7,5.135276779429721,0.3954545454545454,0.0490117913147388,0.0114937051395804,0.2660095184818541,0.2663039786291823,0.0485212434762928
graph_0100_mu_0_3_node_878,84,0.067750677506775,0.0089386262310782,0.4894659480646742,2.043043043043043,0.0669813550051559,61.319,22.681,17.65212878369347,0.2700119047619048,0.1316007548972824,0.0292240033579723,0.1635552020206727,0.1643246877671796,0.2505576139309426
graph_0100_mu_0_3_node_699,19,0.2105263157894736,0.0004397772725735,0.3881118881118881,2.5765765765765765,0.0132273136737791,13.044,5.956,5.002054148629148,0.3134736842105262,0.13374981119952,0.0073874057822771,0.1966815105542793,0.1968831287810849,0.1780733304209742
graph_0100_mu_0_3_node_783,22,0.1210526315789473,0.0007621290164205,0.396271320904403,2.523523523523524,0.0141786728470314,13.421,8.579,5.211602716727717,0.3899545454545455,0.2681645165232137,0.0112512276547719,0.2638919881142322,0.2641823493504744,0.1729151876907748
graph_0100_mu_0_3_node_93,53,0.0537010159651669,0.0040987988117178,0.4580467675378267,2.1831831831831834,0.0405878105680273,36.841,16.159,11.502726673769986,0.3048867924528301,0.093339559651925,0.0210135697321462,0.1900508141336059,0.1905983442494435,0.1434274572890606
graph_0100_mu_0_3_node_816,18,0.0522875816993464,0.0004190632313708,0.3863109048723898,2.5885885885885886,0.0137405407153287,11.355,6.645,4.587514935064935,0.3691666666666666,0.0382325754654795,0.0085908582564179,0.2425307717846506,0.2427556779023229,0.0250954525390762
graph_0100_mu_0_3_node_762,37,0.1021021021021021,0.0016753559258529,0.4441974210760337,2.2512512512512517,0.04661808246594,22.971,14.029,7.968183257746725,0.3791621621621621,0.0821761046939333,0.0185190838357642,0.2498178651458562,0.2502928566502687,0.0885960452213629
graph_0100_mu_0_3_node_439,18,0.1111111111111111,0.0005755804126108,0.4126394052044609,2.4234234234234235,0.0247506114575559,10.897,7.103,4.427444155844156,0.3946111111111111,0.0421426723137555,0.0092608408410243,0.2655228129047772,0.265763205277903,0.0396338077695516
graph_0100_mu_0_3_node_235,17,0.0735294117647058,0.0005280526962759,0.383199079401611,2.6096096096096097,0.0102817266030316,9.319,7.681,4.01908170995671,0.4518235294117647,0.1742285401355148,0.0093443299207236,0.3223089648933836,0.3225688784645711,0.0988653411628368
graph_0100_mu_0_3_node_553,22,0.2631578947368421,0.0003932201819031,0.3799923925446938,2.6316316316316315,0.013441986108508,16.678,5.322,6.304563492063492,0.2419090909090909,0.1813473779579554,0.0058191396816323,0.1430632007025684,0.1432434099018888,0.3671412156245494
graph_0100_mu_0_3_node_181,25,0.0909090909090909,0.0008655104455107,0.4010437575270975,2.4934934934934936,0.0168078051098854,16.125,8.875,6.191978721441957,0.355,0.2229363303727486,0.0108539191231261,0.2367582888545492,0.2370586999805106,0.1704413731112718
graph_0100_mu_0_3_node_318,23,0.1739130434782608,0.0007880402126036,0.4049452776651804,2.4694694694694697,0.017495459354277,14.726,8.274,5.486301943889444,0.3597391304347826,0.1786323711820315,0.01000355448391,0.2340117690457923,0.2342918473934448,0.1955040377619534
graph_0100_mu_0_3_node_521,19,0.0935672514619883,0.0005163893392204,0.3799923925446938,2.6316316316316315,0.011679228794009,12.296,6.704,4.987290712065713,0.3528421052631579,0.147964399930584,0.007861899379462,0.231226281444032,0.2314531916539972,0.1514209061864611
graph_0100_mu_0_3_node_437,24,0.1594202898550724,0.0008116565176176,0.4165971643035863,2.4004004004004003,0.0337855439537842,15.944,8.056,6.015456277056277,0.3356666666666666,0.0489264230450113,0.0103331663801431,0.2164725744680829,0.2167452890325233,0.0604868192791083
graph_0100_mu_0_3_node_884,26,0.1159420289855072,0.0007674936121972,0.4215189873417722,2.3723723723723724,0.027102074948406,18.963,7.037,7.242111327561327,0.2706538461538462,0.0413354207794188,0.0089281010424115,0.1649371816718769,0.165175466637733,0.0737725216387212
graph_0100_mu_0_3_node_613,23,0.0790513833992094,0.0007892981256327,0.4109419991772933,2.433433433433433,0.0211418065290736,14.048,8.952,5.2904584693084695,0.3892173913043477,0.050988653420039,0.0117275175183327,0.2587351120791771,0.2590381175390154,0.0518954840886013
graph_0100_mu_0_3_node_116,20,0.1105263157894736,0.0005913652382531,0.3893219017926734,2.5685685685685686,0.0138279685839494,10.911,9.089,4.553126207126208,0.4544499999999999,0.3042573578882849,0.010122335112619,0.3198888641778781,0.3201964383983463,0.2066124462169613
graph_0100_mu_0_3_node_126,15,0.0857142857142857,0.0003300992891865,0.3911511354737666,2.5565565565565564,0.0137811163232061,7.843,7.157,3.577958333333333,0.4771333333333333,0.0735145547549228,0.0089710732809339,0.3471418269553202,0.3473839948573235,0.0405706576207433
graph_0100_mu_0_3_node_118,35,0.1042016806722689,0.0018644220920906,0.4402820625826355,2.2712712712712717,0.0412411056642141,22.343,12.657,7.809557727789927,0.3616285714285714,0.0760256614589239,0.0163396229467464,0.2368907279383936,0.2373192656125592,0.0854521488893765
graph_0100_mu_0_3_node_49,26,0.123076923076923,0.0009887192023312,0.4293081220455522,2.329329329329329,0.0257086849417312,16.543,9.457,5.936656421356422,0.3637307692307693,0.1542612150527987,0.010329461794094,0.2353237653171254,0.2356439143042694,0.1851675154928694
graph_0100_mu_0_3_node_330,20,0.2368421052631578,0.0004620910512023,0.4332176929748482,2.3083083083083085,0.0376890170563152,13.982,6.018,5.220365079365079,0.3009,0.0349306853543728,0.0079985254021606,0.1857627197295129,0.1859664521940606,0.0591028129946446
graph_0100_mu_0_3_node_219,24,0.072463768115942,0.0007983413590925,0.4169449081803005,2.3983983983983985,0.0244210880588807,15.114,8.886,5.562170562770564,0.37025,0.0503825505390406,0.0114469526476726,0.2420532295530653,0.2423540246084719,0.0568650933412054
graph_0100_mu_0_3_node_637,27,0.1737891737891738,0.0009330091785223,0.4391208791208791,2.2772772772772774,0.0370301547297571,19.369,7.631,6.66638228021978,0.2826296296296295,0.0431923271563244,0.0097691253279887,0.171900359259313,0.1721587679305266,0.0812183690015441
graph_0100_mu_0_3_node_490,23,0.1146245059288537,0.0008020927914846,0.3863109048723898,2.5885885885885886,0.01195402587756,14.921,8.079,6.15220869065575,0.3512608695652174,0.1823094610124808,0.0092932912261028,0.2308699962675552,0.2311434647416402,0.1845963066598388
graph_0100_mu_0_3_node_352,20,0.0736842105263157,0.0007392542895051,0.4084219133278822,2.448448448448449,0.0172597940526274,11.162,8.838,4.52951825951826,0.4418999999999999,0.0499304517685727,0.0116562394528963,0.3080392382012287,0.3083383274575765,0.0370592976133691
graph_0100_mu_0_3_node_366,22,0.2554112554112554,0.0004758768237896,0.4099302421009438,2.43943943943944,0.0345550291847824,16.893,5.107,6.609403968253968,0.2321363636363636,0.0302908524496385,0.0066161857201563,0.1367211658043434,0.1368940976401616,0.0723919849020119
graph_0100_mu_0_3_node_800,42,0.1166666666666666,0.0020731841086822,0.4220532319391635,2.369369369369369,0.0268382110327265,27.524,14.476,9.231254890055297,0.3446666666666667,0.338477576963471,0.0175290717711679,0.2241714866038517,0.2246617076744359,0.3333655890012459
graph_0100_mu_0_3_node_655,19,0.1695906432748538,0.000545068994477,0.4129805704836709,2.4214214214214214,0.0218476306451446,13.398,5.602,5.538486111111111,0.2948421052631578,0.0330472615609176,0.0070922422061466,0.1835839313059328,0.1837735705325363,0.053454620198844
graph_0100_mu_0_3_node_233,20,0.0842105263157894,0.000651304034568,0.4172932330827067,2.3963963963963963,0.0202227207445894,10.423,9.577,4.503524475524476,0.47885,0.2087345571778471,0.011770004183225,0.352156443088602,0.3524804957836147,0.0964167237525999
graph_0100_mu_0_3_node_531,25,0.1266666666666666,0.0009385841747722,0.390234375,2.5625625625625625,0.012572013232966,18.25,6.75,6.790675286314992,0.27,0.1520463382989688,0.0079019645726515,0.1646321381287606,0.1648606978162,0.2556343031885281
graph_0100_mu_0_3_node_419,19,0.3040935672514619,0.0004277465419394,0.4099302421009438,2.43943943943944,0.0348440052628682,14.618,4.382,5.875878571428571,0.2306315789473684,0.0259269032873886,0.0057354457245734,0.1354739727726444,0.1356223396254728,0.062608443029921
graph_0100_mu_0_3_node_952,30,0.0804597701149425,0.0012988136583967,0.4324675324675324,2.3123123123123124,0.0320605462433064,17.355,12.645,6.44937894703336,0.4214999999999999,0.0702526680115316,0.0166969094260774,0.2874971161387981,0.2879251246368745,0.0613024264618319
graph_0100_mu_0_3_node_678,28,0.1666666666666666,0.0008992959023695,0.4247448979591837,2.354354354354354,0.0405093890883072,19.852,8.148,6.823005050505049,0.291,0.047798477067333,0.0107226016034408,0.1785035761286499,0.178779490090022,0.0824249103505436
graph_0100_mu_0_3_node_200,28,0.1455026455026455,0.0007038654924479,0.4258312020460358,2.3483483483483485,0.0396519607462893,19.718,8.282,6.999716394716394,0.2957857142857143,0.0482404079243007,0.010973188961669,0.1825295534239841,0.1828099970659068,0.0819239376654569
graph_0100_mu_0_3_node_13,42,0.0963995354239256,0.0022876929374384,0.4538845979100409,2.2032032032032034,0.0492517855693356,29.124,12.876,9.379207675528807,0.3065714285714285,0.0764561761545796,0.0167998797052613,0.1909271914992132,0.1913633494597298,0.1184699424288329
graph_0100_mu_0_3_node_633,23,0.1818181818181818,0.0007688352778477,0.4062627084180561,2.4614614614614614,0.0210732608711637,14.914,8.086,6.066810397935398,0.3515652173913043,0.2874740362305025,0.0093197081791083,0.2317257172445104,0.2319994204157462,0.275361854712169
graph_0100_mu_0_3_node_304,28,0.1058201058201058,0.0010649486772491,0.4227676682183665,2.365365365365365,0.0258222079765083,18.12,9.88,6.4137643859408575,0.3528571428571428,0.0561804068112471,0.0129897931720723,0.2276179606337121,0.2279524497501706,0.0699428867413524
graph_0100_mu_0_3_node_839,24,0.1195652173913043,0.0009229217915566,0.4039627982207844,2.4754754754754758,0.0181276872230686,13.876,10.124,5.3944994338994325,0.4218333333333334,0.3452401161568582,0.0109106672911351,0.2873283109761762,0.2876709608117279,0.296717732152113
graph_0100_mu_0_3_node_991,40,0.1346153846153846,0.00217170746467,0.4400881057268722,2.2722722722722724,0.0340503931933449,26.579,13.421,8.739725564711632,0.3355249999999999,0.2193303990469696,0.014630664018082,0.2123699444010847,0.2128244881215507,0.3026750550169749
graph_0100_mu_0_3_node_787,24,0.1050724637681159,0.0008223415374527,0.4150394682176984,2.4094094094094096,0.0220696608557731,15.843,8.157,5.939318614718615,0.3398749999999999,0.0468773456561083,0.0105770149495524,0.2176536304755228,0.2179297699034466,0.0614036088037258
graph_0100_mu_0_3_node_130,20,0.0789473684210526,0.000556745393057,0.4104354971240756,2.4364364364364364,0.019975492072256,12.21,7.79,4.691078282828283,0.3895,0.0438263258141944,0.0103881688955618,0.2584292290435391,0.2586928909701151,0.04206086146067
graph_0100_mu_0_3_node_426,30,0.0850574712643678,0.0013294154881037,0.4362445414847161,2.2922922922922924,0.0287069865074428,18.764,11.236,6.678884723120017,0.3745333333333334,0.064234621266181,0.0146486448478307,0.2458275949716217,0.2462079776462223,0.0713282351553043
graph_0100_mu_0_3_node_103,32,0.1653225806451612,0.001390077678389,0.4111111111111111,2.4324324324324325,0.0221632668776408,19.622,12.378,6.999747016382311,0.3868125,0.4296160481929532,0.0131254429448165,0.2559961916923973,0.2564152337870302,0.437753542833608
graph_0100_mu_0_3_node_484,17,0.1102941176470588,0.0003191714778561,0.3909980430528376,2.557557557557557,0.0149463584053682,12.447,4.553,4.978882936507937,0.2678235294117647,0.0258057713978408,0.0060238612951063,0.1612919301372833,0.1614460639647151,0.0521632114217714
graph_0100_mu_0_3_node_38,19,0.2280701754385964,0.0003545953288014,0.4028225806451613,2.4824824824824825,0.0209230726880284,11.61,7.39,4.861565007215008,0.3889473684210526,0.0833602590869239,0.0088346124675392,0.26070366028742,0.2609537718964507,0.0815190350149038
graph_0100_mu_0_3_node_734,68,0.0649692712906058,0.0057338077071624,0.466822429906542,2.1421421421421423,0.0494323797557929,50.373,17.627,14.758061433069756,0.2592205882352941,0.1025935148851877,0.0226739150955208,0.1558126564226145,0.1564104202187775,0.2082163511343873
graph_0100_mu_0_3_node_589,50,0.0995918367346938,0.003434870447282,0.4416445623342175,2.264264264264264,0.0355310666089064,33.694,16.306,10.817069945063686,0.32612,0.1868138944006876,0.0193247821139341,0.2066929528550951,0.207245343152754,0.2490355316075733
graph_0100_mu_0_3_node_937,21,0.1285714285714285,0.0007109709619432,0.4124690338563171,2.4244244244244246,0.022212417599292,13.87,7.13,5.286118181818181,0.3395238095238095,0.0416078658047933,0.0091513559447245,0.2182062941087346,0.218447647262869,0.0530495445412878
graph_0100_mu_0_3_node_807,43,0.1146341463414634,0.0021397085343693,0.4172932330827067,2.3963963963963963,0.0249358905630843,30.071,12.929,9.884329727205635,0.3006744186046511,0.3076433534433747,0.0154171193580819,0.189360042247201,0.1897979797450789,0.3819644102795389
graph_0100_mu_0_3_node_597,41,0.0792682926829268,0.0025391906388541,0.4428191489361702,2.2582582582582584,0.0346138955799228,27.323,13.677,9.031403054100448,0.3335853658536586,0.0793241266743556,0.0176573299616924,0.2126842265924624,0.2131474339710506,0.1060451909286065
graph_0100_mu_0_3_node_617,32,0.0866935483870967,0.0013909102152707,0.4307891332470893,2.3213213213213213,0.0324950669481846,21.405,10.595,7.322355377955379,0.33109375,0.0602399129783013,0.0136682296638923,0.210116821726663,0.2104755789513701,0.0800492628566763
graph_0100_mu_0_3_node_568,38,0.1285714285714285,0.0018751072534595,0.4095940959409594,2.4414414414414414,0.020181058922991,26.603,11.397,8.708282210283324,0.299921052631579,0.2871095315256901,0.0143969496307899,0.1870267179815167,0.1874127341313691,0.3622930086651172
graph_0100_mu_0_3_node_167,22,0.1631578947368421,0.0005392693532989,0.3761295180722891,2.6586586586586587,0.0107046765222183,15.129,6.871,5.661855860805861,0.3123181818181818,0.2343275940810485,0.0089855565583204,0.1975180413064236,0.1977506470758572,0.2335691750924377
graph_0100_mu_0_3_node_36,25,0.1066666666666666,0.0010567522801211,0.4227676682183665,2.365365365365365,0.0237276736440887,12.903,12.097,5.355643928783635,0.48388,0.396319036417363,0.0137490132402948,0.3497566347678932,0.3501659811922272,0.2301680780624752
graph_0100_mu_0_3_node_289,21,0.1142857142857142,0.0006456826835773,0.3996,2.5025025025025025,0.015460889021246,12.8,8.2,4.990034216029068,0.3904761904761904,0.1826400059851163,0.0096995045094231,0.2628452559568641,0.2631227887792017,0.1556025208358704
graph_0100_mu_0_3_node_370,17,0.1911764705882352,0.000287060578967,0.4067589576547231,2.4584584584584586,0.0215181505732558,12.519,4.481,5.158683333333333,0.2635882352941177,0.0256400715905014,0.0058292437115046,0.158645945109766,0.1587976418256218,0.0518621362645699
graph_0100_mu_0_3_node_588,22,0.1105263157894736,0.0006188902688801,0.3846746245668078,2.5995995995996,0.0119552235073772,14.255,7.745,5.518403601953602,0.3520454545454545,0.2698816931635439,0.0098869467731758,0.2317569475998329,0.232019105673014,0.2007023900353568
graph_0100_mu_0_3_node_711,27,0.1566951566951566,0.0009894748861944,0.4260127931769722,2.3473473473473474,0.0267626012370676,17.39,9.61,6.328111863136865,0.355925925925926,0.1098470170882578,0.0113867221253218,0.2312679715034638,0.231593302679136,0.1262411822495847
graph_0100_mu_0_3_node_473,14,0.0769230769230769,0.0002596722203768,0.3947056499407348,2.5335335335335336,0.0137764422708132,8.667,5.333,3.641289393939394,0.3809285714285714,0.029538888555441,0.007139901427775,0.251823566267268,0.2520040502250275,0.0232849826987177
graph_0100_mu_0_3_node_971,54,0.0747728860936408,0.004131036336373,0.4455842997323818,2.244244244244244,0.039054938697488,31.284,22.716,11.095485549823303,0.4206666666666667,0.2581414934330921,0.0271067479456604,0.289981351491896,0.2907504389787994,0.2061128896530853
graph_0100_mu_0_3_node_271,22,0.0894736842105263,0.0006564499855009,0.3810068649885583,2.6246246246246248,0.0108273797060962,13.921,8.079,5.324649511599511,0.3672272727272727,0.2545622480467696,0.0105099709365513,0.2432104676546679,0.243483925160787,0.1937001428721889
graph_0100_mu_0_3_node_726,23,0.1857707509881423,0.0006333970106808,0.4141791044776119,2.414414414414414,0.0345557933478261,16.34,6.66,5.967818362193362,0.2895652173913043,0.0392255487516398,0.0087174393503866,0.177842228544281,0.1780677195754523,0.0669158297509599
graph_0100_mu_0_3_node_45,23,0.1619047619047619,0.0006085010775407,0.3882627283326856,2.575575575575576,0.0140416857066658,14.243,8.757,5.293397294372295,0.3807391304347826,0.299654352093728,0.0093787323455046,0.2499010067079957,0.250197424112787,0.2969407896115649
graph_0100_mu_0_3_node_389,20,0.0894736842105263,0.0004821264044008,0.4004008016032064,2.497497497497497,0.0181050683820184,14.095,5.905,5.309968975468975,0.29525,0.0339276969479856,0.0076795729934299,0.182005112981541,0.1822050211256894,0.05173818241246
graph_0100_mu_0_3_node_433,20,0.0894736842105263,0.0004684484567557,0.4054383116883117,2.4664664664664664,0.0212570568189165,12.248,7.752,4.687566378066378,0.3876,0.0437057373867603,0.0099360198465191,0.25612510979718,0.2563874883346592,0.0426002851596588
graph_0100_mu_0_3_node_109,30,0.1825396825396825,0.0009861952135691,0.4010437575270975,2.4934934934934936,0.0201194817382206,20.983,9.017,7.211966283716283,0.3005666666666667,0.3107407363003109,0.0098334105907918,0.1862841675093809,0.1865895114299386,0.446695892932672
graph_0100_mu_0_3_node_850,25,0.13,0.0006696910332999,0.4206315789473684,2.3773773773773774,0.025966527170789,18.422,6.578,7.190583333333332,0.26312,0.0384586924568596,0.008355699167855,0.1593515974325081,0.1595743385093107,0.0755924352110803
graph_0100_mu_0_3_node_270,28,0.1428571428571428,0.0008804835615815,0.4315334773218142,2.3173173173173174,0.0350447490394589,18.266,9.734,6.437001748251749,0.3476428571428572,0.0552240085933921,0.0123953553740272,0.2229044445107098,0.2232339989562031,0.0734521772882759
graph_0100_mu_0_3_node_423,28,0.1876923076923076,0.0009268504266362,0.4023358840112767,2.4854854854854853,0.0192539831370083,19.714,8.286,6.901559673659674,0.2959285714285714,0.2842798295965823,0.0090198884541487,0.1826527993381653,0.1829333783608014,0.420919790723781
graph_0100_mu_0_3_node_902,16,0.1833333333333333,0.0003168217599395,0.404126213592233,2.4744744744744747,0.025680510308217,10.772,5.228,4.365600000000001,0.32675,0.0305161670673618,0.0069172403688425,0.2064602008562854,0.2066371575549829,0.0437326272114277
graph_0100_mu_0_3_node_527,22,0.0952380952380952,0.0006979613926835,0.4056029232643118,2.4654654654654653,0.01913744444486,13.084,8.916,5.071882661782662,0.4052727272727271,0.1008256378632323,0.0107127688136688,0.2738800751773955,0.2741818405471112,0.0884726986778352
graph_0100_mu_0_3_node_122,30,0.160919540229885,0.0009957338074344,0.4373905429071804,2.2862862862862863,0.0367707843315379,23.122,6.878,7.785478687978688,0.2292666666666666,0.0388629154650174,0.0088054392616823,0.1339512404705315,0.1341842200509872,0.0990158445948912
graph_0100_mu_0_3_node_469,21,0.0857142857142857,0.0004908710385208,0.392688679245283,2.5465465465465464,0.0181833544161207,14.074,6.926,5.183248717948718,0.3298095238095237,0.0390285694847459,0.0088899865172049,0.2078982216293521,0.2081326834651698,0.0567291921176752
graph_0100_mu_0_3_node_169,23,0.1620553359683794,0.0006038550298595,0.4117889530090684,2.4284284284284285,0.0261784821335568,17.017,5.983,6.239334523809524,0.2601304347826086,0.034073587465401,0.0076095794529776,0.15581735963376,0.1560199483356093,0.0711756886563699
graph_0100_mu_0_3_node_225,27,0.1396011396011396,0.0008891957482806,0.4227676682183665,2.365365365365365,0.0304803332232608,17.845,9.155,6.270853746253746,0.3390740740740741,0.051732682270917,0.0117458475411844,0.2155289882080695,0.2158389440961524,0.0714958342844936
graph_0100_mu_0_3_node_666,47,0.1110083256244218,0.002857680987677,0.4593103448275862,2.1771771771771773,0.0562444851662635,32.014,14.986,10.276596394563915,0.3188510638297872,0.0893339645265795,0.019422644715682,0.2007976376992094,0.201305297397829,0.1280857720736174
graph_0100_mu_0_3_node_280,40,0.1205128205128205,0.0021972029892343,0.4512195121951219,2.216216216216216,0.0532897491054203,26.364,13.636,8.763393082150051,0.3409,0.0809096241727671,0.0178230034293844,0.2183541818828321,0.2188159757731362,0.1027026670955533
graph_0100_mu_0_3_node_820,25,0.12,0.0008841936222313,0.4242038216560509,2.3573573573573574,0.0323306219540366,15.965,9.035,6.062371114996115,0.3614,0.0542380418178692,0.011649724133158,0.2376645435354463,0.2379703828865806,0.0610414764200116
graph_0100_mu_0_3_node_761,23,0.1383399209486166,0.0008770570263059,0.3908450704225352,2.558558558558558,0.0129226564385812,13.902,9.098,5.327391820516086,0.3955652173913043,0.2876989491818447,0.0119503350620466,0.2683112183662208,0.2686191478412793,0.2112942225567437
graph_0100_mu_0_3_node_936,37,0.0675675675675675,0.0015235992501046,0.4300473525613431,2.325325325325325,0.0386458805115195,25.085,11.915,8.27661632373045,0.322027027027027,0.0697274082065468,0.0157047042295164,0.2023080319476017,0.2027115590646783,0.0968171785182562
graph_0100_mu_0_3_node_846,19,0.0818713450292397,0.0006079575833292,0.4013660104459622,2.4914914914914914,0.016415967233378,10.712,8.288,5.043415065490066,0.4362105263157894,0.1757956721105884,0.0104394236346847,0.315224965061476,0.3155054149678724,0.0888670516856629
graph_0100_mu_0_3_node_356,25,0.1633333333333333,0.0006987731553983,0.4109419991772933,2.433433433433433,0.029853164134453,20.41,4.59,7.882798076923077,0.1836,0.0266541751610216,0.00577508240928,0.1043070124261185,0.1044624796694591,0.087691825535479
graph_0100_mu_0_3_node_564,26,0.1569230769230769,0.0008663210693049,0.4114497528830313,2.4304304304304303,0.0278317862318625,19.57,6.43,7.068650793650793,0.2473076923076923,0.0372723545326833,0.0080807135759688,0.1473305791440263,0.1475483314887316,0.0808145150686239
graph_0100_mu_0_3_node_901,19,0.1403508771929824,0.0005707004393453,0.3981666002391391,2.5115115115115114,0.0191698808383281,13.023,5.977,4.991948443223443,0.314578947368421,0.0341561048404376,0.0077963660052393,0.1967931471587185,0.1969954775666423,0.0511450487402123
graph_0100_mu_0_3_node_629,50,0.1330612244897959,0.0030729928397501,0.439894319682959,2.273273273273273,0.0341445657431288,34.91,15.09,10.804233941243512,0.3017999999999999,0.2451327162842597,0.016537106598213,0.1857805588680382,0.1862918720109793,0.4079252745393945
graph_0100_mu_0_3_node_781,36,0.1158730158730158,0.0016405468305529,0.4351045296167247,2.2982982982982985,0.0439478352570606,24.739,11.261,8.214643785626139,0.3128055555555555,0.0669589105957191,0.0146969169574973,0.195896991075081,0.1962783669839655,0.0980324957230112
graph_0100_mu_0_3_node_2,31,0.1978494623655914,0.0012282543559109,0.4033104561970125,2.47947947947948,0.0180492693601251,20.848,10.152,7.101253160728161,0.3274838709677418,0.3494995335511595,0.0108232851068697,0.2060801053493546,0.2064238664839276,0.4897970201987828
graph_0100_mu_0_3_node_590,20,0.1210526315789473,0.0005769482073078,0.4160766347355268,2.4034034034034035,0.0212333333703461,11.108,8.892,4.573280164280164,0.4445999999999999,0.1005032438812247,0.0106424863606638,0.3113737709122192,0.3116746834569917,0.0732739447384728
graph_0100_mu_0_3_node_841,23,0.1976284584980237,0.0004402432118022,0.4138359569179785,2.4164164164164164,0.0331837359048383,17.823,5.177,6.590604761904762,0.2250869565217391,0.0303815299581892,0.0068361559506524,0.1313926585415658,0.1315679733607149,0.077388422985825
graph_0100_mu_0_3_node_313,28,0.0925925925925925,0.0012445816468941,0.4052738336713996,2.4674674674674675,0.0166077121264148,16.591,11.409,6.2546688159277934,0.4074642857142856,0.3872817896883235,0.0134323338251417,0.2781400219875613,0.27852618482684,0.2953773597055415
graph_0100_mu_0_3_node_55,57,0.1474747474747474,0.0037593405094206,0.4465802413947251,2.239239239239239,0.0398960239278867,38.857,18.143,12.027070065995384,0.3182982456140351,0.2958434053793151,0.0198227916988009,0.1986313022706274,0.1992461136042889,0.4376934888949409
graph_0100_mu_0_3_node_460,19,0.2456140350877192,0.0004426777182852,0.3923802042419481,2.5485485485485486,0.0169992367060055,13.788,5.212,5.498199999999999,0.2743157894736842,0.1801866270029952,0.005649622867042,0.1667823895444151,0.1669588391628876,0.3160405753065393
graph_0100_mu_0_3_node_994,19,0.0935672514619883,0.0005026027498489,0.4084219133278822,2.448448448448449,0.0213616712489612,11.73,7.27,4.793447582972584,0.3826315789473684,0.0414258785782887,0.0094365324336595,0.2552200109258057,0.2554660649760695,0.0416248027950806
graph_0100_mu_0_3_node_97,27,0.1652421652421652,0.001169132555758,0.421875,2.3703703703703702,0.023434916309208,16.467,10.533,6.1463990009990015,0.390111111111111,0.3609201420547975,0.0114844020935205,0.2603551322602626,0.2607116702835733,0.3418153737655667
graph_0100_mu_0_3_node_593,25,0.1066666666666666,0.0007772273420393,0.4095940959409594,2.4414414414414414,0.0226809377228161,18.535,6.465,7.088259740259739,0.2585999999999999,0.0380431562501662,0.0082174537039875,0.1562496486880961,0.1564685658702507,0.0766282846447154
graph_0100_mu_0_3_node_365,27,0.2051282051282051,0.0010920146790754,0.4169449081803005,2.3983983983983985,0.0207772153212908,17.852,9.148,6.345829245754247,0.3388148148148149,0.3099940961662476,0.0100317951799651,0.2159003496611512,0.216210065310453,0.3940269364021151
graph_0100_mu_0_3_node_212,21,0.1238095238095238,0.0007097691534605,0.3911511354737666,2.5565565565565564,0.0147946936422585,14.107,6.893,5.836690268065268,0.3282380952380951,0.1982179514982751,0.0089447339470019,0.2156405649697797,0.2158738818366127,0.1845639598220475
graph_0100_mu_0_3_node_675,29,0.1108374384236453,0.0013103590231396,0.4121287128712871,2.4264264264264264,0.0201939188457798,15.669,13.331,6.118463242424929,0.4596896551724138,0.3549386341488063,0.0147343547244919,0.3227980764851911,0.3232492410607415,0.2553152676236092
graph_0100_mu_0_3_node_413,19,0.1111111111111111,0.0005853822219701,0.4024979854955681,2.4844844844844847,0.0191808605064211,11.987,7.013,5.041159951159951,0.3691052631578946,0.0403359116364668,0.0090768492799094,0.2448937454061237,0.2451311049848917,0.0425047661587427
graph_0100_mu_0_3_node_467,18,0.2091503267973856,0.0004007793054597,0.4134933774834437,2.4184184184184185,0.0220388838217977,12.128,5.872,4.796178571428571,0.3262222222222223,0.0672766292210547,0.0069781435860013,0.2068367929819313,0.2070355560877679,0.0898704536654279
graph_0100_mu_0_3_node_47,33,0.0568181818181818,0.001449244375305,0.4216969185310257,2.3713713713713718,0.0260405665946623,24.024,8.976,8.000306927386339,0.272,0.0517822739760232,0.0116330508868276,0.1648553790815809,0.1651593978772685,0.0805333636750718
graph_0100_mu_0_3_node_790,16,0.1583333333333333,0.0003039900342339,0.4056029232643118,2.4654654654654653,0.0176211839192662,9.361,6.639,3.925180952380952,0.4149375,0.0751020460613146,0.0079922938976352,0.2833275475027141,0.2835522211198151,0.0624365084724523
graph_0100_mu_0_3_node_946,30,0.1034482758620689,0.0012224861645573,0.4104354971240756,2.4364364364364364,0.0221020948224018,19.781,10.219,7.0612765518794935,0.3406333333333333,0.1184031844787586,0.0120072569159058,0.2195519693821354,0.2198979529715621,0.1419171208359343
graph_0100_mu_0_3_node_27,31,0.0967741935483871,0.0011894109248146,0.4186923721709975,2.3883883883883885,0.0301334563740562,22.9,8.1,7.684729603145391,0.2612903225806451,0.046639150878783,0.0102615158282505,0.1569510221135711,0.157225365670452,0.0949166246034097
graph_0100_mu_0_3_node_537,19,0.088235294117647,0.0005995301222375,0.3984842441164739,2.5095095095095097,0.0148382756646174,11.689,7.311,4.630409118659119,0.3847894736842105,0.2284508400733747,0.0095167542087007,0.258313062400405,0.2585605012757639,0.1506403998489733
graph_0100_mu_0_3_node_514,32,0.1491935483870967,0.0010100948009403,0.4233050847457627,2.3623623623623624,0.034578787517299,24.066,7.934,7.944414635656741,0.2479375,0.0450210483319004,0.0101684187144773,0.1469782892596849,0.1472470383523001,0.0989917933725123
graph_0100_mu_0_3_node_308,21,0.1,0.0006768228296917,0.4138359569179785,2.4164164164164164,0.0204185352607894,13.535,7.465,5.067147727272727,0.3554761904761905,0.0425941458694946,0.0097652840272944,0.2294439353676682,0.2296966241533806,0.0519827746619938
graph_0100_mu_0_3_node_661,27,0.1766381766381766,0.0008068484688614,0.4236641221374045,2.36036036036036,0.0386636587791673,19.878,7.122,6.950322727272727,0.2637777777777778,0.0423440637874288,0.0092914231740491,0.1589411338046259,0.1591823168826688,0.081301397911965
graph_0100_mu_0_3_node_221,29,0.1354679802955665,0.0012678883308766,0.4111111111111111,2.4324324324324325,0.0191067082659223,16.413,12.587,6.186613205177176,0.4340344827586208,0.4305016877947556,0.0134761087022004,0.2975784765219291,0.2980045045782972,0.3552652373194923
graph_0100_mu_0_3_node_842,22,0.1948051948051948,0.0007043094540777,0.4242038216560509,2.3573573573573574,0.0349903363323369,14.321,7.679,5.594530158730159,0.3490454545454545,0.0463062350708003,0.0098459298540178,0.2271280198762502,0.2273879520220961,0.0553083337685076
graph_0100_mu_0_3_node_651,34,0.1212121212121212,0.0013870596475737,0.4341590612777053,2.3033033033033035,0.0309665064704806,25.084,8.916,8.263964019314018,0.262235294117647,0.0512230657384891,0.0115955479530362,0.15754853619272,0.1578505473372805,0.1041701628913335
graph_0100_mu_0_3_node_287,21,0.119047619047619,0.0005862120609829,0.3884136858475894,2.5745745745745747,0.0157385723069907,13.583,7.417,5.323709848484849,0.3531904761904762,0.2570589030932655,0.0081221132011644,0.2296105791176604,0.2298616375862019,0.2857378570371081
graph_0100_mu_0_3_node_520,26,0.1046153846153846,0.0006856302673236,0.4037995149555375,2.4764764764764764,0.0245075243756517,20.213,5.787,7.291353968253968,0.222576923076923,0.0335733905298331,0.0072943352789466,0.1300214392111399,0.1302174334542389,0.085687719954574
graph_0100_mu_0_3_node_265,21,0.1523809523809524,0.0005885559193481,0.3824655436447167,2.6146146146146148,0.0121657456332617,14.567,6.433,5.635815617715618,0.3063333333333332,0.1459280546297029,0.007491615227415,0.1922212819206661,0.1924390588373591,0.1957400507256016
graph_0100_mu_0_3_node_712,23,0.1778656126482213,0.0007113951870615,0.4265584970111016,2.344344344344344,0.0375457182559108,15.687,7.313,5.692432359307358,0.3179565217391304,0.043063646275462,0.009613588700164,0.1994669173418508,0.1997144977728951,0.0636478464014816
graph_0100_mu_0_3_node_693,32,0.1632183908045977,0.0013082017868821,0.4206315789473684,2.3773773773773774,0.0244551692114293,19.551,12.449,6.962240959040959,0.38903125,0.4296729500795906,0.0132561412782519,0.2575079539401651,0.2579293990485571,0.412178252269846
graph_0100_mu_0_3_node_245,24,0.1340579710144927,0.0007910314358045,0.4216969185310257,2.3713713713713718,0.0318248830565943,14.416,9.584,5.462839294039293,0.3993333333333334,0.0561953986415242,0.0126039343414748,0.2682836735994016,0.2686080643882194,0.0548864331785008
graph_0100_mu_0_3_node_795,23,0.0830039525691699,0.000699979325965,0.4211635750421585,2.374374374374374,0.0254353658786753,12.284,10.716,5.061779648129648,0.4659130434782609,0.0547247297344514,0.0147379338216851,0.3346159204674681,0.3349785414255523,0.0323611299838689
graph_0100_mu_0_3_node_250,17,0.25,0.0003683613588325,0.3744377811094452,2.670670670670671,0.009743229656249,12.356,4.644,4.861992857142857,0.2731764705882353,0.1550975318437445,0.0051790695530307,0.1648055314252756,0.1649627450201078,0.2871244335646813
graph_0100_mu_0_3_node_230,21,0.0761904761904762,0.0006764678390762,0.4153846153846154,2.4074074074074074,0.0222557812236146,11.25,9.75,4.606868123543123,0.4642857142857142,0.0536041868585199,0.0131306571031221,0.3290996486548292,0.3294295879044853,0.0361540696846521
graph_0100_mu_0_3_node_676,23,0.1818181818181818,0.0007268553978561,0.3940828402366864,2.537537537537537,0.0154886948486676,14.273,8.727,5.321477960927961,0.3794347826086957,0.3000963587713416,0.0093071138068268,0.2489893668641593,0.2492847691165537,0.3228077585438108
graph_0100_mu_0_3_node_650,31,0.086021505376344,0.0013611676229889,0.4465802413947251,2.239239239239239,0.0362335693958249,21.846,9.154,7.316137631812631,0.2952903225806451,0.051734845742426,0.0117125127133858,0.1813838003294688,0.1816938060022959,0.0894312502170182
graph_0100_mu_0_3_node_421,17,0.0661764705882353,0.0004911345431948,0.4085889570552147,2.4474474474474475,0.0172568038524586,9.674,7.326,4.008234090909092,0.4309411764705881,0.0410124978349874,0.0097426801905295,0.2976293698860728,0.2978772889746099,0.0285046762452889
graph_0100_mu_0_3_node_375,18,0.1372549019607843,0.0005153334448641,0.4146948941469489,2.411411411411412,0.0281433344383779,10.965,7.035,4.6831000000000005,0.3908333333333333,0.0418839371857335,0.0090895266293502,0.2639769645341899,0.2642150531873949,0.038365459056452
graph_0100_mu_0_3_node_321,34,0.1033868092691622,0.0017874715722938,0.444,2.2522522522522523,0.0435759765143552,19.617,14.383,7.254759173282856,0.4230294117647059,0.0851840863356435,0.0187624104301234,0.2910165522601005,0.2915033969696566,0.0707658091557784
graph_0100_mu_0_3_node_583,31,0.0989247311827957,0.0013996763723505,0.4278372591006424,2.3373373373373374,0.0276870237432976,19.724,11.276,6.9295250406327416,0.3637419354838709,0.1274492834752054,0.0135956543967517,0.2368345640474748,0.2372163232318381,0.1437383926112461
graph_0100_mu_0_3_node_163,39,0.0998650472334682,0.0022852071760315,0.451627486437613,2.214214214214214,0.0371242627415778,26.478,12.522,8.779913163590795,0.3210769230769231,0.0721896260022917,0.0161694997101378,0.2023118824646681,0.2027359819370401,0.10552926466748
graph_0100_mu_0_3_node_561,29,0.0911330049261083,0.0010852506147846,0.4134933774834437,2.4184184184184185,0.0231219798800141,16.238,12.762,6.2578123950138265,0.4400689655172414,0.142013057029714,0.0154492322789013,0.3073092616408038,0.3077411829261103,0.1041560512470858
graph_0100_mu_0_3_node_852,55,0.0962962962962963,0.0031213517414085,0.4601566098572087,2.1731731731731734,0.0554312754609484,40.311,14.689,12.08044647043979,0.2670727272727273,0.083162128161468,0.0187576952359115,0.1605848018995566,0.1610827101339012,0.1696923952702795
graph_0100_mu_0_3_node_63,41,0.117408906882591,0.0019124074532522,0.4469798657718121,2.2372372372372373,0.042769576767078,28.804,12.196,9.175878830925695,0.2974634146341464,0.0691748664153239,0.0155958973407692,0.1829953207329867,0.1834084654429214,0.1160075593923965
graph_0100_mu_0_3_node_720,22,0.1471861471861472,0.0005393990694108,0.4117889530090684,2.4284284284284285,0.0242833628686432,15.972,6.028,5.821139682539682,0.274,0.0342507596004738,0.007940502031467,0.1657033152773091,0.1659074135671678,0.0654440663175697
graph_0100_mu_0_3_node_128,34,0.1491935483870967,0.001420492641571,0.4225888324873096,2.3663663663663663,0.0278729162333776,21.398,12.602,7.42575941003441,0.3706470588235294,0.4344508112289355,0.0134215412391041,0.2416286326437656,0.2420553068641033,0.4617133719172392
graph_0100_mu_0_3_node_858,26,0.1231884057971014,0.0009383616415639,0.3975328292877039,2.5155155155155158,0.016141900512302,18.545,7.455,6.738049072659367,0.2867307692307692,0.1927778668960229,0.0091864181164259,0.1781000498862715,0.1783524705747922,0.2440318081357844
graph_0100_mu_0_3_node_625,23,0.0711462450592885,0.0008007833402515,0.4167709637046308,2.3993993993994,0.0215554072567165,14.495,8.505,5.456261027534558,0.3697826086956521,0.0493581900008528,0.0109662086546516,0.2431451467800153,0.2434330339627819,0.0454102246726082
graph_0100_mu_0_3_node_737,18,0.130718954248366,0.0005553133693635,0.4167709637046308,2.3993993993994,0.0203192105992795,11.349,6.651,4.469735714285714,0.3695,0.0381515687061679,0.008663113889348,0.242037124133473,0.2422622351524972,0.0425874697875671
graph_0100_mu_0_3_node_618,58,0.0701754385964912,0.0040849562723159,0.4625,2.1621621621621623,0.0455992198881024,42.759,15.241,12.710121500016031,0.2627758620689656,0.08731690495455,0.0199950662474444,0.1578187361001312,0.1583354150099902,0.1776633651488944
graph_0100_mu_0_3_node_857,21,0.1619047619047619,0.000564387986708,0.379703534777651,2.6336336336336337,0.0123459310895458,12.448,8.552,4.830233333333333,0.4072380952380952,0.2938877963290862,0.0091691489412974,0.2738542348453751,0.2741436796454708,0.270831496353925
graph_0100_mu_0_3_node_809,24,0.1376811594202898,0.0006906413542349,0.4197478991596639,2.3823823823823824,0.0279166074156111,15.017,8.983,5.554025108225109,0.3742916666666666,0.0510626204235599,0.0114526806128335,0.2453012887754651,0.2456053642944913,0.0583809085909375
graph_0100_mu_0_3_node_555,16,0.0583333333333333,0.0004750417791271,0.386609907120743,2.5865865865865865,0.0116491896320279,8.783,7.217,4.001637873237873,0.4510625,0.1121438488528714,0.0092985975051222,0.3277221262334199,0.3279663284432376,0.0458519405819458
graph_0100_mu_0_3_node_482,25,0.1,0.00080905256865,0.4167709637046308,2.3993993993994,0.027548317985273,17.306,7.694,6.085579365079366,0.30776,0.0433851753381124,0.0098573674499061,0.1906205361648207,0.1908810419924109,0.0700399060244161
graph_0100_mu_0_3_node_25,44,0.1363636363636363,0.0021401643179125,0.4646511627906977,2.1521521521521523,0.0541093456644302,32.737,11.263,10.206953027364792,0.2559772727272726,0.0642326817015093,0.0142857260445302,0.1529367305100501,0.1533183857433109,0.1385261673939055
graph_0100_mu_0_3_node_187,18,0.1176470588235294,0.0004641678255888,0.4051094890510949,2.468468468468469,0.0185869736784919,12.013,5.987,4.682229220779221,0.3326111111111111,0.0340833704926711,0.0078732029780689,0.2110573402907371,0.2112599954037509,0.0432561024980935
graph_0100_mu_0_3_node_515,31,0.1576354679802955,0.0011877926266669,0.4010437575270975,2.4934934934934936,0.0178578472831653,21.325,9.675,7.583444267170736,0.3120967741935483,0.3365133205732801,0.0112439574912519,0.1971230358410737,0.1974506417205117,0.3996059763405471
graph_0100_mu_0_3_node_65,27,0.2136752136752136,0.001114482051448,0.4069246435845214,2.457457457457457,0.0178375736914248,18.635,8.365,6.531462637362638,0.3098148148148147,0.2844705132909939,0.0091672562601089,0.1929543290244895,0.1932375634877002,0.4200426532445234
graph_0100_mu_0_3_node_758,32,0.1068548387096774,0.0014324954700841,0.4229466553767993,2.364364364364364,0.0266706215984102,24.678,7.322,8.621692320751142,0.2288125,0.04299593288722,0.0093309478007066,0.1347837035641296,0.1350317315617309,0.1031455688425921
graph_0100_mu_0_3_node_202,34,0.1105169340463458,0.0013014757463188,0.4267407090986758,2.3433433433433435,0.034668657533541,24.383,9.617,8.043241172716172,0.2828529411764706,0.0547097264408871,0.0124009148958518,0.1726053010214187,0.1729310283209594,0.0991191478701687
graph_0100_mu_0_3_node_692,24,0.1050724637681159,0.0009734447158807,0.3842307692307692,2.6026026026026026,0.0118029066098435,15.298,8.702,5.804924808524808,0.3625833333333333,0.2238273328434764,0.0108201112999846,0.2403465164997659,0.2406410715116147,0.1898455796942108
graph_0100_mu_0_3_node_284,20,0.1736842105263158,0.0005453552347306,0.3786959818043973,2.640640640640641,0.01095662963694,13.539,6.461,5.706781274281274,0.3230499999999999,0.2922024935344633,0.0078287306386626,0.2088301178558387,0.2090488174776872,0.2891737985317381
graph_0100_mu_0_3_node_377,19,0.1052631578947368,0.0004454494092726,0.3848228043143297,2.5985985985985987,0.014592140645619,11.026,7.974,4.662088281163281,0.4196842105263157,0.1134616536755138,0.0103064475669358,0.2915530287050459,0.2918228798452959,0.086565741707949
graph_0100_mu_0_3_node_170,24,0.108695652173913,0.000693616871139,0.4133223003723624,2.41941941941942,0.0218064382948479,17.422,6.578,6.489077056277056,0.2740833333333333,0.0382742565404632,0.0084345416035816,0.1668715861629468,0.167094315465151,0.0675145451527942
graph_0100_mu_0_3_node_696,29,0.1798029556650246,0.0011223090813721,0.4070904645476773,2.4564564564564564,0.0192935767627505,19.153,9.847,6.70248964091464,0.3395517241379309,0.3359287417355147,0.0107890178115535,0.2166301110552088,0.2169635066637399,0.4194978875712324
graph_0100_mu_0_3_node_208,20,0.0947368421052631,0.0005806966647776,0.4100985221674877,2.4384384384384385,0.0198192427531204,13.296,6.704,5.028038461538463,0.3352,0.0385024047904908,0.0087357398533873,0.2133944774452364,0.2136214115241348,0.0476051972363727
graph_0100_mu_0_3_node_855,21,0.1428571428571428,0.0005067834861535,0.4046172539489672,2.4714714714714714,0.0285907227733222,15.167,5.833,5.775716666666666,0.2777619047619047,0.0346238059328692,0.0075906105652353,0.1694400583046245,0.1696375420279166,0.0627219239992923
graph_0100_mu_0_3_node_910,25,0.1733333333333333,0.0008322699002148,0.4263764404609475,2.345345345345345,0.0396604274798225,16.258,8.742,6.006027597402597,0.34968,0.0517663786046627,0.0113984663327017,0.2260056180066629,0.2263015580161461,0.0630890568913079
graph_0100_mu_0_3_node_190,36,0.1428571428571428,0.0016578180375475,0.4597330878969167,2.175175175175175,0.0525193709931916,23.146,12.854,7.950129108971524,0.3570555555555555,0.0764719739222794,0.0167113813168311,0.2320939469827866,0.2325291811672087,0.0918131545401798
graph_0100_mu_0_3_node_753,18,0.0849673202614379,0.0005114216616094,0.3986432561851556,2.5085085085085086,0.0165794042611061,9.634,8.366,4.525462737262736,0.4647777777777778,0.0851665290616334,0.0103139296411783,0.3385261410713472,0.3388092205420945,0.0474731745504009
graph_0100_mu_0_3_node_757,29,0.0738916256157635,0.0013140296128859,0.4341590612777053,2.3033033033033035,0.0310818808866123,17.302,11.698,6.370503644016802,0.4033793103448276,0.0661732651648733,0.0151676679674589,0.2717629641104149,0.2721589346447481,0.0627262221118494
graph_0100_mu_0_3_node_874,89,0.0978038815117466,0.0082387265198926,0.486604968339016,2.055055055055055,0.0862544347601064,69.89,19.11,19.13865786987273,0.2147191011235954,0.1093690931358113,0.0242806589190321,0.1243436099002536,0.1249924911517151,0.3000471304828399
graph_0100_mu_0_3_node_616,14,0.0989010989010989,0.0003023008079267,0.3772658610271903,2.650650650650651,0.0099595958793521,8.111,5.889,3.49085101010101,0.420642857142857,0.1232632948716903,0.0071619342682052,0.2888372628110736,0.2890365478700565,0.0947972923603572
graph_0100_mu_0_3_node_367,30,0.0827586206896551,0.0013502294549238,0.4211635750421585,2.374374374374374,0.025759189728805,21.009,8.991,7.129521312021312,0.2996999999999999,0.0512059906078322,0.0114409624546171,0.1850898226872164,0.1853942913385673,0.080343946599478
graph_0100_mu_0_3_node_135,29,0.1280788177339901,0.001341705105827,0.4039627982207844,2.4754754754754758,0.0158338564001045,20.514,8.486,7.234530292969844,0.2926206896551724,0.2169287451308719,0.0105095985811894,0.1824578099880545,0.1827451590588913,0.2889362788875692
graph_0100_mu_0_3_node_928,20,0.2263157894736842,0.0004736936781183,0.4114497528830313,2.4304304304304303,0.0336614929424597,14.328,5.672,5.610785714285714,0.2836,0.0339855061790977,0.0073153325537291,0.1740676314502091,0.1742596544844544,0.0590396021205577
graph_0100_mu_0_3_node_241,50,0.1028571428571428,0.0027583750183728,0.4534725374489333,2.205205205205205,0.0585347988635123,35.375,14.625,11.093782856105696,0.2925,0.0875632817483701,0.0189328020383928,0.1809513884697521,0.1814469303279797,0.142365884976641
graph_0100_mu_0_3_node_90,26,0.0861538461538461,0.0008554468524275,0.4181665969024696,2.391391391391392,0.0241207874005121,17.822,8.178,6.327791883116882,0.3145384615384615,0.0471638973874403,0.0105858001610041,0.1972532757712107,0.1975301634269049,0.0654771434597908
graph_0100_mu_0_3_node_682,40,0.0897435897435897,0.0019535157106142,0.4373905429071804,2.2862862862862863,0.0432354438762452,27.92,12.08,9.15473579241536,0.302,0.0723854760852782,0.0155855947321609,0.188083981384062,0.1884931535344336,0.1132522897996769
graph_0100_mu_0_3_node_315,25,0.1266666666666666,0.001058914684916,0.4140074595938665,2.4154154154154157,0.020231302275794,15.71,9.29,5.907139260936861,0.3716,0.2097920797704181,0.010921981426556,0.2467011691543102,0.2470156296758578,0.1950965979044039
graph_0100_mu_0_3_node_670,31,0.1440860215053763,0.0011953002554581,0.4345367551109177,2.3013013013013013,0.0416555029608044,20.952,10.048,7.301050779939015,0.3241290322580645,0.0601658933793068,0.012978446473659,0.2055726287379227,0.2059128570342522,0.084083994425465
graph_0100_mu_0_3_node_840,23,0.1,0.000831739322533,0.4171189979123173,2.397397397397397,0.0210246159291126,13.742,9.258,5.388949241771301,0.4025217391304347,0.3876289425511183,0.0116022613764414,0.2759014624732149,0.276214796010284,0.2285208430825809
graph_0100_mu_0_3_node_710,30,0.1057471264367816,0.0011061689736469,0.4195716085678286,2.3833833833833835,0.0258996494333789,20.944,9.056,7.102820233687881,0.3018666666666666,0.0514546372603877,0.0118840877571176,0.1865541902684556,0.1868608587960257,0.085993705684946
graph_0100_mu_0_3_node_968,25,0.09,0.0008578285139344,0.4274711168164313,2.339339339339339,0.0309551483330349,16.14,8.86,5.815517586580087,0.3544,0.0503155875644415,0.0112980807391466,0.2284596587263483,0.228759596010631,0.0590391656977852
graph_0100_mu_0_3_node_42,25,0.08,0.0010360084479827,0.4267407090986758,2.3433433433433435,0.0243490184162398,12.338,12.662,5.252985686290833,0.5064799999999999,0.1363137220251918,0.0157378772520661,0.3742911064440493,0.3747195402394154,0.0703703224726621
graph_0100_mu_0_3_node_91,21,0.1476190476190476,0.000771648216931,0.4015273311897106,2.4904904904904903,0.0142856294714336,13.249,7.751,5.244332575757575,0.3690952380952381,0.2650170382970727,0.0090756384169927,0.2445136904753141,0.2447760393189487,0.2484504006225129
graph_0100_mu_0_3_node_160,17,0.1838235294117647,0.0004273512074526,0.3733183856502242,2.6786786786786787,0.0088495105150514,12.185,4.815,5.759510714285714,0.2832352941176471,0.1119362834463568,0.0054569195219248,0.1768566180150134,0.177019605263539,0.1631995470155086
graph_0100_mu_0_3_node_704,26,0.083076923076923,0.0012703993942815,0.4186923721709975,2.3883883883883885,0.0210373570875819,13.307,12.693,5.557757207524158,0.4881923076923077,0.4139651662664566,0.0152694462413327,0.3587567240728017,0.3591862194320885,0.1937735222340576
graph_0100_mu_0_3_node_242,21,0.1619047619047619,0.0006050883302142,0.3869093725793958,2.5845845845845847,0.01393649133692,11.875,9.125,4.834894696969697,0.4345238095238094,0.3053180719783694,0.0101222991590776,0.3004092501220275,0.3007180620255056,0.2338830669015065
graph_0100_mu_0_3_node_273,35,0.1663865546218487,0.0013775164273825,0.4160766347355268,2.4034034034034035,0.0261056192901317,24.697,10.303,8.043518970065023,0.2943714285714286,0.1674282142311395,0.0112894936872946,0.1801964696651608,0.1805454350132908,0.2899795057700479
graph_0100_mu_0_3_node_802,17,0.0367647058823529,0.0004572732437031,0.3994402239104358,2.503503503503504,0.0148169523065412,10.258,6.742,4.179940223665223,0.3965882352941176,0.0745183097374824,0.0081690590294732,0.2662302175183135,0.2664583896733185,0.0597774046234581
graph_0100_mu_0_3_node_786,21,0.0523809523809523,0.0006720961847597,0.4065934065934066,2.45945945945946,0.0177505670065043,14.89,6.11,5.548530536130536,0.2909523809523809,0.035197114757867,0.0079401691821577,0.1789789044381035,0.1791857604968008,0.0429385343618889
graph_0100_mu_0_3_node_639,20,0.0947368421052631,0.0007524485366504,0.4015273311897106,2.4904904904904903,0.0157165898881424,11.679,8.321,4.631834776334776,0.41605,0.3100388887133498,0.0091475297626017,0.2830736390229782,0.2833552518296995,0.2583616795974944
graph_0100_mu_0_3_node_918,25,0.1466666666666666,0.0008131616831128,0.4265584970111016,2.344344344344344,0.0371852417120091,15.797,9.203,5.985372141747141,0.36812,0.0553568423759249,0.0118350387042117,0.2428313849567185,0.2431429073379069,0.0596481485017562
graph_0100_mu_0_3_node_622,24,0.1702898550724637,0.0007207297517634,0.3893219017926734,2.5685685685685686,0.0150627124204796,14.983,9.017,5.705903030303031,0.3757083333333333,0.3409362580795758,0.0098073805396118,0.2479663231919969,0.2482715419830338,0.3464200149451764
graph_0100_mu_0_3_node_427,21,0.2857142857142857,0.0005246680507441,0.377123442808607,2.6516516516516515,0.0113611818149658,15.672,5.328,6.0196,0.2537142857142857,0.1807226110568838,0.0058125248195304,0.1513558496260187,0.1515362497360714,0.3662446386994485
graph_0100_mu_0_3_node_369,22,0.1125541125541125,0.0007767658909019,0.4204545454545454,2.3783783783783785,0.03200752811415,12.366,9.634,4.905597252747254,0.4379090909090908,0.0558771290658031,0.0127876183973839,0.3038341380177295,0.304160176635955,0.0433644109440898
graph_0100_mu_0_3_node_153,22,0.1558441558441558,0.0006476299873087,0.411619283065513,2.4294294294294296,0.0213227298969236,16.254,5.746,6.65991452991453,0.2611818181818182,0.0338223848449308,0.0072769482573284,0.1581287271311192,0.1583232768711672,0.062397271247506
graph_0100_mu_0_3_node_803,25,0.1185770750988142,0.000812188244218,0.3943939992104224,2.535535535535536,0.0147272460778884,16.617,8.383,6.258098924768042,0.33532,0.2977932971304295,0.0107155048424755,0.2187454365995758,0.2190292175015667,0.2399990102133666
graph_0100_mu_0_3_node_194,71,0.0814151747655584,0.005682436656746,0.4644351464435146,2.1531531531531534,0.0542957652231313,54.653,16.347,15.735979890150793,0.2302394366197183,0.0962116325166297,0.0208901971448641,0.1356584201220166,0.1362129672320416,0.2260906062541624
graph_0100_mu_0_3_node_305,23,0.0988142292490118,0.0009069403098433,0.4387351778656126,2.279279279279279,0.027805436752301,14.832,8.168,5.477332256632257,0.3551304347826087,0.046724358889899,0.0106735469957876,0.229630325886871,0.2299068216878834,0.0568608417865423
graph_0100_mu_0_3_node_147,17,0.0955882352941176,0.0004517148878256,0.3899297423887587,2.5645645645645647,0.0130092717631244,10.093,6.907,4.466233838383839,0.4062941176470588,0.1594913890206231,0.0082395826325798,0.2815263075876466,0.2817600470224577,0.1089825098646429
graph_0100_mu_0_3_node_611,78,0.0922807017543859,0.006190185441938,0.4873170731707317,2.052052052052052,0.0894629846376137,57.496,20.504,16.540925937620983,0.2628717948717949,0.122055489138529,0.0266800423296891,0.1582154454618123,0.1589109954572197,0.2399734795051882
graph_0100_mu_0_3_node_890,25,0.0833333333333333,0.0010240013403638,0.4272882805816937,2.34034034034034,0.0252311274755493,13.894,11.106,5.444658733423439,0.4442399999999999,0.0623314979573504,0.014755700713961,0.310012128651184,0.3103879884380302,0.0435698206827153
graph_0100_mu_0_3_node_30,21,0.119047619047619,0.0007035961642194,0.3820267686424474,2.6176176176176176,0.010381803952376,13.604,7.396,5.258018327505828,0.3521904761904761,0.1835017516626584,0.0092963434702924,0.2308038850717805,0.2310542282090844,0.1727532467224301
graph_0100_mu_0_3_node_518,24,0.1413043478260869,0.0007756590157671,0.3934619929105947,2.541541541541541,0.0148797397645195,14.547,9.453,5.410979620379621,0.393875,0.322977661126879,0.0101164449234558,0.2610755014225295,0.2613954723248335,0.3262799973163587
graph_0100_mu_0_3_node_849,29,0.1527093596059113,0.0011475852623916,0.4347258485639687,2.3003003003003,0.0410470924372608,20.982,8.018,7.196990179265179,0.2764827586206896,0.0474591565682447,0.0104946532488395,0.1681297610585888,0.1684012926770165,0.087067291287299
graph_0100_mu_0_3_node_11,67,0.0872908186341022,0.0055965675994922,0.466822429906542,2.1421421421421423,0.0514523088378032,49.828,17.172,14.557293394570513,0.2562985074626865,0.0991544679691279,0.0222517244052801,0.1534645010340858,0.154046839705302,0.2080395445750879
graph_0100_mu_0_3_node_576,25,0.12,0.000769836088302,0.4285714285714285,2.333333333333333,0.0325531410665476,16.747,8.253,6.039145937395937,0.3301200000000001,0.0467741044964553,0.0106441891341889,0.2090688134952476,0.2093482214438825,0.0663072328691938
graph_0100_mu_0_3_node_277,27,0.1196581196581196,0.0009917977911093,0.4216969185310257,2.3713713713713718,0.0251874756356558,19.652,7.348,6.919891806722689,0.2721481481481481,0.0426007214989264,0.0094798709990295,0.1652064994475571,0.1654553276181072,0.0744422831167565
graph_0100_mu_0_3_node_268,37,0.1426426426426426,0.0020716320469796,0.4377738825591586,2.284284284284284,0.0280684987053074,25.06,11.94,8.443385132243618,0.3227027027027028,0.2803232729018586,0.0143720760395403,0.2056683993549179,0.2060727431320523,0.3271626345207818
graph_0100_mu_0_3_node_332,18,0.196078431372549,0.0004537028654112,0.4039627982207844,2.4754754754754758,0.0289923936593988,12.205,5.795,4.718264285714286,0.3219444444444445,0.0339782704174485,0.0076733733855769,0.2025932412807371,0.2027894021704564,0.0487649752016669
graph_0100_mu_0_3_node_124,37,0.1186186186186186,0.0017086654755141,0.4341590612777053,2.3033033033033035,0.0378247687136191,25.821,11.179,8.42557538850039,0.3021351351351351,0.0637054200546996,0.0142592180874466,0.1868239076112264,0.1872025443270106,0.1062225209374295
graph_0100_mu_0_3_node_7,26,0.072463768115942,0.0010874086129926,0.4140074595938665,2.4154154154154157,0.0190258646344916,14.773,11.227,5.821988330228423,0.4318076923076924,0.2923347396598114,0.0148304683385055,0.3050310774836231,0.3054110253879405,0.1473618443623175
graph_0100_mu_0_3_node_870,26,0.1076923076923077,0.0009056354513006,0.4140074595938665,2.4154154154154157,0.0235535294597173,17.876,8.124,6.354550649350649,0.3124615384615384,0.0466986101205001,0.0105498873967271,0.1955303552309522,0.1958054169886399,0.0710322689224479
graph_0100_mu_0_3_node_173,25,0.1333333333333333,0.0009421437428513,0.4047811993517017,2.4704704704704703,0.0183391935357509,14.452,10.548,5.566583430458431,0.4219200000000001,0.3942292536206334,0.0115759723163651,0.2888144339040029,0.2891714337846833,0.3162760526724104
graph_0100_mu_0_3_node_347,112,0.0728764478764478,0.0133447420576374,0.5096938775510204,1.961961961961962,0.10019052311162,83.526,28.474,22.93198405197672,0.2542321428571429,0.161807513319315,0.0362713779888698,0.1514382080121955,0.1524054082232661,0.3536273195143525
graph_0100_mu_0_3_node_429,178,0.0565584415584415,0.0360633383477021,0.5414634146341464,1.8468468468468469,0.1321668071343142,134.227,43.773,35.55307152599382,0.2459157303370786,0.2544579981420041,0.0564197782510355,0.1462324245696145,0.1477228717847705,0.5605062341784277
graph_0100_mu_0_3_node_442,21,0.0523809523809523,0.0007315368571861,0.4024979854955681,2.4844844844844847,0.0159025534336014,9.61,11.39,4.437155448717948,0.5423809523809523,0.0559743625235624,0.0158839279706339,0.4169854373169204,0.4173707865600902,0.0134231991489539
graph_0100_mu_0_3_node_811,29,0.1453201970443349,0.0013941993851724,0.4178168130489335,2.393393393393393,0.0215849965310815,19.618,9.382,7.154511480787874,0.3235172413793103,0.2109882990055738,0.0109263016617355,0.2061284734401774,0.2064461291311061,0.2582770383327989
graph_0100_mu_0_3_node_963,57,0.0720551378446115,0.0045971250930498,0.4666043904717422,2.143143143143144,0.0463341003173213,37.668,19.332,11.945540564494213,0.3391578947368421,0.1110337767960383,0.0251656907293837,0.2163809853304419,0.2170359609680381,0.1446238979775604
graph_0100_mu_0_3_node_961,81,0.0709876543209876,0.007376590254688,0.4814457831325301,2.077077077077077,0.0717611793429126,59.708,21.292,17.0343333607056,0.2628641975308641,0.1214266530723757,0.0270531006190772,0.1577505408017749,0.1584729210256413,0.2527743043735948
graph_0100_mu_0_3_node_536,31,0.1032258064516129,0.0010525835316742,0.4304179233089186,2.3233233233233235,0.0330584009323116,23.691,7.309,7.919836191749427,0.2357741935483871,0.041784665032504,0.0093131698292702,0.1386655215484906,0.1389131016007513,0.0962437468072622
graph_0100_mu_0_3_node_995,24,0.0942028985507246,0.0008503565156848,0.4023358840112767,2.4854854854854853,0.0237119565654567,16.595,7.405,5.95523663003663,0.3085416666666666,0.0422908038951657,0.0093971414037606,0.1920386135500656,0.1922893228258453,0.0609360754947479
graph_0100_mu_0_3_node_117,20,0.0578947368421052,0.000690817159609,0.3943939992104224,2.535535535535536,0.0133636508777339,10.888,9.112,4.581868742368743,0.4556,0.1898053314248513,0.0111210704988324,0.3266009468792398,0.3269092861822971,0.1069485024726301
graph_0100_mu_0_3_node_35,17,0.1838235294117647,0.0003705397205334,0.3779795686719637,2.645645645645646,0.0117070930628488,11.198,5.802,4.699364474414474,0.3412941176470588,0.2568357422204172,0.0071890350871248,0.222503379999829,0.2226997555802342,0.2326379809792516
graph_0100_mu_0_3_node_606,38,0.1009957325746799,0.0017872383716526,0.4300473525613431,2.325325325325325,0.0302375092744936,30.07,7.93,9.917775666000669,0.2086842105263157,0.0462786883610947,0.0102038384668724,0.1207785023781006,0.1210472166960077,0.1273145330356781
graph_0100_mu_0_3_node_962,21,0.1142857142857142,0.0006830059184146,0.4100985221674877,2.4384384384384385,0.0203393663238489,12.613,8.387,4.948203146853146,0.3993809523809523,0.0950503086078652,0.0100253464222033,0.269015954605101,0.269299814515094,0.086363039431999
graph_0100_mu_0_3_node_614,22,0.1157894736842105,0.0006195110493547,0.3928430987023201,2.5455455455455454,0.0159075305733297,13.462,8.538,5.236814529914529,0.388090909090909,0.2867405363449021,0.0102010350480962,0.2598405658230071,0.2601295472142573,0.2254569030655517
graph_0100_mu_0_3_node_573,20,0.1263157894736842,0.0005735046531413,0.4172932330827067,2.3963963963963963,0.0207496710010571,10.924,9.076,4.545322982572984,0.4538000000000001,0.203993826221163,0.0110969972243184,0.324060137111256,0.3243672617268113,0.1178209420782258
graph_0100_mu_0_3_node_373,30,0.1126436781609195,0.0013653941078997,0.4094262295081967,2.4424424424424425,0.0208620155710436,18.173,11.827,6.668640075481793,0.3942333333333332,0.2598556302668329,0.0141041272514362,0.2658577292514806,0.266258073213296,0.2223727050033923
graph_0100_mu_0_3_node_417,180,0.0669713705325969,0.0326389888976871,0.543525571273123,1.83983983983984,0.1837101021535896,136.446,43.554,35.971346851633776,0.2419666666666667,0.2609138174994366,0.056458887134386,0.1434493467243224,0.1449325775817145,0.5806859927242698
graph_0100_mu_0_3_node_244,28,0.1164021164021164,0.001201964038021,0.4276541095890411,2.3383383383383385,0.0311054126537169,18.168,9.832,6.388833682983684,0.3511428571428571,0.0559154221550283,0.0125446374148956,0.225559505161665,0.2258923747721242,0.0713978431474587
graph_0100_mu_0_3_node_60,17,0.1470588235294117,0.000505560945991,0.3917647058823529,2.5525525525525525,0.0130617331350322,11.886,5.114,5.072450036075036,0.3008235294117647,0.1351988253636288,0.006236885967277,0.1903167738516823,0.1904898771045258,0.1545939055750997
graph_0100_mu_0_3_node_390,35,0.2367424242424242,0.0012435438186427,0.4080882352941176,2.4504504504504503,0.0233400473926785,26.109,8.891,9.142929987088076,0.2540285714285715,0.3420008976582113,0.0095757189250899,0.1523203984994129,0.152621576425499,0.6350907680805541
graph_0100_mu_0_3_node_780,33,0.0984848484848484,0.0015446938002968,0.4322803980960623,2.313313313313313,0.0322645590429943,21.679,11.321,7.361196382783882,0.343060606060606,0.0642106903127754,0.0144852663983337,0.2187002746149701,0.2190836141799154,0.086731317570984
graph_0100_mu_0_3_node_517,43,0.1196013289036544,0.0021622202775592,0.4504057709648332,2.22022022022022,0.0461135288269125,30.735,12.265,9.652715948811538,0.2852325581395348,0.0690647257391094,0.0157188469543227,0.1737628989794543,0.174178434531134,0.1279338952832726
graph_0100_mu_0_3_node_354,25,0.1778656126482213,0.0006212092534422,0.4104354971240756,2.4364364364364364,0.0288294269106964,19.066,5.934,6.886442460317461,0.23736,0.0339492671087194,0.0075313225767795,0.1398894237989455,0.140090381037806,0.0771601883759128
graph_0100_mu_0_3_node_631,31,0.1655913978494623,0.001441354835697,0.4428191489361702,2.2582582582582584,0.0459861455370108,20.854,10.146,7.143203035853036,0.3272903225806451,0.0600172374557344,0.0132828303159699,0.2070660414830996,0.20740959181335,0.083480815741719
graph_0100_mu_0_3_node_476,42,0.0974358974358974,0.0021113004242199,0.4181665969024696,2.391391391391392,0.0252115906885059,29.252,12.748,9.708901004690558,0.3035238095238095,0.3080043943029741,0.0150816021452276,0.1918807389417625,0.1923125233926125,0.3702269627742556
graph_0100_mu_0_3_node_967,23,0.1818181818181818,0.0006879471656433,0.4000800961153384,2.4994994994995,0.0180595457374982,15.082,7.918,5.463256532356532,0.3442608695652175,0.128536334929293,0.0086706384302023,0.2190670359290523,0.2193350835384266,0.1722299075564103
graph_0100_mu_0_3_node_487,19,0.1637426900584795,0.0004306165406148,0.4018503620273532,2.4884884884884886,0.0226447439912026,13.845,5.155,5.330948809523808,0.2713157894736842,0.0294826036448326,0.0065401349085811,0.1640910200541604,0.1642655429155016,0.0514121351623932
graph_0100_mu_0_3_node_285,22,0.1385281385281385,0.0007025313583973,0.4296774193548387,2.3273273273273274,0.0268558801164206,15.384,6.616,5.679833333333334,0.3007272727272727,0.0380558040194234,0.008628834347002,0.186326437749998,0.1865504252980072,0.06045449137384
graph_0100_mu_0_3_node_266,23,0.0513833992094861,0.0009161266242903,0.4090909090909091,2.4444444444444446,0.0189549844524317,14.055,8.945,5.270410857198358,0.3889130434782609,0.0509292538026931,0.0118068052405638,0.2581753250131309,0.2584780949941984,0.0478990583178689
graph_0100_mu_0_3_node_52,27,0.150997150997151,0.0010795467139663,0.3943939992104224,2.535535535535536,0.0158063306687069,16.332,10.668,6.006002634865135,0.395111111111111,0.397874498842316,0.0117655541728879,0.2634624504832747,0.2638235590705191,0.3753679504001807
graph_0100_mu_0_3_node_140,18,0.1176470588235294,0.0004975425416522,0.40056134723336,2.4964964964964964,0.0167908046227455,10.009,7.991,4.325121428571428,0.4439444444444444,0.0897908485574571,0.0095341514992203,0.3131492703754184,0.3134196824108956,0.0618450142299177
graph_0100_mu_0_3_node_324,23,0.1976284584980237,0.0007556323715308,0.3864603481624758,2.587587587587588,0.0128678706922326,14.338,8.662,5.309211868686869,0.376608695652174,0.2957764932743223,0.0092692286339543,0.2461647899289374,0.2464579958060476,0.3276820096267112
graph_0100_mu_0_3_node_868,37,0.1621621621621621,0.0019403003076421,0.4193954659949622,2.3843843843843846,0.0253159272866655,23.43,13.57,8.12578522338944,0.3667567567567568,0.4652346801086771,0.014790314069089,0.2398862841774916,0.2403457537251375,0.498113574183316
graph_0100_mu_0_3_node_10,49,0.1164965986394557,0.0027568519331552,0.4467799642218247,2.2382382382382384,0.0407626953555558,34.969,14.031,10.81308137613202,0.2863469387755102,0.1586085992685509,0.0169882726648929,0.1752638483533208,0.1757392893914356,0.2698517049914264
graph_0100_mu_0_3_node_702,19,0.1345029239766081,0.0005717170243744,0.4298623063683304,2.3263263263263263,0.0233735421782371,10.777,8.223,4.531827558552558,0.4327894736842105,0.1869573324620415,0.0099820556834736,0.304827796089117,0.305106064239275,0.1171794822435613
graph_0100_mu_0_3_node_493,19,0.1169590643274853,0.0004981700834108,0.3919183993723029,2.5515515515515514,0.0154444119035466,14.395,4.605,5.561391666666667,0.2423684210526316,0.0259469935337204,0.006120867189946,0.142994679411354,0.143150594291491,0.0417500064813735
graph_0100_mu_0_3_node_80,26,0.1446153846153846,0.000847072611701,0.427105600684053,2.3413413413413413,0.0272057283766486,18.579,7.421,6.503463924963924,0.2854230769230769,0.0424923753787033,0.0096805458316121,0.1743996836679426,0.174650968402013,0.076466914677104
graph_0100_mu_0_3_node_334,18,0.1111111111111111,0.0005284343674565,0.3976910828025478,2.5145145145145147,0.0160477765231897,11.423,6.577,4.883663386613386,0.3653888888888889,0.1667709275321741,0.008062581723557,0.2441267250812215,0.2443493212431885,0.1395416698096989
graph_0100_mu_0_3_node_974,47,0.102020202020202,0.0027830390981751,0.4487870619946091,2.2282282282282284,0.0369076307969361,28.806,18.194,9.761700509940129,0.3871063829787234,0.2961216721682687,0.0198926679525112,0.2551136601810506,0.2557297808718392,0.3064264909855844
graph_0100_mu_0_3_node_246,39,0.1201201201201201,0.0020669158971169,0.4326548289302728,2.3113113113113117,0.0290288422204149,22.936,16.064,8.189986575643363,0.4118974358974359,0.5432839262334858,0.0177126154998452,0.278563183394311,0.2791070115852996,0.449219243106285
graph_0100_mu_0_3_node_360,22,0.2207792207792207,0.0005598879331705,0.4222316145393068,2.3683683683683685,0.0359179832860912,15.04,6.96,5.614972222222223,0.3163636363636363,0.041871356036738,0.0089962213943726,0.1994818756886339,0.1997174954026207,0.0598765295738113
graph_0100_mu_0_3_node_636,29,0.0788177339901477,0.0011446871864161,0.4254684838160136,2.3503503503503502,0.0292611942714293,19.029,9.971,6.668648421023422,0.3438275862068965,0.0562879668836894,0.0129463347689171,0.2202132869021553,0.2205508751619005,0.0711763270908963
graph_0100_mu_0_3_node_335,20,0.1,0.0006297580251142,0.4092585006145022,2.443443443443444,0.0211794369031043,12.655,7.345,4.924713064713066,0.36725,0.0419069651266026,0.0094358801747413,0.2404568382053651,0.2407054487043718,0.0488219479010729
graph_0100_mu_0_3_node_385,21,0.1571428571428571,0.0005211760278353,0.4117889530090684,2.4284284284284285,0.023122703619688,14.171,6.829,5.236185606060606,0.3251904761904761,0.0388838871322521,0.0089686752344666,0.2047297077677145,0.2049608871876833,0.0569260318351128
graph_0100_mu_0_3_node_705,19,0.1520467836257309,0.0004785793571864,0.4024979854955681,2.4844844844844847,0.0192062045496972,11.553,7.447,4.582238455988457,0.3919473684210526,0.084377553099568,0.0089053891178228,0.2619143688871997,0.2621664119493098,0.0802194536684025
graph_0100_mu_0_3_node_74,30,0.1137566137566137,0.0013146317221573,0.4309749784296807,2.32032032032032,0.0257821775107526,18.933,11.067,6.949655474427534,0.3688999999999999,0.3850905304002316,0.0128743863424795,0.2447662239306159,0.2451408695231086,0.3267500168168887
graph_0100_mu_0_3_node_50,53,0.1215686274509803,0.0037450446425491,0.4337820234476769,2.305305305305305,0.027173529676188,38.243,14.757,11.968674608543376,0.2784339622641509,0.3386436948875981,0.0170500525465955,0.1713307150380207,0.1718307990724343,0.5128478815966901
graph_0100_mu_0_3_node_647,32,0.1592741935483871,0.0012276671252133,0.4326548289302728,2.3113113113113117,0.0434388797854545,23.25,8.75,7.76907084027084,0.2734375,0.0514352116606118,0.0115276469477811,0.1657249492756483,0.1660213036349313,0.0975457833775951
graph_0100_mu_0_3_node_392,30,0.1034482758620689,0.0012010632470372,0.4313471502590673,2.3183183183183185,0.0330668514802192,17.67,12.33,6.467477076844723,0.4109999999999999,0.0692008189629625,0.0158410279066687,0.2766760512991528,0.2770934206899603,0.0669013842434895
graph_0100_mu_0_3_node_830,18,0.1764705882352941,0.0004839073637308,0.4114497528830313,2.4304304304304303,0.0298364477947181,10.324,7.676,4.219838311688311,0.4264444444444444,0.04499983777917,0.0101728435277091,0.2944532813818605,0.2947130486936803,0.0376024536859753
graph_0100_mu_0_3_node_228,44,0.1469344608879492,0.0021871532418467,0.4561643835616438,2.1921921921921923,0.0588430919194893,31.709,12.291,10.020915760744243,0.2793409090909091,0.0730926273741856,0.0159510595791507,0.1703920607393629,0.170808487804274,0.1321586857023243
graph_0100_mu_0_3_node_302,27,0.1367521367521367,0.000931170051699,0.4195716085678286,2.3833833833833835,0.0290761566580286,18.115,8.885,6.423814535464536,0.3290740740740741,0.0509724826715008,0.0112665572934573,0.2084983415806853,0.208799161050469,0.0733392545831357
graph_0100_mu_0_3_node_161,22,0.0631578947368421,0.0005912598200484,0.3798479087452471,2.6326326326326326,0.0119988519272581,13.998,8.002,5.427339133089133,0.3637272727272727,0.1682217316918158,0.0095568179511209,0.239348484040427,0.239619339340701,0.1579629859580263
graph_0100_mu_0_3_node_684,55,0.1306397306397306,0.0035935377047333,0.444,2.2522522522522523,0.0389506620873962,40.81,14.19,12.186781325406905,0.2579999999999999,0.2320000032075337,0.0154617664836962,0.153874051033738,0.1543550801384655,0.4871442647529259
graph_0100_mu_0_3_node_455,33,0.1534090909090909,0.0012942198019971,0.4148671096345515,2.4104104104104103,0.0252016028187679,21.865,11.135,7.368774084249085,0.3374242424242424,0.1804494294478472,0.0122349949134057,0.2134458246212495,0.2138228803674031,0.2513244115559685
graph_0100_mu_0_3_node_797,19,0.1988304093567251,0.0004477879947838,0.4179916317991631,2.3923923923923924,0.0318534098457136,12.628,6.372,4.932175000000001,0.3353684210526316,0.038114144698884,0.0082394882742719,0.2145198035542797,0.2147354911833243,0.0497241086585072
graph_0100_mu_0_3_node_337,23,0.0948616600790513,0.0009840710305625,0.4128099173553719,2.4224224224224224,0.0183454163491324,13.272,9.728,5.353150863515569,0.4229565217391304,0.2330360303754133,0.0121724225649057,0.2969145397553681,0.297243755145909,0.1327121266815374
graph_0100_mu_0_3_node_359,17,0.0735294117647058,0.0004174970800243,0.3964285714285714,2.5225225225225225,0.0154158178580729,10.968,6.032,4.291589502164503,0.3548235294117647,0.0341721851161018,0.0079679402605282,0.2284422890961073,0.2286464542916323,0.0417222505232301
graph_0100_mu_0_3_node_677,35,0.0957983193277311,0.0017199502934169,0.4330299089726918,2.309309309309309,0.0351162062981194,26.164,8.836,8.530019455690509,0.2524571428571429,0.0505999175105496,0.0112102423573,0.1504892689598787,0.1507885942475192,0.1077081321573199
graph_0100_mu_0_3_node_204,26,0.1969230769230769,0.0007956552407354,0.4285714285714285,2.333333333333333,0.0405588169116455,18.589,7.411,6.521886219336218,0.2850384615384616,0.0435587225300545,0.0097126857048305,0.1741269767321114,0.1743779230659138,0.0765885043440314
graph_0100_mu_0_3_node_394,19,0.0584795321637426,0.0005145664435441,0.390539483971853,2.5605605605605604,0.014276546274702,13.291,5.709,5.328475793650794,0.3004736842105262,0.0333459189128088,0.0073032028476132,0.1873734273767905,0.1875666877778256,0.0463469836498674
graph_0100_mu_0_3_node_249,23,0.0869565217391304,0.0009559580819823,0.4155574043261231,2.4064064064064064,0.0239971919419787,11.572,11.428,5.0072680389871564,0.4968695652173912,0.231145865105727,0.0148019251029542,0.3712001101045095,0.371586779849306,0.0886888088197682
graph_0100_mu_0_3_node_599,25,0.1266666666666666,0.0008756086863701,0.4044534412955465,2.4724724724724725,0.0188798071539968,16.816,8.184,6.287115107115107,0.3273600000000001,0.0938579473251268,0.0097197793693924,0.2087384626159613,0.2090155278031708,0.1237075208355296
graph_0100_mu_0_3_node_41,30,0.1613756613756613,0.0010030578996127,0.3891702376314764,2.5695695695695697,0.0147404434273982,22.446,7.554,8.614712953712955,0.2518,0.1787002989565161,0.0085374393204582,0.1528490927957612,0.1531049229514609,0.2973207969643613
graph_0100_mu_0_3_node_826,21,0.0857142857142857,0.0007284272001995,0.4012048192771084,2.4924924924924925,0.0178442461278456,13.047,7.953,5.031132196969696,0.3787142857142857,0.0460717751031133,0.0102565072382174,0.2507885467009343,0.2510577324931465,0.0479259972980517
graph_0100_mu_0_3_node_915,22,0.0952380952380952,0.0006532862423584,0.4112803622890078,2.431431431431432,0.0230431090213548,15.355,6.645,5.73039365079365,0.3020454545454546,0.0382950025248498,0.0086195150904779,0.1878997417944147,0.1881247080702085,0.0565025757151876
graph_0100_mu_0_3_node_299,20,0.0789473684210526,0.0006250622650167,0.4046172539489672,2.4714714714714714,0.019717203180228,11.736,8.264,4.599534132534132,0.4131999999999999,0.0465713201524127,0.0106419261785948,0.2796308815003443,0.2799105696231894,0.0431713917615463
graph_0100_mu_0_3_node_950,22,0.1948051948051948,0.0004696027977574,0.3976910828025478,2.5145145145145147,0.0202300300762538,16.161,5.839,6.301115079365079,0.2654090909090909,0.0673719095936931,0.0068635044542438,0.1606425177674705,0.1608402163823145,0.1234936093577585
graph_0100_mu_0_3_node_575,49,0.0816326530612244,0.003018062699556,0.4426229508196721,2.259259259259259,0.0443970025330574,35.408,13.592,10.869544197840744,0.2773877551020408,0.0776440774594505,0.0173202102302535,0.1682985744159743,0.1687591715713791,0.1418729954564805
graph_0100_mu_0_3_node_158,25,0.1233333333333333,0.000683892743889,0.4064279902359642,2.4604604604604603,0.0249410915849922,19.039,5.961,6.878636100011099,0.2384399999999999,0.0343644197873304,0.0075383960029082,0.1408451151052323,0.1410469850078105,0.079437529467026
graph_0100_mu_0_3_node_320,37,0.1291291291291291,0.0016828937854759,0.4354838709677419,2.2962962962962963,0.0453064615551336,26.371,10.629,8.585184122495154,0.2872702702702702,0.0631912082190046,0.0139001092299184,0.1762282756352557,0.1765883020162119,0.1058119163927174
graph_0100_mu_0_3_node_195,28,0.1455026455026455,0.0011746362943592,0.4233050847457627,2.3623623623623624,0.0287725320823972,17.708,10.292,6.487142552219023,0.3675714285714285,0.1180177215906965,0.012159241341902,0.2418443404190575,0.2421927485346271,0.1256777195588788
graph_0100_mu_0_3_node_294,19,0.1520467836257309,0.0004857601516752,0.3994402239104358,2.503503503503504,0.0184840554482247,13.935,5.065,5.504595238095238,0.266578947368421,0.0292171786872753,0.0065520000365397,0.1610862092337661,0.1612576857092038,0.0571755278735405
graph_0100_mu_0_3_node_895,20,0.1052631578947368,0.0005829321724664,0.396271320904403,2.523523523523524,0.016881473359061,10.994,9.006,4.526215950715951,0.4503,0.1034627859380034,0.0107650044431614,0.3164273749202385,0.3167321421925138,0.0730700538063572
graph_0100_mu_0_3_node_412,18,0.2941176470588235,0.0003060305272045,0.4222316145393068,2.3683683683683685,0.0353765489536011,14.316,3.684,6.1576,0.2046666666666666,0.0217188131933495,0.0048088426500185,0.1178765001601813,0.1180012369052565,0.0621151983811779
graph_0100_mu_0_3_node_784,25,0.1033333333333333,0.0006216435095429,0.4146948941469489,2.411411411411412,0.0294491002692777,18.06,6.94,6.331484224109223,0.2775999999999999,0.0391603160531476,0.0088916215243613,0.1681273266510802,0.168362325159668,0.0750967714436541
graph_0100_mu_0_3_node_956,17,0.0808823529411764,0.0004922209428302,0.4051094890510949,2.468468468468469,0.0197974788953159,9.471,7.529,3.9775273809523815,0.4428823529411764,0.0851257852151359,0.0090366580645463,0.308820965511747,0.3090757479482781,0.0637307832560924
graph_0100_mu_0_3_node_796,23,0.1343873517786561,0.0008319515168662,0.4274711168164313,2.339339339339339,0.033347364953971,14.331,8.669,5.453544591519592,0.3769130434782609,0.05131114323423,0.0112994644729847,0.2492662235355747,0.2495596557542469,0.0533835658107697
graph_0100_mu_0_3_node_98,21,0.1333333333333333,0.0007657189901453,0.4128099173553719,2.4224224224224224,0.0183091996470394,12.588,8.412,4.960166666666666,0.4005714285714285,0.2884723738786177,0.0099135763522117,0.2720890788172796,0.2723737786076664,0.2247627514706852
graph_0100_mu_0_3_node_965,27,0.0541310541310541,0.0010724161454105,0.4326548289302728,2.3113113113113117,0.0295678621651814,15.083,11.917,5.807053221778222,0.4413703703703703,0.0645364840720516,0.0160562499006953,0.3061036466888284,0.3065069705646356,0.0468800568318845
graph_0100_mu_0_3_node_700,44,0.0963995354239256,0.0021597376854696,0.4334056399132321,2.307307307307308,0.0357366632571737,33.538,10.462,10.485315205371396,0.2377727272727273,0.0609282442862647,0.0134981320290878,0.1406391483262548,0.1409936890639881,0.1370574166729362
graph_0100_mu_0_3_node_681,20,0.0578947368421052,0.0005686304102043,0.3937721718565234,2.53953953953954,0.0142990907597562,12.487,7.513,4.826818903318904,0.37565,0.0426911103145187,0.0098686716278635,0.2470670189600279,0.2473213121323131,0.0387721289997993
graph_0100_mu_0_3_node_833,22,0.1774891774891775,0.0006716807136558,0.3994402239104358,2.503503503503504,0.0163052624552699,13.76,8.24,5.348367155067155,0.3745454545454545,0.3073008328922236,0.0091143588691288,0.2468477721297815,0.2471266808933384,0.3130519123697557
graph_0100_mu_0_3_node_488,20,0.1210526315789473,0.0006011209976474,0.4265584970111016,2.344344344344344,0.0248012246029356,11.296,8.704,4.846780053280054,0.4352,0.1932731029817103,0.010556641952148,0.30984673680378,0.3101412765466761,0.113629884590669
graph_0100_mu_0_3_node_351,27,0.1082621082621082,0.0010326213474178,0.4233050847457627,2.3623623623623624,0.0293213263538508,17.912,9.088,6.299200711788212,0.3365925925925926,0.0515454229569023,0.0116316451055858,0.2138710174787485,0.2141787057948171,0.0710195831080901
graph_0100_mu_0_3_node_307,30,0.0896551724137931,0.001006782790789,0.408255006129955,2.4494494494494496,0.0229466551196108,22.446,7.554,7.565630869130869,0.2518,0.0431095579608234,0.0098984656095188,0.1498669764882172,0.1501228301645825,0.0888165810898662
graph_0100_mu_0_3_node_222,20,0.1421052631578947,0.00043704530759,0.4145228215767635,2.4124124124124124,0.029122288616969,12.583,7.417,4.830123376623376,0.37085,0.0435102980926516,0.0097910737299605,0.2429946796779509,0.2432457265667982,0.0480021338937758
graph_0100_mu_0_3_node_621,17,0.088235294117647,0.0004242723663766,0.381588999236058,2.6206206206206204,0.0118414806642794,9.414,7.586,4.026233777333777,0.446235294117647,0.2272321903286706,0.0099969668806536,0.3189896875773118,0.3192463869643371,0.1028759004671533
graph_0100_mu_0_3_node_659,32,0.167816091954023,0.0010258496770208,0.4287553648068669,2.3323323323323324,0.0361572510836058,23.794,8.206,7.896181920040743,0.2564375,0.0467387675436948,0.0104567239584425,0.1530858951572253,0.1533638470337668,0.0967776124572885
graph_0100_mu_0_3_node_0,25,0.05,0.0009670521677812,0.4220532319391635,2.369369369369369,0.0218400471147581,12.007,12.993,5.266265935453435,0.5197200000000001,0.2233514228462636,0.0169724240132183,0.395479732327081,0.3959193289793469,0.0768170752885517
graph_0100_mu_0_3_node_444,20,0.1684210526315789,0.0005561554073961,0.377123442808607,2.6516516516516515,0.0107804020365309,13.389,6.611,5.342097846597846,0.33055,0.1694391670345539,0.0081674441354923,0.2128338932333059,0.2130576725705889,0.1760343722234685
graph_0100_mu_0_3_node_331,16,0.075,0.0005774680909429,0.4072564207093355,2.4554554554554557,0.0183737037206075,8.427,7.573,3.843105339105339,0.4733125,0.1459400190130597,0.0095416373601072,0.3489838732093605,0.3492401127850277,0.0566896604731218
graph_0100_mu_0_3_node_632,23,0.2213438735177865,0.0004142913629131,0.4278372591006424,2.3373373373373374,0.0346022146514171,19.2,3.8,7.893392857142855,0.1652173913043478,0.0216575144578996,0.0048285509965598,0.0923660471972724,0.0924947536540753,0.0843523699290011
graph_0100_mu_0_3_node_106,24,0.1739130434782608,0.0008103026252443,0.3983253588516746,2.5105105105105103,0.0164304327019451,14.597,9.403,5.425230303030303,0.3917916666666667,0.3225678310338602,0.0100462869206257,0.2594774222351498,0.2597957018194108,0.3266332531625939
graph_0100_mu_0_3_node_81,41,0.0853658536585365,0.0017219978414655,0.4298623063683304,2.3263263263263263,0.0371701043930966,31.757,9.243,9.89214193686748,0.2254390243902438,0.052210033346462,0.0118534507459139,0.1312938668651512,0.1316070962796623,0.1357469084391112
graph_0100_mu_0_3_node_572,22,0.0649350649350649,0.0008616921967283,0.3970588235294117,2.5185185185185186,0.0140630491302266,12.774,9.226,5.163180094088917,0.4193636363636364,0.2213236141251477,0.0114366082157798,0.2931932283111897,0.2935054555209426,0.133530460423801
graph_0100_mu_0_3_node_798,142,0.0725590955806783,0.0206028272174808,0.5213987473903967,1.917917917917918,0.1260507632367813,107.44,34.56,28.657821183831715,0.2433802816901408,0.1960421036161306,0.0441972184983075,0.1436654659005012,0.1448408970532428,0.4567259473560842
graph_0100_mu_0_3_node_112,22,0.1515151515151515,0.0007353648129721,0.389018691588785,2.5705705705705704,0.0127529649991863,14.254,7.746,5.420004212454212,0.3520909090909091,0.2654024832078092,0.0091512844955695,0.2290800150977509,0.2293422154387313,0.2708909004986004
graph_0100_mu_0_3_node_871,20,0.131578947368421,0.0007223037659719,0.388715953307393,2.5725725725725725,0.0112832291136748,12.232,7.768,4.951196470196471,0.3883999999999999,0.2456894227287553,0.0100589708433067,0.2635126529735936,0.263775555951209,0.185636939859427
graph_0100_mu_0_3_node_201,26,0.043076923076923,0.0011175967199371,0.4242038216560509,2.3573573573573574,0.0239908218803673,14.014,11.986,5.606605774127833,0.461,0.0595961993584544,0.0167412855682378,0.3282047666181427,0.3286103838587495,0.0345169498095506
graph_0100_mu_0_3_node_278,20,0.1526315789473684,0.0006238855522418,0.4195716085678286,2.3833833833833835,0.0243549396708384,12.032,7.968,4.786284992784993,0.3984,0.0448311844630834,0.0105232944169975,0.2690327252794082,0.2693023980905573,0.0433669120314773
graph_0100_mu_0_3_node_806,59,0.1385154880187025,0.0035043520888234,0.4690140845070422,2.1321321321321323,0.0755697262077372,42.236,16.764,12.750892883209842,0.284135593220339,0.0993043432676563,0.0219135902090443,0.1737281381168224,0.1742963665640339,0.1759490013683553
graph_0100_mu_0_3_node_988,25,0.1733333333333333,0.0008863221501665,0.4247448979591837,2.354354354354354,0.0367381088896539,17.085,7.915,6.132028332778333,0.3166,0.0470935162430551,0.0103185703984871,0.1989785534508956,0.1992465271273385,0.0692294823099004
graph_0100_mu_0_3_node_77,20,0.1368421052631579,0.0006801672872476,0.4000800961153384,2.4994994994995,0.0153535968087892,12.736,7.264,5.001790848040848,0.3631999999999999,0.1624523782189328,0.0085406943386783,0.2385485766804819,0.2387944438551517,0.1629261721739083
graph_0100_mu_0_3_node_778,19,0.0175438596491228,0.0005616946462658,0.3858632676709154,2.5915915915915915,0.0113078902972758,9.44,9.56,4.26804875957376,0.503157894736842,0.1027969111545646,0.012967665816452,0.3815830736880083,0.3819065264616808,0.0193886035969626
graph_0100_mu_0_3_node_665,23,0.1936758893280632,0.0007892986629161,0.4222316145393068,2.3683683683683685,0.0373659593440942,15.062,7.938,5.600759271284272,0.3451304347826087,0.0471614639653906,0.0103220067263705,0.2222624075644942,0.2225311219482357,0.0595115392961439
graph_0100_mu_0_3_node_680,34,0.1586452762923351,0.0013019077046952,0.4434087882822903,2.255255255255255,0.0473124028251734,25.36,8.64,8.382274037074039,0.2541176470588235,0.0513304313790558,0.0112569326696129,0.1519553066183267,0.1522479769203642,0.1076237683227907
graph_0100_mu_0_3_node_113,19,0.125,0.0004426315309312,0.3791271347248577,2.6376376376376376,0.0105519037498018,13.014,5.986,5.279926406926408,0.3150526315789474,0.1551702151852624,0.0073480436233218,0.2007954823916725,0.200998107386579,0.1605834304866517
graph_0100_mu_0_3_node_428,22,0.0735930735930736,0.0007140707436934,0.4157303370786517,2.4054054054054053,0.0205713755096218,13.196,8.804,5.116484462759463,0.4001818181818181,0.0501285333486066,0.0115078242273451,0.2695107253310548,0.2698087034817361,0.047255941281893
graph_0100_mu_0_3_node_64,33,0.0946969696969697,0.0014613368002635,0.4307891332470893,2.3213213213213213,0.0273763530887142,21.156,11.844,7.40060533545402,0.3589090909090909,0.1353509764569791,0.0140577029906199,0.2336644559697963,0.2340654626210927,0.1517464358387695
graph_0100_mu_0_3_node_750,43,0.0642303433001107,0.0022338475653619,0.4383501535761299,2.2812812812812813,0.0379826914451267,29.567,13.433,9.468044079364908,0.3123953488372092,0.0768226844174781,0.0170825593554817,0.1947903787814673,0.1952454121515034,0.1106421033721353
graph_0100_mu_0_3_node_474,20,0.0789473684210526,0.0004945788947263,0.389018691588785,2.5705705705705704,0.0177883998603902,11.255,8.745,4.785703463203463,0.4372499999999998,0.0846797463497369,0.0111455188429738,0.3064025185915272,0.3066984559844508,0.0563599498705753
graph_0100_mu_0_3_node_132,23,0.2055335968379446,0.0005715759926324,0.4112803622890078,2.431431431431432,0.0222416351128417,17.668,5.332,6.613299603174604,0.2318260869565217,0.0599694902917485,0.0064462749942425,0.1361014828966511,0.1362820425707245,0.1405614073894775
graph_0100_mu_0_3_node_272,23,0.1304347826086956,0.000693965361552,0.4046172539489672,2.4714714714714714,0.0236705584595182,16.998,6.002,6.424734706959708,0.2609565217391304,0.0343507323897277,0.0076316973778985,0.1568532652564058,0.1570564946259968,0.0702377237657381
graph_0100_mu_0_3_node_751,25,0.13,0.0010999468942906,0.4326548289302728,2.3113113113113117,0.0366170447315072,15.509,9.491,5.932801934176935,0.3796400000000001,0.0568792557035903,0.0123142615603326,0.2538276383711918,0.2541488940524046,0.0568817359371694
graph_0100_mu_0_3_node_565,73,0.0662100456621004,0.0068182888733512,0.4743589743589743,2.108108108108108,0.0582911035825008,48.394,24.606,14.993573540479044,0.3370684931506849,0.1412259482755742,0.0319706863746538,0.2147840532309938,0.2156180455430539,0.1927118415080734
graph_0100_mu_0_3_node_789,25,0.1266666666666666,0.0009402370202679,0.4183417085427136,2.3903903903903903,0.0279756645572054,16.625,8.375,5.918746381886087,0.335,0.0476115322824747,0.0106952451063178,0.2124191677979178,0.2127027047241678,0.0658736698223858
graph_0100_mu_0_3_node_176,30,0.1375661375661375,0.0009788367815385,0.4028225806451613,2.4824824824824825,0.0219978924322838,21.972,8.028,7.760740384615385,0.2676,0.0940849752136663,0.0093591340251026,0.1627657392684827,0.1630376183460823,0.1606494272880144
graph_0100_mu_0_3_node_232,25,0.1333333333333333,0.0007899135383698,0.4258312020460358,2.3483483483483485,0.0310793766209208,18.975,6.025,6.735490079365079,0.241,0.0342777672735177,0.0076814250963918,0.142192994529356,0.1423970325302094,0.0798102318391962
graph_0100_mu_0_3_node_269,23,0.3241106719367589,0.0003490597088878,0.4155574043261231,2.4064064064064064,0.0414812815442613,19.329,3.671,7.986733333333332,0.1596086956521739,0.0215084668091287,0.0048495787189632,0.0888971401070096,0.0890214792711728,0.0858399099426766
graph_0100_mu_0_3_node_151,29,0.167487684729064,0.0013579962697634,0.4332176929748482,2.3083083083083085,0.0250655762966425,17.223,11.777,6.298685282772784,0.4061034482758622,0.4034838600965962,0.0125963882415884,0.2720493885484464,0.2724480408470899,0.3833568881247223
graph_0100_mu_0_3_node_953,34,0.1265597147950089,0.0012801398389229,0.4332176929748482,2.3083083083083085,0.0386230149091087,24.179,9.821,7.976795195739932,0.2888529411764706,0.0555696364781066,0.0125347830230965,0.176702779741539,0.1770354113159944,0.1006947282294412
graph_0100_mu_0_3_node_62,28,0.1296296296296296,0.0008351139356253,0.4046172539489672,2.4714714714714714,0.0221743064263173,19.97,8.03,7.36446891996892,0.2867857142857143,0.0929620724023842,0.0094007546183116,0.1768948048822949,0.1771667164835782,0.1517612152295431
graph_0100_mu_0_3_node_768,36,0.046031746031746,0.0017826945606055,0.4341590612777053,2.3033033033033035,0.0325191633908223,24.07,11.93,8.058663627548922,0.3313888888888889,0.0675397060071189,0.0153634469329714,0.2099921921111295,0.2103961965772659,0.0815188853408709
graph_0100_mu_0_3_node_189,32,0.1189516129032258,0.0015013902431972,0.415211970074813,2.4084084084084085,0.0221629594184758,19.613,12.387,7.289464988812357,0.38709375,0.4336326932747962,0.0143281405383059,0.2619663559236341,0.2623856630649922,0.3469621268646053
graph_0100_mu_0_3_node_44,83,0.0623456790123456,0.0078672586557054,0.4805194805194805,2.081081081081081,0.0615910891172484,62.794,20.206,17.686619616425645,0.2434457831325301,0.1171239360084001,0.0261359754242608,0.1443861174913739,0.145071816290793,0.2604301151230993
graph_0100_mu_0_3_node_690,33,0.115530303030303,0.0012204487572002,0.4334056399132321,2.307307307307308,0.0363194680446995,23.794,9.206,7.832612513466925,0.278969696969697,0.0521586204114922,0.0117665231329748,0.1693106142112029,0.1696224202776202,0.0994539146319809
graph_0100_mu_0_3_node_416,24,0.1666666666666666,0.0007998068129676,0.4391208791208791,2.2772772772772774,0.0322152711834348,15.759,8.241,5.693132034632035,0.3433749999999999,0.0469072449692435,0.0108755008125301,0.219434603204699,0.2197135884206416,0.063270199880904
graph_0100_mu_0_3_node_939,27,0.1139601139601139,0.0010188721905124,0.421875,2.3703703703703702,0.0269272832916546,17.435,9.565,6.247344604080131,0.3542592592592592,0.055033432379943,0.0124066018886858,0.2291380923706123,0.2294619062763743,0.0654049263184314
graph_0100_mu_0_3_node_996,21,0.0809523809523809,0.0006568328366762,0.4172932330827067,2.3963963963963963,0.022684897423995,12.86,8.14,4.977147348484848,0.3876190476190476,0.0463736301943016,0.0106958428341292,0.2581072154864649,0.2583827254621083,0.0438552879114339
graph_0100_mu_0_3_node_776,22,0.0692640692640692,0.0007615226728797,0.4099302421009438,2.43943943943944,0.0216804776425273,13.099,8.901,5.021292063492064,0.404590909090909,0.0499845581941659,0.0115709399149136,0.2720987394433441,0.2724000015788936,0.0484228050823023
graph_0100_mu_0_3_node_345,75,0.1114916286149162,0.0051342540182518,0.4736842105263157,2.111111111111111,0.0764249400328618,57.241,17.759,16.25836807137109,0.2367866666666666,0.1016130442097016,0.022468237318112,0.1394901538681735,0.1400926884159044,0.2403581508319332
graph_0100_mu_0_3_node_544,28,0.1216931216931216,0.0010744022317967,0.4261945392491467,2.3463463463463463,0.0297838636153141,18.771,9.229,6.515361005987477,0.3296071428571428,0.0524575434063507,0.0117889412234787,0.2081072339398535,0.2084197125146943,0.0753678367069323
graph_0100_mu_0_3_node_154,28,0.1084656084656084,0.0008323153634776,0.4276541095890411,2.3383383383383385,0.0321375965895242,19.106,8.894,6.625898834498834,0.3176428571428571,0.0507404256567991,0.0113024294232226,0.1989649981491671,0.1992661450093228,0.0753691524617244
graph_0100_mu_0_3_node_136,24,0.2318840579710145,0.0006717989715177,0.3829053277117669,2.6116116116116115,0.0132451553443154,16.191,7.809,5.800079653679655,0.325375,0.2690985431622472,0.008325002161436,0.204494151434952,0.2047585283570573,0.3810348479301696
graph_0100_mu_0_3_node_571,39,0.1186186186186186,0.001750481995134,0.4109419991772933,2.433433433433433,0.0220507052830339,27.462,11.538,9.163737772137564,0.2958461538461538,0.2689150303790981,0.0138189532503484,0.1845972030102467,0.1849880033007685,0.3579303827746848
graph_0100_mu_0_3_node_24,40,0.1115384615384615,0.0021744752066459,0.4224101479915433,2.3673673673673674,0.0251539478313317,26.164,13.836,8.811174475746357,0.3459,0.3250008540926932,0.0167323069892931,0.2247244571107254,0.2251929877689,0.3315015270414079
graph_0100_mu_0_3_node_297,24,0.1268115942028985,0.0009557222379519,0.4090909090909091,2.4444444444444446,0.0212188908151568,14.127,9.873,5.675126959315195,0.411375,0.4242615658720606,0.0122664085659512,0.2886346629474549,0.2889687915061806,0.2287633337844906
graph_0100_mu_0_3_node_864,24,0.0760869565217391,0.0007699177494202,0.408255006129955,2.4494494494494496,0.0223187370935216,15.824,8.176,5.732537662337664,0.3406666666666666,0.0465210933792515,0.0104070897806633,0.2174553086457436,0.2177320946372024,0.0633949296468186
graph_0100_mu_0_3_node_380,22,0.2034632034632034,0.0006246783478596,0.4145228215767635,2.4124124124124124,0.0338833225948803,15.259,6.741,5.555568253968254,0.3064090909090909,0.0392536161413607,0.008937578136097,0.1900696935703354,0.1902979118552955,0.0626054035083907
graph_0100_mu_0_3_node_144,50,0.1363265306122449,0.0024971542598873,0.4457831325301205,2.2432432432432434,0.0538215224187464,38.491,11.509,11.536395428402008,0.2301799999999999,0.0650633847038106,0.0147390865789225,0.1345433137655088,0.1349334587931842,0.1648458478633835
graph_0100_mu_0_3_node_679,85,0.1033613445378151,0.0072954489940066,0.4923607688516511,2.031031031031031,0.0989857984558683,62.482,22.518,17.83160902404644,0.2649176470588235,0.1339749754454608,0.0293420413050428,0.1596780282969865,0.1604420619493243,0.263999931498257
graph_0100_mu_0_3_node_812,25,0.0948616600790513,0.0008927977658496,0.4015273311897106,2.4904904904904903,0.0165196575348945,17.031,7.969,6.357757561882561,0.31876,0.2011512764360273,0.0099046916117948,0.2036778762013392,0.2039476624777755,0.2105832007044488
graph_0100_mu_0_3_node_767,19,0.0935672514619883,0.0004889610120268,0.4002403846153846,2.4984984984984986,0.0168655428431347,12.221,6.779,4.700654864579865,0.3567894736842105,0.0387815627544528,0.0088651397145768,0.2310124524783453,0.2312419082447666,0.0471405180491336
graph_0100_mu_0_3_node_708,22,0.1212121212121212,0.0007209726637318,0.3878105590062112,2.578578578578578,0.0139864485522462,12.961,9.039,5.061403663003663,0.4108636363636362,0.3384387615825669,0.0098939290976269,0.2786967699248891,0.2790026941939701,0.2866018895962238
graph_0100_mu_0_3_node_533,91,0.0934627170582226,0.0097400078200545,0.4947994056463596,2.021021021021021,0.0696626583093411,66.232,24.768,19.20932832906956,0.2721758241758242,0.2857872208112798,0.0291310409197593,0.1655362731061695,0.1663767029255029,0.5047678214353155
graph_0100_mu_0_3_node_749,17,0.1176470588235294,0.0006057963023102,0.3916111328890631,2.5535535535535536,0.0130347086542464,10.681,6.319,4.779943262293263,0.3717058823529411,0.2845070578601854,0.0076655574453823,0.2524902789818268,0.2527041311340907,0.2045871460005714
graph_0100_mu_0_3_node_408,20,0.0947368421052631,0.0007363534084934,0.4181665969024696,2.391391391391392,0.0208551561023745,12.771,7.229,4.999187950937952,0.36145,0.0414359656347077,0.009378534886718,0.2362780730795759,0.2365227588800762,0.0430855322270686
graph_0100_mu_0_3_node_674,24,0.2294372294372294,0.0005963660092635,0.3818807339449541,2.6186186186186187,0.013336268331874,17.95,6.05,6.517038095238095,0.2520833333333333,0.2071074047136481,0.0066141185174431,0.1502539781525206,0.1504588466896896,0.3936181977814761
graph_0100_mu_0_3_node_765,21,0.1285714285714285,0.0005916555814659,0.3758465011286682,2.660660660660661,0.0108704005413361,14.345,6.655,5.670199184149183,0.3169047619047619,0.1720045076796984,0.008165780368176,0.2022054719065812,0.202430752557341,0.1915189770019529
graph_0100_mu_0_3_node_542,46,0.0792270531400966,0.0022937910328762,0.4453856442264824,2.245245245245245,0.046145362606385,34.66,11.34,11.16490716796963,0.2465217391304348,0.0661888246078892,0.0141997170856303,0.1471028939870874,0.1474871899925889,0.1438597948567207
graph_0100_mu_0_3_node_115,18,0.1568627450980392,0.0005627488966693,0.3970588235294117,2.5185185185185186,0.0190997004581679,12.134,5.866,5.241197552447553,0.3258888888888888,0.1951272826028326,0.0074448006425244,0.2142200379945546,0.2144185811888952,0.1570502154179009
