,Degree,Clustering Coefficient,Betweenness,Closeness,Shortest Path,Eigenvector,E In,E Out,E In Over E Out,ODF,Expansion,Cut Ratio,Conductance,Normalised Cut,Triangle Participation
graph_010_mu_0_3_node_879,26,0.1630434782608695,0.0007148407132756,0.390081999219055,2.563563563563564,0.013897847474349,14.741,11.259,2.8598487373737376,0.4330384615384615,0.4047719506531548,0.0131177688600874,0.2843576073190712,0.2847295960142049,0.3799178431914932
graph_010_mu_0_3_node_936,23,0.1343873517786561,0.0007667571769797,0.3994402239104358,2.503503503503504,0.0146225572708948,13.805,9.195,3.189389378676879,0.3997826086956522,0.128687100965173,0.0110325222517644,0.2591851173678078,0.2594889099876531,0.1459831291717456
graph_010_mu_0_3_node_196,14,0.0439560439560439,0.0003347178939251,0.3836405529953917,2.6066066066066065,0.0082550545771732,6.532,7.468,1.9745944444444443,0.5334285714285715,0.0541429972871559,0.0098632768529782,0.3877593007230077,0.3880059334674111,0.0268501403245914
graph_010_mu_0_3_node_479,16,0.1166666666666666,0.0003261686733066,0.3820267686424474,2.6176176176176176,0.0103467554747365,9.654,6.346,2.672488888888889,0.396625,0.0865117904554562,0.0078815163765664,0.2587111538501354,0.2589207859086439,0.0841556331869121
graph_010_mu_0_3_node_79,29,0.1133004926108374,0.001815333739782,0.4283876500857633,2.334334334334334,0.0226353067448796,14.683,14.317,2.7387806502192333,0.4936896551724138,0.6480992958901928,0.0168311399597786,0.3409935757511693,0.3414665262238167,0.460624170461578
graph_010_mu_0_3_node_524,39,0.1889338731443994,0.0016181643718111,0.4236641221374045,2.36036036036036,0.0281202407523456,27.177,11.823,4.514124891774892,0.3031538461538461,0.1717764256961247,0.0131722008199995,0.1812739444178076,0.1816648870716514,0.3486800270902989
graph_010_mu_0_3_node_121,33,0.0681818181818181,0.0015369839701687,0.413151364764268,2.4204204204204203,0.021023583202542,20.374,12.626,3.634481095506324,0.3826060606060605,0.1737652289806005,0.0159258517374698,0.2466951321942128,0.2471123852187407,0.1743207356432964
graph_010_mu_0_3_node_532,36,0.1857142857142857,0.0010331367783391,0.427105600684053,2.3413413413413413,0.0462878269650333,27.212,8.788,4.8665611388611385,0.244111111111111,0.0591172277085482,0.0110667050593903,0.1406897553061942,0.1409803777452361,0.161256480322262
graph_010_mu_0_3_node_965,17,0.1176470588235294,0.0003622585490091,0.3826120260436614,2.6136136136136137,0.0125332463112402,9.899,7.101,2.3841849206349206,0.4177058823529412,0.0793071856955439,0.008291065303234,0.2709131889661032,0.2711477676805607,0.0910862521337669
graph_010_mu_0_3_node_436,15,0.0952380952380952,0.0003406621512238,0.389777604369879,2.5655655655655654,0.0111396239633211,7.379,7.621,1.8863879870129872,0.5080666666666666,0.1053177503477111,0.0092581714579859,0.3549090933300197,0.355160799296961,0.0731114370618749
graph_010_mu_0_3_node_846,92,0.0928838951310861,0.008302484453279,0.4821428571428571,2.074074074074074,0.0626655501541861,65.898,26.102,7.808430404327852,0.2837173913043478,0.2136144633880191,0.0316339147135115,0.168225820076487,0.1690905750418629,0.453953132843243
graph_010_mu_0_3_node_716,21,0.1857142857142857,0.0005743710519903,0.4208087615838247,2.3763763763763763,0.0292230049154809,13.488,7.512,2.908008333333333,0.3577142857142857,0.0515269010909721,0.0093297358798301,0.2228434542615808,0.2230916638684034,0.0742746876060225
graph_010_mu_0_3_node_155,30,0.135632183908046,0.0011227750331829,0.4406704896338774,2.269269269269269,0.0302688506839676,19.609,10.391,3.5831690809190806,0.3463666666666666,0.0850355772356743,0.0127449032069442,0.214226970844431,0.2145704028001268,0.1338321830955804
graph_010_mu_0_3_node_440,14,0.0439560439560439,0.0003453655706945,0.3765548435733132,2.655655655655656,0.0069960877012531,4.923,9.077,1.460501515151515,0.6483571428571429,0.0928782304776266,0.0117415808275205,0.5107561548937993,0.5110558807911554,0.0184798963741585
graph_010_mu_0_3_node_117,31,0.1428571428571428,0.0011988313218323,0.4008828250401284,2.4944944944944947,0.0151672983569355,18.659,12.341,3.5011566843029693,0.3980967741935484,0.4489228169277629,0.0142633417919098,0.257473693816856,0.2578815005442096,0.4574632820795821
graph_010_mu_0_3_node_888,24,0.1521739130434782,0.0005965687289384,0.4036363636363636,2.477477477477477,0.0191044601210758,15.114,8.886,3.00989264069264,0.3702500000000001,0.0993484084933819,0.010445176947251,0.2322786383523513,0.2325722628995294,0.1419085812549229
graph_010_mu_0_3_node_694,21,0.1333333333333333,0.0006890797200165,0.3878105590062112,2.578578578578578,0.0107252415932892,14.142,6.858,3.614849475524476,0.3265714285714285,0.0944117994826961,0.008243191856398,0.2001796447684731,0.2004062573416196,0.1567200005469241
graph_010_mu_0_3_node_705,22,0.2467532467532467,0.0008782737512481,0.4114497528830313,2.4304304304304303,0.0154990765064131,14.41,7.59,3.467909218559218,0.345,0.3039677770730088,0.0086906006967025,0.2144210501831291,0.2146718461114822,0.4383713996217067
graph_010_mu_0_3_node_385,22,0.1385281385281385,0.0006860569705747,0.392226148409894,2.5495495495495497,0.0138716302759933,11.806,10.194,2.450539163614164,0.4633636363636362,0.3995563708218975,0.0120364376358156,0.3133753258193207,0.3137120713831414,0.3286241332087524
graph_010_mu_0_3_node_48,26,0.1353846153846153,0.0009128012557993,0.3961141950832672,2.5245245245245247,0.0141172477352515,16.187,9.813,3.203906565656566,0.3774230769230769,0.1663855112251835,0.0110308358823705,0.2381765775006239,0.2385008423047121,0.2281293616235248
graph_010_mu_0_3_node_834,32,0.1552419354838709,0.0011525746759119,0.4291237113402061,2.33033033033033,0.0252928193631942,20.428,11.572,3.5497375069375066,0.361625,0.1292363783933311,0.0135331660871803,0.2254195839556065,0.2258020550264547,0.1931926874850976
graph_010_mu_0_3_node_370,31,0.1576354679802955,0.0011334030588923,0.4095940959409594,2.4414414414414414,0.0172578761816588,18.889,12.111,3.5573038145677853,0.3906774193548386,0.4433755139917326,0.0137625203184337,0.249971872132893,0.2503720978055717,0.4982522386218452
graph_010_mu_0_3_node_458,17,0.1691176470588235,0.0003671785114895,0.390234375,2.5625625625625625,0.0120184715249867,8.94,8.06,2.1181660894660896,0.4741176470588234,0.1355182690459463,0.0091390548840781,0.3200284386508331,0.3202946704764114,0.1223139758435223
graph_010_mu_0_3_node_175,21,0.1095238095238095,0.0005829038885787,0.4324675324675324,2.3123123123123124,0.0226285735340398,8.178,12.822,1.8735894522144525,0.6105714285714285,0.1552327758885642,0.0161920199148889,0.4622848552929613,0.4627082685789681,0.0668151792261562
graph_010_mu_0_3_node_668,27,0.1937321937321937,0.0008324898677152,0.4046172539489672,2.4714714714714714,0.0183102779996476,19.997,7.003,4.715328571428572,0.2593703703703703,0.079355762072565,0.0079510963794886,0.151639275351975,0.1518707687869166,0.1918419151638214
graph_010_mu_0_3_node_835,37,0.1606606606606606,0.001882880528987,0.437199124726477,2.287287287287288,0.0460317498564953,23.253,13.747,3.789551376972701,0.3715405405405406,0.0954504554356016,0.0169229434747519,0.2345025544242887,0.2349569431678557,0.1265508875148163
graph_010_mu_0_3_node_241,28,0.1402116402116402,0.0011271737872595,0.4100985221674877,2.4384384384384385,0.0200112868370454,15.523,12.477,2.766358236208236,0.4456071428571428,0.2105592926455232,0.0143612776812139,0.2944522846607142,0.294864519362587,0.2136640887081519
graph_010_mu_0_3_node_228,26,0.0769230769230769,0.0011585523942242,0.4080882352941176,2.4504504504504503,0.014492863934326,13.736,12.264,2.9045631392429376,0.4716923076923076,0.158427331302605,0.0154337236193404,0.3219639309373203,0.3223690660501038,0.1220636533221216
graph_010_mu_0_3_node_411,21,0.1095238095238095,0.0007724040234887,0.3978494623655914,2.5135135135135136,0.0120531767018807,11.926,9.074,2.666096940559441,0.4320952380952381,0.2403336389549474,0.0117987894636822,0.2886936848373151,0.288993441979428,0.1728166162899045
graph_010_mu_0_3_node_958,34,0.1229946524064171,0.0015449034947196,0.4449888641425389,2.247247247247248,0.0293170936450553,17.626,16.374,2.957863375513375,0.4815882352941176,0.2377643219085057,0.0182604238312959,0.3254710794895877,0.3260120653412963,0.2153635514242318
graph_010_mu_0_3_node_629,17,0.1029411764705882,0.0004835341337293,0.3876600698486612,2.57957957957958,0.0127083191207038,7.764,9.236,1.9335910894660897,0.5432941176470589,0.2996134699774815,0.0113701994690164,0.3920986560641072,0.3924036854130829,0.1666402475907976
graph_010_mu_0_3_node_859,17,0.1102941176470588,0.0004519575848567,0.4075887392900856,2.4534534534534536,0.0160066720209416,7.813,9.187,1.960025,0.5404117647058825,0.1126683960418781,0.0118074058438957,0.3940481420667625,0.3943515482976996,0.0550728817141407
graph_010_mu_0_3_node_254,24,0.1775362318840579,0.0005863397120201,0.4164235097957482,2.4014014014014013,0.0222882244198193,16.114,7.886,3.360304761904762,0.3285833333333333,0.0637383671896137,0.0097929851441094,0.2002097322327378,0.2004703423410047,0.1119020425681806
graph_010_mu_0_3_node_50,22,0.1631578947368421,0.0006489265084018,0.383199079401611,2.6096096096096097,0.0095282311328481,13.758,8.242,3.261769932844933,0.3746363636363635,0.2621235650593935,0.0100066802939544,0.2388557512500253,0.2391280678481024,0.2883350085079085
graph_010_mu_0_3_node_582,30,0.1540229885057471,0.0010874031766427,0.4119587628865979,2.4274274274274275,0.0215788722505335,19.13,10.87,3.514438727938728,0.3623333333333334,0.15854960091432,0.0120366864922744,0.2256314343483145,0.2259906851284907,0.2416171352195131
graph_010_mu_0_3_node_828,76,0.0888559792669381,0.0073507003214438,0.4625,2.1621621621621623,0.0405654676334061,53.0,23.0,6.962827583730883,0.3026315789473684,0.3180213057248434,0.0284404136319163,0.184184988015603,0.1849463150153697,0.5004565972769734
graph_010_mu_0_3_node_445,34,0.1479500891265597,0.0013692342806814,0.4109419991772933,2.433433433433433,0.0196416386583993,20.548,13.452,3.452638569033305,0.3956470588235295,0.2261107408031715,0.0153833767906527,0.2522921853354964,0.2527367630085115,0.2905113146874334
graph_010_mu_0_3_node_666,29,0.1847290640394088,0.0008642939380519,0.436054124836316,2.293293293293293,0.039218162557917,18.805,10.195,3.4734419802419803,0.351551724137931,0.0694738371590617,0.0127520305341607,0.2180809206013177,0.21841786060896,0.1083588505352983
graph_010_mu_0_3_node_474,36,0.0968253968253968,0.001635119619131,0.4263764404609475,2.345345345345345,0.0245686157189262,24.788,11.212,4.557036263736263,0.3114444444444444,0.0921652723938663,0.0134755880214347,0.1884449627438101,0.1888156394127411,0.1711002554433945
graph_010_mu_0_3_node_611,32,0.1733870967741935,0.0010901899095744,0.4243840271877655,2.3563563563563563,0.0383867311157681,22.37,9.63,4.005604617604617,0.3009375,0.0648132989138552,0.012048410342256,0.1799436017667871,0.1802619554949573,0.1307581473960276
graph_010_mu_0_3_node_577,39,0.1291291291291291,0.0016210947864503,0.4307891332470893,2.3213213213213213,0.0297466667887088,22.651,16.349,3.535374869493252,0.4192051282051283,0.2377287862820301,0.0182305947243914,0.2710365075177536,0.2715768464414393,0.2696591010719989
graph_010_mu_0_3_node_720,21,0.087719298245614,0.0005428749701862,0.3940828402366864,2.537537537537537,0.0130313173620721,10.879,10.121,2.501239627039627,0.4819523809523808,0.141995343186743,0.0121840598026248,0.3315020268120522,0.3318363383054523,0.1003377000707805
graph_010_mu_0_3_node_957,22,0.1298701298701298,0.000726286021053,0.4145228215767635,2.4124124124124124,0.0174071616918973,10.462,11.538,2.271399206349207,0.5244545454545455,0.1945027841906782,0.0130513780708113,0.3684694644037518,0.3688505594001168,0.1375304375227286
graph_010_mu_0_3_node_26,29,0.0689655172413793,0.0010186755494198,0.4008828250401284,2.4944944944944947,0.0177362177597477,17.65,11.35,3.2805655844155845,0.3913793103448275,0.0924454969407669,0.0138826992679298,0.2494133896340999,0.2497884556631549,0.1036815126328148
graph_010_mu_0_3_node_473,34,0.0695187165775401,0.0018015922538147,0.4313471502590673,2.3183183183183185,0.0219343538578981,18.037,15.963,3.412923894666229,0.4694999999999999,0.2096227543444981,0.0199732838351847,0.3205802263100897,0.3211076136176554,0.1565533156070763
graph_010_mu_0_3_node_152,21,0.2046783625730994,0.0007313218823052,0.4129805704836709,2.4214214214214214,0.0159067791846043,14.586,6.414,3.695525233100233,0.3054285714285714,0.2089207246259417,0.0079158902247077,0.1850711279121728,0.18528307793719,0.3170040926367022
graph_010_mu_0_3_node_917,18,0.1437908496732026,0.0005074704654966,0.3933070866141732,2.5425425425425425,0.0108258985471009,9.357,8.643,2.289333916083916,0.4801666666666666,0.3357103935701425,0.0100420436067919,0.328524708204059,0.3288101924596182,0.2629902158930613
graph_010_mu_0_3_node_384,24,0.1159420289855072,0.0006846631004016,0.4172932330827067,2.3963963963963963,0.0253168056802009,13.415,10.585,2.6774528138528138,0.4410416666666666,0.0855883994462128,0.0130364790465744,0.2907836649209686,0.2911333664509711,0.0893482462563099
graph_010_mu_0_3_node_288,24,0.1268115942028985,0.0007705676944322,0.4112803622890078,2.431431431431432,0.0182340500423705,13.278,10.722,2.715758741258741,0.44675,0.1191446466468281,0.0125329755293521,0.2957089192193368,0.2960631416293731,0.121181411975267
graph_010_mu_0_3_node_769,17,0.0735294117647058,0.0004310671082018,0.4049452776651804,2.4694694694694697,0.0149713613477769,7.768,9.232,1.863915087690088,0.5430588235294117,0.0846832573267361,0.0125347314589099,0.3947171340999827,0.3950220286424164,0.042834328582757
graph_010_mu_0_3_node_374,24,0.0942028985507246,0.0007449024792734,0.4206315789473684,2.3773773773773774,0.020597680042868,13.566,10.434,2.681748917748918,0.43475,0.0849729046263055,0.012759648159394,0.2858112268321712,0.2861559435045405,0.0894397785743977
graph_010_mu_0_3_node_92,17,0.1714285714285714,0.0002651471236888,0.3830521472392638,2.6106106106106104,0.010691874651075,11.747,5.253,3.3213069624819624,0.309,0.0688769845190341,0.0068618277605056,0.1888756342333373,0.1890491936557955,0.1009877781075415
graph_010_mu_0_3_node_518,31,0.0566502463054187,0.001460843528301,0.4074225122349103,2.454454454454454,0.0152124317130461,16.8,14.2,3.5582981687811226,0.4580645161290322,0.3875597293019451,0.0180401040202941,0.314281991037931,0.3147511093911145,0.2133484818005346
graph_010_mu_0_3_node_134,24,0.1775362318840579,0.0008307703586072,0.408255006129955,2.4494494494494496,0.0173813748246942,13.8,10.2,2.8360270396270395,0.425,0.3729291193708699,0.01173755299646,0.2785183289870388,0.2788553192697269,0.3793765388591171
graph_010_mu_0_3_node_38,25,0.1166666666666666,0.0008524041877875,0.4236641221374045,2.36036036036036,0.0190956041331895,15.917,9.083,3.4739907347554406,0.36332,0.1244774029681004,0.0113067425214746,0.2307236101625602,0.2310237410424274,0.1392665371661731
graph_010_mu_0_3_node_854,25,0.2,0.0006011756824612,0.4075887392900856,2.4534534534534536,0.0201045292408909,18.083,6.917,4.374194444444444,0.2766799999999999,0.0570014265649549,0.0082011072263583,0.1637629496117169,0.1639915712687983,0.1255879195076066
graph_010_mu_0_3_node_756,14,0.1648351648351648,0.0002784663910314,0.383935434281322,2.6046046046046047,0.0091569837665714,9.091,4.909,2.8609388888888887,0.3506428571428571,0.0637051551096059,0.0061242858596656,0.2193598220662293,0.2195219918045061,0.0868170825873324
graph_010_mu_0_3_node_133,36,0.1269841269841269,0.001440803409707,0.4294926913155632,2.3283283283283285,0.0280595786075667,26.342,9.658,5.032855844155844,0.2682777777777777,0.0784059332532309,0.0117251744689995,0.1573336076566946,0.1576529671644389,0.184244705075091
graph_010_mu_0_3_node_689,32,0.1552419354838709,0.0010479508576592,0.4238438693254137,2.359359359359359,0.0256182131117233,23.375,8.625,4.491475901875902,0.26953125,0.0706558083239015,0.0105828843286576,0.1583631518663107,0.1586483086165784,0.1635380256968819
graph_010_mu_0_3_node_332,22,0.238095238095238,0.000450330392986,0.4345367551109177,2.3013013013013013,0.0369803950792434,14.28,7.72,2.99236746031746,0.3509090909090909,0.0524068089043464,0.0096202629710376,0.2172712584945462,0.2175263529040185,0.082005805939139
graph_010_mu_0_3_node_39,40,0.0974358974358974,0.0023848427310448,0.4347258485639687,2.3003003003003,0.0275276125757986,24.159,15.841,3.797545931949028,0.396025,0.1764787013143399,0.0187893760569552,0.2532178475923842,0.2537414454808718,0.2221959062800919
graph_010_mu_0_3_node_511,14,0.0219780219780219,0.0003281587248315,0.3863109048723898,2.5885885885885886,0.0100436116563696,6.486,7.514,1.9527090909090912,0.5367142857142857,0.1236459702707139,0.0099002156956101,0.3945390692700708,0.3947872179357666,0.030454346497491
graph_010_mu_0_3_node_994,19,0.175438596491228,0.0004051581466552,0.3908450704225352,2.558558558558558,0.0129668294754103,11.912,7.088,2.8199396825396823,0.3730526315789473,0.1201837137138457,0.0080348048413498,0.2348187569271289,0.2350529364617026,0.1676841604271684
graph_010_mu_0_3_node_262,23,0.1343873517786561,0.0007321556715751,0.3812977099236641,2.6226226226226226,0.0095522340045964,14.327,8.673,3.234367231379731,0.3770869565217392,0.3042294867773844,0.0100557352596129,0.2391268019001197,0.2394133700970425,0.3890799982887268
graph_010_mu_0_3_node_336,60,0.0932203389830508,0.0039008277632744,0.4692343823391263,2.131131131131131,0.0536221556569812,38.082,21.918,5.01386144814788,0.3653,0.1780474011322707,0.0271395127975046,0.2283474702116983,0.2290724208086979,0.2610704163856162
graph_010_mu_0_3_node_86,39,0.2145748987854251,0.0014289013866476,0.4339704604691572,2.304304304304304,0.0486767153096961,28.686,10.314,4.921589502164502,0.2644615384615384,0.0702512963458114,0.0128204294721513,0.1546659256592149,0.1550070213868962,0.16821875679759
graph_010_mu_0_3_node_65,18,0.1633986928104575,0.0003970680581111,0.3775510204081632,2.6486486486486487,0.008148314781031,14.732,3.268,6.011121428571428,0.1815555555555556,0.0470513691213077,0.0037434870227782,0.1017341259533286,0.1018421319953486,0.1573007813101895
graph_010_mu_0_3_node_540,40,0.0469416785206258,0.0025073229551507,0.4362445414847161,2.2922922922922924,0.0204792897979212,23.935,16.065,4.434401395418885,0.4016249999999999,0.2242355621075496,0.0188331260781652,0.2603003613742913,0.2608313215483226,0.2431431681592198
graph_010_mu_0_3_node_701,22,0.3852813852813853,0.000275412450868,0.4119587628865979,2.4274274274274275,0.0371869940102454,18.72,3.28,6.864,0.1490909090909091,0.0224936200732862,0.0040574355618012,0.0813353482970045,0.0814437816558766,0.1122575675982514
graph_010_mu_0_3_node_66,17,0.1102941176470588,0.0004932859845302,0.3939274447949527,2.5385385385385386,0.0119985000425509,8.765,8.235,2.352159135309136,0.4844117647058823,0.107413907919326,0.0102603654622167,0.335745252817954,0.3360172493701986,0.0752241406921432
graph_010_mu_0_3_node_195,24,0.181159420289855,0.000616053211214,0.4047811993517017,2.4704704704704703,0.0205086748493205,15.992,8.008,3.5856406926406925,0.3336666666666666,0.0896184255719658,0.0093059615749204,0.2045215685094703,0.2047862042205142,0.1517914763028165
graph_010_mu_0_3_node_593,21,0.0809523809523809,0.0006925539169316,0.3885647607934656,2.5735735735735736,0.011442504271237,10.744,10.256,2.3554668997668995,0.4883809523809523,0.1402936835144835,0.0124300854506347,0.3353420128275428,0.335680784916952,0.1088844750157641
graph_010_mu_0_3_node_365,30,0.0873563218390804,0.0012730253617049,0.4074225122349103,2.454454454454454,0.019189836197622,16.637,13.363,3.4920493341797525,0.4454333333333333,0.1939584896781773,0.01605191691995,0.2997175257796861,0.3001590166225409,0.1762818715203578
graph_010_mu_0_3_node_60,29,0.1896551724137931,0.0009148944621849,0.4080882352941176,2.4504504504504503,0.0217905522248781,19.976,9.024,3.957898412698413,0.3111724137931035,0.1319385900123421,0.0099198509072599,0.1874093539563356,0.1877076334175654,0.2545123041238812
graph_010_mu_0_3_node_845,26,0.0984615384615384,0.0010364194973129,0.4062627084180561,2.4614614614614614,0.0177408103826716,15.517,10.483,3.288778643578644,0.4031923076923077,0.0853247964543334,0.012588701522154,0.2595140464595898,0.2598604234741567,0.1040241123153528
graph_010_mu_0_3_node_22,37,0.069069069069069,0.0020568186323859,0.4304179233089186,2.3233233233233235,0.0236927427000625,21.829,15.171,3.703888537897916,0.410027027027027,0.2043754515154581,0.0190236702671243,0.2686514631550227,0.2691528188655867,0.1937468205753667
graph_010_mu_0_3_node_63,24,0.1123188405797101,0.000881252164733,0.4065934065934066,2.45945945945946,0.0161634565138735,13.05,10.95,2.7449072123954474,0.4562499999999999,0.3622186831455757,0.0134911904171233,0.3093725880381067,0.3097343164892637,0.2596871523059459
graph_010_mu_0_3_node_902,29,0.1034482758620689,0.0013193033039358,0.4197478991596639,2.3823823823823824,0.0188656269649412,14.897,14.103,2.90135420967921,0.4863103448275863,0.1563894877465148,0.0165810653894089,0.3321418266258133,0.3326077266640226,0.1318800275748227
graph_010_mu_0_3_node_591,23,0.1095238095238095,0.0007538345424032,0.3953304313415117,2.5295295295295297,0.011888404489965,11.731,11.269,2.563371424408924,0.4899565217391304,0.4005751589288892,0.0130162427531308,0.3366678927448034,0.3370401338222395,0.2797464234628294
graph_010_mu_0_3_node_188,42,0.1614401858304297,0.0017619507956932,0.4438027543314082,2.253253253253253,0.0497066807168811,27.454,14.546,4.270535636912108,0.3463333333333334,0.0988534112621153,0.0180786196990324,0.2137128490681375,0.214193777857879,0.1587949735952521
graph_010_mu_0_3_node_509,23,0.0869565217391304,0.0006812950966053,0.4028225806451613,2.4824824824824825,0.0177183949810653,13.035,9.965,2.525877741702742,0.4332608695652175,0.1450085836587927,0.0111433653141038,0.2829796053929537,0.2833088278579049,0.1478428026543189
graph_010_mu_0_3_node_534,53,0.1690856313497823,0.0025611790193204,0.456581352833638,2.19019019019019,0.0630105063981787,37.739,15.261,5.41661853568688,0.287943396226415,0.1045436372635195,0.0189296304546581,0.1710860858771405,0.1715909787566751,0.2192920394780401
graph_010_mu_0_3_node_426,33,0.0871212121212121,0.0018434161776395,0.4289394589952769,2.3313313313313317,0.0218254465543285,15.352,17.648,2.9079608990593244,0.5347878787878788,0.2419006490577169,0.0213180501946474,0.3826357531504796,0.3832186737387466,0.1471238549531939
graph_010_mu_0_3_node_695,19,0.1111111111111111,0.0005296114329908,0.425287356321839,2.3513513513513518,0.0216031430880346,9.38,9.62,2.1159813186813183,0.5063157894736842,0.116520455213889,0.0125931658294928,0.3602119838044231,0.3605297146961683,0.0634944694291244
graph_010_mu_0_3_node_472,15,0.1904761904761904,0.0002455733512625,0.3805714285714285,2.627627627627628,0.0111749420276366,11.156,3.844,4.554285714285713,0.2562666666666666,0.052556866283945,0.0047483388458607,0.1521488478371536,0.1522758546963788,0.110050706052829
graph_010_mu_0_3_node_304,39,0.1120107962213225,0.0017733089093417,0.432842287694974,2.31031031031031,0.028547550031482,25.377,13.623,4.307843213649096,0.3493076923076923,0.1118439564305868,0.0163884281433886,0.2167450356814694,0.2171953936021905,0.1729925493164213
graph_010_mu_0_3_node_210,29,0.0797720797720797,0.0014071996740065,0.4145228215767635,2.4124124124124124,0.0159150916315607,16.043,12.957,3.4078591823549385,0.4467931034482758,0.3542928588189197,0.0164567015938937,0.3040029095835534,0.3044309670336732,0.2090806363720874
graph_010_mu_0_3_node_212,17,0.1323529411764706,0.0005588728208889,0.4004008016032064,2.497497497497497,0.0126993537984183,9.525,7.475,2.425097655122655,0.4397058823529411,0.1052297967595656,0.0089282384405978,0.2930981941277355,0.2933451115014213,0.0976668731525513
graph_010_mu_0_3_node_790,25,0.0866666666666666,0.0005981719284627,0.4000800961153384,2.4994994994995,0.0197067721843272,16.563,8.437,3.4600322871572877,0.33748,0.0694842511573454,0.0102787069661811,0.2079462386389087,0.2082250541695708,0.1129852679633149
graph_010_mu_0_3_node_531,28,0.1084656084656084,0.0008172883913336,0.4049452776651804,2.4694694694694697,0.0195798886757408,20.252,7.748,4.382544444444446,0.2767142857142858,0.0637287426051086,0.0093606571238316,0.1635438147347274,0.1637999317714364,0.1329528784086839
graph_010_mu_0_3_node_550,22,0.1471861471861472,0.0006426538523736,0.4033104561970125,2.47947947947948,0.0146212077189754,14.167,7.833,3.138189621489621,0.3560454545454545,0.1076610085081263,0.0096721823569249,0.2224670579618921,0.2227258785714433,0.1548681177189786
graph_010_mu_0_3_node_710,21,0.3238095238095238,0.000431635432332,0.4039627982207844,2.4754754754754758,0.0327430347175997,15.92,5.08,4.40295,0.2419047619047618,0.0347321136495716,0.0063253937136461,0.1397911940428628,0.1399590894785126,0.0941689657311217
graph_010_mu_0_3_node_529,31,0.1591397849462365,0.0011526118746508,0.4296774193548387,2.3273273273273274,0.0273324532632574,17.687,13.313,3.0569746628371632,0.429451612903226,0.2250739282990649,0.0152377215356897,0.2809590650286242,0.2813989651873036,0.2454715814903232
graph_010_mu_0_3_node_522,35,0.1714285714285714,0.0012114612193567,0.4195716085678286,2.3833833833833835,0.0250756144581828,23.174,11.826,3.905425407925408,0.3378857142857143,0.1718936066446214,0.0132322838209399,0.206762435082201,0.2071533725995805,0.294821327061004
graph_010_mu_0_3_node_272,17,0.125,0.0004901525472934,0.389777604369879,2.5655655655655654,0.010820573553853,8.472,8.528,2.1086811688311693,0.5016470588235293,0.2987390912411113,0.0100640178335666,0.348742468113974,0.3490241391468815,0.2109495115445679
graph_010_mu_0_3_node_4,25,0.1133333333333333,0.0008464395393011,0.4042897612302711,2.4734734734734736,0.01708377630729,16.127,8.873,3.44316473110223,0.35492,0.0988435855416,0.0103392811939285,0.2208279876512535,0.2211211997653979,0.1504182365144544
graph_010_mu_0_3_node_566,31,0.1784946236559139,0.0010049395690951,0.4159034138218151,2.4044044044044046,0.0224014132767623,20.003,10.997,3.4360241175491173,0.3547419354838709,0.1587074083485251,0.0124002765949465,0.2192100035418876,0.2195734751543847,0.2415855692287834
graph_010_mu_0_3_node_439,26,0.1876923076923076,0.0008385555746408,0.4129805704836709,2.4214214214214214,0.0181177341761417,18.008,7.992,3.978789826839826,0.3073846153846153,0.1356389036053248,0.0089403174636939,0.1850318037765448,0.1852959465414587,0.2590810003656653
graph_010_mu_0_3_node_97,47,0.1174838112858464,0.0028735572964843,0.4265584970111016,2.344344344344344,0.0215397424902882,32.371,14.629,5.312493866329246,0.3112553191489362,0.2034085777311809,0.0174137060848888,0.188785243577832,0.1892690505550615,0.3600467447816864
graph_010_mu_0_3_node_526,34,0.1319073083778966,0.0015381236545495,0.4247448979591837,2.354354354354354,0.0209341785874283,21.525,12.475,4.148815131359869,0.3669117647058824,0.2116881754988819,0.0138060121662678,0.2302309436637592,0.2306432675678319,0.3034597207549735
graph_010_mu_0_3_node_946,18,0.0784313725490196,0.0006065465705719,0.3826120260436614,2.6136136136136137,0.0087872691270184,9.475,8.525,2.4637111888111884,0.4736111111111111,0.2154232240579301,0.0110307737472588,0.3284621258695966,0.3287437061311493,0.1181619563775911
graph_010_mu_0_3_node_924,20,0.1263157894736842,0.0006629798294277,0.3810068649885583,2.6246246246246248,0.0083820531422579,12.501,7.499,2.9557477326594976,0.37495,0.1945393830784368,0.0097945758638362,0.2395544983751092,0.239802254316978,0.2029931910305359
graph_010_mu_0_3_node_327,29,0.0797720797720797,0.0009249684150197,0.4179916317991631,2.3923923923923924,0.0228479182582192,18.49,10.51,3.5315683261183257,0.3624137931034482,0.0854363388425462,0.012784461079342,0.22636958100992,0.2267169201713015,0.1199690753824575
graph_010_mu_0_3_node_268,26,0.1723076923076923,0.0009872065662251,0.3893219017926734,2.5685685685685686,0.0113839992184673,15.779,10.221,3.35030639589169,0.3931153846153846,0.4053423276634448,0.0117384890970307,0.2524600102281736,0.2527977344487498,0.4700577879206077
graph_010_mu_0_3_node_289,39,0.117408906882591,0.0019850215287841,0.4319066147859922,2.315315315315315,0.0286050066515185,23.008,15.992,3.677066431955557,0.4100512820512821,0.1783145681866914,0.0187167514477792,0.2645401497842428,0.2650686977686785,0.2124351227537757
graph_010_mu_0_3_node_131,26,0.1292307692307692,0.0010759483358942,0.40056134723336,2.4964964964964964,0.0132330539219892,15.044,10.956,3.241810328070622,0.4213846153846153,0.4401581733696451,0.0124522498233729,0.2773167877902883,0.2776787638526264,0.4322521261284504
graph_010_mu_0_3_node_465,23,0.1067193675889328,0.0007059212664089,0.4141791044776119,2.414414414414414,0.017556654494427,12.099,10.901,2.4242189033189034,0.4739565217391303,0.1565330426928873,0.0126911756133947,0.3186617402301503,0.3190218502766878,0.1459015801828279
graph_010_mu_0_3_node_208,19,0.1169590643274853,0.000600750338061,0.395017793594306,2.5315315315315314,0.0120301800629123,10.479,8.521,2.298673257298257,0.4484736842105262,0.1172809880206842,0.0104113973176536,0.2985770443285233,0.2988585236269748,0.1098559167118713
graph_010_mu_0_3_node_482,22,0.0909090909090909,0.0006133368255507,0.3936170212765957,2.5405405405405403,0.0142057835078325,12.195,9.805,2.4866547619047625,0.4456818181818181,0.1082765296324476,0.0116901848134557,0.2947165461077103,0.2950404632188694,0.1106445360005066
graph_010_mu_0_3_node_794,24,0.0909090909090909,0.0007487400262462,0.4087561374795417,2.4464464464464464,0.0175221222412188,15.232,8.768,3.3997100899100903,0.3653333333333333,0.1200878618875593,0.0109252623947145,0.2330240611681178,0.2333137719012888,0.1291601362782098
graph_010_mu_0_3_node_257,27,0.1966666666666666,0.0009039103151261,0.4007220216606498,2.4954954954954958,0.0138216056917414,17.818,9.182,3.999834965034965,0.340074074074074,0.3423337669035264,0.0102322143890897,0.2110117811212356,0.2113152251039879,0.4737436186949076
graph_010_mu_0_3_node_316,21,0.2857142857142857,0.0005382824509462,0.4192194712547209,2.385385385385385,0.0356763012805264,14.525,6.475,3.5364,0.3083333333333333,0.0448689559074153,0.0079714170458696,0.1865556544889966,0.1867696209508159,0.0822983916878719
graph_010_mu_0_3_node_667,48,0.1054964539007092,0.0029296890230692,0.4455842997323818,2.244244244244244,0.0332812004157935,32.253,15.747,4.981643066737184,0.3280625,0.1281437654391891,0.0191438055086165,0.2001566881941166,0.2006774596295027,0.2218692042129476
graph_010_mu_0_3_node_777,29,0.0886699507389162,0.0013072750515878,0.4074225122349103,2.454454454454454,0.0156408444638662,17.602,11.398,3.545798528677205,0.3930344827586206,0.1508003098218643,0.0142258493203657,0.254147857841459,0.2545244884511198,0.1617802972329731
graph_010_mu_0_3_node_341,33,0.0890151515151515,0.0015353154386735,0.4269230769230769,2.3423423423423424,0.0229689660579311,20.144,12.856,3.968740018315019,0.3895757575757574,0.1058014770703867,0.0153878525590007,0.2488826500105231,0.2493075172187791,0.1279394279887704
graph_010_mu_0_3_node_318,24,0.181159420289855,0.0006074755259778,0.4015273311897106,2.4904904904904903,0.0167342011985232,15.883,8.117,3.544722510822511,0.3382083333333333,0.0900418981857405,0.0093911232755242,0.2076594280295222,0.2079276639012748,0.1516772762577582
graph_010_mu_0_3_node_200,33,0.1117424242424242,0.0012621595473917,0.4298623063683304,2.3263263263263263,0.026061857757608,23.402,9.598,4.5477143772893776,0.2908484848484848,0.0783284489760071,0.0116454825489902,0.173195578212033,0.173512892002753,0.1622035677835024
graph_010_mu_0_3_node_856,33,0.0738636363636363,0.001358685414544,0.4181665969024696,2.391391391391392,0.0251659622489167,19.148,13.852,3.21942326007326,0.4197575757575756,0.1130014041994361,0.0170021432185949,0.2730367315613945,0.2734944734439924,0.1272065997770577
graph_010_mu_0_3_node_993,146,0.104020979020979,0.0186531213272647,0.5260663507109005,1.9009009009009008,0.1513063860640948,103.5,42.5,10.461841276015551,0.2910958904109588,0.2892103436951597,0.0529755578535715,0.1730454572308407,0.174456069980703,0.6016227319085751
graph_010_mu_0_3_node_708,21,0.1333333333333333,0.0007203454346729,0.3965859468042874,2.521521521521521,0.0127216285973915,11.62,9.38,2.533198193473193,0.4466666666666667,0.1292349716190395,0.0113323536714043,0.2974957409973801,0.2978056063167689,0.1209262114523952
graph_010_mu_0_3_node_138,17,0.0367647058823529,0.0005033717512976,0.3884136858475894,2.5745745745745747,0.0105412063915378,7.199,9.801,2.035737662337662,0.5765294117647058,0.1268753706640853,0.0119814234877313,0.4310719682380119,0.4313956319815218,0.0441498470813088
graph_010_mu_0_3_node_475,24,0.1630434782608695,0.0006302367837314,0.4215189873417722,2.3723723723723724,0.0362333387757123,14.687,9.313,2.934948051948052,0.3880416666666666,0.0636092388124569,0.0115931833248264,0.2469133294860118,0.2472210477644147,0.081900119131126
graph_010_mu_0_3_node_662,37,0.1051051051051051,0.001326839654513,0.421875,2.3703703703703702,0.0277597780887975,27.883,9.117,5.217706637806638,0.2464054054054054,0.0742425168237824,0.0111330296589349,0.1425177611427299,0.1428192690559503,0.1962721171011837
graph_010_mu_0_3_node_631,39,0.1282051282051282,0.0020253667709634,0.4455842997323818,2.244244244244244,0.0309131545635596,24.649,14.351,3.8982560120220335,0.367974358974359,0.1599645746813232,0.0168158912161134,0.2302962976797239,0.2307706966096879,0.2324904266128911
graph_010_mu_0_3_node_664,22,0.1082251082251082,0.0006993017227341,0.3923802042419481,2.5485485485485486,0.0124477217984686,11.897,10.103,2.5377136752136757,0.4592272727272727,0.3370015446189882,0.0124437388218949,0.3123570153620562,0.3126907505444642,0.238006378030038
graph_010_mu_0_3_node_372,25,0.1366666666666666,0.0007720426702263,0.4160766347355268,2.4034034034034035,0.022428532752256,13.227,11.773,2.438799492174492,0.4709199999999999,0.1713775971733838,0.0132543544043594,0.315984188598954,0.3163731199227732,0.1616575813203705
graph_010_mu_0_3_node_478,17,0.4117647058823529,0.0001820628438981,0.391304347826087,2.555555555555556,0.0138051017296666,14.303,2.697,5.884333333333334,0.1586470588235294,0.0452396315164655,0.0031879718809579,0.0867969347856444,0.0868860718589956,0.2131922887048052
graph_010_mu_0_3_node_93,30,0.1701149425287356,0.0010990496031655,0.4204545454545454,2.3783783783783785,0.0374012772292546,20.191,9.809,3.669940476190477,0.3269666666666667,0.0672728389969723,0.0122198697306425,0.1998651898779858,0.2001894053315722,0.1159009493772705
graph_010_mu_0_3_node_464,17,0.2573529411764705,0.0002460709972326,0.3774083868530412,2.6496496496496498,0.0119587901043028,12.478,4.522,3.600166666666666,0.266,0.0660004576284592,0.0049820313048517,0.1554965172341563,0.1556459419067779,0.1603497934094563
graph_010_mu_0_3_node_198,27,0.1709401709401709,0.000784430796708,0.4097621000820344,2.4404404404404403,0.0209618981366323,17.88,9.12,3.4425376623376627,0.3377777777777777,0.1324568749888035,0.0101656480261004,0.2065974139198717,0.2068988265523192,0.2275027913302894
graph_010_mu_0_3_node_614,35,0.0984848484848484,0.0016500938405647,0.415211970074813,2.4084084084084085,0.0185902423246501,20.605,14.395,3.8690474659069856,0.4112857142857142,0.1878134596481993,0.0179929518346328,0.2691661161704705,0.2696418088067752,0.1822362521028708
graph_010_mu_0_3_node_658,32,0.125,0.0014553985317523,0.4436056838365897,2.254254254254254,0.0410894350789522,15.145,16.855,2.668851482332596,0.52671875,0.1064243927679592,0.0232887854230388,0.3709800662955025,0.3715368273367164,0.0721561900729232
graph_010_mu_0_3_node_141,42,0.1080139372822299,0.0021787912850442,0.4445927903871829,2.249249249249249,0.0332064122371439,26.796,15.204,4.135667959362618,0.362,0.1240811621139145,0.0185777838243385,0.226176977700177,0.2266796201524916,0.18350308915483
graph_010_mu_0_3_node_68,40,0.0935897435897435,0.0020259563412417,0.4148671096345515,2.4104104104104103,0.0204200219440871,27.815,12.185,5.079772636385316,0.304625,0.1675232040975479,0.0150972663984708,0.1856537572887062,0.1860566390444614,0.2645897228923292
graph_010_mu_0_3_node_768,24,0.1485507246376811,0.0009315037610661,0.411619283065513,2.4294294294294296,0.0184576063829748,13.725,10.275,2.7543686979686983,0.428125,0.3742938885998223,0.0118065565692661,0.2811905094967321,0.281529975047591,0.3732072648826348
graph_010_mu_0_3_node_749,17,0.213235294117647,0.0003796257201163,0.3759879563417388,2.65965965965966,0.0090430344990523,10.272,6.728,2.804040476190476,0.3957647058823529,0.2486662378071326,0.0075513392061019,0.2551140285134056,0.2553362892291899,0.2833699430981379
graph_010_mu_0_3_node_752,27,0.1111111111111111,0.0009800605267141,0.4104354971240756,2.4364364364364364,0.0215257050008664,18.276,8.724,3.6361818181818175,0.323111111111111,0.0711763687692483,0.010650648966851,0.1966166004920123,0.1969049324094139,0.1191250880866019
graph_010_mu_0_3_node_281,33,0.2196969696969697,0.0011191043919133,0.4245643858903527,2.3553553553553552,0.0424685818603713,23.661,9.339,4.3453654761904765,0.283,0.0633774117733271,0.0116551189354426,0.1675409990196969,0.1678497601715786,0.1386732444439005
graph_010_mu_0_3_node_754,23,0.1067193675889328,0.0008124857062261,0.4039627982207844,2.4754754754754758,0.0157378063638072,12.027,10.973,2.762540026313556,0.477086956521739,0.1517248764416167,0.0130490390113741,0.3266903042677008,0.3270527724471253,0.1108463022380758
graph_010_mu_0_3_node_625,26,0.1661538461538461,0.0006918935728544,0.4112803622890078,2.431431431431432,0.0230421933351199,14.153,11.847,2.539271645021645,0.4556538461538461,0.1717629673051106,0.0134066265594006,0.3020343182468224,0.3024257185277961,0.1748715614861806
graph_010_mu_0_3_node_898,38,0.1308677098150782,0.0017081457775017,0.4278372591006424,2.3373373373373374,0.0279990631643843,23.764,14.236,3.869364625570508,0.3746315789473683,0.1595294869429391,0.016543087716497,0.2359040018891742,0.2363745698318366,0.2231901200644632
graph_010_mu_0_3_node_338,25,0.1733333333333333,0.0009165257338476,0.4051094890510949,2.468468468468469,0.018259497517756,15.275,9.725,3.30472166028416,0.3890000000000001,0.1093259099891598,0.0111793746404353,0.2478594253776974,0.2481807622371641,0.1415373784224096
graph_010_mu_0_3_node_909,30,0.1241379310344827,0.0010465148172911,0.4280205655526992,2.3363363363363363,0.0289562761478504,16.338,13.662,2.7753208874458872,0.4553999999999999,0.1979517644583474,0.0154835082892096,0.3019149770362709,0.302366372418043,0.2019783189579174
graph_010_mu_0_3_node_290,28,0.164021164021164,0.0011686542271895,0.4220532319391635,2.369369369369369,0.0203469896693433,15.57,12.43,2.950726495726496,0.4439285714285714,0.210328974272982,0.0140360732981642,0.2933802977060582,0.2937909792095136,0.21462873714149
graph_010_mu_0_3_node_23,26,0.1138461538461538,0.0010262239697716,0.4192194712547209,2.385385385385385,0.0203600254369427,12.696,13.304,2.559195717681012,0.5116923076923077,0.2241289355509781,0.0151044360084475,0.355919158842638,0.3563586162791115,0.1686150954193653
graph_010_mu_0_3_node_827,22,0.0779220779220779,0.0007923016205712,0.4099302421009438,2.43943943943944,0.0160885501228985,12.148,9.852,2.8481673992674,0.4478181818181818,0.126955859199888,0.012397853310523,0.3023982485377296,0.3027236996668798,0.0940299664686313
graph_010_mu_0_3_node_781,28,0.164021164021164,0.0009166020862493,0.4037995149555375,2.4764764764764764,0.0192441664385403,18.269,9.731,3.822110591747434,0.3475357142857143,0.1096135685625586,0.0111746019682871,0.2153159563914075,0.2156375539610716,0.1713392321652377
graph_010_mu_0_3_node_199,37,0.1663865546218487,0.001619550943839,0.4220532319391635,2.369369369369369,0.0239648345891763,24.499,12.501,4.029087897173346,0.3378648648648648,0.2115868738201982,0.0142024449313039,0.2073011289351685,0.2077143990607713,0.3361741434510595
graph_010_mu_0_3_node_142,20,0.1736842105263158,0.0005772039715006,0.383935434281322,2.6046046046046047,0.0107576382051075,14.379,5.621,4.4891277056277055,0.2810499999999999,0.0816652200559945,0.0064568954611325,0.1686042137526182,0.1687899590470074,0.157294530934536
graph_010_mu_0_3_node_976,36,0.0968253968253968,0.0015614067925912,0.425287356321839,2.3513513513513518,0.0276186123880571,20.945,15.055,3.334464550155727,0.4181944444444445,0.1214160083887166,0.0187243607654054,0.2707260874436622,0.2712236252163966,0.1412329738390645
graph_010_mu_0_3_node_162,39,0.1390013495276653,0.0018401270250959,0.4302325581395348,2.324324324324324,0.0274409982070127,25.605,13.395,4.314824409854851,0.3434615384615385,0.1492644964723173,0.0155270248732198,0.2115511667397518,0.211994006715959,0.2435116211781899
graph_010_mu_0_3_node_108,17,0.1985294117647058,0.0003953616366659,0.3784090909090909,2.6426426426426426,0.0102288125080062,10.328,6.672,2.6276877344877345,0.392470588235294,0.2407736652021103,0.0078850706968738,0.2522565735024497,0.2524769863417797,0.2709246520604317
graph_010_mu_0_3_node_621,24,0.0978260869565217,0.0009808135845254,0.4042897612302711,2.4734734734734736,0.013357850245343,13.8,10.2,3.014437395937396,0.425,0.1411953403667334,0.012130707809935,0.2791761462109781,0.2795131335199911,0.1451526268925023
graph_010_mu_0_3_node_739,20,0.1947368421052631,0.0004061829789187,0.4102669404517454,2.437437437437437,0.0189059968282403,12.876,7.124,3.122730380730381,0.3562,0.1202095523709073,0.0080647171703244,0.2215831522873816,0.221818535951402,0.1823660086114761
graph_010_mu_0_3_node_233,30,0.1632183908045977,0.0010865346207976,0.4129805704836709,2.4214214214214214,0.0215879205585311,20.431,9.569,4.24426356976357,0.3189666666666666,0.1085554048681243,0.0108394167703533,0.1940770345122223,0.1943933233916785,0.1927157155713402
graph_010_mu_0_3_node_715,23,0.1857707509881423,0.0005743437590489,0.3939274447949527,2.5385385385385386,0.0159151886380242,13.906,9.094,2.811772222222222,0.3953913043478261,0.1321084165631353,0.0101275792764048,0.2514991917519039,0.2517996661541981,0.1742231965884056
graph_010_mu_0_3_node_403,34,0.1408199643493761,0.0012922336864908,0.4278372591006424,2.3373373373373374,0.0275436033740318,21.56,12.44,3.7516093906093912,0.3658823529411765,0.1391614775002791,0.0144569897976281,0.2289340834983471,0.2293452570809339,0.2032374848552699
graph_010_mu_0_3_node_717,23,0.150197628458498,0.0007717886211588,0.40056134723336,2.4964964964964964,0.0151062585269016,14.7,8.3,3.552229079254079,0.3608695652173914,0.1173909180723133,0.0099942003645119,0.2277653451897413,0.2280395939691553,0.1578098225896506
graph_010_mu_0_3_node_837,56,0.0675324675324675,0.0046314592194531,0.4542974079126876,2.201201201201201,0.0342113587983464,34.026,21.974,4.815955967471183,0.3923928571428571,0.2945669200242826,0.027721650115735,0.2536592403903746,0.2543857697017862,0.3017952394583985
graph_010_mu_0_3_node_722,22,0.1645021645021645,0.0007104723338177,0.4020120724346076,2.4874874874874875,0.0143789924035699,11.401,10.599,2.633250793650794,0.4817727272727271,0.1794051968215057,0.0118031515007474,0.3285046286423033,0.3288547413655331,0.152215967690856
graph_010_mu_0_3_node_580,26,0.0984615384615384,0.0010988065897199,0.4157303370786517,2.4054054054054053,0.0182175096965139,15.699,10.301,3.226300082760377,0.3961923076923077,0.1433360077887946,0.0123495885975338,0.254902649517025,0.255243014780477,0.1682717263511997
graph_010_mu_0_3_node_116,58,0.1494252873563218,0.0034387540271884,0.4586776859504132,2.18018018018018,0.0637298666648638,41.367,16.633,5.935860682045031,0.2867758620689655,0.1150834593434253,0.0204538868775776,0.1706564806454547,0.1712068529353521,0.238644114364898
graph_010_mu_0_3_node_489,45,0.0989898989898989,0.0024910860229791,0.4578368469294225,2.184184184184184,0.0397179092738761,29.137,15.863,4.380566222283909,0.3525111111111111,0.1301679007696623,0.0194358503718382,0.2191140435897209,0.2196385341534808,0.1988005604466355
graph_010_mu_0_3_node_506,22,0.1731601731601731,0.0004994481210914,0.3817348108521207,2.61961961961962,0.0138268406062538,14.736,7.264,3.208171428571428,0.3301818181818182,0.1056871873194773,0.0080388698490054,0.2011056131471294,0.2013456532703329,0.1872290137690144
graph_010_mu_0_3_node_501,15,0.238095238095238,0.0002787119468169,0.387359441644048,2.581581581581581,0.021053589530444,10.473,4.527,3.518142857142857,0.3018,0.032339917309677,0.005510478351388,0.1840228673209183,0.1841724309797046,0.0572187296950173
graph_010_mu_0_3_node_866,24,0.0652173913043478,0.0009481726006114,0.4347258485639687,2.3003003003003,0.0218031046155912,10.264,13.736,2.168931431313784,0.5723333333333332,0.1638261419001201,0.0168326326665841,0.4199331306553956,0.4203867702561873,0.0766300127861527
graph_010_mu_0_3_node_601,44,0.1828752642706131,0.0024637812351326,0.4404761904761904,2.27027027027027,0.0302707333029519,32.179,11.821,5.222202686202687,0.2686590909090909,0.1718024071071035,0.0131475712116941,0.1571835487359159,0.1575745537615876,0.4149983639427682
graph_010_mu_0_3_node_428,72,0.1118935837245696,0.0063088268710054,0.4816779170684667,2.076076076076076,0.0484142925262946,47.864,24.136,6.085500249404164,0.3352222222222222,0.2695763664938416,0.0281028974921492,0.2053134992712452,0.2061122519639632,0.4560879769028418
graph_010_mu_0_3_node_762,17,0.1397058823529411,0.0004270961409757,0.3878105590062112,2.578578578578578,0.0101410057673125,10.755,6.245,3.217472619047619,0.3673529411764706,0.0835854177477693,0.007597908236724,0.2342827392770579,0.234489050146038,0.1003628604560241
graph_010_mu_0_3_node_371,32,0.1451612903225806,0.0012356876082151,0.415211970074813,2.4084084084084085,0.0205121598950254,21.066,10.934,3.741226684426685,0.3416875,0.1588174805987724,0.0120944185012475,0.2095988794565127,0.2099602927185632,0.2673276191525046
graph_010_mu_0_3_node_635,24,0.0952380952380952,0.0007172764485391,0.4008828250401284,2.4944944944944947,0.0194834631599117,11.676,12.324,2.408308268202386,0.5135,0.4394790550296204,0.0149302959199634,0.3626074115148142,0.3630144721231461,0.2440474236726104
graph_010_mu_0_3_node_224,28,0.1111111111111111,0.0009428171185479,0.4150394682176984,2.4094094094094096,0.0214432498966736,17.451,10.549,3.308541414141414,0.37675,0.0855156551417177,0.0128888633742932,0.2374424004903941,0.2377910054826302,0.1183097132393311
graph_010_mu_0_3_node_628,22,0.1105263157894736,0.0007736175014235,0.3947056499407348,2.5335335335335336,0.0122677066960014,12.232,9.768,2.9728777777777777,0.4439999999999999,0.4532709617611061,0.0111273015203927,0.2987830023045944,0.2991056808077934,0.3465773694266265
graph_010_mu_0_3_node_707,33,0.1010752688172043,0.0014697823704757,0.4272882805816937,2.34034034034034,0.0244819781014431,14.656,18.344,2.697091512527383,0.555878787878788,0.2417510827558431,0.0223753736020623,0.4004254511580782,0.4010313389891135,0.1338196149487759
graph_010_mu_0_3_node_408,24,0.1195652173913043,0.0006821544990454,0.4074225122349103,2.454454454454454,0.0185300519227835,12.216,11.784,2.5088887112887117,0.4910000000000001,0.1694851457104949,0.0136802119336148,0.3345939401474585,0.3349832073140447,0.1464585306557004
graph_010_mu_0_3_node_785,28,0.0634920634920634,0.0011166998279707,0.4013660104459622,2.4914914914914914,0.0170337575451334,13.207,14.793,2.560609751600309,0.5283214285714287,0.4606282122016739,0.0185495818698468,0.3789757358301193,0.3794643379636304,0.224453550017765
graph_010_mu_0_3_node_456,21,0.1761904761904762,0.0006040899469615,0.3781226343679031,2.6446446446446448,0.0103556536927019,12.718,8.282,2.872698951048952,0.3943809523809524,0.3834323252548683,0.0096934913089334,0.2539305942213375,0.2542042171010371,0.421387722174912
graph_010_mu_0_3_node_462,26,0.1784615384615384,0.0008051992778392,0.3965859468042874,2.521521521521521,0.0179380517537248,17.927,8.073,3.776520634920635,0.3104999999999999,0.1182476393521151,0.0088911778399972,0.1869835806285219,0.1872503998889834,0.2274465739221281
graph_010_mu_0_3_node_617,24,0.1385281385281385,0.0008400141512318,0.3994402239104358,2.503503503503504,0.0150508072855027,13.439,10.561,2.7312700965700967,0.4400416666666666,0.492192939915401,0.0123902815092049,0.293863001578201,0.2942118968494575,0.3874654786234447
graph_010_mu_0_3_node_399,26,0.1231884057971014,0.0008448583832175,0.4023358840112767,2.4854854854854853,0.017930528753668,14.332,11.668,2.809178834564129,0.4487692307692307,0.4174836829794729,0.0137143587931107,0.3001695791280213,0.3005550548559803,0.3362100578708111
graph_010_mu_0_3_node_170,38,0.1396825396825396,0.0015333447404606,0.4269230769230769,2.3423423423423424,0.0286857505999932,24.394,13.606,3.820495469236645,0.3580526315789473,0.198234128068787,0.0152161307614275,0.2220833362947537,0.2225331196062796,0.295801446460136
graph_010_mu_0_3_node_315,21,0.1285714285714285,0.0005627629403149,0.4033104561970125,2.47947947947948,0.0162654239827818,12.088,8.912,2.5360068181818187,0.4243809523809524,0.0992137026252696,0.0105358603467876,0.2763123789544096,0.2766068041493094,0.1115870257947654
graph_010_mu_0_3_node_616,28,0.2092307692307692,0.0006261753157845,0.4021739130434782,2.4864864864864864,0.0199517377882854,18.851,9.149,3.598964646464646,0.32675,0.1323621342327983,0.0102284450023095,0.1983256883596648,0.1986280789351004,0.2281503120450644
graph_010_mu_0_3_node_632,30,0.1724137931034483,0.001000197551164,0.4153846153846154,2.4074074074074074,0.024400805735284,19.984,10.016,3.5400205627705628,0.3338666666666666,0.1453193053770655,0.0112443398130185,0.2035989926221499,0.2039300522523396,0.2545141520049083
graph_010_mu_0_3_node_488,16,0.0916666666666666,0.000390576063474,0.374859287054409,2.667667667667668,0.0080449740655885,10.175,5.825,2.8768196248196247,0.3640625,0.0821205295497118,0.0068707687462531,0.2295754272642216,0.2297678635667696,0.1085428820894271
graph_010_mu_0_3_node_907,25,0.1133333333333333,0.0011048370689447,0.4349151066608619,2.299299299299299,0.0325220595490162,10.576,14.424,2.265528223002488,0.57696,0.0933666268976273,0.0191377506836749,0.4236155337570545,0.4240918952858711,0.0484507094825953
graph_010_mu_0_3_node_956,43,0.1539313399778516,0.0020000886871551,0.4469798657718121,2.2372372372372373,0.0514267457025241,30.004,12.996,4.61256971663957,0.3022325581395349,0.0883849157406677,0.0161653211853857,0.181159369952014,0.1815891511566458,0.1742552922871864
graph_010_mu_0_3_node_906,24,0.181159420289855,0.0007273066897747,0.3916111328890631,2.5535535535535536,0.0149053119772385,15.885,8.115,3.412809523809524,0.338125,0.11874765056106,0.008896247838454,0.2073600250439528,0.2076281959243588,0.2010834773567047
graph_010_mu_0_3_node_847,26,0.1384615384615384,0.0008106726699417,0.4124690338563171,2.4244244244244246,0.0212772032049536,18.18,7.82,4.088671428571428,0.3007692307692307,0.0639322564895239,0.0094370677800362,0.1804212040712314,0.1806796660292612,0.1253958211037721
graph_010_mu_0_3_node_13,19,0.087719298245614,0.0004879996845008,0.390234375,2.5625625625625625,0.0106768736002583,12.222,6.778,3.22861544011544,0.3567368421052631,0.0902091076052864,0.0084154318484684,0.2246536931364378,0.2248776313584754,0.1142307586573791
graph_010_mu_0_3_node_15,21,0.1228070175438596,0.000635996731412,0.3829053277117669,2.6116116116116115,0.0089863514996588,11.883,9.117,2.9638417832167825,0.4341428571428571,0.3664950297318467,0.0102050234574336,0.2891858092995967,0.2894869866634212,0.304242624032665
graph_010_mu_0_3_node_209,33,0.1290322580645161,0.0012657957464288,0.4243840271877655,2.3563563563563563,0.0232368573739956,18.8,14.2,3.1912478237448827,0.4303030303030301,0.2401544455886177,0.0161184630206119,0.2816971559964277,0.2821663817810024,0.245957420345901
graph_010_mu_0_3_node_609,28,0.0952380952380952,0.0012860396821438,0.4159034138218151,2.4044044044044046,0.0183984723934828,15.324,12.676,2.8647193473193475,0.4527142857142857,0.1845202170630976,0.0140722301770278,0.3000903644037517,0.3005091676997229,0.1874550090722593
graph_010_mu_0_3_node_118,22,0.2077922077922078,0.0005688140357929,0.3836405529953917,2.6066066066066065,0.0111795470517256,13.522,8.478,3.1569031135531143,0.3853636363636362,0.3005224642401746,0.0099026536166272,0.2459017391297738,0.2461818515397812,0.3621175275239089
graph_010_mu_0_3_node_640,34,0.1942959001782531,0.0012741868769126,0.4414494034467521,2.265265265265265,0.049622289161284,20.927,13.073,3.3834333583083582,0.3845,0.088193987139277,0.0163890489469063,0.2430238563442072,0.2434559291040049,0.1186466993997891
graph_010_mu_0_3_node_351,28,0.1507692307692307,0.0008210207714148,0.4122988031366075,2.4254254254254253,0.0234740957046694,17.348,10.652,3.209088655788656,0.3804285714285714,0.1801499966915623,0.0123572339466623,0.2404264834684019,0.2407784879776102,0.2300068901906878
graph_010_mu_0_3_node_979,29,0.0886699507389162,0.0012463396600773,0.4153846153846154,2.4074074074074074,0.0207688571561833,17.761,11.239,3.397429590292748,0.387551724137931,0.1252610993856907,0.0132001036052324,0.2465484759743458,0.2469198768508591,0.1595761021648384
graph_010_mu_0_3_node_302,20,0.1789473684210526,0.000514197942071,0.4047811993517017,2.4704704704704703,0.0186777053559939,12.952,7.048,2.9502368742368743,0.3524,0.0791966815404786,0.0082738336615123,0.2186751517208922,0.2189080262623094,0.1220220047418968
graph_010_mu_0_3_node_178,26,0.1702898550724637,0.0008416748813579,0.3882627283326856,2.575575575575576,0.0118450839283268,17.421,8.579,3.6982594261947206,0.3299615384615385,0.28512454431845,0.0106732833812852,0.2038362091590908,0.2041197240069038,0.3720735639534032
graph_010_mu_0_3_node_510,17,0.2352941176470588,0.0003323232355823,0.3893219017926734,2.5685685685685686,0.0126372369930818,10.771,6.229,2.7863059523809524,0.3664117647058824,0.0695650245467063,0.0071473632568431,0.2295419088100956,0.2297477000151818,0.1016588889403589
graph_010_mu_0_3_node_761,46,0.1391304347826087,0.0025384442303626,0.4377738825591586,2.284284284284284,0.0316176799281203,30.605,15.395,4.731399677283501,0.3346739130434783,0.2243932930910442,0.0170359040783891,0.2044523724808762,0.204961465862676,0.3884888570395489
graph_010_mu_0_3_node_9,28,0.1455026455026455,0.001231204517904,0.4095940959409594,2.4414414414414414,0.0186318030007671,15.412,12.588,3.2682299259563967,0.4495714285714285,0.5024760899728733,0.0143975160117392,0.3027201112965031,0.3031359836451813,0.4345786142753964
graph_010_mu_0_3_node_502,89,0.1309810211173483,0.00839541073612,0.4807507218479307,2.08008008008008,0.0554797474922048,60.12,28.88,7.105281932741949,0.3244943820224719,0.4217732289073331,0.031977095939685,0.196955269594714,0.197911625825599,0.7532302997019974
graph_010_mu_0_3_node_154,43,0.1317073170731707,0.0023088286370877,0.4190436241610738,2.3863863863863863,0.0219418641264165,27.107,15.893,4.53027603730205,0.3696046511627907,0.2712803751250331,0.0176732162881761,0.2324237764033705,0.2329491873021158,0.3677741450247677
graph_010_mu_0_3_node_745,19,0.0643274853801169,0.0005227362246551,0.3933070866141732,2.5425425425425425,0.0138025518827816,7.886,11.114,1.8315389915639917,0.5849473684210527,0.1395052914093816,0.0139045302246867,0.4340056535811841,0.4343726838309643,0.0568485716609188
graph_010_mu_0_3_node_487,17,0.1617647058823529,0.0003862253543358,0.3811522319725295,2.623623623623624,0.0098255068421276,10.236,6.764,2.60425202020202,0.3978823529411765,0.094040712345495,0.008181133822483,0.2563294519944105,0.256552902484986,0.1086231389126596
graph_010_mu_0_3_node_759,45,0.0708748615725359,0.0030380375509503,0.4383501535761299,2.2812812812812813,0.0255901390967393,25.137,19.863,4.202060003346383,0.4413999999999999,0.2633989145774368,0.0247928353372927,0.2957744621123858,0.2964308780488501,0.2155551502740683
graph_010_mu_0_3_node_999,22,0.1168831168831168,0.0006836113462561,0.4021739130434782,2.4864864864864864,0.0159323895950106,13.273,8.727,2.9807246031746035,0.3966818181818181,0.0710145111328857,0.0105171514443475,0.2540195040896922,0.2543078394085936,0.0817611725214096
graph_010_mu_0_3_node_260,20,0.0736842105263157,0.0005602787025312,0.3961141950832672,2.5245245245245247,0.0139517773781289,12.245,7.755,2.7441147186147186,0.38775,0.103782224885327,0.0100586244524795,0.2494793014390839,0.2497355090097329,0.0999698204686573
graph_010_mu_0_3_node_962,14,0.0879120879120879,0.0003246132559261,0.3939274447949527,2.5385385385385386,0.0119592432839518,6.325,7.675,1.8095722222222224,0.5482142857142858,0.0995394272931478,0.0092866931821751,0.3963356070829755,0.3965890769061819,0.0577337267593705
graph_010_mu_0_3_node_75,22,0.1471861471861472,0.0006427531362742,0.4015273311897106,2.4904904904904903,0.014340460097301,15.074,6.926,3.808270879120879,0.3148181818181818,0.095297552033198,0.008616766561172,0.1936277202143359,0.1938565857136091,0.1433553647883592
graph_010_mu_0_3_node_216,28,0.1984126984126984,0.0009259757417973,0.4183417085427136,2.3903903903903903,0.0225269003595663,20.913,7.087,4.518759595959596,0.2531071428571428,0.079968283363246,0.0083210659326583,0.1472562073407627,0.1474904921164776,0.2016191490242926
graph_010_mu_0_3_node_881,22,0.0952380952380952,0.0006602657874402,0.3947056499407348,2.5335335335335336,0.0139169982015374,12.9,9.1,2.68215873015873,0.4136363636363635,0.1322987845071587,0.0101050773510563,0.266590335096488,0.2668909871725423,0.1606123193381741
graph_010_mu_0_3_node_449,19,0.0588235294117647,0.0004811987192964,0.3817348108521207,2.61961961961962,0.0088662353538394,12.352,6.648,3.3250476190476195,0.3498947368421052,0.0936261533777919,0.0077651990298587,0.2187581355090294,0.2189777827198834,0.1226599423723873
graph_010_mu_0_3_node_192,30,0.0988505747126436,0.0011056400704021,0.4174676138737986,2.3953953953953957,0.0235289971573013,19.592,10.408,3.675583000333,0.3469333333333333,0.084910035247401,0.0126975356594091,0.2144941298025196,0.2148381241593867,0.1332773907185199
graph_010_mu_0_3_node_741,24,0.072463768115942,0.0007935156749774,0.4172932330827067,2.3963963963963963,0.0205377532587768,14.477,9.523,2.943978354978355,0.3967916666666666,0.0779877886386033,0.0115713508787211,0.2543004162031606,0.2546150646277475,0.0749796041034003
graph_010_mu_0_3_node_688,25,0.2466666666666666,0.0004945959407791,0.4195716085678286,2.3833833833833835,0.0377124640337884,18.004,6.996,3.825206349206349,0.27984,0.0471670835906224,0.0087565543314259,0.1651031504539281,0.165334386306243,0.1056550362545195
graph_010_mu_0_3_node_681,25,0.2466666666666666,0.0004793326576075,0.4126394052044609,2.4234234234234235,0.0337608824356303,18.642,6.358,4.516452380952381,0.25432,0.0444508939398391,0.0077832689490258,0.1485368405322843,0.1487469981812022,0.1089720515872962
graph_010_mu_0_3_node_127,23,0.0830039525691699,0.0008435949990235,0.4157303370786517,2.4054054054054053,0.0183231024168428,10.992,12.008,2.294523105407664,0.5220869565217392,0.1569434086881004,0.0152285163370499,0.3703125117441797,0.3707091257926007,0.0909584765019527
graph_010_mu_0_3_node_883,24,0.1485507246376811,0.000668591022973,0.4337820234476769,2.305305305305305,0.0270291656952882,14.523,9.477,3.2741489177489176,0.3948749999999999,0.0779166429294018,0.0113739211433175,0.2532795182970007,0.2535926458598219,0.0981331254469529
graph_010_mu_0_3_node_638,19,0.2514619883040935,0.0005377868578057,0.386609907120743,2.5865865865865865,0.0118219750859565,12.219,6.781,3.0718323537573538,0.3568947368421052,0.3062868443794668,0.0082228919002122,0.2232002973734466,0.2234243387262701,0.425022300540125
graph_010_mu_0_3_node_57,55,0.1562289562289562,0.0033783975816864,0.4463806970509383,2.24024024024024,0.0314184066515223,39.016,15.984,5.728634879436333,0.2906181818181818,0.2720553496330379,0.0178998970634252,0.1730906922623208,0.1736195288752496,0.5637221491764673
graph_010_mu_0_3_node_179,24,0.1376811594202898,0.0008448014182612,0.3920722135007849,2.5505505505505504,0.0120553583582316,16.509,7.491,3.967866233766234,0.312125,0.1059051560754182,0.0088296322344177,0.1900450721653685,0.190292630062983,0.1814207240111599
graph_010_mu_0_3_node_189,18,0.1833333333333333,0.0004273468278813,0.3782658084059068,2.643643643643644,0.0102457911017721,11.309,6.691,2.7304571428571425,0.3717222222222223,0.3047395180178195,0.0079412859883439,0.2347618511507685,0.2349829071249907,0.3466102450953423
graph_010_mu_0_3_node_25,69,0.1329715061058344,0.0051121023585448,0.472117202268431,2.118118118118118,0.0490251899195347,44.491,24.509,5.7418570848707535,0.3552028985507246,0.3563643648784704,0.0272058469800913,0.2198460997498851,0.2206570266678834,0.5515929072287395
graph_010_mu_0_3_node_168,39,0.1187584345479082,0.0019226649646177,0.4397007042253521,2.274274274274274,0.0313268062506464,23.885,15.115,3.8870060574229695,0.3875641025641027,0.1689803757395694,0.0175416519370172,0.2461315853639323,0.2466311949384144,0.2232638028855458
graph_010_mu_0_3_node_535,34,0.1370967741935483,0.0011782229959385,0.4064279902359642,2.4604604604604603,0.0203902041976043,23.106,10.894,4.066806476856477,0.3204117647058823,0.1583999307148899,0.0120349467763017,0.1938613785420898,0.1942215182384943,0.282226392513609
graph_010_mu_0_3_node_441,42,0.1556329849012775,0.001959023836683,0.4186923721709975,2.3883883883883885,0.0232695698572079,28.761,13.239,4.95252988391897,0.3152142857142856,0.22608069734595,0.0147444160676557,0.1909939000183198,0.1914316695130196,0.4118032977429439
graph_010_mu_0_3_node_925,19,0.1286549707602339,0.0004989667559539,0.383199079401611,2.6096096096096097,0.0118309063477392,11.723,7.277,2.661873015873016,0.3829999999999999,0.1056341852069932,0.0081102829972985,0.2415314838903286,0.2417719061589195,0.1472725455857298
graph_010_mu_0_3_node_129,27,0.2066666666666666,0.0009818447749308,0.4077551020408163,2.4524524524524525,0.0156534899949313,17.863,9.137,3.904228846153846,0.3384074074074074,0.3294437301369645,0.0105168861128725,0.2093327762355986,0.2096347370873494,0.4563474990905021
graph_010_mu_0_3_node_153,19,0.087719298245614,0.0005775252923888,0.3984842441164739,2.5095095095095097,0.0120798816340968,8.016,10.984,2.0906049894549894,0.5781052631578947,0.3435578439482996,0.0131657674369052,0.4283082891347075,0.4286710274426809,0.1614168125520403
graph_010_mu_0_3_node_358,18,0.0718954248366013,0.0004993544753467,0.3967434471803018,2.5205205205205203,0.0125316105834671,7.245,10.755,1.8517834165834168,0.5974999999999999,0.1323739545068816,0.0135985201618884,0.4516100798478589,0.4519652393699802,0.0546491861927391
graph_010_mu_0_3_node_967,105,0.0842490842490842,0.011665984929102,0.492603550295858,2.03003003003003,0.0687440808261071,72.691,32.309,8.124912654914297,0.3077047619047618,0.2632434860801886,0.0394898694899527,0.1851284419014415,0.1861990517582738,0.5053493621570165
graph_010_mu_0_3_node_433,38,0.0668563300142247,0.001802430132953,0.4215189873417722,2.3723723723723724,0.0230577260843448,24.2,13.8,3.917424012099013,0.363157894736842,0.1130405913093243,0.0168515514795213,0.2271962360144364,0.2276524103370657,0.1635824277397262
graph_010_mu_0_3_node_706,20,0.1,0.0006618195598801,0.4018503620273532,2.4884884884884886,0.016150268366874,9.957,10.043,2.5857465312465315,0.5021500000000001,0.1295241481804433,0.0125936920759442,0.3550170367112661,0.3553487443309504,0.0785510867039509
graph_010_mu_0_3_node_32,109,0.0848174925057309,0.0112876207665669,0.4913920314805706,2.035035035035035,0.0738589295533401,78.263,30.737,8.908669637441088,0.2819908256880734,0.250000409226667,0.037387883699403,0.1668175863558628,0.1678365489228449,0.5422776170697761
graph_010_mu_0_3_node_814,77,0.1214414414414414,0.0066950901383224,0.4663865546218487,2.144144144144144,0.0406616113241956,52.896,24.104,7.210032899468235,0.313038961038961,0.4089618240347663,0.0268494114893933,0.1891670128036282,0.1899649589243198,0.7474225457601115
graph_010_mu_0_3_node_685,29,0.1157635467980295,0.0011030477005239,0.4111111111111111,2.4324324324324325,0.0218083945301543,18.37,10.63,3.5829585789210787,0.366551724137931,0.1192070538277121,0.0126698519224469,0.2298925638025289,0.2302438623837071,0.1717486471460173
graph_010_mu_0_3_node_984,22,0.1948051948051948,0.0005335848683352,0.4065934065934066,2.45945945945946,0.0205791668781838,14.919,7.081,3.315802380952381,0.3218636363636363,0.0571137910590325,0.0087210943399411,0.1952082284560178,0.1954422250512618,0.1036095501736537
graph_010_mu_0_3_node_497,22,0.0909090909090909,0.0007905968639518,0.4181665969024696,2.391391391391392,0.0187442620303989,11.889,10.111,2.5889755799755805,0.459590909090909,0.1336165077082488,0.0127456148168483,0.3122750334157059,0.3126090335568464,0.1014320312063687
graph_010_mu_0_3_node_894,20,0.1210526315789473,0.0003812594406026,0.4090909090909091,2.4444444444444446,0.0262907098571069,12.063,7.937,2.5485396825396824,0.3968500000000001,0.05320947186786,0.0099564053729431,0.2529679038784203,0.2532301297877425,0.068683235008144
graph_010_mu_0_3_node_954,33,0.1401515151515151,0.0014948752672679,0.4453856442264824,2.245245245245245,0.0300598571646002,17.532,15.468,3.097720954535659,0.4687272727272729,0.2246268858618045,0.0171746710799275,0.3140158791302463,0.3145269454443617,0.2158037257647957
graph_010_mu_0_3_node_184,33,0.1401515151515151,0.0012174782963107,0.4129805704836709,2.4214214214214214,0.0230903928160246,23.413,9.587,4.42415,0.2905151515151515,0.0780597028609258,0.011635423503031,0.1730399803871107,0.1733569300506136,0.1630702766265858
graph_010_mu_0_3_node_886,32,0.1189516129032258,0.0012744331829025,0.4294926913155632,2.3283283283283285,0.0265359570709152,21.492,10.508,3.887901343101344,0.328375,0.0854341080755848,0.0128280375208495,0.2003443841408107,0.2006917267125051,0.1484906084657939
graph_010_mu_0_3_node_145,28,0.1269841269841269,0.0010362379788341,0.4192194712547209,2.385385385385385,0.0225165992576825,18.499,9.501,3.66919595959596,0.3393214285714286,0.0775800663436048,0.0115263884740557,0.2087829560672181,0.2090969621212776,0.1264030006437455
graph_010_mu_0_3_node_757,24,0.1413043478260869,0.0006409248930346,0.4099302421009438,2.43943943943944,0.0237587941186507,16.182,7.818,3.709714285714286,0.32575,0.0638954288372158,0.0094396804782592,0.1987813116176096,0.1990396730366568,0.1109809007523255
graph_010_mu_0_3_node_270,21,0.1476190476190476,0.000708780361856,0.4042897612302711,2.4734734734734736,0.0185372178781436,10.072,10.928,2.122715850815851,0.5203809523809523,0.3985346437567708,0.0127606959266584,0.3673380729520701,0.3676990138497183,0.251605162475453
graph_010_mu_0_3_node_229,13,0.0897435897435897,0.0002609359344404,0.388867263526664,2.5715715715715715,0.013165426441773,6.153,6.847,1.707040476190476,0.5266923076923076,0.0406773238737246,0.0096666639470565,0.3774618228280147,0.3776879514814985,0.0185640032780375
graph_010_mu_0_3_node_503,42,0.1416957026713124,0.0020745279228711,0.4397007042253521,2.274274274274274,0.0462033722658503,27.938,14.062,4.328506108597285,0.3348095238095237,0.0955472648421521,0.0174687436886299,0.2050594843857737,0.2055244343497096,0.1563841851440603
graph_010_mu_0_3_node_901,21,0.2857142857142857,0.0003914618036217,0.4193954659949622,2.3843843843843846,0.0344972460220838,15.449,5.551,3.9971,0.2643333333333333,0.0384859456978865,0.006884370010242,0.1552144511994961,0.1553979030976962,0.0904151336828068
graph_010_mu_0_3_node_227,64,0.0877842411422527,0.0043931808571115,0.4586776859504132,2.18018018018018,0.0466198284073745,44.772,19.228,6.262449072581795,0.3004375,0.1567635173612524,0.0233332141860988,0.1799610685202332,0.1805973929000783,0.3053986646450061
graph_010_mu_0_3_node_283,19,0.239766081871345,0.000343150081052,0.40056134723336,2.4964964964964964,0.0275168930678038,13.874,5.126,3.652733333333333,0.2697894736842106,0.0347718169214785,0.0064112350032218,0.1583994364494364,0.1585688301694581,0.0815671205541451
graph_010_mu_0_3_node_481,30,0.0873563218390804,0.0011608507081968,0.4164235097957482,2.4014014014014013,0.0220203641761795,17.975,12.025,3.3804738594738595,0.4008333333333334,0.0992747139501115,0.0144689812715237,0.2584009450637578,0.258798305559279,0.1182955594252774
graph_010_mu_0_3_node_908,95,0.1068256194483403,0.0083732290767131,0.4875549048316251,2.051051051051051,0.0986546941045869,62.833,32.167,7.115408591671059,0.3385999999999999,0.2178997828955272,0.0402766519747022,0.2075820602257594,0.2086473071492152,0.3596057971510317
graph_010_mu_0_3_node_160,21,0.1666666666666666,0.0006931755781226,0.40056134723336,2.4964964964964964,0.0169149699841362,11.541,9.459,2.781413578088578,0.4504285714285713,0.3543535100657211,0.0108993196819646,0.3064709571751762,0.3067834138082048,0.2756372600668607
graph_010_mu_0_3_node_784,21,0.1666666666666666,0.0004662849918787,0.3906922174423152,2.55955955955956,0.0141977178818405,14.77,6.23,3.6361153846153846,0.2966666666666666,0.069698473654825,0.0071908655044747,0.1772926624079704,0.1774985411758266,0.1412976379838712
graph_010_mu_0_3_node_190,32,0.064367816091954,0.0016115008558914,0.4119587628865979,2.4274274274274275,0.0162614825329503,17.826,14.174,3.393017559775293,0.4429375,0.3762115802952114,0.0180792381852199,0.3029277258003929,0.303396002820693,0.2089910016215194
graph_010_mu_0_3_node_21,36,0.1492063492063492,0.0014739460002294,0.425287356321839,2.3513513513513518,0.0246079120205577,24.161,11.839,4.15738071928072,0.3288611111111111,0.1719119462428592,0.0131335897022507,0.1999963852656162,0.200387778298844,0.3079786721756082
graph_010_mu_0_3_node_594,19,0.0526315789473684,0.0006809931110385,0.4075887392900856,2.4534534534534536,0.0140657290805975,8.018,10.982,2.1254618908868905,0.578,0.113622816400044,0.0141013644440286,0.4362198088496221,0.4365824678999621,0.0444841358807374
graph_010_mu_0_3_node_434,54,0.1250873515024458,0.0035566310858746,0.4514234071396295,2.215215215215215,0.0402751835614548,33.22,20.78,4.558475200444327,0.3848148148148147,0.3036534948919505,0.023159212981299,0.2432604254618649,0.2439475588658389,0.4155123420601475
graph_010_mu_0_3_node_447,49,0.1079931972789115,0.0034649655962048,0.4443950177935943,2.25025025025025,0.0286715030007513,33.543,15.457,5.096138416289092,0.3154489795918367,0.2157404837235587,0.0185611863742129,0.1918720620886043,0.1923832735653938,0.3718791286869209
graph_010_mu_0_3_node_430,24,0.0978260869565217,0.0008932899204648,0.4197478991596639,2.3823823823823824,0.0222761695603635,13.446,10.554,2.698794805194805,0.43975,0.0854838999853928,0.0129138838147953,0.2896806623027257,0.2900293407017684,0.0819769067171755
graph_010_mu_0_3_node_669,20,0.1105263157894736,0.0006913922113242,0.3818807339449541,2.6186186186186187,0.008487656282397,10.183,9.817,2.5307439782439785,0.4908499999999999,0.3095801279464826,0.0119522221358135,0.3413052874141088,0.3416295438816213,0.2108435113998919
graph_010_mu_0_3_node_231,26,0.1231884057971014,0.0009430520707475,0.4111111111111111,2.4324324324324325,0.0167696510359829,13.104,12.896,2.537677200577201,0.4959999999999999,0.4636160226846986,0.0148649417746413,0.3420486108408012,0.3424746058650398,0.3164436836313926
graph_010_mu_0_3_node_242,24,0.1485507246376811,0.0005517372728737,0.3934619929105947,2.541541541541541,0.0178172604844725,16.042,7.958,3.2222952380952385,0.3315833333333334,0.0641892060365312,0.0100423086488071,0.2023312031281747,0.2025941911539952,0.1105846707218594
graph_010_mu_0_3_node_239,20,0.1210526315789473,0.0005968202506921,0.4012048192771084,2.4924924924924925,0.0129597693469054,9.85,10.15,2.258621656121656,0.5075,0.1407019841012827,0.0121310431527714,0.354592843576786,0.3549280938558983,0.0975771434554195
graph_010_mu_0_3_node_698,37,0.1381381381381381,0.0017070104072095,0.4368167905553126,2.289289289289289,0.0265236778602333,24.509,12.491,4.255989604349899,0.3375945945945945,0.139510509106898,0.0144743860968528,0.2071309496432852,0.2075438891304366,0.2323358425830803
graph_010_mu_0_3_node_665,39,0.1093117408906882,0.0016177132732492,0.4404761904761904,2.27027027027027,0.0365690412657137,24.422,14.578,3.798349982409232,0.3737948717948718,0.1193553273072389,0.0181066350173379,0.2354505326537267,0.2359324176679846,0.1644778249864168
graph_010_mu_0_3_node_852,67,0.1117141564902759,0.0049790434480116,0.4714487966021708,2.121121121121121,0.0536442827918604,46.988,20.012,6.24738770889208,0.2986865671641791,0.1634233175066495,0.0242864191191047,0.1788153712356546,0.1794777116479649,0.3269146177554924
graph_010_mu_0_3_node_250,56,0.0922077922077922,0.0043987705688528,0.4445927903871829,2.249249249249249,0.0285427741433807,36.216,19.784,5.231716441757427,0.3532857142857143,0.2797027262273818,0.0235200056996247,0.2211053427809353,0.2217596382835921,0.3917365999442895
graph_010_mu_0_3_node_808,22,0.1385281385281385,0.000815074356806,0.3937721718565234,2.53953953953954,0.0127859846180981,12.097,9.903,2.8001207049486463,0.4501363636363635,0.1398041079767203,0.0117338482941458,0.3038801517392231,0.3042072865124537,0.1206699939554363
graph_010_mu_0_3_node_630,26,0.3015384615384615,0.0004879422996797,0.4181665969024696,2.391391391391392,0.0383575962179522,21.661,4.339,6.241614285714288,0.1668846153846154,0.0294666823556326,0.005408175162481,0.0918642798087474,0.0920077449821994,0.1298450284022748
graph_010_mu_0_3_node_508,15,0.3809523809523809,0.0001621936538669,0.3740172220142269,2.6736736736736737,0.0094329976559093,12.367,2.633,5.37825,0.1755333333333333,0.0451172765469394,0.0028873138534502,0.0973459096459096,0.0974329197674088,0.182707861607469
graph_010_mu_0_3_node_169,35,0.1212121212121212,0.001326608337408,0.4261945392491467,2.3463463463463463,0.0254714334162603,24.289,10.711,4.313021901709402,0.3060285714285714,0.1198151540016192,0.0125080560449503,0.1838587053321714,0.1842128215705192,0.223269156631484
graph_010_mu_0_3_node_377,22,0.1038961038961039,0.0009280860592084,0.3978494623655914,2.5135135135135136,0.0130916687181916,11.082,10.918,2.2953648656898658,0.4962727272727272,0.4974774030609877,0.0128707779628977,0.3434097883986189,0.343770423923161,0.3458010997040338
graph_010_mu_0_3_node_558,30,0.1057471264367816,0.0012073171768204,0.4195716085678286,2.3833833833833835,0.0238067984788975,19.174,10.826,3.645380266147681,0.3608666666666666,0.1463531452859092,0.0137299901899029,0.2280802861350999,0.2284380619100939,0.1774167344474531
graph_010_mu_0_3_node_607,43,0.1539313399778516,0.0022884131952007,0.4447907390917186,2.2482482482482484,0.0313901622831627,27.602,15.398,4.356792771689095,0.3580930232558139,0.2244462696629388,0.0170389005961243,0.2222032403932266,0.2227123319943189,0.3486825136653284
graph_010_mu_0_3_node_8,23,0.1185770750988142,0.0007905491231196,0.3983253588516746,2.5105105105105103,0.0148929200999991,12.036,10.964,2.748179066766567,0.4766956521739129,0.404322765090869,0.0123829908217891,0.3260935499551669,0.3264557223864014,0.3153155373590049
graph_010_mu_0_3_node_773,23,0.1225296442687747,0.0007177218602561,0.3965859468042874,2.521521521521521,0.014011437955658,14.236,8.764,3.2775528582528586,0.3810434782608696,0.1152189829734075,0.0109907204052065,0.2433401394511974,0.2436297080539433,0.1315652425302104
graph_010_mu_0_3_node_454,40,0.1,0.002031580693591,0.4436056838365897,2.254254254254254,0.0331498177091471,24.176,15.824,3.739393776158482,0.3956,0.1281904505339886,0.0194457858636075,0.252387056608975,0.2529100993710294,0.1639646246848568
graph_010_mu_0_3_node_918,23,0.1897233201581027,0.000625821566547,0.4099302421009438,2.43943943943944,0.0209302678543189,13.062,9.938,2.681364826839828,0.4320869565217392,0.1451858071680217,0.0109400616593,0.2825728658423918,0.2829011947598266,0.1614435455376399
graph_010_mu_0_3_node_55,29,0.1231527093596059,0.0011593746782606,0.415211970074813,2.4084084084084085,0.0223619122161999,14.745,14.255,2.6080454885800477,0.4915517241379311,0.2405208111495201,0.0164258184182385,0.3359664421158346,0.3364373622357151,0.1994122438095594
graph_010_mu_0_3_node_555,20,0.0261437908496732,0.0004937494498608,0.4062627084180561,2.4614614614614614,0.0156325618872439,9.597,10.403,2.041259018759019,0.5201500000000001,0.0752821367419248,0.0144749597434918,0.3698098119357917,0.3701534059566662,0.0394856377108357
graph_010_mu_0_3_node_583,19,0.1871345029239766,0.0004070209010705,0.3729003359462486,2.681681681681681,0.0099848234366768,12.244,6.756,3.059601323676324,0.3555789473684211,0.2303721809817653,0.0087668306361531,0.2247605655246869,0.2249837752390883,0.2679719722440349
graph_010_mu_0_3_node_96,19,0.1520467836257309,0.0006607163669452,0.3909980430528376,2.557557557557557,0.0108922264613315,11.322,7.678,3.137393953268953,0.4041052631578947,0.258405294409603,0.0092097863941668,0.2658336203096226,0.2660872622674839,0.2354508727360894
graph_010_mu_0_3_node_11,30,0.1218390804597701,0.0010132959679517,0.4128099173553719,2.4224224224224224,0.0218797828551989,20.483,9.517,3.951824675324676,0.3172333333333332,0.0777344069573704,0.0115748839418606,0.1922577880471715,0.1925723642992436,0.1411747394901696
graph_010_mu_0_3_node_423,19,0.3391812865497076,0.0002926967706153,0.4060975609756098,2.4624624624624625,0.0190195524684459,14.441,4.559,4.0207,0.2399473684210526,0.0660439391541886,0.0051460266842897,0.1377843272607978,0.1379349945613193,0.1874253159749763
graph_010_mu_0_3_node_40,28,0.1384615384615384,0.0009311419452649,0.3899297423887587,2.5645645645645647,0.0140114213225851,17.639,10.361,3.312223341416066,0.3700357142857143,0.3399255782271918,0.0129890045111818,0.2342227472563245,0.2345651356616556,0.3720791394857775
graph_010_mu_0_3_node_355,26,0.0984615384615384,0.0013643473403385,0.437199124726477,2.287287287287288,0.0261173051410495,12.344,13.656,2.617220218438252,0.5252307692307693,0.4116468005102385,0.0170169938543814,0.3791123581571297,0.3795633912937475,0.1950352062440478
graph_010_mu_0_3_node_519,23,0.0909090909090909,0.0009520295418465,0.4172932330827067,2.3963963963963963,0.0172522036968461,13.022,9.978,2.769669207916267,0.4338260869565216,0.140088882696561,0.0119383266668791,0.2877295013211013,0.2880591379132735,0.1338133476000456
graph_010_mu_0_3_node_878,29,0.1921182266009852,0.0009518605557754,0.4186923721709975,2.3883883883883885,0.024604829996624,20.94,8.06,4.218486798658858,0.2779310344827586,0.0897117695136825,0.0094880142715351,0.1638637141023579,0.1641301570331833,0.2020826827830494
graph_010_mu_0_3_node_253,14,0.2637362637362637,0.0001462202152761,0.3830521472392638,2.6106106106106104,0.0118544340274114,10.83,3.17,5.451333333333333,0.2264285714285714,0.0446073394165829,0.0042637866674691,0.1324181437564046,0.1325228815048372,0.1081752024770895
graph_010_mu_0_3_node_563,20,0.0631578947368421,0.0006672549418054,0.4114497528830313,2.4304304304304303,0.017444303368501,9.797,10.203,2.315264901764902,0.5101500000000001,0.1231483927077794,0.0131044292256534,0.36148158187542,0.3618185719750471,0.072174644291185
graph_010_mu_0_3_node_333,24,0.1920289855072463,0.0006361641894138,0.4260127931769722,2.3473473473473474,0.0231282247198491,16.015,7.985,3.3877246753246752,0.3327083333333334,0.0893618915428958,0.0093661692886951,0.2035462451312505,0.2038101227539464,0.152192734645668
graph_010_mu_0_3_node_230,21,0.1047619047619047,0.0006654975978275,0.3934619929105947,2.541541541541541,0.0132365486222275,9.999,11.001,2.1667749999999995,0.5238571428571428,0.3770284107717355,0.0131398442453065,0.3713389438042471,0.3717022913461624,0.2313759513828298
graph_010_mu_0_3_node_41,20,0.1,0.0005903339264397,0.3953304313415117,2.5295295295295297,0.0125855024742013,12.852,7.148,3.3461854256854258,0.3574,0.0976856189094653,0.0088473449087767,0.2262614602735058,0.2264976256532248,0.0994429839188756
graph_010_mu_0_3_node_530,20,0.0526315789473684,0.0006875423675474,0.3961141950832672,2.5245245245245247,0.012777017418592,8.76,11.24,2.0735997890997893,0.562,0.1427084771465867,0.0142653721920851,0.4126455478380178,0.4130167517981915,0.0639817468221531
graph_010_mu_0_3_node_271,33,0.053763440860215,0.0014621962665705,0.4387351778656126,2.279279279279279,0.0241645486643725,16.76,16.24,2.991565265004435,0.4921212121212121,0.1553309884617349,0.0215340270890124,0.3434391176218516,0.3439755993923718,0.1016408952480511
graph_010_mu_0_3_node_682,19,0.0994152046783625,0.000635403255561,0.3842307692307692,2.6026026026026026,0.009814321121506,9.915,9.085,2.579976298701298,0.4781578947368421,0.1281354517358995,0.0105968159633628,0.3296059637994017,0.3299060456675545,0.0974198614544136
graph_010_mu_0_3_node_868,23,0.0761904761904762,0.0005079861720998,0.3906922174423152,2.55955955955956,0.0158071117601202,16.043,6.957,3.555567857142857,0.3024782608695651,0.0567876128318562,0.0086535291832855,0.1815073639923148,0.1817372795133397,0.1046023554877895
graph_010_mu_0_3_node_545,26,0.1384615384615384,0.0009141937265859,0.4174676138737986,2.3953953953953957,0.0217208174672112,16.008,9.992,3.085064862914863,0.3843076923076923,0.1454080324108767,0.0110913952760667,0.2427008399560754,0.2430310182745574,0.201252295428332
graph_010_mu_0_3_node_821,22,0.1168831168831168,0.0009100039058273,0.4126394052044609,2.4234234234234235,0.0160001010439916,11.024,10.976,2.424078540903541,0.4989090909090908,0.3883914965499416,0.0128928823981849,0.3469181451012087,0.3472806912054711,0.2673729815871967
graph_010_mu_0_3_node_413,25,0.1897233201581027,0.0006784128175981,0.387359441644048,2.581581581581581,0.0142631680980421,16.738,8.262,3.5780797258297263,0.33048,0.3005148825338815,0.0097644488930831,0.2034792127774358,0.2037522465848004,0.4230311086823913
graph_010_mu_0_3_node_783,18,0.1633986928104575,0.0004756809033951,0.383199079401611,2.6096096096096097,0.009953516417498,12.173,5.827,3.570264285714285,0.3237222222222222,0.0821569880190919,0.0068754993300814,0.198661602765051,0.1988541296619697,0.1330051990669138
graph_010_mu_0_3_node_686,29,0.105911330049261,0.0013062711674945,0.4065934065934066,2.45945945945946,0.0157380971825064,14.009,14.991,2.863477556662464,0.5169310344827586,0.5330373109862881,0.0174426399593594,0.3652738012040481,0.3657689713211471,0.3303990518224998
graph_010_mu_0_3_node_548,30,0.1218390804597701,0.00094595870955,0.4197478991596639,2.3823823823823824,0.0248883283400791,21.382,8.618,4.108231601731601,0.2872666666666666,0.0704366951887043,0.0106520116513865,0.1706745292881125,0.170959417831025,0.1489551960899008
graph_010_mu_0_3_node_301,29,0.1280788177339901,0.0008388249316046,0.4056029232643118,2.4654654654654653,0.0201536919053294,20.116,8.884,4.056795634920634,0.3063448275862069,0.0714744492764654,0.0108936567920527,0.1839808199622884,0.1842744760080558,0.1406639931168799
graph_010_mu_0_3_node_618,27,0.19,0.0008359832454066,0.4000800961153384,2.4994994994995,0.0154040257442712,18.587,8.413,3.8512139985014993,0.3115925925925925,0.3049552299995955,0.0098617197041196,0.1891643709588941,0.1894424279590076,0.4807988142944244
graph_010_mu_0_3_node_742,51,0.1176470588235294,0.0027218521521912,0.4430155210643015,2.2572572572572573,0.0370515928312128,37.044,13.956,5.486443532344848,0.2736470588235293,0.1137773078952735,0.0172567318060979,0.1611187274302576,0.1615804489348053,0.260085017558377
graph_010_mu_0_3_node_455,18,0.1830065359477124,0.0003830397608503,0.3992805755395683,2.5045045045045047,0.0174938899306527,11.718,6.282,2.814607142857142,0.349,0.0700934853027269,0.0075198344000741,0.2157646753260915,0.215972230943789,0.1108716432472393
graph_010_mu_0_3_node_17,28,0.1666666666666666,0.0008871652333848,0.4341590612777053,2.3033033033033035,0.0281484208508474,17.254,10.746,3.114046076146076,0.3837857142857143,0.1195094186720821,0.0126841010428818,0.2426521881425571,0.243007298234653,0.1622556616083253
graph_010_mu_0_3_node_492,18,0.1699346405228758,0.0004545787675056,0.4094262295081967,2.4424424424424425,0.0204915610583698,9.565,8.435,2.390643506493506,0.468611111111111,0.1205597360238127,0.0103527312292217,0.3196898235756262,0.3199684398053277,0.1005898661990145
graph_010_mu_0_3_node_45,36,0.1408199643493761,0.0014286795859053,0.4261945392491467,2.3463463463463463,0.022908580917411,22.666,13.334,4.1838645295880585,0.3703888888888889,0.2259948410453426,0.0148649536129452,0.2326442283453453,0.2330849641107215,0.3065505924128245
graph_010_mu_0_3_node_469,16,0.2333333333333333,0.0002864499412492,0.3958003169572108,2.5265265265265264,0.0149209345290775,12.407,3.593,4.3087333333333335,0.2245625,0.0401549965488963,0.0041602561913486,0.1281653918363595,0.1282841220913809,0.1207597943601686
graph_010_mu_0_3_node_35,24,0.1123188405797101,0.0009599876132199,0.4188679245283019,2.3873873873873874,0.0207707872905921,11.492,12.508,2.31168997029802,0.5211666666666668,0.4125724197667155,0.0156464602335578,0.3703962788995489,0.3708094098453769,0.2191778646702254
graph_010_mu_0_3_node_575,18,0.261437908496732,0.0004157146414832,0.3733183856502242,2.6786786786786787,0.0077198719219549,13.009,4.991,3.845364935064935,0.2772777777777778,0.2318323482027984,0.0058715304548129,0.1647997862681714,0.1649647070039857,0.4594791938124046
graph_010_mu_0_3_node_990,29,0.0591133004926108,0.0013160102728021,0.4206315789473684,2.3773773773773774,0.022331309808489,14.57,14.43,2.70643978181691,0.4975862068965517,0.1967023015429978,0.0176524177677325,0.3450899706451115,0.3455666460025596,0.1216986560193263
graph_010_mu_0_3_node_985,69,0.1284486657620986,0.005408938594665,0.4659514925373134,2.146146146146146,0.0464083820020669,45.454,23.546,5.723814653821411,0.3412463768115941,0.3427020389396503,0.0262677319939212,0.2092800553146252,0.2100591991209716,0.5652552331675597
graph_010_mu_0_3_node_299,43,0.0908084163898117,0.0023761736844474,0.436054124836316,2.293293293293293,0.0307444957802673,26.165,16.835,4.092830672324751,0.3915116279069767,0.1885290754378789,0.0196453502063019,0.2494378137084313,0.2499943179302236,0.2431805514132514
graph_010_mu_0_3_node_182,34,0.1996434937611408,0.0011794438808244,0.4389279437609842,2.2782782782782784,0.047921329081413,22.433,11.567,3.8872160173160175,0.3402058823529412,0.0795207018879132,0.0143103301689039,0.2095324580674145,0.2099148103647868,0.1271604913079537
graph_010_mu_0_3_node_600,25,0.1966666666666666,0.0006517532002571,0.4065934065934066,2.45945945945946,0.0206994148223261,16.801,8.199,3.295672619047619,0.32796,0.118907395916892,0.0092231987914028,0.1992039006509184,0.1994748659586222,0.2141793899802555
graph_010_mu_0_3_node_788,64,0.1071428571428571,0.0048154085422848,0.4528558476881233,2.2082082082082084,0.0371653834949502,44.333,19.667,6.365676749573323,0.307296875,0.2200727697382744,0.022685818534539,0.1848944008633929,0.1855452226848761,0.42411162249157
graph_010_mu_0_3_node_80,25,0.1462450592885375,0.0006637235507897,0.4317199654278306,2.3163163163163163,0.0275752855021291,14.411,10.589,2.8379831312478374,0.4235600000000001,0.117486624183438,0.012569291894484,0.2763225708255387,0.2766724249646019,0.121582824602569
graph_010_mu_0_3_node_207,29,0.1527093596059113,0.0012383601807972,0.4074225122349103,2.454454454454454,0.0165849811793887,19.188,9.812,4.303828697038256,0.3383448275862069,0.1401396428523205,0.011466179970542,0.210569751423488,0.2108940297681204,0.2063981917762878
graph_010_mu_0_3_node_363,23,0.1660079051383399,0.0007417926010244,0.3858632676709154,2.5915915915915915,0.0102515491374217,12.769,10.231,3.0735230630480634,0.4448260869565216,0.3769044250763522,0.0113452146803243,0.297857294142567,0.2981952770565232,0.3407503227726886
graph_010_mu_0_3_node_360,29,0.125615763546798,0.0008089018329117,0.4227676682183665,2.365365365365365,0.0264695251974691,20.204,8.796,3.791198881673881,0.3033103448275863,0.0712619330990423,0.0110852547044633,0.1818089438645015,0.1820996940372683,0.1406287309885819
graph_010_mu_0_3_node_442,40,0.1307692307692307,0.0021647881612179,0.4479820627802691,2.2322322322322323,0.0391257343259977,24.218,15.782,3.689801041923333,0.39455,0.1280782592939699,0.0197274681582466,0.2516659101651052,0.2521875659174693,0.1641309704457239
graph_010_mu_0_3_node_197,24,0.1231884057971014,0.0007043592351947,0.4146948941469489,2.411411411411412,0.0204514884031313,13.776,10.224,3.0391584415584414,0.426,0.0841721898603126,0.0122771966800278,0.279400702549279,0.2797384843914865,0.0892027435362328
graph_010_mu_0_3_node_452,23,0.1383399209486166,0.000749603125195,0.4124690338563171,2.4244244244244246,0.0210870926966649,12.438,10.562,2.7063443636428928,0.4592173913043477,0.1176453872894291,0.0123853993896336,0.307598859167199,0.3079477756633902,0.1117510333174406
graph_010_mu_0_3_node_422,29,0.1995073891625615,0.0009268553823664,0.4150394682176984,2.4094094094094096,0.0248380435751524,19.101,9.899,3.500764718614718,0.3413448275862069,0.1446989121105561,0.0110221549292991,0.2095668940305852,0.2098940662935191,0.2419274788889971
graph_010_mu_0_3_node_968,18,0.1241830065359477,0.0004942449040705,0.4079216006533279,2.4514514514514514,0.0164471846686776,10.163,7.837,2.449792857142857,0.4353888888888889,0.0639846549379559,0.0094338170112863,0.2867368125124456,0.2869956994317659,0.0666909596942252
graph_010_mu_0_3_node_85,33,0.1515151515151515,0.0012825086940003,0.4227676682183665,2.365365365365365,0.0245402287546126,19.37,13.63,3.366031318681319,0.4130303030303029,0.1980072685176736,0.0151229178372798,0.2659610038775947,0.2664114307504097,0.2414937480050456
graph_010_mu_0_3_node_29,25,0.0933333333333333,0.0011535375703971,0.4056029232643118,2.4654654654654653,0.0133968148501723,10.949,14.051,2.843583719793278,0.56204,0.4654116010736618,0.0163676746159358,0.4153177286478516,0.4157817627396746,0.226482787367723
graph_010_mu_0_3_node_171,28,0.1005291005291005,0.0011042196625459,0.428204029147021,2.335335335335335,0.0216862309455971,16.602,11.398,3.3597182595182598,0.4070714285714287,0.0924982416660777,0.0137237056181573,0.2624921887800469,0.2628688124791268,0.1050989010790354
graph_010_mu_0_3_node_857,15,0.0761904761904762,0.0004162073877188,0.3964285714285714,2.5225225225225225,0.0124924102178962,7.352,7.648,2.09111883949384,0.5098666666666667,0.1456666199313209,0.0100288189260093,0.3672136484018424,0.3674662339306122,0.0632945430970365
graph_010_mu_0_3_node_496,29,0.1139601139601139,0.0012021586963208,0.3983253588516746,2.5105105105105103,0.0131808379354523,16.172,12.828,3.133706437770176,0.4423448275862069,0.5021633451704637,0.0148243882339768,0.2945951394825638,0.2950189664649016,0.4328111976408872
graph_010_mu_0_3_node_378,26,0.1292307692307692,0.000866481075037,0.4206315789473684,2.3773773773773774,0.0218371494657454,13.322,12.678,2.4790230158730155,0.4876153846153845,0.1840589569806844,0.0142656421696466,0.3312217795052669,0.3316405951394766,0.1616279591446291
graph_010_mu_0_3_node_731,33,0.1231060606060606,0.0014274761433903,0.4128099173553719,2.4224224224224224,0.0178652421293658,20.534,12.466,3.63571645880144,0.3777575757575756,0.1730605620398424,0.0149896953471942,0.2399144794015787,0.2403264717369129,0.221521333559114
graph_010_mu_0_3_node_364,28,0.0978835978835978,0.0011772376756977,0.4138359569179785,2.4164164164164164,0.0174774867434913,17.441,10.559,3.505805966908909,0.3771071428571428,0.1383077540671001,0.0132887449961464,0.2402537686997401,0.2406026897476966,0.1649000430912582
graph_010_mu_0_3_node_649,19,0.1111111111111111,0.0006360844854278,0.3923802042419481,2.5485485485485486,0.0128327773955619,9.914,9.086,2.37868827006327,0.4782105263157895,0.1257460083725208,0.011135254260142,0.3290549052942261,0.3293550221233878,0.0952635699477819
graph_010_mu_0_3_node_143,25,0.1566666666666666,0.0007522721685869,0.4067589576547231,2.4584584584584586,0.0183227375871041,17.151,7.849,3.636376984126984,0.31396,0.0639215419222139,0.0096057808698411,0.1897975813193362,0.1900569849991018,0.1186459838370749
graph_010_mu_0_3_node_615,47,0.2072155411655874,0.0019018364562521,0.4547109695038689,2.199199199199199,0.0640076897919516,34.426,12.574,5.2045265435587815,0.267531914893617,0.0859169910038848,0.0156951380978126,0.1567896264527802,0.1572055809801604,0.200404668176035
graph_010_mu_0_3_node_978,15,0.1333333333333333,0.0003682574613685,0.3786959818043973,2.640640640640641,0.0078199013657501,8.03,6.97,2.080416666666667,0.4646666666666666,0.0946496312192863,0.0084384243073633,0.3128011398979165,0.3130313624720568,0.0843641400275325
graph_010_mu_0_3_node_975,18,0.065359477124183,0.0005425738513714,0.4169449081803005,2.3983983983983985,0.0165849980833586,6.938,11.062,1.820973876123876,0.6145555555555555,0.0995526536807658,0.0147316954419034,0.4740883680447688,0.4744536504388555,0.0319545471439653
graph_010_mu_0_3_node_343,25,0.1304347826086956,0.0006716040927105,0.4094262295081967,2.4424424424424425,0.0182543741318982,16.166,8.834,3.421591089466089,0.35336,0.0716603835116139,0.0106783955464864,0.2193181043682489,0.2196100304397069,0.1044014001098178
graph_010_mu_0_3_node_402,22,0.1645021645021645,0.0007186255151587,0.4164235097957482,2.4014014014014013,0.0187194117406191,12.27,9.73,2.715826984126984,0.4422727272727272,0.1081335136811007,0.0113265405077868,0.2923441305129263,0.292665570273313,0.1116722420826702
graph_010_mu_0_3_node_774,30,0.1586206896551724,0.0010543851340567,0.4209860935524652,2.3753753753753752,0.0224924008400398,19.324,10.676,3.9154809620204354,0.3558666666666666,0.1193395725592889,0.0122062446749018,0.2214046891625889,0.2217575299361306,0.1825534657945511
graph_010_mu_0_3_node_543,20,0.2210526315789473,0.0005843287953148,0.3824655436447167,2.6146146146146148,0.009695464663425,13.293,6.707,3.57087900987901,0.33535,0.2723738464294153,0.0075011782688573,0.2079759571828124,0.2081975655307492,0.403811479936275
graph_010_mu_0_3_node_390,18,0.1764705882352941,0.0003977947887278,0.3882627283326856,2.575575575575576,0.013108447312646,11.728,6.272,2.9337649350649357,0.3484444444444445,0.069711130553797,0.0074227983379437,0.2152975770463913,0.2155048024541831,0.1108573681802364
graph_010_mu_0_3_node_265,24,0.1630434782608695,0.0006666520004716,0.3997599039615846,2.5015015015015014,0.0187025150717101,17.113,6.887,3.9688,0.2869583333333333,0.0564201498977825,0.0083494347994168,0.1705235942919045,0.1707512127654083,0.1183908727686435
graph_010_mu_0_3_node_297,50,0.1117021276595744,0.0028387916503385,0.4443950177935943,2.25025025025025,0.0333509734495317,32.11,17.89,4.739005517385028,0.3578,0.1993837763426894,0.0207821777097912,0.2224612454003202,0.2230528341210994,0.2950612595697243
graph_010_mu_0_3_node_613,26,0.163076923076923,0.0009618034842201,0.3951740506329114,2.5305305305305303,0.0140933144031496,14.67,11.33,2.8424408008658006,0.4357692307692307,0.4098585312363934,0.01318184556734,0.2878563008467552,0.2882306274184704,0.4014292294277157
graph_010_mu_0_3_node_337,33,0.1247311827956989,0.0012175982611099,0.4307891332470893,2.3213213213213213,0.0273856694239396,18.82,14.18,3.155627895388925,0.4296969696969696,0.2402084307711811,0.0162619794435456,0.2811334911117554,0.2816020576844398,0.2460734288178081
graph_010_mu_0_3_node_222,26,0.1847826086956521,0.0009062474669103,0.4037995149555375,2.4764764764764764,0.0162678517414999,16.612,9.388,3.784114357864358,0.3610769230769231,0.3474176735375546,0.0104478507038353,0.2273122796093188,0.2276225044952092,0.4341557046535366
graph_010_mu_0_3_node_602,24,0.181159420289855,0.0007340358731455,0.4186923721709975,2.3883883883883885,0.0310657051847053,14.628,9.372,2.8236337662337663,0.3905,0.0639938667947409,0.0116709408036336,0.2487233290635267,0.2490329957100821,0.0809163254664811
graph_010_mu_0_3_node_236,18,0.1111111111111111,0.0005739111362883,0.3894736842105263,2.5675675675675675,0.0111200115998846,11.082,6.918,3.037297702297702,0.3843333333333333,0.1994466424439637,0.0087600454554542,0.251305285478087,0.2515338221783075,0.1625527879219861
graph_010_mu_0_3_node_135,24,0.217391304347826,0.0007528712403765,0.3848228043143297,2.5985985985985987,0.0107113168905489,15.604,8.396,3.517320479520479,0.3498333333333333,0.3387050939582586,0.0095882691345143,0.2182870949595713,0.2185645347094398,0.4720923375359273
graph_010_mu_0_3_node_833,37,0.1576576576576576,0.0014722900043878,0.4216969185310257,2.3713713713713718,0.027394076005279,25.409,11.591,4.328742273189487,0.3132702702702703,0.1299909348693711,0.0134947644844911,0.1892571508601924,0.1896403731373783,0.242304251537032
graph_010_mu_0_3_node_27,25,0.2094861660079051,0.0005287335299321,0.3988023952095808,2.5075075075075075,0.0184206982398335,16.843,8.157,3.4237281746031742,0.3262799999999999,0.11875978942677,0.009092389133075,0.1981483718439597,0.1984179493381653,0.2016957183757746
graph_010_mu_0_3_node_324,17,0.2573529411764705,0.0004935135352765,0.386609907120743,2.5865865865865865,0.0105911964906554,11.383,5.617,3.263905375180375,0.3304117647058823,0.2652455833216343,0.006638584502124,0.2043561319447471,0.2045417112967236,0.3846173183352673
graph_010_mu_0_3_node_643,17,0.1397058823529411,0.0004280199698426,0.3758465011286682,2.660660660660661,0.0084876761901,10.376,6.624,2.730057728382728,0.3896470588235294,0.1823127133250528,0.0086045757579031,0.2531449468235413,0.2533637694006597,0.158679718504697
graph_010_mu_0_3_node_136,24,0.1904761904761904,0.0005903219495686,0.383199079401611,2.6096096096096097,0.0100116101413186,16.608,7.392,3.841326073926074,0.308,0.2371461611019147,0.0091301077290373,0.1867971541958648,0.1870414445411673,0.3697684068174392
graph_010_mu_0_3_node_687,32,0.1713709677419354,0.0013682652123851,0.4007220216606498,2.4954954954954958,0.0145152844114385,19.395,12.605,4.059762907680555,0.39390625,0.4673116469411976,0.0139606546980406,0.2537825840787374,0.2541991299084278,0.5339805398483634
graph_010_mu_0_3_node_793,35,0.0873949579831932,0.00154790368972,0.4489887640449438,2.2272272272272278,0.0345661696230231,21.02,13.98,3.4387348484848483,0.3994285714285715,0.11379046272142,0.0171702484518512,0.2558686802537147,0.2563307082112689,0.1418379441501579
graph_010_mu_0_3_node_249,16,0.225,0.0003220273807106,0.3967434471803018,2.5205205205205203,0.0152501096137485,11.632,4.368,3.7305523809523815,0.273,0.0748874809881689,0.0049179363019938,0.1609663136039998,0.1611106408549209,0.1679721728529106
graph_010_mu_0_3_node_605,31,0.0967741935483871,0.0015239049472948,0.4160766347355268,2.4034034034034035,0.0204505237089854,15.181,15.819,2.785840019467976,0.5102903225806452,0.6123204684290892,0.0186325259658766,0.3591860761405859,0.3597086154854012,0.39255583806079
graph_010_mu_0_3_node_959,51,0.1113725490196078,0.0029016650403716,0.4561643835616438,2.1921921921921923,0.041376606079667,35.28,15.72,5.350459232215153,0.308235294117647,0.1279586781147155,0.0191400285125773,0.1856046605844948,0.1861246434221449,0.2451048620337137
graph_010_mu_0_3_node_244,19,0.0760233918128654,0.0004612566844467,0.3947056499407348,2.5335335335335336,0.0143940962331657,9.378,9.622,2.0842160561660563,0.506421052631579,0.0938111092758964,0.0128640527893279,0.3573145069367939,0.3576323094442603,0.0584345806155323
graph_010_mu_0_3_node_913,15,0.1333333333333333,0.0003455930807479,0.3908450704225352,2.558558558558558,0.0111495269480929,9.267,5.733,2.614244047619048,0.3822,0.074127523437055,0.0073041515712226,0.2438619692068717,0.2440513563309329,0.0875705615898006
graph_010_mu_0_3_node_623,38,0.1682539682539682,0.001190986250854,0.4322803980960623,2.313313313313313,0.0429338450930078,27.562,10.438,4.757047224997226,0.2746842105263158,0.0705776455191876,0.0130052823622919,0.161636450711801,0.1619816206006731,0.1567383806693515
graph_010_mu_0_3_node_298,63,0.0988223246287762,0.0046018738771736,0.4536784741144414,2.204204204204204,0.0385416507523039,43.457,19.543,5.881941402633443,0.3102063492063491,0.2194257955258452,0.0226785093715477,0.1870788535252042,0.1877255357284147,0.4150466165678759
graph_010_mu_0_3_node_267,24,0.1594202898550724,0.0007521402673294,0.3978494623655914,2.5135135135135136,0.014765004015439,13.332,10.668,2.7357545787545785,0.4445,0.1804107190339643,0.0120092031974979,0.2941197822853215,0.2944722211702558,0.1842650792644976
graph_010_mu_0_3_node_311,43,0.074390243902439,0.0024339574625958,0.439894319682959,2.273273273273273,0.0293357385214662,25.532,17.468,4.243581689298833,0.4062325581395348,0.1422478383055432,0.0210296447901746,0.2617818174201085,0.2623592025679518,0.1658602830319624
graph_010_mu_0_3_node_514,30,0.0978835978835978,0.0012946614461437,0.4020120724346076,2.4874874874874875,0.0138161717419127,18.375,11.625,3.5596363094660983,0.3875,0.3321267784815002,0.0149577978284404,0.2521960823521374,0.2525802167284284,0.2601104904565101
graph_010_mu_0_3_node_476,41,0.1097560975609756,0.0024004535126617,0.4265584970111016,2.344344344344344,0.0262421166297603,21.55,19.45,3.513755463024061,0.4743902439024391,0.3294025638917636,0.02192143574315,0.3211794811478115,0.3218221570766791,0.2906054601075321
graph_010_mu_0_3_node_6,31,0.2167487684729064,0.0011137612816841,0.4028225806451613,2.4824824824824825,0.0148724173024909,22.728,8.272,5.175495199408435,0.2668387096774194,0.3056550822042044,0.0094450548746518,0.1578328493939874,0.1581063169128956,0.6010271053659494
graph_010_mu_0_3_node_1,28,0.203076923076923,0.0010112983405399,0.3981666002391391,2.5115115115115114,0.0133028574529035,19.625,8.375,4.808992773892774,0.2991071428571429,0.3056984965325963,0.0094775785457191,0.1808619699828701,0.1811387844915394,0.5100489925740143
graph_010_mu_0_3_node_415,24,0.1340579710144927,0.000694230227666,0.4090909090909091,2.4444444444444446,0.0194844512225689,16.121,7.879,3.570428571428572,0.3282916666666666,0.0640602063680764,0.0094637486842725,0.2004855521388851,0.2007459285079348,0.1113795106969624
graph_010_mu_0_3_node_867,24,0.1521739130434782,0.0006852455357565,0.4145228215767635,2.4124124124124124,0.0248204347068904,15.971,8.029,3.758914285714286,0.3345416666666667,0.0663151242200717,0.0096635152835429,0.206093284063116,0.2063586090537819,0.1013386671755993
graph_010_mu_0_3_node_586,69,0.1061381074168797,0.0052315102744737,0.4698965192850423,2.1281281281281283,0.0515095209646616,47.485,21.515,6.055610412382595,0.3118115942028985,0.1767176618591855,0.0263426508717249,0.1884146341668789,0.1891266938691574,0.3269907443168375
graph_010_mu_0_3_node_369,22,0.1818181818181818,0.0007743587118183,0.4085889570552147,2.4474474474474475,0.01835159576796,11.964,10.036,2.7107337606837603,0.456181818181818,0.3704408356056586,0.0113258650616959,0.3078558265885672,0.3081873544664212,0.314793860605277
graph_010_mu_0_3_node_987,27,0.1,0.0009449159624361,0.4185169669040637,2.3893893893893896,0.0208873643684635,15.601,11.399,3.22019100899101,0.4221851851851853,0.0925114897347286,0.0137025457610276,0.2752111596561705,0.2755877913160318,0.0982221091884891
graph_010_mu_0_3_node_860,20,0.2894736842105263,0.0004216055247422,0.4067589576547231,2.4584584584584586,0.0295520717557927,15.285,4.715,4.64552380952381,0.2357499999999999,0.0330410224902291,0.0057818020099595,0.1362401409986549,0.1363959670789658,0.0891887719401656
graph_010_mu_0_3_node_932,20,0.1210526315789473,0.0008480398141573,0.4095940959409594,2.4414414414414414,0.0132496143434552,10.009,9.991,2.2673671883671886,0.4995499999999999,0.357652595616711,0.0116888376435561,0.3478078523280313,0.3481378546584342,0.2432282369649456
graph_010_mu_0_3_node_567,27,0.0598290598290598,0.0011473664448473,0.4313471502590673,2.3183183183183185,0.0234994472754218,11.504,15.496,2.267388698801199,0.573925925925926,0.2199360611333027,0.0190332753425114,0.4210704195932209,0.4215821898256389,0.102509459423194
graph_010_mu_0_3_node_34,20,0.0368421052631578,0.0006612743484554,0.4042897612302711,2.4734734734734736,0.0137752132959105,9.046,10.954,2.109129037629038,0.5477000000000001,0.1045950801301366,0.0145209085316496,0.4009716274992139,0.401333391192604,0.0228642404554156
graph_010_mu_0_3_node_836,29,0.167487684729064,0.000947481962671,0.430603448275862,2.3223223223223224,0.0279452698583181,18.827,10.173,3.7790488344988336,0.3507931034482758,0.0835617462376303,0.0122571050374232,0.2178729127820508,0.2182091237186687,0.1287509035685901
graph_010_mu_0_3_node_400,24,0.1739130434782608,0.0007098874732416,0.4122988031366075,2.4254254254254253,0.0204557477024798,14.057,9.943,2.7759679653679656,0.4142916666666665,0.1448137742355261,0.0110497154272363,0.267110693976027,0.2674392115608959,0.1742945956983095
graph_010_mu_0_3_node_107,18,0.1437908496732026,0.000450720965985,0.3940828402366864,2.537537537537537,0.0144250036785144,9.488,8.512,2.1871084415584416,0.4728888888888888,0.3101938842994856,0.0099423434421415,0.3211645677997546,0.3214457303901407,0.2525587368479215
graph_010_mu_0_3_node_523,33,0.2537878787878788,0.0009072473824167,0.4183417085427136,2.3903903903903903,0.0269588433813882,23.919,9.081,4.423557142857142,0.2751818181818182,0.1319806125861873,0.0102975511642704,0.1616877990612194,0.1619880423419961,0.3081053936250866
graph_010_mu_0_3_node_656,25,0.1433333333333333,0.0010471160291448,0.4090909090909091,2.4444444444444446,0.0193536424594443,12.892,12.108,2.864381685179285,0.4843199999999999,0.4376154654953771,0.0140211217824297,0.3366618815532118,0.3370618334215493,0.2995541967145863
graph_010_mu_0_3_node_721,15,0.0857142857142857,0.0003571159286169,0.388867263526664,2.5715715715715715,0.0107089800376476,7.767,7.233,1.902434523809524,0.4821999999999999,0.0937763460128267,0.0094312173436523,0.3304691371430501,0.3307080385053543,0.0665781339715283
graph_010_mu_0_3_node_292,33,0.0946969696969697,0.001451650217613,0.4304179233089186,2.3233233233233235,0.0265945272399781,19.893,13.107,3.398998717948718,0.3971818181818181,0.1067009999637543,0.0160902758726022,0.254260463139887,0.2546936208618789,0.1340476121439159
graph_010_mu_0_3_node_460,24,0.1594202898550724,0.0006810414318131,0.3893219017926734,2.5685685685685686,0.0123369362726615,16.061,7.939,3.7847818181818185,0.3307916666666666,0.1358229562876717,0.0087074911394983,0.2028237714273404,0.2030861264837939,0.2286257959216087
graph_010_mu_0_3_node_829,18,0.0392156862745098,0.0005367337784458,0.3857142857142857,2.592592592592593,0.0103553381724722,11.223,6.777,3.029957792207792,0.3765,0.0941642210109209,0.0080534618367748,0.2391567587358223,0.2393806521586474,0.0730248569161672
graph_010_mu_0_3_node_238,49,0.1037414965986394,0.0026277373258677,0.4453856442264824,2.245245245245245,0.0387875253237855,34.216,14.784,5.02152187371452,0.3017142857142857,0.1206946135449887,0.0181597009558377,0.1809124515352913,0.1814014585567417,0.2369123124458434
graph_010_mu_0_3_node_417,24,0.1376811594202898,0.0007549122345128,0.4036363636363636,2.477477477477477,0.0177467144425994,13.171,10.829,2.5359405261405263,0.4512083333333333,0.1579555270657875,0.0120592388255554,0.298755107988172,0.2991128646640605,0.1609544173969317
graph_010_mu_0_3_node_734,29,0.1748768472906404,0.0011016463015022,0.4242038216560509,2.3573573573573574,0.0256117188785654,18.478,10.522,3.74732565147271,0.3628275862068965,0.1187134962219969,0.0119858739705862,0.2271563574697173,0.2275040893796692,0.1730589470279957
graph_010_mu_0_3_node_633,26,0.1753846153846154,0.0007845490980795,0.4051094890510949,2.468468468468469,0.0193786056221493,15.095,10.905,2.892084271284272,0.419423076923077,0.1584741175123496,0.0121070827506628,0.2712982430116289,0.2716585559944519,0.1879819725799399
graph_010_mu_0_3_node_900,24,0.108695652173913,0.0007873330343702,0.3943939992104224,2.535535535535536,0.0140060372035255,15.281,8.719,3.937634565434566,0.3632916666666666,0.1252162766518441,0.0100878310863426,0.2309379304560216,0.2312260236317438,0.1569255068960797
graph_010_mu_0_3_node_801,30,0.1586206896551724,0.0010099791712483,0.4128099173553719,2.4224224224224224,0.0215827821463407,21.203,8.797,4.410088744588744,0.2932333333333333,0.0714217351826281,0.0105682741179104,0.1749331173965594,0.1752239169320703,0.1477226039328674
graph_010_mu_0_3_node_3,23,0.0830039525691699,0.0008478970147651,0.4293081220455522,2.329329329329329,0.0216629654155375,11.641,11.359,2.7926340628325925,0.4938695652173913,0.1442313043985835,0.0142836270236772,0.3466626500981012,0.3470378424097353,0.0910917354774754
graph_010_mu_0_3_node_165,23,0.1225296442687747,0.0006859212490459,0.3933070866141732,2.5425425425425425,0.0145009554195496,14.899,8.101,3.398592697580197,0.3522173913043478,0.1145528179908487,0.0096857033790011,0.2207704498929207,0.2210381304419524,0.159841301252069
graph_010_mu_0_3_node_448,26,0.1107692307692307,0.001100585150337,0.4112803622890078,2.431431431431432,0.018150395212635,13.53,12.47,2.6914757321110256,0.4796153846153845,0.2098843924120089,0.0141079858613286,0.3253553910748616,0.3257673380127604,0.1834964273066578
graph_010_mu_0_3_node_930,101,0.1074005359719645,0.0100564387161211,0.486604968339016,2.055055055055055,0.0645295543577837,71.806,29.194,8.239104547601743,0.289049504950495,0.328765462891592,0.0338378609810727,0.1719760492624774,0.1729434935621175,0.6803060389704767
graph_010_mu_0_3_node_670,24,0.1159420289855072,0.0009696859339309,0.4029850746268656,2.4814814814814814,0.0152877506506263,12.794,11.206,2.578197095061801,0.4669166666666666,0.3651199478055212,0.0139359145795202,0.3179208621857258,0.318291041318375,0.2654538623163626
graph_010_mu_0_3_node_996,16,0.2333333333333333,0.0003113384750754,0.3876600698486612,2.57957957957958,0.0117747740577765,9.804,6.196,2.6374761904761903,0.38725,0.1051146205314556,0.0069169400324811,0.2463508441478186,0.24655553190507,0.1381160967904452
graph_010_mu_0_3_node_926,18,0.1633986928104575,0.0004249540885102,0.4018503620273532,2.4884884884884886,0.0162225634069176,10.0,8.0,2.3686857142857143,0.4444444444444445,0.0891476843492396,0.0093226428107683,0.2936917355120833,0.293956004370464,0.0921078793628372
graph_010_mu_0_3_node_84,41,0.1878048780487805,0.0014563814249975,0.4159034138218151,2.4044044044044046,0.025151023979729,30.056,10.944,5.037513067488067,0.2669268292682926,0.1586738876411598,0.0121408462777605,0.155953303128421,0.1563152624254637,0.387989626341913
graph_010_mu_0_3_node_221,14,0.1098901098901098,0.0003089172299354,0.3881118881118881,2.5765765765765765,0.0110934163512735,7.131,6.869,1.8951944444444444,0.490642857142857,0.093505159348851,0.0083487715076227,0.3375587486672155,0.3377856219445053,0.0723108202912092
graph_010_mu_0_3_node_100,35,0.1697478991596638,0.0012701595287435,0.4062627084180561,2.4614614614614614,0.0196445405202423,25.224,9.776,5.064219274189862,0.2793142857142857,0.1668738830712028,0.010837322036449,0.1653199540840989,0.1656431862641166,0.3647171541712676
graph_010_mu_0_3_node_570,26,0.32,0.0006242323190943,0.4349151066608619,2.299299299299299,0.044430054014393,19.042,6.958,4.086783333333333,0.2676153846153846,0.0472680250603911,0.0086758214806824,0.1568299411330259,0.1570599361487797,0.1112649036153293
graph_010_mu_0_3_node_122,38,0.1137980085348506,0.0021480375453258,0.4375821287779238,2.285285285285285,0.0293470459281144,20.229,17.771,3.5224119755493155,0.467657894736842,0.3001385827693152,0.0199860376027215,0.3145663174179415,0.3151535102872372,0.2752395221873085
graph_010_mu_0_3_node_964,16,0.1166666666666666,0.0003631309228048,0.3864603481624758,2.587587587587588,0.0110269523034585,8.837,7.163,2.144873881673882,0.4476875,0.2339750798882985,0.0090586079856571,0.3000838695226702,0.3003204744011632,0.1809038242096653
graph_010_mu_0_3_node_680,25,0.16,0.0007752627589154,0.4136645962732919,2.417417417417417,0.030949251142654,16.289,8.711,3.166601551226551,0.34844,0.0589697161643561,0.0108923573407275,0.2152491663157602,0.2155370334511071,0.0931620830504398
graph_010_mu_0_3_node_812,26,0.1907692307692307,0.0007909241184669,0.4106041923551171,2.4354354354354357,0.0220109988714676,17.268,8.732,3.586673809523809,0.3358461538461539,0.098649613417363,0.0101349391115611,0.2064787829580317,0.2067673579389079,0.1630752891410457
graph_010_mu_0_3_node_94,17,0.1102941176470588,0.0004911106687939,0.3876600698486612,2.57957957957958,0.0109287232877553,8.643,8.357,2.293724503274503,0.4915882352941175,0.3750376898582856,0.0096853117754679,0.3407430582590214,0.3410190836339236,0.2656208606376429
graph_010_mu_0_3_node_293,30,0.1862068965517241,0.0009788393788087,0.4185169669040637,2.3893893893893896,0.0259742734426743,21.183,8.817,4.32527813852814,0.2939,0.0713283971462109,0.0107415041523174,0.1752279293646854,0.1755193908921845,0.1477858051004145
graph_010_mu_0_3_node_862,22,0.303030303030303,0.0004601169473388,0.4412544169611307,2.2662662662662663,0.0429083691455054,15.042,6.958,3.203890476190476,0.3162727272727272,0.046896982786987,0.0087549001529216,0.1909373125272997,0.1911672484099761,0.0869247311825384
graph_010_mu_0_3_node_12,16,0.0583333333333333,0.0005242836760797,0.3919183993723029,2.5515515515515514,0.00985273108587,7.367,8.633,1.864079875679876,0.5395625,0.2122407099039346,0.0113599809579036,0.3906920120774623,0.3909771249963306,0.0770275902237297
graph_010_mu_0_3_node_651,31,0.0967741935483871,0.0012889340854016,0.4160766347355268,2.4034034034034035,0.020286369449236,16.433,14.567,2.9512936122700824,0.4699032258064515,0.2093218560907033,0.0167514418292112,0.3149417675364898,0.3154230481928869,0.1989477265022278
graph_010_mu_0_3_node_484,41,0.1309041835357624,0.0020128457869482,0.4213412062420919,2.373373373373373,0.0232458791401612,25.111,15.889,4.002929301287546,0.3875365853658537,0.2704589807917773,0.0178329881054622,0.246431822989709,0.2469570374500447,0.3381643717318425
graph_010_mu_0_3_node_109,35,0.1277310924369747,0.001597151919469,0.4258312020460358,2.3483483483483485,0.0263703784253555,19.639,15.361,3.177375525618173,0.4388857142857143,0.2241206388911027,0.0171875898858347,0.288035137064879,0.2885427392209621,0.2420320102597459
graph_010_mu_0_3_node_218,18,0.0522875816993464,0.000526182690989,0.3879611650485436,2.5775775775775776,0.0103264737479251,8.698,9.302,2.0873935064935067,0.5167777777777777,0.128697612014129,0.011183844600337,0.3640072773825882,0.3643145062878644,0.0728817728845745
graph_010_mu_0_3_node_653,44,0.102536997885835,0.0019606257553386,0.4347258485639687,2.3003003003003,0.0325951277049454,30.786,13.214,4.711803810242046,0.3003181818181817,0.1074055300457377,0.0162745760397632,0.1797277628028107,0.1801647725908008,0.2141813776921265
graph_010_mu_0_3_node_414,26,0.1169230769230769,0.0008659753342635,0.4141791044776119,2.414414414414414,0.0219047880757634,15.601,10.399,2.9720136363636365,0.3999615384615386,0.0849895104267664,0.0127058996672016,0.256625678222379,0.2569692845114584,0.1039157639592217
graph_010_mu_0_3_node_215,23,0.0909090909090909,0.0007710032352928,0.4122988031366075,2.4254254254254253,0.0208903033071995,10.434,12.566,2.17262997974248,0.5463478260869565,0.164627717120159,0.0160126051266808,0.3940153304146043,0.394430352354822,0.0941266368145412
graph_010_mu_0_3_node_246,14,0.0879120879120879,0.0003708803310715,0.3961141950832672,2.5245245245245247,0.0118458785352407,6.948,7.052,2.0291111111111118,0.5037142857142858,0.092274039275781,0.0088666760919568,0.3555711219097031,0.3558040287657726,0.0556168134731847
graph_010_mu_0_3_node_691,22,0.1515151515151515,0.0007659315244504,0.4251063829787234,2.3523523523523524,0.0237621103934195,11.453,10.547,2.6173859584859582,0.4794090909090907,0.1796828888840724,0.0117947097781306,0.3263844664437406,0.3267328636049816,0.1535576527669526
graph_010_mu_0_3_node_119,17,0.1904761904761904,0.0002896028428396,0.3628768616055212,2.755755755755756,0.0062521794029553,11.246,5.754,3.546028787878788,0.3384705882352941,0.2350166902436181,0.0064823066041927,0.2107378733503567,0.2109279753723547,0.304639528209397
graph_010_mu_0_3_node_891,21,0.1333333333333333,0.0006559912747599,0.3973747016706443,2.5165165165165164,0.0151227063960439,12.212,8.788,2.636343181818181,0.4184761904761905,0.0977799940864995,0.0104385684971264,0.2720812864619679,0.2723716166200539,0.110255569133545
graph_010_mu_0_3_node_275,23,0.1027667984189723,0.0008391780141013,0.4247448979591837,2.354354354354354,0.0183023098046089,13.359,9.641,3.008665204240204,0.4191739130434782,0.1272523588888603,0.0120715570902259,0.2754357017720377,0.2757542156998747,0.1203970071911005
graph_010_mu_0_3_node_657,34,0.1443850267379679,0.0015187362353257,0.4192194712547209,2.385385385385385,0.0235342498173317,21.608,12.392,3.908133857808858,0.3644705882352941,0.1391115211303401,0.0142918096254284,0.2280857371306649,0.2284953239237507,0.2017822474621454
graph_010_mu_0_3_node_278,20,0.2052631578947368,0.0004084865614725,0.3855654187572366,2.5935935935935936,0.0141792436482628,14.746,5.254,4.172785714285713,0.2626999999999999,0.0595896135439206,0.005955631297532,0.1540726930378633,0.1542463235833009,0.1415047128019945
graph_010_mu_0_3_node_191,25,0.1778656126482213,0.0007339052347495,0.3812977099236641,2.6226226226226226,0.0098580559240051,15.773,9.227,3.522978243978244,0.36908,0.3708146092665045,0.0104338177247978,0.2337296575009653,0.2340345474632589,0.4399066988937481
graph_010_mu_0_3_node_167,20,0.1368421052631579,0.0008001321275365,0.4047811993517017,2.4704704704704703,0.0135002654482428,9.909,10.091,2.2744887334887336,0.5045499999999999,0.4582643890821289,0.0117717907456326,0.3519630619634607,0.352296365240652,0.3080377652995593
graph_010_mu_0_3_node_624,21,0.1666666666666666,0.0006232893274172,0.3923802042419481,2.5485485485485486,0.0134155441134863,12.617,8.383,3.003438111888112,0.3991904761904762,0.3108955757637556,0.0094681818347992,0.2579146059040867,0.2581915622270546,0.3462818421253583
graph_010_mu_0_3_node_313,22,0.2857142857142857,0.0003332088612413,0.425287356321839,2.3513513513513518,0.0400786904107207,15.906,6.094,3.769719047619048,0.277,0.0411068781461302,0.0076250629565365,0.1631842698938647,0.1633856716972608,0.0925048840253746
graph_010_mu_0_3_node_737,18,0.130718954248366,0.0003739268366074,0.3857142857142857,2.592592592592593,0.0118402469164423,13.659,4.341,4.256600000000001,0.2411666666666666,0.0354853871069715,0.0051602970306329,0.1393411296483403,0.139484583909862,0.0955718622973961
graph_010_mu_0_3_node_243,36,0.1497326203208556,0.0012596294151947,0.4236641221374045,2.36036036036036,0.0312233550439393,24.575,11.425,4.085572527472528,0.3173611111111111,0.092937711198903,0.0141015148788008,0.1921312821182599,0.1925089994567751,0.1638190565823516
graph_010_mu_0_3_node_735,26,0.1992753623188405,0.0006665558331705,0.4020120724346076,2.4874874874874875,0.0191689620189255,18.05,7.95,3.978085714285713,0.3057692307692308,0.0892955063936657,0.0091805026614533,0.1839414083759817,0.1842041637863571,0.1629723690718514
graph_010_mu_0_3_node_693,29,0.1551724137931034,0.0010529115026723,0.4238438693254137,2.359359359359359,0.0255389219537063,19.519,9.481,3.745676623376623,0.3269310344827586,0.0775467609420816,0.0115596710973331,0.1994880887220466,0.19980145518509,0.1345954979903411
graph_010_mu_0_3_node_204,42,0.1033681765389082,0.0024157172743336,0.4192194712547209,2.385385385385385,0.0208619575284701,27.848,14.152,4.497156826546457,0.3369523809523809,0.1993946670068725,0.016894402945122,0.208404582375503,0.2088724798928539,0.3008113916870998
graph_010_mu_0_3_node_830,24,0.1050724637681159,0.0007643348041553,0.4072564207093355,2.4554554554554557,0.0180921951435066,15.326,8.674,3.4580666666666664,0.3614166666666666,0.0709369504548698,0.010443594798734,0.2260499428028474,0.2263365653867816,0.1042417057588484
graph_010_mu_0_3_node_345,25,0.1366666666666666,0.0007672943578581,0.4104354971240756,2.4364364364364364,0.0204411479409466,14.336,10.664,2.735233752358752,0.4265600000000001,0.1191352390420242,0.0124909116581504,0.2782977010892644,0.278650032918416,0.131788605774493
graph_010_mu_0_3_node_590,25,0.1304347826086956,0.0006979919606145,0.3988023952095808,2.5075075075075075,0.018292668149636,15.003,9.997,2.901428391053392,0.3998800000000001,0.1452267898375899,0.0111381339096222,0.2550486389733001,0.2553789615440862,0.1752287179649547
graph_010_mu_0_3_node_983,26,0.1015384615384615,0.0008583443536092,0.4084219133278822,2.448448448448449,0.0196385454312588,13.482,12.518,2.478715476190476,0.4814615384615384,0.210073283694993,0.0145664173936523,0.3266113972206688,0.3270249302949533,0.181466673817349
graph_010_mu_0_3_node_533,35,0.1008403361344537,0.0017400684612411,0.4117889530090684,2.4284284284284285,0.0177075981395532,21.812,13.188,4.480653490888309,0.3768000000000001,0.1867427786758987,0.0153147010414992,0.2406861687294232,0.2411220303270408,0.2295365351262934
graph_010_mu_0_3_node_401,18,0.1633986928104575,0.0003878107504312,0.4042897612302711,2.4734734734734736,0.01755331413016,12.09,5.91,3.1338285714285714,0.3283333333333333,0.0665832218233577,0.0068971936380127,0.20069261207505,0.2008878834459878,0.1117423918954452
graph_010_mu_0_3_node_103,33,0.2083333333333333,0.0011446800132758,0.4258312020460358,2.3483483483483485,0.0441405266601388,23.268,9.732,4.21044358974359,0.2949090909090909,0.0656187553214747,0.0122012743036895,0.1757868236308112,0.1761085658513603,0.1347869238580377
graph_010_mu_0_3_node_696,68,0.1514486391571554,0.0046882351209768,0.4540909090909091,2.2022022022022023,0.0437101761891784,46.345,21.655,5.921784540643695,0.3184558823529411,0.3159064648314257,0.024168242403592,0.1924566286702893,0.19317329405688,0.5912192785327267
graph_010_mu_0_3_node_910,21,0.0904761904761904,0.0006079425673543,0.40056134723336,2.4964964964964964,0.0145845532178868,11.314,9.686,2.519626748251748,0.4612380952380951,0.1078841542648812,0.0113340498934982,0.3092672587372033,0.3095872251502474,0.1004405391116116
graph_010_mu_0_3_node_525,30,0.135632183908046,0.0014397438498535,0.4067589576547231,2.4584584584584586,0.0156640260475355,19.258,10.742,4.178068402186049,0.3580666666666667,0.1522315142560703,0.01260554651462,0.225348651635563,0.225703656195423,0.2065010076400518
graph_010_mu_0_3_node_816,28,0.2195767195767195,0.0009392110870061,0.4033104561970125,2.47947947947948,0.0161025230230585,19.962,8.038,4.370529603729604,0.2870714285714286,0.1360547385889235,0.0089812929731672,0.1705153462544261,0.1707810430453744,0.2892147367204571
graph_010_mu_0_3_node_877,31,0.1827956989247312,0.0013226075871647,0.4107730263157895,2.434434434434434,0.0182081860574648,19.084,11.916,3.4639230694013587,0.3843870967741934,0.4368502588562953,0.0136440640469959,0.2448651440948986,0.2452589340927169,0.5315526370564206
graph_010_mu_0_3_node_712,17,0.1102941176470588,0.000461199535271,0.4060975609756098,2.4624624624624625,0.013940826504079,8.481,8.519,2.0726665584415587,0.5011176470588234,0.1176818361752044,0.0102712910793175,0.3478530114206733,0.3481343862193251,0.0848462819531582
graph_010_mu_0_3_node_226,32,0.1241379310344827,0.0013096293082532,0.428204029147021,2.335335335335335,0.0251292557147279,17.753,14.247,3.096450174661939,0.44521875,0.1586959576345765,0.0166038927794047,0.2943983041151309,0.2948690509127389,0.1540774337087685
graph_010_mu_0_3_node_916,86,0.0897877223178428,0.0099692006822085,0.4777618364418938,2.093093093093093,0.0501325105938397,58.356,27.644,7.518740851550882,0.3214418604651162,0.391761650966598,0.0327272622607507,0.1970504143856918,0.1979656424934957,0.6304435212445941
graph_010_mu_0_3_node_181,31,0.1440860215053763,0.0013213368050851,0.4114497528830313,2.4304304304304303,0.0184133421843449,17.665,13.335,3.410737183649684,0.4301612903225807,0.2254422121882915,0.0148834967369999,0.281626885651089,0.2820675104839296,0.2447728953401045
graph_010_mu_0_3_node_988,37,0.066066066066066,0.0023438758683302,0.4430155210643015,2.2572572572572573,0.0287511744921953,17.992,19.008,3.110781217719018,0.5137297297297297,0.1903041972330414,0.0251719998288252,0.3654453235275119,0.3660732122458613,0.1109721493842599
