,Degree,Clustering Coefficient,Betweenness,Closeness,Shortest Path,Eigenvector,E In,E Out,E In Over E Out,ODF,Expansion,Cut Ratio,Conductance,Normalised Cut,Triangle Participation
graph_086_mu_0_3_node_789,22,0.1212121212121212,0.000701561566166,0.4107730263157895,2.434434434434434,0.0245190448217469,14.223,7.777,4.562453968253969,0.3534999999999999,0.0462279672623639,0.0117165712312501,0.2252420289103862,0.2255073810554684,0.0595040294679501
graph_086_mu_0_3_node_454,16,0.2166666666666666,0.0003244766549702,0.3726221559119731,2.683683683683684,0.0094667791381235,11.158,4.842,4.361476190476191,0.302625,0.1274367279591939,0.0069771893497016,0.1884806200646467,0.1886458156779177,0.1678965548848083
graph_086_mu_0_3_node_137,20,0.2263157894736842,0.0004833470481019,0.383199079401611,2.6096096096096097,0.0147431137022531,15.026,4.974,5.042714285714285,0.2486999999999999,0.0720326490879223,0.0056162911406766,0.1458471869896019,0.1460169384379558,0.1713659363126964
graph_086_mu_0_3_node_361,22,0.1688311688311688,0.0008685415695522,0.3925343811394892,2.5475475475475475,0.0104854104864851,15.996,6.004,6.091700244200245,0.2729090909090909,0.1974677638298504,0.0088288654649306,0.1695669772233539,0.1697718551949943,0.2366640444234933
graph_086_mu_0_3_node_111,30,0.128735632183908,0.0011193427390862,0.4097621000820344,2.4404404404404403,0.0229560369067152,18.369,11.631,4.624107850482851,0.3877,0.1348765388435125,0.0154234755693329,0.2520302596868478,0.2524271498757501,0.1552565019059355
graph_086_mu_0_3_node_99,24,0.1231884057971014,0.0007328172413966,0.4042897612302711,2.4734734734734736,0.0172988847380252,17.302,6.698,5.675002264402265,0.2790833333333333,0.0537458961471059,0.0115324543164557,0.1705558691714183,0.1707844560162262,0.0802122153665351
graph_086_mu_0_3_node_616,39,0.1794871794871795,0.0019080228431979,0.4430155210643015,2.2572572572572573,0.0372735741025764,23.889,15.111,4.678056082887701,0.3874615384615386,0.2479644265242914,0.0166084105093575,0.2469274904564437,0.2474432886621037,0.3259166341459654
graph_086_mu_0_3_node_271,19,0.1812865497076023,0.0005846125134991,0.4106041923551171,2.4354354354354357,0.0177271680898485,12.582,6.418,4.284958008658008,0.3377894736842105,0.1504724175308394,0.0109844968089943,0.2157147171626454,0.2159336848045277,0.1521761224686681
graph_086_mu_0_3_node_751,25,0.1166666666666666,0.0008349766305863,0.4216969185310257,2.3713713713713718,0.0332204925041128,18.83,6.17,7.317516594516594,0.2468,0.0231227377889793,0.0098892268311797,0.1504799955591394,0.1506905722414263,0.0450876882438032
graph_086_mu_0_3_node_140,23,0.1897233201581027,0.0007280031351767,0.4174676138737986,2.3953953953953957,0.0239360856215653,15.792,7.208,6.610181940281941,0.3133913043478261,0.1260497764126984,0.0088498685595249,0.2021284510009055,0.2023743849882618,0.1461516283862615
graph_086_mu_0_3_node_870,94,0.124223602484472,0.0086009931417357,0.4814457831325301,2.077077077077077,0.068074399351454,65.62,28.38,11.441416227146677,0.3019148936170213,0.4127698102653661,0.0345165369072182,0.1838766140276845,0.1848473125357795,0.7230891672203521
graph_086_mu_0_3_node_659,40,0.1166666666666666,0.0023348435495325,0.4307891332470893,2.3213213213213213,0.0308064930706766,24.496,15.504,6.805261686198221,0.3875999999999999,0.1807461286317595,0.0181007062108614,0.2525624829304405,0.2530916360518688,0.2064064988892772
graph_086_mu_0_3_node_134,24,0.0652173913043478,0.0009241352267673,0.3928430987023201,2.5455455455455454,0.015008847370898,13.879,10.121,4.652468641162759,0.4217083333333333,0.1558270676314328,0.0147312456652684,0.2903405029673404,0.2906857546965008,0.1121203180695001
graph_086_mu_0_3_node_499,15,0.1428571428571428,0.0002944154164321,0.3849710982658959,2.5975975975975976,0.0103391471319743,10.932,4.068,4.687589285714285,0.2712,0.0319862309288725,0.0064214865337939,0.1651871333147944,0.1653259256214349,0.0426555107986386
graph_086_mu_0_3_node_792,21,0.2761904761904762,0.0004567232738087,0.4176421404682274,2.3943943943943946,0.0393771493113563,17.045,3.955,7.10605,0.1883333333333333,0.0139815518551416,0.0066427762971056,0.1076630249435769,0.1077980186064655,0.0422592995719219
graph_086_mu_0_3_node_233,15,0.0571428571428571,0.0004794478808475,0.3854166666666667,2.5945945945945947,0.0099624076590545,8.988,6.012,3.4168268398268395,0.4007999999999999,0.0230865574195247,0.0116155480088161,0.2721690886053546,0.2723741566214174,0.0141169121423068
graph_086_mu_0_3_node_772,60,0.1146892655367231,0.0036038237495201,0.4633580705009276,2.1581581581581584,0.0596523241164072,44.917,15.083,10.99205704846372,0.2513833333333333,0.0919558882564362,0.0210193263473256,0.1487773421591085,0.1492928314180906,0.2062703438158534
graph_086_mu_0_3_node_563,38,0.1834992887624466,0.0016552144296576,0.4181665969024696,2.391391391391392,0.0279389271726344,25.531,12.469,4.974966555666556,0.3281315789473683,0.2050599737213343,0.0136861622095928,0.2007445800464155,0.2011702942937856,0.3536577508064586
graph_086_mu_0_3_node_165,18,0.0784313725490196,0.0004573434061413,0.3937721718565234,2.53953953953954,0.0139242120454907,10.119,7.881,3.726298051948052,0.4378333333333333,0.1370856678629888,0.0127101632176086,0.3098677448824377,0.3101365477039141,0.0743134163261264
graph_086_mu_0_3_node_118,26,0.12,0.0009570948678125,0.3988023952095808,2.5075075075075075,0.0156469300288006,16.284,9.716,5.484092687377983,0.3736923076923076,0.1617001382136008,0.0138438213362548,0.249116329949548,0.2494478167133515,0.1426862453724529
graph_086_mu_0_3_node_627,29,0.0886699507389162,0.0013294193477201,0.4020120724346076,2.4874874874874875,0.0157726818827672,21.048,7.952,7.907610846648192,0.2742068965517242,0.0891714148717602,0.0136428501179966,0.1699195148146212,0.170190924813491,0.1056217537333343
graph_086_mu_0_3_node_508,16,0.1416666666666666,0.0004293566900821,0.4164235097957482,2.4014014014014013,0.0270073541408979,10.941,5.059,4.127523809523809,0.3161875,0.0177733925573204,0.0096423856920873,0.1987842760395374,0.1989568715875224,0.0254377421630749
graph_086_mu_0_3_node_557,26,0.0707692307692307,0.0011213596355683,0.3908450704225352,2.558558558558558,0.0142526936754859,19.256,6.744,7.939825044563279,0.2593846153846154,0.0798577806405686,0.0101142241327227,0.1670505557668715,0.1672806849415221,0.0706707523907815
graph_086_mu_0_3_node_697,50,0.0759183673469387,0.0036910269159338,0.4345367551109177,2.3013013013013013,0.0273081506140478,37.744,12.256,10.804641161704192,0.24512,0.1057764247926362,0.0184513681244372,0.1489247008490759,0.1493433345425134,0.1773513068453996
graph_086_mu_0_3_node_828,24,0.1666666666666666,0.0007076557350495,0.3894736842105263,2.5675675675675675,0.0146574996931887,16.989,7.011,5.857202597402599,0.292125,0.1678607368941431,0.0092684374941429,0.1812101781051318,0.1814494317591496,0.2376316518910026
graph_086_mu_0_3_node_678,69,0.1289009497964721,0.0051634264881632,0.4522408329560887,2.2112112112112112,0.0382095555680824,52.274,16.726,13.473038340232671,0.2424057971014492,0.2904625446749114,0.0212820242280322,0.1460141786647894,0.1465859006503048,0.5212759008793125
graph_086_mu_0_3_node_47,23,0.1620553359683794,0.0007785217877523,0.3937721718565234,2.53953953953954,0.0167841546960136,13.804,9.196,3.624254761904763,0.3998260869565218,0.1319804323718042,0.0123247158832293,0.2606033259678184,0.2609170755570304,0.1474112507149572
graph_086_mu_0_3_node_131,38,0.1052631578947368,0.0019027874296615,0.4272882805816937,2.34034034034034,0.029222985105884,25.408,12.592,6.829507851788733,0.3313684210526315,0.146137909583482,0.0156761883447868,0.2064876680546936,0.2069175337302095,0.2219195474040756
graph_086_mu_0_3_node_755,13,0.1025641025641025,0.0002398075928938,0.3686346863468634,2.7127127127127126,0.0079106096789184,7.508,5.492,2.7163496031746037,0.4224615384615384,0.1199688030484594,0.010440498508762,0.2890218831431053,0.2892092049683989,0.0755179103145007
graph_086_mu_0_3_node_240,25,0.1233333333333333,0.0008309056485056,0.4209860935524652,2.3753753753753752,0.027681739925628,17.184,7.816,5.131809343434343,0.31264,0.0466114992083748,0.0119040985856049,0.1923053678087955,0.1925721081304612,0.0776259462391809
graph_086_mu_0_3_node_621,19,0.0584795321637426,0.0008545158906815,0.3940828402366864,2.537537537537537,0.0126917707125754,11.976,7.024,4.812453865578866,0.3696842105263158,0.0282842201526991,0.0121351978771371,0.2487407233915167,0.2489803312990744,0.0206075152195374
graph_086_mu_0_3_node_632,32,0.0826612903225806,0.0016292275011927,0.4087561374795417,2.4464464464464464,0.0178581347517546,25.208,6.792,9.536362773332918,0.21225,0.0899357441406224,0.0102820392778115,0.1281135389430317,0.1283454118994667,0.129572269479982
graph_086_mu_0_3_node_145,19,0.0760233918128654,0.0006941672495119,0.3836405529953917,2.6066066066066065,0.0109510367068439,13.952,5.048,5.497087409812409,0.2656842105263157,0.0211866864150237,0.0085764698338465,0.1627242443872212,0.16289649275589,0.0283257624844658
graph_086_mu_0_3_node_147,19,0.0994152046783625,0.0004547474459504,0.404126213592233,2.4744744744744747,0.0175500024498733,12.326,6.674,5.008467526917527,0.3512631578947369,0.0563752565627605,0.0106462178280881,0.235151831821981,0.235379503727215,0.0485652783997692
graph_086_mu_0_3_node_419,18,0.3137254901960784,0.0001803386808293,0.3945497630331753,2.5345345345345347,0.0234350016815263,15.636,2.364,7.626,0.1313333333333333,0.0140908810890774,0.0033917805375908,0.0713202444614209,0.0714009365685975,0.0753869809951465
graph_086_mu_0_3_node_735,51,0.0901360544217687,0.0029303988294134,0.4330299089726918,2.309309309309309,0.0371317460956367,34.591,16.409,7.347446944502866,0.3217450980392157,0.1907801323902438,0.0209520240327496,0.1990510803899673,0.1996114881248808,0.2949224550677614
graph_086_mu_0_3_node_630,15,0.0857142857142857,0.0004384137118341,0.3795592705167173,2.6346346346346348,0.0099778452676912,10.892,4.108,4.705453463203463,0.2738666666666666,0.0172007252050798,0.007162340740483,0.1677524490497622,0.1678926048065191,0.0198171508979059
graph_086_mu_0_3_node_787,22,0.0952380952380952,0.0008024753079669,0.41625,2.4024024024024024,0.0223174794268206,12.526,9.474,3.393187301587302,0.4306363636363635,0.0560097972851937,0.0152210434733329,0.2892001014863149,0.2895232978782754,0.0506399725466032
graph_086_mu_0_3_node_867,23,0.0790513833992094,0.0008499168668537,0.3997599039615846,2.5015015015015014,0.0155231118745483,11.45,11.55,4.003923205634235,0.5021739130434782,0.2818607289830206,0.0181898317207455,0.3678610604778826,0.3682549757504084,0.1299099505390464
graph_086_mu_0_3_node_876,17,0.1323529411764706,0.0004435326798118,0.3992805755395683,2.5045045045045047,0.0232790954469511,11.873,5.127,4.836742063492063,0.3015882352941176,0.0183318030017967,0.0085030750967627,0.1896893647647207,0.1898642844604237,0.0269948143955113
graph_086_mu_0_3_node_619,21,0.1619047619047619,0.0006918286510766,0.4046172539489672,2.4714714714714714,0.0208420946039037,12.835,8.165,4.138199999999999,0.3888095238095238,0.0948935811255908,0.0095341785596322,0.2534908315330528,0.2537693931996066,0.1085998197106053
graph_086_mu_0_3_node_829,20,0.1157894736842105,0.0004760547109438,0.3986432561851556,2.5085085085085086,0.0206931799794173,14.466,5.534,5.186198412698413,0.2767,0.0346034383791579,0.0072801124019191,0.1682280536945222,0.1684168943339945,0.0640886739425053
graph_086_mu_0_3_node_192,22,0.0865800865800865,0.0008846024307465,0.4042897612302711,2.4734734734734736,0.0151340729114418,13.01,8.99,4.040245787545787,0.4086363636363636,0.2026389685549625,0.0141834313591309,0.2804762829897221,0.2807829500635023,0.1475347676566675
graph_086_mu_0_3_node_921,22,0.0692640692640692,0.000785686435578,0.4183417085427136,2.3903903903903903,0.0267628499840153,14.798,7.202,4.568261111111111,0.3273636363636363,0.0256232589875626,0.0139168012555222,0.2093990204060547,0.2096447537326937,0.030745390275442
graph_086_mu_0_3_node_305,59,0.1075394506136762,0.0040943684094787,0.4580467675378267,2.1831831831831834,0.053813549320917,43.491,15.509,10.642290884236498,0.262864406779661,0.0947349350603336,0.0208035333070032,0.1569587791422001,0.1574887604526265,0.1959691736132258
graph_086_mu_0_3_node_121,19,0.0935672514619883,0.0005018190550667,0.4100985221674877,2.4384384384384385,0.0162626175353717,11.295,7.705,4.10431391108891,0.4055263157894736,0.0617624166733243,0.0127194579210931,0.2791607942783414,0.2794236162109853,0.0422026038957179
graph_086_mu_0_3_node_345,60,0.0988700564971751,0.0040184316916102,0.4741338395823445,2.109109109109109,0.0723805966186323,46.008,13.992,11.43496985191638,0.2332,0.0502331869551338,0.0244502714938996,0.1378241797263386,0.1383023965175833,0.1152463093522018
graph_086_mu_0_3_node_875,26,0.1775362318840579,0.0006188282549462,0.4012048192771084,2.4924924924924925,0.0221891435184812,16.785,9.215,4.202778138528139,0.3544230769230769,0.132095355560492,0.012372597575542,0.2232023358614973,0.2235167978069149,0.1732430792474967
graph_086_mu_0_3_node_96,20,0.0789473684210526,0.0007026872646682,0.4075887392900856,2.4534534534534536,0.0164854869106982,13.116,6.884,4.804640193140193,0.3441999999999999,0.0575321860344626,0.0111984411716862,0.2265221055614776,0.2267569572751406,0.0474332742027061
graph_086_mu_0_3_node_858,31,0.1548387096774193,0.0013565215657756,0.4345367551109177,2.3013013013013013,0.0364357252155529,20.957,10.043,6.0718180819180825,0.3239677419354838,0.0608376847849158,0.0144086893240048,0.2021244582793588,0.2024672379050504,0.0910057204430469
graph_086_mu_0_3_node_844,27,0.1139601139601139,0.0011185017530267,0.3916111328890631,2.5535535535535536,0.0135432203228639,19.394,7.606,6.522092132867132,0.2817037037037037,0.1857438059051707,0.0107915133168731,0.1740419830110023,0.1743015693851799,0.2703560540330221
graph_086_mu_0_3_node_539,33,0.1761363636363636,0.0009409024325344,0.437007874015748,2.2882882882882885,0.0490342174874352,26.974,6.026,8.63149880952381,0.1826060606060605,0.0205306829390135,0.0104233344707778,0.1032026363987192,0.1034084372584376,0.0721291860242599
graph_086_mu_0_3_node_963,13,0.0897435897435897,0.0002255847706535,0.3917647058823529,2.5525525525525525,0.0164552884473542,7.764,5.236,2.936271428571428,0.4027692307692307,0.0173751635041331,0.0103307621511848,0.2667793372759962,0.266957937296486,0.0159044209474507
graph_086_mu_0_3_node_629,40,0.1863442389758179,0.0016032160903975,0.4153846153846154,2.4074074074074074,0.0293628926133312,29.339,10.661,7.834663891663891,0.266525,0.1556073441835451,0.0118565325929555,0.1585471932267798,0.1589112708547038,0.3207206141169173
graph_086_mu_0_3_node_672,38,0.1379800853485064,0.0024591107692743,0.4330299089726918,2.309309309309309,0.0246893847748769,22.828,15.172,5.38230648828296,0.3992631578947369,0.3838246520312253,0.0186822614094971,0.2616367850113483,0.2621545691017036,0.4149546918947901
graph_086_mu_0_3_node_76,21,0.119047619047619,0.0007703952116829,0.389018691588785,2.5705705705705704,0.0110771792643622,13.646,7.354,4.822558041958041,0.3501904761904761,0.1385372318194341,0.0113015122779007,0.2289376371209918,0.2291885318286586,0.1304223147812577
graph_086_mu_0_3_node_1,24,0.1304347826086956,0.0009319787841885,0.4047811993517017,2.4704704704704703,0.0188801504060442,16.184,7.816,5.870325607725607,0.3256666666666666,0.2178705999349362,0.0102230855712745,0.2111911216498403,0.2114578025700789,0.224506784134486
graph_086_mu_0_3_node_460,16,0.025,0.0004468550528049,0.3876600698486612,2.57957957957958,0.0100939535049727,7.358,8.642,3.0032448440448443,0.540125,0.0560843438620863,0.0150153423360835,0.4191675991341112,0.4194622942964709,0.014507709267599
graph_086_mu_0_3_node_722,39,0.1443994601889338,0.0018127118668455,0.4285714285714285,2.333333333333333,0.0319679696394169,26.691,12.309,7.235858132798573,0.3156153846153846,0.1798760142339431,0.0136475896214011,0.1946747478949348,0.1950949903394913,0.2952290888427974
graph_086_mu_0_3_node_142,27,0.0683760683760683,0.0011650490080019,0.4209860935524652,2.3753753753753752,0.0216097355727262,12.994,14.006,4.548936646867065,0.5187407407407406,0.1733080089387222,0.0229985655195344,0.3892504357608781,0.3897280824617193,0.0687184364513169
graph_086_mu_0_3_node_898,28,0.201058201058201,0.0008461783013352,0.4251063829787234,2.3523523523523524,0.0346974826280579,21.26,6.74,7.018088888888889,0.2407142857142857,0.0413811778629042,0.0097598562742625,0.1415960924699725,0.1418261810954201,0.0966027818850444
graph_086_mu_0_3_node_468,15,0.0952380952380952,0.0003387672350868,0.3814432989690721,2.621621621621621,0.0097348068180212,9.461,5.539,3.675202380952381,0.3692666666666666,0.056093928621243,0.0103144580684117,0.2434207618468488,0.2436097077676289,0.0419490997604024
graph_086_mu_0_3_node_869,30,0.1218390804597701,0.0015110131425389,0.4234845273420941,2.3613613613613613,0.020079464889887,19.574,10.426,6.488464890501656,0.3475333333333333,0.2914021841091109,0.0144924334534411,0.2300176766306696,0.23037342567603,0.2615484399248667
graph_086_mu_0_3_node_431,48,0.1232269503546099,0.0031254591338666,0.4249255635899617,2.353353353353353,0.0237169348372456,36.842,11.158,8.376519869798317,0.2324583333333333,0.180473238819281,0.0188606659128592,0.1372772342123464,0.1376584252069338,0.3477166521168
graph_086_mu_0_3_node_358,22,0.0995670995670995,0.0006162496385758,0.3861615771163509,2.5895895895895897,0.0126712065060388,15.148,6.852,5.535622405372405,0.3114545454545454,0.1291976409314814,0.0099086066466662,0.1969412545964471,0.1971750537028742,0.1520046589906329
graph_086_mu_0_3_node_973,17,0.1764705882352941,0.0003695150378516,0.3929976396538159,2.5445445445445447,0.0148161571552518,10.779,6.221,2.897504761904762,0.3659411764705882,0.1020813138295839,0.0068566925737287,0.2296482017791667,0.2298604450830078,0.1475458300542523
graph_086_mu_0_3_node_255,26,0.1323076923076923,0.0010790045850847,0.3965859468042874,2.521521521521521,0.0126355024368495,19.496,6.504,7.003316594516594,0.2501538461538461,0.1282414950662598,0.009854697542406,0.1514330618911228,0.1516550512353943,0.2058087772531322
graph_086_mu_0_3_node_489,13,0.1538461538461538,0.0002271730221869,0.391304347826087,2.555555555555556,0.0174418103706118,9.006,3.994,3.984252380952381,0.3072307692307692,0.013713287606029,0.0072016465354827,0.1950964488295838,0.1952326974092423,0.0214094513153936
graph_086_mu_0_3_node_453,18,0.1111111111111111,0.0003714892461116,0.3925343811394892,2.5475475475475475,0.0154174152760117,13.023,4.977,5.529771428571428,0.2765,0.0416608996404291,0.0075321807115953,0.1710599799996073,0.1712297950709027,0.0604437484162123
graph_086_mu_0_3_node_18,29,0.1773399014778325,0.0008750187297908,0.4233050847457627,2.3623623623623624,0.0432531728846091,23.402,5.598,7.955261111111112,0.1930344827586207,0.0198346765553375,0.0094792416238469,0.1105419866095988,0.1107331236522464,0.0607441281121622
graph_086_mu_0_3_node_670,18,0.1372549019607843,0.0004032149628847,0.4042897612302711,2.4734734734734736,0.0185278001462107,13.02,4.98,5.832071428571428,0.2766666666666666,0.0434304852820955,0.0071813112237821,0.1736213900474974,0.1737913010037447,0.0542265809359864
graph_086_mu_0_3_node_242,50,0.1257142857142857,0.0025760541925688,0.4313471502590673,2.3183183183183185,0.0377000738933034,35.329,14.671,8.878210122393945,0.29342,0.1716077620152934,0.0170931676172158,0.1781796890852892,0.1786808019695395,0.311783862738322
graph_086_mu_0_3_node_179,18,0.2091503267973856,0.000354979311293,0.3709617526921648,2.695695695695696,0.0093348661677799,14.352,3.648,5.914071428571427,0.2026666666666666,0.084379989083763,0.0051202196444365,0.1163622022729609,0.1164866994826016,0.2214899141163694
graph_086_mu_0_3_node_443,19,0.0643274853801169,0.0006128360364461,0.3840830449826989,2.603603603603604,0.0106014166994052,10.877,8.123,4.2949890026640025,0.4275263157894736,0.1381852554754753,0.0126807571389834,0.305517395845325,0.3057944489231721,0.0695582599979529
graph_086_mu_0_3_node_399,17,0.1470588235294117,0.0003134010677918,0.3931523022432113,2.543543543543544,0.0167469914886684,12.816,4.184,4.804985714285714,0.2461176470588235,0.0253274806590699,0.0068455337255593,0.1449207316768635,0.1450635048599546,0.0583980697839412
graph_086_mu_0_3_node_475,17,0.0441176470588235,0.0004449738118929,0.3799923925446938,2.6316316316316315,0.0105630397609087,10.766,6.234,5.498096392496392,0.3667058823529412,0.0460963113652395,0.0089626239300012,0.2555421212228757,0.2557547543819246,0.0212610309458007
graph_086_mu_0_3_node_273,31,0.0960591133004926,0.0013780929649646,0.4215189873417722,2.3723723723723724,0.0220547418552954,18.831,12.169,5.463890153624327,0.3925483870967742,0.2809590523564474,0.0178105588722482,0.268261432196889,0.2686765997986101,0.2008138975254396
graph_086_mu_0_3_node_441,20,0.2052631578947368,0.0004773455779136,0.4034733441033926,2.4784784784784786,0.0188965663235665,12.47,7.53,3.948500000000001,0.3765,0.1081061528814396,0.0095553541890042,0.2413310108331331,0.2415879170448808,0.1356702203428345
graph_086_mu_0_3_node_380,27,0.0626780626780626,0.0013653610115087,0.437007874015748,2.2882882882882885,0.0281262250013733,13.4,13.6,4.582323480621546,0.5037037037037037,0.1986164919427402,0.0227551971553068,0.3738650299006799,0.3743288517535346,0.0791051074246908
graph_086_mu_0_3_node_215,25,0.14,0.0007884646088926,0.4395072591289045,2.275275275275275,0.0397663723066621,17.835,7.165,5.760295093795094,0.2866,0.0253641307481347,0.0129655767883251,0.1764113545677191,0.1766558793510956,0.0395862818116701
graph_086_mu_0_3_node_348,25,0.1866666666666666,0.0007207839400657,0.4095940959409594,2.4414414414414414,0.022044812733238,15.181,9.819,3.3829466089466087,0.3927600000000001,0.1604834595640331,0.0109062556942518,0.2509026725669922,0.251237717128286,0.2074098602748614
graph_086_mu_0_3_node_896,30,0.0873563218390804,0.0011615411576327,0.4242038216560509,2.3573573573573574,0.0280872995116081,20.788,9.212,5.222210789210789,0.3070666666666666,0.055617920067929,0.014304928543436,0.1886528329019012,0.188967264869963,0.0875841127870923
graph_086_mu_0_3_node_658,19,0.0760233918128654,0.0005595238696585,0.390081999219055,2.563563563563564,0.0130082529447352,14.336,4.664,5.661348304473304,0.2454736842105263,0.0381586977732454,0.0080627342908012,0.1474580263233251,0.147617181583941,0.0528380713581713
graph_086_mu_0_3_node_962,21,0.1095238095238095,0.0006829659246452,0.4334056399132321,2.307307307307308,0.0251030832829638,11.739,9.261,3.9682932983682986,0.441,0.0713475440795062,0.0158542065742528,0.3089132491591936,0.3092291389281836,0.0462799963207286
graph_086_mu_0_3_node_893,23,0.2648221343873518,0.0004004451561173,0.4206315789473684,2.3773773773773774,0.041354101464022,19.903,3.097,9.631533333333334,0.1346521739130434,0.0114858521899303,0.0051234770224409,0.0744164155438687,0.0745221477151096,0.051820855285167
graph_086_mu_0_3_node_261,29,0.1354679802955665,0.0012973083448676,0.4188679245283019,2.3873873873873874,0.0210255470845425,18.969,10.031,7.118431301378361,0.3458965517241379,0.1700391522316812,0.0135063907320677,0.2294333829902725,0.2297756415676556,0.1647679967064411
graph_086_mu_0_3_node_850,58,0.1038961038961039,0.0035649116587467,0.4687939934303144,2.1331331331331334,0.0690899940154637,42.965,15.035,7.974842565539708,0.2592241379310345,0.0514817262794171,0.0307419753036864,0.1542058252407359,0.1547196146681027,0.1093729415110986
graph_086_mu_0_3_node_956,20,0.1473684210526315,0.0006332317405866,0.4016887816646562,2.4894894894894897,0.016810976522794,12.913,7.087,4.928152680652681,0.35435,0.1191544734978565,0.0094489894777384,0.2336236992890696,0.2338654731556076,0.1158747090256013
graph_086_mu_0_3_node_151,25,0.1233333333333333,0.0006622060273619,0.4042897612302711,2.4734734734734736,0.0242581027249423,17.149,7.851,5.208632575757576,0.31404,0.0471315774281209,0.0108165856593808,0.1942136975705486,0.1944816261284667,0.076034418403503
graph_086_mu_0_3_node_745,26,0.1169230769230769,0.0009222590469542,0.4222316145393068,2.3683683683683685,0.0276678036221278,13.222,12.778,3.64746443001443,0.4914615384615383,0.1183739760908859,0.0229159023366891,0.3473221880016373,0.3477580397243132,0.0782245615106392
graph_086_mu_0_3_node_556,26,0.1784615384615384,0.0009597656196817,0.4174676138737986,2.3953953953953957,0.0235400118285015,16.161,9.839,4.859248268398269,0.378423076923077,0.1145210237746173,0.0124559332102513,0.2443991421070863,0.2447348632985732,0.1375669206344599
graph_086_mu_0_3_node_444,18,0.0915032679738562,0.0005127864452263,0.3891702376314764,2.5695695695695697,0.0125663887907851,12.872,5.128,4.871029220779221,0.2848888888888889,0.0419174902876717,0.0079008233893502,0.1763517260920718,0.1765266929059583,0.0519381318754191
graph_086_mu_0_3_node_387,29,0.1794871794871795,0.0011335879720109,0.4036363636363636,2.477477477477477,0.0171957944543855,20.755,8.245,7.112450036075035,0.2843103448275861,0.2008238463295504,0.0119998829308113,0.1767079714247888,0.1769893753740741,0.2471739871752728
graph_086_mu_0_3_node_708,30,0.1563218390804597,0.0011983383473205,0.4018503620273532,2.4884884884884886,0.0178269746898306,20.288,9.712,6.076322927072927,0.3237333333333334,0.2546679284097394,0.0147360020192149,0.2048426307666335,0.2051740843420441,0.2996209362384569
graph_086_mu_0_3_node_888,19,0.1871345029239766,0.0004581451195098,0.4179916317991631,2.3923923923923924,0.0328109429638592,13.657,5.343,5.140476190476191,0.2812105263157894,0.0188107167425393,0.0099202540309843,0.1724789474218791,0.1726612602886033,0.032655154072752
graph_086_mu_0_3_node_473,19,0.1461988304093567,0.0005160073844271,0.4159034138218151,2.4044044044044046,0.0207996819320794,10.647,8.353,3.491374891774892,0.4396315789473684,0.0949898706941564,0.0110916360469933,0.295665720005367,0.2959506581215738,0.0885897266636445
graph_086_mu_0_3_node_216,188,0.0724208079046788,0.0358133697464969,0.5423452768729642,1.843843843843844,0.1570610322896087,142.495,45.505,22.08579885310118,0.2420478723404255,0.2809410036391929,0.062929628900432,0.1426315266640912,0.1441943192891714,0.6508400810372509
graph_086_mu_0_3_node_364,22,0.1645021645021645,0.0005906605179335,0.4195716085678286,2.3833833833833835,0.0284293043613383,15.037,6.963,4.813376190476189,0.3165,0.0419192833109197,0.0103749801279767,0.1959483217011443,0.1961859243385462,0.0669994072858547
graph_086_mu_0_3_node_406,31,0.1397849462365591,0.0012568253882292,0.4285714285714285,2.333333333333333,0.0344872965336301,23.086,7.914,7.27077529137529,0.2552903225806452,0.0494087649011271,0.0102470381264899,0.1525779913840389,0.1528481655297844,0.1018514294596803
graph_086_mu_0_3_node_321,32,0.1673387096774193,0.0011110582816301,0.4186923721709975,2.3883883883883885,0.035040130904905,24.377,7.623,7.506907070707071,0.23821875,0.0466031757375345,0.0100040595907336,0.1399147147775324,0.1401749879970038,0.1105627631957463
graph_086_mu_0_3_node_592,27,0.2222222222222222,0.000842795593726,0.3994402239104358,2.503503503503504,0.0218957422919619,19.88,7.12,6.777108116883117,0.2637037037037037,0.0849469220513987,0.0079190633189442,0.1577641361092101,0.1580071679583266,0.176352017101059
graph_086_mu_0_3_node_684,33,0.1161290322580645,0.0015142895765201,0.4094262295081967,2.4424424424424425,0.0194148237311658,24.486,8.514,6.689979441391941,0.258,0.069625428283574,0.0148267587863396,0.1558962096696798,0.1561868730297763,0.1151473748928098
graph_086_mu_0_3_node_323,19,0.1695906432748538,0.0003927034797085,0.4178168130489335,2.393393393393393,0.0320958691079854,12.15,6.85,3.4386039682539686,0.3605263157894737,0.0225127324103482,0.0144627756923394,0.229287980565368,0.2295216878968362,0.0299972987080473
graph_086_mu_0_3_node_700,20,0.1368421052631579,0.0005575001485779,0.4077551020408163,2.4524524524524525,0.0183274019807872,12.667,7.333,4.387352536352536,0.36665,0.0586842800402148,0.0124663949657241,0.2424029025612587,0.2426530678803077,0.054572409676235
graph_086_mu_0_3_node_581,20,0.1052631578947368,0.0005756737754907,0.3953304313415117,2.5295295295295297,0.0144941812479729,13.257,6.743,3.929206349206349,0.3371499999999999,0.0531062353445936,0.0126662020426351,0.2147026184987232,0.214932682003368,0.053890766999079
graph_086_mu_0_3_node_152,26,0.1507692307692307,0.000949392950803,0.413151364764268,2.4204204204204203,0.0243373729608719,15.888,10.112,3.756749783549784,0.388923076923077,0.115045405970529,0.0149980708313618,0.2508795184257683,0.251224556600903,0.1361469871153988
graph_086_mu_0_3_node_724,18,0.1372549019607843,0.0004650021756148,0.4018503620273532,2.4884884884884886,0.0178176825722708,9.978,8.022,3.6831324675324666,0.4456666666666666,0.1437935175806917,0.013148036596246,0.3059780503279355,0.3062516778369869,0.1032300174683429
graph_086_mu_0_3_node_872,25,0.1233333333333333,0.0007429526829861,0.4291237113402061,2.33033033033033,0.0353072978573608,16.644,8.356,5.142776085026084,0.3342400000000001,0.0288199829520014,0.0153692560184869,0.2117803348023405,0.2120654716434144,0.0382270058853481
graph_086_mu_0_3_node_424,17,0.1397058823529411,0.0004696920453021,0.3945497630331753,2.5345345345345347,0.0133821079883625,10.973,6.027,4.190648015873015,0.3545294117647058,0.0477209548611461,0.0103382300669318,0.2312748596994814,0.231480465369349,0.0490456981570821
graph_086_mu_0_3_node_479,21,0.2142857142857142,0.0004768293555248,0.4037995149555375,2.4764764764764764,0.0217339322172612,13.632,7.368,4.334633333333334,0.3508571428571428,0.0854108863815506,0.0087110788357086,0.2219508205975849,0.2222022166015171,0.11747285827836
graph_086_mu_0_3_node_310,27,0.1396011396011396,0.0011467792499915,0.4015273311897106,2.4904904904904903,0.0160085608591145,18.638,8.362,6.385857492507494,0.3097037037037037,0.1606972204991359,0.0125195227939381,0.1968560130847343,0.1971413669676528,0.1833115322998589
graph_086_mu_0_3_node_560,27,0.18,0.0008655138434434,0.3917647058823529,2.5525525525525525,0.013361317676728,17.142,9.858,5.273982642357643,0.3651111111111112,0.2504137194792599,0.0117017258511541,0.2336002558671611,0.2339366457112586,0.29735764385821
graph_086_mu_0_3_node_45,30,0.1586206896551724,0.000996648226641,0.4418398938522777,2.2632632632632634,0.0447778058622952,22.863,7.137,6.901951298701299,0.2378999999999999,0.024916463027973,0.012431007870535,0.1402441630141787,0.1404878208297837,0.0533153907037622
graph_086_mu_0_3_node_170,19,0.0935672514619883,0.0006125974994026,0.3824655436447167,2.6146146146146148,0.01134374626125,13.198,5.802,5.376727766677766,0.3053684210526316,0.0931829617312364,0.0104112753653651,0.1973907768875933,0.1975887244622128,0.0616286498425635
graph_086_mu_0_3_node_57,31,0.0666666666666666,0.0014391387137841,0.4247448979591837,2.354354354354354,0.0235896631176512,20.338,10.662,4.863630542647067,0.3439354838709677,0.0848993146696368,0.0196102283462222,0.2208812660801683,0.2212451273158004,0.0806529963104687
graph_086_mu_0_3_node_667,50,0.1469387755102041,0.0027420390384445,0.4495949594959496,2.224224224224224,0.0452137671699543,31.376,18.624,6.785702694805232,0.3724800000000001,0.2691511558291644,0.0229346663478382,0.2385171376831679,0.2391529964999869,0.3399138209497374
graph_086_mu_0_3_node_734,25,0.1266666666666666,0.0007469632703093,0.3991210547343188,2.5055055055055053,0.0189681448828708,16.749,8.251,5.251296647796647,0.33004,0.0968044946135831,0.0094919107304901,0.2065433925732787,0.2068249578469985,0.145204534399723
graph_086_mu_0_3_node_244,27,0.1766381766381766,0.0009571851616845,0.3984842441164739,2.5095095095095097,0.0161196029338793,17.015,9.985,5.171610189810191,0.3698148148148148,0.2543113196317725,0.0109848675826269,0.2377592857720026,0.238100001956878,0.3135660524249866
graph_086_mu_0_3_node_68,27,0.1481481481481481,0.0007540628146237,0.4188679245283019,2.3873873873873874,0.0299316167271101,19.168,7.832,5.70722564935065,0.290074074074074,0.0469769611649277,0.0107575494473099,0.1761912370243513,0.1764585542455939,0.0870570143389465
graph_086_mu_0_3_node_737,49,0.1341350601295097,0.0029975187603651,0.4420353982300884,2.2622622622622623,0.0376434780932949,33.665,15.335,9.033667210854832,0.3129591836734693,0.1807580654622141,0.0174016988244,0.1934982852555098,0.1940219837244338,0.2855164184974709
graph_086_mu_0_3_node_786,25,0.1620553359683794,0.0005783292022653,0.4283876500857633,2.334334334334334,0.038545016734392,18.542,6.458,5.8533551587301575,0.25832,0.0221738543459716,0.0122368059235928,0.1539716607531196,0.1541920858458847,0.0455544268289823
graph_086_mu_0_3_node_365,27,0.0966666666666666,0.0009871935205324,0.4029850746268656,2.4814814814814814,0.0169031786004013,17.866,9.134,6.287119221219957,0.3382962962962962,0.3029175368647983,0.0141164587370431,0.2253485759330099,0.2256602191768141,0.2029046944168343
graph_086_mu_0_3_node_337,83,0.0910493827160493,0.0072722777966108,0.4830754352030947,2.07007007007007,0.0933070812038106,66.05,16.95,11.1905066309861,0.2042168674698795,0.0590399161091199,0.0341277964921634,0.1170412453572268,0.1176213097462648,0.1723650445719729
graph_086_mu_0_3_node_993,16,0.1166666666666666,0.0003421151227492,0.3867595818815331,2.5855855855855854,0.0122729306593056,9.798,6.202,4.363239826839828,0.387625,0.0488795295024766,0.0103994386348058,0.2650589684709992,0.2652705171731658,0.0360558249013096
graph_086_mu_0_3_node_446,20,0.1157894736842105,0.0007277810937715,0.3837879369957741,2.6056056056056054,0.0103758083076487,13.197,6.803,5.942116383616384,0.3401499999999999,0.10479865231723,0.0104012714815491,0.2310244310466685,0.2312564984969417,0.0796019767921614
graph_086_mu_0_3_node_960,13,0.1025641025641025,0.0002537850285793,0.3861615771163509,2.5895895895895897,0.0099755710447223,8.369,4.631,3.625111904761905,0.3562307692307692,0.0371047381255023,0.0081970599276791,0.233532173681899,0.2336901414906919,0.03472379630861
graph_086_mu_0_3_node_518,26,0.1384615384615384,0.0010512462085945,0.4051094890510949,2.468468468468469,0.0198395145850599,18.396,7.604,8.000172954333248,0.2924615384615384,0.198343489070204,0.0100330774160122,0.1885720313058354,0.1888314976217884,0.2028100401963719
graph_086_mu_0_3_node_649,21,0.1142857142857142,0.0005720730351406,0.4013660104459622,2.4914914914914914,0.0180543308244497,12.985,8.015,3.115733333333333,0.3816666666666667,0.1312722220990467,0.0088703878087684,0.2420295906809838,0.2423030597889816,0.1773418010728359
graph_086_mu_0_3_node_969,26,0.2184615384615384,0.000715510278247,0.4243840271877655,2.3563563563563563,0.0422054819654246,21.143,4.857,7.464466666666667,0.1868076923076923,0.0168100069433459,0.0083872244107677,0.1060589634706796,0.1062247851584008,0.054450373804718
graph_086_mu_0_3_node_939,18,0.1503267973856209,0.0004427008926716,0.404126213592233,2.4744744744744747,0.0169104689739503,12.45,5.55,5.616264935064934,0.3083333333333333,0.0468043468270935,0.0080142926091965,0.1980894730928301,0.1982788183041619,0.0560154237584522
graph_086_mu_0_3_node_638,43,0.1719512195121951,0.0022178555116261,0.4368167905553126,2.289289289289289,0.030810023403892,31.688,11.312,9.250441297565525,0.2630697674418604,0.2786262029970435,0.0144488067946876,0.1605153583521799,0.1609016439902625,0.4370176759539363
graph_086_mu_0_3_node_214,28,0.1296296296296296,0.0010918015427121,0.437199124726477,2.287287287287288,0.0357007321755993,18.005,9.995,4.633519580419581,0.3569642857142857,0.0599554324162345,0.015705118094602,0.2286641629231551,0.2290052367740086,0.0752814466403184
graph_086_mu_0_3_node_837,26,0.0769230769230769,0.0012384449871335,0.408923454768727,2.4454454454454453,0.0193668312382106,17.343,8.657,5.60282285347951,0.3329615384615385,0.0998796280187685,0.0150619806841902,0.2181997207611995,0.2184951048209816,0.0773598703354511
graph_086_mu_0_3_node_972,20,0.0684210526315789,0.000706487983856,0.3953304313415117,2.5295295295295297,0.0139956847936453,13.369,6.631,6.65727466977467,0.3315499999999999,0.1038500496845613,0.0090592042405901,0.2270359013011965,0.2272620955348372,0.0592537204147743
graph_086_mu_0_3_node_714,25,0.11,0.0010316705849361,0.3969010727056019,2.51951951951952,0.0139489034399027,18.422,6.578,7.001728264790764,0.26312,0.1181299257733346,0.0090262105138523,0.1641699595688353,0.16439444075329,0.1497347365491257
graph_086_mu_0_3_node_624,28,0.1375661375661375,0.0009650155430785,0.4056029232643118,2.4654654654654653,0.021904100496131,19.0,9.0,5.706267676767677,0.3214285714285714,0.1318170272991839,0.0099422510832093,0.1992685149821246,0.1995756775312375,0.2078647631851516
graph_086_mu_0_3_node_193,19,0.0526315789473684,0.0005885583651625,0.4060975609756098,2.4624624624624625,0.0213585097718193,12.989,6.011,4.12930468975469,0.3163684210526316,0.0209191922285941,0.0122175016834729,0.1988266759452824,0.1990317675525838,0.0223712664981499
graph_086_mu_0_3_node_945,18,0.0457516339869281,0.0005613463722724,0.3878105590062112,2.578578578578578,0.0114982823144805,9.811,8.189,3.4077947052947057,0.4549444444444445,0.0752844569935678,0.0154909331307758,0.3191356354296829,0.3194149490160117,0.0337237605544449
graph_086_mu_0_3_node_731,16,0.1,0.0004512343295582,0.3648648648648648,2.740740740740741,0.0062849619379293,11.166,4.834,5.730543722943723,0.302125,0.1710601424826241,0.0069987416797162,0.2002773984970319,0.200442298564451,0.1082639842942983
graph_086_mu_0_3_node_437,22,0.1515151515151515,0.000847061933265,0.4092585006145022,2.443443443443444,0.0177639204865815,15.316,6.684,6.468851587301588,0.3038181818181817,0.1150543053392493,0.0083910934195963,0.1931218418488484,0.1933499034831632,0.1447294653009652
graph_086_mu_0_3_node_309,25,0.14,0.0006732005021464,0.4300473525613431,2.325325325325325,0.0330108916253848,17.158,7.842,5.2832799422799415,0.31368,0.0470723740277797,0.0106763083837455,0.193967351276481,0.1942349726349172,0.0763462976708357
graph_086_mu_0_3_node_665,32,0.057471264367816,0.0015109914592998,0.4056029232643118,2.4654654654654653,0.0171158562541651,23.339,8.661,6.0952885692910455,0.27065625,0.0993826102819187,0.0163521700495743,0.1668890821939405,0.1671847288752433,0.1115172841541415
graph_086_mu_0_3_node_295,22,0.1645021645021645,0.0005620867115079,0.395017793594306,2.5315315315315314,0.0191924839105456,15.449,6.551,4.849641269841269,0.2977727272727273,0.075835424578799,0.0086284572219798,0.1807145112822248,0.1809380707734205,0.1367348806644996
graph_086_mu_0_3_node_81,27,0.1139601139601139,0.0010456185162183,0.4300473525613431,2.325325325325325,0.0340228577711844,17.585,9.415,5.350916983016983,0.3487037037037037,0.0566728074492957,0.0136362426107272,0.2215321966932021,0.2218534808283555,0.0757585767426737
graph_086_mu_0_3_node_371,21,0.1666666666666666,0.0005891930939114,0.4013660104459622,2.4914914914914914,0.0231161704726461,15.113,5.887,5.187833333333333,0.2803333333333334,0.0359689309925691,0.0080663549001767,0.169740304209907,0.1699411994640481,0.0674777168206293
graph_086_mu_0_3_node_50,36,0.1515151515151515,0.0017228037239297,0.4179916317991631,2.3923923923923924,0.020119781712998,25.366,10.634,6.732217500765488,0.2953888888888889,0.2928874802497626,0.0159615415523046,0.1853876549809251,0.18575064969415,0.3566295351668248
graph_086_mu_0_3_node_800,22,0.1038961038961039,0.0007839476623457,0.4291237113402061,2.33033033033033,0.0299873617101926,12.375,9.625,4.209158791208791,0.4375,0.0513775764264252,0.0161769541179754,0.3003127646873513,0.3006410893188944,0.0422061399437084
graph_086_mu_0_3_node_89,42,0.1869918699186991,0.0017721314516448,0.4272882805816937,2.34034034034034,0.0308570741112538,28.526,13.474,5.365488927738928,0.3208095238095238,0.2213321832628841,0.014808560822258,0.195235575695452,0.1956956763528708,0.3964728733007175
graph_086_mu_0_3_node_474,53,0.1088534107402031,0.0035481312897819,0.4459821428571429,2.2422422422422423,0.0412499700100602,34.786,18.214,7.390120313275176,0.3436603773584906,0.2116369792170967,0.0231000375527223,0.216105854960125,0.216727856742139,0.3014480985296945
graph_086_mu_0_3_node_426,22,0.2207792207792207,0.0006219763079944,0.4122988031366075,2.4254254254254253,0.0199040383511181,15.734,6.266,5.599353174603174,0.2848181818181818,0.1500645275679273,0.0083193791132535,0.1754900026692823,0.1757038255782311,0.2243427736261015
graph_086_mu_0_3_node_254,79,0.0671859785783836,0.0070549531910489,0.4736842105263157,2.111111111111111,0.0623854738130868,57.351,21.649,13.478514180782636,0.2740379746835443,0.1342935550003296,0.028575608214541,0.1657609114920347,0.1665011092043698,0.2573890755513403
graph_086_mu_0_3_node_481,35,0.0857142857142857,0.0018863899276967,0.4276541095890411,2.3383383383383385,0.0237597891059277,23.35,11.65,6.6873155771293815,0.3328571428571429,0.0928922041243044,0.0191602075802997,0.2128447915309607,0.2132424159203251,0.1042716547768531
graph_086_mu_0_3_node_484,21,0.1285714285714285,0.0007780163030892,0.4037995149555375,2.4764764764764764,0.0185162393299314,11.256,9.744,3.210052272727273,0.4639999999999999,0.1069415435863694,0.0147929972724086,0.3203588985708518,0.3206912709613554,0.0845339858196562
graph_086_mu_0_3_node_504,41,0.1024390243902439,0.0020533985473928,0.4404761904761904,2.27027027027027,0.0428081975497076,28.322,12.678,7.996923260094738,0.309219512195122,0.0783073056238043,0.0165056282967653,0.1920836473163284,0.1925164952215114,0.1226093725213884
graph_086_mu_0_3_node_487,25,0.1266666666666666,0.001148218093387,0.4209860935524652,2.3753753753753752,0.0320290213895864,16.956,8.044,5.983292388167388,0.32176,0.0288663359270734,0.0133892031379609,0.2068327260930662,0.2071072023425003,0.0383031510595027
graph_086_mu_0_3_node_206,20,0.1157894736842105,0.00059067864851,0.3996,2.5025025025025025,0.0179081998601654,12.451,7.549,6.191858363858365,0.3774499999999999,0.1025265841785093,0.010400225741115,0.2607845494276427,0.2610420476828584,0.0742005139701819
graph_086_mu_0_3_node_308,29,0.1025641025641025,0.0011220832954718,0.4199243379571248,2.3813813813813813,0.022806786322761,16.911,12.089,4.7161358895318655,0.4168620689655172,0.2916138997132267,0.0191366561826727,0.2900858162285752,0.2904982149542418,0.172103854251293
graph_086_mu_0_3_node_457,20,0.0578947368421052,0.0007048919265647,0.4084219133278822,2.448448448448449,0.0171054460575286,11.699,8.301,5.395346375846376,0.41505,0.1083106296979352,0.01281270703183,0.2943320470834694,0.2946151768533405,0.061781195199882
graph_086_mu_0_3_node_599,35,0.1411764705882353,0.0016716786591701,0.4106041923551171,2.4354354354354357,0.0249278094735498,21.812,13.188,6.277008181361121,0.3768000000000001,0.191883680030091,0.0155754959054066,0.2429858966712338,0.2434359830064795,0.232929430444534
graph_086_mu_0_3_node_883,18,0.0784313725490196,0.0005717588839673,0.3959571938168846,2.5255255255255253,0.0126646644009638,11.603,6.397,4.486732467532467,0.3553888888888888,0.1229889575002096,0.0098869655221316,0.2354561109087644,0.2356743350503066,0.1046782321450328
graph_086_mu_0_3_node_593,26,0.1046153846153846,0.0010657986681081,0.4202776609171224,2.37937937937938,0.0222151767800372,17.982,8.018,6.3590946608946615,0.3083846153846153,0.0672614331473905,0.0118264496673894,0.1988362351798608,0.1991098293848144,0.071659486639382
graph_086_mu_0_3_node_799,23,0.1304347826086956,0.0007444754449146,0.4012048192771084,2.4924924924924925,0.0176230365962531,12.541,10.459,4.273999661449662,0.4547391304347825,0.2216181369007465,0.0156750540646692,0.3139754992129394,0.3143322677336945,0.1726366313141119
graph_086_mu_0_3_node_689,21,0.1714285714285714,0.0007239981074152,0.4065934065934066,2.45945945945946,0.0176567200925462,13.633,7.367,5.215618648018647,0.3508095238095238,0.1261085064368204,0.0094885284558788,0.2316790686292019,0.2319303977846636,0.1223050520881943
graph_086_mu_0_3_node_217,40,0.1769230769230769,0.0023198266160263,0.4375821287779238,2.285285285285285,0.0275534972904496,26.176,13.824,7.098540729652185,0.3456,0.3524265973186302,0.0161274065272111,0.2182288193669948,0.2187007295548231,0.4892882366239831
graph_086_mu_0_3_node_94,26,0.163076923076923,0.0007910409948822,0.3961141950832672,2.5245245245245247,0.0194359331281894,18.803,7.197,6.085054256854255,0.2768076923076923,0.0852887726933745,0.0081598472012819,0.1667767262535507,0.1670223704707278,0.1666061653098304
graph_086_mu_0_3_node_545,18,0.065359477124183,0.0007333970029342,0.3942383583267561,2.5365365365365364,0.0121475027098636,11.827,6.173,4.076798401598402,0.3429444444444444,0.0201783812291651,0.0113191791230027,0.2193645896933974,0.2195751917318426,0.0271242712642972
graph_086_mu_0_3_node_442,29,0.1576354679802955,0.000963341022314,0.4263764404609475,2.345345345345345,0.0400074531053098,23.656,5.344,9.341912012987011,0.1842758620689655,0.0191871525231704,0.0096205015210193,0.1051479838731912,0.1053304518964659,0.0614864476187811
graph_086_mu_0_3_node_335,28,0.1111111111111111,0.0008830242935665,0.4185169669040637,2.3893893893893896,0.027721619059998,19.189,8.811,5.737246076146076,0.3146785714285714,0.0540082641239065,0.012776977869495,0.1956581683445274,0.1959588792035912,0.0834982418091135
graph_086_mu_0_3_node_929,24,0.0905797101449275,0.0008323019208193,0.4179916317991631,2.3923923923923924,0.0283153002243829,13.745,10.255,4.617786746586746,0.4272916666666667,0.0468232806817017,0.017656181076659,0.2917944324056383,0.2921442620027587,0.0369796122731037
graph_086_mu_0_3_node_538,44,0.1490486257928118,0.0030141445366439,0.4514234071396295,2.215215215215215,0.0346189826209174,31.637,12.363,10.401784430225453,0.2809772727272727,0.3522123736641135,0.0155787774940815,0.1762859656170125,0.1767080711501045,0.4648550533029686
graph_086_mu_0_3_node_195,14,0.1098901098901098,0.0002789712320553,0.3781226343679031,2.6446446446446448,0.0108665885105974,9.565,4.435,4.484572222222222,0.3167857142857143,0.0214066719954154,0.0075202797653364,0.2048521119900525,0.2050034021881029,0.0223141002338307
graph_086_mu_0_3_node_467,24,0.1231884057971014,0.0008373005711609,0.4079216006533279,2.4514514514514514,0.0173761424896243,16.964,7.036,5.191881718281718,0.2931666666666666,0.0585376594489915,0.0124800793917926,0.1829913069968516,0.1832314103574337,0.0758137053036129
graph_086_mu_0_3_node_433,18,0.1372549019607843,0.000441176462268,0.4062627084180561,2.4614614614614614,0.0256270563536981,13.024,4.976,4.849442857142857,0.2764444444444444,0.0176125826637741,0.0084881225526386,0.1687538037128088,0.1689235908518891,0.0298051590294905
graph_086_mu_0_3_node_728,51,0.1066666666666666,0.0030237785356566,0.4434087882822903,2.255255255255255,0.0443340408728772,40.773,10.227,13.494299392274392,0.2005294117647058,0.0651084801388301,0.0125589711146473,0.1156978807221962,0.1160473703326851,0.1854153484622552
graph_086_mu_0_3_node_540,33,0.1569892473118279,0.0010632591282194,0.4080882352941176,2.4504504504504503,0.0239804990206399,24.87,8.13,7.114795238095238,0.2463636363636364,0.0946274137280722,0.0104131873156506,0.1443935821055651,0.1446711796515435,0.2162222422450512
graph_086_mu_0_3_node_571,32,0.1995967741935483,0.000893722726825,0.4208087615838247,2.3763763763763763,0.0353434405227084,26.86,5.14,10.123778066378067,0.160625,0.0322243374778578,0.0065756650482263,0.0896031278542442,0.0897786753504273,0.1267682874477088
graph_086_mu_0_3_node_490,27,0.0541310541310541,0.0011662747089883,0.3992805755395683,2.5045045045045047,0.0144976350588994,18.191,8.809,6.036834776253159,0.3262592592592592,0.07418832134204,0.0131397351501745,0.2116762418349472,0.2119768253722247,0.069934686294549
graph_086_mu_0_3_node_202,23,0.1185770750988142,0.0008838323544511,0.4094262295081967,2.4424424424424425,0.0199341978222176,14.658,8.342,5.029011424686425,0.362695652173913,0.2007785543673409,0.0109789220053882,0.239409003824387,0.239693607012283,0.1889038506339267
graph_086_mu_0_3_node_384,32,0.1108870967741935,0.0013532946337888,0.4236641221374045,2.36036036036036,0.0307204731260596,22.146,9.854,6.480431923631923,0.3079375,0.060201122607707,0.0139858521844843,0.190183783790018,0.1905201399223129,0.0972480270976405
graph_086_mu_0_3_node_736,33,0.1098484848484848,0.0014557252928109,0.4251063829787234,2.3523523523523524,0.0319621690301112,23.511,9.489,7.342905769230769,0.2875454545454545,0.0592797970467219,0.0121677415652463,0.1764132151474456,0.1767371334966271,0.1026305369436907
graph_086_mu_0_3_node_880,39,0.1160593792172739,0.0018901926715219,0.4351045296167247,2.2982982982982985,0.0353398311224013,26.937,12.063,6.214863393611033,0.3093076923076923,0.0730982715711022,0.0181211692163695,0.1906718182090024,0.1910836668436893,0.1206330475021092
graph_086_mu_0_3_node_835,22,0.0692640692640692,0.0008665481125914,0.3916111328890631,2.5535535535535536,0.014416509057907,13.61,8.39,4.209957967032968,0.3813636363636363,0.2370842675769962,0.0146384214896152,0.2632082274024974,0.2634944299976655,0.1207499608184861
graph_086_mu_0_3_node_626,32,0.1491935483870967,0.0012628917329791,0.4256497656582871,2.349349349349349,0.0270234118697385,20.377,11.623,5.894466733266734,0.36321875,0.1359680322036001,0.0143447261097517,0.2325372951074168,0.2329339595182742,0.1741504112442966
graph_086_mu_0_3_node_143,32,0.1411290322580645,0.0016139840684904,0.4234845273420941,2.3613613613613613,0.0255381202551728,19.654,12.346,5.649843356643358,0.3858125,0.1794610514585485,0.0147700969943917,0.2501469630520563,0.2505682738409863,0.2095103218353901
graph_086_mu_0_3_node_400,20,0.0526315789473684,0.0008192038407765,0.389777604369879,2.5655655655655654,0.0127884545144095,14.398,5.602,6.84318697968698,0.2801,0.0251179289646553,0.0088995687013385,0.1791215682679429,0.179312701001272,0.024244337367559
graph_086_mu_0_3_node_859,19,0.2222222222222222,0.0003979575870172,0.3817348108521207,2.61961961961962,0.0117031270394095,13.154,5.846,4.383054761904761,0.3076842105263157,0.1478756163903126,0.0065174619792318,0.1884521068920024,0.1886515821407962,0.2514403873867551
graph_086_mu_0_3_node_132,23,0.1857707509881423,0.0005503872563743,0.4126394052044609,2.4234234234234235,0.0233093506275039,15.529,7.471,4.091063492063493,0.3248260869565217,0.0855073129947973,0.0107511082575147,0.2002797405562414,0.2005346888498663,0.1372579307689168
graph_086_mu_0_3_node_378,21,0.1637426900584795,0.0006058510034283,0.3857142857142857,2.592592592592593,0.0106836852076543,15.289,5.711,8.168141666666667,0.2719523809523809,0.149698351928252,0.0064335948536726,0.1714359958592241,0.1716308581398012,0.1909945476347535
graph_086_mu_0_3_node_798,29,0.1724137931034483,0.0008933140337937,0.4021739130434782,2.4864864864864864,0.0222893949056794,19.939,9.061,5.845378712953712,0.3124482758620689,0.1321331822439365,0.0100624193446722,0.1922111173494655,0.1925203821008662,0.2211904939544329
graph_086_mu_0_3_node_393,24,0.1123188405797101,0.0008961543073604,0.4322803980960623,2.313313313313313,0.0371692621173634,15.963,8.037,5.0108576090576085,0.334875,0.0277572697591973,0.0148809268959564,0.2123538266046304,0.2126280703311703,0.0368469192439313
graph_086_mu_0_3_node_171,18,0.2745098039215686,0.0003761559041257,0.3869093725793958,2.5845845845845847,0.0148493455182098,12.621,5.379,3.599857142857143,0.2988333333333333,0.0887156814598858,0.0058840648888097,0.1794524785624635,0.1796360243046844,0.1762293326698876
graph_086_mu_0_3_node_402,16,0.2916666666666667,0.0002855327368373,0.3840830449826989,2.603603603603604,0.0145320958900118,11.967,4.033,4.916066666666668,0.2520625,0.0471857541296159,0.0055635342316662,0.1485065041743573,0.1486441188086934,0.1076017987663311
graph_086_mu_0_3_node_272,18,0.196078431372549,0.0005115531487078,0.4140074595938665,2.4154154154154157,0.0305971706635115,13.916,4.084,6.489028571428571,0.2268888888888888,0.0148983609974905,0.0075164250267001,0.1346626323620761,0.1348019955240832,0.0342847578450409
graph_086_mu_0_3_node_498,16,0.1333333333333333,0.0005228677960459,0.4047811993517017,2.4704704704704703,0.0166594728671099,9.733,6.267,3.372782106782107,0.3916875,0.0496851505401935,0.0116418311501884,0.267421512399426,0.2676352797227389,0.0364733018911344
graph_086_mu_0_3_node_882,29,0.0812807881773399,0.0012291988538201,0.4434087882822903,2.255255255255255,0.0336874205246953,14.966,14.034,4.066126235370238,0.4839310344827586,0.0702781500485799,0.0250901498006876,0.3442612821933147,0.344739979745896,0.0468442263594871
graph_086_mu_0_3_node_812,23,0.1739130434782608,0.0006145030228318,0.4106041923551171,2.4354354354354357,0.0276054166843147,18.37,4.63,7.218470238095239,0.2013043478260869,0.0281943281313208,0.0070256274765546,0.1149454137570476,0.1151034607761775,0.0803635888458864
graph_086_mu_0_3_node_286,58,0.0804597701149425,0.0038603645464895,0.4578368469294225,2.184184184184184,0.0613713101174032,45.764,12.236,15.138886739290458,0.2109655172413793,0.0454259408969042,0.0190799215114607,0.1242345189196892,0.1246527013734534,0.1136160253949232
graph_086_mu_0_3_node_706,22,0.1774891774891775,0.0007248801665422,0.3851195065535852,2.5965965965965965,0.012324997768853,15.614,6.386,5.47434072039072,0.2902727272727272,0.1065847818147078,0.0087798442981366,0.1797721910213691,0.1799901051631812,0.1543056563454368
graph_086_mu_0_3_node_186,16,0.2,0.0003490609137228,0.3779795686719637,2.645645645645646,0.0115912711573935,11.026,4.974,4.321215873015873,0.310875,0.0815950774782996,0.0084851260568039,0.1957411871597779,0.1959108815793364,0.1064421277919376
graph_086_mu_0_3_node_324,105,0.098229583095374,0.0121176910105766,0.4940652818991098,2.024024024024024,0.0759951952300645,73.801,31.199,13.653383856465329,0.2971333333333333,0.3655127996596402,0.037909938157439,0.1809552027536118,0.1820226983914442,0.6447485822530109
graph_086_mu_0_3_node_85,132,0.0870602265951103,0.0169031265256611,0.5208550573514077,1.91991991991992,0.1510470022246641,107.023,24.977,17.09243433017462,0.1892196969696969,0.0873411442278905,0.0461169413793857,0.1073928547731492,0.1082495963349609,0.2823423905187334
graph_086_mu_0_3_node_459,25,0.1233333333333333,0.0008397692805003,0.4208087615838247,2.3763763763763763,0.028766250386757,15.825,9.175,4.881802336552336,0.367,0.0553707516282722,0.013564623398266,0.2370093092533264,0.2373223683421595,0.064653558361385
graph_086_mu_0_3_node_342,38,0.1095305832147937,0.001653990992122,0.4337820234476769,2.305305305305305,0.0355264564119949,26.261,11.739,7.324811606204253,0.3089210526315789,0.0710012647903081,0.0160709152357945,0.1917517795338456,0.1921525373701628,0.1141171446919459
graph_086_mu_0_3_node_282,42,0.1126596980255516,0.0020366301901016,0.4395072591289045,2.275275275275275,0.0397081055141893,28.971,13.029,7.596299300338464,0.3102142857142858,0.0788066383344492,0.0189385610119313,0.1911686053388954,0.191613475049827,0.128037113377311
graph_086_mu_0_3_node_710,20,0.0894736842105263,0.0004383862624732,0.4002403846153846,2.4984984984984986,0.0234885459149514,15.064,4.936,6.865984126984127,0.2468,0.0180690986286578,0.0087408756649362,0.1493153657795123,0.1494838039944518,0.0336868521213803
graph_086_mu_0_3_node_344,25,0.1266666666666666,0.0007320859773948,0.4227676682183665,2.365365365365365,0.0307159207508437,17.74,7.26,5.841931637806637,0.2904,0.0451271561971984,0.0094732749766215,0.1780598824302651,0.1783076513438739,0.0772762078514504
graph_086_mu_0_3_node_682,16,0.1083333333333333,0.0004315586779867,0.3903868698710434,2.561561561561561,0.0131418983861901,9.382,6.618,3.6314565656565656,0.413625,0.1043060318119422,0.009969291114488,0.285569585283948,0.2857953172271354,0.0686370411255867
graph_086_mu_0_3_node_418,31,0.1505376344086021,0.0009979695722075,0.4176421404682274,2.3943943943943946,0.0355073901966382,22.444,8.556,6.475000577200576,0.276,0.0514246156773481,0.0116233356461788,0.1659939600311347,0.1662860409464376,0.1006103327733393
graph_086_mu_0_3_node_456,53,0.0956862745098039,0.0036166429218141,0.4381578947368421,2.2822822822822824,0.0316872285763134,35.882,17.118,8.224478099112359,0.3229811320754717,0.288466494697235,0.0244978004902495,0.2063160884348298,0.2069005992654951,0.3321767223360364
graph_086_mu_0_3_node_160,18,0.1568627450980392,0.0004039382276083,0.3807164634146341,2.6266266266266265,0.0120760382616965,13.369,4.631,6.252815584415584,0.2572777777777777,0.082643347134743,0.0063225911965008,0.1606233182665008,0.1607813238441561,0.0997453213954065
graph_086_mu_0_3_node_971,17,0.2058823529411764,0.0003058514334737,0.3884136858475894,2.5745745745745747,0.015658656624925,10.757,6.243,2.8806666666666665,0.367235294117647,0.1020316323415106,0.0069470022906914,0.2304597538096147,0.2306727476638594,0.1479337175954518
graph_086_mu_0_3_node_146,18,0.0849673202614379,0.0008522700227082,0.415211970074813,2.4084084084084085,0.0154897852390481,10.509,7.491,3.739103896103896,0.4161666666666667,0.090993760748403,0.0133870988145722,0.2854751682158227,0.285730688544492,0.0472899342017564
graph_086_mu_0_3_node_639,28,0.1719576719576719,0.0012611222825268,0.4000800961153384,2.4994994994995,0.0149592016928627,19.571,8.429,6.854272766122767,0.3010357142857143,0.2365815227865038,0.0118446706846235,0.1910467857808805,0.1913344348936404,0.2815989353254987
graph_086_mu_0_3_node_129,25,0.1666666666666666,0.0007664386397333,0.4236641221374045,2.36036036036036,0.0248259245479602,14.292,10.708,3.1976990786990798,0.4283200000000001,0.1633977553022765,0.0238091024516345,0.2807888444335978,0.2811541863457665,0.17946356980551
graph_086_mu_0_3_node_77,16,0.0333333333333333,0.0003780177154885,0.3869093725793958,2.5845845845845847,0.0114685123102775,8.752,7.248,3.295259163059163,0.453,0.0229580611457667,0.0129366178428882,0.3237451493389724,0.3239923519099689,0.0093862753713558
graph_086_mu_0_3_node_97,31,0.1075268817204301,0.0013485626173452,0.4036363636363636,2.477477477477477,0.0177647398421201,21.812,9.188,6.840830276096453,0.2963870967741935,0.1764039389072648,0.0128842180094887,0.1855893816058444,0.1859029766320111,0.2223354936994303
graph_086_mu_0_3_node_529,26,0.1753846153846154,0.000807598202465,0.4254684838160136,2.3503503503503502,0.0411636432977372,19.492,6.508,6.014609523809522,0.2503076923076923,0.0223296018415266,0.0124476877069756,0.1480624186194874,0.1482845656808114,0.0479360923095547
graph_086_mu_0_3_node_253,23,0.1343873517786561,0.0009507908649972,0.3849710982658959,2.5975975975975976,0.0104659022802723,16.725,6.275,7.184348877511376,0.2728260869565218,0.2268586769577399,0.0093457171305443,0.1742632025124159,0.1744773166014004,0.1781383643645911
graph_086_mu_0_3_node_904,31,0.1311827956989247,0.001414853994715,0.415211970074813,2.4084084084084085,0.0193478127381802,20.64,10.36,7.299609708102355,0.3341935483870967,0.1776445225807203,0.0131170359685097,0.2183139766776929,0.2186674990457963,0.1882532277947456
graph_086_mu_0_3_node_762,25,0.0666666666666666,0.0009764607462247,0.4039627982207844,2.4754754754754758,0.0174460756963064,17.516,7.484,6.107652652902653,0.29936,0.0624635414477298,0.0111591644999685,0.1889659781951312,0.1892213645993408,0.073757824305832
graph_086_mu_0_3_node_472,16,0.1416666666666666,0.0003942976089823,0.4124690338563171,2.4244244244244246,0.026986165619713,10.242,5.758,3.132971428571428,0.359875,0.0189173944809518,0.0123904501063322,0.2285518925518926,0.2287483292422508,0.0236534703112108
graph_086_mu_0_3_node_915,17,0.0735294117647058,0.0004789405393994,0.4242038216560509,2.3573573573573574,0.0242967302159109,11.025,5.975,5.009343253968255,0.3514705882352941,0.0208659897913727,0.0107223450145283,0.2329935999330048,0.2331974237765677,0.0225258679039515
graph_086_mu_0_3_node_385,44,0.1289198606271777,0.0026642354206687,0.4272882805816937,2.34034034034034,0.024721395376348,28.284,15.716,7.731721922313491,0.3571818181818181,0.4015896525121615,0.0179840857908879,0.2276168912611705,0.2281534075003502,0.5043399099305773
graph_086_mu_0_3_node_698,45,0.1272727272727272,0.0024914914489849,0.4307891332470893,2.3213213213213213,0.0297788572017345,29.789,15.211,5.478673359728505,0.3380222222222222,0.2503443696664294,0.0167059054015636,0.2082430246287972,0.2087624411858281,0.4111654381080775
graph_086_mu_0_3_node_213,41,0.1417004048582996,0.001662582223013,0.4404761904761904,2.27027027027027,0.0437690038807748,31.474,9.526,6.695150868575869,0.2323414634146341,0.0560560041762462,0.016432956158895,0.134390757897951,0.1347161527598695,0.1432554577866294
graph_086_mu_0_3_node_115,28,0.1269841269841269,0.001193396516349,0.4067589576547231,2.4584584584584586,0.0189917614691415,18.533,9.467,6.541970729923671,0.3381071428571429,0.1623225115045364,0.0129245787268745,0.2213944292687617,0.2217174568140774,0.164830669598368
graph_086_mu_0_3_node_677,18,0.1176470588235294,0.0006032966689312,0.3804265041888804,2.6286286286286287,0.0091158980516852,11.41,6.59,4.300496653346654,0.3661111111111111,0.1503779771886444,0.0107346373778024,0.2437852226447356,0.244010027961975,0.1169154201127345
graph_086_mu_0_3_node_302,25,0.2366666666666666,0.000731591776641,0.428204029147021,2.335335335335335,0.0424960849240888,20.403,4.597,7.89417857142857,0.18388,0.0166631184442006,0.0085643684587093,0.1050964684366711,0.1052534028446049,0.0524494162918553
graph_086_mu_0_3_node_761,36,0.1122994652406417,0.0013857640594165,0.427105600684053,2.3413413413413413,0.0360547456822755,26.15,9.85,9.113097402597402,0.2736111111111111,0.0606442089553902,0.0125862910508576,0.1656403880415774,0.1659766861140993,0.113753320262126
graph_086_mu_0_3_node_719,18,0.065359477124183,0.0006101100174988,0.3997599039615846,2.5015015015015014,0.0138586906842074,12.143,5.857,4.653791708291708,0.3253888888888889,0.0651382417482258,0.0095179459481704,0.2125162248032311,0.2127160374633374,0.0475960687470514
graph_086_mu_0_3_node_661,43,0.0941306755260243,0.0022062194253355,0.4534725374489333,2.205205205205205,0.0479028029328505,33.405,9.595,9.253223962393816,0.2231395348837209,0.0343069460395696,0.0169739501693891,0.1308115739835343,0.1311393224274717,0.0828594644294874
graph_086_mu_0_3_node_811,31,0.1354838709677419,0.0012334142535278,0.4186923721709975,2.3883883883883885,0.0233210741146122,18.493,12.507,3.825416622266622,0.4034516129032257,0.2042826994618125,0.0139323094373541,0.2596031255804691,0.2600299359847688,0.2514660724924292
graph_086_mu_0_3_node_438,16,0.1416666666666666,0.0003669054277878,0.3821729150726855,2.6166166166166165,0.0120650459640104,10.021,5.979,3.656610101010101,0.3736875,0.1390276684203586,0.0100647562995217,0.2460068406790736,0.2462108001916736,0.1132153522607448
graph_086_mu_0_3_node_942,22,0.1341991341991342,0.0006571428473319,0.4176421404682274,2.3943943943943946,0.0342242178502903,16.903,5.097,6.347466666666668,0.2316818181818181,0.0179605504739745,0.0087397797442902,0.1364216612890464,0.1365956219557713,0.0403788904345234
graph_086_mu_0_3_node_106,35,0.1394957983193277,0.0013095838635506,0.4215189873417722,2.3723723723723724,0.0278180402161658,23.86,11.14,6.488499562937062,0.3182857142857143,0.1613179161953621,0.0134706736058577,0.1960329574334478,0.1964132479031122,0.2652717954509967
graph_086_mu_0_3_node_819,30,0.1310344827586207,0.0011102852019833,0.4169449081803005,2.3983983983983985,0.0290373644331997,20.674,9.326,5.987636280386281,0.3108666666666667,0.0563291618290551,0.0135493681352813,0.1918112188713441,0.1921295348985774,0.0921674288527419
graph_086_mu_0_3_node_720,31,0.1118279569892473,0.0013751286755977,0.4309749784296807,2.32032032032032,0.0354532711721902,18.342,12.658,4.2625686244311245,0.4083225806451612,0.0750406670149935,0.020310482466501,0.2698127961096246,0.2702447080010012,0.0768559621155806
graph_086_mu_0_3_node_914,20,0.0789473684210526,0.0006137296927114,0.4020120724346076,2.4874874874874875,0.0171289843283708,11.429,8.571,4.3714475524475525,0.42855,0.0467637313594304,0.0145121487805852,0.3032355527333067,0.3035278956646697,0.0230887765365105
graph_086_mu_0_3_node_497,21,0.0818713450292397,0.0007302459136919,0.4227676682183665,2.365365365365365,0.0209704220782423,11.027,9.973,3.838464102564102,0.4749047619047619,0.1357024256151485,0.0161961300597949,0.3402089051528886,0.3405490557623712,0.0662118813391352
graph_086_mu_0_3_node_810,21,0.2095238095238095,0.000488266161391,0.4298623063683304,2.3263263263263263,0.0397644137652561,15.998,5.002,6.304575000000001,0.2381904761904761,0.0180968485164292,0.0082800051628087,0.1424412076231037,0.1426119102841935,0.0404120101195118
graph_086_mu_0_3_node_447,29,0.083743842364532,0.0013394121390057,0.4343478260869565,2.3023023023023024,0.0345221738698988,18.399,10.601,5.483225733335292,0.3655517241379309,0.0362768565378459,0.0189312746485051,0.2389502470156684,0.2393119795773459,0.0392471017399456
graph_086_mu_0_3_node_17,39,0.136302294197031,0.001988430530183,0.4265584970111016,2.344344344344344,0.0302500979291562,25.022,13.978,6.884761923022797,0.3584102564102565,0.2039496594343292,0.0155375095687982,0.228178933438117,0.2286560614717971,0.2715356820297463
graph_086_mu_0_3_node_491,20,0.1105263157894736,0.0007418402698289,0.3969010727056019,2.51951951951952,0.0132464160049525,11.84,8.16,4.52546558996559,0.408,0.1300633363977031,0.0117982477330989,0.286640747563621,0.2869190773558735,0.0770045370500828
graph_086_mu_0_3_node_334,26,0.1415384615384615,0.0008885691465468,0.4020120724346076,2.4874874874874875,0.0210936240027849,13.962,12.038,4.8553852813852805,0.4629999999999999,0.2864820362860129,0.0153698252186147,0.322237548172908,0.3226481803931155,0.2155475336528253
graph_086_mu_0_3_node_715,19,0.1695906432748538,0.0005361295523378,0.3824655436447167,2.6146146146146148,0.0111591466161325,11.596,7.404,3.879773412698414,0.3896842105263158,0.1876141352087209,0.009097321523397,0.253664558910031,0.2539171489009612,0.2113382308078286
graph_086_mu_0_3_node_4,17,0.0761904761904762,0.0004360324129824,0.3768389287061486,2.6536536536536537,0.0084336892855891,10.788,6.212,4.153761793761794,0.3654117647058824,0.1493941462365533,0.0101217362322671,0.2462764746715608,0.2464883766332663,0.0705299818684082
graph_086_mu_0_3_node_681,21,0.1380952380952381,0.0006117862718541,0.3870592793490895,2.583583583583584,0.0120377575895035,15.069,5.931,5.25705705128205,0.2824285714285714,0.1146974865512211,0.0101797533297692,0.1752136414204785,0.1754160233829779,0.1536584686283268
graph_086_mu_0_3_node_6,28,0.0769230769230769,0.0012272124298964,0.4229466553767993,2.364364364364364,0.0226318684293159,19.89,8.11,6.627981314093544,0.2896428571428571,0.1044832345359101,0.0134157155390221,0.1837876292896483,0.1840643990354507,0.0806170337708329
graph_086_mu_0_3_node_759,34,0.1176470588235294,0.0013217531802692,0.4347258485639687,2.3003003003003,0.0403025318779439,23.141,10.859,6.836529392829393,0.3193823529411764,0.0661766372040014,0.0143163702794787,0.1993781381722798,0.1997487976623648,0.1011762751306163
graph_086_mu_0_3_node_801,22,0.1421052631578947,0.0006141042049098,0.3804265041888804,2.6286286286286287,0.0111593267778515,15.624,6.376,5.600244566544567,0.2898181818181817,0.1604611812526072,0.0091881840299441,0.181651515291712,0.1818690804274181,0.1764305382945116
graph_086_mu_0_3_node_852,22,0.2813852813852814,0.0003763080424116,0.3975328292877039,2.5155155155155158,0.02268383195578,17.15,4.85,6.257433333333333,0.2204545454545453,0.0568870684028529,0.0055476240623727,0.1272789143000177,0.1274444565327889,0.15631278756547
graph_086_mu_0_3_node_701,22,0.0735930735930736,0.0007974932038379,0.4056029232643118,2.4654654654654653,0.016257977661047,13.329,8.671,4.505941422466424,0.3941363636363636,0.0678222142449093,0.0136591759416968,0.2664766094304154,0.2667724091008382,0.0491546652183367
graph_086_mu_0_3_node_944,64,0.0912698412698412,0.0048879478781367,0.4734597156398104,2.112112112112112,0.0733681413103244,48.051,15.949,12.018294096927836,0.249203125,0.0566655683198113,0.0265145095526174,0.1491538251126299,0.1496989304698162,0.1209679148990104
graph_086_mu_0_3_node_857,25,0.17,0.0009857124076676,0.3948616600790514,2.5325325325325325,0.0162082695204792,15.225,9.775,3.4741937229437228,0.3910000000000001,0.1604291281055417,0.0107289924124048,0.2498727816853295,0.2502063243819692,0.2067550739180277
graph_086_mu_0_3_node_331,100,0.0854545454545454,0.0112894243628915,0.5037821482602118,1.984984984984985,0.1093120856199345,80.831,19.169,18.773603218416785,0.19169,0.0708190977058992,0.0317084624233695,0.1105882711159739,0.1112446770606616,0.2071064574269597
graph_086_mu_0_3_node_262,18,0.0915032679738562,0.0005229547392927,0.4087561374795417,2.4464464464464464,0.0182285707136201,11.701,6.299,4.542050649350649,0.3499444444444444,0.0492115401413281,0.0096369075651943,0.2324818545596478,0.2326967342717903,0.0406600473910075
graph_086_mu_0_3_node_427,22,0.1385281385281385,0.000675976425448,0.408923454768727,2.4454454454454453,0.02493522465102,15.449,6.551,6.074457142857143,0.2977727272727273,0.0409345612731363,0.0083261159618321,0.1842396326558132,0.1844631766301974,0.0662121094176903
graph_086_mu_0_3_node_422,29,0.1206896551724138,0.0013620293978635,0.4018503620273532,2.4884884884884886,0.0158943550480598,20.624,8.376,7.0839293815747375,0.2888275862068966,0.1472133803485027,0.0124245351089317,0.1838056355707751,0.1840914826876003,0.1685497462075438
graph_086_mu_0_3_node_347,18,0.1830065359477124,0.0003719066595821,0.3808616088448341,2.625625625625626,0.0120600674004894,13.105,4.895,4.772271428571428,0.2719444444444444,0.0716873192200635,0.0054119364621819,0.1625992854933459,0.1627663180747227,0.1472272803633185
graph_086_mu_0_3_node_141,39,0.0836707152496626,0.0018933086662263,0.4483842010771993,2.23023023023023,0.0443489649276899,26.638,12.362,7.472534085715626,0.3169743589743589,0.0438361713068165,0.0217591329004022,0.2002907567564601,0.2007127534346447,0.0627187028244348
graph_086_mu_0_3_node_26,17,0.0735294117647058,0.0004158527205847,0.3817348108521207,2.61961961961962,0.0106323891759535,10.721,6.279,3.834004834054834,0.3693529411764705,0.0518323306266082,0.0120364564027005,0.245421023137949,0.2456352182261894,0.02996500284337
graph_086_mu_0_3_node_673,19,0.1228070175438596,0.0004840520311299,0.383935434281322,2.6046046046046047,0.01146434448775,12.616,6.384,5.016350396825398,0.336,0.1068115908755023,0.009258985883205,0.2174886105711181,0.2177064087980757,0.115769186516593
graph_086_mu_0_3_node_597,47,0.1637372802960222,0.002188136618398,0.4343478260869565,2.3023023023023024,0.0393774537941925,33.086,13.914,8.495038608828391,0.2960425531914894,0.2035392989115357,0.015451000947933,0.1799830404804623,0.1804582456216168,0.3700792874120338
graph_086_mu_0_3_node_615,25,0.1666666666666666,0.0007832751189678,0.4049452776651804,2.4694694694694697,0.0208006790906213,16.622,8.378,6.631355158730158,0.33512,0.2011676020550954,0.0109058629732344,0.2168981032486688,0.2171839652453869,0.2231645749258936
graph_086_mu_0_3_node_340,19,0.0701754385964912,0.000585060308526,0.383199079401611,2.6096096096096097,0.0116829713048434,13.798,5.202,5.92359466089466,0.2737894736842105,0.0638264175828897,0.0082159021984029,0.1754370322206374,0.175614514230706,0.0585497022557094
graph_086_mu_0_3_node_306,24,0.1195652173913043,0.0007999201151474,0.39800796812749,2.5125125125125125,0.015596000269902,16.317,7.683,5.666292507492507,0.320125,0.1501552447694139,0.0116961552313899,0.205081931088479,0.2053440871492182,0.1595146871659896
graph_086_mu_0_3_node_565,24,0.2028985507246377,0.0007930773109847,0.396271320904403,2.523523523523524,0.0166410798839677,16.028,7.972,3.795647619047619,0.3321666666666666,0.1311658187143812,0.0087321818512252,0.2038326315902976,0.2041046890506632,0.2217294237782728
graph_086_mu_0_3_node_278,32,0.1330645161290322,0.0013198099421821,0.436054124836316,2.293293293293293,0.0347859869162175,22.743,9.257,6.624812298812299,0.28928125,0.0570607477235709,0.0133122248548252,0.1765037491416474,0.1768197483522309,0.10098295008701
graph_086_mu_0_3_node_69,35,0.1445378151260504,0.0012701415520144,0.4202776609171224,2.37937937937938,0.028539638762283,24.019,10.981,5.155218400063988,0.3137428571428571,0.125192780129103,0.0160061419398347,0.1917225287384341,0.1920974090751257,0.2138740499400953
graph_086_mu_0_3_node_675,42,0.1300813008130081,0.0026278012790807,0.4447907390917186,2.2482482482482484,0.0350104617103474,24.985,17.015,7.128177558509602,0.4051190476190476,0.1997039692068861,0.0196280880845581,0.268511881238829,0.2690925649162921,0.2068971365371448
graph_086_mu_0_3_node_228,22,0.1341991341991342,0.0004518838047736,0.3914576802507837,2.5545545545545547,0.0190906921073171,15.445,6.555,4.983903174603174,0.2979545454545454,0.095967847369716,0.0072706430809776,0.181496130238357,0.1817198228394483,0.1715551947769363
graph_086_mu_0_3_node_248,35,0.1025210084033613,0.0016689580216628,0.4366258741258741,2.29029029029029,0.0428075644654597,23.745,11.255,5.6217410359248605,0.3215714285714285,0.0387318599155175,0.0214951936543704,0.2011326957358532,0.2015168833348543,0.0554541113370211
graph_086_mu_0_3_node_219,25,0.13,0.001066841908274,0.4069246435845214,2.457457457457457,0.0172260071449059,16.41,8.59,5.833358408748114,0.3436,0.2395834076135551,0.0113676113327135,0.2262370422358779,0.2265301218746351,0.2226804513446559
graph_086_mu_0_3_node_8,32,0.1540229885057471,0.0013363371675697,0.4117889530090684,2.4284284284284285,0.0235327518130725,23.064,8.936,8.509096543978895,0.27925,0.226809235207839,0.0108993881412813,0.1748307857845167,0.1751357872010377,0.301404104017884
graph_086_mu_0_3_node_488,21,0.0523809523809523,0.0006977364691049,0.3969010727056019,2.51951951951952,0.0159192288498275,13.783,7.217,5.716902738927738,0.3436666666666666,0.0399630300287044,0.0120032841559421,0.2292549615429704,0.2295011706173872,0.0249162043329405
graph_086_mu_0_3_node_608,43,0.1760797342192691,0.0020586215940401,0.4256497656582871,2.349349349349349,0.0310698667599787,30.32,12.68,7.856483175484645,0.2948837209302326,0.1847901517646013,0.0151103565563103,0.1788185478552492,0.1792515615498153,0.3397266892910895
graph_086_mu_0_3_node_27,18,0.0522875816993464,0.0006475630310265,0.3981666002391391,2.5115115115115114,0.0143395792980822,11.163,6.837,3.766874675324675,0.3798333333333333,0.0217335827849108,0.0136848361318254,0.2556615508976266,0.2558947764089594,0.0192157072588589
graph_086_mu_0_3_node_543,28,0.1296296296296296,0.0007609707437872,0.427105600684053,2.3413413413413413,0.0389581249568091,21.488,6.512,6.886947086247086,0.2325714285714286,0.0223077945786387,0.0122490267226524,0.1360175094840638,0.1362398212751379,0.054837116789951
graph_086_mu_0_3_node_163,27,0.1937321937321937,0.0008669433933339,0.4278372591006424,2.3373373373373374,0.032624428981707,21.422,5.578,8.400917857142856,0.2065925925925925,0.0354640999619041,0.0070520649536712,0.1195680436622474,0.1197584715387743,0.0986949401482759
graph_086_mu_0_3_node_54,31,0.1612903225806451,0.0013189617080809,0.4213412062420919,2.373373373373373,0.0254976071029903,20.716,10.284,6.06977528027528,0.331741935483871,0.2640168690402973,0.0111929422129974,0.2078679542792652,0.2082189508292846,0.3884188041360598
graph_086_mu_0_3_node_732,40,0.1038461538461538,0.0018829531458973,0.439894319682959,2.273273273273273,0.0457920173637498,32.821,7.179,11.93839183039183,0.179475,0.0269452615004087,0.0113147760025958,0.1031188782821072,0.1033641067234388,0.0816788775174125
graph_086_mu_0_3_node_568,18,0.0718954248366013,0.0005064983389199,0.3817348108521207,2.61961961961962,0.0100823169308316,12.482,5.518,4.5114512987012985,0.3065555555555555,0.0430460388383405,0.0097355588540864,0.1905908751136755,0.1907791459403893,0.0476977445116701
graph_086_mu_0_3_node_846,33,0.2064516129032258,0.0011879631366749,0.4122988031366075,2.4254254254254253,0.0221840841572599,22.126,10.874,6.690311401098901,0.3295151515151514,0.2799284407692338,0.0116855140611767,0.2062350025545123,0.2066061577089458,0.3942516987230369
graph_086_mu_0_3_node_363,24,0.1050724637681159,0.0007774102038179,0.4236641221374045,2.36036036036036,0.0256760171761585,12.931,11.069,4.279500632700632,0.4612083333333333,0.1163817825442106,0.016190147731044,0.3203618036108211,0.3207393773310931,0.0877315148179396
graph_086_mu_0_3_node_566,27,0.2279202279202279,0.000827256133387,0.4104354971240756,2.4364364364364364,0.0227647367199158,18.934,8.066,4.269564285714286,0.2987407407407407,0.1323437100585884,0.0089043058359166,0.1790848200000001,0.1793601397686941,0.2646783327924046
graph_086_mu_0_3_node_645,25,0.1699604743083003,0.0007012251933573,0.3894736842105263,2.5675675675675675,0.0140526192187319,19.046,5.954,8.729021214896216,0.23816,0.2137023514733844,0.0080608000044226,0.1465278775244247,0.146731075262584,0.2645995458135136
graph_086_mu_0_3_node_289,18,0.2222222222222222,0.0002890019840687,0.4104354971240756,2.4364364364364364,0.0296762350970096,12.761,5.239,5.095207142857143,0.2910555555555555,0.0186238588053581,0.0095364808108782,0.1805008710977564,0.1806796239492652,0.0321723520758573
graph_086_mu_0_3_node_82,73,0.1038229376257545,0.0061097276347344,0.4616451016635859,2.166166166166166,0.0523425513917414,50.87,22.13,9.375997523556016,0.3031506849315069,0.2587184868094294,0.0283258746273327,0.1852671039780901,0.1860234954956216,0.4406932391300982
graph_086_mu_0_3_node_167,69,0.1014492753623188,0.005098230088157,0.4784482758620689,2.09009009009009,0.0798251842461609,54.598,14.402,11.253139836360749,0.2087246376811594,0.0508527626713435,0.0260197228292298,0.1206752895964606,0.1211678101099584,0.1390767135979871
graph_086_mu_0_3_node_127,35,0.134453781512605,0.0015667780047486,0.421875,2.3703703703703702,0.0272737988638646,21.677,13.323,5.108869575277664,0.3806571428571429,0.1920116922344298,0.0168792838217796,0.2451045010130551,0.2455591989868956,0.2337159636458216
graph_086_mu_0_3_node_492,142,0.0680369989722507,0.0204778204521096,0.518961038961039,1.926926926926927,0.1460577085281692,110.924,31.076,22.946417590606966,0.2188450704225352,0.1083115699539211,0.0545645459401495,0.1270203903373254,0.1280862030086296,0.2895920819489336
graph_086_mu_0_3_node_509,42,0.0882694541231126,0.0022273257690313,0.4461813309513175,2.241241241241241,0.04494985222857,30.748,11.252,7.8493443606702895,0.2679047619047618,0.0406114750641974,0.0201083018418808,0.1638408391808266,0.1642250594775973,0.0759304137897424
graph_086_mu_0_3_node_92,23,0.1660079051383399,0.0006028766364378,0.3925343811394892,2.5475475475475475,0.0187650911988204,15.681,7.319,5.474395670995671,0.3182173913043479,0.0856946589772717,0.0092981388154754,0.1970740475273105,0.1973238044505089,0.1357828262660151
graph_086_mu_0_3_node_633,28,0.1692307692307692,0.000885223587403,0.408255006129955,2.4494494494494496,0.0232980331947105,18.817,9.183,4.777925252525253,0.3279642857142857,0.1320518740456836,0.0122054529510921,0.2029118260498787,0.2032252376587977,0.1977136355469442
graph_086_mu_0_3_node_768,39,0.1381381381381381,0.0016310158567429,0.425287356321839,2.3513513513513518,0.0288012070922989,24.59,14.41,4.780484858034122,0.3694871794871795,0.236977722270151,0.0157924000406323,0.2326895297007331,0.2331814370933208,0.3226983540433622
graph_086_mu_0_3_node_264,18,0.0849673202614379,0.0006736863156105,0.4036363636363636,2.477477477477477,0.0154563946641199,9.781,8.219,3.08296018981019,0.4566111111111111,0.0554560447610594,0.0152760535540681,0.3281853007904665,0.3284656231381009,0.0284610670639935
graph_086_mu_0_3_node_816,19,0.1637426900584795,0.0003194564443363,0.4060975609756098,2.4624624624624625,0.0299824686431796,14.72,4.28,6.231166666666666,0.2252631578947368,0.0147071272789894,0.0072490696532944,0.1318088285681502,0.1319548912203819,0.037183616531661
graph_086_mu_0_3_node_943,25,0.1366666666666666,0.000963077318248,0.4172932330827067,2.3963963963963963,0.0215602148943799,15.141,9.859,5.087270306082806,0.39436,0.1641262637713167,0.0141742559272117,0.2672909521571018,0.2676272914325513,0.1312210556807852
graph_086_mu_0_3_node_276,34,0.0962566844919786,0.001701331839765,0.451627486437613,2.214214214214214,0.0380561789240177,20.709,13.291,5.004686664651137,0.3909117647058824,0.0781854847009142,0.0209666531129512,0.2564658515090546,0.2569194062306414,0.0849642682341045
graph_086_mu_0_3_node_507,14,0.0439560439560439,0.0003255679796152,0.369179600886918,2.7087087087087087,0.008008333904905,9.34,4.66,4.344127777777778,0.3328571428571428,0.0255890718050021,0.0086957806617373,0.223163607950656,0.2233225635971699,0.0122235177692398
graph_086_mu_0_3_node_235,22,0.1601731601731601,0.0006040716808294,0.3981666002391391,2.5115115115115114,0.0178128144990825,13.697,8.303,4.2637865079365085,0.3774090909090907,0.1199596249947748,0.0094482644068938,0.243014678802914,0.2432979663708362,0.1475758575098767
graph_086_mu_0_3_node_250,29,0.105911330049261,0.0011393557110006,0.4222316145393068,2.3683683683683685,0.0288895761022315,16.034,12.966,4.942034443334443,0.4471034482758622,0.1380000457310625,0.0197046453608846,0.3050575233378963,0.3054998640884847,0.1171910170651391
graph_086_mu_0_3_node_260,22,0.1157894736842105,0.000701413066556,0.386609907120743,2.5865865865865865,0.0112760512266448,13.473,8.527,3.707605738705739,0.387590909090909,0.2181300437593736,0.0151372091894933,0.2566719870978353,0.2569628940807122,0.1717710913996391
graph_086_mu_0_3_node_70,29,0.064039408866995,0.0017779345321807,0.4269230769230769,2.3423423423423424,0.023217036771472,13.829,15.171,4.956768160522304,0.5231379310344828,0.1969443155824249,0.025201523029474,0.4018192116594559,0.4023365481019068,0.0590528792156194
graph_086_mu_0_3_node_725,32,0.1310483870967742,0.0014013764171536,0.4155574043261231,2.4064064064064064,0.0211695963766802,20.796,11.204,8.22151317048964,0.350125,0.1951383237788001,0.0139030626551977,0.2330421991276189,0.2334244953122048,0.1834147703965662
graph_086_mu_0_3_node_515,18,0.175,0.0003592079491831,0.3698630136986301,2.703703703703704,0.0081801137418419,13.604,4.396,5.441007142857143,0.2442222222222222,0.1392528769846073,0.0068657720393472,0.1462997951137174,0.1464498007032946,0.1995480801980209
graph_086_mu_0_3_node_42,18,0.0588235294117647,0.0005354419432819,0.3991210547343188,2.5055055055055053,0.014803036299246,11.23,6.77,4.2349428571428565,0.376111111111111,0.0518898281174397,0.011720700782167,0.2498491268191121,0.2500800725852389,0.0416307378940174
graph_086_mu_0_3_node_676,24,0.2318840579710145,0.0005560209551009,0.3992805755395683,2.5045045045045047,0.020001184840429,16.452,7.548,4.908085714285715,0.3145,0.1081076663479542,0.0095368598841279,0.1925739966115084,0.1928315868847505,0.1841509969358435
graph_086_mu_0_3_node_996,20,0.2947368421052631,0.0003147497418797,0.389777604369879,2.5655655655655654,0.0199472364739966,15.874,4.126,5.839333333333334,0.2063,0.0475191648095538,0.005780670114766,0.117356963400307,0.1174977897802852,0.1461501501275176
graph_086_mu_0_3_node_890,31,0.1569892473118279,0.0013355912561459,0.4008828250401284,2.4944944944944947,0.016498817214526,23.196,7.804,7.17072261072261,0.251741935483871,0.1851953344183509,0.010491900670298,0.150762672787652,0.1510290897099365,0.3407986475838648
graph_086_mu_0_3_node_316,34,0.2157258064516129,0.0011499717473263,0.4269230769230769,2.3423423423423424,0.0340718726950378,22.526,11.474,4.849118348318346,0.3374705882352941,0.1891875501813901,0.0124932649622789,0.2080643193360354,0.2084559966913772,0.2968469371435029
graph_086_mu_0_3_node_274,22,0.1601731601731601,0.0006179631610947,0.3997599039615846,2.5015015015015014,0.0169017819618564,14.929,7.071,4.961919047619049,0.3214090909090908,0.1157028808526503,0.0107286705794842,0.2027179322191332,0.2029592057660067,0.1458425654504301
graph_086_mu_0_3_node_985,18,0.1830065359477124,0.0003211332651697,0.4097621000820344,2.4404404404404403,0.0279479354651263,13.437,4.563,5.420385714285714,0.2535,0.0162128251539528,0.0075909193061042,0.1524565878520484,0.1526122897002014,0.0330864750227781
graph_086_mu_0_3_node_391,71,0.1248934356351236,0.0058002428068621,0.4754878629224179,2.103103103103103,0.0573826901334495,49.607,21.393,11.808872061003015,0.3013098591549296,0.2505514179327776,0.0247705578447491,0.184139193507262,0.184870347175299,0.4294322045084299
graph_086_mu_0_3_node_920,22,0.1125541125541125,0.0010060972904519,0.4269230769230769,2.3423423423423424,0.0218312501474514,13.862,8.138,4.90668076923077,0.3699090909090908,0.1350298710864827,0.0116986951710205,0.2503079690027723,0.2505855876890163,0.0917681728890328
graph_086_mu_0_3_node_803,24,0.1775362318840579,0.0005941721092261,0.4051094890510949,2.468468468468469,0.0264711322575931,17.748,6.252,5.645904761904761,0.2605,0.0375800263901595,0.0085221832509567,0.154913134705899,0.155126521984314,0.0803131428123262
graph_086_mu_0_3_node_73,28,0.119047619047619,0.0012594945391059,0.4007220216606498,2.4954954954954958,0.0139467692179469,21.491,6.509,7.006987281724124,0.2324642857142857,0.0763488275664491,0.0106505377930247,0.1391562639575373,0.1393784524477271,0.1158965895890069
graph_086_mu_0_3_node_293,21,0.1238095238095238,0.0005554558289849,0.4121287128712871,2.4264264264264264,0.023838771399589,11.052,9.948,3.093693181818181,0.4737142857142855,0.1123274926110551,0.0141343668401247,0.3278685853926341,0.3282079133465733,0.0875667746433566
graph_086_mu_0_3_node_849,16,0.2083333333333333,0.0003406565160583,0.4052738336713996,2.4674674674674675,0.0210375870581967,9.536,6.464,3.49067619047619,0.404,0.0758200631166996,0.0074156797456619,0.2676166284520901,0.2678371264382971,0.0792776474643131
graph_086_mu_0_3_node_46,17,0.0588235294117647,0.0005550466473801,0.3954869358669833,2.5285285285285286,0.0131972780540848,9.301,7.699,4.4329372322122325,0.4528823529411764,0.0437124848198723,0.0120984400038103,0.3346333108503889,0.3348958775705667,0.0167567100866941
graph_086_mu_0_3_node_820,40,0.1987179487179487,0.0015792805773164,0.4171189979123173,2.397397397397397,0.02823015457763,28.308,11.692,5.481088023088024,0.2923,0.1921611923154313,0.0128285910523588,0.174586664310263,0.1749859398565031,0.3960549360683323
graph_086_mu_0_3_node_153,49,0.1309523809523809,0.0029624240684587,0.4534725374489333,2.205205205205205,0.0409321297459166,28.514,20.486,5.360695600671072,0.4180816326530612,0.3369242244994358,0.0224230090861312,0.2726263436708845,0.2733256567527324,0.3842869292578366
graph_086_mu_0_3_node_198,27,0.150997150997151,0.0011409098556029,0.4225888324873096,2.3663663663663663,0.027008769030309,15.947,11.053,3.628107942057943,0.4093703703703704,0.124656489324209,0.0172671170017144,0.267347329256611,0.2677244646127557,0.1368121471684984
graph_086_mu_0_3_node_951,20,0.1111111111111111,0.0005084408813596,0.4128099173553719,2.4224224224224224,0.0239198928804776,13.259,6.741,5.3991984126984125,0.33705,0.0311961758429914,0.0112147498897778,0.2166923195549197,0.2169223053464133,0.0382108382252629
graph_086_mu_0_3_node_620,19,0.1578947368421052,0.0005020983849427,0.3849710982658959,2.5975975975975976,0.0124245892548763,13.594,5.406,6.107634451659452,0.2845263157894736,0.1922266702093113,0.0076338952048293,0.1818064294695502,0.1819908710884088,0.1831963379287216
graph_086_mu_0_3_node_586,36,0.1301587301587301,0.0017481224724149,0.4383501535761299,2.2812812812812813,0.0292125107489286,23.571,12.429,5.495575639066816,0.34525,0.1798305561987289,0.0158063589252133,0.2166933891030547,0.2171176482013827,0.2591914403515648
graph_086_mu_0_3_node_558,28,0.1753846153846154,0.0007583681886555,0.4134933774834437,2.4184184184184185,0.026880979098617,21.389,6.611,6.494389898989899,0.2361071428571428,0.0771499819467896,0.0076965523050395,0.1376441897641129,0.1378698839037082,0.1851294152805332
graph_086_mu_0_3_node_957,27,0.0866666666666666,0.0012106513085561,0.4307891332470893,2.3213213213213213,0.0297467814144182,19.22,7.78,6.458674301433861,0.2881481481481481,0.0375760528933335,0.0142219223400105,0.1814529669350801,0.1817184749382661,0.0463761669639009
graph_086_mu_0_3_node_12,20,0.0784313725490196,0.0005335072560071,0.3795592705167173,2.6346346346346348,0.0112922617758937,15.252,4.748,5.929417748917749,0.2374,0.0160300011190289,0.0091296787483235,0.1421588295259841,0.1423208589890219,0.0337158228263966
graph_086_mu_0_3_node_209,16,0.15,0.0004009117817638,0.3837879369957741,2.6056056056056054,0.010575718483934,10.443,5.557,4.22485772005772,0.3473125,0.135366757371387,0.0090060483341596,0.2289330820225398,0.2291226464654293,0.1127591104893629
graph_086_mu_0_3_node_104,23,0.1660079051383399,0.0007518069572236,0.4112803622890078,2.431431431431432,0.020199865938582,14.109,8.891,3.2907456349206345,0.3865652173913044,0.1458228433862408,0.0097836761549818,0.2461317819403856,0.2464351504759507,0.1923589398101227
graph_086_mu_0_3_node_392,123,0.0706611570247933,0.0164417197205193,0.5117827868852459,1.9539539539539537,0.1278523816009158,98.845,24.155,18.06899260057798,0.1963821138211382,0.0890480521274433,0.0409201378876563,0.1136431241103221,0.1144710021297948,0.2552373771785728
graph_086_mu_0_3_node_172,28,0.1269841269841269,0.001084505444921,0.4278372591006424,2.3373373373373374,0.0359948173633745,21.238,6.762,8.220108391608392,0.2415,0.0249467811708268,0.0107836858327824,0.1455415456776133,0.1457723606148119,0.050266234666671
graph_086_mu_0_3_node_221,23,0.1541501976284585,0.0007888387671608,0.4258312020460358,2.3483483483483485,0.0348604713115506,15.357,7.643,5.383161832611833,0.332304347826087,0.0269157859744243,0.0127601650202781,0.2137693074832314,0.2140300867680747,0.0336324038112145
graph_086_mu_0_3_node_981,15,0.3142857142857143,0.0001444892759121,0.4097621000820344,2.4404404404404403,0.0322494884799488,13.16,1.84,8.512,0.1226666666666666,0.0067496394208353,0.0028927320499444,0.0672380952380952,0.0673008898897009,0.0348332372751643
graph_086_mu_0_3_node_225,42,0.1300813008130081,0.0020971097034048,0.4283876500857633,2.334334334334334,0.0336231714654867,27.05,14.95,5.664098027127671,0.3559523809523809,0.2156634764309388,0.0196637861944974,0.224887918163399,0.2253982900719107,0.2961426235072991
graph_086_mu_0_3_node_580,27,0.1025641025641025,0.0012015831182526,0.4481830417227456,2.2312312312312312,0.0272550994118474,14.949,12.051,4.25766731267958,0.4463333333333333,0.0823495703305138,0.020961569257297,0.3201309912642069,0.3205420404844046,0.0471335062237942
graph_086_mu_0_3_node_330,14,0.1758241758241758,0.000256897383814,0.3978494623655914,2.5135135135135136,0.015504973459771,9.975,4.025,6.017933333333333,0.2875,0.0358166968729209,0.0055415738021405,0.1865347094129703,0.1866720115052614,0.0381217197913507
graph_086_mu_0_3_node_977,17,0.1470588235294117,0.0005236056153766,0.3848228043143297,2.5985985985985987,0.0114505590492843,11.405,5.595,4.079318145743145,0.3291176470588234,0.1583500954713848,0.0106519022915587,0.2084642206560677,0.2086551042062097,0.1432843642865897
graph_086_mu_0_3_node_911,67,0.0877431026684758,0.0051341790612983,0.4725638599810785,2.116116116116116,0.0753567340723151,52.652,14.348,9.944664663308766,0.2141492537313432,0.0502428020608236,0.0276222208812732,0.1237600069582539,0.1242506436995821,0.135042538918152
graph_086_mu_0_3_node_704,31,0.0967741935483871,0.0012382542917544,0.4307891332470893,2.3213213213213213,0.0373580823020409,22.026,8.974,6.814865612165613,0.289483870967742,0.0324049627999634,0.0157326309606523,0.1798830131903263,0.1801893170947181,0.0518317467913409
graph_086_mu_0_3_node_938,36,0.1666666666666666,0.0013160952781085,0.4199243379571248,2.3813813813813813,0.0286603197790416,24.432,11.568,6.6214160339660335,0.3213333333333333,0.1680290698282004,0.0129948604382543,0.1986078826696673,0.1990027867712066,0.2695748907428443
graph_086_mu_0_3_node_950,13,0.0897435897435897,0.0003241296127107,0.3981666002391391,2.5115115115115114,0.0137526891074369,8.274,4.726,3.736025396825396,0.3635384615384615,0.0394709800946276,0.0070452516313117,0.247495740828472,0.2476569381578323,0.0243377257245176
graph_086_mu_0_3_node_117,27,0.1652421652421652,0.0008707190883581,0.4265584970111016,2.344344344344344,0.0410263548402815,21.201,5.799,6.868187662337663,0.2147777777777777,0.0201907875601442,0.0100286395290242,0.1243833962566654,0.1245813686180738,0.0540031224680545
graph_086_mu_0_3_node_465,16,0.1333333333333333,0.000330191062865,0.3965859468042874,2.521521521521521,0.0150125998250984,12.092,3.908,6.997460317460318,0.24425,0.0358091503790681,0.0051467991972442,0.1522085778427104,0.1523419081560655,0.0542845800317538
graph_086_mu_0_3_node_294,21,0.1871345029239766,0.0003766962884104,0.3964285714285714,2.5225225225225225,0.0230391181776348,16.542,4.458,6.7131083333333335,0.2122857142857142,0.027701628398272,0.0057766864858196,0.1228000422956248,0.1229521976190482,0.0719541025831657
graph_086_mu_0_3_node_355,28,0.1666666666666666,0.0009863762396223,0.41625,2.4024024024024024,0.0262107527217867,18.406,9.594,6.273568298368298,0.3426428571428571,0.2261566093960661,0.0135812132597861,0.2233384824092505,0.2236658495568234,0.2348816125240106
graph_086_mu_0_3_node_970,20,0.0578947368421052,0.0007946481680641,0.4004008016032064,2.497497497497497,0.014715189584831,12.465,7.535,4.705895271395272,0.37675,0.0267354032733864,0.0126865666145527,0.2545068944259023,0.2547639338008497,0.0245304623191634
graph_086_mu_0_3_node_263,29,0.125615763546798,0.0012133264608616,0.4031476997578692,2.4804804804804803,0.0177369148451008,19.302,9.698,6.964442663219134,0.3344137931034483,0.2759766153692743,0.0123161913884088,0.2203992953064493,0.2207302026963322,0.2606275816070015
graph_086_mu_0_3_node_855,22,0.0909090909090909,0.0006926119276055,0.4070904645476773,2.4564564564564564,0.0277998970739931,16.276,5.724,6.519061904761904,0.2601818181818181,0.0206880726108469,0.0094741191297316,0.1584674407320889,0.1586627774050929,0.0330605936236
graph_086_mu_0_3_node_72,20,0.1,0.0006498048376814,0.4018503620273532,2.4884884884884886,0.0141919547881828,13.384,6.616,4.571625263625264,0.3308,0.0533687877721856,0.0105162678344578,0.2115982300159921,0.2118239571835297,0.0597379981875414
graph_086_mu_0_3_node_135,24,0.1082251082251082,0.0006934786402158,0.3956435643564356,2.5275275275275275,0.0151881081476303,14.825,9.175,4.943211255411256,0.3822916666666667,0.1441907671066654,0.0129900825794994,0.2549763519834364,0.2552893685145453,0.1194293667736927
graph_086_mu_0_3_node_14,21,0.0857142857142857,0.0006902094124973,0.3965859468042874,2.521521521521521,0.0153439221126167,11.68,9.32,4.2914164044289045,0.4438095238095239,0.2374726843685689,0.0130048230534027,0.3181116794434201,0.3184295587701238,0.1260864485847238
graph_086_mu_0_3_node_607,27,0.08,0.0009915449465985,0.4042897612302711,2.4734734734734736,0.0174934001687437,18.54,8.46,8.35766185064935,0.3133333333333333,0.1663318845347091,0.0119182694627316,0.2051160524868451,0.2054047150633694,0.1569422905125514
graph_086_mu_0_3_node_61,28,0.0555555555555555,0.0013125186495266,0.4121287128712871,2.4264264264264264,0.020985278910371,16.321,11.679,6.855637751292395,0.4171071428571429,0.0756873531274128,0.0181063917241329,0.2984189123846483,0.2988172792594036,0.0395091540073965
graph_086_mu_0_3_node_754,29,0.0862068965517241,0.0011355770713977,0.4140074595938665,2.4154154154154157,0.0307847132379868,23.388,5.612,8.510649639249639,0.1935172413793103,0.0213320743751723,0.0106818459359729,0.113052045651828,0.1132436431288407,0.0558753080053236
graph_086_mu_0_3_node_900,21,0.0857142857142857,0.0008066198769034,0.4016887816646562,2.4894894894894897,0.017933396905373,13.107,7.893,5.446014393939393,0.3758571428571428,0.0310566219014136,0.0132386647098294,0.2563201328713231,0.2565893844552278,0.0231296119297903
graph_086_mu_0_3_node_542,29,0.2364532019704433,0.0007882104765367,0.4188679245283019,2.3873873873873874,0.0265348722762919,22.317,6.683,6.507690331890331,0.230448275862069,0.0960800447474417,0.0085561123522578,0.1331255166695125,0.1333536883695965,0.2575516919881053
graph_086_mu_0_3_node_807,16,0.1648351648351648,0.0003224844248559,0.3722056631892697,2.6866866866866865,0.0076800446071431,11.047,4.953,4.648780952380952,0.3095625,0.1239763110821762,0.0070394909970196,0.1976704933517508,0.1978394661584726,0.1150376526554686
graph_086_mu_0_3_node_156,37,0.1025210084033613,0.0019867090429818,0.4146948941469489,2.411411411411412,0.018048087029341,27.009,9.991,8.096782334053117,0.270027027027027,0.1925947969145621,0.0148537338350266,0.165394869700598,0.1657359740763707,0.2763176432023715
graph_086_mu_0_3_node_360,37,0.072072072072072,0.0018891216767226,0.4420353982300884,2.2622622622622623,0.0382648672952616,24.459,12.541,5.707832270077703,0.3389459459459459,0.0425798044999987,0.0239861915144068,0.2145217897859007,0.214949867673757,0.0589278327968987
graph_086_mu_0_3_node_765,37,0.1456456456456456,0.0013226695511626,0.436054124836316,2.293293293293293,0.0409626670929377,26.919,10.081,7.385590269860857,0.2724594594594595,0.0613641770743633,0.0144916336345532,0.1635896358482149,0.1639338511607214,0.1218867604820098
graph_086_mu_0_3_node_550,29,0.0935960591133004,0.0013251450039459,0.4051094890510949,2.468468468468469,0.0170875004133377,22.356,6.644,8.179079914396748,0.229103448275862,0.0866149556135326,0.0112190129934753,0.1400557866540455,0.1402825710950786,0.1108732975459944
graph_086_mu_0_3_node_746,26,0.1753846153846154,0.0006693776049625,0.4245643858903527,2.3553553553553552,0.0344008703523888,19.859,6.141,6.28397380952381,0.2361923076923076,0.0373296890261452,0.0083178237701413,0.1381861512541499,0.1383957804449051,0.0911393155648676
graph_086_mu_0_3_node_794,28,0.1243386243386243,0.0007835022533546,0.4084219133278822,2.448448448448449,0.0284732182528572,22.235,5.765,6.268052680652681,0.2058928571428571,0.0346713953109742,0.0099014515842312,0.1177145125888823,0.1179113449959112,0.1027982827615268
graph_086_mu_0_3_node_176,51,0.1071428571428571,0.0024855268493313,0.4506089309878214,2.219219219219219,0.0497631028719707,39.412,11.588,9.968417893871957,0.2272156862745097,0.0706756044845857,0.0156170746169245,0.1321970599028996,0.1325930301434909,0.1784637229690088
graph_086_mu_0_3_node_790,29,0.1206896551724138,0.0009371293640993,0.4172932330827067,2.3963963963963963,0.0350116401720384,23.714,5.286,8.39146121933622,0.1822758620689655,0.0193748597357223,0.0087912938800247,0.1041990240043476,0.1043795103909306,0.054362969007277
graph_086_mu_0_3_node_415,20,0.1368421052631579,0.000619095011265,0.3967434471803018,2.5205205205205203,0.0158465490627071,12.364,7.636,4.652744588744588,0.3818,0.1286518177567633,0.0101678172587085,0.2576236411015405,0.2578841257065383,0.1062103079620924
graph_086_mu_0_3_node_783,26,0.163076923076923,0.000714524981488,0.4251063829787234,2.3523523523523524,0.0328037343203842,18.764,7.236,5.03572922077922,0.2783076923076922,0.0433865652002155,0.0117092998969897,0.1671274076057733,0.1673743874390162,0.0854334702906335
graph_086_mu_0_3_node_29,24,0.0797101449275362,0.0009491630323498,0.3981666002391391,2.5115115115115114,0.0146821955407401,15.32,8.68,5.687784881784881,0.3616666666666666,0.1395208708022618,0.0121155698087779,0.2490541215877427,0.2493502227536654,0.0949087668936102
graph_086_mu_0_3_node_988,25,0.15,0.0007897836085752,0.4347258485639687,2.3003003003003,0.040357504273099,18.33,6.67,6.509886183261184,0.2668000000000001,0.0243369566751889,0.0108204922275246,0.1637320327141609,0.1639596671736484,0.0407793828511207
graph_086_mu_0_3_node_825,28,0.1322751322751322,0.0011706946467164,0.4391208791208791,2.2772772772772774,0.0407721429622805,20.634,7.366,6.756344366744366,0.2630714285714285,0.0264107710890911,0.0131224714044398,0.1594089320639253,0.1596603575576437,0.0474354587081669
graph_086_mu_0_3_node_927,27,0.1424501424501424,0.0011074477415572,0.4251063829787234,2.3523523523523524,0.0249774781244869,17.788,9.212,5.556955330698714,0.3411851851851852,0.1509497956991016,0.0127229496958311,0.2194270230299176,0.2197413657807234,0.1688379732731873
graph_086_mu_0_3_node_623,32,0.0988505747126436,0.0013864083266933,0.4075887392900856,2.4534534534534536,0.0178912178485744,22.588,9.412,9.853177669389437,0.294125,0.1638747890842301,0.0123218263618824,0.1871063077438361,0.1874275291281117,0.2020816879290186
graph_086_mu_0_3_node_995,20,0.0894736842105263,0.0006969803784147,0.4056029232643118,2.4654654654654653,0.0239985620740582,13.281,6.719,4.674338383838383,0.3359499999999999,0.0217539945854353,0.0128347499512038,0.2151217796461419,0.2153510202594095,0.0252544839348009
graph_086_mu_0_3_node_959,16,0.0916666666666666,0.0004083825445225,0.404126213592233,2.4744744744744747,0.0163522481291589,9.672,6.328,4.093764213564214,0.3955,0.1215671735812314,0.0087234420588838,0.2747640613347843,0.2749798991580021,0.066209820471213
graph_086_mu_0_3_node_528,27,0.0911680911680911,0.0012280181782057,0.4236641221374045,2.36036036036036,0.0223421964812976,17.167,9.833,5.6108917788094255,0.3641851851851851,0.0811972237011717,0.0156604199976647,0.243354160915141,0.2436896457962325,0.0697145466422244
graph_086_mu_0_3_node_699,30,0.1586206896551724,0.0010941809942617,0.4171189979123173,2.397397397397397,0.0258476161316658,20.04,9.96,5.661000582750583,0.332,0.1439779598355687,0.0122495241491764,0.2063662339122046,0.2067061760597232,0.2212962178880843
graph_086_mu_0_3_node_997,52,0.0920060331825037,0.0032092920184113,0.4582568807339449,2.1821821821821823,0.0469080553040744,35.964,16.036,9.79218632023949,0.3083846153846153,0.09904801729441,0.0216015092515894,0.1915260035324375,0.1920736723512364,0.1556220647677458
graph_086_mu_0_3_node_377,17,0.1470588235294117,0.0003967571584053,0.3947056499407348,2.5335335335335336,0.017312303649012,11.579,5.421,4.073561507936508,0.3188823529411764,0.0324515917805153,0.007577006422132,0.197816688307161,0.1980016441667261,0.0503209702638489
graph_086_mu_0_3_node_341,35,0.0991596638655462,0.001613632467555,0.4438027543314082,2.253253253253253,0.0388888189445066,22.211,12.789,7.358102112004784,0.3654,0.0755635023942664,0.0176320078780788,0.2383687938860614,0.2388052372413685,0.0890132572845748
graph_086_mu_0_3_node_320,21,0.1476190476190476,0.0005561397737948,0.387359441644048,2.581581581581581,0.0118222256449993,15.922,5.078,6.7684418997669,0.2418095238095238,0.1006323841887572,0.0078053598750742,0.14575423043273,0.1459275223618127,0.1700308520112565
graph_086_mu_0_3_node_212,14,0.1318681318681318,0.0003254303123076,0.3919183993723029,2.5515515515515514,0.0119374040484143,7.295,6.705,2.6791666666666667,0.4789285714285713,0.1667545916650162,0.008604880948077,0.3324863243358895,0.3327150124892613,0.126777591936385
graph_086_mu_0_3_node_669,22,0.1991341991341991,0.0005716158166856,0.3939274447949527,2.5385385385385386,0.0151937508924623,16.194,5.806,6.717272466422466,0.2639090909090908,0.11484872305567,0.007856901597806,0.162291200134361,0.1624893281013977,0.1689255212328906
graph_086_mu_0_3_node_513,22,0.1082251082251082,0.0006798585492339,0.3848228043143297,2.5985985985985987,0.0133932973746271,15.317,6.683,5.119574786324786,0.3037727272727272,0.0945339601063048,0.0115914154705403,0.1929105809710623,0.1931386143326267,0.0759311445119626
graph_086_mu_0_3_node_595,24,0.1123188405797101,0.0010977684286609,0.4134933774834437,2.4184184184184185,0.0191309561854283,17.865,6.135,6.282547305635542,0.255625,0.0717582853434211,0.0108502114565737,0.1558463863604587,0.1560557633626127,0.0957027694055731
graph_086_mu_0_3_node_702,19,0.2105263157894736,0.000448908825777,0.3945497630331753,2.5345345345345347,0.0140077763107535,13.802,5.198,5.003593253968254,0.273578947368421,0.0842189318783542,0.0073487383596977,0.1660150271117129,0.1661923976897838,0.1415640737921763
graph_086_mu_0_3_node_705,29,0.1354679802955665,0.0012235252044525,0.4202776609171224,2.37937937937938,0.0247254650648569,16.592,12.408,5.026870991508491,0.4278620689655173,0.179264340847203,0.0150149389332539,0.2865970606644195,0.2870203979875013,0.1717935519574363
graph_086_mu_0_3_node_795,22,0.2207792207792207,0.0005424639250522,0.3848228043143297,2.5985985985985987,0.0130270390921846,15.907,6.093,5.704190476190475,0.2769545454545455,0.1578453084328699,0.0065202351310515,0.1671639429415296,0.1673718769821119,0.3040660813639022
graph_086_mu_0_3_node_547,50,0.0848979591836734,0.0029723615411958,0.4569990850869167,2.1881881881881884,0.0582938179153574,35.992,14.008,7.614060701747586,0.2801599999999999,0.0473034565219725,0.0267505805041635,0.1690149532376383,0.1694934510863592,0.0888856053343604
graph_086_mu_0_3_node_561,25,0.2,0.0006221440371329,0.4033104561970125,2.47947947947948,0.0269886374390917,21.478,3.522,9.492,0.14088,0.0224140144184438,0.0043307611104565,0.0777615047041999,0.0778817583630828,0.1005660948346241
graph_086_mu_0_3_node_366,55,0.1567489114658926,0.0030337841943884,0.4341590612777053,2.3033033033033035,0.0367133156704827,37.179,17.821,6.45620619185596,0.3240181818181818,0.2935288635567423,0.0195232670615229,0.1977477948172693,0.1983565696373928,0.5018002975203555
graph_086_mu_0_3_node_148,25,0.1933333333333333,0.0007643845383442,0.3973747016706443,2.5165165165165164,0.0194672135885523,15.24,9.76,3.433292929292929,0.3904000000000001,0.160295221728367,0.0107746010058836,0.2493227619024096,0.2496557937473465,0.2071665997781365
graph_086_mu_0_3_node_502,15,0.2571428571428571,0.0002966245674419,0.392226148409894,2.5495495495495497,0.016437978243629,10.884,4.116,4.353,0.2744,0.0475093268079157,0.0057120613749443,0.163781802871458,0.1639222396603046,0.0974841761729267
graph_086_mu_0_3_node_166,18,0.0980392156862745,0.0004396015282529,0.4128099173553719,2.4224224224224224,0.0210991243404734,11.157,6.843,4.293631818181819,0.3801666666666666,0.0523909022175889,0.0113963426630542,0.2585292109958789,0.2587626344786066,0.0365350138099828
graph_086_mu_0_3_node_552,35,0.0946969696969697,0.0016708507200173,0.4070904645476773,2.4564564564564564,0.0159419966538122,26.451,8.549,8.748965788210757,0.2442571428571428,0.1468717329627687,0.0119112997040697,0.1485549323975412,0.1488468003493196,0.2262302525676471
graph_086_mu_0_3_node_512,29,0.2044334975369458,0.0010218585929905,0.4272882805816937,2.34034034034034,0.0460884677119827,24.821,4.179,11.122603174603173,0.144103448275862,0.015667226718794,0.006604611780932,0.0804076208757589,0.0805503272954621,0.064191455421615
graph_086_mu_0_3_node_941,57,0.1515151515151515,0.0034545923899584,0.4522408329560887,2.2112112112112112,0.0430109089610233,36.306,20.694,6.269073645857553,0.3630526315789473,0.3392825871839966,0.0228616569105905,0.227321524891688,0.2280283164058176,0.4855032094885492
graph_086_mu_0_3_node_332,17,0.0441176470588235,0.0005730365506785,0.3857142857142857,2.592592592592593,0.0103797754075454,10.985,6.015,4.874505877455878,0.3538235294117647,0.0693185664369755,0.0092863917427068,0.2434824236227134,0.2436875963318819,0.0363737976823756
graph_086_mu_0_3_node_750,36,0.0980392156862745,0.0015794491836431,0.4126394052044609,2.4234234234234235,0.0219513032816733,24.031,11.969,7.587258358050619,0.3324722222222222,0.1984637676607522,0.0165253709703489,0.2157979968552915,0.2162064826587579,0.2086656055996084
graph_086_mu_0_3_node_634,31,0.1612903225806451,0.001136162026391,0.4106041923551171,2.4354354354354357,0.0236607372364013,21.112,9.888,5.984973778998779,0.3189677419354838,0.1436877240673489,0.0120018989352555,0.196645031553157,0.1969825399678053,0.2334122990255815
graph_086_mu_0_3_node_62,25,0.1566666666666666,0.0006764172812288,0.427105600684053,2.3413413413413413,0.0350881175641283,17.939,7.061,5.783037698412698,0.2824399999999999,0.0423803834428298,0.0103755417001595,0.1705827842309563,0.1708237763948691,0.081059347705374
graph_086_mu_0_3_node_200,26,0.1046153846153846,0.0010469450060966,0.4263764404609475,2.345345345345345,0.0292104685989567,18.329,7.671,7.248069769119768,0.2950384615384614,0.026056876198134,0.0126828110520804,0.1909917715900962,0.1912535241513458,0.039194171850408
graph_086_mu_0_3_node_806,20,0.2157894736842105,0.000532338453303,0.3992805755395683,2.5045045045045047,0.0195439284113505,13.442,6.558,4.493285714285713,0.3279,0.076148274052599,0.0085245598084473,0.2039083980232986,0.2041321638360521,0.1174421691237345
graph_086_mu_0_3_node_961,22,0.1904761904761904,0.0006166212028202,0.4046172539489672,2.4714714714714714,0.0239553279996735,12.941,9.059,4.323038888888888,0.4117727272727273,0.1316040364352394,0.0110299326667173,0.2728772309185772,0.2731862820241728,0.1358935544311321
graph_086_mu_0_3_node_739,25,0.0592885375494071,0.0009502613396694,0.4171189979123173,2.397397397397397,0.0181888587304428,16.611,8.389,4.731566922456628,0.3355600000000001,0.0679669249246206,0.0146750261598594,0.2164498962950757,0.2167361418911651,0.0696810613925407
graph_086_mu_0_3_node_379,127,0.0769032258064516,0.0155412415055223,0.5091743119266054,1.963963963963964,0.137744426142146,102.563,24.437,21.813113630688232,0.1924173228346456,0.086787095331392,0.0419172136852785,0.1100168056914256,0.1108546986898453,0.2687863808371164
graph_086_mu_0_3_node_138,20,0.131578947368421,0.0007010061211261,0.3940828402366864,2.537537537537537,0.0131588070858035,13.371,6.629,4.684692862692863,0.3314499999999999,0.1569898341087755,0.010866184069307,0.2118253091250281,0.212051480447823,0.159579672071385
graph_086_mu_0_3_node_161,32,0.1431451612903226,0.0014731213459718,0.4236641221374045,2.36036036036036,0.0269590797413156,19.634,12.366,4.8551854994678525,0.3864375,0.1433893341425749,0.0162532395152332,0.2510640126758854,0.2514860025098455,0.1662826125671286
graph_086_mu_0_3_node_654,34,0.1408199643493761,0.0013672904686439,0.4406704896338774,2.269269269269269,0.0460217062841758,25.139,8.861,6.5007298118548125,0.2606176470588235,0.0310996701972652,0.0171660666482767,0.1563417984612701,0.1566443297589399,0.0632962733870922
graph_086_mu_0_3_node_574,41,0.2375168690958164,0.0015441045244191,0.4209860935524652,2.3753753753753752,0.0302363035701169,31.107,9.893,6.37600252802753,0.2412926829268293,0.1628760845267639,0.0107979322263208,0.1394768157610774,0.1398147471454227,0.4262566273821973
graph_086_mu_0_3_node_130,24,0.1268115942028985,0.0006900988763945,0.4153846153846154,2.4074074074074074,0.0316360262836433,17.759,6.241,6.166219047619048,0.2600416666666666,0.0220131636640198,0.0113016224291869,0.1567559532382633,0.1569689547282528,0.0429283034206214
graph_086_mu_0_3_node_535,35,0.2253787878787878,0.0009576252680975,0.4075887392900856,2.4534534534534536,0.0266179393524763,27.282,7.718,6.173849747474747,0.2205142857142857,0.1083414020344132,0.0119056007438255,0.1260297137462159,0.1262933045927419,0.3069188693044514
graph_086_mu_0_3_node_572,22,0.1428571428571428,0.0007860099856548,0.4008828250401284,2.4944944944944947,0.0200192112802728,14.342,7.658,4.950242063492063,0.3480909090909091,0.1827575725833307,0.0102581740462956,0.2261816503801175,0.2264429261016805,0.1903192832729382
graph_086_mu_0_3_node_655,29,0.0854700854700854,0.0013421211703492,0.4311609840310746,2.319319319319319,0.0239618272123515,17.424,11.576,5.908011517167902,0.3991724137931035,0.1865002467427731,0.0163397875668419,0.2744145219638257,0.2748094364325321,0.1322664839532416
graph_086_mu_0_3_node_87,24,0.2065217391304347,0.0007829679404595,0.3929976396538159,2.5445445445445447,0.0133880199157283,15.575,8.425,5.2005341991342,0.3510416666666666,0.2154044549772517,0.0100329527158466,0.2226832560342549,0.2229707360199323,0.289684927350144
graph_086_mu_0_3_node_10,28,0.1269841269841269,0.0012627417713653,0.3986432561851556,2.5085085085085086,0.0163228827700595,19.643,8.357,6.870998871544692,0.2984642857142857,0.2941390639483139,0.0119813906897718,0.1930810189903789,0.1933661931653112,0.2524164206194651
graph_086_mu_0_3_node_832,20,0.1263157894736842,0.0006568668232926,0.399919935948759,2.5005005005005003,0.0151866604320574,12.287,7.713,3.961813131313132,0.38565,0.1880045480819664,0.0129738145610549,0.2608231791744692,0.2610862912490304,0.129896191275801
graph_086_mu_0_3_node_210,23,0.1027667984189723,0.0006053559696531,0.4134933774834437,2.4184184184184185,0.0246004683216964,16.543,6.457,6.32627766955267,0.2807391304347826,0.0400479066682473,0.0092362668677463,0.1707537956870598,0.1709741532090085,0.0733060708573463
graph_086_mu_0_3_node_429,42,0.1207897793263647,0.0018652494721521,0.4352941176470588,2.2972972972972974,0.0415308683398814,30.874,11.126,6.443928132239277,0.2649047619047618,0.0661457722808311,0.0182746911787004,0.1571250021903132,0.157504997043628,0.1421029349201928
graph_086_mu_0_3_node_98,39,0.1605937921727395,0.0020307590592241,0.4309749784296807,2.32032032032032,0.026772217195578,27.688,11.312,8.311542678554677,0.290051282051282,0.2772660633055445,0.0152839120377342,0.1808265514275648,0.1812127354115439,0.3861533659949408
graph_086_mu_0_3_node_421,23,0.1106719367588932,0.0008385195174155,0.3956435643564356,2.5275275275275275,0.0143248336201237,14.151,8.849,5.380693520368521,0.3847391304347826,0.2159796312919127,0.0120770041722596,0.2614083935131709,0.2617102642330353,0.1699684898270569
graph_086_mu_0_3_node_585,41,0.1443994601889338,0.0021247279932918,0.4289394589952769,2.3313313313313317,0.0293190994404165,28.952,12.048,7.2571245183308255,0.2938536585365854,0.2934819952866421,0.0174065405100461,0.1832022952780617,0.1836136297942733,0.388083603714291
graph_086_mu_0_3_node_748,19,0.1052631578947368,0.0005109390881499,0.4181665969024696,2.391391391391392,0.0258616991934154,12.851,6.149,3.865251984126984,0.3236315789473684,0.0209545844299672,0.0127610011710526,0.2018878430754935,0.2020976468046043,0.0302126942419929
graph_086_mu_0_3_node_401,32,0.1471774193548387,0.0010367880139805,0.4495949594959496,2.224224224224224,0.0416716824757085,21.624,10.376,6.069718004870947,0.32425,0.0618124334284165,0.0152320145708734,0.2014900202267719,0.2018441825223294,0.0975300251047527
graph_086_mu_0_3_node_577,37,0.1456456456456456,0.0014779990997081,0.4236641221374045,2.36036036036036,0.0282500398920755,23.461,13.539,4.601941030946178,0.3659189189189189,0.2224919701555786,0.0148749255498702,0.2297921700379188,0.2302543282519721,0.3216015065052066
graph_086_mu_0_3_node_815,24,0.2536231884057971,0.0007026558909389,0.3876600698486612,2.57957957957958,0.0127691975078252,17.095,6.905,5.9756138528138525,0.2877083333333333,0.178691594596789,0.0073495886782942,0.1750116125140496,0.1752472655466615,0.3262255315893265
graph_086_mu_0_3_node_605,71,0.1307847082494969,0.0058436860891026,0.4674777725783809,2.139139139139139,0.0533104683843259,52.369,18.631,10.30736442177952,0.2624084507042253,0.2182614647495566,0.0232894879529752,0.1558154928465775,0.1564524703158144,0.4702973275461278
graph_086_mu_0_3_node_679,37,0.1351351351351351,0.0016754315529069,0.4383501535761299,2.2812812812812813,0.0496475702537778,28.616,8.384,10.217472782772782,0.2265945945945946,0.0307515720427304,0.0132517114278754,0.1347327245301754,0.1350190147751541,0.0707444062888811
graph_086_mu_0_3_node_304,18,0.0784313725490196,0.0005998520516935,0.3996,2.5025025025025025,0.0132697331141455,10.634,7.366,3.17382017982018,0.4092222222222222,0.0752849681024078,0.0146250711076417,0.2771166025027312,0.2773678688799885,0.042074242257076
graph_086_mu_0_3_node_610,34,0.1158645276292335,0.0012706438006866,0.4352941176470588,2.2972972972972974,0.0441578743775602,27.434,6.566,10.262372355422354,0.1931176470588235,0.0242901083148791,0.0104527081749204,0.1117999511817371,0.1120241732051725,0.067734058309362
graph_086_mu_0_3_node_314,29,0.1428571428571428,0.0008502718460625,0.4238438693254137,2.359359359359359,0.0333950359803337,20.701,8.299,7.558019133644134,0.2861724137931035,0.0512296154337381,0.0115270614252563,0.174799323066349,0.1750825904897001,0.0911520050992116
graph_086_mu_0_3_node_555,29,0.1625615763546798,0.0012464177243467,0.4160766347355268,2.4034034034034035,0.0204359397659951,19.945,9.055,6.189262776550934,0.3122413793103448,0.2426363890993087,0.01359767675427,0.1968777552742998,0.1971867844473346,0.2947672135679974
graph_086_mu_0_3_node_136,41,0.1201079622132253,0.0021348599339621,0.4159034138218151,2.4044044044044046,0.0215001022689959,29.381,11.619,6.722369371541584,0.283390243902439,0.1850398398231454,0.0198776562278273,0.1733950388706481,0.1737917784241422,0.2566132496090659
graph_086_mu_0_3_node_493,18,0.1176470588235294,0.0005706063244271,0.3917647058823529,2.5525525525525525,0.012476533305185,12.343,5.657,5.785950000000001,0.3142777777777777,0.16269016909932,0.0071680881707299,0.2043340319215343,0.2045270209754308,0.1690692310674903
graph_086_mu_0_3_node_839,27,0.2592592592592592,0.0006365503198929,0.4311609840310746,2.319319319319319,0.0484990881600386,22.4,4.6,8.322017857142859,0.1703703703703703,0.0164689095255499,0.0086211008296912,0.0959061213626613,0.0960631826927495,0.0586931302420258
graph_086_mu_0_3_node_990,23,0.0632411067193675,0.0006994952844139,0.4193954659949622,2.3843843843843846,0.0237821911546667,13.08,9.92,4.345782115107115,0.4313043478260869,0.0566604977581397,0.0144113481816641,0.2944693658527735,0.2948077630988021,0.0318810798148143
graph_086_mu_0_3_node_408,45,0.1450719822812846,0.0024421305836061,0.4406704896338774,2.269269269269269,0.0352657955389991,28.015,16.985,5.276796746403752,0.3774444444444444,0.2795270849186612,0.018607401369186,0.2390437369626791,0.2396236130053421,0.3685188981811962
graph_086_mu_0_3_node_124,23,0.0790513833992094,0.0008642736433465,0.3934619929105947,2.541541541541541,0.014809480050457,16.567,6.433,5.996943281718282,0.279695652173913,0.0781847880234012,0.0102087552943799,0.1781413142150218,0.1783608216787336,0.0760206737230709
graph_086_mu_0_3_node_567,24,0.2065217391304347,0.0007613723780665,0.4114497528830313,2.4304304304304303,0.023509310735678,16.701,7.299,5.302648484848485,0.304125,0.0853951755696021,0.0093322189207129,0.1860860444282501,0.186335138117892,0.1462570084962079
graph_086_mu_0_3_node_362,34,0.124777183600713,0.0013665323552493,0.4222316145393068,2.3683683683683685,0.0332906593346159,26.326,7.674,8.29593278943279,0.2257058823529411,0.0473524980819388,0.0109246527566923,0.1314911151108201,0.1317531627607807,0.1192710164427345
graph_086_mu_0_3_node_52,23,0.1581027667984189,0.0006680776840764,0.399919935948759,2.5005005005005003,0.0175159916738731,15.465,7.535,5.271770182595184,0.3276086956521739,0.203189860215124,0.0104445187072749,0.2099898092444903,0.2102469072457973,0.2239121595740887
graph_086_mu_0_3_node_584,38,0.1493598862019914,0.0015949619768764,0.4375821287779238,2.285285285285285,0.0367193303922545,23.606,14.394,6.607014081017024,0.3787894736842105,0.2091833317558619,0.0169814880964027,0.2445595049056751,0.2450507798488715,0.254060971245365
graph_086_mu_0_3_node_139,25,0.1333333333333333,0.0009691874244244,0.4117889530090684,2.4284284284284285,0.0200436640662223,15.042,9.958,4.57726221001221,0.39832,0.1441058388475734,0.0112606646661466,0.2606619504082826,0.2610017058659191,0.160136408471091
graph_086_mu_0_3_node_729,29,0.1822660098522167,0.000837983210837,0.4031476997578692,2.4804804804804803,0.0234481984135234,19.529,9.471,5.679427122877123,0.3265862068965517,0.1372370115079375,0.0115378200757639,0.2025322944302988,0.2028555411152396,0.2157239924854508
graph_086_mu_0_3_node_573,32,0.1814516129032258,0.0014558843914497,0.4117889530090684,2.4284284284284285,0.0196138440930031,19.577,12.423,5.725761503855622,0.38821875,0.3148511219298808,0.0146362629950515,0.2525921153562951,0.2530160463543167,0.3585470627118728
graph_086_mu_0_3_node_336,20,0.1263157894736842,0.000663938842136,0.3917647058823529,2.5525525525525525,0.0131736395549576,16.247,3.753,10.072168997669,0.18765,0.0565509294261123,0.0048772779638647,0.1160546564657711,0.1161827172513644,0.0832737545436189
graph_086_mu_0_3_node_968,22,0.1818181818181818,0.0007265767938782,0.4051094890510949,2.468468468468469,0.0238808439020777,16.356,5.644,6.82785873015873,0.2565454545454546,0.0361599885832869,0.0068930910290053,0.1551192972826512,0.1553119072090061,0.0706245926219499
graph_086_mu_0_3_node_291,25,0.1666666666666666,0.0007701422690818,0.4317199654278306,2.3163163163163163,0.0358405158601219,18.185,6.815,6.766549603174602,0.2725999999999999,0.0416731685564176,0.0097582188190682,0.1642811452385472,0.164513743615807,0.0814875947965535
graph_086_mu_0_3_node_922,19,0.2105263157894736,0.0006272396125996,0.4155574043261231,2.4064064064064064,0.0324153856453795,14.688,4.312,7.019339682539683,0.2269473684210526,0.0162817597379258,0.0077354457719694,0.1362939925885903,0.1364411364032348,0.0359447270154422
graph_086_mu_0_3_node_932,20,0.1105263157894736,0.0008190481531956,0.3891702376314764,2.5695695695695697,0.0105820339906608,14.194,5.806,5.225035575535576,0.2903,0.023188803902598,0.0100392483137094,0.180367898304213,0.1805660075906763,0.0301558586653083
graph_086_mu_0_3_node_374,13,0.0641025641025641,0.0003156944801216,0.3854166666666667,2.5945945945945947,0.0118560046115479,8.175,4.825,3.202044047619048,0.3711538461538461,0.0154002184103096,0.0097388264238231,0.2418819741168778,0.2420465609444517,0.0148297989181957
graph_086_mu_0_3_node_834,21,0.1571428571428571,0.0004795893993504,0.4049452776651804,2.4694694694694697,0.0257052012441142,14.544,6.456,4.602108333333334,0.3074285714285714,0.0379936965057682,0.0099834850215004,0.1879777522650635,0.1881980570326481,0.0656178533152952
graph_086_mu_0_3_node_199,47,0.1600370027752081,0.0024766403040443,0.4459821428571429,2.2422422422422423,0.0392264263550458,30.433,16.567,7.901551946491125,0.3524893617021277,0.2398423515623827,0.0196216326744784,0.2225719598333759,0.2231376077223145,0.3330308916263628
graph_086_mu_0_3_node_864,26,0.1076923076923077,0.0013686863533994,0.4094262295081967,2.4424424424424425,0.0147564109116129,20.602,5.398,10.124146377641964,0.2076153846153846,0.0745885760669391,0.0077209801157114,0.1266834310347055,0.1268676675424822,0.1035551269953416
graph_086_mu_0_3_node_559,30,0.135632183908046,0.0010775856794974,0.3911511354737666,2.5565565565565564,0.0151033460952137,23.553,6.447,11.905493352236,0.2148999999999999,0.1409764283339429,0.0078012116856396,0.1302266913044497,0.1304467625593321,0.2436607181896897
graph_086_mu_0_3_node_109,31,0.0838709677419354,0.0015231758449907,0.4028225806451613,2.4824824824824825,0.0163421868314805,21.303,9.697,7.294696325544081,0.3128064516129031,0.1891233871372805,0.0142181703052071,0.2005124535280916,0.2008433852162714,0.2036538344978876
graph_086_mu_0_3_node_241,20,0.1421052631578947,0.0005531148947162,0.3933070866141732,2.5425425425425425,0.016937522453708,11.727,8.273,3.0972857142857144,0.4136499999999999,0.0946053356498575,0.0126376551201436,0.272308338264695,0.2725905710754364,0.0978745601031839
graph_086_mu_0_3_node_28,23,0.1523809523809524,0.0007661656842123,0.3959571938168846,2.5255255255255253,0.0135801546532366,16.032,6.968,5.220843903318904,0.3029565217391304,0.2153762024357153,0.0118796923114902,0.1892147345413093,0.1894525098152185,0.2230720950947448
graph_086_mu_0_3_node_218,20,0.2157894736842105,0.0004062591421748,0.4126394052044609,2.4234234234234235,0.0350943435648769,15.083,4.917,5.525809523809523,0.2458499999999999,0.0168193071875149,0.0085404783199085,0.145471771536787,0.1456395730209439,0.0376441797787637
graph_086_mu_0_3_node_325,29,0.1231527093596059,0.0013259743096428,0.4074225122349103,2.454454454454454,0.0173580962307324,17.998,11.002,6.175918363744099,0.3793793103448277,0.2566177884835924,0.0144998303306218,0.2578390527559143,0.2582144032327151,0.2053330410236537
graph_086_mu_0_3_node_780,24,0.213768115942029,0.0005712591179683,0.4165971643035863,2.4004004004004003,0.0324988191506187,18.679,5.321,6.349514285714286,0.2217083333333333,0.0323757539007779,0.0071260565489573,0.1285043745801002,0.1286860052922743,0.0864119217941852
graph_086_mu_0_3_node_476,19,0.0701754385964912,0.0007050534799395,0.4075887392900856,2.4534534534534536,0.01566686803321,10.621,8.379,3.843218922743923,0.441,0.0637285610754992,0.0132556289850105,0.3132755623141027,0.313561350368484,0.0349512411560254
graph_086_mu_0_3_node_908,22,0.0952380952380952,0.0006753868080474,0.4106041923551171,2.4354354354354357,0.0240185725561074,12.628,9.372,4.1126173992674,0.4259999999999999,0.0537571716480127,0.0145166202780384,0.2872384215270894,0.2875581337717099,0.0501069563283996
graph_086_mu_0_3_node_157,16,0.0833333333333333,0.00033392631232,0.4242038216560509,2.3573573573573574,0.0217450870966991,8.409,7.591,2.845412987012987,0.4744375,0.0377869492537589,0.014616269455889,0.3463667531579975,0.3466256431588493,0.0166602248361114
graph_086_mu_0_3_node_640,27,0.1225071225071225,0.0008659893134223,0.4225888324873096,2.3663663663663663,0.0327551465432352,20.827,6.173,8.20625974025974,0.2286296296296296,0.0225483069239638,0.0107858830164723,0.1357788657132672,0.135989582336847,0.0494662474173703
graph_086_mu_0_3_node_482,20,0.1947368421052631,0.0005354537936165,0.3973747016706443,2.5165165165165164,0.0190865153030327,12.64,7.36,4.178539682539683,0.368,0.0854270320537574,0.0094839198616106,0.2356801717714531,0.2359312788748909,0.1073141243494707
graph_086_mu_0_3_node_693,17,0.1617647058823529,0.0004784758712111,0.3948616600790514,2.5325325325325325,0.01282050001407,10.214,6.786,2.8873693445443447,0.3991764705882353,0.0809777827020965,0.0153570807581226,0.2619419162613165,0.2621734101999733,0.0643706255781234
graph_086_mu_0_3_node_470,25,0.11,0.001118864753018,0.4418398938522777,2.2632632632632634,0.0381835725096377,17.803,7.197,5.6869277666777664,0.2878799999999999,0.0255563865049482,0.0132411338698898,0.1775633135452994,0.1778089294182156,0.0398862855105575
graph_086_mu_0_3_node_449,16,0.1166666666666666,0.0003982717373612,0.3840830449826989,2.603603603603604,0.0105624363804622,10.294,5.706,4.233695238095238,0.356625,0.0935691306106441,0.0091052834236662,0.2368920540838865,0.2370866971825179,0.0799266656889293
graph_086_mu_0_3_node_350,37,0.0990990990990991,0.0019087662173456,0.4094262295081967,2.4424424424424425,0.0204125128217066,26.31,10.69,8.161851706176222,0.2889189189189189,0.2140818037347449,0.0154617629343729,0.1819341372393709,0.1822990482187492,0.2632091338202186
graph_086_mu_0_3_node_889,24,0.1471861471861472,0.0008161497724521,0.4047811993517017,2.4704704704704703,0.0157670964731435,16.55,7.45,5.433503563103563,0.3104166666666667,0.234340375313803,0.0124272643307425,0.1963404090186439,0.1965946273670565,0.2240322762528075
graph_086_mu_0_3_node_329,32,0.160919540229885,0.0011238353765378,0.4036363636363636,2.477477477477477,0.0182853957282483,20.707,11.293,5.811670217364335,0.35290625,0.2850708223428796,0.0136025768926197,0.2232444343691643,0.2236298601662555,0.3680411877902577
graph_086_mu_0_3_node_16,24,0.1774891774891775,0.000633184247968,0.4121287128712871,2.4264264264264264,0.0202890502737954,16.425,7.575,5.484388311688312,0.315625,0.1857231756338155,0.0110104480251835,0.201214463933578,0.2014729392733301,0.1810915292624506
graph_086_mu_0_3_node_546,28,0.1587301587301587,0.0009009108766953,0.4145228215767635,2.4124124124124124,0.0259219061753423,17.447,10.553,5.228604273504274,0.3768928571428572,0.1231471143753987,0.0132001910293586,0.2435139458793781,0.2438740450077099,0.1483090963819676
graph_086_mu_0_3_node_752,32,0.094758064516129,0.0015739559990059,0.4179916317991631,2.3923923923923924,0.0220278974591228,20.207,11.793,6.034638105891355,0.36853125,0.1890869872335917,0.0187145528894362,0.24431787307334,0.2447202803392462,0.1554819975562761
graph_086_mu_0_3_node_694,15,0.1238095238095238,0.0004616467183408,0.383935434281322,2.6046046046046047,0.0102073076172932,10.47,4.53,4.9768154761904775,0.302,0.0722986712589369,0.0072565062316322,0.1957208046243278,0.1958753389384552,0.0534697239095044
graph_086_mu_0_3_node_744,33,0.2196969696969697,0.0012733256434058,0.4181665969024696,2.391391391391392,0.0260595778345686,21.491,11.509,4.412773351648351,0.3487575757575757,0.1894721036751592,0.0126030666997038,0.2164937378874111,0.2168865839846275,0.2958662839753335
graph_086_mu_0_3_node_469,16,0.3833333333333333,0.0002248792911372,0.3794151158374478,2.635635635635636,0.0140063191376624,12.462,3.538,4.4976666666666665,0.221125,0.058339498490691,0.0038464064434106,0.1261786429365962,0.1262993778314731,0.177030642229343
graph_086_mu_0_3_node_578,25,0.2,0.0007837301397759,0.4065934065934066,2.45945945945946,0.0227875225092039,18.391,6.609,5.827571248196247,0.26436,0.0774904640855712,0.0076465108506388,0.1574776666565641,0.1577032449765645,0.1649120727091405
graph_086_mu_0_3_node_660,52,0.1040723981900452,0.0029026650125096,0.4586776859504132,2.18018018018018,0.062802634112253,41.572,10.428,11.762753947033358,0.2005384615384615,0.0373299802572035,0.0181054242499067,0.1156836778481115,0.1160400544917297,0.1090737702611835
graph_086_mu_0_3_node_175,20,0.0421052631578947,0.0006370277804032,0.3991210547343188,2.5055055055055053,0.0144442240931354,10.806,9.194,3.717492118992119,0.4597,0.0688595753654313,0.0161102720674343,0.3229028807147306,0.3232164764597565,0.0416574529226557
graph_086_mu_0_3_node_326,15,0.2857142857142857,0.0001670708571935,0.383493282149712,2.607607607607608,0.014991386328484,11.438,3.562,4.4615,0.2374666666666666,0.0404303846007325,0.0052671840478509,0.1377637257378637,0.1378852692497061,0.1048569274730794
graph_086_mu_0_3_node_503,31,0.1462365591397849,0.0014942639095346,0.4095940959409594,2.4414414414414414,0.0191112840501456,21.266,9.734,5.751063741813741,0.3139999999999999,0.2335983061746896,0.0147346937046324,0.1981212402739253,0.1984534580591525,0.2901648247725619
graph_086_mu_0_3_node_41,20,0.0684210526315789,0.0005967076903591,0.379703534777651,2.6336336336336337,0.0098619565897171,14.704,5.296,5.444954045954046,0.2648,0.0583827108236737,0.0087998287136552,0.1612335853490748,0.1614143048116234,0.078635748546666
graph_086_mu_0_3_node_609,24,0.1594202898550724,0.0004875034890298,0.4178168130489335,2.393393393393393,0.0360407260039407,19.227,4.773,6.841485714285715,0.198875,0.0165305782711344,0.0091367037804111,0.1136610423466884,0.1138239774634209,0.0495486109132196
graph_086_mu_0_3_node_526,31,0.0911330049261083,0.0014303891357542,0.4112803622890078,2.431431431431432,0.016674866737164,20.246,10.754,5.182779851198853,0.3469032258064516,0.1523056945714173,0.0202199566911837,0.2251419842465805,0.2255089695292653,0.1074909427928192
graph_086_mu_0_3_node_796,20,0.1526315789473684,0.0004577720455142,0.4084219133278822,2.448448448448449,0.0225664172452901,11.836,8.164,3.85968253968254,0.4082,0.094842428027618,0.0096270272725072,0.270065877447731,0.2703443866901414,0.098748757168193
graph_086_mu_0_3_node_51,41,0.1376518218623481,0.0021666955604069,0.4245643858903527,2.3553553553553552,0.0239854900976607,29.946,11.054,8.897716610138826,0.269609756097561,0.3105696653165961,0.0144526145598504,0.1663462205459489,0.1667236448477413,0.4334915581795072
graph_086_mu_0_3_node_813,20,0.1894736842105263,0.0004193835416876,0.4008828250401284,2.4944944944944947,0.0236575212904476,16.964,3.036,7.866,0.1518,0.0189182680806871,0.0037840483112845,0.0843083559863745,0.0844119880845842,0.079588242675204
graph_086_mu_0_3_node_177,16,0.1538461538461538,0.0003779204654249,0.3716517857142857,2.690690690690691,0.0082328739025305,12.664,3.336,5.83296507936508,0.2085,0.0137576299787998,0.0067998559181593,0.1211559757117778,0.1212698123777157,0.0310631459703491
graph_086_mu_0_3_node_107,20,0.131578947368421,0.000659431066558,0.3947056499407348,2.5335335335335336,0.0146403494314955,11.805,8.195,3.956719336219336,0.4097499999999999,0.1835607504334154,0.0128530571738013,0.2746055351813461,0.2748850933694738,0.1541768152373868
graph_086_mu_0_3_node_770,57,0.0908521303258145,0.0034281286634015,0.4453856442264824,2.245245245245245,0.049813115095575,42.791,14.209,11.855219601273976,0.2492807017543859,0.0893070484917697,0.018055802169964,0.1486096734306685,0.1490952046234265,0.1904752604281389
graph_086_mu_0_3_node_983,27,0.1452991452991453,0.0010167332410517,0.4134933774834437,2.4184184184184185,0.0212789475961946,18.822,8.178,6.860535575453958,0.3028888888888889,0.140078277828303,0.0125525722778384,0.1931444679044158,0.193423540491285,0.1577928204535129
graph_086_mu_0_3_node_903,28,0.1164021164021164,0.0011505988261485,0.3947056499407348,2.5335335335335336,0.0146932071863222,20.065,7.935,8.543348884775357,0.2833928571428572,0.1633018003724631,0.0100503916449703,0.1801309879043864,0.180401776325073,0.1994060071473792
graph_086_mu_0_3_node_653,29,0.1576354679802955,0.0009362761061807,0.4065934065934066,2.45945945945946,0.0231012936718557,18.354,10.646,5.326233100233099,0.367103448275862,0.1233816833440658,0.0134003602128565,0.2347948021500396,0.2351580994511251,0.1573845129111958
graph_086_mu_0_3_node_464,19,0.1520467836257309,0.0005720306263745,0.3937721718565234,2.53953953953954,0.0133018149222032,12.291,6.709,3.5452075396825404,0.3531052631578947,0.1643926141698485,0.0121759732095621,0.224428255183659,0.2246571527971229,0.1878104708068798
graph_086_mu_0_3_node_33,23,0.1581027667984189,0.0008213457674987,0.3903868698710434,2.561561561561561,0.0132829983605621,16.195,6.805,5.508986722999223,0.2958695652173913,0.1710793580067551,0.0099323957316284,0.1859417130109106,0.1861739210299683,0.1914372626200349
graph_086_mu_0_3_node_646,25,0.1833333333333333,0.0007751905396306,0.4197478991596639,2.3823823823823824,0.0252387625703257,14.326,10.674,3.263773629148629,0.4269600000000002,0.1750631231796296,0.0117332287831735,0.279949240093323,0.2803134216213629,0.1926633421180861
graph_086_mu_0_3_node_108,23,0.1739130434782608,0.0006971983328802,0.3956435643564356,2.5275275275275275,0.0181991653833267,14.271,8.729,3.716478787878788,0.3795217391304348,0.1252058892789821,0.0118487932072925,0.2435908316102565,0.2438886648466967,0.1538906459469399
graph_086_mu_0_3_node_287,23,0.1185770750988142,0.0010609555643775,0.4138359569179785,2.4164164164164164,0.0204196555637433,15.668,7.332,6.889550563325564,0.3187826086956521,0.1866856868702915,0.0096893351595671,0.2143229455308776,0.214573078632921,0.1436537857905083
graph_086_mu_0_3_node_458,18,0.2287581699346405,0.0003209578706023,0.4229466553767993,2.364364364364364,0.0353354509079001,12.212,5.788,3.4968285714285714,0.3215555555555555,0.0183591240065625,0.0129199398336916,0.1971203645762076,0.1973178544802257,0.0322664575734848
graph_086_mu_0_3_node_651,17,0.1142857142857142,0.0004381826432339,0.3919183993723029,2.5515515515515514,0.0158248776466677,13.295,3.705,6.49148538961039,0.2179411764705882,0.0164982156791398,0.0061931479509795,0.1294113150875892,0.1295377407663222,0.0315315034801103
graph_086_mu_0_3_node_480,15,0.1619047619047619,0.0003149907340361,0.3758465011286682,2.660660660660661,0.0085377212071935,10.655,4.345,5.094172619047618,0.2896666666666667,0.0747571849850188,0.0070416852933232,0.1827059911769057,0.1828542227906763,0.08795288179859
graph_086_mu_0_3_node_112,37,0.1277310924369747,0.0018162255688832,0.4256497656582871,2.349349349349349,0.0258600236233698,24.943,12.057,7.031257641790615,0.3258648648648649,0.1969082920747731,0.0175885313260451,0.2065527467417902,0.2069643009338646,0.2317393372633929
graph_086_mu_0_3_node_793,23,0.2094861660079051,0.0007196493514949,0.3931523022432113,2.543543543543544,0.0146138128737948,16.662,6.338,5.738936263736263,0.2755652173913043,0.197686934674076,0.0106680684104765,0.1688888450110966,0.1691051371608925,0.2584511559920121
graph_086_mu_0_3_node_822,57,0.1643097643097643,0.003229715194638,0.4461813309513175,2.241241241241241,0.0414271333811089,38.897,18.103,6.732926176247025,0.3175964912280702,0.2989061427253598,0.019780968085139,0.1932517608626601,0.1938702265482773,0.525879653947186
graph_086_mu_0_3_node_611,24,0.1847826086956521,0.0007658725234734,0.399919935948759,2.5005005005005003,0.020984038258858,15.855,8.145,4.883775757575759,0.339375,0.0948929033848546,0.0104163625178269,0.2128327203181509,0.2131106585989676,0.1363296427436205
graph_086_mu_0_3_node_410,29,0.1453201970443349,0.0012058355079299,0.4375821287779238,2.285285285285285,0.0359391856597178,18.706,10.294,4.373749925074925,0.3549655172413792,0.0612276898424312,0.0169907780212567,0.2249835288045809,0.2253348303445269,0.0825083372816146
graph_086_mu_0_3_node_925,28,0.1111111111111111,0.0010453414313174,0.4418398938522777,2.2632632632632634,0.0400772002022494,18.98,9.02,4.894109945609946,0.3221428571428571,0.0310777303796418,0.0175327648818855,0.2015536237861899,0.2018614598819496,0.0445528417503676
graph_086_mu_0_3_node_840,31,0.1376344086021505,0.0011783843021379,0.4157303370786517,2.4054054054054053,0.0295165347640134,23.978,7.022,8.910594913419912,0.226516129032258,0.044198580815508,0.0098173447604951,0.1327262362021822,0.1329659839348974,0.1069572072868898
graph_086_mu_0_3_node_517,130,0.0764460345855694,0.0173909811905623,0.5195007800312013,1.924924924924925,0.1386727133161421,105.789,24.211,17.418077250279815,0.1862384615384615,0.0862401650254896,0.0432099012106417,0.1059814511614368,0.106811795739375,0.2772861858667035
graph_086_mu_0_3_node_879,26,0.1292307692307692,0.0008752454638861,0.4016887816646562,2.4894894894894897,0.0186499290821179,16.098,9.902,3.5199235930735933,0.3808461538461539,0.1618780869847836,0.0110071644655317,0.2412187261458932,0.2415566230114161,0.2200896392024958
graph_086_mu_0_3_node_766,23,0.1620553359683794,0.0009897779703437,0.4087561374795417,2.4464464464464464,0.0164270800331859,16.53,6.47,7.270915936840937,0.281304347826087,0.2353081781220287,0.00891665272952,0.1808546193783098,0.1810753799891391,0.2152582868422087
graph_086_mu_0_3_node_23,31,0.1182266009852216,0.0015455935924094,0.4102669404517454,2.437437437437437,0.0195409074914453,21.458,9.542,8.207681277696333,0.3078064516129031,0.2266637761206945,0.0140718562594151,0.2009042945902296,0.2012299097319999,0.2096849029121738
graph_086_mu_0_3_node_521,20,0.1157894736842105,0.0007692094918335,0.4104354971240756,2.4364364364364364,0.0233453698370546,13.951,6.049,4.455130647130647,0.30245,0.02018772037884,0.0124999409743878,0.1893148956032673,0.1895212929226281,0.0316610202138122
graph_086_mu_0_3_node_395,21,0.1714285714285714,0.0005048286039061,0.4057676685621446,2.4644644644644647,0.0209700525226314,13.735,7.265,4.416583333333332,0.3459523809523809,0.0851104103430451,0.0084130158010846,0.2186578630027545,0.2189057455106314,0.1182094458383509
graph_086_mu_0_3_node_257,47,0.1777777777777777,0.0027474030554866,0.4285714285714285,2.333333333333333,0.0260754614738098,33.01,13.99,8.515166293265557,0.2976595744680851,0.3560129271221235,0.0162392875625514,0.1811508528290528,0.1816286504090574,0.6131210233980158
graph_086_mu_0_3_node_606,34,0.1033868092691622,0.0014070098846039,0.428204029147021,2.335335335335335,0.0358042659453432,22.575,11.425,6.19140826950827,0.3360294117647058,0.0666644150533566,0.0172499521316576,0.2096822737447538,0.2100722534676107,0.1020962812726397
graph_086_mu_0_3_node_155,24,0.0978260869565217,0.0008963454944198,0.3943939992104224,2.535535535535536,0.0147739501566716,16.741,7.259,5.941080652680654,0.3024583333333333,0.0620877552571015,0.0115562348045252,0.1930625916497502,0.1933102848636148,0.0674439830523607
graph_086_mu_0_3_node_237,15,0.219047619047619,0.0002497921013879,0.3794151158374478,2.635635635635636,0.0121857264204309,10.094,4.906,3.757,0.3270666666666667,0.1251036534034305,0.0053357434616946,0.2037095132836512,0.2038768866012042,0.1904942009489984
graph_086_mu_0_3_node_101,18,0.0718954248366013,0.0006826859095768,0.3951740506329114,2.5305305305305303,0.0103040989362933,11.143,6.857,4.190872927072928,0.3809444444444445,0.2136182598579902,0.0113441969179193,0.2591484724389081,0.2593823738013419,0.1332483300223848
graph_086_mu_0_3_node_245,16,0.1916666666666666,0.0003940499760782,0.3768389287061486,2.6536536536536537,0.0082338586695747,12.3,3.7,6.989934487734488,0.23125,0.0636625890765765,0.0047879627533826,0.1419648604622885,0.1420910995084361,0.1021922831688833
graph_086_mu_0_3_node_635,27,0.0769230769230769,0.0011619672513562,0.428204029147021,2.335335335335335,0.0339844149069894,18.714,8.286,7.3360371628371635,0.3068888888888889,0.0294524599981648,0.0133811661835581,0.196504171066261,0.1967869218306295,0.0392370623315615
graph_086_mu_0_3_node_346,25,0.1857707509881423,0.0007130773705743,0.4033104561970125,2.47947947947948,0.0173772256268767,16.99,8.01,3.920160714285714,0.3203999999999999,0.1312392978847077,0.0088414154282996,0.1948141410844299,0.1950875141386094,0.2222403292606691
graph_086_mu_0_3_node_281,27,0.1282051282051282,0.0010726610378105,0.4192194712547209,2.385385385385385,0.024196948232019,15.458,11.542,4.762818306693307,0.4274814814814813,0.1670566612988505,0.0131604205521217,0.2868017605664071,0.2871955355120874,0.1603067475685149
graph_086_mu_0_3_node_548,19,0.0935672514619883,0.0006321307081736,0.4074225122349103,2.454454454454454,0.0167575018617169,11.738,7.262,4.055607509157509,0.3822105263157894,0.0836581735209144,0.0135557252307292,0.2569913669128053,0.2572390961498747,0.0450191474322655
graph_086_mu_0_3_node_826,17,0.2058823529411764,0.000398954273518,0.4007220216606498,2.4954954954954958,0.0172810626177091,13.723,3.277,7.835695238095239,0.1927647058823529,0.0303805031749889,0.0043401938470875,0.1140044843298875,0.1141163061924554,0.0658242039372039
graph_086_mu_0_3_node_430,15,0.1047619047619047,0.0003032081536663,0.3937721718565234,2.53953953953954,0.0142266684877023,9.908,5.092,4.056017857142857,0.3394666666666666,0.0416399790204938,0.0078146254011133,0.2205661908306586,0.2207398942249782,0.0421151534817176
graph_086_mu_0_3_node_926,23,0.0988142292490118,0.0008996623062202,0.4267407090986758,2.3433433433433435,0.0296227525353375,15.874,7.126,5.707765953490954,0.3098260869565217,0.024761372256791,0.0128682469309834,0.1991945020278648,0.1994376454391276,0.034268559585895
graph_086_mu_0_3_node_760,26,0.0861538461538461,0.0013320869061276,0.4136645962732919,2.417417417417417,0.0184438376779992,19.02,6.98,6.820667643149764,0.2684615384615385,0.1264016068223928,0.011924316364058,0.1708886766107198,0.1711268709257445,0.0915869014766138
graph_086_mu_0_3_node_375,23,0.150197628458498,0.0004563823485908,0.4172932330827067,2.3963963963963963,0.0278759749777881,17.679,5.321,6.851156746031746,0.2313478260869565,0.0329745868223144,0.0068673501824363,0.1356397682728801,0.1358213833499395,0.0808661837266903
graph_086_mu_0_3_node_652,59,0.1679197994987468,0.0038271706493231,0.4445927903871829,2.249249249249249,0.0393073004742634,41.186,17.814,7.12278955812849,0.3019322033898304,0.2936911988120204,0.0194234417676531,0.1816176168626903,0.1822263164260782,0.5605512334559735
graph_086_mu_0_3_node_39,20,0.1210526315789473,0.0006283754141565,0.3981666002391391,2.5115115115115114,0.0138851547128718,12.51,7.49,4.228770396270396,0.3745,0.1190042030421715,0.0123666939113947,0.2483348285774674,0.2485903479510665,0.0977864533595304
graph_086_mu_0_3_node_123,28,0.1349206349206349,0.0011422140475791,0.4160766347355268,2.4034034034034035,0.0230756682195677,15.651,12.349,4.940518026418025,0.4410357142857142,0.178721929659688,0.014920416783513,0.2992396767190416,0.2996609711898648,0.1588058487309363
graph_086_mu_0_3_node_588,27,0.1282051282051282,0.0010861629752441,0.4023358840112767,2.4854854854854853,0.0161927107528714,19.509,7.491,7.246155043485926,0.2774444444444444,0.153051370459506,0.0098765998104883,0.1740961677646723,0.1743518130418087,0.1957347964342857
graph_086_mu_0_3_node_122,24,0.1159420289855072,0.0008335065323624,0.3940828402366864,2.537537537537537,0.0152786025251053,14.77,9.23,4.885176956376956,0.3845833333333334,0.2174529750849747,0.0124980263675676,0.2569829408274433,0.257297831604061,0.1876041270157104
graph_086_mu_0_3_node_955,19,0.1169590643274853,0.0006577181982775,0.3969010727056019,2.51951951951952,0.0137362590535446,11.401,7.599,4.017211754911755,0.3999473684210526,0.1975202443087421,0.0117656416838126,0.2703832594879872,0.2706424771051133,0.1482534720725773
graph_086_mu_0_3_node_432,25,0.1,0.0010732541732476,0.4129805704836709,2.4214214214214214,0.020547960999162,14.943,10.057,4.87515068958819,0.4022800000000001,0.1605058453734181,0.0149493562994987,0.2732658618859896,0.2736089534923978,0.1263905477588741
graph_086_mu_0_3_node_946,51,0.1074509803921568,0.0030023173691077,0.4451871657754011,2.2462462462462462,0.047316432332976,37.38,13.62,9.74186788444393,0.2670588235294118,0.0840080966094321,0.0187660982760407,0.1603817901990922,0.1608470666817324,0.1682399775040625
graph_086_mu_0_3_node_201,36,0.106951871657754,0.0016062148236242,0.4145228215767635,2.4124124124124124,0.0235047103916166,25.193,10.807,6.639915198733156,0.3001944444444444,0.2123108926906028,0.0167540704959169,0.1896376256967994,0.1900065138248027,0.2423899684643126
graph_086_mu_0_3_node_389,24,0.2572463768115942,0.0005888985258745,0.4215189873417722,2.3723723723723724,0.0249646107851656,15.855,8.145,3.7684,0.339375,0.1338635426836225,0.0089415124809584,0.209286252223224,0.2095642082057478,0.2193959811623877
graph_086_mu_0_3_node_562,40,0.1337126600284495,0.0019523236034174,0.4385425812115891,2.28028028028028,0.0329337642826128,27.511,12.489,6.089154606831078,0.312225,0.1438572277147468,0.0166619687286736,0.1912291405781891,0.1916555623690194,0.2349907905024973
graph_086_mu_0_3_node_411,22,0.1255411255411255,0.0007585716724319,0.4202776609171224,2.37937937937938,0.0217668473007672,12.019,9.981,3.288253968253968,0.453681818181818,0.1419708448059528,0.0135849196651819,0.3087279650292298,0.3090684411315438,0.1223894651772483
graph_086_mu_0_3_node_853,29,0.1403940886699507,0.0012849007628447,0.430603448275862,2.3223223223223224,0.0323277343078898,20.997,8.003,6.719157195582196,0.2759655172413793,0.0498231617658167,0.0113083943798781,0.1673267036612546,0.1675998782313612,0.091557434506522
graph_086_mu_0_3_node_863,26,0.1323076923076923,0.000846628727843,0.4188679245283019,2.3873873873873874,0.0336498843872459,19.595,6.405,6.946426984126983,0.2463461538461538,0.0231993550422136,0.01045968066572,0.1480952889595735,0.1483139052092481,0.0478968071928291
graph_086_mu_0_3_node_66,29,0.1699507389162561,0.0008107032444492,0.4381578947368421,2.2822822822822824,0.0445210786846314,24.336,4.664,8.311075,0.1608275862068965,0.0161013550694153,0.0091573423147144,0.0893357961965921,0.0894950681672352,0.0626032292375445
graph_086_mu_0_3_node_247,43,0.0697674418604651,0.0027284311415501,0.4545040946314831,2.2002002002002,0.045947780932854,33.298,9.702,8.73487055647311,0.2256279069767442,0.0364271486195986,0.0173437226071868,0.1345954352667634,0.1349268005898058,0.0755653961236628
graph_086_mu_0_3_node_256,20,0.0684210526315789,0.0006670069986345,0.3969010727056019,2.51951951951952,0.0143286407687393,10.908,9.092,3.98440725940726,0.4546,0.0957208712817011,0.0159682322846761,0.326852207602348,0.3271623082719183,0.0406150584566101
graph_086_mu_0_3_node_299,24,0.25,0.0004880393867937,0.4199243379571248,2.3813813813813813,0.041070225120832,21.531,2.469,13.4798,0.102875,0.0101215357847952,0.0034397872732966,0.056812678563396,0.0568969749343136,0.0551776255505831
graph_086_mu_0_3_node_906,24,0.2355072463768115,0.0006916359889922,0.395017793594306,2.5315315315315314,0.0152062742172031,18.126,5.874,8.034397402597403,0.2447499999999999,0.1048512196600847,0.0071129556185922,0.149298681285562,0.149499147220672,0.1809992695855435
graph_086_mu_0_3_node_643,25,0.1533333333333333,0.0008452702421507,0.4261945392491467,2.3463463463463463,0.0354985374010271,18.258,6.742,6.980488636363636,0.26968,0.0238925042160561,0.0111731453419469,0.1644994263306019,0.1647295227074597,0.0415786139207562
graph_086_mu_0_3_node_551,31,0.0989247311827957,0.0016160417507396,0.4188679245283019,2.3873873873873874,0.0198858406497857,22.047,8.953,5.917362420031808,0.2888064516129032,0.1026343205148057,0.0163280403124628,0.1805819986362034,0.1808875802345002,0.1138680826673642
graph_086_mu_0_3_node_404,17,0.1838235294117647,0.000409745715377,0.3852680293096799,2.5955955955955954,0.0148637639873738,11.364,5.636,4.309757142857142,0.3315294117647058,0.0662377815546272,0.006433057051936,0.2077526557018353,0.2079449412779958,0.0977439554113193
graph_086_mu_0_3_node_664,24,0.0652173913043478,0.0009950598336667,0.4057676685621446,2.4644644644644647,0.0150085502270583,15.458,8.542,4.889340945329181,0.3559166666666666,0.0862836040858257,0.0156620506015323,0.2305352695067157,0.2308267232405494,0.0730756750018492
graph_086_mu_0_3_node_64,57,0.1528822055137844,0.003415799540421,0.4514234071396295,2.215215215215215,0.0445289690700127,42.17,14.83,10.143323069822332,0.2601754385964913,0.2156129140521049,0.0175603423591595,0.153812922106994,0.1543197117263739,0.4782957721975163
graph_086_mu_0_3_node_11,40,0.0794871794871794,0.0020486839492278,0.4430155210643015,2.2572572572572573,0.0452398382918457,29.31,10.69,7.904631665719901,0.26725,0.0375252261047636,0.0193235804979344,0.1611088351394643,0.161473875398997,0.0671719058027126
graph_086_mu_0_3_node_312,25,0.1633333333333333,0.0006580876097469,0.4249255635899617,2.353353353353353,0.0377578293142486,19.174,5.826,7.432736471861471,0.23304,0.0209603357511756,0.0105006436692925,0.1380629389348077,0.1382617982036639,0.0452837116632995
graph_086_mu_0_3_node_434,20,0.131578947368421,0.000508877814403,0.4102669404517454,2.437437437437437,0.0263764040233965,14.877,5.123,5.878944444444444,0.25615,0.0184457344625207,0.008371691638763,0.1550942438618709,0.1552690625406856,0.0319519601160824
graph_086_mu_0_3_node_128,18,0.2091503267973856,0.0004047390621334,0.3917647058823529,2.5525525525525525,0.0177183139504648,11.416,6.584,3.792135714285714,0.3657777777777778,0.0759357199897412,0.008738029252703,0.2332456607205526,0.2334702846398753,0.0975676674544815
graph_086_mu_0_3_node_265,31,0.1010752688172043,0.0015546794388236,0.4178168130489335,2.393393393393393,0.027472428050841,20.396,10.604,5.263675986676722,0.3420645161290322,0.0639232443850742,0.0163689082467549,0.2171161724451907,0.2174780699069914,0.0848212805368025
graph_086_mu_0_3_node_409,21,0.0904761904761904,0.0006081113796764,0.392688679245283,2.5465465465465464,0.0140403636431377,11.937,9.063,3.358797785547785,0.4315714285714285,0.1388101743679382,0.0153833402832329,0.2942517934362465,0.2945609519686534,0.1047912127004901
graph_086_mu_0_3_node_60,57,0.0802005012531328,0.0043958200240234,0.4493927125506073,2.225225225225225,0.0361423986215514,44.941,12.059,12.675493010469593,0.2115614035087719,0.1073820847856217,0.0170811228726414,0.1257694800957866,0.1261815649897609,0.2157050527510373
graph_086_mu_0_3_node_49,14,0.0329670329670329,0.0003027162357876,0.3651315789473684,2.7387387387387387,0.0079984595594158,10.172,3.828,4.760138888888888,0.2734285714285714,0.0123069489739092,0.0076530076067334,0.1687632009350087,0.1688937982715145,0.0095337310750969
graph_086_mu_0_3_node_589,27,0.1652421652421652,0.0005992685585039,0.4107730263157895,2.434434434434434,0.0367619135549252,23.35,3.65,11.069300000000002,0.1351851851851851,0.0136420340020196,0.0067766383247093,0.0748289723862864,0.074953607590043,0.0599393319157373
graph_086_mu_0_3_node_851,27,0.094017094017094,0.0010384180588283,0.4145228215767635,2.4124124124124124,0.023971785417016,17.554,9.446,4.660172077922079,0.3498518518518518,0.0582004072692974,0.0145457990889081,0.2238276962023891,0.2241500304903586,0.0717872956862623
graph_086_mu_0_3_node_164,18,0.0980392156862745,0.0005118575457528,0.4028225806451613,2.4824824824824825,0.0148603873745524,12.663,5.337,5.102244805194805,0.2965,0.0425706894004382,0.0083183081273281,0.1851934522424292,0.1853755451310089,0.056798857317247
graph_086_mu_0_3_node_220,29,0.1650246305418719,0.0010875601034153,0.4192194712547209,2.385385385385385,0.0275292562304517,17.376,11.624,5.13671830946831,0.4008275862068964,0.1681446753068154,0.0140024447487213,0.2625911672815593,0.2629877951726511,0.1847298513819894
graph_086_mu_0_3_node_125,41,0.124390243902439,0.0018685003876699,0.4254684838160136,2.3503503503503502,0.031053305681622,27.819,13.181,5.780162109966057,0.3214878048780488,0.1518513580297109,0.0183465519640609,0.1981473213294229,0.1985973655300985,0.2453525397909956
graph_086_mu_0_3_node_598,37,0.0873949579831932,0.0017720111558743,0.4291237113402061,2.33033033033033,0.0287234854523691,23.85,13.15,6.628947784568372,0.3554054054054054,0.1530363271681452,0.0153281156082722,0.2259094934797416,0.2263583412652136,0.1966695358016186
graph_086_mu_0_3_node_301,16,0.0916666666666666,0.000463347391447,0.3818807339449541,2.6186186186186187,0.0100038178892312,11.475,4.525,5.312708513708514,0.2828125,0.0503688888053494,0.0074364377510267,0.176980663287139,0.1771350427863669,0.0590275477742682
graph_086_mu_0_3_node_602,23,0.2055335968379446,0.0005420878990837,0.3975328292877039,2.5155155155155158,0.0208288608210443,15.607,7.393,4.784078210678212,0.3214347826086956,0.0856387105253798,0.0087671017594118,0.1988344166653329,0.1990866996830251,0.1371262682027596
graph_086_mu_0_3_node_818,20,0.0578947368421052,0.0006723044501639,0.3824655436447167,2.6146146146146148,0.0101946711017943,12.686,7.314,5.196931845931846,0.3657,0.0919791213626196,0.0118083138201127,0.2528494591426091,0.2530989461817807,0.0586924411298494
graph_086_mu_0_3_node_510,26,0.0615384615384615,0.0012563618671864,0.4084219133278822,2.448448448448449,0.0153233193223724,17.602,8.398,5.838724548001019,0.323,0.1339445823486195,0.0131773205755312,0.2088803502420702,0.2091669076359877,0.1331032586426573
graph_086_mu_0_3_node_685,103,0.0924752475247524,0.0101109451595996,0.4972623195619711,2.011011011011011,0.1187992834859874,81.109,21.891,17.650043484532794,0.2125339805825242,0.0757558065933831,0.0385657541293324,0.1227884551921169,0.1235381323639075,0.2120893884001713
graph_086_mu_0_3_node_771,25,0.1533333333333333,0.0009122464337911,0.4261945392491467,2.3463463463463463,0.0314190206271691,17.632,7.368,6.668386724386725,0.29472,0.0456250786174712,0.0103464717668745,0.1813339746935107,0.1815854256723009,0.0762862383789737
graph_086_mu_0_3_node_637,17,0.0514705882352941,0.000559563258315,0.3976910828025478,2.5145145145145147,0.0129631448591137,9.669,7.331,4.0043543539793545,0.431235294117647,0.0520659788447179,0.0122253255509927,0.3080428155972706,0.3082928518775196,0.0286867606336932
graph_086_mu_0_3_node_327,20,0.0631578947368421,0.0007102720664321,0.3869093725793958,2.5845845845845847,0.0106824945726571,14.394,5.606,6.347455710955711,0.2803,0.0668028538770011,0.0085709026827269,0.1781803452750282,0.1783716184163615,0.0515665613568233
graph_086_mu_0_3_node_435,15,0.0571428571428571,0.0004383493382149,0.3799923925446938,2.6316316316316315,0.0096045575294011,10.575,4.425,4.571108225108225,0.295,0.0497400226901025,0.0081080912161399,0.1858310132558377,0.1859819752669444,0.0425043773790977
graph_086_mu_0_3_node_297,28,0.1269841269841269,0.0011940428289729,0.4122988031366075,2.4254254254254253,0.0200240961141906,18.2,9.8,6.26399035604918,0.35,0.1661446609603375,0.0129444562324607,0.2303664209778861,0.2307008034729646,0.1621965932452418
graph_086_mu_0_3_node_119,21,0.2,0.0005637502515936,0.392688679245283,2.5465465465465464,0.0173778150492697,14.56,6.44,4.889108333333333,0.3066666666666667,0.0756587091898076,0.0073743736901491,0.1884292853968456,0.1886490400426925,0.1273562866690974
graph_086_mu_0_3_node_120,83,0.0737654320987654,0.0090512650368044,0.4793666026871401,2.086086086086086,0.0545079147671743,64.374,18.626,17.67623835197174,0.2244096385542169,0.1683977091303672,0.0256407410672044,0.1355419760826723,0.1361789351172625,0.3050825990091166
graph_086_mu_0_3_node_928,78,0.1129824561403508,0.0074187174789148,0.4723404255319149,2.1171171171171173,0.0474628229235999,55.865,22.135,13.44421812564203,0.2837820512820512,0.3708739970743095,0.0297202137781659,0.175024332917443,0.1757809426011802,0.5483004192150325
graph_086_mu_0_3_node_575,24,0.2210144927536232,0.0006831464784693,0.3992805755395683,2.5045045045045047,0.0203295250865959,16.798,7.202,4.419619047619047,0.3000833333333333,0.1192778626396446,0.0077619941890566,0.1807193604454946,0.1809651589506825,0.2341621383335068
graph_086_mu_0_3_node_758,30,0.1666666666666666,0.000917839899342,0.4037995149555375,2.4764764764764764,0.0187317783351513,22.348,7.652,8.53503997228262,0.2550666666666666,0.1304656252657343,0.0108312294471907,0.1545024588662088,0.1547636632966307,0.2157169471029787
graph_086_mu_0_3_node_55,49,0.189625850340136,0.0030107189584385,0.4542974079126876,2.201201201201201,0.0392682405247781,33.839,15.161,6.035769787238904,0.3094081632653061,0.2488992511529348,0.0167210616594947,0.1868001920827426,0.1873180485903815,0.4714962701066196
graph_086_mu_0_3_node_190,19,0.0701754385964912,0.0006919334598889,0.376271186440678,2.6576576576576576,0.0083361396797604,12.172,6.828,4.394877511377511,0.3593684210526315,0.0742165262941462,0.0121070717489502,0.2391778362909444,0.2394107667561356,0.0535524440016069
graph_086_mu_0_3_node_884,22,0.1298701298701298,0.0008152885294924,0.4107730263157895,2.434434434434434,0.0226251987098942,14.658,7.342,5.246219047619048,0.3337272727272727,0.0457102844438848,0.0094677544245792,0.2122669735369839,0.2125174849906885,0.062048948813759
graph_086_mu_0_3_node_485,28,0.0793650793650793,0.0012611701367916,0.4052738336713996,2.4674674674674675,0.0178481812308665,16.897,11.103,6.649125484903812,0.3965357142857142,0.1637047716844163,0.0150627884292692,0.2773676417123963,0.2777463880000321,0.1057680279868585
graph_086_mu_0_3_node_505,21,0.2476190476190476,0.0003775674590509,0.4102669404517454,2.437437437437437,0.028832623984111,17.464,3.536,7.57225,0.1683809523809523,0.0222432882395785,0.0044030026642836,0.0946831514984916,0.094803850868896,0.082216441136635
graph_086_mu_0_3_node_229,28,0.1323076923076923,0.0011188365612956,0.4155574043261231,2.4064064064064064,0.0250858297180129,19.768,8.232,5.323112432012433,0.294,0.0502986342872107,0.0128028130321923,0.1794953441643247,0.1797763172811644,0.0842366025377303
graph_086_mu_0_3_node_211,80,0.0759493670886076,0.0088748179222239,0.4830754352030947,2.07007007007007,0.05119159796704,58.37,21.63,14.569190304064673,0.270375,0.1876838653630137,0.0317748228787035,0.1681698027002073,0.1689091314828307,0.2725742524312863
graph_086_mu_0_3_node_236,65,0.0879807692307692,0.0051631702600037,0.4631432545201669,2.159159159159159,0.0548255829757566,47.275,17.725,11.647222452495978,0.2726923076923077,0.1106322479044013,0.023210210697243,0.1650153889607153,0.1656211382892226,0.2105918099425325
graph_086_mu_0_3_node_5,75,0.139269406392694,0.0064978813598778,0.4759409242496427,2.101101101101101,0.0541771422029715,50.549,24.451,8.039282487577168,0.3260133333333333,0.4003772927425614,0.0271374973121288,0.1989525029088307,0.1997882866713891,0.6895182242890171
graph_086_mu_0_3_node_897,21,0.2,0.0005230537972874,0.3899297423887587,2.5645645645645647,0.0142647968020723,14.048,6.952,4.416716666666667,0.331047619047619,0.1747333064843758,0.0087836838852465,0.2056677257782181,0.2059049428322319,0.2669070698493289
graph_086_mu_0_3_node_227,24,0.1413043478260869,0.0008609523994066,0.3988023952095808,2.5075075075075075,0.0207892640286688,14.3,9.7,4.716830303030303,0.4041666666666666,0.1134479944420128,0.0112108113221345,0.2679648775997804,0.2682958079432312,0.1173508384505291
graph_086_mu_0_3_node_998,43,0.1472868217054263,0.0026365873894519,0.427105600684053,2.3413413413413413,0.0264888529862999,26.574,16.426,7.91295157805824,0.382,0.4228586004259763,0.0175715199849091,0.2490900158541482,0.2496506679060851,0.4811437465956136
graph_086_mu_0_3_node_899,35,0.1609848484848484,0.0014326388439016,0.4294926913155632,2.3283283283283285,0.0277967566657663,24.158,10.842,6.780147772978655,0.3097714285714285,0.173675339409125,0.0163846443195568,0.1926824371424685,0.1930525377790068,0.2312582878585752
graph_086_mu_0_3_node_738,17,0.0661764705882353,0.0004336938988155,0.390234375,2.5625625625625625,0.0127554151551995,10.521,6.479,3.918986435786436,0.3811176470588235,0.0523081634013896,0.0108818986430619,0.2558677840661915,0.2560887938635551,0.0305668079680924
graph_086_mu_0_3_node_181,30,0.1471264367816092,0.0010965283402141,0.4256497656582871,2.349349349349349,0.0296521831615878,18.394,11.606,5.341542624042624,0.3868666666666667,0.168045862782561,0.0139890232872769,0.2507910623898021,0.2511871035606172,0.1976905153823943
graph_086_mu_0_3_node_831,35,0.1529411764705882,0.0016176777770523,0.4238438693254137,2.359359359359359,0.0274747486412676,23.596,11.404,6.837923562548562,0.3258285714285714,0.1674279183286471,0.0125434020012547,0.2028190308257797,0.2032083090238533,0.2581935629571958
graph_086_mu_0_3_node_113,15,0.0380952380952381,0.0004104379428698,0.3854166666666667,2.5945945945945947,0.0115569948267731,9.097,5.903,3.708643939393939,0.3935333333333333,0.0217646081202221,0.0110835455999816,0.2729543244199797,0.2731556675211923,0.0104627148909285
graph_086_mu_0_3_node_501,26,0.1261538461538461,0.0010086023555075,0.4245643858903527,2.3553553553553552,0.0251867176453496,13.851,12.149,3.741500432900433,0.4672692307692306,0.1249310711989708,0.0202415958308413,0.3236206693243745,0.3240350973799465,0.0962805282892563
graph_086_mu_0_3_node_587,35,0.1361344537815126,0.0012850301077931,0.4453856442264824,2.245245245245245,0.0468173090266387,28.645,6.355,10.082632770007772,0.1815714285714285,0.0239123546941282,0.0110061593443164,0.1044765431766013,0.1046935775120732,0.0739009126408463
graph_086_mu_0_3_node_370,23,0.1264822134387351,0.000854466679371,0.4057676685621446,2.4644644644644647,0.0171468174992151,13.843,9.157,4.555385088930678,0.3981304347826087,0.2744901634437204,0.0145514067604044,0.2700986262297302,0.2704110077912254,0.1784730476430691
graph_086_mu_0_3_node_477,17,0.2279411764705882,0.000347982367546,0.3975328292877039,2.5155155155155158,0.0181986335678175,10.482,6.518,3.6762738095238094,0.3834117647058824,0.075726505512509,0.0077388972881907,0.2490793689378227,0.2493017242934728,0.0888069353672091
graph_086_mu_0_3_node_275,22,0.0735930735930736,0.0008940469874302,0.3842307692307692,2.6026026026026026,0.0110435102066746,13.414,8.586,3.729407261366085,0.3902727272727272,0.2540408251280078,0.0168943191960172,0.2635110531551826,0.2638039589539832,0.1331713080165139
graph_086_mu_0_3_node_579,29,0.1766381766381766,0.0009583063473737,0.4111111111111111,2.4324324324324325,0.0227349595168863,18.424,10.576,4.11219512987013,0.3646896551724138,0.1747957297345956,0.0114860560635901,0.2292691773241826,0.229630113716947,0.2375971686016773
graph_086_mu_0_3_node_531,41,0.0792682926829268,0.0025972340983984,0.4337820234476769,2.305305305305305,0.0284364165729287,27.854,13.146,7.639663656343955,0.3206341463414634,0.1062056640843615,0.0216307567829229,0.2034756594333061,0.2039244329374007,0.1263764791902832
graph_086_mu_0_3_node_80,18,0.0583333333333333,0.0004298858122318,0.3879611650485436,2.5775775775775776,0.0111517696851336,10.632,7.368,3.2146391608391607,0.4093333333333334,0.1132479701271811,0.0140512707497917,0.2781178220584425,0.2783691537411181,0.0702772004109139
graph_086_mu_0_3_node_3,25,0.09,0.0010512468407176,0.3986432561851556,2.5085085085085086,0.0147133717492613,19.47,5.53,5.880531870906871,0.2211999999999999,0.0608758190003305,0.0114264383969695,0.1290997845418629,0.1292885536469712,0.1137713894626958
graph_086_mu_0_3_node_741,17,0.0367647058823529,0.0005500250795696,0.3799923925446938,2.6316316316316315,0.0093339439822861,10.119,6.881,3.725470424020424,0.4047647058823529,0.0228710319587746,0.0121597660027853,0.2767025599699166,0.2769372718459505,0.0123175466171257
graph_086_mu_0_3_node_742,22,0.264069264069264,0.0006089634939193,0.3916111328890631,2.5535535535535536,0.0148174201835077,15.372,6.628,4.859096825396825,0.3012727272727272,0.1680845476198696,0.007362321877498,0.1837298168004277,0.1839559996452907,0.2943299111027482
graph_086_mu_0_3_node_842,25,0.0474308300395256,0.0009158003141133,0.388715953307393,2.5725725725725725,0.0127555604935616,17.665,7.335,6.412781953748865,0.2934,0.0857500551838857,0.0113922708253393,0.1874037228294978,0.1876540160044717,0.0794169266732421
graph_086_mu_0_3_node_628,27,0.1139601139601139,0.0009764643185659,0.4004008016032064,2.497497497497497,0.0159674579417171,21.904,5.096,9.67545064935065,0.1887407407407407,0.0443473136664774,0.0071099094384549,0.1097350653315735,0.1099090354436359,0.1091373936202706
graph_086_mu_0_3_node_740,25,0.12,0.0007956298471834,0.4186923721709975,2.3883883883883885,0.0267610206371058,14.89,10.11,3.909877386502386,0.4044,0.0599644919924276,0.0159877741412525,0.2671271971248459,0.26747212881588,0.0626168488745129
graph_086_mu_0_3_node_36,18,0.1830065359477124,0.0004044246283278,0.3719285182427401,2.6886886886886887,0.0103374327537071,11.43,6.57,3.893785714285715,0.3650000000000001,0.1669826648308921,0.0072436962799047,0.233637142137672,0.233861285614342,0.2111207090165092
graph_086_mu_0_3_node_709,20,0.1263157894736842,0.0005504448591194,0.4122988031366075,2.4254254254254253,0.027802879916969,13.995,6.005,4.910269841269841,0.30025,0.0215545573951948,0.0110207523701729,0.1874658237626878,0.1876707206073661,0.0317122311708993
graph_086_mu_0_3_node_133,47,0.1341350601295097,0.0026988402051627,0.4256497656582871,2.349349349349349,0.0271339678319707,34.314,12.686,9.140391044885858,0.2699148936170212,0.2098521830334567,0.0183033528647682,0.1640342470967103,0.1644675217543162,0.3473643979607106
graph_086_mu_0_3_node_296,27,0.0854700854700854,0.0011057998331457,0.4209860935524652,2.3753753753753752,0.026506976969867,16.428,10.572,5.272796503496504,0.3915555555555555,0.0635298273351613,0.0152119541825113,0.2588420420999059,0.259202748302354,0.0681777982769498
graph_086_mu_0_3_node_196,15,0.1142857142857142,0.0004830841136558,0.383199079401611,2.6096096096096097,0.0108668345420779,9.843,5.157,4.010234307359307,0.3438,0.0205306081070096,0.0089273846644168,0.2232641855387219,0.2234401062901865,0.0221314959945499
graph_086_mu_0_3_node_873,14,0.1318681318681318,0.000279904775753,0.3821729150726855,2.6166166166166165,0.0105667540986557,9.634,4.366,4.7893944444444445,0.3118571428571429,0.0363430440233953,0.0063131822740206,0.2004906189869119,0.2006395561929727,0.0409762906956421
graph_086_mu_0_3_node_817,56,0.1168831168831168,0.0039641267745614,0.4424269264836138,2.26026026026026,0.0399078322299528,37.985,18.015,9.697434022508304,0.3216964285714286,0.2119616057860387,0.0215256223583789,0.1999199802504521,0.2005353007550541,0.3303788673911527
graph_086_mu_0_3_node_553,23,0.0711462450592885,0.0007221923558576,0.3878105590062112,2.578578578578578,0.0141158118272512,14.656,8.344,5.105750527250528,0.3627826086956521,0.1610917598845216,0.0126640948107136,0.2417494967318411,0.2420341615376648,0.1304807270085914
graph_086_mu_0_3_node_283,22,0.1263157894736842,0.0006353260007248,0.40056134723336,2.4964964964964964,0.0159670048392934,12.537,9.463,4.060320573870574,0.4301363636363636,0.1903957043030397,0.0168103204567011,0.2918901948630275,0.2922130063712088,0.1259508935567821
graph_086_mu_0_3_node_830,22,0.1731601731601731,0.0005274794840865,0.4174676138737986,2.3953953953953957,0.0349901415352935,17.095,4.905,5.9940952380952375,0.2229545454545454,0.0167878397322764,0.0094963777883194,0.1293494493926712,0.1295168664535582,0.0427939636781679
graph_086_mu_0_3_node_203,116,0.0782487191429902,0.0148401788822902,0.5120451050743209,1.952952952952953,0.1058327146647637,85.765,30.235,14.536460751658,0.2606465517241379,0.1861541043077014,0.0425406901430474,0.1556653662910432,0.1567006506748545,0.3868663488355661
graph_086_mu_0_3_node_425,46,0.1701902748414376,0.0023156466561146,0.4197478991596639,2.3823823823823824,0.0242719272677173,34.17,11.83,9.122052194623402,0.2571739130434782,0.2798760791151733,0.0169681260928885,0.1544632669074505,0.1548673283845474,0.4868852197608764
graph_086_mu_0_3_node_450,34,0.0552584670231729,0.0015287107377674,0.4377738825591586,2.284284284284284,0.0352369978906863,25.094,8.906,7.547867757242757,0.2619411764705882,0.0320099133152795,0.0147179606053645,0.1588738614897508,0.1591779100744037,0.0469004138539057
graph_086_mu_0_3_node_246,20,0.0522875816993464,0.0006240883119584,0.3884136858475894,2.5745745745745747,0.0119004549255371,11.846,8.154,3.258346375846376,0.4077,0.0612050458444425,0.0178293483040572,0.2733222458231565,0.2736004079222862,0.0404205793385563
graph_086_mu_0_3_node_367,20,0.1684210526315789,0.0005108242552351,0.3861615771163509,2.5895895895895897,0.0159742447455958,12.68,7.32,4.512888888888889,0.3660000000000001,0.1077589294729851,0.0080278381774848,0.2352162565333443,0.2354659956349949,0.1355357272782985
graph_086_mu_0_3_node_511,29,0.1699507389162561,0.0012135379904405,0.3956435643564356,2.5275275275275275,0.0134511991673376,21.53,7.47,9.1619312823915,0.2575862068965517,0.2018824108850493,0.0096667733894234,0.1607364771043819,0.1609914261963509,0.2610683372404259
graph_086_mu_0_3_node_618,14,0.0989010989010989,0.0004218202514333,0.3973747016706443,2.5165165165165164,0.0153727736357972,8.646,5.354,3.195605555555556,0.3824285714285714,0.0163352847101899,0.0100713872762714,0.2504059147361664,0.2505885475533388,0.018895315055382
graph_086_mu_0_3_node_197,35,0.1680672268907563,0.0015766702107,0.4322803980960623,2.313313313313313,0.0318910114780704,20.739,14.261,4.43612300607889,0.4074571428571429,0.2358230156673388,0.0154627087020584,0.2642389676295448,0.2647256577318693,0.278627126312339
graph_086_mu_0_3_node_114,76,0.0747368421052631,0.0084266443661714,0.4696755994358251,2.129129129129129,0.0422564910729193,58.788,17.212,13.538227770540226,0.2264736842105263,0.1581374048563537,0.0253746573837019,0.1376724870047448,0.1382609088718547,0.2772225235120393
graph_086_mu_0_3_node_79,24,0.1123188405797101,0.0007867992114724,0.40056134723336,2.4964964964964964,0.0169138373310687,13.617,10.383,3.832287012987013,0.432625,0.2320144720433808,0.0167452802897012,0.2967306222006055,0.2970848157462014,0.1703887717844828
graph_086_mu_0_3_node_183,37,0.1231231231231231,0.0019749249349718,0.4283876500857633,2.334334334334334,0.0287848887447999,22.144,14.856,5.34114732268076,0.4015135135135136,0.2154847033926115,0.0184914837732173,0.2635250710199898,0.2640320553718339,0.2337379396732041
graph_086_mu_0_3_node_40,35,0.1764705882352941,0.0017530248431702,0.4202776609171224,2.37937937937938,0.0234673349511791,23.662,11.338,5.503850318798848,0.3239428571428572,0.2859476658509626,0.0145321381286127,0.2004251962605831,0.2008122368577555,0.4502846776061316
graph_086_mu_0_3_node_976,18,0.0915032679738562,0.0005102138548236,0.3765548435733132,2.655655655655656,0.0092123953748631,13.08,4.92,6.603975724275724,0.2733333333333333,0.0611731758013156,0.0071735431173065,0.177167348639107,0.1773351981992749,0.0596540488432018
graph_086_mu_0_3_node_182,24,0.1702898550724637,0.0009528505471443,0.4121287128712871,2.4264264264264264,0.0213531078516299,15.089,8.911,5.239541991341992,0.3712916666666666,0.1312628097974782,0.0097633133373599,0.2401566456334627,0.2404606855629926,0.1597117837800373
graph_086_mu_0_3_node_394,31,0.0924731182795698,0.0013830269715902,0.4319066147859922,2.315315315315315,0.0311043229860617,20.589,10.411,6.102038902763903,0.3358387096774193,0.064167408933839,0.0138004519225323,0.2127504351349457,0.2131057481952865,0.0865794024690021
graph_086_mu_0_3_node_90,17,0.1323529411764706,0.0004971344356044,0.3914576802507837,2.5545545545545547,0.0114296118595685,11.169,5.831,4.404021139971139,0.3429999999999999,0.1125825000178128,0.0082563993478538,0.2242245057947762,0.224423424122482,0.1060814503434408
graph_086_mu_0_3_node_979,15,0.0571428571428571,0.0004122631873145,0.4021739130434782,2.4864864864864864,0.0121830495442278,8.046,6.954,3.017495670995671,0.4635999999999999,0.0606874608139541,0.0130680064755905,0.3298885898490017,0.3301257653555485,0.025396265173807
graph_086_mu_0_3_node_696,19,0.1345029239766081,0.0005043756648686,0.4122988031366075,2.4254254254254253,0.0274367805946552,14.1,4.9,6.222291666666666,0.2578947368421053,0.0181745752062037,0.0077855816600454,0.158162286054974,0.1583294831488197,0.032407914936008
graph_086_mu_0_3_node_958,25,0.0933333333333333,0.0010338881290413,0.4192194712547209,2.385385385385385,0.028913251639089,14.41,10.59,4.682916763791765,0.4236000000000001,0.0605795007652504,0.0155456454868584,0.2873888277964889,0.2877500988231333,0.0520310950337867
graph_086_mu_0_3_node_224,20,0.1842105263157894,0.0006141497571801,0.3775510204081632,2.6486486486486487,0.0087944218094406,14.907,5.093,5.5824915084915085,0.25465,0.1707520129706754,0.0093961109154156,0.1561319720873973,0.1563057633304136,0.1838492318566803
graph_086_mu_0_3_node_814,28,0.1402116402116402,0.0011261144881916,0.4206315789473684,2.3773773773773774,0.0253589423651549,16.528,11.472,5.045432944832944,0.4097142857142857,0.1677874731002776,0.0127574612569179,0.2716655141805747,0.2720569270843353,0.1727657132831901
graph_086_mu_0_3_node_576,22,0.1688311688311688,0.0007036766653312,0.3991210547343188,2.5055055055055053,0.0146574241575738,16.553,5.447,6.806125396825397,0.2475909090909091,0.1017361565982424,0.0086764481787815,0.1482426483040894,0.1484285430480608,0.183578491970513
graph_086_mu_0_3_node_500,59,0.0929281122150789,0.0042513805464819,0.4644351464435146,2.1531531531531534,0.0516411376791389,42.452,16.548,10.877996355224584,0.2804745762711864,0.1021256474172169,0.0214637813228635,0.1704535511959966,0.1710189379040746,0.1902927296743643
graph_086_mu_0_3_node_372,28,0.119047619047619,0.0010254887714296,0.4074225122349103,2.454454454454454,0.0229520369100491,17.332,10.668,5.12827163947164,0.381,0.1240606225151265,0.0125892408184302,0.2467813402450943,0.2471453589391432,0.1466436729603093
graph_086_mu_0_3_node_537,75,0.1272072072072072,0.0061105213034988,0.4595216191352346,2.176176176176176,0.0501676203563431,53.242,21.758,12.385517437457535,0.2901066666666667,0.3168931348417385,0.024432118735738,0.1753591439056629,0.1761029660101003,0.597023889608892
graph_086_mu_0_3_node_174,35,0.1983193277310924,0.0014285166790774,0.4054383116883117,2.4664664664664664,0.0202837941644108,24.829,10.171,6.934993104118105,0.2906,0.259972534904585,0.0111359806973309,0.176210029650023,0.1765572724493501,0.4752029973065083
graph_086_mu_0_3_node_891,25,0.0666666666666666,0.0009331878894999,0.4160766347355268,2.4034034034034035,0.0247380355871465,16.59,8.41,5.929312187812188,0.3364,0.0296960255555556,0.0147433651412082,0.2209133191685789,0.2212002621118393,0.0323149895503723
graph_086_mu_0_3_node_13,24,0.1255411255411255,0.0007174262536319,0.3920722135007849,2.5505505505505504,0.0164975481983787,16.368,7.632,6.511249284049283,0.318,0.1476727575419031,0.0112992751728323,0.210323327731553,0.2105837141953516,0.1202158209499988
graph_086_mu_0_3_node_19,31,0.1397849462365591,0.0010370506079169,0.4256497656582871,2.349349349349349,0.0351500394947891,22.638,8.362,8.08958692141192,0.269741935483871,0.051815873120966,0.010683315713454,0.1629609821010354,0.1632464337133349,0.1014989702003941
graph_086_mu_0_3_node_353,20,0.1368421052631579,0.0006283477042399,0.3978494623655914,2.5135135135135136,0.0136312512348578,11.847,8.153,3.4100199245199243,0.4076499999999999,0.2021331752783,0.014145615910027,0.2723144901393893,0.2725926190865786,0.1683094576292076
graph_086_mu_0_3_node_747,23,0.0592885375494071,0.0007952453534275,0.4181665969024696,2.391391391391392,0.0264903302544924,13.754,9.246,3.946116708291709,0.402,0.0316850718807378,0.0177287086485845,0.2723125168842651,0.2726279360996682,0.0250258734836149
graph_086_mu_0_3_node_178,23,0.1067193675889328,0.0007376423509143,0.4134933774834437,2.4184184184184185,0.0274423766134602,16.467,6.533,6.957951076701077,0.2840434782608695,0.0236918656649672,0.0104666036583751,0.1796980245038161,0.1799209454993129,0.0328754592441111
graph_086_mu_0_3_node_648,19,0.0409356725146198,0.0007468535752692,0.3916111328890631,2.5535535535535536,0.0137641627809421,12.467,6.533,4.2435632006882,0.3438421052631578,0.0210240035918265,0.0119520403484592,0.2205401855831298,0.2207630732331523,0.0205479475827154
graph_086_mu_0_3_node_466,24,0.1159420289855072,0.0008913681285141,0.4007220216606498,2.4954954954954958,0.0140615019867969,15.035,8.965,4.648965943860061,0.3735416666666666,0.1305602559219994,0.01552036958848,0.2424717046676851,0.2427775864693075,0.1330380043021343
graph_086_mu_0_3_node_999,44,0.0835095137420718,0.0024530395955091,0.4461813309513175,2.241241241241241,0.0483166923068294,32.37,11.63,9.04299439208882,0.2643181818181819,0.0414399951094278,0.0201498986950794,0.1601360500541346,0.1605332281358315,0.077399743971586
graph_086_mu_0_3_node_757,26,0.0905797101449275,0.0009150606006708,0.4236641221374045,2.36036036036036,0.0236370974222232,17.241,8.759,7.3490283740769025,0.3368846153846153,0.0682229926868706,0.0125170462530579,0.2261413418878318,0.2264401727189268,0.0606253815167534
graph_086_mu_0_3_node_243,44,0.0856236786469344,0.0023375223857077,0.4383501535761299,2.2812812812812813,0.0376594468700237,31.188,12.812,8.633166502976243,0.2911818181818182,0.0803271724422725,0.0165992073697692,0.179111437031636,0.1795489304962145,0.1367500015196781
graph_086_mu_0_3_node_866,30,0.0942528735632183,0.0012310968784602,0.4283876500857633,2.334334334334334,0.0322843400257679,18.278,11.722,6.093931693306693,0.3907333333333333,0.0694379293192551,0.0163243446297979,0.2600550580566752,0.260455010499648,0.072127308444297
graph_086_mu_0_3_node_495,22,0.1515151515151515,0.0005685514177613,0.4213412062420919,2.373373373373373,0.0279869415311112,15.767,6.233,5.2724777777777785,0.2833181818181818,0.0376232888787553,0.0092688185164947,0.1712415631757722,0.1714542740934352,0.0705965029543478
graph_086_mu_0_3_node_774,32,0.127016129032258,0.0016312228479077,0.4322803980960623,2.313313313313313,0.0423213720647486,26.158,5.842,10.399873015873016,0.1825625,0.0225267368084454,0.0089359090701486,0.1061554061488175,0.1063548839098571,0.0582381556385362
graph_086_mu_0_3_node_952,15,0.0761904761904762,0.0003421355478426,0.3715135738192636,2.6916916916916915,0.0083043571296433,10.17,4.83,4.694441017316017,0.322,0.0774412214164886,0.0077203493548148,0.2118008990067421,0.2119656619566257,0.0454749763678681
graph_086_mu_0_3_node_445,15,0.0476190476190476,0.0004074167145219,0.3908450704225352,2.558558558558558,0.0105521929097699,8.17,6.83,3.1099740259740263,0.4553333333333333,0.1050473051597348,0.0114152401216801,0.3221695505586849,0.3224024987226485,0.0562217892355324
graph_086_mu_0_3_node_824,34,0.127016129032258,0.0016289325313799,0.4141791044776119,2.414414414414414,0.0200217738240488,22.992,11.008,7.511204609717767,0.3237647058823529,0.3125019677596752,0.015024709514629,0.2107999331569154,0.211175601363255,0.299899789633107
graph_086_mu_0_3_node_703,18,0.0522875816993464,0.0006604187160788,0.39800796812749,2.5125125125125125,0.0171066960238301,11.307,6.693,4.133372077922078,0.3718333333333333,0.0209638098987431,0.0120164084532452,0.2459209897110676,0.2461493118726921,0.0165845945463386
graph_086_mu_0_3_node_782,68,0.1141352063213345,0.004712014082565,0.4889867841409692,2.045045045045045,0.0868939359763814,51.126,16.874,12.31259455871789,0.2481470588235294,0.0590415498817472,0.0294288314552893,0.147689753718446,0.1482665906523074,0.1300642339029976
graph_086_mu_0_3_node_386,22,0.1038961038961039,0.0006829410946967,0.3937721718565234,2.53953953953954,0.0171008173639119,14.094,7.906,6.136099267399267,0.3593636363636363,0.1894928902526896,0.0109851568957928,0.2409049605468734,0.241174670042095,0.1637693229925967
graph_086_mu_0_3_node_716,30,0.1517241379310344,0.0012501688744898,0.4157303370786517,2.4054054054054053,0.0217361768589763,20.292,9.708,6.419541975181681,0.3236,0.234366928733115,0.0135280498090139,0.2065161455229611,0.206847449030926,0.2745641408614772
graph_086_mu_0_3_node_65,21,0.0857142857142857,0.0005828619091785,0.4069246435845214,2.457457457457457,0.0188856070876223,12.635,8.365,4.517688111888112,0.3983333333333332,0.0669270909509871,0.0139182593190639,0.2734882444272495,0.2737735895965648,0.0464627321268673
graph_086_mu_0_3_node_249,21,0.1523809523809524,0.0006040047618527,0.4094262295081967,2.4424424424424425,0.0238673224488693,14.117,6.883,4.604358333333334,0.3277619047619047,0.0417369787823689,0.0094031287080919,0.2052521440413307,0.205487000590763,0.0614343929409373
graph_086_mu_0_3_node_270,33,0.0606060606060606,0.0012600881005629,0.4199243379571248,2.3813813813813813,0.0331441490264503,24.948,8.052,7.483627014652015,0.2439999999999999,0.0286356245030967,0.0145238506574167,0.145061406774545,0.1453363216722144,0.0534629344908191
graph_086_mu_0_3_node_223,95,0.072463768115942,0.0117502332707936,0.4889867841409692,2.045045045045045,0.0605783436806139,73.082,21.918,16.756114497338245,0.2307157894736842,0.1973313649784441,0.0316509011238161,0.1402481468516337,0.1409979120245086,0.3454387443521837
graph_086_mu_0_3_node_2,18,0.0916666666666666,0.0004356639245019,0.3744377811094452,2.670670670670671,0.0090113026104349,13.424,4.576,4.973777922077921,0.2542222222222222,0.0149278590150886,0.0092316630468957,0.1529444302578487,0.1531005770081675,0.0291909395444635
graph_086_mu_0_3_node_865,24,0.1992753623188405,0.0006364967070112,0.3870592793490895,2.583583583583584,0.0163986447562478,18.151,5.849,8.037220779220778,0.2437083333333333,0.1496676961290245,0.0068806720453624,0.1481853811800523,0.148384996293384,0.2568168132698563
graph_086_mu_0_3_node_279,32,0.0987903225806451,0.0015478765441252,0.4341590612777053,2.3033033033033035,0.0271346694897364,21.036,10.964,6.598480156169939,0.342625,0.0921197647860256,0.0163590575810954,0.2261209880252369,0.2264951170766085,0.0889525195233864
graph_086_mu_0_3_node_733,19,0.1029411764705882,0.0005435444137257,0.378839590443686,2.63963963963964,0.008861783922951,13.541,5.459,5.730298701298701,0.2873157894736843,0.0921722406927271,0.0087335146240139,0.1811123346630437,0.1812985912721563,0.101182766476144
graph_086_mu_0_3_node_688,19,0.1111111111111111,0.0005578660902028,0.3824655436447167,2.6146146146146148,0.0132999945838561,13.676,5.324,7.03885536963037,0.2802105263157894,0.1741477367278169,0.0083034411025628,0.1849817137052596,0.1851633420781365,0.1402586026951584
graph_086_mu_0_3_node_596,22,0.0735930735930736,0.0006482700762022,0.4272882805816937,2.34034034034034,0.0269161934633446,15.925,6.075,6.336790476190475,0.2761363636363636,0.0212420541090934,0.0101431627635187,0.1694134930078266,0.1696208014129639,0.0358630935900566
graph_086_mu_0_3_node_622,38,0.0938833570412517,0.0018878924127841,0.4176421404682274,2.3943943943943946,0.0260103030651936,24.181,13.819,6.786784995070289,0.3636578947368422,0.1622128080766928,0.0167855384235335,0.2331073573772249,0.2335790286388286,0.2054020161780633
graph_086_mu_0_3_node_662,39,0.1214574898785425,0.002310768131333,0.451627486437613,2.214214214214214,0.0330581567335518,23.309,15.691,6.769563710055482,0.4023333333333332,0.3675579430090993,0.0224201747744485,0.2718327900635023,0.2723682112835542,0.2943287799224584
graph_086_mu_0_3_node_918,18,0.1503267973856209,0.0003742233509728,0.4141791044776119,2.414414414414414,0.0297527793743073,10.576,7.424,3.5210214285714283,0.4124444444444444,0.0245946141887706,0.0144845629826604,0.2740512241929372,0.274304477801817,0.0227981623344138
graph_086_mu_0_3_node_414,16,0.1833333333333333,0.000340403229851,0.389018691588785,2.5705705705705704,0.0187869903420841,12.957,3.043,6.345990476190476,0.1901875,0.0187723185204852,0.0049437375417955,0.1080424602925603,0.1081463048300543,0.0593656163817441
graph_086_mu_0_3_node_43,25,0.1066666666666666,0.0008804713955276,0.413151364764268,2.4204204204204203,0.0197226859305161,15.859,9.141,6.961130608362226,0.3656399999999999,0.0721330192904518,0.014024304463735,0.2522832570231489,0.2525950853953425,0.0540614438392624
graph_086_mu_0_3_node_298,15,0.1904761904761904,0.0002999409521277,0.3659340659340659,2.7327327327327327,0.0066249492688274,12.255,2.745,7.4733511904761905,0.183,0.054097223708761,0.0041755959634608,0.1092408030333817,0.109334463524832,0.0736010199585756
graph_086_mu_0_3_node_533,31,0.0709677419354838,0.0016575118049086,0.4322803980960623,2.313313313313313,0.0259594316632427,18.794,12.206,5.796988192573681,0.393741935483871,0.0977150428415145,0.0196699579755212,0.2681509136024441,0.2685673548251578,0.0758948264748306
graph_086_mu_0_3_node_895,15,0.1142857142857142,0.0005320540807152,0.3906922174423152,2.55955955955956,0.0139711269168251,10.485,4.515,6.305695346320347,0.301,0.015828461672568,0.0071008416610472,0.2022037393246696,0.2023577494101038,0.0194875500728941
graph_086_mu_0_3_node_63,33,0.1193181818181818,0.0015301092552263,0.425287356321839,2.3513513513513518,0.0263153594803929,24.015,8.985,7.574518266537385,0.2722727272727273,0.0737424521414586,0.0148133374240976,0.1668860995112985,0.1671928187830444,0.11359653478812
graph_086_mu_0_3_node_194,149,0.0629950610381138,0.0231726387671124,0.5280126849894292,1.8938938938938936,0.1524516028328869,119.12,29.88,19.512941184386182,0.2005369127516778,0.1081768010423945,0.0515495975013725,0.1158857912217634,0.1169110047954839,0.3094809328698218
graph_086_mu_0_3_node_656,19,0.0955882352941176,0.0004703271373409,0.383199079401611,2.6096096096096097,0.0094291868626412,13.27,5.73,5.319805411255412,0.3015789473684211,0.0955355472223857,0.0090243685315747,0.1909837000877078,0.1911791996728869,0.1027506610814086
graph_086_mu_0_3_node_403,17,0.0514705882352941,0.0004828919849092,0.3837879369957741,2.6056056056056054,0.0095606357654892,10.471,6.529,3.630880544455545,0.3840588235294118,0.084330167102361,0.0127454060580669,0.2598718674382806,0.2600945798928822,0.0446988583097136
graph_086_mu_0_3_node_405,26,0.16,0.0008984128468048,0.3954869358669833,2.5285285285285286,0.0151300966650054,18.675,7.325,7.574050180375181,0.2817307692307692,0.1260401382971887,0.0094872097165436,0.1754394411364198,0.1756894207362742,0.1788090039108957
graph_086_mu_0_3_node_717,20,0.1473684210526315,0.0005092691671476,0.4000800961153384,2.4994994994995,0.0178588901728038,11.985,8.015,2.955626984126984,0.40075,0.1312848011983063,0.0088970892823512,0.257667552321677,0.2579410025041692,0.1628433172143636
graph_086_mu_0_3_node_583,38,0.1476190476190476,0.0015956666868621,0.4095940959409594,2.4414414414414414,0.0211338908328796,27.825,10.175,8.177218932154801,0.2677631578947368,0.1899085904569581,0.0149738239510678,0.1628130972030671,0.1631605086881124,0.2920291952187792
graph_086_mu_0_3_node_396,24,0.1920289855072463,0.0007746634046967,0.39800796812749,2.5125125125125125,0.0178347591711316,15.05,8.95,3.606674458874459,0.3729166666666667,0.147221575193687,0.0097788844498536,0.2354894335237223,0.2357948323804266,0.2053126701722502
graph_086_mu_0_3_node_856,17,0.25,0.0002720126198502,0.3727611940298507,2.6826826826826826,0.0100974969173861,13.248,3.752,7.1479833333333325,0.2207058823529412,0.1091484891132303,0.0044766841200673,0.1324594791640814,0.1325875036531693,0.2052804129297782
graph_086_mu_0_3_node_636,32,0.1713709677419354,0.001253531112264,0.4224101479915433,2.3673673673673674,0.0270447903039509,19.547,12.453,4.151214030414031,0.38915625,0.205173949063398,0.0135773638601516,0.2486813432518005,0.2491063355088606,0.265237110133986
graph_086_mu_0_3_node_974,30,0.1425287356321839,0.0012665544424321,0.423125794155019,2.3633633633633635,0.0308103207682267,20.352,9.648,6.572478604728605,0.3216,0.059870393590828,0.0123974919355432,0.2024303132717628,0.2027595874476594,0.0880966477383624
graph_086_mu_0_3_node_788,30,0.1747126436781609,0.0012933395403524,0.4260127931769722,2.3473473473473474,0.024590709914806,21.067,8.933,6.752770146520146,0.2977666666666667,0.1505257537702833,0.0117464933745397,0.1863859387013515,0.186690821322631,0.2058697980656609
graph_086_mu_0_3_node_383,35,0.0789915966386554,0.0021548551864708,0.4172932330827067,2.3963963963963963,0.0189053364575538,24.516,10.484,8.29888931091393,0.2995428571428571,0.1247658899106859,0.015882926250099,0.1936889627665188,0.1940467751673206,0.1118119315237833
graph_086_mu_0_3_node_877,24,0.1557971014492753,0.0006931183849975,0.4023358840112767,2.4854854854854853,0.0233272660836962,15.116,8.884,5.405315151515151,0.3701666666666666,0.1051080830454213,0.010063272796448,0.2398146963936906,0.2401178138077897,0.1257601841234789
graph_086_mu_0_3_node_168,27,0.1481481481481481,0.0008208543172286,0.4179916317991631,2.3923923923923924,0.0374348213906013,21.751,5.249,8.125688311688311,0.1944074074074074,0.0192153603112746,0.0094975146219081,0.1123022757604956,0.1124814747756765,0.0529160269607213
graph_086_mu_0_3_node_71,30,0.1563218390804597,0.0009399946828845,0.4208087615838247,2.3763763763763763,0.030972949833608,22.943,7.057,6.959061813186813,0.2352333333333333,0.0431508396386136,0.0097257952086808,0.1379952853571104,0.1382362177886068,0.1045296226940147
graph_086_mu_0_3_node_868,21,0.1714285714285714,0.0006533758308205,0.388715953307393,2.5725725725725725,0.013101294068956,11.915,9.085,3.9170242424242416,0.4326190476190475,0.2293167437424854,0.0102059713689161,0.2914558794689039,0.2917657954145745,0.2111305123346724
graph_086_mu_0_3_node_317,24,0.1739130434782608,0.0006722447893698,0.404126213592233,2.4744744744744747,0.0192605139062401,15.099,8.901,3.53777316017316,0.370875,0.1467907553210921,0.0097274725388923,0.2339513701234049,0.2342550983128137,0.2058027057919591
graph_086_mu_0_3_node_93,31,0.1483870967741935,0.0012988428462172,0.3964285714285714,2.5225225225225225,0.0144942042146502,25.254,5.746,12.71820872477196,0.1853548387096774,0.1096821792682673,0.0071153713396315,0.1095490555470165,0.1097452302616827,0.2300496997533281
graph_086_mu_0_3_node_277,18,0.0392156862745098,0.0007786610209998,0.390081999219055,2.563563563563564,0.0124219934233247,13.341,4.659,7.020266233766233,0.2588333333333333,0.0162350561144355,0.0072830308987133,0.1633601795832251,0.1635191363170543,0.0185505292547799
graph_086_mu_0_3_node_532,23,0.0434782608695652,0.0011538158949378,0.3939274447949527,2.5385385385385386,0.0115404604094704,14.793,8.207,5.077829843848962,0.3568260869565217,0.0283418652920546,0.0148751379351057,0.2379250922374467,0.2382050848593867,0.0235278213560533
graph_086_mu_0_3_node_208,21,0.0571428571428571,0.000782509380938,0.3978494623655914,2.5135135135135136,0.0137739145226823,13.823,7.177,5.422930769230769,0.3417619047619047,0.0609096152796401,0.0113562450385023,0.2283970065131247,0.2286418479821629,0.0526690610996797
graph_086_mu_0_3_node_894,19,0.0584795321637426,0.0006253904663081,0.3996,2.5025025025025025,0.0188874215329741,10.769,8.231,3.7833319624819626,0.4332105263157895,0.0453527312765938,0.0135095889310951,0.2955221839300792,0.2958029506019762,0.0380828976032753
graph_086_mu_0_3_node_56,16,0.05,0.0004321436796747,0.3807164634146341,2.6266266266266265,0.0093612259076479,10.053,5.947,3.7938297258297258,0.3716875,0.0649601215222407,0.0108920279458716,0.2501967611210847,0.25039962146362,0.0350008174460172
graph_086_mu_0_3_node_95,107,0.1111721611721611,0.0122381308480705,0.4960278053624627,2.016016016016016,0.079392813480755,78.939,28.061,14.193259292813506,0.262252336448598,0.3275600679391662,0.0344531749777585,0.1555815696123809,0.1565422141320355,0.7021294174718052
graph_086_mu_0_3_node_524,50,0.0913120567375886,0.0037209842599044,0.4347258485639687,2.3003003003003,0.0255725078097682,36.373,13.627,8.1939859408414,0.27254,0.2233543967970889,0.0218356771999337,0.1668153257565053,0.1672807611835472,0.3176706377573702
graph_086_mu_0_3_node_397,18,0.2026143790849673,0.0002904901092231,0.4033104561970125,2.47947947947948,0.0218721421749059,14.387,3.613,6.4476,0.2007222222222221,0.0228177006525388,0.004453612813902,0.115753265235713,0.1158765660360967,0.0666239646802924
graph_086_mu_0_3_node_486,16,0.0833333333333333,0.0004275876782907,0.3916111328890631,2.5535535535535536,0.011897144576732,8.472,7.528,3.296039538239538,0.4705,0.0903524784985286,0.0121843491437111,0.345229844957641,0.3454865830600974,0.0343799310378005
graph_086_mu_0_3_node_15,45,0.1140642303433001,0.0033883650719487,0.4402820625826355,2.2712712712712717,0.026846924157796,31.967,13.033,9.330344612478616,0.2896222222222222,0.3434180685347902,0.0187355617177807,0.1839116852925955,0.1843566487175992,0.3632223866219121
graph_086_mu_0_3_node_9,31,0.1379310344827586,0.0010984663313383,0.4354838709677419,2.2962962962962963,0.0399940343366317,21.135,9.865,6.627949309024309,0.3182258064516128,0.0604037874001858,0.0128462355428418,0.1988434975487932,0.1991801983350531,0.0890798090719708
graph_086_mu_0_3_node_769,25,0.1633333333333333,0.0007776345579209,0.4278372591006424,2.3373373373373374,0.0395579202775745,17.955,7.045,7.005261183261183,0.2818,0.0253603107133289,0.0114396206446197,0.1743113437587551,0.1745517676366575,0.0421881120380619
graph_086_mu_0_3_node_461,16,0.0833333333333333,0.00040566390153,0.3906922174423152,2.55955955955956,0.0108078939230122,9.808,6.192,3.1325593073593074,0.387,0.0473306177833109,0.011927635406642,0.2556297676735342,0.2558409913525627,0.0378486646263678
graph_086_mu_0_3_node_440,31,0.0665024630541872,0.0013264947472959,0.4199243379571248,2.3813813813813813,0.0200401720622318,21.008,9.992,5.209535999866148,0.3223225806451613,0.0796681149770459,0.0182876421816622,0.2040253117462111,0.2043663311711234,0.0935563880008139
graph_086_mu_0_3_node_604,19,0.1169590643274853,0.0005206594536195,0.3779795686719637,2.645645645645646,0.0097148918394409,12.601,6.399,5.67967816905317,0.3367894736842104,0.1249671078247034,0.0085201574070222,0.2214987480685185,0.2217170476365684,0.1178762709752602
graph_086_mu_0_3_node_784,20,0.1105263157894736,0.0007170348308868,0.4114497528830313,2.4304304304304303,0.0177323030934041,12.022,7.978,3.703271062271062,0.3989,0.1261802341389336,0.0136866256665415,0.2707359524441249,0.2710081009395328,0.0802155900733817
graph_086_mu_0_3_node_428,28,0.1031746031746031,0.001352710587531,0.4112803622890078,2.431431431431432,0.0204478239441168,18.214,9.786,9.97702479775127,0.3494999999999999,0.144248821679042,0.0128619662536604,0.2383504746704086,0.2386843269130803,0.1183816511137341
graph_086_mu_0_3_node_328,25,0.13,0.0008990188154329,0.4049452776651804,2.4694694694694697,0.0212798845229184,14.542,10.458,4.904254384504384,0.4183199999999999,0.12040738294679,0.0127192608128299,0.2808662813464632,0.2812230612742561,0.1153091226200261
graph_086_mu_0_3_node_373,17,0.3014705882352941,0.000235675626306,0.383935434281322,2.6046046046046047,0.0156724853115204,13.39,3.61,5.3809,0.2123529411764705,0.0530937240154315,0.0039516301870627,0.1221028120470556,0.122226006490439,0.1542851174716147
graph_086_mu_0_3_node_226,24,0.108695652173913,0.0008679817558111,0.4042897612302711,2.4734734734734736,0.0172280400458987,12.227,11.773,4.186113952713953,0.4905416666666666,0.243438031129885,0.0178417386803249,0.3496472245940369,0.3500487769154087,0.1492669954006912
graph_086_mu_0_3_node_885,26,0.1538461538461538,0.0010255573807954,0.4172932330827067,2.3963963963963963,0.0215846281516437,14.483,11.517,3.2819937229437226,0.4429615384615384,0.1894546373428611,0.0126147075910209,0.2941280251591237,0.2945209565360826,0.1925400146434211
graph_086_mu_0_3_node_600,28,0.1375661375661375,0.0010274077506305,0.4322803980960623,2.313313313313313,0.0375353933334544,19.616,8.384,5.931401864801865,0.2994285714285714,0.0293223109210249,0.0153828652809575,0.1852119790209997,0.1854981246838316,0.0474688759904738
graph_086_mu_0_3_node_776,21,0.0666666666666666,0.0005498294232735,0.4034733441033926,2.4784784784784786,0.0241523729308249,17.218,3.782,7.8165,0.1800952380952381,0.014033468726714,0.0061321797602994,0.1032235272400869,0.1033526151008927,0.0356369917325989
graph_086_mu_0_3_node_205,17,0.1397058823529411,0.0004328896049938,0.3768389287061486,2.6536536536536537,0.008854687456318,12.469,4.531,6.227201515151515,0.2665294117647058,0.0532258680456784,0.0068918953109659,0.1668253701032129,0.1669799584903221,0.0644208612991034
graph_086_mu_0_3_node_854,44,0.1091753774680604,0.0021101833232181,0.4461813309513175,2.241241241241241,0.0515642459105,34.635,9.365,9.292525816993464,0.212840909090909,0.0329830036580519,0.0162882961472332,0.1232880873417156,0.1236080200573993,0.0883635001137406
graph_086_mu_0_3_node_994,29,0.0566502463054187,0.0014592198970595,0.4195716085678286,2.3833833833833835,0.0219969719708547,17.766,11.234,5.48299049628562,0.3873793103448275,0.0514199997652274,0.0205541015253814,0.2631231959179113,0.2635064721033614,0.0334696004393713
graph_086_mu_0_3_node_523,24,0.0688405797101449,0.0010196445739286,0.396271320904403,2.523523523523524,0.0129490698212272,15.132,8.868,5.731415917415918,0.3695,0.1726289921015331,0.0128282918329915,0.250291342476105,0.2505938711461287,0.1193704844722009
graph_086_mu_0_3_node_781,18,0.1437908496732026,0.0003733460527696,0.4112803622890078,2.431431431431432,0.0265759888796081,12.312,5.688,4.561657142857142,0.316,0.019476287817134,0.0097991611001082,0.1977451812386396,0.1979392478170222,0.0308433734144998
graph_086_mu_0_3_node_691,20,0.2263157894736842,0.0004642716373781,0.4112803622890078,2.431431431431432,0.0207100921454289,13.727,6.273,5.1202712842712845,0.31365,0.1041452777375875,0.0084367402626687,0.1980878904852188,0.198301922394368,0.134113212557145
graph_086_mu_0_3_node_102,28,0.164021164021164,0.0009971370933646,0.439894319682959,2.273273273273273,0.0308454710518301,16.368,11.632,4.899318803418804,0.4154285714285713,0.1680189143778424,0.0140618819251172,0.2750518150904739,0.2754486898873646,0.1733384894932605
graph_086_mu_0_3_node_162,23,0.0869565217391304,0.0009182553462861,0.4186923721709975,2.3883883883883885,0.021461660381263,15.395,7.605,5.538840673215674,0.3306521739130435,0.0622427375371513,0.0115665420632749,0.213572833928281,0.2138323139397993,0.0672129260240945
graph_086_mu_0_3_node_258,25,0.1333333333333333,0.0007398621433726,0.4165971643035863,2.4004004004004003,0.0332335240340049,20.021,4.979,6.8139482323232325,0.19916,0.0173095601256842,0.0089988419365043,0.1139709931588795,0.114140966849521,0.048139155469615
graph_086_mu_0_3_node_290,32,0.1411290322580645,0.0013585600550882,0.4267407090986758,2.3433433433433435,0.0302462560981753,18.076,13.924,5.453116207287724,0.435125,0.1588657587441431,0.0173669242816394,0.2945408807806252,0.2950159407377846,0.1443884419206219
graph_086_mu_0_3_node_905,19,0.1403508771929824,0.0005757525807165,0.4102669404517454,2.437437437437437,0.02751634636316,14.469,4.531,5.8743285714285705,0.2384736842105262,0.0161593227043777,0.0075177731302566,0.1422778593513176,0.1424324786519358,0.0365193529603749
graph_086_mu_0_3_node_690,27,0.1466666666666666,0.0007167138417745,0.4171189979123173,2.397397397397397,0.0264148835718916,15.447,11.553,3.481646203796205,0.427888888888889,0.1884042415020358,0.0128568871469628,0.2809894414391141,0.2813836260834089,0.1920303851673139
graph_086_mu_0_3_node_369,20,0.1947368421052631,0.0005026439231046,0.4190436241610738,2.3863863863863863,0.033140510823947,14.962,5.038,5.706809523809524,0.2518999999999999,0.017977530687937,0.0092965402081304,0.1511764338033688,0.15134835725693,0.0356875462507305
graph_086_mu_0_3_node_989,21,0.1142857142857142,0.0005657084278499,0.4150394682176984,2.4094094094094096,0.0256445316682759,12.372,8.628,4.077241666666666,0.4108571428571428,0.0516668396364712,0.0117880300212381,0.2741379089637166,0.2744322451962819,0.0503690403276383
graph_086_mu_0_3_node_601,28,0.1666666666666666,0.0009299107712036,0.4227676682183665,2.365365365365365,0.0293316725759111,16.348,11.652,4.192745493395494,0.4161428571428571,0.1679190487167474,0.0150253485436621,0.2755838030371117,0.2759813602461943,0.1731669731140568
graph_086_mu_0_3_node_58,34,0.1194295900178253,0.0018421442325185,0.4287553648068669,2.3323323323323324,0.0216165488243355,25.6,8.4,10.425961074890024,0.2470588235294117,0.1517077770327369,0.0108832734716984,0.1526489109947846,0.1529356565307807,0.2202218567629475
graph_086_mu_0_3_node_909,22,0.1731601731601731,0.0005076222666213,0.4134933774834437,2.4184184184184185,0.0290444351610454,15.556,6.444,5.982974603174603,0.2929090909090909,0.0393117442679197,0.0083729383737894,0.1796023309329328,0.1798222305592439,0.069313107326228
graph_086_mu_0_3_node_222,17,0.1544117647058823,0.0003799423597389,0.3821729150726855,2.6166166166166165,0.0139865882646538,11.394,5.606,4.350751190476191,0.3297647058823529,0.0661901464917143,0.0063547793305466,0.2065974120058658,0.2067886742292725,0.0974946359084918
graph_086_mu_0_3_node_650,22,0.1082251082251082,0.0007705962129893,0.3959571938168846,2.5255255255255253,0.0149270734107604,15.411,6.589,8.410385225885225,0.2995,0.0591716266336232,0.0087087250494578,0.1986514998494139,0.1988762895867001,0.057846001817939
graph_086_mu_0_3_node_451,13,0.1153846153846153,0.0002706588554304,0.3991210547343188,2.5055055055055053,0.018584927503735,7.887,5.113,3.6487166666666666,0.3933076923076923,0.0170656873361823,0.0087292508118799,0.2671886265399995,0.2673630229671928,0.0139400802675797
graph_086_mu_0_3_node_713,28,0.2089947089947089,0.0008707963177423,0.4169449081803005,2.3983983983983985,0.024733324254188,18.977,9.023,5.709729603729604,0.32225,0.1317913688369996,0.0099943267371137,0.1997911308074795,0.2000990781937309,0.2092898565207487
graph_086_mu_0_3_node_150,13,0.0897435897435897,0.0004020474814226,0.3782658084059068,2.643643643643644,0.0077423496585872,8.364,4.636,3.5601325396825394,0.3566153846153846,0.0153606244889565,0.0091764945595443,0.2335438287291894,0.2337019675856842,0.0173411016326263
graph_086_mu_0_3_node_743,15,0.0380952380952381,0.0003411871804046,0.4012048192771084,2.4924924924924925,0.0146948929016885,7.007,7.993,2.334121212121212,0.5328666666666667,0.0398248660243888,0.0162152764814067,0.4022832983434208,0.4025558785663063,0.0093901193842444
graph_086_mu_0_3_node_631,61,0.0983606557377049,0.0042473469337262,0.4725638599810785,2.116116116116116,0.0734441296526951,46.744,14.256,9.78705798148304,0.2337049180327868,0.0501470392995475,0.0259415743040387,0.1375467312643538,0.1380340076888115,0.1190957379713844
graph_086_mu_0_3_node_483,20,0.1526315789473684,0.0004930912880464,0.3964285714285714,2.5225225225225225,0.0197555043738535,14.78,5.22,5.236428571428571,0.261,0.0320990184863024,0.0069582419701494,0.1560679713960448,0.1562461069627976,0.0648452806979649
graph_086_mu_0_3_node_564,27,0.1623931623931624,0.0007487263978716,0.4213412062420919,2.373373373373373,0.0383277688119336,21.829,5.171,7.127053571428571,0.1915185185185185,0.0174503597614547,0.0093314527204652,0.1085748669457136,0.10875141767846,0.0580683852203433
graph_086_mu_0_3_node_448,59,0.1046171829339567,0.0039202734578181,0.4648673801768264,2.151151151151151,0.0680131169667067,47.316,11.684,13.988325554046456,0.1980338983050847,0.0431342059113393,0.0185063058223387,0.1150005863193982,0.1153999756357838,0.1209061293339625
graph_086_mu_0_3_node_390,24,0.1123188405797101,0.0008677041824401,0.4121287128712871,2.4264264264264264,0.0232570204732997,15.076,8.924,4.875092574092574,0.3718333333333333,0.0539785502994303,0.0130251417712844,0.2417931127531009,0.2420975927374138,0.0617089332260493
graph_086_mu_0_3_node_536,42,0.1231126596980255,0.0021819443312438,0.4483842010771993,2.23023023023023,0.0537666732345772,33.906,8.094,10.194473892773894,0.1927142857142857,0.0296992028164815,0.0131892399965483,0.1111737037963599,0.111450202745826,0.087015964669562
graph_086_mu_0_3_node_412,20,0.2,0.000468470685908,0.384526558891455,2.6006006006006004,0.0119412734930389,14.778,5.222,5.649214285714287,0.2611,0.1193016063704646,0.0073821877664838,0.1568313253585649,0.1570095264761588,0.2202264454736153
graph_086_mu_0_3_node_238,36,0.0888888888888888,0.002149389192961,0.4251063829787234,2.3523523523523524,0.0238462501192997,24.201,11.799,6.422156960988936,0.32775,0.1887738915505267,0.0186851287671231,0.2146393883315311,0.2150420611418749,0.1774157157189947
graph_086_mu_0_3_node_919,23,0.1581027667984189,0.0007183897242024,0.4141791044776119,2.414414414414414,0.0351721358501589,18.218,4.782,6.241755158730158,0.2079130434782608,0.0162284496198631,0.0095410583603169,0.11905574342822,0.1192189774440471,0.0397999751088155
graph_086_mu_0_3_node_980,31,0.0946236559139784,0.0015677638348567,0.4077551020408163,2.4524524524524525,0.0166978537117477,20.544,10.456,6.274024639361327,0.3372903225806451,0.1737474989452071,0.0154021582574372,0.2198859244629039,0.2202427313902485,0.1616384079819137
graph_086_mu_0_3_node_110,29,0.1453201970443349,0.0013910710353648,0.4404761904761904,2.27027027027027,0.0422804648795277,19.793,9.207,4.879862615162615,0.3174827586206896,0.0311117320422716,0.0184801951628414,0.1965962271126072,0.1969104684013482,0.0470108866654012
graph_086_mu_0_3_node_986,25,0.0966666666666666,0.001024971817811,0.4065934065934066,2.45945945945946,0.0165407059712246,15.349,9.651,5.092134506424947,0.3860399999999999,0.1577813520698968,0.0152277636383154,0.2624013225949769,0.2627305664904728,0.1112870649071492
graph_086_mu_0_3_node_259,30,0.232183908045977,0.0011128868026327,0.4111111111111111,2.4324324324324325,0.0200510017358042,21.731,8.269,6.281535714285714,0.2756333333333333,0.2089570257230392,0.0101020268787343,0.1647155495441352,0.1649978323866344,0.4220749753947698
graph_086_mu_0_3_node_924,24,0.144927536231884,0.0008617106780532,0.4278372591006424,2.3373373373373374,0.0389699783162115,16.139,7.861,4.105958441558442,0.3275416666666666,0.026898923741109,0.0168222236296524,0.2047955461721273,0.2050637992397833,0.0360126371895204
graph_086_mu_0_3_node_292,27,0.1139601139601139,0.0012584797113943,0.4315334773218142,2.3173173173173174,0.0368769819322478,18.245,8.755,5.400702597402598,0.3242592592592592,0.0302393817517363,0.0164853906854891,0.20328115640758,0.2035799379784191,0.0427423602874118
graph_086_mu_0_3_node_506,37,0.1186186186186186,0.0019502947984792,0.4332176929748482,2.3083083083083085,0.0273633305787719,21.76,15.24,5.015090883815,0.4118918918918918,0.3515225563059851,0.0239230891525553,0.2785598556917264,0.2790798690249914,0.2774157009068879
graph_086_mu_0_3_node_549,33,0.1376344086021505,0.0012173789601637,0.4148671096345515,2.4104104104104103,0.0221695491252174,24.167,8.833,6.039371654106987,0.2676666666666666,0.0672002770391162,0.0164551742555277,0.1604299839594931,0.1607315495998709,0.1175725261372676
graph_086_mu_0_3_node_180,22,0.1385281385281385,0.0008241109498857,0.4002403846153846,2.4984984984984986,0.0148187759488537,15.357,6.643,6.556354212454213,0.3019545454545453,0.1150186639417029,0.0092810604427826,0.1914713728967877,0.1916980382189636,0.1438256982629585
graph_086_mu_0_3_node_910,28,0.2,0.0007996712735167,0.4176421404682274,2.3943943943943946,0.0264933704581477,18.127,9.873,5.348123543123542,0.3526071428571429,0.1434669315872997,0.0112009755781614,0.2232576551054665,0.2235945800997465,0.1858588133927917
graph_086_mu_0_3_node_712,19,0.1169590643274853,0.0006147185811356,0.3997599039615846,2.5015015015015014,0.0146497945425334,12.026,6.974,4.718401334776335,0.3670526315789474,0.1351675294168998,0.0095709335909418,0.2475669163437116,0.2478048159099621,0.1050750113015806
graph_086_mu_0_3_node_907,33,0.115530303030303,0.0016500925554896,0.4438027543314082,2.253253253253253,0.0468539882179228,23.867,9.133,7.564773351648351,0.2767575757575757,0.0327668058805326,0.0149394860946791,0.1701140003587907,0.1704257654327644,0.053758055387966
graph_086_mu_0_3_node_356,22,0.1991341991341991,0.0005780009647416,0.3945497630331753,2.5345345345345347,0.0153751192502828,14.985,7.015,4.549261111111111,0.3188636363636362,0.1823888692112405,0.0118773781161347,0.2004533547852112,0.2006927204461313,0.2245825727527391
graph_086_mu_0_3_node_388,32,0.0735632183908046,0.0015097390131301,0.4087561374795417,2.4464464464464464,0.0181102703140603,22.223,9.777,6.689993123285383,0.30553125,0.1562442493501515,0.0162347465221011,0.1950065932414363,0.1953402767301298,0.112077827779046
graph_086_mu_0_3_node_554,28,0.1058201058201058,0.0013662938911,0.4181665969024696,2.391391391391392,0.0192375862145835,18.436,9.564,5.302873751205794,0.3415714285714286,0.297971316087082,0.0160575201064017,0.2288809844719584,0.2292073004617196,0.2000815082216604
graph_086_mu_0_3_node_496,21,0.1619047619047619,0.0006764136749034,0.4122988031366075,2.4254254254254253,0.0251755121676965,14.215,6.785,4.757831818181818,0.323095238095238,0.0414846986489887,0.0090871046091685,0.2023828135614002,0.2026143261770776,0.0606306809800504
graph_086_mu_0_3_node_756,21,0.1285714285714285,0.0006209269098215,0.4287553648068669,2.3323323323323324,0.0327328392170945,14.996,6.004,4.409541666666666,0.2859047619047619,0.0207239744715405,0.0123917178127452,0.1737845034180947,0.1739893897371755,0.0326610705738749
graph_086_mu_0_3_node_965,21,0.1380952380952381,0.0005252309410593,0.3928430987023201,2.5455455455455454,0.0151642060643725,15.779,5.221,6.818100757575758,0.2486190476190476,0.0453419710104994,0.0075021089661012,0.1517652196311047,0.1519433840621762,0.0729176163408505
graph_086_mu_0_3_node_313,66,0.1155753968253968,0.0048124837873536,0.4701176470588235,2.1271271271271277,0.057971974165416,43.22,22.78,10.774297439692418,0.3451515151515151,0.2667189335984457,0.026357202662755,0.2180105071136589,0.218788664823201,0.3646944300969612
graph_086_mu_0_3_node_417,41,0.0792682926829268,0.0024542528848288,0.4389279437609842,2.2782782782782784,0.0370437618546456,26.264,14.736,7.791249879794269,0.3594146341463415,0.0904244937998078,0.0194919551963272,0.2335636599882153,0.2340666236938254,0.103845709232371
graph_086_mu_0_3_node_804,31,0.1376344086021505,0.0009603493667485,0.4311609840310746,2.319319319319319,0.0421601753774804,24.051,6.949,7.401409632034631,0.2241612903225806,0.0239497576629698,0.0119603667649443,0.1307096772512122,0.1309469388755213,0.0622722409217386
graph_086_mu_0_3_node_407,20,0.2473684210526315,0.0003261568394776,0.4229466553767993,2.364364364364364,0.0400516010680463,16.732,3.268,7.027,0.1634,0.0114027410892173,0.0057171777302525,0.0912118636855478,0.091323413115894,0.0439602739192557
graph_086_mu_0_3_node_234,20,0.1421052631578947,0.0006652066585631,0.3867595818815331,2.5855855855855854,0.0106222459552781,13.727,6.273,5.279761127761128,0.31365,0.1062351639251548,0.0098396578642242,0.2015518200832551,0.2017658426349392,0.1100053624467837
graph_086_mu_0_3_node_35,29,0.1945812807881773,0.0008825237967085,0.4004008016032064,2.497497497497497,0.0208988350965146,19.861,9.139,4.362804026529027,0.3151379310344828,0.1508052654193564,0.0100098630448945,0.1914892503124294,0.1918011963975281,0.2757498887986898
graph_086_mu_0_3_node_525,27,0.1452991452991453,0.0010682260287289,0.4016887816646562,2.4894894894894897,0.0166130880886609,17.546,9.454,5.326876973026972,0.3501481481481481,0.242226294612092,0.0103235163666866,0.22236189448258,0.2226845091364641,0.3255259938096716
graph_086_mu_0_3_node_20,54,0.1153039832285115,0.0037112308837178,0.4514234071396295,2.215215215215215,0.0403992822923937,36.477,17.523,9.510708416054266,0.3245,0.2569997618546272,0.019285652015011,0.2017645872952641,0.2023630639235695,0.4013083969644784
graph_086_mu_0_3_node_674,40,0.139402560455192,0.0023834540561957,0.4309749784296807,2.32032032032032,0.0256081572741338,27.902,12.098,6.4795667415323495,0.30245,0.2912766653677504,0.0202541322966009,0.1885350984574426,0.1889481325289637,0.3350637380665993
