,Degree,Clustering Coefficient,Betweenness,Closeness,Shortest Path,Eigenvector,E In,E Out,E In Over E Out,ODF,Expansion,Cut Ratio,Conductance,Normalised Cut,Triangle Participation
graph_093_mu_0_2_node_65,21,0.3047619047619048,0.0015113894229186,0.3689069423929099,2.710710710710711,0.0103240016393702,13.141,7.859,1.678375,0.3742380952380953,0.4542699024910024,0.0080482615478407,0.2303254901960784,0.2306266286952329,0.742361368793125
graph_093_mu_0_2_node_44,23,0.3904761904761905,0.0009903026338752,0.3603896103896103,2.774774774774775,0.0093113794035128,18.011,4.989,3.613416666666668,0.2169130434782609,0.2548797926494305,0.005095511529056,0.1216586176160765,0.1218498771457294,0.8675079284256357
graph_093_mu_0_2_node_371,27,0.1866666666666666,0.0024789342464433,0.3837879369957741,2.6056056056056054,0.0161391484911884,14.099,12.901,1.0946555944055945,0.4778148148148149,0.6738070745895381,0.0132167348554284,0.3139963536180212,0.3144906309330499,0.6774311747704919
graph_093_mu_0_2_node_477,16,0.2833333333333333,0.0009707528641433,0.3536283185840708,2.827827827827828,0.0068646428852512,10.007,5.993,1.6717333333333335,0.3745625,0.3643971591061292,0.0060976291155173,0.2304628296352434,0.2306924290185822,0.6075954599979208
graph_093_mu_0_2_node_850,23,0.2529644268774703,0.0017631222114122,0.3727611940298507,2.6826826826826826,0.0117718426541366,15.022,7.978,1.8859797619047616,0.3468695652173912,0.4295516621186601,0.008141539138113,0.2099041813591048,0.2102099225482646,0.8042483011561463
graph_093_mu_0_2_node_694,16,0.2416666666666666,0.0009364660089824,0.3666055045871559,2.727727727727728,0.0090099100707495,9.025,6.975,1.296152380952381,0.4359375,0.3986522884176968,0.0071069347208339,0.2788070240870242,0.2790742148617123,0.512557782429813
graph_093_mu_0_2_node_258,30,0.3655172413793103,0.0019151985375989,0.3778366111951589,2.6466466466466465,0.0152861295600111,22.004,7.996,2.752142857142857,0.2665333333333333,0.327708279783805,0.0081999598233855,0.1537590711175616,0.1540656663330996,0.9015014062448148
graph_093_mu_0_2_node_887,19,0.2631578947368421,0.0012493932970707,0.3630087209302325,2.754754754754755,0.0088289601738389,11.02,7.98,1.3823059523809524,0.4199999999999999,0.4076770220766982,0.0081505395529686,0.265859445259042,0.2661651695396929,0.5613948409296902
graph_093_mu_0_2_node_966,27,0.2633333333333333,0.0018021849813476,0.3784090909090909,2.6426426426426426,0.0165990541635707,17.034,9.966,1.7114214285714284,0.3691111111111111,0.4585321204380666,0.0102028062035599,0.226363014044235,0.2267449714158604,0.7350909026219934
graph_093_mu_0_2_node_556,17,0.3897058823529412,0.0006719374565029,0.3603896103896103,2.774774774774775,0.0124895184002886,12.997,4.003,3.2531166666666667,0.2354705882352941,0.2198002402453719,0.0040792968064842,0.1335092741935483,0.1336626808736873,0.7116752515635876
graph_093_mu_0_2_node_309,15,0.1238095238095238,0.0010299578100862,0.3647316538882804,2.7417417417417416,0.0098572097113147,6.026,8.974,0.6728809523809522,0.5982666666666664,0.584301686068617,0.0091575903295515,0.426942518351214,0.4272861794155436,0.3902926395851667
graph_093_mu_0_2_node_53,31,0.3004926108374384,0.0022022198472781,0.3766968325791855,2.6546546546546548,0.012566313313688,23.007,7.993,2.878875,0.2578387096774193,0.3139634459645001,0.008206751568562,0.1480020202020202,0.1483085239844261,0.8639352346466354
graph_093_mu_0_2_node_904,25,0.3233333333333333,0.0018019655679081,0.3720670391061452,2.687687687687688,0.012831339396886,17.121,7.879,2.1878869047619047,0.31516,0.2803345133123299,0.0081134949829429,0.1872004094097117,0.1875024057241673,0.6042255932034771
graph_093_mu_0_2_node_633,15,0.2095238095238095,0.0010301606310462,0.3589651455264103,2.785785785785786,0.0084144318085728,8.057,6.943,1.163642857142857,0.4628666666666668,0.4538482359508924,0.0070837219549896,0.3012630434782609,0.3015289889570661,0.520065370675792
graph_093_mu_0_2_node_951,30,0.3888888888888889,0.0016456912619771,0.3830521472392638,2.6106106106106104,0.0201428552034961,22.01,7.99,2.755535714285714,0.2663333333333333,0.3369996163369692,0.0081921910765174,0.1536292533462344,0.1539356186768765,0.8850255962250679
graph_093_mu_0_2_node_946,24,0.29004329004329,0.0016759323204338,0.3729003359462486,2.681681681681681,0.0124873121429427,16.014,7.986,2.006428571428572,0.3327499999999999,0.373769908226953,0.0081654545648525,0.199594425087108,0.1999004963188896,0.7017638043497049
graph_093_mu_0_2_node_249,18,0.2941176470588235,0.0011436351221845,0.3648648648648648,2.740740740740741,0.0087565852012754,11.201,6.799,1.6592077922077926,0.3777222222222223,0.3623282994412641,0.0070110593159541,0.2331085205784204,0.2333690138616793,0.5779702560307248
graph_093_mu_0_2_node_521,51,0.3596938775510204,0.0038873539813443,0.4111111111111111,2.4324324324324325,0.0770780058646586,39.032,11.968,3.262672727272728,0.2346666666666667,0.2513404973252867,0.0125956156726977,0.1329358815097945,0.1333953072150439,0.7975529688695138
graph_093_mu_0_2_node_282,19,0.4338235294117647,0.0006805798308027,0.350403367239565,2.853853853853854,0.0053250337368268,15.004,3.996,3.756333333333333,0.2103157894736841,0.2428905820917664,0.0040659363753253,0.1175193277310924,0.1176724899150708,0.85060111440029
graph_093_mu_0_2_node_568,24,0.238095238095238,0.0017089335537115,0.3757051523128996,2.661661661661661,0.0163616785627371,14.035,9.965,1.410133333333333,0.4152083333333333,0.4856262889562877,0.0101817064974388,0.2620437246963562,0.2624255560036296,0.6328923777840645
graph_093_mu_0_2_node_170,22,0.1842105263157894,0.0014975111811002,0.3741573033707865,2.6726726726726726,0.0163832454113879,12.177,9.823,1.255471428571428,0.4464999999999999,0.5434662764166076,0.0100560044001068,0.2879645578137731,0.2883408944903155,0.6012454554293846
graph_093_mu_0_2_node_550,27,0.3166666666666666,0.0016348709960346,0.3766968325791855,2.6546546546546548,0.0156324067003407,19.003,7.997,2.3764464285714286,0.2961851851851852,0.2830127951245743,0.0082370359270763,0.1738381128584643,0.1741446758583634,0.6369767481721902
graph_093_mu_0_2_node_228,21,0.3742690058479532,0.0009788921420148,0.3631406761177753,2.7537537537537538,0.00885347844384,15.036,5.964,2.5252,0.2839999999999999,0.3111478775884153,0.0061104397707139,0.1655315315315315,0.1657601081334929,0.7282661603808386
graph_093_mu_0_2_node_499,24,0.3876811594202898,0.0010546751215546,0.3836405529953917,2.6066066066066065,0.0408916663571093,17.033,6.967,2.4476571428571425,0.2902916666666666,0.1464278828260833,0.0073316616483239,0.1698131431812657,0.1700801914598873,0.3568474016237223
graph_093_mu_0_2_node_576,19,0.3801169590643274,0.0009618540752682,0.3684987089634821,2.7137137137137137,0.0123330510651218,13.01,5.99,2.1730000000000005,0.3152631578947369,0.2804237967689199,0.0061243421389632,0.1871401515151515,0.1873696888292483,0.6079669257381549
graph_093_mu_0_2_node_752,25,0.2933333333333333,0.0017155545321672,0.3772658610271903,2.650650650650651,0.0158827295747554,16.018,8.982,1.7846230158730163,0.3592800000000001,0.3503329157170443,0.0092282870418202,0.2189976501093915,0.2193418809444559,0.6235750195358007
graph_093_mu_0_2_node_114,20,0.3006535947712418,0.0010842760674191,0.3652650822669104,2.7377377377377377,0.0098212117597435,13.033,6.967,1.8728571428571432,0.34835,0.398958389869412,0.007138975475695,0.2109447415329767,0.2112117079568513,0.6856469220123115
graph_093_mu_0_2_node_985,18,0.2583333333333333,0.0010676662359908,0.3632727272727272,2.7527527527527527,0.0092593513624656,12.005,5.995,2.0042,0.3330555555555555,0.3873859929451279,0.0060973525270076,0.1998362282878412,0.2000659393989403,0.7104803957001213
graph_093_mu_0_2_node_862,22,0.3578947368421052,0.0011065984318058,0.3652650822669104,2.7377377377377377,0.0110450063909775,15.169,6.831,2.232009523809524,0.3105,0.2933987658052379,0.0070977266661033,0.1839052412736623,0.1841670400667055,0.5945361991535187
graph_093_mu_0_2_node_572,36,0.3885918003565062,0.0014782262481942,0.390081999219055,2.563563563563564,0.0694287186569404,29.038,6.962,4.176114285714288,0.1933888888888889,0.1340137638222155,0.007363158717912,0.107055547437637,0.1073226499039685,0.5383662806076409
graph_093_mu_0_2_node_171,32,0.3185483870967742,0.0019273349767115,0.391304347826087,2.555555555555556,0.0526805188011691,22.137,9.863,2.251479365079365,0.30821875,0.1901470281519549,0.0104263942611653,0.182253414099512,0.1826315728155373,0.4240907683414469
graph_093_mu_0_2_node_599,17,0.3602941176470588,0.0005788866233777,0.3542553191489361,2.8228228228228227,0.0096983061101137,13.007,3.993,3.261333333333333,0.2348823529411764,0.1569609936640718,0.0040994908703623,0.1330797043010752,0.1332327280684055,0.5104227615981584
graph_093_mu_0_2_node_562,16,0.3186813186813186,0.0006082309585493,0.3491786088780146,2.863863863863864,0.0068489721797639,12.028,3.972,3.0413333333333337,0.24825,0.2597308909486401,0.0040523726896356,0.1417709177157452,0.1419231252678144,0.7148830444331067
graph_093_mu_0_2_node_847,18,0.3464052287581699,0.0010396498121996,0.3635371179039301,2.750750750750751,0.0105434525234856,12.026,5.974,2.0156,0.3318888888888888,0.3637208982569619,0.0060782011947228,0.1989935483870968,0.1992224553893725,0.7297707982350944
graph_093_mu_0_2_node_358,24,0.3659420289855072,0.0014308467647866,0.3722056631892697,2.6866866866866865,0.0126525445239936,16.025,7.975,2.011,0.3322916666666666,0.3855113841375859,0.0081527098620663,0.1992710801393729,0.1995767301341519,0.7722395853422358
graph_093_mu_0_2_node_325,22,0.131578947368421,0.0016986321340298,0.3758465011286682,2.660660660660661,0.0139616820946083,12.034,9.966,1.2094373015873014,0.4529999999999999,0.536534284743484,0.0101701173240482,0.2929191289811979,0.2933009399318679,0.5902523021690859
graph_093_mu_0_2_node_623,17,0.3088235294117647,0.0009963483573622,0.3556425774296903,2.811811811811812,0.0061408319809827,12.006,4.994,2.406988888888888,0.2937647058823529,0.2685219902151753,0.0050969445001036,0.1722105747126437,0.1724019377222713,0.6434676205466596
graph_093_mu_0_2_node_997,20,0.2483660130718954,0.001138763988647,0.3709617526921648,2.695695695695696,0.0134444904357703,12.194,7.806,1.570461038961039,0.3903000000000001,0.4150136208979901,0.0080486639424622,0.2426803671311784,0.2429794534665645,0.5782846131627839
graph_093_mu_0_2_node_698,23,0.4229249011857707,0.0009067485550993,0.3666055045871559,2.727727727727728,0.0147328647285561,18.044,4.956,3.651366666666668,0.2154782608695652,0.1759736533483168,0.0051039042654934,0.1207770845150312,0.1209670795318562,0.6378632503372825
graph_093_mu_0_2_node_260,21,0.3742690058479532,0.0007735043361326,0.3687707641196013,2.7117117117117115,0.0131180879602398,16.009,4.991,3.209450000000001,0.2376666666666667,0.1946250574242697,0.0051280067799735,0.1348662873399715,0.1350575941796415,0.5845634919499824
graph_093_mu_0_2_node_110,16,0.1833333333333333,0.0011400942208199,0.37,2.702702702702702,0.0105781521707175,8.01,7.99,1.004025974025974,0.499375,0.4293825321954883,0.0081546060586386,0.3328533333333332,0.3331593699998233,0.4290397626214181
graph_093_mu_0_2_node_140,40,0.2844950213371266,0.0043945251416588,0.4062627084180561,2.4614614614614614,0.0268356003079432,25.03,14.97,1.6724395604395603,0.37425,0.5761383717082416,0.0153896984374322,0.2302109035243364,0.2307848864182867,0.9234337103741984
graph_093_mu_0_2_node_303,44,0.3310104529616725,0.0032891577024004,0.4070904645476773,2.4564564564564564,0.0801590345900321,33.081,10.919,3.0325777777777776,0.2481590909090908,0.2102355900548057,0.0115487046863837,0.1416710715444892,0.1420900536554396,0.6158313216733033
graph_093_mu_0_2_node_130,21,0.3157894736842105,0.001055896886355,0.3588362068965517,2.7867867867867866,0.0085826717628672,14.211,6.789,2.1277,0.3232857142857143,0.3962809640793718,0.0069472763758614,0.193158905058905,0.1934190744772015,0.7454088379013899
graph_093_mu_0_2_node_40,42,0.3681765389082462,0.0030161512902939,0.4052738336713996,2.4674674674674675,0.0664773088993574,31.139,10.861,2.872559090909092,0.2585952380952381,0.2287088416291849,0.0114280756265581,0.148529713361523,0.1489464084144009,0.6522158649185951
graph_093_mu_0_2_node_428,33,0.3162878787878788,0.0020823159470033,0.4054383116883117,2.4664664664664664,0.0563156975962062,22.129,10.871,2.039233333333333,0.3294242424242424,0.2288657813185157,0.0114390458733354,0.1972417293233083,0.1976585198209882,0.4633942909854372
graph_093_mu_0_2_node_657,26,0.3415384615384615,0.0016924575046454,0.3758465011286682,2.660660660660661,0.0133468379687434,18.01,7.99,2.2546428571428567,0.3073076923076923,0.373906407276225,0.0081695283197529,0.1815555555555555,0.1818618269466397,0.8417594223726053
graph_093_mu_0_2_node_319,46,0.3391304347826087,0.0037352313770245,0.4079216006533279,2.4514514514514514,0.069957999210568,35.053,10.947,3.2051633477633468,0.2379782608695652,0.2300514327802216,0.0115199822137048,0.1350719772015422,0.135492096881329,0.7345753044317395
graph_093_mu_0_2_node_360,17,0.2794117647058823,0.0011511327273758,0.3567857142857142,2.8028028028028027,0.0060861498258255,11.002,5.998,1.8344666666666665,0.3528235294117646,0.3644305654973521,0.006103131221232,0.2142019704433497,0.2144317789165128,0.6683115923007011
graph_093_mu_0_2_node_436,19,0.2573529411764705,0.0010375671138768,0.3631406761177753,2.7537537537537538,0.0089359701086344,12.117,6.883,1.7697476190476191,0.3622631578947368,0.363540211483061,0.0071008445208362,0.2213665514592933,0.2216302809813599,0.5775516189584707
graph_093_mu_0_2_node_845,23,0.3238095238095238,0.0013676547440709,0.3717901004838109,2.68968968968969,0.0171635201355576,15.374,7.626,2.055522619047619,0.3315652173913042,0.3326679078762976,0.007915471587281,0.1991946991425944,0.1994869601856178,0.5975496744614472
graph_093_mu_0_2_node_291,25,0.4822134387351778,0.0009455273025655,0.3651315789473684,2.7387387387387387,0.0120474515630123,20.048,4.952,4.060833333333333,0.19808,0.209530436717554,0.0050765299597772,0.1099527186761229,0.1101425895345096,0.8018007736786147
graph_093_mu_0_2_node_158,25,0.37,0.0009920777367862,0.3826120260436614,2.6136136136136137,0.0492375690069021,19.017,5.983,3.180833333333333,0.2393200000000001,0.115047576307557,0.0063285817087313,0.1359343434343433,0.1361637181382704,0.365223883999483
graph_093_mu_0_2_node_989,21,0.3625730994152046,0.001245888322923,0.3564038530146272,2.805805805805806,0.0069065933299528,14.009,6.991,2.0051,0.3329047619047618,0.4865844903962144,0.0071013922927192,0.1997054054054054,0.1999733113459813,0.904290050273076
graph_093_mu_0_2_node_337,33,0.2840909090909091,0.0024200301938893,0.3891702376314764,2.5695695695695697,0.0507481304252013,23.162,9.838,2.363603571428572,0.2981212121212121,0.1897212277161341,0.0104006249345106,0.1752514237815461,0.1756286537692191,0.4431418253567157
graph_093_mu_0_2_node_233,17,0.2720588235294117,0.0009905728205458,0.3583213773314204,2.790790790790791,0.0075515448171431,11.018,5.982,1.845362121212121,0.3518823529411763,0.3881684611781533,0.0060825518737372,0.2135894267152138,0.2138186223731408,0.7113216376450241
graph_093_mu_0_2_node_192,20,0.2947368421052631,0.0008267869252386,0.378839590443686,2.63963963963964,0.0377212292471096,14.011,5.989,2.341333333333333,0.2994499999999999,0.1151715645294741,0.0063343574454158,0.1761045751633986,0.1763340917520513,0.2690366006419376
graph_093_mu_0_2_node_467,24,0.4528985507246377,0.0007198211403225,0.3740172220142269,2.6736736736736737,0.0448207474450514,20.107,3.893,5.234,0.1622083333333333,0.0753124679729505,0.0041140706098644,0.0883224623664956,0.0884717351931356,0.3854257867294094
graph_093_mu_0_2_node_349,17,0.1029411764705882,0.0015221948660672,0.367820324005891,2.7187187187187187,0.0101051789673808,7.061,9.939,0.7116853535353534,0.5846470588235294,0.5443389936125572,0.0101811612737941,0.4132285730211817,0.4136092049974177,0.381631841038021
graph_093_mu_0_2_node_424,33,0.2102272727272727,0.0029622473700186,0.4036363636363636,2.477477477477477,0.0506862338389606,19.118,13.882,1.379036263736264,0.4206666666666665,0.267170239261395,0.0146778405549249,0.2664180005529061,0.2669500476535815,0.3661576045947367
graph_093_mu_0_2_node_851,17,0.2794117647058823,0.0008706850188431,0.3569131832797427,2.8018018018018016,0.0066388416159293,11.007,5.993,1.8388454545454544,0.3525294117647058,0.3290308568814014,0.0061072449951329,0.2140472263868066,0.2142768432672332,0.60216388032083
graph_093_mu_0_2_node_405,33,0.3219696969696969,0.0020969773658492,0.3986432561851556,2.5085085085085086,0.0630460138105035,23.104,9.896,2.3389583333333333,0.2998787878787878,0.1907303204205135,0.0104652360163901,0.1764274695359087,0.1768069214382175,0.4432280071847795
graph_093_mu_0_2_node_751,17,0.4485294117647059,0.0007882630174901,0.3589651455264103,2.785785785785786,0.0078124956248282,12.015,4.985,2.412749999999999,0.293235294117647,0.347362686226516,0.0050634176332879,0.1718275862068966,0.172018604595912,0.8348714990304542
graph_093_mu_0_2_node_875,24,0.2355072463768115,0.0013042354705639,0.3851195065535852,2.5965965965965965,0.0407515195585895,14.104,9.896,1.4284666666666668,0.4123333333333334,0.1905513424975184,0.0104628622614825,0.2598072874493927,0.2601864776202842,0.2701589049106774
graph_093_mu_0_2_node_365,17,0.3308823529411764,0.0009721123295207,0.3616944243301955,2.764764764764765,0.007575250727833,11.007,5.993,1.838433333333333,0.3525294117647058,0.3419902523864258,0.0061067779268283,0.2140275041050903,0.2142571210294955,0.6262538933659132
graph_093_mu_0_2_node_692,38,0.3857142857142857,0.0021600278969587,0.3909980430528376,2.557557557557557,0.0577959243345193,29.145,8.855,3.30206746031746,0.2330263157894737,0.1865734968960193,0.0093173193396896,0.1319196821882549,0.1322593886633758,0.589607668088133
graph_093_mu_0_2_node_134,28,0.4369230769230769,0.0016404905640195,0.376271186440678,2.6576576576576576,0.0160776201370823,21.019,6.981,3.0168666666666666,0.2493214285714285,0.2946669705129425,0.0071570535359847,0.1424324624247376,0.1427001289476736,0.8430806411827477
graph_093_mu_0_2_node_375,20,0.2222222222222222,0.0011673116739281,0.3670095518001469,2.724724724724725,0.0110335325633543,13.022,6.978,1.868809523809524,0.3489,0.3757461548835365,0.0071209556696137,0.2113750954927425,0.2116424829982638,0.6437274237516458
graph_093_mu_0_2_node_772,19,0.2941176470588235,0.0010544704488105,0.3558959743498396,2.80980980980981,0.007123458445228,12.99,6.01,2.167616666666667,0.3163157894736843,0.4177000542209937,0.0061063898305993,0.188038470108323,0.1882687728108436,0.8322937706886462
graph_093_mu_0_2_node_101,23,0.4150197628458498,0.001296200165239,0.3730395817774458,2.680680680680681,0.013284314439559,16.045,6.955,2.310795238095237,0.3023913043478261,0.3376777665651638,0.0071321566036956,0.1781631332082551,0.1784297013960992,0.7738757809693362
graph_093_mu_0_2_node_538,19,0.3099415204678362,0.0011596606928371,0.3634048744998181,2.751751751751752,0.0099222992456643,13.004,5.996,2.1723666666666674,0.315578947368421,0.3292328818531194,0.0061101742871673,0.1874205402440696,0.1876503071350767,0.7117433843451383
graph_093_mu_0_2_node_77,20,0.1631578947368421,0.001508803794536,0.374578177727784,2.66966966966967,0.012294887914594,11.02,8.98,1.2284829059829057,0.4490000000000001,0.482990493508763,0.0091645017682965,0.2895531133600393,0.2898971357101986,0.5900779009534248
graph_093_mu_0_2_node_459,18,0.3583333333333333,0.0006601826636617,0.3605196679898953,2.7737737737737738,0.0094659440079033,13.004,4.996,2.603600000000001,0.2775555555555555,0.2294615426264491,0.0051154522621181,0.1611451612903225,0.1613366156624109,0.5509842801435898
graph_093_mu_0_2_node_786,22,0.4105263157894737,0.0009201279179974,0.3622189992748368,2.760760760760761,0.0109601045213185,17.132,4.868,3.696999999999999,0.2212727272727272,0.2573160117726318,0.0049843738245106,0.1246591532498509,0.1248457607696986,0.8340687280950847
graph_093_mu_0_2_node_181,28,0.2892307692307692,0.001706836079487,0.3784090909090909,2.6426426426426426,0.0186463067771871,18.015,9.985,1.8060888888888893,0.3566071428571428,0.4095464301840906,0.0102388346513144,0.2170185066737148,0.217401220820039,0.6967851443845248
graph_093_mu_0_2_node_842,22,0.3526315789473684,0.0010865030871972,0.3704115684093437,2.6996996996997,0.014107902955723,15.064,6.936,2.177219047619048,0.3152727272727273,0.3376148816554629,0.0071105763515289,0.1871927636138162,0.1874585836895256,0.6777848652813125
graph_093_mu_0_2_node_215,26,0.2246376811594203,0.0019446106918969,0.3776937618147448,2.647647647647648,0.0139147859397302,17.02,8.98,1.8962142857142856,0.3453846153846153,0.3529721703710941,0.0092196930483936,0.2087538642236316,0.2090980449054552,0.6286100634715185
graph_093_mu_0_2_node_580,15,0.3809523809523809,0.0005780576518514,0.3558959743498396,2.80980980980981,0.008667460802817,11.006,3.994,2.7575,0.2662666666666666,0.2039899348314818,0.0040791202553288,0.1535897435897435,0.1537427822160506,0.5612380568106089
graph_093_mu_0_2_node_408,30,0.3586206896551724,0.0021228616385607,0.381588999236058,2.6206206206206204,0.0173206058253122,22.006,7.994,2.753214285714286,0.2664666666666666,0.2829587262324567,0.0082338519727423,0.1537155297532655,0.1540220483434436,0.7785507207266523
graph_093_mu_0_2_node_39,27,0.3105413105413105,0.0021489145829383,0.3861615771163509,2.5895895895895897,0.0205855809642914,18.018,8.982,2.0076607142857146,0.3326666666666666,0.4205732266464625,0.0091833267947621,0.1995392460684551,0.1998835296639146,0.8420098272478751
graph_093_mu_0_2_node_825,24,0.2246376811594203,0.0025498245282018,0.378839590443686,2.63963963963964,0.0151835697316161,12.031,11.969,1.0062909090909091,0.4987083333333333,0.8339903809338227,0.0121566697679613,0.3322480213006528,0.3327065347579871,0.8349048856939743
graph_093_mu_0_2_node_61,21,0.4035087719298245,0.0008562086302358,0.3606498194945848,2.7727727727727727,0.0105112965136868,16.017,4.983,3.219250000000001,0.2372857142857142,0.2292875603889643,0.0051012370881985,0.1346303753145858,0.1348213756350438,0.6888839958110815
graph_093_mu_0_2_node_420,32,0.3172413793103448,0.002200542320652,0.3821729150726855,2.6166166166166165,0.0194052003835588,21.01,10.99,1.9121292929292937,0.3434375,0.463374891890768,0.0112689226070483,0.207325176291214,0.2077464916464976,0.8429279215376171
graph_093_mu_0_2_node_326,36,0.2825396825396825,0.0033768420537998,0.3978494623655914,2.5135135135135136,0.0253877988188343,24.014,11.986,2.0039818181818183,0.3329444444444443,0.424351756396741,0.0123454134122792,0.1997264939185616,0.2001860804610191,0.8494576967150188
graph_093_mu_0_2_node_673,16,0.3516483516483517,0.0005219382497036,0.3480836236933798,2.8728728728728727,0.0060097207234869,11.997,4.003,2.999333333333333,0.2501875,0.2195929261772716,0.0040795049703273,0.1430082101806239,0.143161605209283,0.6022972136541633
graph_093_mu_0_2_node_124,17,0.3014705882352941,0.0007906418203721,0.3698630136986301,2.703703703703704,0.013385450216498,10.013,6.987,1.4339952380952377,0.4110000000000001,0.2947958865316674,0.007163601358222,0.2586777047983944,0.2589453755157742,0.4214567211794999
graph_093_mu_0_2_node_846,27,0.34,0.0014462209874593,0.375281743050338,2.664664664664665,0.0169706235387404,18.074,8.926,2.029464285714286,0.3305925925925925,0.4339303272815139,0.0091523777092214,0.1980873265494912,0.1984294655508069,0.8232312641640182
graph_093_mu_0_2_node_462,24,0.3478260869565217,0.0013891708529095,0.3690432212781677,2.70970970970971,0.0112853592418645,18.004,5.996,3.0032,0.2498333333333333,0.2354948192490117,0.0061564074441524,0.142750830564784,0.1429806857476541,0.706739208366681
graph_093_mu_0_2_node_55,20,0.3006535947712418,0.000948373060973,0.3593525179856115,2.7827827827827827,0.0077155652398919,14.017,5.983,2.347,0.2991499999999999,0.3421536020971822,0.0060961164607024,0.1759495798319327,0.176178866447664,0.7403611035584823
graph_093_mu_0_2_node_726,25,0.2094861660079051,0.0019587054697835,0.3713754646840149,2.6926926926926926,0.0128504900320793,14.163,10.837,1.3131435680332744,0.4334800000000001,0.5720853312838786,0.0111788292895531,0.2769497981693103,0.2773650313350416,0.682703775971497
graph_093_mu_0_2_node_163,41,0.3463414634146341,0.0032911315399847,0.4021739130434782,2.4864864864864864,0.0752143834181784,30.105,10.895,2.7669888888888887,0.2657317073170733,0.2099250941451793,0.0115222968028941,0.1532483814607584,0.153666347442521,0.5773532856947038
graph_093_mu_0_2_node_381,20,0.3210526315789473,0.0013297701933132,0.3713754646840149,2.6926926926926926,0.0122882068482945,13.013,6.987,1.863714285714286,0.3493499999999999,0.3211715405823503,0.0071534210428185,0.2116618283677106,0.2119295606169335,0.5969420078289648
graph_093_mu_0_2_node_632,16,0.2666666666666666,0.0008507705143916,0.3660681568340051,2.731731731731732,0.0125691100329231,9.04,6.96,1.3027809523809524,0.435,0.3563695447408562,0.0071075008630266,0.27807452991453,0.2783411464564672,0.4597329742898208
graph_093_mu_0_2_node_735,21,0.2714285714285714,0.0015417877949618,0.367414490621552,2.7217217217217216,0.0101416443155898,13.016,7.984,1.631,0.3801904761904762,0.4078628860254786,0.0081542297723669,0.2347294117647059,0.2350353360836587,0.6632846634635492
graph_093_mu_0_2_node_262,30,0.2275132275132275,0.0025535564822352,0.3858632676709154,2.5915915915915915,0.0191054031399971,19.023,10.977,1.7339924242424238,0.3658999999999998,0.4315004539041809,0.0112698289444177,0.2239331978945424,0.2243539508878536,0.7071349373532498
graph_093_mu_0_2_node_764,48,0.3156028368794326,0.0039559299137371,0.4172932330827067,2.3963963963963963,0.080079968353794,35.076,12.924,2.716156643356644,0.26925,0.2485241359317821,0.0136661479467054,0.1555826150017305,0.1560785704553041,0.6729752133365419
graph_093_mu_0_2_node_393,24,0.5978260869565217,0.0003722928372474,0.3740172220142269,2.6736736736736737,0.0455432421375344,21.007,2.993,7.028,0.1247083333333333,0.0628503156674696,0.0031498826187491,0.0665043478260869,0.0666191233604966,0.4406014376421277
graph_093_mu_0_2_node_781,24,0.238095238095238,0.0018712698943025,0.3722056631892697,2.6866866866866865,0.0100370606793211,15.018,8.982,1.6742666666666668,0.37425,0.5127694294903006,0.0091524480627207,0.2302650520211496,0.2306092562797302,0.7973236644905329
graph_093_mu_0_2_node_117,28,0.3809523809523809,0.0018770400853851,0.3812977099236641,2.6226226226226226,0.0188336430878115,19.027,8.973,2.122,0.3204642857142857,0.3455551210911301,0.0092240284473195,0.1908221276595744,0.1911660930121721,0.7308181201034158
graph_093_mu_0_2_node_541,36,0.3351158645276292,0.0020976923822922,0.3972166998011928,2.517517517517517,0.0653195045325192,27.069,8.931,3.0355,0.2480833333333333,0.1720286287277312,0.009445139658697,0.1416288461538461,0.141971413064064,0.5003514157021252
graph_093_mu_0_2_node_506,45,0.3311184939091915,0.0033688819301007,0.4062627084180561,2.4614614614614614,0.0684527214263698,32.062,12.938,2.4802622377622368,0.287511111111111,0.27183317778142,0.0136163710143003,0.1679081677815855,0.168404545374644,0.6511930724700041
graph_093_mu_0_2_node_429,24,0.4025974025974026,0.0010514962069348,0.3648648648648648,2.740740740740741,0.0101027123183676,19.005,4.995,3.805999999999999,0.208125,0.2430584337411214,0.0051040988006977,0.1161522198731501,0.1163437240061337,0.8754602329992308
graph_093_mu_0_2_node_274,21,0.2807017543859649,0.0011168108377259,0.3636694575900983,2.74974974974975,0.012457707121808,13.312,7.688,1.7885749999999998,0.3660952380952381,0.4517424905957877,0.0078641934426278,0.2248715588653669,0.2251661477256313,0.6899473113849738
graph_093_mu_0_2_node_960,26,0.3514492753623188,0.0016170324259046,0.3693160813308687,2.707707707707708,0.0117223461071522,18.007,7.993,2.253559523809524,0.3074230769230768,0.3671474778899485,0.0081839715305949,0.1816366271409749,0.1819430134172593,0.7805669673601092
graph_093_mu_0_2_node_848,31,0.2946236559139785,0.0024765669381225,0.3843786071565987,2.601601601601601,0.0175892037651403,20.018,10.982,1.8232545454545448,0.3542580645161289,0.4503552763643776,0.0112616478938499,0.215265460030166,0.2156864367887946,0.8197234260605567
graph_093_mu_0_2_node_63,26,0.2789855072463768,0.0017412181162608,0.3755639097744361,2.6626626626626626,0.012649951236836,17.011,8.989,1.8928611111111115,0.3457307692307692,0.4374237685906107,0.0091853718749078,0.2089999999999999,0.2093445253198266,0.7783573909097721
graph_093_mu_0_2_node_858,25,0.3066666666666666,0.0016972366954038,0.3755639097744361,2.6626626626626626,0.0140532673797086,16.011,8.989,1.7816964285714292,0.35956,0.3685975809053866,0.0092178027201956,0.2191941495826919,0.2195386484861919,0.6557044866824258
graph_093_mu_0_2_node_789,17,0.3308823529411764,0.0009163457271141,0.3510189739985945,2.848848848848849,0.0062260517338453,11.037,5.963,1.8565666666666665,0.3507647058823528,0.3416188459666199,0.0061100241946614,0.2127587848932676,0.2129872530705996,0.6287946099000338
graph_093_mu_0_2_node_840,35,0.3920454545454545,0.0020558363033982,0.3855654187572366,2.5935935935935936,0.0519567186682613,27.127,7.873,3.455,0.2249428571428571,0.1658637713649265,0.0082840812370156,0.1267579525089605,0.1270599510368937,0.5473837856475379
graph_093_mu_0_2_node_888,23,0.3904761904761905,0.0007062839383354,0.3724832214765101,2.684684684684685,0.0392787205844844,19.013,3.987,4.77875,0.1733478260869564,0.0766451577931591,0.0042158007900128,0.0949092922581294,0.09506215645667,0.3457087106214893
graph_093_mu_0_2_node_598,18,0.2352941176470588,0.0009913530841618,0.3641997812613926,2.745745745745746,0.0120288610253675,10.005,7.995,1.2516071428571427,0.4441666666666669,0.3277259233922618,0.008198729501119,0.2854926108374384,0.2857988858919447,0.4098028186278407
graph_093_mu_0_2_node_471,19,0.4210526315789473,0.0006790887935877,0.37,2.702702702702702,0.0161065202571414,13.058,5.942,2.2068833333333338,0.3127368421052632,0.2515536145949126,0.0060908582001244,0.1854315667175961,0.1856592656474531,0.5490835936353877
graph_093_mu_0_2_node_138,36,0.3582887700534759,0.0023631693342077,0.3945497630331753,2.5345345345345347,0.0544313967170051,27.043,8.957,3.021642857142857,0.2488055555555555,0.1881725068249726,0.0094266716919639,0.1420898351648351,0.142433398486487,0.5460529195113877
graph_093_mu_0_2_node_45,38,0.3470839260312944,0.0024636551973403,0.399919935948759,2.5005005005005003,0.0713611202110781,28.133,9.867,2.8586888888888886,0.2596578947368421,0.1903677928163508,0.0104334085568837,0.1492392445716414,0.1496177306921043,0.538600861775791
graph_093_mu_0_2_node_344,19,0.5220588235294118,0.0006376404681893,0.3555160142348754,2.8128128128128127,0.0082687144061778,15.015,3.985,3.77375,0.209736842105263,0.2778481195725858,0.0040474756158389,0.1171680672268907,0.117320807938849,0.9739389670297756
graph_093_mu_0_2_node_551,21,0.5263157894736842,0.0006474127453214,0.3644655235315578,2.743743743743744,0.0124682438794036,17.015,3.985,4.278,0.1897619047619048,0.1932197990475603,0.0040867012154596,0.1048394736842105,0.1049922378084841,0.773827578987464
graph_093_mu_0_2_node_316,36,0.3952380952380952,0.0014197933145928,0.390539483971853,2.5605605605605604,0.0696118859168617,30.112,5.888,5.1386,0.1635555555555555,0.1137461470092526,0.0062256361362912,0.0890888339053396,0.0893147591166858,0.5774713959582165
graph_093_mu_0_2_node_207,29,0.2307692307692307,0.0022060624606294,0.3811522319725295,2.623623623623624,0.0177274822002298,17.012,11.988,1.4195227272727275,0.4133793103448275,0.560962766285311,0.0122573380984284,0.2605532300339191,0.2610126465292494,0.7483826229384465
graph_093_mu_0_2_node_243,25,0.5533333333333333,0.000417031012397,0.3804265041888804,2.6286286286286287,0.0587598491435666,22.007,2.993,7.362499999999998,0.11972,0.057575931166771,0.0031654430658298,0.0636746453900709,0.0637894297279778,0.4226841092084671
graph_093_mu_0_2_node_790,33,0.3409090909090909,0.002310780077382,0.3893219017926734,2.5685685685685686,0.0216312723720949,24.061,8.939,2.694755952380952,0.2708787878787878,0.3170916481560592,0.0092062881926598,0.1566776277338583,0.1570204223773356,0.850575893313884
graph_093_mu_0_2_node_663,25,0.3133333333333333,0.0015297038518524,0.3779795686719637,2.645645645645646,0.0156951071919437,18.014,6.986,2.58,0.2794400000000002,0.2725077715094228,0.0071772567541497,0.1624218933521259,0.1626896899339943,0.7014539207562428
graph_093_mu_0_2_node_709,24,0.3679653679653679,0.0010464332391421,0.3751408186256102,2.665665665665666,0.0165247784573668,18.022,5.978,3.018,0.2490833333333333,0.2751381890589917,0.0061197645909302,0.1422736333434007,0.1425027988889803,0.7807591005710612
graph_093_mu_0_2_node_218,21,0.319047619047619,0.0013456874173509,0.3715135738192636,2.6916916916916915,0.0115829716724513,13.026,7.974,1.635,0.3797142857142858,0.3863900833926679,0.008177979932387,0.2343803921568627,0.2346859335954407,0.6288059212688711
graph_093_mu_0_2_node_645,17,0.2867647058823529,0.0008836527602267,0.351636747624076,2.843843843843844,0.0063748144376791,11.014,5.986,1.84325,0.3521176470588234,0.3881405256484209,0.0060868017387132,0.2137427750410508,0.2139721238939631,0.7114765405036034
graph_093_mu_0_2_node_757,18,0.3,0.0006757818968897,0.3620877129394708,2.7617617617617616,0.0109383899802048,12.006,5.994,2.0036,0.3329999999999999,0.2457265082881615,0.0061467666493101,0.1997677419354839,0.1999974148394971,0.4508526312550405
graph_093_mu_0_2_node_949,47,0.2919191919191919,0.0036241077454626,0.4129805704836709,2.4214214214214214,0.0771776220932619,34.139,12.861,2.658212315462316,0.2736382978723404,0.2476784296987366,0.0135973014401573,0.158532056788715,0.1590255600446689,0.6354251133500738
graph_093_mu_0_2_node_939,32,0.2367816091954023,0.0029246539129567,0.3863109048723898,2.5885885885885886,0.0186221415920456,20.012,11.988,1.6697212121212124,0.374625,0.5609325021023192,0.0122574349447335,0.2304931462667312,0.2309526684413663,0.8886998931096982
graph_093_mu_0_2_node_639,21,0.238095238095238,0.0014337089000015,0.3794151158374478,2.635635635635636,0.0160673887626561,12.021,8.979,1.3399583333333331,0.4275714285714286,0.3503701884853092,0.009224503890027,0.271954010695187,0.2722980211903222,0.4677109564074704
graph_093_mu_0_2_node_656,24,0.394927536231884,0.0010102843971552,0.3821729150726855,2.6166166166166165,0.047336335750421,18.017,5.983,3.0144,0.2492916666666667,0.1150498224063278,0.0063287254532479,0.1424077318030805,0.1426370889033115,0.3459893842454581
graph_093_mu_0_2_node_748,18,0.3416666666666667,0.0007024658040531,0.3560228082679971,2.808808808808809,0.0097257336401519,13.007,4.993,2.609000000000001,0.2773888888888888,0.3227590674208112,0.0050782397927455,0.1610781637717122,0.1612695031000895,0.7751073212244384
graph_093_mu_0_2_node_788,32,0.3149425287356321,0.0021035172996541,0.3885647607934656,2.5735735735735736,0.0209404297182163,22.046,9.954,2.216355555555556,0.3110625,0.3528620809532351,0.0102518809112267,0.1841939393939393,0.1845755837319704,0.7440485283621381
graph_093_mu_0_2_node_149,29,0.3891625615763547,0.0013059896126068,0.388867263526664,2.5715715715715715,0.0550721838703016,22.008,6.992,3.1486571428571435,0.2411034482758619,0.1343100107528802,0.0073939199435762,0.137080764962008,0.1373488736046843,0.4224177594982635
graph_093_mu_0_2_node_422,24,0.4199134199134199,0.0010484639622032,0.37,2.702702702702702,0.0150754295486734,18.014,5.986,3.0128000000000004,0.2494166666666666,0.289238610163549,0.0061195171513502,0.1424898822108124,0.1427193542314942,0.8203490802101767
graph_093_mu_0_2_node_953,24,0.3073593073593073,0.0015118190676008,0.3720670391061452,2.687687687687688,0.0128485201846956,16.094,7.906,2.043085714285714,0.3294166666666666,0.4141325317185826,0.0080979351789652,0.197275164087189,0.1975781715721404,0.7811936119460594
graph_093_mu_0_2_node_50,21,0.2952380952380952,0.001246236094855,0.3729003359462486,2.681681681681681,0.0137441856199966,14.004,6.996,2.002,0.3331428571428571,0.2747879954110257,0.007183050162877,0.1998666666666667,0.2001347641090681,0.5497032923311737
graph_093_mu_0_2_node_30,22,0.3376623376623376,0.001011437869,0.3686346863468634,2.7127127127127126,0.0147276665290167,14.118,7.882,1.8014904761904764,0.3582727272727272,0.3849446688768868,0.008079146695941,0.2183901229164387,0.2186921648476117,0.6777579931636921
graph_093_mu_0_2_node_239,28,0.32,0.0017374651919837,0.3754227733934611,2.663663663663664,0.0170297912379754,19.028,8.972,2.1222222222222227,0.3204285714285714,0.3455036183118722,0.0092231355707507,0.1907963525835865,0.191140279646999,0.692661669283663
graph_093_mu_0_2_node_677,18,0.1633986928104575,0.0014538763623802,0.3623503808487486,2.75975975975976,0.0131873774603556,9.053,8.947,1.018128121878122,0.4970555555555555,0.6242308735332972,0.0090871894616872,0.3310354719069036,0.3313781782144726,0.6243052988998541
graph_093_mu_0_2_node_135,23,0.3320158102766798,0.0015042935832326,0.3675496688741722,2.720720720720721,0.0149178084530972,15.017,7.983,1.884090476190476,0.347086956521739,0.3856743525379306,0.0081611486058383,0.2100183716796681,0.2103243044877884,0.7238227999042726
graph_093_mu_0_2_node_631,54,0.3167420814479638,0.0043761666709056,0.4160766347355268,2.4034034034034035,0.0965701243866308,40.056,13.944,2.8752222777222767,0.2582222222222222,0.2682660940553976,0.014748290243143,0.1482653693834478,0.1488006506835115,0.7499094017955278
graph_093_mu_0_2_node_744,21,0.2428571428571428,0.0014930156056813,0.3730395817774458,2.680680680680681,0.0123800731281127,11.298,9.702,1.1734833333333334,0.462,0.4172604738194405,0.0100814037969164,0.3008013368983956,0.3011730153042283,0.4702650332482486
graph_093_mu_0_2_node_554,39,0.4204204204204204,0.001884961293693,0.3923802042419481,2.5485485485485486,0.0610242125919912,32.026,6.974,4.595942857142856,0.1788205128205127,0.1465030497520882,0.0073397851502546,0.0981952537140652,0.0984628778643078,0.65065598455596
graph_093_mu_0_2_node_172,21,0.3619047619047619,0.0010733519335022,0.3679558011049724,2.7177177177177176,0.0131753817381568,15.016,5.984,2.5112,0.2849523809523808,0.2334279908596707,0.006148047202198,0.1661621621621621,0.1663915048418831,0.5846052398695168
graph_093_mu_0_2_node_189,26,0.2644927536231884,0.0018157860410631,0.373877245508982,2.674674674674675,0.0126665638243498,17.014,8.986,1.8940476190476192,0.3456153846153846,0.4373542614199559,0.0091822312520356,0.2089187690862108,0.2092631795208313,0.7784268980804269
graph_093_mu_0_2_node_909,19,0.1323529411764706,0.0014193359928224,0.3662023460410557,2.730730730730731,0.0085837497094789,9.006,9.994,0.9015143162393164,0.526,0.5480438703721681,0.0101848999817068,0.3568876518883414,0.3572704466102309,0.4382242974255541
graph_093_mu_0_2_node_803,29,0.3423645320197044,0.0014889650097412,0.3936170212765957,2.5405405405405403,0.0487217166479712,19.04,9.96,1.9145345238095235,0.343448275862069,0.2092996999992092,0.0104810144856108,0.2073601319395683,0.2077419181318771,0.3989727946887821
graph_093_mu_0_2_node_355,16,0.15,0.0011629867548133,0.369179600886918,2.7087087087087087,0.0153062323127332,7.026,8.974,0.7845974025974028,0.560875,0.5808000143069214,0.0091260157012619,0.3898780570154483,0.3902217443501827,0.4523633719726052
graph_093_mu_0_2_node_20,47,0.3393939393939394,0.0034424992230926,0.4136645962732919,2.417417417417417,0.0867983335893696,35.073,11.927,2.9429676767676765,0.2537659574468084,0.2296269788033357,0.0126143159699835,0.1453345391403696,0.1457922523776907,0.6540725081616184
graph_093_mu_0_2_node_972,23,0.3142857142857143,0.0014594850085297,0.3727611940298507,2.6826826826826826,0.0127633717651888,15.164,7.836,1.9472857142857145,0.340695652173913,0.335436413549429,0.0081421078163972,0.2054751655525216,0.2057754693014218,0.5947811687883158
graph_093_mu_0_2_node_359,19,0.3235294117647059,0.0008200710123542,0.3610408384531984,2.76976976976977,0.0088660332513271,13.052,5.948,2.2030545454545454,0.3130526315789474,0.3270448718045154,0.0060926347436898,0.1857087542087542,0.1859366827419926,0.6541366126349066
graph_093_mu_0_2_node_519,35,0.346218487394958,0.0024693824768954,0.3956435643564356,2.5275275275275275,0.0605713146635526,25.209,9.791,2.590208333333333,0.279742857142857,0.1889656074351269,0.0103504281209464,0.1627220771637581,0.1630975640734601,0.4821464801897137
graph_093_mu_0_2_node_456,18,0.2875816993464052,0.0008930251609846,0.3631406761177753,2.7537537537537538,0.0105500997635992,13.01,4.99,2.6096000000000004,0.2772222222222221,0.1961856128823458,0.0051229933570872,0.1609296187683284,0.1611208433082493,0.5105040085797097
graph_093_mu_0_2_node_612,18,0.3529411764705882,0.0011516035837177,0.3583213773314204,2.790790790790791,0.0067995986978546,12.987,5.013,2.598609090909091,0.2785,0.3501833823884026,0.005092587103236,0.161945,0.1621371049838001,0.9028231699106491
graph_093_mu_0_2_node_981,19,0.4152046783625731,0.0010212456161096,0.3603896103896103,2.774774774774775,0.0087485394244337,13.013,5.987,2.1749000000000005,0.3151052631578948,0.417007154520554,0.0060811023883057,0.187032196969697,0.1872616193897333,0.9041042654497914
graph_093_mu_0_2_node_628,31,0.3472906403940887,0.0021837923880615,0.3833461243284727,2.6086086086086087,0.0187041133880239,23.009,7.991,2.879982142857143,0.257774193548387,0.2829113156252428,0.008230637988238,0.1479602693602693,0.1482666965114436,0.7786150804864085
graph_093_mu_0_2_node_230,21,0.239766081871345,0.0016102527405428,0.3663366336633663,2.72972972972973,0.0094723218762475,13.02,7.98,1.6342307692307694,0.3800000000000001,0.4367651020311567,0.0081756600182045,0.2346612576064909,0.2349670285164252,0.6534365473459789
graph_093_mu_0_2_node_231,26,0.2184615384615384,0.0025849221711302,0.3881118881118881,2.5765765765765765,0.0186502782922568,13.368,12.632,1.0637666666666667,0.4858461538461538,0.5431395593431193,0.0131256852003848,0.3211966318234611,0.3216805796156144,0.5545991978499435
graph_093_mu_0_2_node_737,20,0.3052631578947368,0.0012822287954977,0.3679558011049724,2.7177177177177176,0.0107785460433635,13.019,6.981,1.8692527472527476,0.3490499999999999,0.3990677618352418,0.0071131182569936,0.2115156042214865,0.2117831064802339,0.740263235090143
graph_093_mu_0_2_node_589,38,0.3186344238975818,0.0031968234726025,0.3984842441164739,2.5095095095095097,0.0593399121862526,25.113,12.887,1.9550742812742807,0.3391315789473684,0.2711939087376696,0.0135595682525416,0.2042638282115894,0.2047579858804803,0.5256317295603883
graph_093_mu_0_2_node_237,20,0.3052631578947368,0.0014536607594899,0.3702742772424018,2.700700700700701,0.0122904451590084,12.071,7.929,1.526309523809524,0.39645,0.5191737427791816,0.0080873732034686,0.247328431372549,0.2476322265945789,0.7804985605676584
graph_093_mu_0_2_node_927,26,0.2318840579710145,0.002331452763685,0.3734579439252336,2.6776776776776776,0.0090607124644488,16.009,9.991,1.6037992530345473,0.3842692307692309,0.5702839626710947,0.0101806599490562,0.2378860095976375,0.238268894636259,0.8540774921389901
graph_093_mu_0_2_node_495,19,0.25,0.0009787951057122,0.3649981731823164,2.73973973973974,0.0118476250878477,12.102,6.898,1.7675761904761906,0.3630526315789473,0.3807337851101671,0.007062699720108,0.2220059092551976,0.2222702128778022,0.6004476993292549
graph_093_mu_0_2_node_447,19,0.1929824561403508,0.0015781090530277,0.3729003359462486,2.681681681681681,0.0115430476435871,10.002,8.998,1.1122797619047615,0.4735789473684211,0.5132513028363712,0.0091692885979786,0.310314886911383,0.3106595717674178,0.569224704189156
graph_093_mu_0_2_node_246,17,0.3235294117647059,0.0008221855270552,0.3622189992748368,2.760760760760761,0.0093449925347671,12.009,4.991,2.4101999999999992,0.2935882352941176,0.2685634724758913,0.0050936754220989,0.1721109195402299,0.1723021676029871,0.6435206188054242
graph_093_mu_0_2_node_865,22,0.1341991341991342,0.0016914159582729,0.3823191733639495,2.6156156156156154,0.0220144632201801,9.035,12.965,0.697788034188034,0.589318181818182,0.5059960669378365,0.0133193245835221,0.417851861389717,0.4183483970987883,0.3509883481895254
graph_093_mu_0_2_node_490,20,0.1894736842105263,0.0018765887980945,0.3694526627218935,2.7067067067067065,0.0083858173199127,10.026,9.974,1.0058333333333334,0.4987,0.6067255330018942,0.010148298421565,0.3322177419354838,0.3325998007213496,0.6074953869400312
graph_093_mu_0_2_node_547,20,0.4052287581699346,0.0006605302964481,0.3614327062228654,2.7667667667667666,0.0119714460611099,15.041,4.959,3.049,0.24795,0.2542800655093011,0.0050636714050383,0.1415761475761475,0.1417662137330717,0.7150547845100739
graph_093_mu_0_2_node_72,34,0.2798573975044563,0.002459106725627,0.3984842441164739,2.5095095095095097,0.0540332101396448,22.161,11.839,1.876002597402597,0.3482058823529411,0.2493656639256963,0.012456642304137,0.2108694857550887,0.2113233731705445,0.463790070678757
graph_093_mu_0_2_node_756,18,0.4313725490196078,0.0006240502796795,0.3620877129394708,2.7617617617617616,0.011265520375785,13.007,4.993,2.6063000000000005,0.2773888888888888,0.2047554875899326,0.0051200840210079,0.1610362903225806,0.1612276297829898,0.5327512764081919
graph_093_mu_0_2_node_523,24,0.3116883116883117,0.0015927714771972,0.3704115684093437,2.6996996996997,0.0110674447591169,17.072,6.928,2.4777142857142853,0.2886666666666666,0.3819452678242162,0.0070953735698139,0.1688606345441286,0.1691261882495645,0.8717866289594897
graph_093_mu_0_2_node_537,24,0.3731884057971014,0.0009797416354375,0.373877245508982,2.674674674674675,0.0177702926027406,18.007,5.993,3.006,0.2497083333333333,0.2121984957572629,0.006172611021588,0.1426723044397462,0.1429020446757227,0.6370117515668408
graph_093_mu_0_2_node_430,19,0.5073529411764706,0.0006056724754395,0.3507724719101123,2.850850850850851,0.006767704773739,15.013,3.987,3.7705833333333336,0.2098421052631578,0.2598184030192659,0.0040682068272499,0.1172319327731092,0.1173847501163438,0.9106495339429672
graph_093_mu_0_2_node_890,21,0.2428571428571428,0.0015670379235268,0.369179600886918,2.7087087087087087,0.0146518633715261,11.164,9.836,1.1442666666666663,0.4683809523809524,0.647868399850391,0.0100283136056307,0.3062016265597148,0.3065784326955619,0.7169150039102115
graph_093_mu_0_2_node_509,25,0.4031620553359684,0.0012031487551733,0.3740172220142269,2.6736736736736737,0.0150522139896615,18.056,6.944,2.608333333333334,0.2777600000000001,0.3376259189623039,0.0071191741648863,0.1613234022561088,0.1615895898635466,0.8228309346797255
graph_093_mu_0_2_node_417,28,0.2777777777777778,0.0022325495252515,0.388715953307393,2.5725725725725725,0.0216065353949351,16.185,11.815,1.3803747474747474,0.4219642857142858,0.5776519073855994,0.0121079485320706,0.267684082078883,0.2681368410333467,0.7760355424924384
graph_093_mu_0_2_node_528,28,0.2222222222222222,0.0022901322317986,0.392226148409894,2.5495495495495497,0.0219672708241187,17.019,10.981,1.5502909090909094,0.3921785714285715,0.4282367721866367,0.011282104879503,0.2439304347826087,0.2443512764584393,0.6626099555580061
graph_093_mu_0_2_node_278,19,0.2426470588235294,0.0011018370691062,0.3609104046242775,2.770770770770771,0.0088406460635538,12.084,6.916,1.7551974025974026,0.3639999999999999,0.3809815586076348,0.007082423933202,0.2226617111980014,0.2229267041762306,0.6001999258317872
graph_093_mu_0_2_node_396,23,0.4,0.0009486183212794,0.3626134301270417,2.7577577577577577,0.0114108238386584,18.027,4.973,3.638716666666668,0.2162173913043478,0.2546857361919615,0.0050778321523759,0.1212423898657591,0.1214330362189397,0.8677019848831048
graph_093_mu_0_2_node_647,25,0.2924901185770751,0.0015728563304735,0.3820267686424474,2.6176176176176176,0.0187289266151452,16.004,8.996,1.779166666666667,0.35984,0.318397149218303,0.0092659095507238,0.2193960511033682,0.2197408180400779,0.5308239676710179
graph_093_mu_0_2_node_473,17,0.2647058823529412,0.0010436328316001,0.3655323819978046,2.735735735735736,0.0091220961277651,10.027,6.973,1.4402359307359305,0.4101764705882353,0.3986886015243135,0.0071047890691489,0.2580840809753852,0.2583512156466775,0.569782726767708
graph_093_mu_0_2_node_177,32,0.2983870967741935,0.0022190263511678,0.3959571938168846,2.5255255255255253,0.0552316064135839,21.074,10.926,1.931183838383839,0.3414375,0.210163320026151,0.011552926950113,0.2058988011289898,0.2063176657361421,0.4040987735969775
graph_093_mu_0_2_node_159,21,0.3742690058479532,0.0011382233864206,0.3668747704737422,2.725725725725726,0.0148282770791381,14.064,6.936,2.0465,0.3302857142857142,0.4540024168580862,0.0070756488274369,0.1979704125177809,0.1982362117356564,0.8465175130999507
graph_093_mu_0_2_node_7,25,0.1833333333333333,0.002272919170178,0.3821729150726855,2.6166166166166165,0.0153042794702821,13.01,11.99,1.0857828282828286,0.4796000000000002,0.6578633236342702,0.0122186415198668,0.3155014338731444,0.3159607859204006,0.711812771992802
graph_093_mu_0_2_node_769,30,0.335978835978836,0.0016923624869881,0.376271186440678,2.6576576576576576,0.01771494621648,22.018,7.982,2.7607142857142857,0.2660666666666667,0.311363632868803,0.0082008043537207,0.1534591194968552,0.1537651782819764,0.8184597637238626
graph_093_mu_0_2_node_513,21,0.2923976608187134,0.0011385035880992,0.3723443906075289,2.685685685685686,0.0135929444623751,13.189,7.811,1.69845,0.371952380952381,0.3349428841049352,0.0081158065495263,0.2286560845675397,0.2289553852109457,0.5107094634748328
graph_093_mu_0_2_node_497,47,0.308080808080808,0.0039437477255712,0.4062627084180561,2.4614614614614614,0.0817722141765016,34.227,12.773,2.689562343212343,0.2717659574468085,0.24671018150705,0.0135049257918469,0.1573121855954784,0.1578023161525775,0.636989305457904
graph_093_mu_0_2_node_665,33,0.3446969696969697,0.0018222693094633,0.3953304313415117,2.5295295295295297,0.0577198200884684,25.02,7.98,3.136982142857143,0.2418181818181817,0.1533158562376448,0.0084388139164488,0.1375459380479252,0.1378519906627856,0.4800489753048386
graph_093_mu_0_2_node_827,20,0.4313725490196078,0.0006404110634513,0.3606498194945848,2.7727727727727727,0.0125848963694374,15.019,4.981,3.0236666666666667,0.24905,0.2409442474241077,0.0050916681657427,0.1422659802659802,0.1424568892817432,0.6756716707107093
graph_093_mu_0_2_node_672,14,0.3516483516483517,0.0006847659990825,0.3465140478668054,2.885885885885886,0.0046847539201304,9.992,4.008,2.497583333333333,0.2862857142857142,0.2796752166772587,0.0040716430091158,0.1671399999999999,0.1672935629190551,0.6949090041344615
graph_093_mu_0_2_node_911,25,0.2529644268774703,0.0019483322850095,0.3843786071565987,2.601601601601601,0.0164115315495349,15.084,9.916,1.5235416666666668,0.3966400000000001,0.5182091677813994,0.0101582099430298,0.2474433797909407,0.2478233647016802,0.729087677781705
graph_093_mu_0_2_node_968,24,0.4025974025974026,0.0010680246264813,0.37,2.702702702702702,0.012178179403148,18.004,5.996,3.0032,0.2498333333333333,0.2457615068517642,0.0061489172615646,0.142750830564784,0.1429806857476541,0.6966690937066857
graph_093_mu_0_2_node_558,29,0.4159544159544159,0.0014368792345071,0.3804265041888804,2.6286286286286287,0.0184618592215342,22.004,6.996,3.1456190476190486,0.2412413793103447,0.2949165361681859,0.0071737952137962,0.1371674208144796,0.1374356827402114,0.8849698759606777
graph_093_mu_0_2_node_948,30,0.3756613756613756,0.0014607130529488,0.3768389287061486,2.6536536536536537,0.0168311792644286,23.003,6.997,3.2878571428571424,0.2332333333333333,0.286749781440866,0.0071755004136291,0.1320125786163521,0.1322808994381886,0.9015322801328316
graph_093_mu_0_2_node_976,27,0.21,0.002136547562163,0.3899297423887587,2.5645645645645647,0.0200168876884457,15.006,11.994,1.251268181818182,0.4442222222222224,0.4916097657190231,0.0122997206236673,0.2855362428269404,0.285995818555272,0.5737465653470508
graph_093_mu_0_2_node_908,29,0.3219373219373219,0.0015585684637174,0.3848228043143297,2.5985985985985987,0.0496302810535183,21.075,7.925,2.664184523809524,0.2732758620689655,0.152713587266032,0.0083811516533143,0.1582958672699849,0.1585997189659284,0.385190448277853
graph_093_mu_0_2_node_404,20,0.4509803921568627,0.0007556134176308,0.3596112311015119,2.780780780780781,0.0103814433721662,16.007,3.993,4.011666666666667,0.19965,0.1928700034829735,0.0040821806920297,0.1109009009009009,0.111053959871124,0.7237459146518437
graph_093_mu_0_2_node_188,39,0.2972972972972973,0.0026734588031283,0.3973747016706443,2.5165165165165164,0.0666675910445967,27.094,11.906,2.2784030303030303,0.3052820512820511,0.2292712203780437,0.012592288023551,0.1801652513993621,0.1806218793307828,0.5007413992886575
graph_093_mu_0_2_node_896,21,0.3742690058479532,0.000905317702881,0.3636694575900983,2.74974974974975,0.0101944107479148,15.068,5.932,2.5476000000000005,0.2824761904761904,0.3411391442214013,0.0060767812282091,0.1645225225225224,0.1647498734000688,0.8005506577593603
graph_093_mu_0_2_node_577,27,0.2666666666666666,0.0019481964746508,0.3755639097744361,2.6626626626626626,0.0118817871455666,18.005,8.995,2.001875,0.3331481481481481,0.437559991648912,0.0091916781380738,0.1998695652173913,0.2002143467191801,0.8268524142314857
graph_093_mu_0_2_node_869,18,0.4,0.0005969129397952,0.3512658227848101,2.846846846846846,0.0084692266931458,14.022,3.978,3.5696,0.221,0.2189964469105748,0.0040744409461785,0.1243922254216371,0.1245446857260368,0.7076749550599903
graph_093_mu_0_2_node_740,23,0.1523809523809524,0.0021149872060743,0.3798479087452471,2.6326326326326326,0.0126662169069993,12.011,10.989,1.0932090909090906,0.4777826086956523,0.4317085837846802,0.0112826987649971,0.3138841269841269,0.3143051135620558,0.4320837819968192
graph_093_mu_0_2_node_925,26,0.283076923076923,0.0019366640470034,0.3851195065535852,2.5965965965965965,0.0389033818383018,15.134,10.866,1.3965218614718615,0.417923076923077,0.2287836651086315,0.0114333649467929,0.2642752501925503,0.2646916256086635,0.3164279655684673
graph_093_mu_0_2_node_407,17,0.2476190476190476,0.0007671494690981,0.3490566037735849,2.864864864864865,0.006424641026722,12.019,4.981,2.41615,0.2929999999999999,0.3245407293117768,0.0050827580141991,0.1716712643678161,0.171862129552996,0.7150474684287532
graph_093_mu_0_2_node_703,44,0.3321718931475029,0.0026511255386193,0.4044534412955465,2.4724724724724725,0.0769871216106077,34.088,9.912,3.443441269841269,0.2252727272727272,0.1907622782460326,0.0104803834232968,0.126949451236371,0.1273298369337162,0.6347475554735077
graph_093_mu_0_2_node_926,19,0.4705882352941176,0.0003640361049494,0.3578080229226361,2.794794794794795,0.0119834827320233,16.002,2.998,5.339666666666666,0.1577894736842105,0.1061200309155129,0.0030879231971774,0.0856539682539682,0.0857688914133982,0.5307958067514778
graph_093_mu_0_2_node_866,22,0.4199134199134199,0.0010070418019381,0.3726221559119731,2.683683683683684,0.0190443994108685,16.021,5.979,2.6842666666666664,0.2717727272727271,0.2303861287289896,0.0061458457705454,0.1572801619433198,0.1575093306169732,0.6155146999233586
graph_093_mu_0_2_node_957,22,0.3894736842105263,0.001054901125375,0.359740727403673,2.77977977977978,0.0084245147800512,16.006,5.994,2.671433333333333,0.2724545454545453,0.2753457301925488,0.0061372062157381,0.1577180836707152,0.157947826990765,0.6887344038174993
graph_093_mu_0_2_node_403,21,0.3809523809523809,0.0010768331370104,0.3666055045871559,2.727727727727728,0.0140478500954261,15.043,5.957,2.53045,0.2836666666666666,0.2113759509973551,0.0061349902710123,0.1653124703651019,0.1655407788310373,0.5316649900489167
graph_093_mu_0_2_node_15,24,0.2681159420289855,0.0021153948323831,0.374578177727784,2.66966966966967,0.0170930167744986,15.032,8.968,1.6792761904761908,0.3736666666666666,0.4587113752883144,0.0091578016531466,0.2298112134037262,0.2301548817424165,0.7656142490598682
graph_093_mu_0_2_node_899,31,0.3290322580645161,0.0024120466310053,0.3928430987023201,2.5455455455455454,0.0269906755731007,20.037,10.963,1.829008333333333,0.3536451612903226,0.4223154296768195,0.0112693734160627,0.2148265112205179,0.2152467604318498,0.7692841210851591
graph_093_mu_0_2_node_796,42,0.3031358885017421,0.0033831981770364,0.4060975609756098,2.4624624624624625,0.0689567238296245,31.141,10.859,2.8734363636363645,0.258547619047619,0.2092177976170697,0.0114803991621451,0.1484985655144559,0.1489151839244013,0.5963285908755455
graph_093_mu_0_2_node_238,15,0.0641025641025641,0.0009383240231436,0.3641997812613926,2.745745745745746,0.0105536873260371,6.072,8.928,0.6836190476190475,0.5951999999999998,0.5811412162986924,0.0091129195456937,0.4240914737436477,0.4244333746502859,0.3247317566774966
graph_093_mu_0_2_node_1,24,0.2857142857142857,0.0011973311997477,0.3740172220142269,2.6736736736736737,0.0162036188802089,16.024,7.976,2.011142857142857,0.3323333333333333,0.3112039473747607,0.0081946095384295,0.1993059233449478,0.1996116115995677,0.5848628844056293
graph_093_mu_0_2_node_666,18,0.475,0.0007039100482062,0.3511423550087873,2.847847847847848,0.0068295505771617,14.008,3.992,3.512,0.2217777777777778,0.2599880619689313,0.0040733175501368,0.1247272727272727,0.1248802699202738,0.8454538784954001
graph_093_mu_0_2_node_109,44,0.2915214866434378,0.0038197843145794,0.4054383116883117,2.4664664664664664,0.0770832910973627,31.062,12.938,2.4026153846153844,0.2940454545454545,0.2489042134110531,0.0136848194978874,0.1723801503759398,0.1728764899369268,0.5771626983170559
graph_093_mu_0_2_node_74,43,0.2248062015503876,0.0040775311516698,0.4192194712547209,2.385385385385385,0.0704484709735968,26.138,16.862,1.5520680672268912,0.3921395348837208,0.3245668834037611,0.0178281528948677,0.2439391459870334,0.2445856796724479,0.5008531394873854
graph_093_mu_0_2_node_321,30,0.2896551724137931,0.0020989783575786,0.3920722135007849,2.5505505505505504,0.0526144033262452,20.138,9.862,2.0475357142857145,0.3287333333333332,0.1902624187693465,0.0104286763488694,0.1967691795440963,0.1971472420571212,0.3846655351347044
graph_093_mu_0_2_node_474,34,0.3119429590017825,0.0019165493526085,0.3903868698710434,2.561561561561561,0.0574313404405749,24.096,9.904,2.437008730158729,0.2912941176470587,0.1906512084769554,0.0104714342971365,0.1705107082746485,0.1708904957505341,0.461964090447685
graph_093_mu_0_2_node_736,18,0.425,0.0005785095402854,0.3513893774182202,2.845845845845846,0.0079741654648037,13.075,4.925,2.6771000000000003,0.2736111111111111,0.3238703239587743,0.0050221000542784,0.158596752630671,0.1587854873118277,0.781571616505557
graph_093_mu_0_2_node_432,43,0.2951219512195122,0.0030789154797623,0.4036363636363636,2.477477477477477,0.0705523303819567,31.125,11.875,2.6265722222222228,0.2761627906976743,0.2287055512556031,0.0125548838195561,0.160240233507602,0.1606958135644549,0.5776063793541805
graph_093_mu_0_2_node_131,18,0.2745098039215686,0.0012030553583538,0.3627450980392157,2.756756756756757,0.0074341438487021,11.024,6.976,1.5817142857142863,0.3875555555555556,0.3566225562575065,0.0071247324843252,0.2403862068965516,0.2406534769840193,0.5613287418871811
graph_093_mu_0_2_node_841,42,0.3666666666666666,0.0027094646550458,0.4000800961153384,2.4994994994995,0.0648942331066468,32.159,9.841,3.275883333333334,0.2343095238095238,0.2073582294415589,0.0103545484998912,0.1327342092331566,0.1331118150009788,0.6527344128381771
graph_093_mu_0_2_node_107,48,0.3439613526570048,0.0038438961178694,0.4069246435845214,2.457457457457457,0.086671551151223,37.111,10.889,3.413887445887447,0.2268541666666666,0.2098478234237589,0.0115157010444155,0.1279591271795203,0.1283770876416278,0.6930625219534765
graph_093_mu_0_2_node_855,41,0.3268292682926829,0.0036488837011872,0.3991210547343188,2.5055055055055053,0.0610316198956843,29.084,11.916,2.4451181818181817,0.2906341463414634,0.2504942519839988,0.0125403155915695,0.1700600715403531,0.1705171523844164,0.609570665521761
graph_093_mu_0_2_node_334,19,0.25,0.0009723509147538,0.3680913780397936,2.716716716716717,0.0113811153515607,12.008,6.992,1.7179047619047618,0.3679999999999999,0.327219342850792,0.0071490023431653,0.2254999999999999,0.2257679031962176,0.5145026930787663
graph_093_mu_0_2_node_933,24,0.3840579710144927,0.001100476537365,0.3747186796699174,2.6686686686686687,0.0152241007451834,18.011,5.989,3.0088000000000004,0.2495416666666667,0.28038763914778,0.0061233570188685,0.1425647840531561,0.1427943710471743,0.8418937028759451
graph_093_mu_0_2_node_178,21,0.3040935672514619,0.0013537293616558,0.3645985401459854,2.7427427427427427,0.0084069031454202,14.072,6.928,2.0362,0.3299047619047618,0.3623254955688169,0.0070974445135305,0.1976018018018018,0.1978672951699019,0.6770885424004368
graph_093_mu_0_2_node_273,30,0.2962962962962963,0.0017020707134141,0.3810068649885583,2.6246246246246248,0.0198250526466984,20.065,9.935,2.0220357142857144,0.3311666666666666,0.3524086841053134,0.0102320569916631,0.1984741569196619,0.1988550150951519,0.6737334988026162
graph_093_mu_0_2_node_292,53,0.2757619738751814,0.0054611338646747,0.4172932330827067,2.3963963963963963,0.0924624463959647,37.162,15.838,2.349362179487179,0.2988301886792452,0.3052604138256696,0.016749040966133,0.1756899880486821,0.1762977964927226,0.711899264049176
graph_093_mu_0_2_node_332,26,0.4492307692307692,0.0008828253475721,0.3810068649885583,2.6246246246246248,0.049250286082608,21.051,4.949,4.268033333333334,0.1903461538461539,0.0953452286149407,0.005232124104519,0.1052093284122159,0.1053990988409065,0.4035549697840024
graph_093_mu_0_2_node_372,27,0.29,0.0015447067912325,0.3851195065535852,2.5965965965965965,0.0197999600980104,18.006,8.994,2.00225,0.3331111111111111,0.3183544316665377,0.0092638267640773,0.1998434782608696,0.2001882214675928,0.6016351116302269
graph_093_mu_0_2_node_779,19,0.2807017543859649,0.0012481870245238,0.3564038530146272,2.805805805805806,0.0061151203399252,12.999,6.001,2.1682500000000005,0.3158421052631579,0.3293064435294732,0.0061156034757222,0.1875941142191142,0.1878240726266444,0.7116381211872436
graph_093_mu_0_2_node_530,22,0.4025974025974026,0.0010520574385221,0.3679558011049724,2.7177177177177176,0.0115371584555376,16.012,5.988,2.675466666666666,0.2721818181818181,0.289254199098354,0.0061217392862922,0.1575384615384615,0.1577679750263874,0.7720201398208633
graph_093_mu_0_2_node_596,47,0.3496762257169287,0.0035578910421116,0.4145228215767635,2.4124124124124124,0.0810262528984005,36.066,10.934,3.301627525252526,0.2326382978723405,0.2103593117699416,0.0115608254628232,0.1316424849682098,0.1320621385621946,0.6913254325737561
graph_093_mu_0_2_node_700,24,0.1385281385281385,0.00194119817534,0.380281690140845,2.6296296296296298,0.0134035646428076,13.011,10.989,1.184218181818182,0.4578749999999998,0.4316594123428888,0.0112828863508826,0.2969217638691322,0.2973427827053703,0.471396242792315
graph_093_mu_0_2_node_644,22,0.1991341991341991,0.0021236439209836,0.3808616088448341,2.625625625625626,0.0114477081576994,12.021,9.979,1.2059976190476187,0.4535909090909089,0.5694886601922825,0.0101684583121163,0.2933820930173871,0.2937644015604944,0.6832932986482635
graph_093_mu_0_2_node_465,36,0.2888888888888888,0.0030677894700853,0.3947056499407348,2.5335335335335336,0.0569318675571787,25.088,10.912,2.3031545454545457,0.303111111111111,0.2099871645363511,0.0115374072778085,0.1786658325149202,0.1790842892466355,0.480780541098648
graph_093_mu_0_2_node_973,23,0.1818181818181818,0.0017307498597323,0.3757051523128996,2.661661661661661,0.0148241605847154,12.013,10.987,1.0937202020202017,0.4776956521739132,0.4316971454232532,0.0112804312175627,0.3138150579150578,0.314235967943914,0.4712558674874268
graph_093_mu_0_2_node_265,21,0.1619047619047619,0.0016783399141169,0.3755639097744361,2.6626626626626626,0.0142354220910149,11.042,9.958,1.111183333333333,0.4741904761904762,0.536255940853699,0.0101617925990831,0.3109000668449198,0.3112815423665861,0.5903647721209355
graph_093_mu_0_2_node_962,21,0.3333333333333333,0.0011304171031784,0.3645985401459854,2.7427427427427427,0.0088296689055187,14.19,6.81,2.096,0.3242857142857143,0.2921899342310524,0.0070773531654518,0.1936756756756757,0.1939366501890131,0.5534624133487157
graph_093_mu_0_2_node_634,17,0.3455882352941176,0.0008139763472544,0.3623503808487486,2.75975975975976,0.010803264700163,11.139,5.861,1.9129499999999997,0.3447647058823528,0.34025969451455,0.0059999883285518,0.2084738916256158,0.2086984540472564,0.6284247389732052
graph_093_mu_0_2_node_540,25,0.2450592885375494,0.0015009327526389,0.376271186440678,2.6576576576576576,0.0168670366491192,16.05,8.95,1.7954365079365084,0.358,0.3174216586165407,0.009217532261944,0.2180644464251952,0.2184074520322647,0.5317994582727803
graph_093_mu_0_2_node_369,26,0.3115942028985507,0.0015728536833475,0.3740172220142269,2.6736736736736737,0.0158199279769134,17.048,8.952,1.907253968253968,0.3443076923076922,0.4331110637476111,0.0091512611431303,0.2079953018557669,0.2083384102786015,0.7729625127455696
graph_093_mu_0_2_node_619,21,0.3904761904761905,0.0012734392294658,0.3735976065818998,2.6766766766766765,0.0144712994006192,14.007,6.993,2.0035,0.3329999999999999,0.2948579921885794,0.0071703894605332,0.1997666666666667,0.2000346492238257,0.590037712823747
graph_093_mu_0_2_node_421,31,0.2906403940886699,0.0022048920901201,0.3811522319725295,2.623623623623624,0.0163868850698813,22.021,8.979,2.453732142857142,0.2896451612903226,0.350305768538553,0.0092248889878194,0.1693579696334413,0.1697022439659765,0.8184770555228253
graph_093_mu_0_2_node_32,27,0.3433333333333333,0.0016652378497736,0.3741573033707865,2.6726726726726726,0.0141901127100303,19.013,7.987,2.381846428571429,0.2958148148148148,0.3670544501155094,0.0081774664351554,0.1735914025184541,0.1738975824531655,0.8265685729445504
graph_093_mu_0_2_node_853,30,0.2645502645502645,0.0021882128366708,0.3911511354737666,2.5565565565565564,0.0207544099231151,20.025,9.975,2.0086666666666666,0.3324999999999999,0.3892243418184888,0.0102479518085608,0.1994153846153846,0.1997977745931364,0.7405990547741769
graph_093_mu_0_2_node_837,52,0.3420408163265306,0.0037239945512879,0.4141791044776119,2.414414414414414,0.0878425806648056,40.08,11.92,3.367300288600289,0.2292307692307693,0.2293935705019557,0.0126027009048262,0.1294687106493415,0.129926331027459,0.7496994880956386
graph_093_mu_0_2_node_441,35,0.3310924369747899,0.0021742209934198,0.3945497630331753,2.5345345345345347,0.0589992825350457,26.129,8.871,2.952291666666666,0.2534571428571429,0.1709138423641397,0.0093791958772331,0.1451562959045772,0.1454965374420823,0.5007721259444718
graph_093_mu_0_2_node_678,19,0.1911764705882352,0.0012380903697549,0.3641997812613926,2.745745745745746,0.011538602895909,11.143,7.857,1.4307271645021646,0.4135263157894735,0.4343012098835531,0.0080444172563443,0.2610025225371999,0.2613035377636692,0.546880274555869
graph_093_mu_0_2_node_126,15,0.3846153846153846,0.0004874684478011,0.3523809523809524,2.8378378378378377,0.0080282617870677,11.043,3.957,2.810625,0.2638,0.2085459813708322,0.0040813665340182,0.1520565545565545,0.1522081758242233,0.5233579805686854
graph_093_mu_0_2_node_881,25,0.2608695652173913,0.0019431434582863,0.3751408186256102,2.665665665665666,0.0131247754049044,15.011,9.989,1.503125,0.3995600000000001,0.4095082241055392,0.0102436149419942,0.2496660859465737,0.2500488653439,0.5738976199554522
graph_093_mu_0_2_node_79,24,0.5036231884057971,0.0009671986480734,0.374859287054409,2.667667667667668,0.0181994405059694,19.014,4.986,3.8175999999999983,0.20775,0.1920408221556537,0.0051253476821797,0.1159250176180408,0.1161161768486406,0.7306777065072796
graph_093_mu_0_2_node_483,32,0.2689655172413793,0.0029764247445991,0.3931523022432113,2.543543543543544,0.0218959260204637,19.087,12.913,1.4800671328671324,0.40353125,0.6274014773441917,0.0132401501384388,0.2528187547233052,0.2533136807867187,0.8715219586100966
graph_093_mu_0_2_node_587,21,0.3040935672514619,0.0013186619959957,0.3682270549207519,2.715715715715716,0.0105877984484094,14.013,6.987,2.008115384615385,0.3327142857142857,0.3992167302403245,0.0071193791926973,0.1996149425287356,0.1998826951306292,0.7402724336077433
graph_093_mu_0_2_node_854,26,0.2092307692307692,0.0024259214176575,0.3849710982658959,2.5975975975975976,0.0156383758289243,14.033,11.967,1.1735212121212122,0.4602692307692309,0.5828770104022682,0.0122277533985583,0.2989672473867595,0.299425754653507,0.6813385745192395
graph_093_mu_0_2_node_494,21,0.2571428571428571,0.001578824200528,0.3664710198092443,2.7287287287287287,0.0090370599304963,12.009,8.991,1.3360416666666666,0.4281428571428571,0.4206588321978244,0.009193181387357,0.2723925133689838,0.2727369832378311,0.5612472540549691
graph_093_mu_0_2_node_832,25,0.4233333333333333,0.0007483741610165,0.3801369863013699,2.630630630630631,0.0520514123867113,20.044,4.956,4.055833333333333,0.19824,0.0954745535604187,0.0052414762140406,0.1100493370336108,0.1102393611897763,0.3842758632935139
graph_093_mu_0_2_node_98,17,0.4857142857142857,0.0005437498994618,0.354004252303331,2.824824824824825,0.009852406381103,13.255,3.745,3.788333333333333,0.2202941176470588,0.1651054051036218,0.0038869649687418,0.1242963709677419,0.1244398928203683,0.5114164729601925
graph_093_mu_0_2_node_591,18,0.3083333333333333,0.000880108265499,0.3594818279956819,2.7817817817817816,0.0100621240058456,12.082,5.918,2.0609,0.3287777777777777,0.3106425326281904,0.0060601607601769,0.1969201612903226,0.1971469234242928,0.5728593996456752
graph_093_mu_0_2_node_261,28,0.5107692307692308,0.0007198478874212,0.3742974896965155,2.6716716716716715,0.0455261542345143,24.024,3.976,6.056,0.1419999999999999,0.0835621958927998,0.004184254728141,0.0764354136429607,0.076587914727868,0.4828402758523923
graph_093_mu_0_2_node_54,49,0.3302497687326549,0.0037985711779989,0.4084219133278822,2.448448448448449,0.0875150108310565,37.143,11.857,3.1412300505050506,0.2419795918367346,0.2286299368554848,0.0125387096200678,0.137679903920129,0.1381350036019674,0.6934912669340322
graph_093_mu_0_2_node_643,23,0.3095238095238095,0.0013871625719182,0.367820324005891,2.7187187187187187,0.0130986596731611,15.253,7.747,1.997694047619048,0.3368260869565216,0.4525194388009468,0.0079278357903169,0.202879154029539,0.203176048835579,0.8033393433778908
graph_093_mu_0_2_node_651,27,0.3466666666666667,0.0013120949099431,0.3814432989690721,2.621621621621621,0.0214922599645649,18.127,8.873,2.055607142857143,0.3286296296296295,0.4334655120590913,0.0090932517851059,0.1967581683626272,0.197098277293773,0.8236960793864407
graph_093_mu_0_2_node_697,31,0.3440860215053763,0.0018423294290902,0.3914576802507837,2.5545545545545547,0.0523970662350534,22.071,8.929,2.4752599206349206,0.2880322580645162,0.1717661783658135,0.0094415966057778,0.1682748110031129,0.1686171699955843,0.4225077159650514
graph_093_mu_0_2_node_762,30,0.335978835978836,0.0018163904263135,0.3755639097744361,2.6626626626626626,0.0157832643798912,22.009,7.991,2.755,0.2663666666666667,0.2828928338247503,0.0082306876627154,0.1536510240283824,0.1539574276717044,0.7432493490831796
graph_093_mu_0_2_node_777,25,0.2687747035573122,0.0015564081010077,0.375,2.6666666666666665,0.0162726494600614,15.56,9.44,1.6721527777777778,0.3776000000000001,0.413561198062961,0.0098005020306509,0.2332687451043946,0.2336305064949407,0.6012216190327606
graph_093_mu_0_2_node_738,16,0.375,0.0008434680316594,0.3566583363084613,2.803803803803804,0.0075917913663444,11.027,4.973,2.2231999999999994,0.3108125,0.3029546928962922,0.0050596188377142,0.1840510855683269,0.1842416297166151,0.6690379262077579
graph_093_mu_0_2_node_35,41,0.4170731707317073,0.0021202140235052,0.3975328292877039,2.5155155155155158,0.0795890732610341,34.152,6.848,5.031880952380952,0.1670243902439024,0.1324201872086991,0.0072396796005114,0.0911685697025603,0.0914314018437827,0.6546073264165013
graph_093_mu_0_2_node_775,17,0.1691176470588235,0.0012724142027448,0.3663366336633663,2.72972972972973,0.0130867181468791,8.036,8.964,0.9006208513708516,0.5272941176470588,0.5817108777300685,0.0091139628176388,0.3582594004707048,0.3586027312902768,0.5178417056633352
graph_093_mu_0_2_node_954,23,0.2238095238095238,0.0018172818300849,0.3716517857142857,2.690690690690691,0.0099887099782299,13.015,9.985,1.3038972222222225,0.4341304347826087,0.4860131533132004,0.0102029370281058,0.2772615773668405,0.2776441450024469,0.5838742670471362
graph_093_mu_0_2_node_602,21,0.1571428571428571,0.00177494833483,0.3768389287061486,2.6536536536536537,0.0126545152280648,10.015,10.985,0.9121181818181816,0.5230952380952381,0.5902314706495274,0.0112115886935698,0.3542217741935484,0.3546425431774169,0.5364513689482655
graph_093_mu_0_2_node_701,16,0.3083333333333333,0.0008093597087278,0.3561497326203208,2.807807807807808,0.0081486761547127,11.012,4.988,2.2096,0.31175,0.1945513277484741,0.0051247653404575,0.1846772486772486,0.1848683673223341,0.4286626069890231
graph_093_mu_0_2_node_991,27,0.3866666666666666,0.0016464722483244,0.3726221559119731,2.683683683683684,0.0133188555916276,19.006,7.994,2.3780535714285715,0.296074074074074,0.3370109837505766,0.0081966900443913,0.1737642229417205,0.174070671021183,0.7585978275119396
graph_093_mu_0_2_node_364,19,0.3235294117647059,0.0010336702562304,0.3609104046242775,2.770770770770771,0.0092879115878901,13.008,5.992,2.171733333333333,0.3153684210526317,0.3643701028290729,0.0060966318532987,0.1872121212121212,0.1874417351222582,0.7291215936629833
graph_093_mu_0_2_node_867,31,0.2150537634408602,0.0028527309341871,0.3947056499407348,2.5335335335335336,0.02428532261811,17.032,13.968,1.2199349816849818,0.4505806451612901,0.544918073942844,0.0143505785103175,0.2908305102040816,0.2913657664204181,0.6626297292469012
graph_093_mu_0_2_node_70,15,0.3809523809523809,0.0005675533381702,0.3521325343672893,2.83983983983984,0.0058925808213422,11.001,3.999,2.75125,0.2665999999999999,0.1944972077422834,0.0040864716543636,0.1538034188034187,0.1539566489492113,0.5349437101801683
graph_093_mu_0_2_node_879,23,0.3675889328063241,0.0012735754455245,0.3679558011049724,2.7177177177177176,0.0125414888635309,17.003,5.997,2.835633333333333,0.2607391304347826,0.2122491421123139,0.0061769559218293,0.1499158536585365,0.1501457295296316,0.6015877615732856
graph_093_mu_0_2_node_442,47,0.272895467160037,0.004585851252888,0.4117889530090684,2.4284284284284285,0.0692474468573601,31.175,15.825,1.972511126373626,0.3367021276595744,0.3330496887998895,0.0166524224541326,0.2024680675143601,0.2030750984449509,0.6526607672294649
graph_093_mu_0_2_node_705,36,0.3555555555555555,0.0020033928004941,0.3961141950832672,2.5245245245245247,0.0626120803419836,27.026,8.974,3.014571428571428,0.2492777777777777,0.1724858962254148,0.0094892781899399,0.142398901098901,0.1427431157975162,0.5185159932716197
graph_093_mu_0_2_node_584,19,0.1764705882352941,0.0010965160868011,0.3706864564007421,2.6976976976976976,0.0126601393594503,11.016,7.984,1.3805416666666666,0.4202105263157893,0.3887005884125131,0.0081581511966898,0.2660154569892473,0.2663213344179623,0.4866618464277625
graph_093_mu_0_2_node_176,24,0.4935064935064935,0.0008573892393487,0.3658000732332478,2.7337337337337337,0.0116321865297233,19.024,4.976,3.8287999999999993,0.2073333333333333,0.2413407332797165,0.0051032866419972,0.1156701902748414,0.1158609662991846,0.8707637514605617
graph_093_mu_0_2_node_811,30,0.360919540229885,0.0018831582501766,0.3909980430528376,2.557557557557557,0.0474403750914508,21.042,8.958,2.3510714285714283,0.2985999999999999,0.188227150353798,0.0094275108761353,0.1755220694954324,0.1758655130483425,0.4407903583906596
graph_093_mu_0_2_node_363,17,0.25,0.0010056374222714,0.364067055393586,2.7467467467467466,0.0108689934061585,10.009,6.991,1.4325380952380946,0.4112352941176472,0.2746893619741135,0.0071777241919863,0.2588607006020799,0.259128524444067,0.3927706840229902
graph_093_mu_0_2_node_690,24,0.3659420289855072,0.001486898122287,0.3694526627218935,2.7067067067067065,0.0116882667241254,17.038,6.962,2.4543428571428567,0.2900833333333333,0.3207100469659388,0.0071269659217635,0.1696944258237508,0.1699612824419803,0.7809643239409992
graph_093_mu_0_2_node_592,20,0.4183006535947712,0.0008348361691199,0.3607800650054171,2.771771771771772,0.0103598631181211,14.05,5.95,2.375,0.2974999999999999,0.2892174974551879,0.0061015373052126,0.1748345824816413,0.1750626051392967,0.6294775116780854
graph_093_mu_0_2_node_42,22,0.2631578947368421,0.0012398928040803,0.3722056631892697,2.6866866866866865,0.0285959169190826,14.158,7.842,1.813590476190476,0.3564545454545454,0.1653939340746012,0.0082506275759855,0.2170219936535726,0.2173225042541547,0.2751413217272148
graph_093_mu_0_2_node_625,17,0.3014705882352941,0.0009716861171993,0.3606498194945848,2.7727727727727727,0.0088253233676521,11.081,5.919,1.8828909090909087,0.3481764705882352,0.3269102898467258,0.0060605444546824,0.2110089026915114,0.2112356858029609,0.5989938089716832
graph_093_mu_0_2_node_706,23,0.3095238095238095,0.0015237537867282,0.3658000732332478,2.7337337337337337,0.0105375910279117,15.156,7.844,1.939345238095238,0.3410434782608695,0.3359120448998198,0.0081513585524765,0.2056873144399459,0.2059879247373679,0.594305537437925
graph_093_mu_0_2_node_103,23,0.3438735177865613,0.001136996359866,0.3794151158374478,2.635635635635636,0.0179695600698932,16.012,6.988,2.2925047619047616,0.3038260869565217,0.2725604405150488,0.0071794554242839,0.1791347717323326,0.1794026038602622,0.6235063912653415
graph_093_mu_0_2_node_88,34,0.3975044563279857,0.0016465810693286,0.3951740506329114,2.5305305305305303,0.0624885709269643,27.063,6.937,3.909761904761904,0.2040294117647059,0.1335648101944987,0.007334108049294,0.1136242183106275,0.113890321435208,0.5189382603893798
graph_093_mu_0_2_node_21,22,0.4210526315789473,0.0009167912227599,0.3610408384531984,2.76976976976977,0.0088259271859019,18.001,3.999,4.501833333333333,0.1817727272727272,0.2040487556104863,0.0040846882327941,0.0999731707317073,0.1001264831203393,0.8673213417793497
graph_093_mu_0_2_node_863,19,0.3235294117647059,0.0008149101487092,0.3624818577648766,2.7587587587587588,0.0118756572113323,13.22,5.78,2.309166666666667,0.3042105263157895,0.3103544084726384,0.0059561900732057,0.1796217373312961,0.1798432319203071,0.6306649711638843
graph_093_mu_0_2_node_998,46,0.2980972515856236,0.0038292164204462,0.4111111111111111,2.4324324324324325,0.0698821226538513,32.027,13.973,2.293094505494505,0.3037608695652174,0.2933775511687529,0.0147056632828871,0.1790884880582008,0.1796245518057289,0.6506265684065673
graph_093_mu_0_2_node_152,25,0.33,0.0014023770804671,0.3734579439252336,2.6776776776776776,0.0128990030755809,18.018,6.982,2.5821428571428573,0.2792800000000001,0.2744391424815314,0.0071684739674705,0.1623150105708245,0.1625826539342395,0.7069721143495871
graph_093_mu_0_2_node_641,31,0.3078817733990148,0.0027094229592217,0.3867595818815331,2.5855855855855854,0.0190287998572545,20.081,10.919,1.842267207792207,0.3522258064516129,0.530708887667871,0.0111951661295582,0.2138082476490912,0.2142268120307364,0.919862179384666
graph_093_mu_0_2_node_270,23,0.3285714285714285,0.0014221047307712,0.3643326039387308,2.744744744744745,0.0086456495799053,16.997,6.003,2.834976190476191,0.2609999999999999,0.3295303442882671,0.0061175815977816,0.1501472560975609,0.1503773615103012,0.8759085274645044
graph_093_mu_0_2_node_604,25,0.2292490118577075,0.0020198662387849,0.3826120260436614,2.6136136136136137,0.0165507865839839,14.185,10.815,1.318787878787879,0.4326000000000001,0.4620471968199001,0.0112403911495194,0.2762432993835432,0.2766576905387878,0.5527356202758217
graph_093_mu_0_2_node_401,24,0.303030303030303,0.0016273582036102,0.3712374581939799,2.6936936936936937,0.0125467501346359,16.085,7.915,2.0423714285714287,0.3297916666666666,0.4145186889461455,0.0081065472731129,0.1975692407422413,0.1978725926890757,0.7808074547184964
graph_093_mu_0_2_node_147,35,0.2957983193277311,0.0021279802325145,0.3925343811394892,2.5475475475475475,0.0630906384685638,26.044,8.956,2.9111111111111105,0.2558857142857142,0.1723610766851931,0.0094723185988861,0.1467301251542394,0.1470736237591772,0.4995727669958653
graph_093_mu_0_2_node_216,18,0.4166666666666667,0.0006354085139905,0.3576799140708915,2.795795795795796,0.011018955625018,13.117,4.883,2.7431000000000005,0.2712777777777777,0.3234486765899957,0.0049763967974704,0.1571759315163015,0.1573630570199177,0.7819932638743353
graph_093_mu_0_2_node_438,40,0.2361308677098151,0.0032833202746046,0.3997599039615846,2.5015015015015014,0.0647004020831666,26.17,13.83,1.8958714618714625,0.3457499999999999,0.2666835530885468,0.0146251907529554,0.2090641203918296,0.2095944619143134,0.4825399249904359
graph_093_mu_0_2_node_836,35,0.3503787878787879,0.0023875527342549,0.3959571938168846,2.5255255255255253,0.0275968780459932,24.037,10.963,2.193661616161615,0.3132285714285713,0.422308690239031,0.0112695241603498,0.1857096878762619,0.186130066047895,0.8850105608071985
graph_093_mu_0_2_node_478,45,0.3078626799557032,0.003798955569436,0.4021739130434782,2.4864864864864864,0.0704967550343363,33.099,11.901,2.784988636363636,0.2644666666666666,0.229009879331633,0.0125836523996578,0.1524059565181825,0.1528626030414414,0.6156978574976639
graph_093_mu_0_2_node_280,47,0.3555555555555555,0.0030672042704114,0.4062627084180561,2.4614614614614614,0.0793725539371752,38.127,8.873,4.306710317460317,0.1887872340425531,0.1709842616657259,0.0093808937733458,0.1042516024197825,0.1045922341208935,0.7121192813830847
graph_093_mu_0_2_node_919,38,0.3655761024182077,0.0026508750309998,0.3961141950832672,2.5245245245245247,0.0585610719962494,28.034,9.966,2.8151396825396824,0.2622631578947368,0.2093196732910869,0.0104884738777746,0.1509343170221897,0.1513165967923128,0.5877018114278231
graph_093_mu_0_2_node_482,20,0.4421052631578947,0.0008243271508725,0.3609104046242775,2.770770770770771,0.0113021606422864,15.008,4.992,3.010666666666667,0.2496,0.2410718106503313,0.0051036205405923,0.1426100386100385,0.1428013690596269,0.7237870505442131
graph_093_mu_0_2_node_728,45,0.3262626262626262,0.0037223639880718,0.4122988031366075,2.4254254254254253,0.0699676092262123,32.079,12.921,2.485459790209789,0.2871333333333332,0.2716189091885387,0.0135974478767315,0.16765529091162,0.1681510171458703,0.6719320785586388
graph_093_mu_0_2_node_148,26,0.322463768115942,0.001327912849568,0.3775510204081632,2.6486486486486487,0.0169636112482234,19.005,6.995,2.717380952380953,0.2690384615384615,0.2475994628395692,0.0072048509768994,0.1554299516908212,0.1556981136019063,0.6370058672534734
graph_093_mu_0_2_node_916,19,0.1812865497076023,0.0014808699254744,0.3759879563417388,2.65965965965966,0.0133236649388888,10.017,8.983,1.1161539987789986,0.4727894736842106,0.4830500168564661,0.0091676763933446,0.309642877271042,0.309986988087988,0.5363585491487949
graph_093_mu_0_2_node_727,27,0.2766666666666666,0.0016624835608893,0.3795592705167173,2.6346346346346348,0.0185724171488038,18.016,8.984,2.006803571428572,0.3327407407407406,0.350460411835761,0.0092297815688318,0.1995903098982424,0.1999346700926423,0.6624847023507668
graph_093_mu_0_2_node_642,25,0.24,0.0012087933559039,0.3781226343679031,2.6446446446446448,0.043001323933038,17.022,7.978,2.135119047619048,0.3191199999999999,0.1534263449724817,0.0084384872580363,0.1898696264975335,0.190175414816824,0.3268039182241354
graph_093_mu_0_2_node_251,21,0.2748538011695906,0.0012231648595229,0.3670095518001469,2.724724724724725,0.0110658887530335,14.006,6.994,2.0045,0.333047619047619,0.3570142748875209,0.0071436895825919,0.1998105263157895,0.2000785471151802,0.6633381988170847
graph_093_mu_0_2_node_978,19,0.3157894736842105,0.0010819598342445,0.367820324005891,2.7187187187187187,0.0108455473620876,13.016,5.984,2.1768,0.3149473684210526,0.2914717740669086,0.0061143349963215,0.1869242424242424,0.1871535499502184,0.6323204886544849
graph_093_mu_0_2_node_671,20,0.2287581699346405,0.0010625583835691,0.3636694575900983,2.74974974974975,0.0114195054929871,11.161,8.839,1.268206349206349,0.4419500000000002,0.5111136671072088,0.0090506409095254,0.2838613609666741,0.2841999866058528,0.5734916447745145
graph_093_mu_0_2_node_252,20,0.331578947368421,0.0011949824177648,0.3690432212781677,2.70970970970971,0.0114117670578482,13.014,6.986,1.864571428571429,0.3492999999999999,0.3210595965148519,0.0071528089424917,0.2116302521008402,0.2118979460403034,0.5970911263518606
graph_093_mu_0_2_node_607,54,0.27526395173454,0.0054284546460975,0.4234845273420941,2.3613613613613613,0.094498747217539,38.128,15.872,2.405267857142857,0.2939259259259258,0.3057297633970591,0.0167853011296902,0.1723061816879667,0.1729153393970331,0.7124457324538661
graph_093_mu_0_2_node_870,30,0.3015873015873015,0.0022287168280315,0.3784090909090909,2.6426426426426426,0.0156704658927703,20.008,9.992,2.002666666666667,0.3330666666666666,0.4095684807682881,0.0102467436697096,0.1998117647058823,0.2001948057348349,0.7787135808054096
graph_093_mu_0_2_node_166,20,0.331578947368421,0.0013244000334106,0.3638018936635105,2.7487487487487487,0.0063557399693913,14.008,5.992,2.341333333333333,0.2995999999999999,0.3421211901927705,0.0061056838112278,0.1762539682539682,0.176483599569475,0.7968464518876213
graph_093_mu_0_2_node_209,18,0.1916666666666666,0.0009567361059612,0.3690432212781677,2.70970970970971,0.013298275774396,10.109,7.891,1.2861714285714283,0.438388888888889,0.5180751727417996,0.0080477729419766,0.2809110440171619,0.281213338125365,0.5864872873575132
graph_093_mu_0_2_node_889,16,0.2833333333333333,0.0009700511810886,0.3579362235757793,2.793793793793794,0.0076369585819454,10.003,5.997,1.6692444444444448,0.3748125,0.388325883291751,0.00609834766112,0.2306595176160394,0.230889270129888,0.6466078260278014
graph_093_mu_0_2_node_335,21,0.3904761904761905,0.0009318495004988,0.3664710198092443,2.7287287287287287,0.0122581707060415,15.021,5.979,2.51575,0.2847142857142856,0.2751035789279666,0.0061210836212759,0.1660094831673778,0.1662386343012283,0.6887313098698931
graph_093_mu_0_2_node_36,17,0.3904761904761905,0.0007494063279553,0.3605196679898953,2.7737737737737738,0.0105477090323287,13.0,4.0,3.254722222222222,0.2352941176470588,0.2582821990889206,0.0040686827374974,0.1333772043010752,0.1335304961135265,0.7750038137536671
graph_093_mu_0_2_node_255,30,0.3941798941798942,0.001651086655379,0.3791271347248577,2.6376376376376376,0.0199198149437881,22.013,7.987,2.7577857142857147,0.2662333333333333,0.3369471261867864,0.0081887525696451,0.1535663162832973,0.1538725666494476,0.8850780863752506
graph_093_mu_0_2_node_907,22,0.2943722943722944,0.0011555801042657,0.3789833080424886,2.6386386386386387,0.0184805872579223,14.006,7.994,1.7524880952380952,0.3633636363636364,0.282972005365248,0.0082338141864542,0.22202576260471,0.2223320932530503,0.4954126006713129
graph_093_mu_0_2_node_86,16,0.1583333333333333,0.0013020813238657,0.3636694575900983,2.74974974974975,0.0077184837229191,7.998,8.002,1.000178354978355,0.500125,0.5576982687856596,0.0081291184089587,0.3335036696636696,0.3338101655808853,0.5560819662545747
graph_093_mu_0_2_node_151,23,0.2238095238095238,0.001419729016451,0.3709617526921648,2.695695695695696,0.0161568863656034,13.285,9.715,1.3826630952380956,0.4223913043478261,0.5178745178529663,0.0100165451156044,0.2682175105773789,0.2685897427416911,0.6323488304644611
graph_093_mu_0_2_node_144,19,0.3742690058479532,0.0009025088050212,0.3706864564007421,2.6976976976976976,0.0296765168089386,13.114,5.886,2.240133333333333,0.3097894736842105,0.1241059041656939,0.0061930783560304,0.1834061942959002,0.1836317485806738,0.2744112870177814
graph_093_mu_0_2_node_886,21,0.2280701754385964,0.0015474224179978,0.37,2.702702702702702,0.0155522507586614,12.021,8.979,1.3404999999999998,0.4275714285714286,0.4588485061566339,0.0091700933413412,0.2719641711229945,0.272308181574115,0.561503967547972
graph_093_mu_0_2_node_685,36,0.3793650793650793,0.0018748457525673,0.4013660104459622,2.4914914914914914,0.0719431337568355,27.039,8.961,3.0197857142857143,0.2489166666666666,0.1724253884991274,0.0094777725176856,0.1421618131868131,0.1425055297855676,0.5190971880259574
graph_093_mu_0_2_node_747,25,0.3794466403162055,0.0011917307545359,0.375,2.6666666666666665,0.0155984952518931,18.005,6.995,2.574642857142857,0.2798000000000001,0.2948829182164047,0.0071725668249623,0.1626597369039229,0.1629278782471398,0.7164482921797642
graph_093_mu_0_2_node_111,21,0.3625730994152046,0.0012979634596177,0.3641997812613926,2.745745745745746,0.009532242140309,14.011,6.989,2.0055,0.3328095238095237,0.4865674424545608,0.0070991706494546,0.1996333333333333,0.1999011627101692,0.9043070982147297
graph_093_mu_0_2_node_342,42,0.2659698025551684,0.003686789118635,0.4084219133278822,2.448448448448449,0.0684538346226043,28.091,13.909,2.022552447552448,0.3311666666666666,0.2676207520684488,0.0147065576921539,0.1984801852209145,0.1990136333748139,0.5382908997017324
graph_093_mu_0_2_node_119,16,0.275,0.000790568203015,0.3570407433881344,2.800800800800801,0.0102741812679356,10.007,5.993,1.6722666666666668,0.3745625,0.3289937731959572,0.0061070932233173,0.2305013505013505,0.2307309498055217,0.5475228070098999
graph_093_mu_0_2_node_995,23,0.3238095238095238,0.0015992058083506,0.3724832214765101,2.684684684684685,0.0120005013095977,15.088,7.912,1.9115535714285716,0.3439999999999998,0.518707254347918,0.0080699135114246,0.2077995276653171,0.2081027418195136,0.9118646686059224
graph_093_mu_0_2_node_640,27,0.3190883190883191,0.0014515435549415,0.3812977099236641,2.6226226226226226,0.046933882867505,20.067,6.933,2.9009857142857136,0.2567777777777777,0.133607737636648,0.0073319924215711,0.1473353777681285,0.1476011848283802,0.3850638172415661
graph_093_mu_0_2_node_515,17,0.2205882352941176,0.0011854783717243,0.3628768616055212,2.755755755755756,0.008418933348515,10.012,6.988,1.4339345238095234,0.4110588235294118,0.4547955974795451,0.0071319274382864,0.2587368742368742,0.2590045832024142,0.6494885027087102
graph_093_mu_0_2_node_306,49,0.2874149659863945,0.0042854853985429,0.4138359569179785,2.4164164164164164,0.079839513632364,35.138,13.862,2.538521212121212,0.2828979591836734,0.266872865261008,0.0146563294248473,0.164781751211821,0.1653136852056179,0.6738047398101914
graph_093_mu_0_2_node_387,23,0.2569169960474308,0.0019483185029315,0.3843786071565987,2.601601601601601,0.018605705518399,13.118,9.882,1.3318714285714288,0.4296521739130435,0.5178663999313908,0.0101209060480775,0.273749680854944,0.2741283059932827,0.6769156963362502
graph_093_mu_0_2_node_259,34,0.3351158645276292,0.0020128737656444,0.3975328292877039,2.5155155155155158,0.0654018666342985,24.089,9.911,2.434094444444444,0.2914999999999999,0.1909506135715812,0.010481570366109,0.1706485486070524,0.1710286042481203,0.4618992373636461
graph_093_mu_0_2_node_165,28,0.32,0.0017856179598676,0.379703534777651,2.6336336336336337,0.0160938502153189,19.027,8.973,2.122055555555556,0.3204642857142857,0.4127288968342103,0.0091864344691638,0.1908232016210739,0.1911671669648641,0.8268027040358518
graph_093_mu_0_2_node_980,29,0.2586206896551724,0.0023616434251377,0.3836405529953917,2.6066066066066065,0.0165985110377665,19.015,9.985,1.9049138888888884,0.3443103448275863,0.3923830946756536,0.0102516359307346,0.2079644217687075,0.2083471653786568,0.7461618239683144
graph_093_mu_0_2_node_95,19,0.1111111111111111,0.0014798431470763,0.3726221559119731,2.683683683683684,0.0133858494541429,9.105,9.895,0.9255327922077924,0.5207894736842105,0.6483771648287165,0.0100927104314556,0.3524184297220309,0.3527974359497066,0.5855968065069456
graph_093_mu_0_2_node_611,32,0.3568548387096774,0.0021035517471998,0.3969010727056019,2.51951951951952,0.0544618643936517,22.051,9.949,2.218311111111112,0.31090625,0.209013657313955,0.0104707489839755,0.1840877344877344,0.1844691873035226,0.461619632040016
graph_093_mu_0_2_node_801,48,0.2978723404255319,0.0047672476179246,0.4146948941469489,2.411411411411412,0.0846865718991262,33.303,14.697,2.277739593739593,0.3061875,0.2841006302875473,0.0155382567322056,0.1808784365346901,0.1814423129803371,0.6380091535701676
graph_093_mu_0_2_node_56,24,0.3369565217391304,0.0008341551291314,0.3747186796699174,2.6686686686686687,0.0365702604046786,18.129,5.871,3.1044,0.244625,0.1239107560935408,0.0061766167473456,0.1394321957112654,0.1396572617810525,0.3792196585054946
graph_093_mu_0_2_node_950,21,0.3333333333333333,0.0012077753576421,0.3693160813308687,2.707707707707708,0.0115686287369363,15.011,5.989,2.5077,0.2851904761904761,0.2353237974249091,0.0061490922790337,0.1663198198198197,0.1665493540189806,0.5889493403055673
graph_093_mu_0_2_node_902,32,0.271264367816092,0.0023655406599789,0.3807164634146341,2.6266266266266265,0.0171525022778318,22.066,9.934,2.2237333333333336,0.3104375,0.3523999218909325,0.0102309245722263,0.1837652717652717,0.1841461500583959,0.7445106874244407
graph_093_mu_0_2_node_352,19,0.4678362573099415,0.0007429994338873,0.3618254255704455,2.763763763763764,0.0107875519301297,14.003,4.997,2.8028499999999994,0.263,0.2106450258685223,0.0051240164615201,0.1514135472370766,0.1516050545907669,0.5899921823617781
graph_093_mu_0_2_node_766,16,0.5604395604395604,0.000447083693979,0.3478412256267409,2.874874874874875,0.0059831701333221,13.007,2.993,4.352000000000001,0.1870625,0.2084686169978294,0.0030401617947551,0.1031908045977011,0.1033055097527163,0.8346872885041384
graph_093_mu_0_2_node_913,23,0.4110671936758893,0.0013187619133105,0.3737373737373737,2.675675675675676,0.0146943393554993,16.011,6.989,2.2917380952380944,0.3038695652173914,0.2948094954032857,0.0071660165989364,0.1791628205128204,0.1794306909505076,0.6743715509233457
graph_093_mu_0_2_node_293,19,0.2573099415204678,0.0014955630066319,0.3686346863468634,2.7127127127127126,0.0113342855250611,11.006,7.994,1.377601190476191,0.420736842105263,0.5177161080967833,0.0081290832856073,0.2664529363110008,0.2667591964647055,0.7111987062029438
graph_093_mu_0_2_node_829,23,0.2666666666666666,0.0013794560627296,0.3667400881057269,2.7267267267267266,0.009251139858598,15.029,7.971,1.8869107142857144,0.3465652173913042,0.3883597198047867,0.0081446372007535,0.2096261808367071,0.2099316542536375,0.6815277005555499
graph_093_mu_0_2_node_388,26,0.2984615384615384,0.0012381357673034,0.3849710982658959,2.5975975975975976,0.0474183155605527,19.052,6.948,2.7469714285714293,0.2672307692307692,0.1337864226141704,0.0073480818212487,0.1542514133004419,0.1545177746355769,0.3656665445277001
graph_093_mu_0_2_node_826,28,0.2592592592592592,0.0024984985732264,0.3837879369957741,2.6056056056056054,0.0179019893957284,17.011,10.989,1.5483111111111114,0.3924642857142857,0.5141829825027256,0.0112359903917482,0.2441480111008325,0.2445691590109535,0.7950307439880574
graph_093_mu_0_2_node_629,23,0.375494071146245,0.0009195606752106,0.3754227733934611,2.663663663663664,0.0377261721680615,16.145,6.855,2.3668714285714283,0.2980434782608696,0.1445890620471309,0.0072125345017467,0.1752230456535334,0.1754857836937438,0.3372742220555047
graph_093_mu_0_2_node_223,20,0.3368421052631579,0.0012437532845648,0.3741573033707865,2.6726726726726726,0.014026152195825,13.006,6.994,1.8600000000000003,0.3496999999999999,0.286691526046282,0.0071722768203982,0.2119073083778965,0.2121753086897669,0.5327895344807346
graph_093_mu_0_2_node_48,47,0.3494949494949494,0.0031976845958568,0.4079216006533279,2.4514514514514514,0.0870460160788276,37.036,9.964,3.720366666666668,0.212,0.1917199042228416,0.0105382753694104,0.1185766894072639,0.1189591565887757,0.6919795827421124
graph_093_mu_0_2_node_818,26,0.3446153846153846,0.0018788547496868,0.3742974896965155,2.6716716716716715,0.0130776324945543,18.037,7.963,2.267488095238096,0.3062692307692307,0.3666651581264785,0.0081517786553266,0.1808487483530961,0.181153985601161,0.8266332917876427
graph_093_mu_0_2_node_773,19,0.5087719298245614,0.0006803551779446,0.3652650822669104,2.7377377377377377,0.0136869837598679,15.009,3.991,3.76425,0.2100526315789473,0.153620040979218,0.0041028785584866,0.1173596638655462,0.1175126344713336,0.5767784931086305
graph_093_mu_0_2_node_805,25,0.3122529644268774,0.0014461573580315,0.3729003359462486,2.681681681681681,0.0151285665750722,17.021,7.979,2.134375,0.3191599999999999,0.3669727299986193,0.0081687306712758,0.1898947951273533,0.1902006217622698,0.734833137441436
graph_093_mu_0_2_node_382,17,0.1838235294117647,0.0012112904492519,0.3679558011049724,2.7177177177177176,0.0095546849189206,9.005,7.995,1.1270238095238096,0.4702941176470588,0.438580446725061,0.0081476478456501,0.3074941724941724,0.3078004239967813,0.4927092472975539
graph_093_mu_0_2_node_5,21,0.3801169590643274,0.0009022761054576,0.3626134301270417,2.7577577577577577,0.0111842909872503,15.137,5.863,2.59835,0.2791904761904761,0.3401971445525812,0.0060024356298272,0.1623584637268847,0.1625831715744893,0.8014926574281803
graph_093_mu_0_2_node_310,27,0.25,0.0018422787246607,0.3778366111951589,2.6466466466466465,0.0156053055045176,17.024,9.976,1.7077249999999995,0.3694814814814814,0.4091814229286729,0.010230005204149,0.2266264822134386,0.2270088225181167,0.656174908137401
graph_093_mu_0_2_node_229,46,0.3086680761099366,0.003785087126334,0.4072564207093355,2.4554554554554557,0.0735745013468057,34.1,11.9,2.868530303030303,0.258695652173913,0.229002658553597,0.0125824437505864,0.1485819783197831,0.149038621661895,0.6349029813854568
graph_093_mu_0_2_node_480,28,0.3723076923076923,0.0011478022597668,0.3805714285714285,2.627627627627628,0.0470622773142263,21.072,6.928,3.0482666666666662,0.2474285714285714,0.1333459221244951,0.007325471532159,0.1412123249299719,0.1414779608130714,0.3849974618389373
graph_093_mu_0_2_node_336,16,0.325,0.0004822396004416,0.3537535410764872,2.8268268268268266,0.0068484540911117,13.0,3.0,4.333333333333334,0.1875,0.1177898680611135,0.0030803075717283,0.1034482758620689,0.1035632492265728,0.5104227615981584
graph_093_mu_0_2_node_406,30,0.4137931034482758,0.0012153603674917,0.3842307692307692,2.6026026026026026,0.0558151987805368,24.056,5.944,4.056,0.1981333333333333,0.1143728974418949,0.0062851637448625,0.109979797979798,0.1102077657722236,0.4615641958508074
graph_093_mu_0_2_node_384,18,0.225,0.0009533529603556,0.36,2.7777777777777777,0.0086472075706714,11.007,6.993,1.5767935064935068,0.3885000000000001,0.4866267798349254,0.0071042992974339,0.2411935809018567,0.2414615015834481,0.6939229436908454
graph_093_mu_0_2_node_227,37,0.3361344537815126,0.002352924340515,0.392688679245283,2.5465465465465464,0.0326703923342964,25.034,11.966,2.094003535353535,0.3234054054054055,0.4608202116256192,0.0123008021724812,0.1929140719047976,0.1933729276115894,0.9234001718350948
graph_093_mu_0_2_node_284,26,0.2717391304347826,0.0018669237724666,0.375,2.6666666666666665,0.016633545183912,16.039,9.961,1.6129793650793651,0.3831153846153847,0.4818000849730374,0.0101823772903149,0.2370007584147119,0.2373824950324732,0.7242734915201431
graph_093_mu_0_2_node_816,19,0.3529411764705882,0.0006817102424215,0.3603896103896103,2.774774774774775,0.0130922775765689,13.447,5.553,2.6012916666666666,0.2922631578947369,0.3067248200398053,0.0057138537917959,0.1721516658178422,0.1723644637437008,0.6342945595967174
graph_093_mu_0_2_node_122,16,0.425,0.0005520518431768,0.3505263157894737,2.8528528528528527,0.0062094668173044,13.007,2.993,4.3644444444444455,0.1870625,0.194434655395205,0.00304326050477,0.1032579710144927,0.1033726759846138,0.84021697215547
graph_093_mu_0_2_node_343,26,0.3384615384615385,0.0015989547582947,0.3731789316398954,2.67967967967968,0.0126814245046827,20.012,5.988,3.344166666666668,0.2303076923076923,0.2353643653926466,0.0061477964445781,0.1301471631205673,0.1303767469972693,0.7853153739787156
graph_093_mu_0_2_node_339,15,0.5256410256410257,0.0003381064524318,0.3461538461538461,2.888888888888889,0.0065294586178895,12.129,2.871,4.3275,0.1914,0.124796833088694,0.0029818059085908,0.1059948002189381,0.1061048224237412,0.4671598102171435
graph_093_mu_0_2_node_153,30,0.3888888888888889,0.0017691033423998,0.3794151158374478,2.635635635635636,0.0174137421232487,22.011,7.989,2.7560714285714285,0.2663,0.3369641871230027,0.0081911906111275,0.1536074826640864,0.1539138096820485,0.8850610254390343
graph_093_mu_0_2_node_906,25,0.3566666666666667,0.0016998183747239,0.3820267686424474,2.6176176176176176,0.0179075449328087,17.007,7.993,2.128273809523809,0.3197199999999999,0.3370095336067966,0.0081955645605324,0.1902836504580691,0.1905900132562734,0.716430009501861
graph_093_mu_0_2_node_859,19,0.3333333333333333,0.0013753658567261,0.367820324005891,2.7187187187187187,0.0107429130019096,13.014,5.986,2.175533333333333,0.3150526315789474,0.3641292050977117,0.0060905512522243,0.1869962121212121,0.1872255962432283,0.7898453634216811
graph_093_mu_0_2_node_11,21,0.2865497076023391,0.0014653001667492,0.3630087209302325,2.754754754754755,0.0091540943716565,14.004,6.996,2.0024,0.3331428571428571,0.4251789742478524,0.0071184744593613,0.1998702702702703,0.2001383676950573,0.78981179963221
graph_093_mu_0_2_node_96,23,0.3238095238095238,0.0013888239182457,0.3734579439252336,2.6776776776776776,0.0142748400607966,15.066,7.934,1.9036952380952377,0.3449565217391303,0.3859225970962006,0.0081339174844039,0.2084946907606727,0.2087987472715114,0.677829518742326
graph_093_mu_0_2_node_767,18,0.275,0.0009184968688402,0.3643326039387308,2.744744744744745,0.0107632958458468,12.007,5.993,2.0045,0.3329444444444444,0.3643823056291415,0.0060977101818378,0.1997314516129032,0.1999610862130234,0.6683598521689116
graph_093_mu_0_2_node_892,23,0.3162055335968379,0.000995734002431,0.379703534777651,2.6336336336336337,0.0417260017788922,16.08,6.92,2.332973809523809,0.3008695652173914,0.1333340452682225,0.0073155022144526,0.1771435233607383,0.1774087509361072,0.3072172969138763
graph_093_mu_0_2_node_23,22,0.3263157894736842,0.0012937308083253,0.3647316538882804,2.7417417417417416,0.0125597648440439,15.138,6.862,2.22792380952381,0.3119090909090909,0.3640068338898962,0.0070755233990833,0.1850055221213115,0.1852685075100104,0.7338491090193802
graph_093_mu_0_2_node_411,22,0.3421052631578947,0.0010942029185892,0.3622189992748368,2.760760760760761,0.0106669501254699,16.011,5.989,2.6751,0.2722272727272726,0.2803499107915342,0.006123443903236,0.1575696356275303,0.1577991874134673,0.7016591311262836
graph_093_mu_0_2_node_844,20,0.2578947368421053,0.0013954674903705,0.3766968325791855,2.6546546546546548,0.0132058656084421,12.009,7.991,1.5033333333333334,0.39955,0.373950083534497,0.0081704868806771,0.2496613190730837,0.2499674879241359,0.5612966230539012
graph_093_mu_0_2_node_304,23,0.2213438735177865,0.0016827083396488,0.3814432989690721,2.621621621621621,0.019191411456132,13.015,9.985,1.3042166666666668,0.4341304347826087,0.3924307002043448,0.0102514456453435,0.2772706654022443,0.2776532329938468,0.5106035596878861
graph_093_mu_0_2_node_348,15,0.1809523809523809,0.0011103925368599,0.3636694575900983,2.74974974974975,0.0090167875085262,7.004,7.996,0.876948051948052,0.5330666666666666,0.5565953881170379,0.0081232881036124,0.3635115456625754,0.3638177884464105,0.4859665319311458
graph_093_mu_0_2_node_915,20,0.2421052631578947,0.0012587815788205,0.3686346863468634,2.7127127127127126,0.011876051440316,13.016,6.984,1.8663003663003668,0.3491999999999999,0.3759326557465079,0.0071273204600771,0.2116062586650821,0.2118738758707201,0.6970629522739761
graph_093_mu_0_2_node_127,21,0.1952380952380952,0.00215974105254,0.380281690140845,2.6296296296296298,0.0134005247072372,10.095,10.905,0.9275825757575752,0.5192857142857142,0.7137805097753394,0.0111235736638856,0.3508368337070899,0.3512545418827397,0.6515182224636142
graph_093_mu_0_2_node_275,22,0.1894736842105263,0.0018143913085922,0.3679558011049724,2.7177177177177176,0.0143955026788747,11.036,10.964,1.008615873015873,0.4983636363636364,0.667356049890009,0.0111550461634548,0.331974683927625,0.3323946814619723,0.6083842626840567
graph_093_mu_0_2_node_901,17,0.4857142857142857,0.0004501879560614,0.3502805049088359,2.854854854854855,0.0048366145619647,13.997,3.003,4.677055555555556,0.1766470588235293,0.1715065327353682,0.0030599158923284,0.0969366739980449,0.0970517709378039,0.7398625761208638
graph_093_mu_0_2_node_300,20,0.3660130718954248,0.0007251073754118,0.3602596465921385,2.775775775775776,0.0108176674162433,14.243,5.757,2.531333333333333,0.2878499999999999,0.3383899327238581,0.0058895087674647,0.1685001640295757,0.1687207938808128,0.7462153791578655
graph_093_mu_0_2_node_768,26,0.4492307692307692,0.0009928491360225,0.3686346863468634,2.7127127127127126,0.0147348067305328,21.012,4.988,4.2156,0.1918461538461539,0.2045941808994342,0.0051150134102366,0.1061063829787234,0.1062976481929693,0.8606907215952112
graph_093_mu_0_2_node_711,21,0.2809523809523809,0.0012816730642711,0.369179600886918,2.7087087087087087,0.0127549262233757,13.015,7.985,1.63075,0.3802380952380953,0.3738403274725801,0.0081641018320541,0.2347666666666667,0.235072629263092,0.6079986366079776
graph_093_mu_0_2_node_139,20,0.3052631578947368,0.0012211126417851,0.3666055045871559,2.727727727727728,0.0108557986293198,13.034,6.966,1.873714285714286,0.3482999999999999,0.3565123438838216,0.0071137277822987,0.2109131652661063,0.2111800933802212,0.6636228455386122
graph_093_mu_0_2_node_758,18,0.4052287581699346,0.0007536284700628,0.3623503808487486,2.75975975975976,0.0115431347422009,13.008,4.992,2.6096000000000004,0.2773333333333333,0.2337076423897184,0.0051038988400136,0.1610087976539589,0.1612000987752383,0.6080143935398399
graph_093_mu_0_2_node_83,27,0.301994301994302,0.001706121933454,0.3908450704225352,2.558558558558558,0.0522930804056274,17.071,9.929,1.7230999999999994,0.3677407407407406,0.1912324861653331,0.0105001109425318,0.2253569815277888,0.2257375222813755,0.3272221314146676
graph_093_mu_0_2_node_286,17,0.2666666666666666,0.0008971160477934,0.355136864557412,2.815815815815816,0.0063631235036953,11.025,5.975,1.8474999999999997,0.351470588235294,0.3637529701557132,0.0060792492864655,0.2132389162561576,0.213467844009777,0.6082396489483369
graph_093_mu_0_2_node_593,24,0.3852813852813853,0.0013391294255995,0.3649981731823164,2.73973973973974,0.0103713041850104,18.005,5.995,3.004,0.2497916666666666,0.2457324133962002,0.0061478855034406,0.1427242524916943,0.1429540693618713,0.6966981871622498
graph_093_mu_0_2_node_464,18,0.1583333333333333,0.0010092563570104,0.3706864564007421,2.6976976976976976,0.0152545191772205,10.124,7.876,1.294807142857143,0.4375555555555556,0.5179376371097654,0.0080315199494729,0.2803491816303828,0.2806509012683249,0.5866248229895475
graph_093_mu_0_2_node_463,24,0.3809523809523809,0.0012139647145629,0.3701370878103001,2.701701701701701,0.0135600584347527,17.071,6.929,2.471428571428571,0.2887083333333333,0.3375261818918581,0.0071029303182387,0.1687655781541204,0.169031170805929,0.7745783028484198
graph_093_mu_0_2_node_41,17,0.3619047619047619,0.0006594012131216,0.3548845470692717,2.8178178178178177,0.0079753574263541,12.057,4.943,2.449016666666666,0.2907647058823528,0.2586925025882945,0.0050637718247781,0.1701887282165369,0.1703781379564711,0.5728387277871084
graph_093_mu_0_2_node_965,22,0.3809523809523809,0.0010334422113312,0.3687707641196013,2.7117117117117115,0.0138367808915614,15.009,6.991,2.147571428571428,0.3177727272727273,0.2866160964759454,0.0071691798376187,0.1889075391180654,0.1891754656197815,0.6148392605799634
graph_093_mu_0_2_node_852,19,0.1988304093567251,0.001373467685064,0.3666055045871559,2.727727727727728,0.0099210283754902,10.008,8.992,1.1141646825396825,0.4732631578947369,0.4934438995091588,0.0091633943292814,0.3100640897293289,0.3104085449204752,0.5475359611438834
graph_093_mu_0_2_node_808,20,0.2549019607843137,0.0012505676000559,0.3706864564007421,2.6976976976976976,0.0121914449716832,12.071,7.929,1.5257142857142858,0.39645,0.4554745275428233,0.0081224477113448,0.2473172905525846,0.2476210858186286,0.6291307843388998
graph_093_mu_0_2_node_317,23,0.3517786561264822,0.0011768013002651,0.3702742772424018,2.700700700700701,0.013694651099439,16.007,6.993,2.2897666666666665,0.3040434782608696,0.3272392579744261,0.0071500575668497,0.1792822076297685,0.1795502312624368,0.7482231822641829
graph_093_mu_0_2_node_579,28,0.3783068783068783,0.0012939967061333,0.3823191733639495,2.6156156156156154,0.0533394357377422,22.083,5.917,3.746933333333332,0.2113214285714285,0.1141573026533587,0.0062567429157211,0.118182322775264,0.1184092207876455,0.4233622228715853
graph_093_mu_0_2_node_861,16,0.15,0.0010631754817318,0.3679558011049724,2.7177177177177176,0.0116583560833008,7.038,8.962,0.787587301587302,0.560125,0.4825727501234613,0.0091453904631648,0.3892140022296544,0.3895572303576836,0.3759188160956397
graph_093_mu_0_2_node_732,19,0.391812865497076,0.0010730900179698,0.3590941768511862,2.784784784784785,0.0079580339785594,14.011,4.989,2.8104499999999994,0.262578947368421,0.3033999457222678,0.0050762982099405,0.1511426024955436,0.1513338033946127,0.8508412894637916
graph_093_mu_0_2_node_395,34,0.2983870967741935,0.0018506187210085,0.3947056499407348,2.5335335335335336,0.0569904848533819,25.082,8.918,2.8188476190476197,0.2622941176470588,0.1717600127323466,0.0094279841155994,0.150976558744272,0.1513185749296511,0.461770789889626
graph_093_mu_0_2_node_529,24,0.2717391304347826,0.0019199126551962,0.3751408186256102,2.665665665665666,0.0133302051231618,15.016,8.984,1.6728095238095242,0.3743333333333333,0.458889693791829,0.0091758533401381,0.2302888233717502,0.2306331043787979,0.765496911017334
graph_093_mu_0_2_node_668,15,0.1714285714285714,0.0009959400567672,0.3667400881057269,2.7267267267267266,0.0108992741768178,7.013,7.987,0.8792272727272727,0.5324666666666666,0.5557986988363129,0.0081140746632383,0.362958289993759,0.3632641883857122,0.4855072748663242
graph_093_mu_0_2_node_918,15,0.3142857142857143,0.0006531617832546,0.3510189739985945,2.848848848848849,0.0059964665057759,11.014,3.986,2.77,0.2657333333333333,0.2595464163891814,0.0040680663868189,0.1532539682539682,0.1534067004314821,0.714878390176482
graph_093_mu_0_2_node_774,24,0.1884057971014492,0.0022796777874353,0.3875096974398759,2.5805805805805804,0.0186680030283728,11.147,12.853,0.8700643356643357,0.5355416666666667,0.8429447993073679,0.0131091390161286,0.3659231321547112,0.3664154595829008,0.7167211783150228
graph_093_mu_0_2_node_254,22,0.3105263157894737,0.0013466357903452,0.3679558011049724,2.7177177177177176,0.0105461237218066,14.074,7.926,1.7793333333333332,0.3602727272727272,0.519046144834693,0.0080844932194463,0.2197812549391497,0.2200849819125028,0.8464997816212456
graph_093_mu_0_2_node_377,29,0.4245014245014245,0.0011481128053041,0.3792710706150342,2.6366366366366365,0.0551674723441795,23.09,5.91,3.9271000000000007,0.2037931034482758,0.1140655007812879,0.0062491036792705,0.1134998343375702,0.1137264814083378,0.4238385347625972
graph_093_mu_0_2_node_431,20,0.2810457516339869,0.0009060227504594,0.3659340659340659,2.7327327327327327,0.0112079942204666,14.01,5.99,2.3403333333333336,0.2994999999999999,0.235389580167885,0.0061499716839818,0.1761363211951446,0.17636587609356,0.5106129175525005
graph_093_mu_0_2_node_880,22,0.2987012987012987,0.0012844245792107,0.381588999236058,2.6206206206206204,0.0182765733639881,13.046,8.954,1.4584999999999997,0.4070000000000001,0.3174744434812554,0.0092218678522471,0.2555365079365079,0.2558795878363253,0.4609364169352629
graph_093_mu_0_2_node_721,17,0.5294117647058824,0.0006084450273568,0.3558959743498396,2.80980980980981,0.0084697218014621,14.002,2.998,4.672333333333334,0.1763529411764705,0.1402407096919634,0.0030654530140745,0.0967056451612903,0.0968205507018975,0.6546912131303971
graph_093_mu_0_2_node_831,21,0.2,0.0017443777416637,0.3758465011286682,2.660660660660661,0.0133361993137092,11.006,9.994,1.10185,0.4759047619047619,0.5481657412015791,0.0101847835771032,0.3122944518716578,0.3126773052064824,0.6024804545624297
graph_093_mu_0_2_node_996,20,0.2421052631578947,0.0012870674190189,0.3702742772424018,2.700700700700701,0.01055221793618,12.006,7.994,1.5021428571428574,0.3997,0.3739933356918583,0.008173732698602,0.2497727272727272,0.2500790109826178,0.5611480239530388
graph_093_mu_0_2_node_621,28,0.2407407407407407,0.0019166040551826,0.3947056499407348,2.5335335335335336,0.0457002206949963,17.083,10.917,1.5668646464646467,0.3898928571428572,0.2100599350039567,0.0115430496555287,0.2422047898036797,0.2426231814907294,0.327458319661825
graph_093_mu_0_2_node_617,25,0.2450592885375494,0.0019576494200956,0.3766968325791855,2.6546546546546548,0.0128738573511321,15.042,9.958,1.5138541666666665,0.39832,0.5692776672470112,0.0101462230186963,0.2487876614060258,0.2491692537502734,0.7977759960373368
graph_093_mu_0_2_node_653,26,0.3107692307692307,0.0020569953296052,0.3786959818043973,2.640640640640641,0.0175055859464163,16.027,9.973,1.6081611111111114,0.3835769230769232,0.4819901922720935,0.0101952832979143,0.2373243733011175,0.2377065694685086,0.7721603614022917
graph_093_mu_0_2_node_999,19,0.2456140350877192,0.0013686544003408,0.3648648648648648,2.740740740740741,0.0103971020232908,11.079,7.921,1.4048397435897435,0.4168947368421051,0.4359129267226723,0.0081120996737144,0.2635699731182795,0.2638734385114515,0.5989464705905951
graph_093_mu_0_2_node_345,23,0.3,0.0016522883851101,0.3741573033707865,2.6726726726726726,0.0143626424515178,14.02,8.98,1.5619444444444448,0.3904347826086956,0.6254987166071861,0.0091211448228412,0.2425889046941679,0.2429330062535437,0.9044632781290336
graph_093_mu_0_2_node_90,28,0.373015873015873,0.0014439171128103,0.3798479087452471,2.6326326326326326,0.0489618453020634,22.038,5.962,3.7030666666666656,0.2129285714285714,0.1146850337680342,0.006303960437089,0.1191671794871795,0.1193958021346225,0.4228448333733527
graph_093_mu_0_2_node_833,22,0.1578947368421052,0.001428145986844,0.3778366111951589,2.6466466466466465,0.0153838724592481,12.043,9.957,1.211349206349206,0.4525909090909089,0.5362209249606674,0.0101608245020929,0.2925688141923435,0.292950280760107,0.5905656619519023
graph_093_mu_0_2_node_714,26,0.2572463768115942,0.002053356639235,0.380281690140845,2.6296296296296298,0.0172449812922473,16.009,9.991,1.6027444444444443,0.3842692307692308,0.4674426367352866,0.0102156609476827,0.2378387194201147,0.238221604713824,0.7016157465002111
graph_093_mu_0_2_node_489,22,0.4025974025974026,0.0008436248227675,0.3751408186256102,2.665665665665666,0.0404366637014897,17.049,4.951,3.453899999999998,0.2250454545454544,0.0952722067686819,0.0052351523278139,0.1268230769230769,0.1270128658042267,0.3269047816881564
graph_093_mu_0_2_node_614,17,0.1428571428571428,0.0012046941045423,0.3584499461786867,2.78978978978979,0.0072875638441545,8.007,8.993,0.8906704545454547,0.529,0.5821551865084049,0.0091451525660603,0.359647491638796,0.3599919324732467,0.4527785228111475
graph_093_mu_0_2_node_437,19,0.3450292397660818,0.0012146620073846,0.3598703170028818,2.7787787787787788,0.0101561167092753,12.138,6.862,1.7904666666666669,0.3611578947368419,0.453204789951803,0.0069946963320589,0.2206787365386036,0.2209416615292541,0.782263684937807
graph_093_mu_0_2_node_566,18,0.3916666666666666,0.0005737256822079,0.3543809861653068,2.8218218218218216,0.00923667106577,14.042,3.958,3.5745,0.2198888888888889,0.2185303176814682,0.0040528514368949,0.1236459447415329,0.1237976390296907,0.7081410842890971
graph_093_mu_0_2_node_565,20,0.1176470588235294,0.001274509878883,0.374578177727784,2.66966966966967,0.0128332213672208,10.012,9.988,1.0028333333333337,0.4994,0.3894402769856132,0.0102619639242329,0.3328252688172042,0.3332078633059586,0.3507888449199264
graph_093_mu_0_2_node_115,47,0.3141414141414141,0.0037320438624294,0.4138359569179785,2.4164164164164164,0.0723277111527332,34.183,12.817,2.673981235431236,0.2727021276595744,0.2699826878704885,0.013486110395021,0.1579235306525609,0.1584153475238034,0.6949993010287276
graph_093_mu_0_2_node_307,31,0.2758620689655172,0.0027094007660794,0.390081999219055,2.563563563563564,0.0199297649378716,20.012,10.988,1.8216888888888885,0.3544516129032257,0.4504886089870944,0.0112679997045973,0.2154074959446769,0.2158287024207756,0.7787686960891445
graph_093_mu_0_2_node_987,19,0.2163742690058479,0.0012714030039184,0.3624818577648766,2.7587587587587588,0.0077124701303036,11.019,7.981,1.3814464285714283,0.4200526315789472,0.3136502235071653,0.0081942712052509,0.2658903225806451,0.266196085176919,0.4322497101106562
graph_093_mu_0_2_node_8,22,0.303030303030303,0.0015408155872723,0.3694526627218935,2.7067067067067065,0.0106951698958948,14.01,7.99,1.7539285714285715,0.3631818181818181,0.3857509609252972,0.0081687560472659,0.2218918918918919,0.2221980693922035,0.6754880016833287
graph_093_mu_0_2_node_787,30,0.2850574712643678,0.0027241755310744,0.3836405529953917,2.6066066066066065,0.0200249063956641,18.053,11.947,1.5126666666666666,0.3982333333333333,0.5776810869474513,0.012213414919541,0.2486611044417767,0.2491189867065805,0.8695948591653531
graph_093_mu_0_2_node_185,32,0.282258064516129,0.0022745282869033,0.4020120724346076,2.4874874874874875,0.0587267881142378,21.06,10.94,1.926763636363637,0.341875,0.2105698216983924,0.0115705151323417,0.2062078466606769,0.2066272474014709,0.4040949293883747
graph_093_mu_0_2_node_952,16,0.3583333333333333,0.0008920673203544,0.3618254255704455,2.763763763763764,0.0101686353405423,10.013,5.987,1.673866666666667,0.3741875,0.4170477531266945,0.0060809575609812,0.2301798941798942,0.2304092638543161,0.6955029252926783
graph_093_mu_0_2_node_402,28,0.3353846153846154,0.0017752721810328,0.3765548435733132,2.655655655655656,0.0162420776035074,19.058,8.942,2.1349333333333336,0.3193571428571429,0.3779624340221879,0.0091669930458514,0.1900585255378747,0.1904013035996359,0.7597851776735022
graph_093_mu_0_2_node_720,23,0.3399209486166007,0.0013265082134029,0.3704115684093437,2.6996996996997,0.0125635104494215,16.015,6.985,2.2939285714285718,0.3036956521739131,0.2864979545448899,0.007162798575769,0.1790448717948717,0.1793125890287679,0.6556504328371976
graph_093_mu_0_2_node_812,17,0.1985294117647058,0.0011106104298301,0.3627450980392157,2.756756756756757,0.0089095207883209,9.031,7.969,1.1360500000000002,0.4687647058823529,0.5159388788094481,0.0081041852722533,0.3062430739758325,0.306548330295995,0.5818048832727402
graph_093_mu_0_2_node_356,31,0.2817204301075269,0.0019042097028944,0.3929976396538159,2.5445445445445447,0.052502344020652,21.136,9.864,2.148455952380953,0.3181935483870967,0.1901111151877211,0.0104280253574965,0.1892621683697156,0.1896403364760081,0.4049805636723895
graph_093_mu_0_2_node_182,38,0.3015647226173542,0.0024406548467586,0.3967434471803018,2.5205205205205203,0.0611553542691045,28.141,9.859,2.8608452380952376,0.2594473684210526,0.1900600034679257,0.0104226575053933,0.1490978576080305,0.1494760372508029,0.5394603147028311
graph_093_mu_0_2_node_236,19,0.375,0.0007872611954781,0.3520084566596194,2.840840840840841,0.0061421120192884,14.043,4.957,2.84655,0.2608947368421052,0.272582874077734,0.0050779590964482,0.1501313980137509,0.1503213728302314,0.7085986103616881
graph_093_mu_0_2_node_872,20,0.2210526315789473,0.0013159809396259,0.376271186440678,2.6576576576576576,0.0140144639284857,11.004,8.996,1.223333333333333,0.4498000000000001,0.3183909886622174,0.0092659432041132,0.2901612903225806,0.2905059251798063,0.3892824058469994
graph_093_mu_0_2_node_485,20,0.331578947368421,0.0012977409171266,0.3641997812613926,2.745745745745746,0.0112606404860804,12.031,7.969,1.5125,0.39845,0.5557094393679783,0.0080937045333545,0.248852495543672,0.2491578220642989,0.8350382662072033
graph_093_mu_0_2_node_445,50,0.2978723404255319,0.0041955018482917,0.4185169669040637,2.3893893893893896,0.0816894097774474,36.133,13.867,2.6083000333000337,0.2773400000000001,0.2669017237844962,0.0146621031047532,0.1610152141783112,0.1615473807862261,0.6737955285935846
graph_093_mu_0_2_node_988,24,0.2294372294372294,0.0013902673170208,0.375281743050338,2.664664664664665,0.0157547781320776,15.021,8.979,1.6742857142857146,0.374125,0.3502891271410843,0.0092249014689426,0.2301319753417314,0.2304760649350467,0.5457777046393061
graph_093_mu_0_2_node_609,32,0.375,0.001439406662272,0.3843786071565987,2.601601601601601,0.0490454371867521,26.048,5.952,4.3856,0.186,0.1251921371034718,0.0062634076107568,0.1025518020650691,0.1027801115073779,0.545914722627157
graph_093_mu_0_2_node_350,23,0.1714285714285714,0.0019109898229656,0.3755639097744361,2.6626626626626626,0.0165174614914723,12.116,10.884,1.117055411255411,0.473217391304348,0.5986373308019858,0.0111464199029409,0.3101505753183171,0.3105675435803087,0.6005844835128632
graph_093_mu_0_2_node_500,25,0.2569169960474308,0.001425925028688,0.3768389287061486,2.6536536536536537,0.0153373596324256,16.013,8.987,1.7825892857142862,0.35948,0.3504163920111683,0.0092335933067181,0.2191387785970883,0.2194832009045745,0.5846098672379342
graph_093_mu_0_2_node_97,26,0.28,0.0019633147871206,0.3789833080424886,2.6386386386386387,0.0143862761409004,16.045,9.955,1.6134333333333335,0.3828846153846155,0.4582684985983418,0.0101914521463085,0.2368074096446189,0.2371889167033016,0.7352123777981242
graph_093_mu_0_2_node_12,50,0.3537234042553192,0.00371543896458,0.4119587628865979,2.4274274274274275,0.078355003055628,39.115,10.885,3.6008964646464654,0.2177,0.2290735816843909,0.0114532830635523,0.1221648312719971,0.1225827025178781,0.7988420151865134
graph_093_mu_0_2_node_271,20,0.4248366013071895,0.0006829269750882,0.3602596465921385,2.775775775775776,0.0103506908575047,16.005,3.995,4.008333333333333,0.19975,0.1869304026310939,0.004084824402451,0.110960960960961,0.1111140965683332,0.7015539686278841
graph_093_mu_0_2_node_80,18,0.2083333333333333,0.000982026185224,0.3624818577648766,2.7587587587587588,0.0099482063720368,11.018,6.982,1.5806857142857147,0.387888888888889,0.3755839872238538,0.007125415876369,0.2406695986994095,0.2409370983989724,0.5365765831339409
graph_093_mu_0_2_node_197,35,0.2873949579831932,0.0031410261508055,0.4042897612302711,2.4734734734734736,0.0303116528895081,21.032,13.968,1.5063869463869464,0.3990857142857143,0.5378078231984057,0.0143587707637745,0.2493035005690732,0.2498389209246239,0.8077985081120049
graph_093_mu_0_2_node_17,17,0.3676470588235294,0.0008148839260284,0.3505263157894737,2.8528528528528527,0.0060796506563724,12.03,4.97,2.432866666666666,0.2923529411764705,0.2590398314933535,0.0050926714696734,0.1712741564701521,0.171464600230282,0.624462100780512
graph_093_mu_0_2_node_618,27,0.339031339031339,0.0020392618411239,0.3782658084059068,2.643643643643644,0.0142720088018397,18.01,8.99,2.003857142857143,0.3329629629629629,0.3790573581088998,0.0092181738588366,0.1997402405180388,0.2000848305356905,0.7586588116806247
graph_093_mu_0_2_node_990,27,0.3233333333333333,0.0017353812626657,0.373877245508982,2.674674674674675,0.0157654087773311,18.009,8.991,2.003964285714286,0.3329999999999999,0.3791384579276141,0.0092185348593941,0.1997706984273821,0.2001153267048595,0.7164703533349023
graph_093_mu_0_2_node_849,31,0.3526881720430107,0.0016715508042991,0.3878105590062112,2.578578578578578,0.0531176003150794,23.124,7.876,2.945672619047619,0.2540645161290321,0.1518907178194109,0.0083260004066472,0.145567797017797,0.1458698177761511,0.4424023942889762
graph_093_mu_0_2_node_299,17,0.213235294117647,0.0011740610287268,0.3667400881057269,2.7267267267267266,0.0101600271565053,9.029,7.971,1.1354502164502165,0.4688823529411765,0.5171566042299136,0.0081048935273699,0.3063579922492965,0.3066633250834014,0.5824341461326371
graph_093_mu_0_2_node_379,17,0.2571428571428571,0.0008270564366328,0.3569131832797427,2.8018018018018016,0.0066558452505896,11.009,5.991,1.8410777777777771,0.3524117647058823,0.418625386383286,0.0060853613430661,0.2139839573070607,0.2142134975415607,0.6951851516872514
graph_093_mu_0_2_node_688,26,0.3333333333333333,0.0015213395516846,0.3741573033707865,2.6726726726726726,0.0142360863061871,19.015,6.985,2.7240666666666677,0.2686538461538462,0.2724453739858853,0.0071764546661489,0.1551808818994757,0.1554486606954176,0.7015403127319302
graph_093_mu_0_2_node_167,27,0.28,0.0020026639992923,0.373877245508982,2.674674674674675,0.0132425384137151,17.02,9.98,1.7063749999999995,0.3696296296296296,0.467151932864019,0.0102041909888347,0.2267332015810275,0.2271156950483557,0.7486687857008989
graph_093_mu_0_2_node_235,15,0.3047619047619048,0.0006151436015854,0.3513893774182202,2.845845845845846,0.0085909156413926,10.042,4.958,2.077625,0.3305333333333333,0.348371352982147,0.0050344171055698,0.1984031968031968,0.1985931511586862,0.6948577586640587
graph_093_mu_0_2_node_29,22,0.3593073593073593,0.0010516070646865,0.3684987089634821,2.7137137137137137,0.0139171392370505,16.009,5.991,2.673266666666666,0.2723181818181817,0.2456760808554929,0.0061435245699159,0.1576275303643725,0.1578571587727661,0.6556799206687294
graph_093_mu_0_2_node_799,21,0.3216374269005848,0.0012035086719391,0.3635371179039301,2.750750750750751,0.0095167343355981,14.027,6.973,2.0135,0.332047619047619,0.3989906984112449,0.0071451095431628,0.1991,0.1993672166555432,0.7426991035695168
graph_093_mu_0_2_node_82,20,0.2947368421052631,0.0011143283147534,0.3701370878103001,2.701701701701701,0.0156102972787517,13.017,6.983,1.868809523809524,0.3491499999999999,0.3401626821313441,0.0071348960974109,0.2115448603683897,0.2118124393345296,0.632390775167112
graph_093_mu_0_2_node_183,24,0.2536231884057971,0.0017387217564296,0.3744377811094452,2.670670670670671,0.0146084340045953,14.043,9.957,1.4114666666666664,0.4148750000000001,0.3528964072955879,0.010255158248589,0.2617651821862348,0.2621467073794021,0.4963024873715107
graph_093_mu_0_2_node_785,19,0.2205882352941176,0.000874663972216,0.3656661786237188,2.734734734734735,0.015264138682774,12.122,6.878,1.780129761904762,0.3619999999999999,0.4532799378437759,0.0070123216396455,0.2212655324593179,0.2215290701830968,0.7162567846143203
graph_093_mu_0_2_node_390,28,0.2804232804232804,0.0025711148431805,0.3826120260436614,2.6136136136136137,0.0162425455492226,18.016,9.984,1.8049777777777785,0.3565714285714284,0.4859208651901819,0.0102020150129634,0.2169768732654949,0.2173595492547617,0.8754767205545615
graph_093_mu_0_2_node_876,17,0.3809523809523809,0.0005059740573544,0.3527542372881356,2.834834834834835,0.0093817782108512,12.128,4.872,2.5450666666666666,0.2865882352941176,0.2592281453968784,0.0050236474707012,0.1676063450129774,0.167793034750768,0.5772335253911419
graph_093_mu_0_2_node_481,32,0.3165322580645161,0.002193799587682,0.3884136858475894,2.5745745745745747,0.022579483751353,23.027,8.973,2.568317460317461,0.28040625,0.3501766142618864,0.0092186579830338,0.1630796992481202,0.1634237700894473,0.8964012764519134
graph_093_mu_0_2_node_383,24,0.3043478260869565,0.0019638449699034,0.375281743050338,2.664664664664665,0.0122370124400285,15.016,8.984,1.6720000000000004,0.3743333333333333,0.4339401736635084,0.0091846895514659,0.2302769230769231,0.2306212041544151,0.7237771967611358
graph_093_mu_0_2_node_658,19,0.2339181286549707,0.0012501181310291,0.3694526627218935,2.7067067067067065,0.0103284421500626,11.01,7.99,1.3797413003663004,0.4205263157894735,0.4385655665528053,0.0081423552642161,0.2663198655913978,0.2666259725354767,0.6024208287042673
graph_093_mu_0_2_node_963,22,0.2683982683982684,0.0013502996067571,0.37,2.702702702702702,0.0155441393922687,13.023,8.977,1.4551388888888888,0.4080454545454545,0.3530518959506221,0.0092160547710584,0.2563934065934065,0.2567373666784299,0.510678784007122
graph_093_mu_0_2_node_543,24,0.29004329004329,0.001310889831783,0.373877245508982,2.674674674674675,0.0140416297830462,16.022,7.978,2.009571428571429,0.3324166666666666,0.3668930114470765,0.0081679443979986,0.1993574912891986,0.1996632561780069,0.6890042781829762
graph_093_mu_0_2_node_868,27,0.2535612535612536,0.001836372528571,0.3914576802507837,2.5545545545545547,0.0490241644929055,16.1,10.9,1.480186688311688,0.4037037037037037,0.2100393794233301,0.0115270292930041,0.2529822572475176,0.2533999660362688,0.3076311303989331
graph_093_mu_0_2_node_627,20,0.2810457516339869,0.0012029612292739,0.364067055393586,2.7467467467467466,0.0106515293083385,12.015,7.985,1.5061428571428572,0.3992500000000001,0.5560714988915341,0.0081104697325009,0.2494449961802903,0.2497509352872542,0.7652593147442919
graph_093_mu_0_2_node_116,19,0.3216374269005848,0.0010157988355755,0.3670095518001469,2.724724724724725,0.0130948781613565,12.025,6.975,1.7271785714285717,0.3671052631578946,0.3372786147710777,0.0071302158892324,0.2248671583002701,0.2251344105093831,0.5791424264127863
graph_093_mu_0_2_node_914,31,0.4113300492610837,0.0017913336333912,0.3784090909090909,2.6426426426426426,0.0174752779744888,23.011,7.989,2.8814583333333337,0.2577096774193547,0.336978363474993,0.0081911298243387,0.1479200096200096,0.1482263601223168,0.9271856495202182
graph_093_mu_0_2_node_696,16,0.1916666666666666,0.0011421799308462,0.3596112311015119,2.780780780780781,0.0087042213241506,8.019,7.981,1.0063238095238094,0.4988125,0.4291017515031703,0.0081451734541404,0.3323628075628074,0.3326684998022683,0.4293499550784418
graph_093_mu_0_2_node_487,23,0.2924901185770751,0.0020075733173952,0.3765548435733132,2.655655655655656,0.0129901233322272,14.058,8.942,1.5753154761904766,0.3887826086956522,0.4667521144146443,0.0091609716158266,0.2413673469015574,0.241709993579671,0.7280676521272339
graph_093_mu_0_2_node_649,21,0.3508771929824561,0.0010843312502335,0.3698630136986301,2.703703703703704,0.0134897962382078,15.997,5.003,3.2008590909090917,0.2382380952380952,0.2745792786784038,0.0050984855304,0.1352652227779562,0.1354569891850963,0.8212742410968431
