,Degree,Clustering Coefficient,Betweenness,Closeness,Shortest Path,Eigenvector,E In,E Out,E In Over E Out,ODF,Expansion,Cut Ratio,Conductance,Normalised Cut,Triangle Participation
graph_069_mu_0_2_node_365,15,0.141025641025641,0.0007567596407343,0.3620877129394708,2.7617617617617616,0.0087307575389677,9.017,5.983,1.50875,0.3988666666666667,0.288185301121965,0.0061186163016533,0.2491538461538461,0.2493819963024242,0.3848511201811991
graph_069_mu_0_2_node_969,23,0.4189723320158103,0.0007332006422679,0.3867595818815331,2.5855855855855854,0.0487191867024723,17.012,5.988,2.842533333333334,0.2603478260869565,0.1314993751955733,0.0062828428328896,0.1496634146341463,0.1498918947497186,0.3732076511988413
graph_069_mu_0_2_node_420,30,0.3655172413793103,0.0017419771924283,0.384526558891455,2.6006006006006004,0.0190358962276039,23.014,6.986,3.295714285714285,0.2328666666666667,0.2273430695710975,0.0072128421659196,0.1317819706498952,0.1320486427734407,0.748048913425863
graph_069_mu_0_2_node_106,24,0.4492753623188406,0.0009231259185622,0.3734579439252336,2.6776776776776776,0.0237040843408514,19.004,4.996,3.804799999999999,0.2081666666666667,0.1357443199666135,0.0051892890863843,0.1161775898520084,0.1163682551129351,0.5161739601401851
graph_069_mu_0_2_node_731,28,0.3412698412698413,0.0017579397340435,0.3891702376314764,2.5695695695695697,0.0665005580780474,18.004,9.996,1.8012444444444449,0.3569999999999999,0.224379484211105,0.0104718660163252,0.2172876965772433,0.2176690778867067,0.4040243434712708
graph_069_mu_0_2_node_817,28,0.4215384615384615,0.0012294854742802,0.3713754646840149,2.6926926926926926,0.0182762911452068,22.015,5.985,3.682533333333332,0.21375,0.1959449591810554,0.0061760449631568,0.1196739668174962,0.1199024196640356,0.6871114264652154
graph_069_mu_0_2_node_748,15,0.5333333333333333,0.0001856136488751,0.3584499461786867,2.78978978978979,0.0189800299282944,13.001,1.999,6.5075,0.1332666666666666,0.0512397634395303,0.0020814178216088,0.0713916256157635,0.0714678884005363,0.3331463001947852
graph_069_mu_0_2_node_293,38,0.32574679943101,0.0026467439002059,0.3951740506329114,2.5305305305305303,0.0345736274665632,28.016,9.984,2.807283333333333,0.2627368421052631,0.2473349832384035,0.0104123247494506,0.1512426902918562,0.1516239050819356,0.6934539465476981
graph_069_mu_0_2_node_983,19,0.3823529411764705,0.0005689250285198,0.3662023460410557,2.730730730730731,0.0123974497794204,15.004,3.996,3.756333333333333,0.2103157894736841,0.1705801039327568,0.0040939983797326,0.1175193277310924,0.1176717886762919,0.5973263443883696
graph_069_mu_0_2_node_269,23,0.2857142857142857,0.001205752646074,0.3716517857142857,2.690690690690691,0.0164852162906669,16.01,6.99,2.2920666666666656,0.3039130434782608,0.3265190162728522,0.0071479299351362,0.1791980612883051,0.179464743442855,0.7001571979753966
graph_069_mu_0_2_node_534,26,0.2681159420289855,0.0019783204639681,0.3781226343679031,2.6446446446446448,0.0129172529403518,16.028,9.972,1.6100698412698415,0.3835384615384616,0.5850712036695772,0.0101678225088779,0.2373197489848652,0.2377001572916242,0.8788645407399236
graph_069_mu_0_2_node_406,28,0.3835978835978836,0.0014074703156018,0.389777604369879,2.5655655655655654,0.033319227480739,20.005,7.995,2.5025,0.2855357142857142,0.217986162620897,0.0083037746964015,0.166547619047619,0.166852725291226,0.5451362605239906
graph_069_mu_0_2_node_318,22,0.1631578947368421,0.00136488122604,0.369589345172031,2.705705705705706,0.0098191345677916,13.033,8.967,1.4545277777777774,0.4075909090909091,0.4518021466411437,0.0091624396368525,0.2559904761904761,0.2563324812330239,0.6039687778118682
graph_069_mu_0_2_node_649,30,0.4126984126984127,0.001366006817608,0.3769811320754717,2.6526526526526526,0.0174963430293086,23.009,6.991,3.2927142857142853,0.2330333333333333,0.2878075851361165,0.0071677593112702,0.1318883171336001,0.132155179970061,0.9051519871903178
graph_069_mu_0_2_node_611,20,0.4052287581699346,0.0006902632656008,0.3624818577648766,2.7587587587587588,0.0158751816729887,15.018,4.982,3.0226666666666664,0.2491,0.2446913386580563,0.0050884943481729,0.1422977262977262,0.1424877994212143,0.6861891997006603
graph_069_mu_0_2_node_215,31,0.3698924731182795,0.0014817178445988,0.3916111328890631,2.5535535535535536,0.0602847977877486,21.062,9.938,2.1237666666666675,0.3205806451612902,0.2185989418764583,0.0104259177803623,0.1909334291145612,0.191312686410028,0.4616460088891752
graph_069_mu_0_2_node_18,18,0.4509803921568627,0.0008588310934631,0.3537535410764872,2.8268268268268266,0.0064504305099585,14.003,3.997,3.5045,0.2220555555555556,0.2303525504260359,0.004070976228521,0.1248977272727272,0.1250502147223754,0.8064104339645082
graph_069_mu_0_2_node_429,38,0.2126984126984127,0.0037017500906041,0.3975328292877039,2.5155155155155158,0.027606173182521,24.03,13.97,1.7206190476190475,0.3676315789473683,0.3792253069664067,0.0145148400199387,0.2252239503328212,0.2257571174269664,0.6243487234813185
graph_069_mu_0_2_node_982,17,0.6544117647058824,0.0001864893997852,0.3626134301270417,2.7577577577577577,0.0204576405948609,15.0,2.0,7.5,0.1176470588235294,0.0495171090735676,0.0020858900141865,0.0625,0.0625763125763125,0.3713783180517577
graph_069_mu_0_2_node_589,19,0.2280701754385964,0.0011557279147752,0.3680913780397936,2.716716716716717,0.0117050989245137,11.012,7.988,1.380532967032967,0.4204210526315788,0.3565564765041404,0.0081770316466181,0.2662406989247312,0.2665453288084821,0.4898183886743566
graph_069_mu_0_2_node_864,19,0.1911764705882352,0.0010343833996482,0.3702742772424018,2.700700700700701,0.0125760650114897,11.017,7.983,1.381220238095238,0.4201578947368419,0.3360199725528853,0.0081876979664071,0.2659822580645161,0.2662866975695629,0.4206521731603141
graph_069_mu_0_2_node_998,27,0.2564102564102564,0.0016659830660949,0.3925343811394892,2.5475475475475475,0.0590282852860804,15.038,11.962,1.2581818181818183,0.4430370370370372,0.2687941483783611,0.0125303905950471,0.2845916641498036,0.285047917317439,0.3369405746864959
graph_069_mu_0_2_node_447,19,0.1871345029239766,0.0013506352639183,0.3758465011286682,2.660660660660661,0.0116611908218334,10.042,8.958,1.122269841269841,0.4714736842105264,0.4516649616149745,0.0091527689824715,0.308513162773452,0.3088547466900344,0.5029858905436674
graph_069_mu_0_2_node_645,29,0.4359605911330049,0.0015927254433337,0.3811522319725295,2.623623623623624,0.0320308324735171,23.019,5.981,3.851700000000001,0.2062413793103448,0.1534254983409379,0.0062273360941303,0.1149847605224963,0.1152130782382075,0.5894593205707706
graph_069_mu_0_2_node_593,22,0.3376623376623376,0.0012775443190152,0.3733183856502242,2.6786786786786787,0.0152160565875761,14.009,7.991,1.7535357142857142,0.3632272727272727,0.2614873551705937,0.0082462839170372,0.221924924924925,0.2222297390540889,0.4579247252172583
graph_069_mu_0_2_node_489,20,0.2526315789473684,0.0012991315201625,0.3664710198092443,2.7287287287287287,0.0102449134970876,12.017,7.983,1.5101207126207128,0.3991500000000001,0.4535680585490019,0.0081386025295715,0.2494920383688132,0.2497965006686528,0.677799945625371
graph_069_mu_0_2_node_753,23,0.3571428571428571,0.0011659329171904,0.3680913780397936,2.716716716716717,0.0107608372918099,16.023,6.977,2.298528571428571,0.3033478260869565,0.3950393278135877,0.0071265631127629,0.1788104127579736,0.1790765993043816,0.8478248865042013
graph_069_mu_0_2_node_541,26,0.44,0.0011520841620267,0.3751408186256102,2.665665665665666,0.0290537395345853,21.001,4.999,4.201300000000001,0.1922692307692308,0.1281159510032993,0.005205182766914,0.1063599290780142,0.1065507379049955,0.538176649386271
graph_069_mu_0_2_node_173,23,0.1952380952380952,0.0014540079755229,0.3776937618147448,2.647647647647648,0.0237388174354026,13.021,9.979,1.3062154761904765,0.4338695652173914,0.5096755472405013,0.0101887495305641,0.2770739443897338,0.2774545324478253,0.6123625902095075
graph_069_mu_0_2_node_153,39,0.3157894736842105,0.0030687799690074,0.3948616600790514,2.5325325325325325,0.0367202549817428,27.037,11.963,2.2614636363636365,0.3067435897435896,0.3264280197386631,0.0124244844515024,0.181170205124112,0.1816269144682235,0.7364492929813448
graph_069_mu_0_2_node_613,23,0.4387351778656126,0.0008408363421085,0.37,2.702702702702702,0.0255301631037907,18.009,4.991,3.611116666666668,0.217,0.1279921705324592,0.005196622688065,0.1217120438646247,0.1219025038490898,0.4613720933749137
graph_069_mu_0_2_node_115,41,0.2768292682926829,0.0037384136260659,0.4087561374795417,2.4464464464464464,0.0375756668808074,28.046,12.954,2.1663803030303024,0.315951219512195,0.350264473825591,0.0134630165421766,0.1876291288795575,0.1881236908301131,0.7565301217832562
graph_069_mu_0_2_node_344,18,0.3333333333333333,0.0009768409979044,0.367414490621552,2.7217217217217216,0.0134796307850099,12.014,5.986,2.0096,0.3325555555555555,0.2936870558500718,0.0061145085951996,0.1994677419354839,0.1996960586299531,0.5879880426058394
graph_069_mu_0_2_node_140,24,0.2101449275362318,0.00145432063993,0.3808616088448341,2.625625625625626,0.0215817849693109,15.028,8.972,1.676666666666667,0.3738333333333333,0.243707608458131,0.0093213055770402,0.2299181988742965,0.2302604465964432,0.407021954300013
graph_069_mu_0_2_node_908,38,0.3523809523809524,0.0021302588768604,0.3965859468042874,2.521521521521521,0.0425277737882896,28.006,9.994,2.8026388888888887,0.2629999999999999,0.2724806346055048,0.0103800490416183,0.1514125362492351,0.1517941325057209,0.7359746119208398
graph_069_mu_0_2_node_190,17,0.2352941176470588,0.0010558837549044,0.3596112311015119,2.780780780780781,0.0076610055479495,10.014,6.986,1.4345619047619045,0.4109411764705883,0.4029554871176957,0.0071149508044191,0.2586358328772121,0.2589022405786033,0.576043816468155
graph_069_mu_0_2_node_246,18,0.3986928104575163,0.0009206186287419,0.3593525179856115,2.7827827827827827,0.0079321385815455,13.006,4.994,2.6066000000000003,0.2774444444444444,0.2555565725028755,0.0050993052277545,0.1610769794721407,0.1612674811806735,0.6649302586706466
graph_069_mu_0_2_node_612,47,0.298989898989899,0.0042775327561934,0.4107730263157895,2.434434434434434,0.0369309716721939,34.025,12.975,2.623206993006993,0.276063829787234,0.350660413559078,0.0134852065845802,0.1601417109915983,0.1606373006648491,0.8914093901120806
graph_069_mu_0_2_node_291,21,0.3157894736842105,0.0014291682826942,0.3627450980392157,2.756756756756757,0.0077091752504501,14.011,6.989,2.0057,0.3328095238095237,0.3719439411289894,0.0071353213072887,0.1996351351351352,0.1999017385043902,0.6914039737757484
graph_069_mu_0_2_node_545,21,0.2523809523809524,0.0013706270496689,0.3644655235315578,2.743743743743744,0.0098480919638496,14.043,6.957,2.02655,0.3312857142857142,0.3030543408098509,0.0071336279240868,0.1986342342342342,0.1988996174786732,0.6070330524166359
graph_069_mu_0_2_node_942,18,0.3398692810457516,0.000827601068394,0.3712374581939799,2.6936936936936937,0.0193066895651426,12.039,5.961,2.0234,0.3311666666666665,0.1478467684509105,0.0062163316310234,0.1984903225806452,0.1987176863122596,0.2977265960882083
graph_069_mu_0_2_node_287,23,0.3857142857142857,0.0010977337943454,0.3592233009708738,2.783783783783784,0.0081272705382428,17.014,5.986,2.8440666666666665,0.2602608695652172,0.3187019052898573,0.0061112174964524,0.1496073170731706,0.1498357209198487,0.8509808011053545
graph_069_mu_0_2_node_109,48,0.2890070921985815,0.0048215981877544,0.4195716085678286,2.3833833833833835,0.0838569093276175,32.072,15.928,2.0146065934065933,0.3318333333333333,0.3500255262387531,0.016711466601822,0.1989358496315887,0.1995440717995086,0.7025540773415236
graph_069_mu_0_2_node_258,27,0.2933333333333333,0.0017276026795955,0.3729003359462486,2.681681681681681,0.0124179899176556,18.015,8.985,2.0062678571428574,0.3327777777777777,0.3836450428543582,0.009205290860193,0.1996153561517114,0.1999581777917846,0.725553160276158
graph_069_mu_0_2_node_204,17,0.2279411764705882,0.0009990520833396,0.3658000732332478,2.7337337337337337,0.0099575855599177,10.013,6.987,1.433833333333333,0.4110000000000001,0.3263914715220385,0.0071450680467876,0.2586746031746031,0.25894104900172,0.466892989487972
graph_069_mu_0_2_node_500,31,0.3677419354838709,0.0020479671289968,0.3830521472392638,2.6106106106106104,0.019541042421354,22.01,8.99,2.449242063492062,0.29,0.3700718884209413,0.0092173263617545,0.1695978400355759,0.169940957025219,0.9051607578590402
graph_069_mu_0_2_node_161,28,0.2698412698412698,0.0017135192000634,0.3826120260436614,2.6136136136136137,0.0212201733048894,19.009,8.991,2.114611111111111,0.3211071428571428,0.2924962544752238,0.0092829824178503,0.1912659574468084,0.1916090340386738,0.6178376703960129
graph_069_mu_0_2_node_761,15,0.3142857142857143,0.0005019336631859,0.3587073608617594,2.787787787787788,0.0104966823134475,11.002,3.998,2.7525,0.2665333333333333,0.1054549933020115,0.0041580798465408,0.1537606837606837,0.153913174442148,0.2900827175331217
graph_069_mu_0_2_node_577,27,0.3276353276353276,0.0015167953388015,0.3860123647604327,2.5905905905905904,0.02526929995508,18.014,8.986,2.005732142857143,0.3328148148148148,0.242841811963002,0.0093391894701367,0.1996391535615171,0.1999820133389342,0.4861060956022781
graph_069_mu_0_2_node_557,22,0.2857142857142857,0.0015923511668913,0.3664710198092443,2.7287287287287287,0.0112685845925705,14.045,7.955,1.7739380952380952,0.3615909090909091,0.3837785194144263,0.0081347996912562,0.2208035403824878,0.221106982055524,0.673761466675215
graph_069_mu_0_2_node_996,28,0.2861538461538461,0.0018578254719034,0.3827586206896551,2.612612612612613,0.0154694746274189,19.01,8.99,2.1152222222222217,0.3210714285714285,0.4398917816819486,0.0091848667027542,0.1912431610942249,0.1915861995458342,0.8803191470940434
graph_069_mu_0_2_node_58,17,0.2,0.0008543262968818,0.3631406761177753,2.7537537537537538,0.0071339703952201,10.024,6.976,1.438285714285714,0.4103529411764706,0.3514995412907454,0.0071279446912211,0.2581798941798941,0.2584459208158997,0.4528973535305969
graph_069_mu_0_2_node_247,19,0.3450292397660818,0.0009701297028309,0.3708240534521158,2.6966966966966965,0.0164170716147348,12.023,6.977,1.7246904761904762,0.3672105263157894,0.1886125939003243,0.0072512566338371,0.2249254032258063,0.2251915085613219,0.324382900938398
graph_069_mu_0_2_node_219,15,0.1523809523809524,0.0007335415676958,0.3693160813308687,2.707707707707708,0.0134834489838396,6.049,8.951,0.677470238095238,0.5967333333333331,0.4516064632205681,0.0091452003184651,0.425446075663467,0.4257872887366393,0.3023579563167711
graph_069_mu_0_2_node_834,26,0.4676923076923077,0.0009583351788498,0.3768389287061486,2.6536536536536537,0.0293371582921709,21.001,4.999,4.201300000000001,0.1922692307692308,0.1362650777892254,0.0051922008456895,0.1063599290780142,0.1065507379049955,0.5723791494995573
graph_069_mu_0_2_node_150,46,0.2293868921775898,0.0043660659501419,0.4072564207093355,2.4554554554554557,0.0344320069004241,33.016,12.984,2.543447552447553,0.2822608695652174,0.3426079958651952,0.0135034295787374,0.1643258477887169,0.1648217428678545,0.8440940304066663
graph_069_mu_0_2_node_441,21,0.1428571428571428,0.0016346842805012,0.3823191733639495,2.6156156156156154,0.0121560532777705,11.031,9.969,1.107233333333333,0.4747142857142857,0.5021933795424549,0.0101862776851862,0.3112670454545454,0.3116471946278592,0.5532940516303511
graph_069_mu_0_2_node_933,26,0.4311594202898551,0.0009979102021412,0.3701370878103001,2.701701701701701,0.0181583070846232,20.004,5.996,3.3372333333333337,0.2306153846153846,0.1961667134864783,0.0061876277530199,0.1303395775516496,0.1305684151236384,0.6214780880378462
graph_069_mu_0_2_node_650,24,0.2971014492753623,0.001516962202088,0.377123442808607,2.6516516516516515,0.023013365174336,16.027,7.973,2.0122857142857145,0.3322083333333332,0.1919906759212288,0.0083268041430622,0.199216724738676,0.1995208991812949,0.385092699039853
graph_069_mu_0_2_node_41,23,0.3043478260869565,0.0016241312796009,0.3784090909090909,2.6426426426426426,0.0162643529145,14.006,8.994,1.5575634920634924,0.3910434782608695,0.3039740408456084,0.0092740008309217,0.2430486194696721,0.243391679517143,0.4730726700400429
graph_069_mu_0_2_node_240,40,0.3627311522048364,0.0025039497707854,0.395017793594306,2.5315315315315314,0.0441655552551735,30.048,9.952,3.021444444444444,0.2488,0.2554236632744416,0.010361511495856,0.1420849541694611,0.1424650064595711,0.744015237309914
graph_069_mu_0_2_node_419,32,0.3629032258064516,0.0017914682584046,0.3920722135007849,2.5505505505505504,0.0392733044406994,23.006,8.994,2.5582222222222226,0.2810625,0.2305558886923921,0.009364762829867,0.1635116883116882,0.1638549840671378,0.5894459093608759
graph_069_mu_0_2_node_987,23,0.3571428571428571,0.0013064171770403,0.3702742772424018,2.700700700700701,0.0104584975387655,16.05,6.95,2.313314285714285,0.3021739130434782,0.3945105440612563,0.0070980545797787,0.1780142589118198,0.1782794160638497,0.8483536702565329
graph_069_mu_0_2_node_192,24,0.322463768115942,0.0015492498709846,0.3818807339449541,2.6186186186186187,0.0445366937035871,15.033,8.967,1.678190476190477,0.373625,0.1970377892996882,0.0094080144538048,0.2297612436344143,0.2301033008181448,0.3295042081281368
graph_069_mu_0_2_node_679,31,0.3763440860215054,0.0015563726107577,0.3863109048723898,2.5885885885885886,0.034506435420962,23.006,7.994,2.8785059523809524,0.2578709677419353,0.2179554348144894,0.0083027955725549,0.1480236411736411,0.1483287791452872,0.6269011134716043
graph_069_mu_0_2_node_944,18,0.2352941176470588,0.0012170452148266,0.3644655235315578,2.743743743743744,0.0094910608221379,10.021,7.979,1.257907142857143,0.4432777777777779,0.4075837232163372,0.0081467781848823,0.2848089941204512,0.2851132579535941,0.5104474801518516
graph_069_mu_0_2_node_722,28,0.3253968253968254,0.002167673900928,0.3814432989690721,2.621621621621621,0.0208762987440612,18.019,9.981,1.8059111111111117,0.3564642857142857,0.3266738087088376,0.0102998045137903,0.2168991674375578,0.2172799770359906,0.5887724389156955
graph_069_mu_0_2_node_544,30,0.4229885057471264,0.0014822431675591,0.379703534777651,2.6336336336336337,0.0248802029910344,23.002,6.998,3.2871428571428565,0.2332666666666667,0.2289053929116594,0.0072217378865142,0.1320335429769392,0.1323006728534273,0.7522483689175306
graph_069_mu_0_2_node_947,22,0.4415584415584415,0.0008203369219621,0.3698630136986301,2.703703703703704,0.0215938231964698,17.015,4.985,3.4172333333333325,0.226590909090909,0.1355568567995116,0.0051775671803167,0.1277834271419637,0.1279736437497511,0.461939090781151
graph_069_mu_0_2_node_12,26,0.3076923076923077,0.0015132597418452,0.3842307692307692,2.6026026026026026,0.0314382005364556,17.007,8.993,1.8915198412698413,0.3458846153846153,0.245204831838657,0.0093403488089416,0.2091111580925534,0.209454258553486,0.4633871627733956
graph_069_mu_0_2_node_971,30,0.4091954022988506,0.0017595171183673,0.383199079401611,2.6096096096096097,0.0247387663128155,22.01,7.99,2.755535714285714,0.2663333333333333,0.2614499356837485,0.008245286124264,0.1536292533462344,0.153934215475521,0.7196783715999865
graph_069_mu_0_2_node_946,30,0.2459770114942528,0.0025482184526574,0.388715953307393,2.5725725725725725,0.0290459772776771,18.037,11.963,1.508409090909091,0.3987666666666667,0.3068552787657931,0.0124557603193176,0.2490561224489795,0.2495125182443043,0.4619119282682016
graph_069_mu_0_2_node_26,25,0.4533333333333333,0.0009868181171113,0.3729003359462486,2.681681681681681,0.0203760140833748,19.002,5.998,3.168333333333333,0.2399200000000001,0.1961963465687365,0.0061897689652446,0.1363131313131312,0.1365420277085287,0.6214267158251532
graph_069_mu_0_2_node_38,17,0.3619047619047619,0.000880721802414,0.3538788522848034,2.825825825825826,0.005975997383303,12.005,4.995,2.4042499999999998,0.2938235294117646,0.3396439932174989,0.0050781671557745,0.1722183908045977,0.1724089161236217,0.7477016335633464
graph_069_mu_0_2_node_346,23,0.2666666666666666,0.00132722587377,0.3694526627218935,2.7067067067067065,0.0114255911522896,15.009,7.991,1.8786964285714285,0.3474347826086955,0.3411191938005731,0.0081870113102525,0.2102469635627529,0.2105518009477653,0.5974331319252482
graph_069_mu_0_2_node_819,30,0.3386243386243386,0.0018178687269687,0.377123442808607,2.6516516516516515,0.0172482639480126,21.003,8.997,2.334583333333333,0.2998999999999999,0.3701750916123965,0.0092248495024693,0.1764027149321266,0.1767460726678093,0.8227844807140381
graph_069_mu_0_2_node_42,33,0.2645161290322581,0.0019445999901406,0.3876600698486612,2.57957957957958,0.0276029502785973,23.025,9.975,2.3105285714285717,0.3022727272727272,0.2709298623780264,0.0103632789179311,0.1780644206219815,0.1784451466739898,0.5970260558470328
graph_069_mu_0_2_node_568,23,0.2094861660079051,0.001931350826503,0.3741573033707865,2.6726726726726726,0.014695579217609,13.024,9.976,1.3065166666666668,0.4337391304347827,0.5095831753496113,0.0101856576571281,0.2769598545914335,0.2773403284032142,0.6632184711257041
graph_069_mu_0_2_node_357,36,0.2682539682539682,0.0028714170242862,0.4121287128712871,2.4264264264264264,0.0667129698275805,22.049,13.951,1.5813846153846156,0.3875277777777779,0.3065195897363675,0.0146372892687767,0.2403539450613675,0.2408863067762896,0.4833931334261809
graph_069_mu_0_2_node_6,22,0.2510822510822511,0.0015916589989681,0.3751408186256102,2.665665665665666,0.0118181286031887,14.017,7.983,1.757202380952381,0.3628636363636364,0.4076623311579181,0.00815099375828,0.2216676149834045,0.2219721241649825,0.7141849502179947
graph_069_mu_0_2_node_695,25,0.43,0.0011821464021883,0.3821729150726855,2.6166166166166165,0.025343010015401,18.001,6.999,2.572023809523809,0.2799600000000001,0.2289253929116594,0.0072227905180931,0.1627642706131078,0.1630313366903741,0.5887194086126653
graph_069_mu_0_2_node_455,17,0.4558823529411764,0.0006903417524354,0.3505263157894737,2.8528528528528527,0.0056556600837825,13.004,3.996,3.255666666666667,0.2350588235294117,0.2303059631588603,0.0040699903359657,0.1331870967741935,0.133339534455336,0.7489067066551852
graph_069_mu_0_2_node_694,17,0.1176470588235294,0.0011811703199053,0.3730395817774458,2.680680680680681,0.0116028316301317,7.02,9.98,0.7041624902874901,0.5870588235294117,0.5087285982467896,0.0101940164634776,0.4155953828779916,0.4159758349154502,0.3554537140432343
graph_069_mu_0_2_node_670,26,0.3188405797101449,0.0013418160229788,0.3766968325791855,2.6546546546546548,0.0173960928497816,19.007,6.993,2.718619047619048,0.2689615384615385,0.1844861870520562,0.007272909627763,0.1553797101449274,0.1556465677983827,0.4747927164323113
graph_069_mu_0_2_node_221,26,0.4246153846153846,0.0011498811064489,0.3801369863013699,2.630630630630631,0.0197279063995563,20.007,5.993,3.3394000000000004,0.2305,0.1949922274666858,0.0061875212974304,0.1302664199814986,0.1304951431327002,0.65034706822938
graph_069_mu_0_2_node_874,20,0.3578947368421052,0.001009071182877,0.3716517857142857,2.690690690690691,0.0124536469593682,13.008,6.992,1.8609523809523807,0.3495999999999999,0.2877681131497695,0.0071690001707054,0.2118360071301247,0.2121027045208731,0.5349113443344206
graph_069_mu_0_2_node_903,22,0.2842105263157894,0.0013963002452922,0.3670095518001469,2.724724724724725,0.0138558699297009,14.03,7.97,1.7659238095238097,0.3622727272727272,0.4248850065135272,0.0081356606427051,0.2212733717523191,0.2215773852675262,0.6916303041364474
graph_069_mu_0_2_node_403,24,0.2572463768115942,0.001090684006514,0.3781226343679031,2.6446446446446448,0.0197289192463481,18.013,5.987,3.0123999999999995,0.2494583333333333,0.1580556735156819,0.0062262574552352,0.1425176683781334,0.1427461277499381,0.4747115654015685
graph_069_mu_0_2_node_235,18,0.3660130718954248,0.0007854903272181,0.3670095518001469,2.724724724724725,0.0141183399211009,12.016,5.984,2.0099,0.3324444444444443,0.2936958990545876,0.0061122487768685,0.199383064516129,0.1996113049969548,0.5881549086080542
graph_069_mu_0_2_node_218,24,0.4384057971014493,0.0011310805160765,0.3715135738192636,2.6916916916916915,0.0144888559624407,19.005,4.995,3.805999999999999,0.208125,0.2132120548537969,0.0051175420162723,0.1161522198731501,0.1163428469879872,0.8106632095743714
graph_069_mu_0_2_node_241,25,0.2166666666666666,0.0018492388166627,0.3864603481624758,2.587587587587588,0.0234324601825933,13.052,11.948,1.0933459595959598,0.4779200000000001,0.2961948369266836,0.012460051266299,0.3140417119252164,0.3144973623155117,0.3227432524869401
graph_069_mu_0_2_node_594,28,0.2215384615384615,0.0030506892129855,0.380281690140845,2.6296296296296298,0.0137975373064962,16.018,11.982,1.3375191919191916,0.4279285714285714,0.6133638100288781,0.0122342163467718,0.2722278623422008,0.2726849122671054,0.7674321709971393
graph_069_mu_0_2_node_379,27,0.2905982905982906,0.0013187127751287,0.387359441644048,2.581581581581581,0.0336889466804055,18.018,8.982,2.0072857142857146,0.3326666666666666,0.2162309472520245,0.0093806322765139,0.1995359851988899,0.199878692488024,0.4330791064174463
graph_069_mu_0_2_node_340,16,0.3736263736263736,0.0005450645708692,0.3493006993006993,2.8628628628628627,0.0053584967182205,12.979,3.021,4.324952380952381,0.1888125,0.1736152864049214,0.0030798949687589,0.1044340229885057,0.104549270353655,0.6783218888870304
graph_069_mu_0_2_node_876,27,0.3076923076923077,0.0015068826615804,0.3860123647604327,2.5905905905905904,0.0282084160886776,18.024,8.976,2.009,0.3324444444444443,0.2161054212824803,0.0093744071502997,0.1993739130434783,0.1997163916569201,0.4330380702843197
graph_069_mu_0_2_node_622,45,0.3488372093023256,0.0034267447146444,0.4044534412955465,2.4724724724724725,0.0535306501610172,33.036,11.964,2.762477272727273,0.2658666666666666,0.3068763010899392,0.0124567961363367,0.1533214459591041,0.153778402826154,0.8206957918770256
graph_069_mu_0_2_node_468,19,0.2573529411764705,0.0010103570395293,0.37,2.702702702702702,0.0133257348481649,12.013,6.987,1.7272238095238095,0.367736842105263,0.4001474376795977,0.0071222874955478,0.2255272214344794,0.225793707239616,0.6221771726707448
graph_069_mu_0_2_node_421,29,0.3891625615763547,0.0016518722029383,0.3843786071565987,2.601601601601601,0.0295760313065649,21.007,7.993,2.628625,0.2756206896551724,0.2179465363168806,0.0083016843528653,0.1598407843137255,0.1601458375772512,0.5723921448664804
graph_069_mu_0_2_node_782,28,0.3692307692307692,0.0013833202031297,0.379703534777651,2.6336336336336337,0.021794525492779,20.005,7.995,2.502833333333333,0.2855357142857142,0.3290164652893934,0.0081973409270864,0.1665495238095238,0.1668546300356647,0.7816700330834938
graph_069_mu_0_2_node_170,20,0.4967320261437908,0.0006857738825551,0.3607800650054171,2.771771771771772,0.0102439657923154,16.016,3.984,4.028333333333333,0.1992,0.2256675809262018,0.0040692941178515,0.1106322111585269,0.1107842260114811,0.8477151496209797
graph_069_mu_0_2_node_926,30,0.3149425287356321,0.0019108139942108,0.3881118881118881,2.5765765765765765,0.0357146221584111,19.047,10.953,1.740212121212121,0.3650999999999999,0.2810327217707045,0.0114039731838309,0.2233406962785114,0.2237586081922445,0.4877503034926956
graph_069_mu_0_2_node_27,26,0.2276923076923077,0.0021795493708613,0.3827586206896551,2.612612612612613,0.0169867065881205,15.024,10.976,1.369729292929293,0.4221538461538462,0.5374717338150994,0.0112133209921962,0.2675791805094132,0.2679978411356116,0.7336658579273843
graph_069_mu_0_2_node_909,25,0.3266666666666666,0.0010263183111731,0.3713754646840149,2.6926926926926926,0.0149543387367766,21.001,3.999,5.252083333333334,0.15996,0.1054679578908321,0.0041591607894881,0.0869333950046253,0.0870860402578346,0.5537942789268686
graph_069_mu_0_2_node_602,29,0.4433497536945813,0.001657963286922,0.3824655436447167,2.6146146146146148,0.0216075588866213,22.004,6.996,3.1456190476190486,0.2412413793103447,0.2288685771002284,0.0072196178186083,0.1371674208144796,0.1374344540122547,0.7195274253414057
graph_069_mu_0_2_node_348,18,0.1764705882352941,0.0010522422116659,0.3694526627218935,2.7067067067067065,0.0105830049026473,9.039,8.961,1.00975,0.4978333333333333,0.4516935933664614,0.0091560800926657,0.3314761904761904,0.3318178626343669,0.4530928448813513
graph_069_mu_0_2_node_209,37,0.3453453453453453,0.0026263469797493,0.4034733441033926,2.4784784784784786,0.0840826265510706,26.037,10.963,2.3761565656565664,0.2962972972972973,0.2463354924428971,0.0114840593276759,0.1739246718559218,0.1743431884488026,0.5836273143770213
graph_069_mu_0_2_node_902,24,0.3550724637681159,0.0011355490736651,0.3751408186256102,2.665665665665666,0.024212759695613,17.013,6.987,2.4362285714285714,0.291125,0.1905687056613424,0.0072567393648427,0.1703706344704643,0.1706372226157742,0.4634981170601832
graph_069_mu_0_2_node_387,18,0.4333333333333333,0.0006512590931563,0.3513893774182202,2.845845845845846,0.0050373411980119,14.006,3.994,3.509,0.2218888888888889,0.2801210973914992,0.0040542544882897,0.1247954545454545,0.1249478275830083,0.9109708099095718
graph_069_mu_0_2_node_866,20,0.3464052287581699,0.0010843899559414,0.3638018936635105,2.7487487487487487,0.0090239193645245,14.008,5.992,2.338666666666667,0.2995999999999999,0.3188240629273612,0.006117520116743,0.1762016806722688,0.1764302609949296,0.6913564562321395
graph_069_mu_0_2_node_61,24,0.29004329004329,0.0014721073701114,0.367414490621552,2.7217217217217216,0.0129882819383169,16.035,7.965,2.017,0.3318749999999999,0.4085212403285829,0.0081316572081499,0.1989951219512195,0.1992989913561102,0.7677123731380242
graph_069_mu_0_2_node_598,23,0.308300395256917,0.0017988268424634,0.3713754646840149,2.6926926926926926,0.0093920380841131,14.045,8.955,1.569930555555556,0.3893478260869565,0.5260003983300442,0.0091304965091338,0.2417709815078236,0.2421125553415711,0.8203979664541764
graph_069_mu_0_2_node_675,44,0.3437862950058072,0.0035141481578682,0.4002403846153846,2.4984984984984986,0.0358670467424699,33.013,10.987,3.0052000000000003,0.2497045454545454,0.2985581800660583,0.0114119805888015,0.1426666666666666,0.1430863227110502,0.8694620717919564
graph_069_mu_0_2_node_264,43,0.2817073170731707,0.0029146678823483,0.3959571938168846,2.5255255255255253,0.0393535409905883,33.029,9.971,3.313974999999999,0.2318837209302325,0.2400491230113593,0.0104136859050484,0.1311531451005135,0.1315340094887012,0.7700465821373368
graph_069_mu_0_2_node_997,16,0.1098901098901098,0.0008628818753366,0.3622189992748368,2.760760760760761,0.0080952028123129,8.025,7.975,1.0071428571428571,0.4984375,0.4016580399709923,0.0081490441456598,0.332,0.3323040651219713,0.3524640489240158
graph_069_mu_0_2_node_39,24,0.2463768115942029,0.0017012890338554,0.3804265041888804,2.6286286286286287,0.0152923347935473,15.019,8.981,1.673761904761905,0.3742083333333333,0.3780334640914268,0.0092112368711941,0.2301966228893058,0.2305392136032809,0.6308627301928393
graph_069_mu_0_2_node_141,29,0.3669950738916256,0.0013174477472069,0.3805714285714285,2.627627627627628,0.0269295985538781,22.013,6.987,3.1518333333333346,0.2409310344827585,0.1899047284092058,0.0072571653404475,0.1369705882352941,0.1372372781445525,0.5976247654225741
graph_069_mu_0_2_node_128,19,0.2807017543859649,0.0011825597127637,0.3653986832479883,2.736736736736737,0.009095501420027,13.003,5.997,2.168566666666667,0.3156315789473684,0.2799407269051888,0.0061328920152225,0.1873920454545454,0.1876207989530465,0.6067229494450608
graph_069_mu_0_2_node_610,22,0.3246753246753247,0.001527517382138,0.367820324005891,2.7187187187187187,0.0103100072009918,14.038,7.962,1.7650595238095237,0.3619090909090909,0.4246912459221668,0.0081274540581154,0.2209687055476529,0.2212724143596064,0.7444527707022812
graph_069_mu_0_2_node_40,27,0.2833333333333333,0.0020521596703366,0.3720670391061452,2.687687687687688,0.0111519401302001,18.021,8.979,2.008625,0.3325555555555555,0.4322766673148448,0.0091830198541134,0.1994586956521739,0.1998012885729052,0.8176481151053172
graph_069_mu_0_2_node_796,47,0.2818181818181818,0.0038900584151797,0.4075887392900856,2.4534534534534536,0.0471121656625481,33.039,13.961,2.3682644688644685,0.2970425531914894,0.3361914092000563,0.0145803026694328,0.1744419419710069,0.1749751322039754,0.7701038869151823
graph_069_mu_0_2_node_301,32,0.3729838709677419,0.001757302101044,0.389777604369879,2.5655655655655654,0.035085576999783,23.012,8.988,2.561269841269842,0.280875,0.2451297290221471,0.0093349403904327,0.1633892002734107,0.1637322671960974,0.6270158924900453
graph_069_mu_0_2_node_929,20,0.3398692810457516,0.0008482322180046,0.3584499461786867,2.78978978978979,0.0073600059176746,15.011,4.989,3.011,0.2494499999999999,0.25472813951321,0.0050941086215408,0.1425079365079364,0.1426982766337092,0.7143047973754336
graph_069_mu_0_2_node_270,24,0.2424242424242424,0.0014700325311954,0.3737373737373737,2.675675675675676,0.0158102009874238,15.018,8.982,1.6730476190476191,0.37425,0.4197127950382414,0.0091847448405627,0.2302213883677299,0.2305640172277765,0.6536305198576552
graph_069_mu_0_2_node_355,48,0.2888888888888888,0.004135288591083,0.4126394052044609,2.4234234234234235,0.0823911228723961,33.082,14.918,2.219674725274725,0.3107916666666666,0.3280176189905486,0.0156508511380621,0.1840078639925013,0.1845775843009552,0.7033402175545596
graph_069_mu_0_2_node_635,16,0.2916666666666667,0.000818578643719,0.3547585227272727,2.818818818818819,0.0057635570718704,11.01,4.99,2.212799999999999,0.311875,0.3107698182048178,0.0050857051758238,0.1848773448773448,0.1850676647873023,0.6806376166228263
graph_069_mu_0_2_node_17,46,0.2505285412262156,0.0042543317037147,0.4095940959409594,2.4414414414414414,0.036914914275365,33.026,12.974,2.5463426573426577,0.2820434782608695,0.3522265095019617,0.013479745625904,0.1641799187373027,0.164675432423164,0.8683365005020283
graph_069_mu_0_2_node_893,17,0.2952380952380952,0.0006515766795622,0.3541297412265154,2.823823823823824,0.0060966212793337,13.001,3.999,3.251416666666667,0.235235294117647,0.1681255561902347,0.004101881104381,0.1332967741935483,0.1334493262780592,0.5044719066659423
graph_069_mu_0_2_node_84,51,0.3631372549019608,0.0037543357200588,0.415211970074813,2.4084084084084085,0.1202413554075377,39.029,11.971,3.2619,0.2347254901960784,0.2689156111947244,0.0125400626969825,0.1329745978659021,0.1334320313588896,0.8756354765101371
graph_069_mu_0_2_node_797,19,0.2280701754385964,0.001370358985313,0.367414490621552,2.7217217217217216,0.0106466979855045,11.007,7.993,1.3781892857142857,0.4206842105263156,0.4140381022985264,0.0081550219211124,0.2663955034213098,0.2667003239626246,0.5695903915315543
graph_069_mu_0_2_node_583,32,0.3563218390804598,0.0019409565866805,0.3863109048723898,2.5885885885885886,0.023757509484239,23.005,8.995,2.557904761904763,0.28109375,0.2942623505389624,0.0092825200415211,0.1635331966279334,0.1638765305090737,0.7196172033512
graph_069_mu_0_2_node_703,22,0.2052631578947368,0.0013015311190088,0.3717901004838109,2.68968968968969,0.0106534803259893,13.048,8.952,1.4610317460317457,0.4069090909090909,0.4516120029046288,0.0091463690971867,0.2555081939081939,0.2558496271784014,0.6041589215483832
graph_069_mu_0_2_node_749,18,0.2833333333333333,0.0008007983818846,0.3628768616055212,2.755755755755756,0.0095922430565033,12.009,5.991,2.0054,0.3328333333333332,0.3066622136292058,0.0061171939993563,0.1996516129032258,0.1998801202321495,0.5627278484982868
graph_069_mu_0_2_node_865,23,0.3043478260869565,0.0014337105895502,0.3715135738192636,2.6916916916916915,0.0152811144591026,15.034,7.966,1.8903333333333332,0.3463478260869564,0.408566978695136,0.008132674976737,0.2094865047233467,0.2097903890963126,0.7674289724338089
graph_069_mu_0_2_node_530,27,0.25,0.0017944900667376,0.3716517857142857,2.690690690690691,0.0117569774714833,18.011,8.989,2.0044464285714283,0.3329259259259258,0.4656654109686902,0.0091712269576972,0.1997163737280296,0.2000593478738463,0.8803859040799187
graph_069_mu_0_2_node_435,16,0.4416666666666666,0.0007697552827756,0.3531283138918346,2.831831831831832,0.0050048763914615,12.005,3.995,3.0066666666666664,0.2496875,0.2801471158155816,0.0040552776481957,0.1426600985221674,0.1428124864423958,0.8407707580948737
graph_069_mu_0_2_node_298,25,0.3866666666666666,0.0014165746658011,0.3734579439252336,2.6776776776776776,0.0182843663269164,17.018,7.982,2.1358630952380957,0.3192799999999999,0.2700102970788202,0.0082299793508705,0.1899975670324507,0.1903021076948928,0.5746461649890223
graph_069_mu_0_2_node_738,21,0.5047619047619047,0.0005692926031742,0.3734579439252336,2.6776776776776776,0.0308510663482724,17.029,3.971,4.30075,0.1890952380952381,0.1019718822298737,0.0041343008036724,0.1044412955465586,0.104592826110578,0.4361875257770869
graph_069_mu_0_2_node_570,19,0.3823529411764705,0.0009691867525937,0.3576799140708915,2.795795795795796,0.0081081102300095,13.046,5.954,2.1977,0.3133684210526317,0.4025267572283956,0.00605579298916,0.1858573975044563,0.1860845116694731,0.8077327768924687
graph_069_mu_0_2_node_321,47,0.2808080808080808,0.0040227152984049,0.4084219133278822,2.448448448448449,0.0389001174824239,34.024,12.976,2.6227797202797203,0.2760851063829787,0.3506603346078113,0.0134864172008063,0.1601551934930326,0.1606508213268846,0.8914094690633474
graph_069_mu_0_2_node_392,46,0.3107822410147992,0.0033514063798595,0.413151364764268,2.4204204204204203,0.0828396385503846,33.062,12.938,2.5570652680652683,0.2812608695652174,0.284381005278809,0.0135740713631644,0.1636565869667135,0.1641507275878248,0.7030892637537414
graph_069_mu_0_2_node_533,30,0.2962962962962963,0.0021194558356903,0.3824655436447167,2.6146146146146148,0.0200030004402197,20.024,9.976,2.008833333333333,0.3325333333333333,0.3247095607566704,0.0102997698618001,0.1994443438914027,0.1998250209288093,0.6182080228070574
graph_069_mu_0_2_node_189,46,0.3329809725158562,0.0039241859156506,0.4074225122349103,2.454454454454454,0.0502357669036985,33.009,12.991,2.5411689976689984,0.2824130434782608,0.3330059100473903,0.0135266052795292,0.1644263087982496,0.1649224708937683,0.8201928213960964
graph_069_mu_0_2_node_720,23,0.5047619047619047,0.0004510025714999,0.3690432212781677,2.70970970970971,0.0269849796334109,19.002,3.998,4.753833333333334,0.1738260869565216,0.1089986610205934,0.0041524421996997,0.0951871539313399,0.0953397377297923,0.4906233774545304
graph_069_mu_0_2_node_743,27,0.3366666666666666,0.0015662105422287,0.3808616088448341,2.625625625625626,0.0184943416833571,19.012,7.988,2.3807857142857145,0.2958518518518518,0.2599118966305526,0.0082473655397524,0.1736133209990749,0.1739181370571235,0.5854624886334796
graph_069_mu_0_2_node_788,29,0.334975369458128,0.0016195088268584,0.3784090909090909,2.6426426426426426,0.0174904130075058,21.03,7.97,2.640708333333333,0.2748275862068965,0.2595206453222497,0.0082284941148217,0.1593185218702865,0.1596226980330932,0.6832677114399112
graph_069_mu_0_2_node_862,17,0.2867647058823529,0.0007997517938699,0.3644655235315578,2.743743743743744,0.010336661518114,11.015,5.985,1.841833333333333,0.3520588235294117,0.2520038389895458,0.0061382655541743,0.2136576354679803,0.2138858966648612,0.4625653915246508
graph_069_mu_0_2_node_516,34,0.4536290322580645,0.0014053816133697,0.3836405529953917,2.6066066066066065,0.0830331584766655,28.015,5.985,4.683666666666667,0.1760294117647058,0.1344234696939358,0.0062696735482992,0.0965130568356374,0.0967416144081327,0.6062050674771761
graph_069_mu_0_2_node_890,22,0.5584415584415584,0.0004888901357921,0.3740172220142269,2.6736736736736737,0.0252292256091101,19.0,3.0,6.333333333333332,0.1363636363636363,0.0814897850133498,0.0031161159022369,0.073170731707317,0.073285231153903,0.5161019717512156
graph_069_mu_0_2_node_364,32,0.2701612903225806,0.0026214394073707,0.3891702376314764,2.5695695695695697,0.0217466350156673,20.041,11.959,1.676751515151515,0.37371875,0.3893901920234348,0.0123468928579273,0.2298197064989518,0.230276019492895,0.6510166323474949
graph_069_mu_0_2_node_674,55,0.3149492017416546,0.0048881698567521,0.4176421404682274,2.3943943943943946,0.1189912529881199,40.079,14.921,2.687729853479853,0.2712909090909089,0.3354338466507621,0.0156297002844052,0.1569441165505812,0.1575142561988749,0.8765037596292392
graph_069_mu_0_2_node_450,24,0.303030303030303,0.0018886670697657,0.3705489614243323,2.6986986986986987,0.0085397020013224,15.049,8.951,1.6830000000000005,0.3729583333333333,0.6040350376893245,0.0091049998301203,0.2292615384615385,0.2296029859101346,0.942407700354002
graph_069_mu_0_2_node_975,24,0.3768115942028985,0.0010656028524215,0.375,2.6666666666666665,0.0164265908614984,17.01,6.99,2.434285714285714,0.29125,0.2274191033744733,0.0072170273271457,0.1704529616724738,0.1707196642123897,0.5529147183172124
graph_069_mu_0_2_node_704,24,0.2572463768115942,0.0017810617817312,0.3836405529953917,2.6066066066066065,0.0198446014271907,14.017,9.983,1.4045333333333334,0.4159583333333334,0.2713188171773665,0.010369068431541,0.2626072874493927,0.2629880570545899,0.3802856633956327
graph_069_mu_0_2_node_242,22,0.354978354978355,0.0015092657805305,0.3668747704737422,2.725725725725726,0.0086541259392613,15.011,6.989,2.148619047619048,0.3176818181818182,0.3770736990395096,0.0071290033192405,0.1888449502133712,0.1891115739326848,0.808858975857023
graph_069_mu_0_2_node_407,51,0.3137755102040816,0.0039983107150346,0.4090909090909091,2.4444444444444446,0.0586988520739076,39.018,11.982,3.2570318181818183,0.2349411764705882,0.2871008243255484,0.0125093829136052,0.1331094282529065,0.1335672816144393,0.9103971491462264
graph_069_mu_0_2_node_179,26,0.3659420289855072,0.0013178241736227,0.3741573033707865,2.6726726726726726,0.0151782605149698,20.003,5.997,3.335933333333333,0.2306538461538461,0.195040695241926,0.0061919236511987,0.1303626271970397,0.1305915029209395,0.6178192905888741
graph_069_mu_0_2_node_986,24,0.2318840579710145,0.0016464286537719,0.3807164634146341,2.6266266266266265,0.01620908196968,14.014,9.986,1.403933333333333,0.4160833333333333,0.4263599650348562,0.0102308161532291,0.2627093117408907,0.263090195627275,0.5973935463790956
graph_069_mu_0_2_node_96,23,0.3399209486166007,0.0014955417274134,0.3727611940298507,2.6826826826826826,0.0124540336706649,16.008,6.992,2.2900952380952377,0.304,0.2984602930430787,0.0071635502094074,0.179251282051282,0.1795180404921849,0.6826881224814808
graph_069_mu_0_2_node_858,21,0.3619047619047619,0.0011916963248486,0.368362831858407,2.714714714714715,0.0122122571185569,14.015,6.985,2.0075,0.3326190476190475,0.377113652675328,0.00712444670576,0.1995,0.1997664508983646,0.754780469829816
graph_069_mu_0_2_node_53,24,0.1557971014492753,0.0021242329467863,0.383935434281322,2.6046046046046047,0.0161193840990358,11.009,12.991,0.8475384615384617,0.5412916666666667,0.6355052852729113,0.0132729002819768,0.3710857142857144,0.3715810439976559,0.5379515278155061
graph_069_mu_0_2_node_623,24,0.1731601731601731,0.0016885655890363,0.3812977099236641,2.6226226226226226,0.0150029256810211,14.013,9.987,1.4038476190476188,0.4161250000000001,0.4455310431796341,0.0102236626181692,0.2627558942605382,0.2631368161883809,0.5790280041417044
graph_069_mu_0_2_node_744,25,0.2633333333333333,0.001593164108419,0.3807164634146341,2.6266266266266265,0.0231921314114128,15.048,9.952,1.5133333333333334,0.39808,0.2467480561085038,0.0103784358959555,0.2485365853658536,0.248916202753751,0.371963223712135
graph_069_mu_0_2_node_72,20,0.4052631578947368,0.0008229226386019,0.3694526627218935,2.7067067067067065,0.0150433463224415,14.008,5.992,2.339,0.2995999999999999,0.2025892343317052,0.0061783427144789,0.176203548085901,0.1764321283998333,0.4730716201869032
graph_069_mu_0_2_node_51,30,0.2988505747126437,0.0017446650449901,0.3870592793490895,2.583583583583584,0.0386404373183414,20.015,9.985,2.005,0.3328333333333332,0.2392600587235614,0.0104244245957512,0.1996470588235294,0.2000280790271563,0.4792018315741108
graph_069_mu_0_2_node_778,27,0.3133333333333333,0.0015489035019294,0.376271186440678,2.6576576576576576,0.015109684258322,19.015,7.985,2.382392857142857,0.2957407407407407,0.3908427113804026,0.0081580610110037,0.1735394310823311,0.1738441327457937,0.8804715163298117
graph_069_mu_0_2_node_497,22,0.3939393939393939,0.0014015183292142,0.3690432212781677,2.70970970970971,0.0125699180277619,16.035,5.965,2.6923333333333326,0.2711363636363635,0.3183943801436135,0.0060886968230278,0.156855600539811,0.1570831861953935,0.8512109842036681
graph_069_mu_0_2_node_575,25,0.2648221343873518,0.0013228581442534,0.3798479087452471,2.6326326326326326,0.0178739085659265,16.01,8.99,1.781349206349207,0.3596,0.2924588031776915,0.0092820808147025,0.2192231855873376,0.2195661455281331,0.4878867832198766
graph_069_mu_0_2_node_669,22,0.2421052631578947,0.0012749972605463,0.3713754646840149,2.6926926926926926,0.0134882728020118,14.055,7.945,1.7742946886446886,0.3611363636363636,0.3463447840825608,0.0081460259700419,0.2204598406686692,0.2207629013056902,0.5640273203256958
graph_069_mu_0_2_node_184,17,0.2095238095238095,0.0009068977729736,0.3649981731823164,2.73973973973974,0.0099782823397474,10.046,6.954,1.4489174603174602,0.4090588235294118,0.4334672398056608,0.00708663606221,0.2572423663565042,0.2575075544795075,0.5580801339299635
graph_069_mu_0_2_node_515,30,0.4682539682539682,0.0008816435650431,0.387359441644048,2.581581581581581,0.0762485258675153,24.007,5.993,4.007,0.1997666666666667,0.1345778691507103,0.0062780590861516,0.110969696969697,0.1111984899760728,0.5162775119996608
graph_069_mu_0_2_node_991,31,0.2857142857142857,0.002173512406389,0.3920722135007849,2.5505505505505504,0.0296171015350318,20.03,10.97,1.826886868686868,0.3538709677419354,0.2965586718957002,0.0114011499078419,0.2149884458863372,0.2154070376149193,0.5134868522376642
graph_069_mu_0_2_node_413,18,0.2549019607843137,0.0011570772812318,0.3627450980392157,2.756756756756757,0.0078835859538254,11.01,6.99,1.5758857142857146,0.3883333333333335,0.3363053164029735,0.0071491700852707,0.2409681868743047,0.2412347673493741,0.5289711028235435
graph_069_mu_0_2_node_526,26,0.3260869565217391,0.0017101700513071,0.3713754646840149,2.6926926926926926,0.0118292890570332,19.023,6.977,2.7317428571428577,0.2683461538461538,0.3036170120546924,0.0071547427442062,0.1550277304131142,0.155293977592735,0.7801593027170418
graph_069_mu_0_2_node_767,21,0.2095238095238095,0.0013686854164651,0.3741573033707865,2.6726726726726726,0.0132675607433899,12.015,8.985,1.3379583333333331,0.4278571428571429,0.465659492048073,0.0091668593751819,0.2721721925133689,0.2725148572875966,0.6214840464898385
graph_069_mu_0_2_node_637,23,0.3142857142857143,0.001258030080863,0.3755639097744361,2.6626626626626626,0.0146638219365354,15.006,7.994,1.8776011904761905,0.3475652173913042,0.2600399482729618,0.0082535809111343,0.210341632928475,0.2106465846557347,0.4552768392581424
graph_069_mu_0_2_node_907,48,0.3169082125603865,0.0041477263611615,0.4121287128712871,2.4264264264264264,0.0864762451454404,35.069,12.931,2.7139468531468536,0.2693958333333334,0.2842509883156069,0.0135666236230077,0.1556786765588836,0.1561726256514199,0.7471068482295014
graph_069_mu_0_2_node_869,24,0.2463768115942029,0.0016819618927,0.3672794117647059,2.722722722722722,0.0105450175260727,15.998,8.002,2.0080333333333336,0.3334166666666666,0.4091766133312651,0.0081735438201376,0.2003421919543871,0.2006474705663869,0.8110427916137987
graph_069_mu_0_2_node_245,40,0.2645803698435277,0.0028219465405998,0.3925343811394892,2.5475475475475475,0.0241936366334368,30.043,9.957,3.019333333333333,0.248925,0.2629397420580516,0.0103549803136693,0.1421658841940531,0.1425461272202449,0.7655353473775617
graph_069_mu_0_2_node_781,40,0.2512820512820513,0.0028690295451386,0.3988023952095808,2.5075075075075075,0.044366928696314,27.042,12.958,2.0882051282051286,0.32395,0.3120466132506647,0.0135329333103983,0.1932979603262459,0.1937926369901464,0.6496131749091474
graph_069_mu_0_2_node_211,34,0.3155080213903743,0.0026899610688101,0.3937721718565234,2.53953953953954,0.0291379576151193,23.026,10.974,2.0990828282828278,0.3227647058823529,0.3711697179641551,0.0113150648394681,0.192449065387021,0.1928679054815092,0.7771522799585701
graph_069_mu_0_2_node_930,36,0.3158730158730158,0.0030921934034539,0.3933070866141732,2.5425425425425425,0.0260291019580348,25.025,10.975,2.281054545454545,0.3048611111111109,0.3711623719693704,0.0113162387664131,0.1798531389287603,0.1802720811043859,0.8451195150395605
graph_069_mu_0_2_node_119,16,0.4175824175824176,0.0005639070186851,0.348326359832636,2.870870870870871,0.0048013222409062,12.005,3.995,3.0066666666666664,0.2496875,0.2717374803381708,0.0040613792998897,0.1426600985221674,0.1428124864423958,0.7476490447688718
graph_069_mu_0_2_node_71,28,0.3439153439153439,0.0019009248151176,0.388867263526664,2.5715715715715715,0.023225043259924,18.028,9.972,1.8087888888888888,0.356142857142857,0.3373224855866714,0.0102818936063382,0.2166671292013568,0.217047595764444,0.6086655624521066
graph_069_mu_0_2_node_673,19,0.0994152046783625,0.0019168250459767,0.3722056631892697,2.6866866866866865,0.0083524511864438,7.037,11.963,0.5891772727272727,0.6296315789473685,0.7435028100986106,0.0121930396866175,0.4596307621525014,0.4600867750183658,0.4338226432639233
graph_069_mu_0_2_node_172,34,0.3333333333333333,0.0023048654384285,0.3920722135007849,2.5505505505505504,0.0306602195865053,24.019,9.981,2.407366666666666,0.2935588235294117,0.2697358029724772,0.0103734628700987,0.1720375608805767,0.1724185448918067,0.6481932350539222
graph_069_mu_0_2_node_168,31,0.3483870967741935,0.0015648466825353,0.3854166666666667,2.5945945945945947,0.0341174816688196,22.013,8.987,2.4507182539682537,0.2899032258064516,0.2451355397648087,0.009333731695211,0.1695335960685017,0.1698765986548541,0.5996585119050755
graph_069_mu_0_2_node_207,35,0.3579545454545454,0.0022148074169297,0.3917647058823529,2.5525525525525525,0.0249676462949487,26.007,8.993,2.892291666666666,0.2569428571428571,0.3039817544703842,0.0092728284059251,0.147411422527763,0.147754758778466,0.8447704625133103
graph_069_mu_0_2_node_382,20,0.2052631578947368,0.0016081756364765,0.3719285182427401,2.6886886886886887,0.0134094654266884,11.014,8.986,1.2293162393162391,0.4493000000000001,0.5137242310938811,0.0091605530168319,0.2899862562765789,0.2903289323883307,0.6217711150650901
graph_069_mu_0_2_node_911,26,0.3723076923076923,0.0010891679987933,0.3789833080424886,2.6386386386386387,0.0279077479282221,20.024,5.976,3.3563,0.2298461538461538,0.1439378629016172,0.0062410704301683,0.1298625501079247,0.1300906247814773,0.4813122058216305
graph_069_mu_0_2_node_8,31,0.3311827956989247,0.0018965793683068,0.390081999219055,2.563563563563564,0.0260923733514544,23.006,7.994,2.8789857142857147,0.2578709677419353,0.2159509710583807,0.0083084828365597,0.1480250930356193,0.1483302309897883,0.6210641753398531
graph_069_mu_0_2_node_473,21,0.3761904761904762,0.0009766479282421,0.3757051523128996,2.661661661661661,0.0286961665759104,14.009,6.991,2.0051,0.3329047619047618,0.1675199169383869,0.007298614763162,0.1997054054054054,0.1999720849970156,0.3353327659054302
graph_069_mu_0_2_node_214,25,0.34,0.0012154027964216,0.3878105590062112,2.578578578578578,0.0492587271724224,16.03,8.97,1.788293650793651,0.3588,0.1970594628924348,0.0094114292012581,0.2186424654944224,0.2189846631536638,0.351459976587633
graph_069_mu_0_2_node_559,35,0.2504201680672269,0.0029921856127696,0.3914576802507837,2.5545545545545547,0.026835447948073,22.043,12.957,1.703082362082362,0.3702000000000001,0.3519983821721655,0.0134613025950027,0.2271781940335311,0.2276726436856137,0.597154127744237
graph_069_mu_0_2_node_303,38,0.3317460317460317,0.0021772641217701,0.3908450704225352,2.558558558558558,0.035863671975486,29.041,8.959,3.244313492063492,0.2357631578947368,0.2221053057881668,0.0093429296510448,0.1336458754819253,0.1339879932080227,0.693961212072835
graph_069_mu_0_2_node_658,22,0.2424242424242424,0.0014026379588229,0.3840830449826989,2.603603603603604,0.024793842319751,12.051,9.949,1.2124666666666664,0.4522272727272725,0.2467081381204963,0.0103751798750788,0.2922319327731091,0.2926113490082998,0.2978160016638272
graph_069_mu_0_2_node_878,16,0.1166666666666666,0.0012319443280047,0.3638018936635105,2.7487487487487487,0.0077214122619567,6.021,9.979,0.6037777777777776,0.6236875,0.5023646279247017,0.0101968991948331,0.4532226613965742,0.4536030464460185,0.301960838325212
graph_069_mu_0_2_node_101,31,0.3763440860215054,0.0017563728719376,0.3978494623655914,2.5135135135135136,0.0632602350265142,22.017,8.983,2.4517638888888884,0.289774193548387,0.1972572315712415,0.009425305126785,0.1694430468204053,0.1697858969243597,0.4829400441759615
graph_069_mu_0_2_node_759,26,0.4676923076923077,0.0009695452120277,0.3805714285714285,2.627627627627628,0.0321843003215655,21.016,4.984,4.220800000000001,0.1916923076923077,0.1278706952590493,0.0051891889040003,0.1060141843971631,0.1062044209454803,0.5384095594515086
graph_069_mu_0_2_node_477,44,0.2671312427409988,0.0039366389184296,0.4024979854955681,2.4844844844844847,0.0392686800052105,30.086,13.914,2.166080586080586,0.3162272727272727,0.3352986059731195,0.0145309297287205,0.1878486920002709,0.1883799678790188,0.698846996917212
graph_069_mu_0_2_node_56,23,0.4666666666666667,0.0006927644010943,0.3715135738192636,2.6916916916916915,0.0205834999174263,18.006,4.994,3.606900000000001,0.2171304347826087,0.1357232047993857,0.0051871003826498,0.1217909407665505,0.1219815151892897,0.4618685519651798
graph_069_mu_0_2_node_573,32,0.1770114942528735,0.0029737379296559,0.390539483971853,2.5605605605605604,0.0208584862501882,19.036,12.964,1.4692960372960369,0.405125,0.3519731138772195,0.0134695012115838,0.2540422891943424,0.2545368924969273,0.4888591819033066
graph_069_mu_0_2_node_166,37,0.3678678678678678,0.0023503727966666,0.3937721718565234,2.53953953953954,0.0380878496240972,28.005,8.995,3.113680555555556,0.2431081081081081,0.2452258157219587,0.009342521295481,0.1383752913752913,0.1387187563637446,0.7631686550289457
graph_069_mu_0_2_node_949,26,0.3261538461538461,0.0016479089751899,0.3817348108521207,2.61961961961962,0.0194098114533294,18.009,7.991,2.254178571428572,0.3073461538461537,0.2168652081147606,0.0083027127577044,0.1815818181818181,0.1818867253556721,0.4883489754431002
graph_069_mu_0_2_node_820,40,0.3282051282051282,0.0030847419516274,0.4000800961153384,2.4994994994995,0.0355724477158191,29.007,10.993,2.6389898989898986,0.274825,0.298681107768894,0.0114182878265965,0.159304814393608,0.1597245710773553,0.7877819412353949
graph_069_mu_0_2_node_799,18,0.2418300653594771,0.0008534171689831,0.3638018936635105,2.7487487487487487,0.0087891730959314,11.008,6.992,1.5748571428571432,0.3884444444444446,0.2941132721086966,0.007171615171567,0.2410482758620688,0.2413149325682362,0.4625588736045031
graph_069_mu_0_2_node_54,17,0.4411764705882353,0.000587480476434,0.3545067423704755,2.820820820820821,0.0068855922225869,14.005,2.995,4.680833333333334,0.1761764705882352,0.1441218268475906,0.003063124790265,0.0966028225806451,0.0967170876275601,0.6730829329310711
graph_069_mu_0_2_node_297,46,0.3245243128964059,0.0040738054095169,0.40056134723336,2.4964964964964964,0.0392669818433259,33.028,12.972,2.5479564102564107,0.2819999999999999,0.3526465751876278,0.0134733982234166,0.1641568230935473,0.1646522603503688,0.8697002000126202
graph_069_mu_0_2_node_508,19,0.3801169590643274,0.0007533652706243,0.3731789316398954,2.67967967967968,0.0214142395898528,13.006,5.994,2.170466666666667,0.3154736842105263,0.1484584588898104,0.0062512388500174,0.1872840909090909,0.1875127300391416,0.3219379482768242
graph_069_mu_0_2_node_895,19,0.2865497076023391,0.0009180525216883,0.3671444321940463,2.723723723723724,0.0123528141621217,12.016,6.984,1.721704761904762,0.3675789473684209,0.2273135534843905,0.0072107021500672,0.2251958699902247,0.2254622421156651,0.3904066751521819
graph_069_mu_0_2_node_488,19,0.2279411764705882,0.0009993093291204,0.3635371179039301,2.750750750750751,0.0105572040461486,11.029,7.971,1.3849523809523812,0.4195263157894735,0.4513039560902963,0.0081419943282656,0.2654842741935483,0.2657882564602994,0.5655849465333493
graph_069_mu_0_2_node_485,18,0.3529411764705882,0.0007749509334249,0.3730395817774458,2.680680680680681,0.0209669093214927,12.021,5.979,2.0126,0.3321666666666666,0.1482138965776971,0.0062352425652575,0.1991870967741936,0.1994151466641936,0.2974400850844118
graph_069_mu_0_2_node_687,20,0.2210526315789473,0.0020000705843373,0.3742974896965155,2.6716716716716715,0.0095165043831209,10.056,9.944,1.0125,0.4972,0.6711325230901934,0.0101149297639483,0.3309274193548386,0.3313065872580915,0.6730528608940831
graph_069_mu_0_2_node_434,47,0.3151515151515151,0.0040188199161761,0.4059325477448192,2.463463463463464,0.0516253270276433,34.028,12.972,2.6242203962703963,0.276,0.3327154853757821,0.0135062129779082,0.160099935941987,0.1605954111684168,0.8461098845442268
graph_069_mu_0_2_node_680,23,0.2924901185770751,0.0010626656559799,0.3769811320754717,2.6526526526526526,0.0237553947660165,15.01,7.99,1.8798738095238092,0.3473913043478259,0.2179253184332862,0.0082982937357725,0.2102235706527105,0.2105283698770964,0.4089309133652305
graph_069_mu_0_2_node_171,23,0.2371541501976284,0.0015925808162736,0.3799923925446938,2.6316316316316315,0.0236652363929122,13.044,9.956,1.3123305555555558,0.4328695652173914,0.2397707680391873,0.0103978714781081,0.2762891575786312,0.2766688693035384,0.3129696284028989
graph_069_mu_0_2_node_768,30,0.4285714285714285,0.0008954086717058,0.3784090909090909,2.6426426426426426,0.0295400594564479,25.015,4.985,5.0225,0.1661666666666666,0.1200427852232788,0.0052061592478553,0.0906168831168831,0.0908072159363011,0.577404249284154
graph_069_mu_0_2_node_388,25,0.2411067193675889,0.0017893158412369,0.3702742772424018,2.700700700700701,0.0119479601554888,15.024,9.976,1.5071527777777776,0.39904,0.5755622703215817,0.0101600622922151,0.2492784552845528,0.2496589871398995,0.8068556164747178
graph_069_mu_0_2_node_760,16,0.5384615384615384,0.0004255494880484,0.3454356846473029,2.894894894894895,0.0051718343679729,13.002,2.998,4.338666666666668,0.187375,0.2016699223534774,0.0030500435347934,0.1033747126436781,0.1034890833932238,0.8068796894139095
graph_069_mu_0_2_node_229,26,0.4338461538461538,0.0010405776639329,0.3849710982658959,2.5975975975975976,0.0669630537590753,19.027,6.973,2.73124761904762,0.2681923076923077,0.1567132423145882,0.0073042396024375,0.1548783636550518,0.1551444586109513,0.4265222465251842
graph_069_mu_0_2_node_751,18,0.2810457516339869,0.0009104565715312,0.3690432212781677,2.70970970970971,0.015224171616432,11.005,6.995,1.573914285714286,0.3886111111111112,0.1889502984111454,0.0072703137840174,0.2411777530589543,0.2414445240812387,0.2970770160688732
graph_069_mu_0_2_node_398,40,0.35,0.0023021996460309,0.4013660104459622,2.4914914914914914,0.0767594692831257,29.055,10.945,2.6570909090909085,0.273625,0.240607226411003,0.0114829106912766,0.1585135158778759,0.158931441760908,0.6370170570144061
graph_069_mu_0_2_node_599,40,0.2361308677098151,0.003835026521174,0.4069246435845214,2.457457457457457,0.0280929105890424,25.013,14.987,1.6692014652014655,0.374675,0.4875196619542237,0.0154738661158952,0.2305279198413527,0.2310999216879966,0.7805419159418248
graph_069_mu_0_2_node_314,26,0.3384615384615385,0.0014502269836954,0.3719285182427401,2.6886886886886887,0.0131768917102506,18.02,7.98,2.260214285714286,0.3069230769230768,0.3408191466323459,0.0081755854111656,0.1812997804128238,0.1816042681514776,0.7683337607992453
graph_069_mu_0_2_node_875,18,0.326797385620915,0.001214521150647,0.3601297764960346,2.7767767767767766,0.0097876483109327,11.119,6.881,1.670428571428572,0.3822777777777778,0.4734697236319527,0.0069908938910666,0.2368764890282131,0.2371389139268032,0.7496764594376748
graph_069_mu_0_2_node_571,34,0.2709447415329768,0.0023305661085111,0.3879611650485436,2.5775775775775776,0.0239743574690449,25.008,8.992,2.7816904761904766,0.2644705882352941,0.2439969843363323,0.0093428948728504,0.1523893303695471,0.1527326022573726,0.6781931917648063
graph_069_mu_0_2_node_633,36,0.3672014260249554,0.0024121199072947,0.388715953307393,2.5725725725725725,0.0243519257994588,27.009,8.991,3.0045,0.24975,0.3039081114488541,0.0092708385951351,0.1426964285714285,0.1430397147479034,0.878630935446125
graph_069_mu_0_2_node_885,40,0.3442389758179232,0.0028193370457485,0.3942383583267561,2.5365365365365364,0.0234596297506056,30.014,9.986,3.0062222222222226,0.2496499999999999,0.3249252326153294,0.0103101988403414,0.1426317907444667,0.1430131401081286,0.9431363452807188
graph_069_mu_0_2_node_86,16,0.175,0.0009122657525475,0.3627450980392157,2.756756756756757,0.0075556706690463,9.009,6.991,1.2891428571428574,0.4369375,0.294093298571305,0.0071705719150742,0.2795569230769232,0.2798235010055416,0.3783704086961987
graph_069_mu_0_2_node_148,21,0.3508771929824561,0.0010284594436876,0.3602596465921385,2.775775775775776,0.0087631070551498,15.015,5.985,2.5112,0.2849999999999999,0.3452819721979849,0.0060955058222982,0.1661970128022759,0.1664253436479645,0.806732933465598
graph_069_mu_0_2_node_914,34,0.3957219251336898,0.0017301338514753,0.3870592793490895,2.583583583583584,0.0426499626197249,26.03,7.97,3.268416666666667,0.2344117647058823,0.2044672001809052,0.008298198579263,0.1327765556143134,0.1330808479106999,0.6668385080208404
graph_069_mu_0_2_node_995,21,0.3095238095238095,0.0013574339010549,0.375281743050338,2.664664664664665,0.0139247066038971,13.01,7.99,1.62875,0.3804761904761906,0.3917685449536653,0.0081617885735465,0.2349411764705882,0.2352459292362713,0.6370716407176649
graph_069_mu_0_2_node_366,31,0.3940886699507389,0.0011426916935768,0.3820267686424474,2.6176176176176176,0.0327208423340693,24.008,6.992,3.435583333333334,0.2255483870967741,0.1906932011815622,0.0072618488276162,0.1271137707120465,0.1273806920638673,0.6269732149208797
graph_069_mu_0_2_node_341,17,0.25,0.0008290589683084,0.369589345172031,2.705705705705706,0.0169463961199709,9.002,7.998,1.1257083333333333,0.4704705882352941,0.2702660678617096,0.0082470618785321,0.307598901098901,0.3079038656902609,0.3041100406301376
graph_069_mu_0_2_node_363,27,0.4415954415954416,0.0013344207841904,0.3792710706150342,2.6366366366366365,0.0306121769761362,21.007,5.993,3.50675,0.221962962962963,0.1536506050039978,0.006239997303376,0.1248402040816326,0.1250689446838908,0.5382104775256771
graph_069_mu_0_2_node_343,18,0.2416666666666666,0.001146224236207,0.3542553191489361,2.8228228228228227,0.0052249030219385,12.993,5.007,2.5991000000000004,0.2781666666666666,0.3113229049487826,0.0051035912853122,0.1616281017369727,0.1618190988735789,0.7424997510738899
graph_069_mu_0_2_node_699,28,0.3465608465608465,0.0016994076882897,0.3837879369957741,2.6056056056056054,0.0239745568504234,19.023,8.977,2.1208888888888886,0.3206071428571428,0.242665181213709,0.0093298345314185,0.19092547112462,0.1912680139362307,0.5133246763984839
graph_069_mu_0_2_node_93,20,0.3631578947368421,0.0013065460727292,0.3618254255704455,2.763763763763764,0.0087563876981424,13.057,6.943,1.8842857142857148,0.3471499999999999,0.4695578744283979,0.0070614482305445,0.2100891265597147,0.2103539562175471,0.8741414562488222
graph_069_mu_0_2_node_535,26,0.3731884057971014,0.0010614241681977,0.3812977099236641,2.6226226226226226,0.0249460258812145,19.017,6.983,2.7250571428571435,0.2685769230769231,0.1887796568448075,0.007257330300502,0.1551295713845204,0.1553960476848311,0.4862582799329963
graph_069_mu_0_2_node_660,22,0.2121212121212121,0.0017151959383347,0.3812977099236641,2.6226226226226226,0.0148546308390564,12.012,9.988,1.202933333333333,0.4539999999999998,0.4664540225363822,0.0102139829698149,0.2936739495798318,0.2940548515841586,0.560095459183016
graph_069_mu_0_2_node_730,55,0.3120464441219158,0.0054351469117567,0.425287356321839,2.3513513513513518,0.1200068145574876,39.057,15.943,2.451297847985348,0.2898727272727273,0.3582630752791003,0.0167005760611353,0.1695162681874679,0.1701253876561557,0.8536745310009007
graph_069_mu_0_2_node_916,20,0.4105263157894737,0.0006215310523234,0.3638018936635105,2.7487487487487487,0.0198435324387451,16.026,3.974,4.043333333333333,0.1987,0.0957652998486798,0.0041502252736061,0.1103303303303303,0.1104819637601835,0.3851329345739674
graph_069_mu_0_2_node_52,41,0.349527665317139,0.0032719570833417,0.395017793594306,2.5315315315315314,0.0320074416118162,29.011,11.989,2.420207575757576,0.2924146341463414,0.3922645790785746,0.0123721302864971,0.1712479991057456,0.1717057697588239,0.9159671033603451
graph_069_mu_0_2_node_261,38,0.3,0.0023785245802871,0.3928430987023201,2.5455455455455454,0.027078666414766,29.012,8.988,3.2290079365079363,0.2365263157894737,0.2439111620372527,0.0093387490174693,0.1341296331641027,0.134472857294862,0.7596628684104724
graph_069_mu_0_2_node_205,34,0.3475935828877005,0.0023553054301748,0.3994402239104358,2.503503503503504,0.0650764086233533,23.045,10.955,2.1049555555555544,0.3222058823529412,0.2407255631399264,0.0114939088512768,0.1920582607893199,0.1924763765510493,0.5053126236854654
graph_069_mu_0_2_node_117,17,0.125,0.0010443825981926,0.3733183856502242,2.6786786786786787,0.0126379208631093,8.008,8.992,0.8911410256410258,0.5289411764705882,0.4010730949126991,0.0092052072613882,0.3596313553113553,0.3599741821456445,0.3560363839579549
graph_069_mu_0_2_node_844,22,0.1904761904761904,0.0020369858440037,0.383199079401611,2.6096096096096097,0.0164110250553338,11.013,10.987,1.0043019841269842,0.4994090909090908,0.6236758644926572,0.0112014240444783,0.3329802955665024,0.3333992470019659,0.6206889407319273
graph_069_mu_0_2_node_68,52,0.2979591836734694,0.004937865170926,0.4102669404517454,2.437437437437437,0.0568991747797274,39.012,12.988,3.004,0.2497692307692307,0.3111583039321529,0.0135597684221468,0.1427080745341614,0.143204349667275,0.9102896290090576
graph_069_mu_0_2_node_697,18,0.1437908496732026,0.0014548993446971,0.3734579439252336,2.6776776776776776,0.0110237138727769,9.003,8.997,1.0022884615384615,0.4998333333333333,0.4606410506413488,0.009189769550133,0.3333561076604554,0.3336991508452367,0.4573173772132738
graph_069_mu_0_2_node_677,24,0.3369565217391304,0.0013545029826075,0.3729003359462486,2.681681681681681,0.0140539776283317,17.014,6.986,2.4368000000000003,0.2910833333333333,0.3427097689636151,0.0071359887775001,0.1703427599060043,0.1706093099226892,0.8330324661188645
graph_069_mu_0_2_node_163,23,0.2806324110671936,0.0015253209003267,0.3785524820007578,2.641641641641641,0.0200196644131978,13.012,9.988,1.303130555555556,0.4342608695652175,0.2714132660618154,0.010374348381422,0.277365180970444,0.2777461120203962,0.3532035705556847
graph_069_mu_0_2_node_63,25,0.2733333333333333,0.0017768250087431,0.376271186440678,2.6576576576576576,0.0133022450616,15.013,9.987,1.5038888888888886,0.39948,0.4263627667304805,0.0102319189201972,0.2496094657375145,0.2499904167779312,0.640158342048862
graph_069_mu_0_2_node_661,34,0.3286290322580645,0.0022559685163364,0.3928430987023201,2.5455455455455454,0.024690450210247,23.005,10.995,2.092523232323232,0.3233823529411765,0.4524175826937676,0.0112733805025466,0.1928803100679811,0.1932999507495139,0.905088137539761
graph_069_mu_0_2_node_863,18,0.2418300653594771,0.0007502272178387,0.364067055393586,2.7467467467467466,0.0112966000063002,12.005,5.995,2.003,0.3330555555555555,0.1581487844140821,0.0062349812485981,0.1998064516129032,0.2000351114214682,0.3165213877967902
graph_069_mu_0_2_node_502,25,0.2433333333333333,0.0018441092047619,0.3798479087452471,2.6326326326326326,0.0209607102465093,14.026,10.974,1.279819624819625,0.4389600000000001,0.5385046362590659,0.0112093546396298,0.2812483456229911,0.2816668980155137,0.6863042790657395
graph_069_mu_0_2_node_999,19,0.2690058479532163,0.0010039224776236,0.3766968325791855,2.6546546546546548,0.0155288851717671,12.01,6.99,1.7188095238095238,0.3678947368421052,0.1844499335098163,0.0072696520089279,0.2254233870967741,0.2256899879154947,0.3165545230231458
graph_069_mu_0_2_node_985,19,0.1838235294117647,0.001179694083022,0.3632727272727272,2.7527527527527527,0.0099420293296252,11.028,7.972,1.3860833333333336,0.4195789473684209,0.3841433855175819,0.0081525630166499,0.2655583333333333,0.2658623535920817,0.481189156157915
graph_069_mu_0_2_node_446,33,0.2973484848484848,0.0022683706475229,0.3981666002391391,2.5115115115115114,0.0399809641711783,21.011,11.989,1.753,0.3633030303030302,0.3269295514302393,0.0124519239587689,0.221981746031746,0.222439237167737,0.5724648564934169
graph_069_mu_0_2_node_676,27,0.433048433048433,0.0012898455506208,0.3782658084059068,2.643643643643644,0.030380363156554,21.005,5.995,3.50495,0.2220370370370371,0.1634513234081487,0.0062266044880639,0.1248861224489795,0.1251149393434068,0.5724302692658668
graph_069_mu_0_2_node_891,30,0.1333333333333333,0.0030899372398799,0.390081999219055,2.563563563563564,0.0207828812178659,13.033,16.967,0.7689166127989658,0.5655666666666664,0.4478534019802815,0.0176453202222722,0.3943483554430781,0.3949952861875498,0.3432251831279104
graph_069_mu_0_2_node_629,14,0.3186813186813186,0.0005350427552686,0.3566583363084613,2.803803803803804,0.0100024398545147,9.006,4.994,1.8056000000000003,0.3567142857142856,0.2587592479311839,0.0050951162903784,0.2170991304347826,0.2172895740171238,0.4660376140180668
graph_069_mu_0_2_node_402,44,0.2752613240418118,0.0035798947687755,0.4059325477448192,2.463463463463464,0.0410892121975588,30.036,13.964,2.1521245421245423,0.3173636363636363,0.3460649616641544,0.0145626379130496,0.1886242200094831,0.1891574025375893,0.7185528834175506
graph_069_mu_0_2_node_305,28,0.3046153846153846,0.0016449768385006,0.37,2.702702702702702,0.011228330762375,21.007,6.993,3.0054666666666665,0.24975,0.2941091533473409,0.0071727752685183,0.142699831932773,0.1429667303001196,0.8408990652224585
graph_069_mu_0_2_node_789,18,0.4183006535947712,0.0006648154440846,0.3622189992748368,2.760760760760761,0.0110872776668386,14.006,3.994,3.5105,0.2218888888888889,0.1954758751457002,0.0040805535245368,0.1247974598930481,0.1249498329218701,0.6846477948857518
graph_069_mu_0_2_node_266,34,0.3084677419354839,0.001897955021886,0.3978494623655914,2.5135135135135136,0.0590986191002352,24.053,9.947,2.420116666666666,0.2925588235294117,0.2187082475608486,0.0104356894201167,0.1713612702123515,0.1717409577610155,0.5054366163963552
graph_069_mu_0_2_node_239,31,0.2832512315270936,0.0021337715526732,0.390234375,2.5625625625625625,0.0300651177080704,20.01,10.99,1.8209999999999995,0.354516129032258,0.2986107967972011,0.0114151803646045,0.2154524886877829,0.2158718427324515,0.5162870533362973
graph_069_mu_0_2_node_955,18,0.3790849673202614,0.0006740562409426,0.3653986832479883,2.736736736736737,0.0157241282970685,12.007,5.993,2.0042,0.3329444444444443,0.246666985208405,0.0061446773164724,0.1997290322580645,0.1999576158268089,0.4937748073576469
graph_069_mu_0_2_node_621,20,0.392156862745098,0.0010795851720165,0.3550106609808102,2.8168168168168166,0.006549104437601,14.004,5.996,2.3366666666666664,0.2997999999999999,0.3388714243851559,0.0061251733619465,0.1763398692810457,0.1765686020891445,0.7345113061620256
graph_069_mu_0_2_node_276,15,0.3714285714285714,0.0005952788625357,0.354004252303331,2.824824824824825,0.0063491200235704,11.005,3.995,2.75625,0.2663333333333333,0.2069781042235602,0.0040759556026511,0.1536324786324786,0.1537848549280227,0.5695621843728595
graph_069_mu_0_2_node_523,29,0.2592592592592592,0.0018956809676048,0.388715953307393,2.5725725725725725,0.0284492866262194,18.043,10.957,1.6478171717171717,0.3778275862068966,0.2638923859129526,0.01144312414526,0.2329391554494139,0.2333571879077027,0.4095047508528446
graph_069_mu_0_2_node_964,20,0.5842105263157895,0.0003780429586865,0.3705489614243323,2.6986986986986987,0.046036174540111,17.004,2.996,5.6866666666666665,0.1497999999999999,0.065781644569238,0.0031435566976834,0.0809687420213736,0.0810830713740542,0.3730696403124374
graph_069_mu_0_2_node_198,41,0.3022941970310391,0.0035440708296719,0.4051094890510949,2.468468468468469,0.0890135815631488,28.029,12.971,2.1615157342657345,0.3163658536585366,0.2913330500898292,0.0135878855312283,0.1879139357886449,0.1884091459453179,0.6063985101175793
graph_069_mu_0_2_node_769,21,0.2952380952380952,0.0019585974047523,0.3706864564007421,2.6976976976976976,0.0088321008809758,13.017,7.983,1.6315,0.3801428571428572,0.5433064463729071,0.0081154517323711,0.2346960784313725,0.235000564410068,0.8836565570535545
graph_069_mu_0_2_node_415,35,0.3522727272727273,0.0021665208127755,0.4016887816646562,2.4894894894894897,0.0802621586837758,25.017,9.983,2.506611111111111,0.2852285714285714,0.2241890193070319,0.0104578986030632,0.1663415300546447,0.1667226194394274,0.5388828068692653
graph_069_mu_0_2_node_632,25,0.3241106719367589,0.0009984885950249,0.3792710706150342,2.6366366366366365,0.022596084947968,17.021,7.979,2.1354166666666665,0.3191599999999999,0.2167186805038342,0.0082896328371207,0.1899036041477902,0.1902080305203976,0.4342482581649605
graph_069_mu_0_2_node_137,25,0.2490118577075099,0.0016331456485424,0.3737373737373737,2.675675675675676,0.0110022528681916,17.007,7.993,2.130684523809524,0.31972,0.3567488337755934,0.0081823911703768,0.1903342394040069,0.1906391992604338,0.7123562590814554
graph_069_mu_0_2_node_319,16,0.35,0.0005985508866478,0.3594818279956819,2.7817817817817816,0.0087757245673004,12.009,3.991,3.0146666666666664,0.2494375,0.1865482049791041,0.0040808942608868,0.1425077175697864,0.1426599529463652,0.5600285250794643
graph_069_mu_0_2_node_603,19,0.2456140350877192,0.0009217954654871,0.3818807339449541,2.6186186186186187,0.0211653405224753,11.016,7.984,1.3804285714285716,0.4202105263157893,0.1978253711382815,0.0083263655035431,0.2660129032258064,0.2663173808711093,0.2725268195503767
graph_069_mu_0_2_node_654,18,0.2810457516339869,0.0008093469446175,0.3734579439252336,2.6776776776776776,0.0324533276496364,11.008,6.992,1.5748571428571432,0.3884444444444446,0.1535049752960414,0.0073363699601875,0.2410482758620689,0.2413149325682362,0.2413967728342194
graph_069_mu_0_2_node_507,14,0.3484848484848485,0.0004394751348102,0.3399115345355563,2.941941941941942,0.0033583629755066,10.992,3.008,3.6634166666666657,0.2148571428571428,0.1872250065250094,0.0030660662143933,0.1204502564102564,0.1205649908364591,0.6186393774923282
graph_069_mu_0_2_node_47,36,0.4064171122994652,0.0020592691849653,0.3899297423887587,2.5645645645645647,0.0276248322225541,27.026,8.974,3.014571428571428,0.2492777777777777,0.2938465146393852,0.0092603918425871,0.142398901098901,0.1427415386961478,0.8508562074946698
graph_069_mu_0_2_node_572,36,0.3262032085561497,0.0016784425799506,0.389777604369879,2.5655655655655654,0.0376509027024731,28.024,7.976,3.515857142857143,0.2215555555555556,0.1920665968739317,0.0083298480151191,0.1245856643356643,0.1248902320303984,0.6496798240833153
graph_069_mu_0_2_node_958,22,0.4157894736842105,0.0009068770365353,0.3631406761177753,2.7537537537537538,0.0096653546179478,17.011,4.989,3.412833333333332,0.2267727272727271,0.2555036162637123,0.0050939109676729,0.1278962476547842,0.1280866168236515,0.8184488134231899
graph_069_mu_0_2_node_506,16,0.2527472527472527,0.0006863080196706,0.3536283185840708,2.827827827827828,0.0074025662005205,11.033,4.967,2.2311111111111104,0.3104375,0.3104853849331693,0.0050611952131862,0.1838858060147415,0.1840752491346575,0.6193581350868357
graph_069_mu_0_2_node_307,19,0.2456140350877192,0.0012843222450648,0.3649981731823164,2.73973973973974,0.0080615876435242,11.989,7.011,1.7152948717948715,0.3689999999999999,0.3982195635858966,0.0071479452606054,0.2264689764267989,0.2267363769354015,0.6764996641671547
graph_069_mu_0_2_node_13,23,0.2761904761904762,0.0016416672346414,0.3702742772424018,2.700700700700701,0.012444575414913,15.012,7.988,1.88075,0.3473043478260868,0.4605554604589298,0.0081358034250067,0.2101631578947368,0.2104678808764167,0.8066609357710116
graph_069_mu_0_2_node_262,25,0.2529644268774703,0.0016967983568871,0.3723443906075289,2.685685685685686,0.0121183002961323,16.018,8.982,1.7846230158730163,0.35928,0.4322863199418784,0.0091863363084302,0.2189976501093915,0.2193403050939349,0.7214904022921174
graph_069_mu_0_2_node_596,24,0.329004329004329,0.0013260240878899,0.3664710198092443,2.7287287287287287,0.0111692617252023,18.001,5.999,3.005046153846154,0.2499583333333333,0.2606208490644255,0.0061524622353888,0.1428755058894593,0.1431044226914419,0.7364533605255696
graph_069_mu_0_2_node_608,25,0.3233333333333333,0.0013391485037102,0.387359441644048,2.581581581581581,0.0302204685501906,17.022,7.978,2.1348214285714286,0.31912,0.1920620978141521,0.0083322118048418,0.1898671096345515,0.1901714979454587,0.4091853457267384
graph_069_mu_0_2_node_210,22,0.2947368421052631,0.0013652508411164,0.3701370878103001,2.701701701701701,0.01078951366627,14.025,7.975,1.760738095238095,0.3625,0.4308146000353003,0.0081339471113097,0.2214085664611981,0.2217127707039152,0.7012771573410022
graph_069_mu_0_2_node_136,27,0.3533333333333333,0.0014873403583385,0.376271186440678,2.6576576576576576,0.0192214475303486,19.001,7.999,2.3754821428571438,0.2962592592592592,0.3290695685414615,0.0082016482455076,0.1738880666049953,0.1741933020778426,0.7404803928546522
graph_069_mu_0_2_node_586,27,0.301994301994302,0.001910249261255,0.3879611650485436,2.5775775775775776,0.0260775164459521,17.012,9.988,1.7035999999999996,0.3699259259259259,0.2714093533079027,0.0103743642312217,0.2269454545454544,0.2273265018658484,0.4619259845395186
graph_069_mu_0_2_node_790,38,0.2714285714285714,0.0023950015326491,0.3933070866141732,2.5425425425425425,0.0321013059769796,28.022,9.978,2.8102388888888887,0.262578947368421,0.2709323874770953,0.0103667829122123,0.1511415915077021,0.1515225774039529,0.7326416429706296
graph_069_mu_0_2_node_898,20,0.3398692810457516,0.0008302678061886,0.3579362235757793,2.793793793793794,0.0076699704005901,15.98,4.02,4.0007303807303805,0.201,0.207534298982728,0.0041059319412132,0.1119568511782082,0.112110238182415,0.7614433612583755
graph_069_mu_0_2_node_805,21,0.1333333333333333,0.0018074264129475,0.383199079401611,2.6096096096096097,0.0187222011886896,9.05,11.95,0.7585913752913752,0.5690476190476189,0.6080144663071212,0.0122059564074453,0.3978115281008079,0.3982671155067441,0.4569196260516175
graph_069_mu_0_2_node_580,24,0.213768115942029,0.0018993240806407,0.3775510204081632,2.6486486486486487,0.0135122694755432,14.009,9.991,1.4023999999999996,0.4162916666666667,0.517556730745764,0.0101934703864565,0.2628663967611336,0.2632474711859372,0.7248492429016314
graph_069_mu_0_2_node_770,26,0.2369230769230769,0.0018127022736554,0.3843786071565987,2.601601601601601,0.0204228154814398,16.012,9.988,1.6034666666666668,0.3841538461538462,0.2710327618533091,0.0103778221916469,0.237749723145072,0.2381307413933829,0.4340978358459659
graph_069_mu_0_2_node_726,27,0.2307692307692307,0.0018067715952236,0.3929976396538159,2.5445445445445447,0.0294306975942192,15.034,11.966,1.2569954545454542,0.4431851851851853,0.2880755859747013,0.0124972670238626,0.2846990335246148,0.2851554391456123,0.3609259399306413
graph_069_mu_0_2_node_881,19,0.2163742690058479,0.0013786016368841,0.3716517857142857,2.690690690690691,0.0098149557717299,10.008,8.992,1.113222222222222,0.4732631578947369,0.4398961643918753,0.0091871452506959,0.3099954022988506,0.3103382815103701,0.4890246998761868
graph_069_mu_0_2_node_540,19,0.2514619883040935,0.0010689767663312,0.3675496688741722,2.720720720720721,0.0124409361680787,12.012,6.988,1.726417748917749,0.3677894736842104,0.3591973768386792,0.0071367860724979,0.2255761465983239,0.2258426705089009,0.6097469500690912
graph_069_mu_0_2_node_795,27,0.42,0.0011134913072884,0.3764129615674453,2.6566566566566565,0.0267064468665585,21.006,5.994,3.5063,0.222,0.1484796786416448,0.0062511028449588,0.124864081632653,0.125092860372258,0.4952427393147347
graph_069_mu_0_2_node_562,31,0.2906403940886699,0.0019587994550837,0.3956435643564356,2.5275275275275275,0.0317704283154126,20.015,10.985,1.82240909090909,0.3543548387096774,0.2985175232782672,0.0114098935143472,0.2153355957767723,0.2157547592511474,0.5163803268552313
graph_069_mu_0_2_node_55,27,0.34,0.0016713690585188,0.3769811320754717,2.6526526526526526,0.0172795622285825,19.006,7.994,2.3778928571428573,0.2960740740740741,0.3289808844733367,0.0081963184372713,0.1737631822386678,0.1740682270684248,0.740569076922777
graph_069_mu_0_2_node_569,25,0.2866666666666667,0.0016416223910675,0.3840830449826989,2.603603603603604,0.0231212815517266,14.015,10.985,1.2762373737373742,0.4394000000000001,0.3714068339836377,0.0113266328127104,0.2815736397748593,0.2819926113873474,0.4732127364044558
graph_069_mu_0_2_node_185,18,0.2666666666666666,0.0010290321980888,0.3555160142348754,2.8128128128128127,0.0050957861957743,11.007,6.993,1.574771428571429,0.3885000000000001,0.4902804154385015,0.0070986031264232,0.2410949944382646,0.241361689238174,0.7008114918625693
graph_069_mu_0_2_node_471,22,0.4805194805194805,0.0005661888990891,0.3664710198092443,2.7287287287287287,0.0207916075069407,18.013,3.987,4.523833333333333,0.1812272727272726,0.1084071259385457,0.0041410923113229,0.0996512195121951,0.0998033720257609,0.4891694793108683
graph_069_mu_0_2_node_595,22,0.2987012987012987,0.0014219408850515,0.3680913780397936,2.716716716716717,0.014554526840811,14.037,7.963,1.7667619047619043,0.3619545454545453,0.408503500830159,0.0081294851151801,0.2210295558716612,0.221333302658099,0.7165119229058398
graph_069_mu_0_2_node_736,25,0.2608695652173913,0.0015388135052878,0.3679558011049724,2.7177177177177176,0.0119915962514698,17.026,7.974,2.1366071428571427,0.3189599999999999,0.3840994950752267,0.0081549138097817,0.1897563676633444,0.1900606034830365,0.7696772271587693
graph_069_mu_0_2_node_4,20,0.2736842105263158,0.0017923540860613,0.3662023460410557,2.730730730730731,0.0071994184523095,12.021,7.979,1.5075,0.39895,0.5431784338851742,0.0081113537064029,0.2492045454545454,0.2495088557833457,0.8158530945403772
graph_069_mu_0_2_node_354,19,0.2720588235294117,0.0015123842824163,0.367414490621552,2.7217217217217216,0.0102405488154873,12.001,6.999,1.7147380952380955,0.3683684210526314,0.4904320650290272,0.0071048801323561,0.2257681451612902,0.2260350890068451,0.7707240721132834
graph_069_mu_0_2_node_765,20,0.2789473684210526,0.0016835058090345,0.3740172220142269,2.6736736736736737,0.0166645050878399,12.017,7.983,1.5067857142857142,0.3991500000000001,0.4605417516763513,0.0081301405985874,0.2493694295900178,0.249673892299587,0.6914731539872316
graph_069_mu_0_2_node_815,27,0.3789173789173789,0.0014139813052541,0.3740172220142269,2.6736736736736737,0.0189335371141388,20.008,6.992,2.8625428571428566,0.2589629629629629,0.228788083016715,0.007215404839654,0.1487456578376031,0.1490124977134687,0.6541619196508323
graph_069_mu_0_2_node_757,33,0.3825757575757575,0.0019585551727616,0.3851195065535852,2.5965965965965965,0.0279773631489996,25.01,7.99,3.131089285714286,0.242121212121212,0.2171212081283873,0.0082990633101703,0.1377388077147867,0.1380438396987942,0.6791485698756039
graph_069_mu_0_2_node_65,25,0.2687747035573122,0.0017972523440267,0.3709617526921648,2.695695695695696,0.0122749640852531,16.01,8.99,1.781349206349207,0.3596,0.4398690352810641,0.0091849762476785,0.2192231855873376,0.2195661455281331,0.7336517902975952
graph_069_mu_0_2_node_243,19,0.3455882352941176,0.0008209955538027,0.3558959743498396,2.80980980980981,0.0077771993699195,13.038,5.962,2.192316666666667,0.3137894736842105,0.4070534477921003,0.0060597911765245,0.1861431595365418,0.1863705786928201,0.8162103823363507
graph_069_mu_0_2_node_132,21,0.2952380952380952,0.0014241249439793,0.3757051523128996,2.661661661661661,0.0157201678263266,13.026,7.974,1.635125,0.3797142857142858,0.4086695380405525,0.0081412828741261,0.2343823529411764,0.2346864959017993,0.6651958786593368
graph_069_mu_0_2_node_244,15,0.2571428571428571,0.0009230286765008,0.3538788522848034,2.825825825825826,0.0071487900583506,10.016,4.984,2.0153333333333334,0.3322666666666666,0.3104374737370396,0.0050794500577629,0.1993494505494505,0.1995395273104786,0.6189564191348088
graph_069_mu_0_2_node_399,29,0.3152709359605911,0.0020705645617943,0.3875096974398759,2.5805805805805804,0.0216995202541376,19.004,9.996,1.9012888888888884,0.3446896551724139,0.4112961341752558,0.0102491131853824,0.208234693877551,0.2086161042912167,0.7816174583726518
graph_069_mu_0_2_node_956,18,0.5490196078431373,0.000352303422682,0.3632727272727272,2.7527527527527527,0.025032142590085,15.012,2.988,5.036,0.166,0.0716495849380203,0.0031193557961366,0.0905240641711229,0.0906380709148928,0.3592493920415323
graph_069_mu_0_2_node_503,22,0.2987012987012987,0.0013933094118362,0.3833461243284727,2.6086086086086087,0.0168350416874466,13.011,8.989,1.4480674603174597,0.4085909090909091,0.3700616308542175,0.0092162435782487,0.2567643929643929,0.2571072362987738,0.5349421826348019
graph_069_mu_0_2_node_823,22,0.2207792207792207,0.0015939842460901,0.3779795686719637,2.645645645645646,0.0147217110893197,12.031,9.969,1.2078833333333332,0.4531363636363634,0.4198196707737068,0.0102243028144554,0.2929816993464052,0.2933618774708906,0.5049022600488515
graph_069_mu_0_2_node_83,48,0.2695652173913043,0.0042882680601933,0.4129805704836709,2.4214214214214214,0.0465675207286507,33.087,14.913,2.221010989010989,0.3106875,0.3698230467541586,0.0155518884416914,0.1839388774610637,0.1845084070482004,0.7938290164746818
graph_069_mu_0_2_node_5,40,0.3769230769230769,0.0020807677817305,0.3988023952095808,2.5075075075075075,0.0950440250914994,30.011,9.989,3.005,0.249725,0.2242841786683212,0.0104642773673289,0.142680527610105,0.1430619914119187,0.6734391170762772
graph_069_mu_0_2_node_139,23,0.233201581027668,0.0022779858934575,0.3805714285714285,2.627627627627628,0.0170859280967668,13.036,9.964,1.3102496031746034,0.4332173913043479,0.5108244782289794,0.0101726886938768,0.2765634764318975,0.2769434929619016,0.6653548957271385
graph_069_mu_0_2_node_156,15,0.3333333333333333,0.0007260876641932,0.3547585227272727,2.818818818818819,0.0103113121103183,10.01,4.99,2.008,0.3326666666666666,0.2878342474106127,0.0050820319777556,0.1995418803418804,0.1997321859880509,0.5761387373926298
graph_069_mu_0_2_node_9,19,0.2352941176470588,0.0008377198329602,0.3686346863468634,2.7127127127127126,0.0126975506288005,13.024,5.976,2.1818666666666666,0.3145263157894737,0.3012342223882575,0.0061059935871432,0.1866363636363636,0.1868643165557122,0.6037122842857527
graph_069_mu_0_2_node_77,28,0.3661538461538461,0.0013725632967487,0.3698630136986301,2.703703703703704,0.0126663622728842,21.009,6.991,3.006,0.2496785714285714,0.2984425028812526,0.0071624873835563,0.1426514285714285,0.1429182506844654,0.8534171696004373
graph_069_mu_0_2_node_787,37,0.3573573573573573,0.0022405429131712,0.3911511354737666,2.5565565565565564,0.0307982016966592,28.017,8.983,3.1199940476190484,0.2427837837837838,0.2427654288165634,0.0093362390732369,0.1381688132762759,0.1385118204682992,0.7561865184080988
graph_069_mu_0_2_node_428,24,0.213768115942029,0.0019660907815603,0.3864603481624758,2.587587587587588,0.01916640300837,13.027,10.973,1.188018181818182,0.4572083333333332,0.2966100199658679,0.0114042831410265,0.2963859065543276,0.296804389050153,0.3511701252474291
graph_069_mu_0_2_node_742,16,0.4583333333333333,0.0005343136349032,0.3684987089634821,2.7137137137137137,0.0235694777863413,12.006,3.994,3.008,0.249625,0.0957137587225717,0.0041697029765441,0.1426206896551723,0.1427730394438528,0.2873995136332258
graph_069_mu_0_2_node_915,18,0.3790849673202614,0.0008214874285685,0.3647316538882804,2.7417417417417416,0.0100089032274697,13.007,4.993,2.6063000000000005,0.2773888888888888,0.2587406202754614,0.0050940554666217,0.1610362903225806,0.1612267539199348,0.6731241102210329
graph_069_mu_0_2_node_549,19,0.2456140350877192,0.0012569469267545,0.3698630136986301,2.703703703703704,0.0089320317998639,12.015,6.985,1.721252380952381,0.3676315789473683,0.3566917073665215,0.0071320029888264,0.2252341764418376,0.2255005866813707,0.6121151004910734
graph_069_mu_0_2_node_624,26,0.3550724637681159,0.0011366029750626,0.3799923925446938,2.6316316316316315,0.0287122652808056,18.008,7.992,2.253869047619048,0.3073846153846152,0.2048978208117498,0.0083213783753241,0.1816092226613965,0.1819141679522308,0.4357681411012986
graph_069_mu_0_2_node_808,34,0.3346774193548387,0.0020640849050204,0.3933070866141732,2.5425425425425425,0.0441778882477068,23.026,10.974,2.0992202020202013,0.3227647058823529,0.2630331948362065,0.0114567295825233,0.1924504598726506,0.1928692999496747,0.5273154676551651
graph_069_mu_0_2_node_727,24,0.3333333333333333,0.0011927735026879,0.3726221559119731,2.683683683683684,0.014248563136343,17.008,6.992,2.433142857142857,0.2913333333333334,0.2274604353198905,0.0072191764276615,0.1705087108013937,0.1707754895985597,0.5203707516444457
graph_069_mu_0_2_node_640,36,0.3493761140819964,0.0021365633276293,0.3928430987023201,2.5455455455455454,0.0284480023190576,26.013,9.987,2.605700000000001,0.2774166666666666,0.3376616630138225,0.0102976340150899,0.1610535714285714,0.1614348424164758,0.8448773838811573
graph_069_mu_0_2_node_824,38,0.319047619047619,0.0021336621883899,0.3965859468042874,2.521521521521521,0.029475333759374,31.012,6.988,4.439428571428572,0.1838947368421052,0.1897094481736235,0.007260377712751,0.1012604554865424,0.1015273669204526,0.8138645822741016
graph_069_mu_0_2_node_747,30,0.2689655172413793,0.0025037704703809,0.3959571938168846,2.5255255255255253,0.0502526962905636,18.026,11.974,1.5061060606060606,0.3991333333333334,0.2629762470668977,0.0125633725340544,0.249340756302521,0.2497975711896758,0.3950820978333262
graph_069_mu_0_2_node_894,26,0.3405797101449275,0.0014961820173357,0.3729003359462486,2.681681681681681,0.011323186815332,20.0,6.0,3.3377904761904764,0.2307692307692308,0.2606996732723398,0.0061535687393515,0.1304803544476361,0.1307093442869084,0.823076641499394
graph_069_mu_0_2_node_138,23,0.3517786561264822,0.0009069830685795,0.3817348108521207,2.61961961961962,0.0447084428559047,16.031,6.969,2.302690476190476,0.303,0.153137845559352,0.0073117978782028,0.1785730769230769,0.1788389584724726,0.3515022816170434
graph_069_mu_0_2_node_714,20,0.2684210526315789,0.0013297645539646,0.3682270549207519,2.715715715715716,0.010955727685894,13.008,6.992,1.8609523809523807,0.3495999999999999,0.2984768181163391,0.0071634880846807,0.2118360071301247,0.2121027045208731,0.5546847722969653
graph_069_mu_0_2_node_328,23,0.1380952380952381,0.0021624048119438,0.3769811320754717,2.6526526526526526,0.0093875654842113,12.004,10.996,1.091745454545454,0.4780869565217392,0.5529316986481145,0.0112368305460417,0.3141396825396824,0.31455900925961,0.5531140317312314
graph_069_mu_0_2_node_838,31,0.2512315270935961,0.0019209921901515,0.3884136858475894,2.5745745745745747,0.0305925095409959,19.01,11.99,1.5858383838383838,0.3867741935483869,0.2969678424676235,0.0125044991760746,0.2397596152423234,0.2402170746816946,0.4457887936358914
graph_069_mu_0_2_node_582,20,0.4379084967320261,0.0007988272841386,0.3626134301270417,2.7577577577577577,0.0089127281575873,15.004,4.996,3.004,0.2498,0.292711531431458,0.0050945135092751,0.1427301587301586,0.1429207657970963,0.8198796343197625
graph_069_mu_0_2_node_578,21,0.3333333333333333,0.0013229607792844,0.3664710198092443,2.7287287287287287,0.011884154605243,13.113,7.887,1.673875,0.3755714285714286,0.5358122601467852,0.0080194817694943,0.2314078431372549,0.2317086699977051,0.8754965763814647
graph_069_mu_0_2_node_618,48,0.2898550724637681,0.0037646747247763,0.4109419991772933,2.433433433433433,0.0494076178808391,36.045,11.955,3.0165818181818187,0.2490625,0.2963253699484502,0.0124674466815397,0.1422530388899745,0.1427097571070787,0.8673266932803901
graph_069_mu_0_2_node_648,42,0.2166666666666666,0.0035361897488073,0.3992805755395683,2.5045045045045047,0.0315110006866275,31.008,10.992,2.821236363636365,0.2617142857142857,0.2899486456746231,0.0114321056485282,0.1505605331358755,0.1509803158040674,0.7912687560397393
graph_069_mu_0_2_node_174,20,0.2210526315789473,0.0013499470904605,0.3720670391061452,2.687687687687688,0.0093736265221203,13.013,6.987,1.8633333333333333,0.3493499999999999,0.3516882518739475,0.0071396358927689,0.2116577540106951,0.2119242608164521,0.6537351393800029
graph_069_mu_0_2_node_349,24,0.2857142857142857,0.0017049231752105,0.367684946632315,2.71971971971972,0.0091656847983371,15.01,8.99,1.6700000000000004,0.3745833333333333,0.4849586189816858,0.00917009531385,0.2304615384615385,0.2308044722458647,0.7549514010018838
graph_069_mu_0_2_node_347,18,0.5583333333333333,0.0004534259453771,0.3523809523809524,2.8378378378378377,0.0064344537727398,15.006,2.994,5.018,0.1663333333333333,0.1755186298580548,0.0030529683131944,0.0907165775401069,0.0908308131604561,0.8199576763404057
graph_069_mu_0_2_node_320,21,0.2476190476190476,0.0011911425905477,0.3724832214765101,2.684684684684685,0.018591286582939,12.038,8.962,1.346708333333333,0.4267619047619048,0.377744511048336,0.00919076901371,0.2713549019607842,0.2716966901952796,0.5048745045752193
graph_069_mu_0_2_node_643,51,0.3154761904761904,0.0048677193074865,0.4080882352941176,2.4504504504504503,0.051950034956657,37.025,13.975,2.6499093406593413,0.2740196078431372,0.3583550113897678,0.0145508301407497,0.1587656111678583,0.1592994985846982,0.9229769124363288
graph_069_mu_0_2_node_525,33,0.3541666666666667,0.0019060633164029,0.3908450704225352,2.558558558558558,0.031425505902706,25.011,7.989,3.131482142857143,0.2420909090909089,0.1978912322859905,0.0083317819751115,0.137718877849211,0.1380238716958867,0.619118508209929
graph_069_mu_0_2_node_335,18,0.3594771241830065,0.0009605754326849,0.3634048744998181,2.751751751751752,0.0122046231056749,12.036,5.964,2.0228,0.3313333333333332,0.350747350961303,0.0060800124081594,0.1986134897360704,0.1988409678012355,0.7026974217793703
graph_069_mu_0_2_node_807,24,0.3985507246376811,0.0011990413533041,0.3715135738192636,2.6916916916916915,0.0180504365889541,17.001,6.999,2.429142857142857,0.291625,0.2289253929116594,0.0072227905180931,0.1707038327526132,0.1709708784501547,0.5559984650365408
graph_069_mu_0_2_node_234,16,0.275,0.0008349349909574,0.3592233009708738,2.783783783783784,0.0067609026618958,11.004,4.996,2.2049777777777777,0.31225,0.2229460086598319,0.0051144246774985,0.1850526800092017,0.1852432288304619,0.489790719911534
graph_069_mu_0_2_node_659,53,0.3113725490196078,0.0044928888753078,0.4138359569179785,2.4164164164164164,0.0962681499373278,38.078,14.922,2.553876789876789,0.2815471698113208,0.3280195616059393,0.0156554707644405,0.1638529637414305,0.1644230543085017,0.8130571937205634
graph_069_mu_0_2_node_558,24,0.1847826086956521,0.0021987399245063,0.383493282149712,2.607607607607608,0.0173688988182322,12.016,11.984,1.003090909090909,0.4993333333333333,0.5876271680418068,0.0122416793991951,0.3327662399241346,0.3332232266154754,0.588169976227773
graph_069_mu_0_2_node_254,26,0.1775362318840579,0.0018054040326936,0.3795592705167173,2.6346346346346348,0.0189979354775962,13.024,12.976,1.0043030303030305,0.4990769230769231,0.6352777494627502,0.0132567364434183,0.3325495934959349,0.3330444274457688,0.5871397771816865
graph_069_mu_0_2_node_145,24,0.2318840579710145,0.0014282079420268,0.3774083868530412,2.6496496496496498,0.0170532641479668,16.012,7.988,2.0051428571428573,0.3328333333333332,0.2107901372682386,0.0083075714886656,0.1996487804878049,0.1999535267725224,0.4219384982299952
graph_069_mu_0_2_node_684,31,0.3075268817204301,0.0025207659981825,0.388715953307393,2.5725725725725725,0.0209349038678497,21.011,9.989,2.103961111111112,0.3222258064516128,0.3376634214645295,0.0102998680987088,0.1920618986185024,0.1924431003769311,0.7096359601062971
graph_069_mu_0_2_node_925,26,0.2738461538461538,0.0020788246678347,0.3836405529953917,2.6066066066066065,0.0143916987877596,16.015,9.985,1.6045809523809529,0.3840384615384616,0.4887107879686445,0.010201214563201,0.2376671834625323,0.2380480873598903,0.7824848935291779
graph_069_mu_0_2_node_587,23,0.1818181818181818,0.0017282061061346,0.3784090909090909,2.6426426426426426,0.0174005635864625,12.008,10.992,1.092831565656565,0.4779130434782609,0.2899852333362199,0.011431880045974,0.314003362008625,0.3144225363216425,0.3165346912027315
graph_069_mu_0_2_node_520,22,0.3105263157894737,0.0012251123236898,0.3649981731823164,2.73973973973974,0.0122501171758988,15.007,6.993,2.146523809523809,0.3178636363636363,0.4030926165226587,0.0071223751113717,0.1889701280227596,0.1892369042333163,0.8065230344241036
graph_069_mu_0_2_node_848,34,0.3868092691622103,0.0016656624688626,0.389018691588785,2.5705705705705704,0.0798268936563744,25.035,8.965,2.794305555555556,0.2636764705882352,0.2014274255196634,0.0093912267292964,0.1518700564971751,0.1522122986071526,0.5612386123546705
graph_069_mu_0_2_node_444,22,0.1601731601731601,0.0018712527889397,0.3810068649885583,2.6246246246246248,0.0143192206367908,10.051,11.949,0.8423416666666668,0.5431363636363633,0.5196685336997207,0.012253243539578,0.3729268207282913,0.3733824048305846,0.4338991922637547
graph_069_mu_0_2_node_892,17,0.2720588235294117,0.001003391368345,0.3624818577648766,2.7587587587587588,0.0089909463949192,10.011,6.989,1.4333476190476189,0.4111176470588236,0.4030269712872051,0.0071180664400055,0.2587707535121327,0.2590372755383725,0.5761856985268403
graph_069_mu_0_2_node_327,22,0.2727272727272727,0.0020525460224934,0.3726221559119731,2.683683683683684,0.0092346524400623,13.009,8.991,1.4472817460317455,0.4086818181818182,0.6303827114027067,0.0091267230909997,0.256830459030459,0.2571733785930113,0.9109421600007592
graph_069_mu_0_2_node_200,41,0.3184885290148448,0.0027066646531683,0.3975328292877039,2.5155155155155158,0.0392995505075877,30.018,10.982,2.7340646464646463,0.2678536585365855,0.298478734518519,0.0114066344278285,0.1546412845413424,0.1550606537090351,0.7880517323261456
graph_069_mu_0_2_node_108,42,0.2692307692307692,0.0035886166356127,0.3988023952095808,2.5075075075075075,0.0310085893138442,28.037,13.963,2.008790209790209,0.3324523809523809,0.4545132726914013,0.0144160163227027,0.1993774262010418,0.1999104892583251,0.8785771040711113
graph_069_mu_0_2_node_940,33,0.2559139784946236,0.0023172083938423,0.3940828402366864,2.537537537537537,0.0259978053535264,21.021,11.979,1.7553,0.363,0.3251556142526086,0.0124461795104889,0.2217563492063493,0.2222134592658254,0.5428003039724506
graph_069_mu_0_2_node_396,23,0.2047619047619047,0.0018086062547668,0.3737373737373737,2.675675675675676,0.0122415680214038,13.023,9.977,1.3060055555555556,0.4337826086956522,0.5386588737751006,0.0101762095360852,0.276987118697645,0.2773676306438548,0.6473420149048354
graph_069_mu_0_2_node_974,33,0.4071969696969697,0.0014641701812334,0.3916111328890631,2.5535535535535536,0.0816641898272347,25.045,7.955,3.151714285714286,0.2410606060606059,0.1788540361532462,0.0083327344783828,0.1370637638807715,0.1373674607522751,0.5611507305562956
graph_069_mu_0_2_node_641,33,0.2992424242424242,0.0020784704616055,0.3953304313415117,2.5295295295295297,0.0608133642159955,22.024,10.976,2.0077333333333334,0.3326060606060605,0.2410847866043944,0.0115161299901727,0.1994917293233083,0.1999106136362015,0.4830040669428531
graph_069_mu_0_2_node_479,15,0.4380952380952381,0.0004527754712627,0.3579362235757793,2.793793793793794,0.011995151709793,11.01,3.99,2.7625,0.266,0.1078482585660625,0.0041468816812851,0.1534188034188033,0.1535709890711472,0.2970810620857339
graph_069_mu_0_2_node_237,29,0.3940886699507389,0.001580897167831,0.3810068649885583,2.6246246246246248,0.0190945951834018,22.03,6.97,3.1641238095238107,0.2403448275862068,0.2270434930238531,0.0071957933342182,0.1366004439511653,0.136866485409084,0.7153645015752622
graph_069_mu_0_2_node_943,28,0.2037037037037037,0.0024980921903665,0.3855654187572366,2.5935935935935936,0.018110260243484,17.032,10.968,1.553847474747475,0.3917142857142858,0.4619034082542528,0.0112486774275358,0.2435832768013156,0.2440016965057533,0.714953362134625
graph_069_mu_0_2_node_361,17,0.3714285714285714,0.0007142150866902,0.3500350385423966,2.8568568568568566,0.0049772794383991,12.004,4.996,2.4033999999999995,0.2938823529411765,0.3502188972281084,0.0050714959253388,0.1722574712643678,0.1724480347091205,0.7708087802317232
graph_069_mu_0_2_node_818,20,0.1699346405228758,0.0012682183650616,0.3653986832479883,2.736736736736737,0.010472881574636,12.031,7.969,1.5137912087912089,0.3984500000000001,0.4963466712203642,0.0081213717483003,0.2489299861358685,0.2492339150419451,0.6811158350906894
graph_069_mu_0_2_node_280,27,0.2393162393162393,0.0020925462671266,0.392226148409894,2.5495495495495497,0.0276586987246652,16.014,10.986,1.4582204545454542,0.4068888888888889,0.2721612638333858,0.011457178063015,0.2554193675889328,0.2558384412150419,0.396216282258437
graph_069_mu_0_2_node_989,26,0.3415384615384615,0.0014135818784232,0.3842307692307692,2.6026026026026026,0.0300623804721794,18.052,7.948,2.277330952380952,0.3056923076923076,0.1916169076590445,0.008299959909578,0.1804752894345863,0.1807785570282686,0.4335294308863515
graph_069_mu_0_2_node_92,20,0.3473684210526316,0.0011335153444457,0.367414490621552,2.7217217217217216,0.0103084690470735,13.099,6.901,1.910761904761905,0.3450499999999999,0.3935389918436953,0.0070464050083062,0.2086610644257702,0.2089242928730105,0.7360872160914816
graph_069_mu_0_2_node_277,17,0.3382352941176471,0.0007552920765219,0.3583213773314204,2.790790790790791,0.0067921382019777,12.986,4.014,3.2540010101010104,0.2361176470588235,0.2054120359716681,0.0041000626415052,0.134106002805049,0.1342591261650083,0.6587185792743746
graph_069_mu_0_2_node_102,23,0.3047619047619048,0.001224926049599,0.3664710198092443,2.7287287287287287,0.0099774732835573,15.01,7.99,1.8795178571428568,0.3473913043478259,0.4310990953138181,0.0081499183015712,0.210220580296896,0.2105253795387378,0.7549017933661182
graph_069_mu_0_2_node_938,29,0.2586206896551724,0.0020481078838372,0.3884136858475894,2.5745745745745747,0.0296162502329997,17.058,11.942,1.43044898989899,0.4117931034482758,0.2877569860680748,0.0124712434096865,0.2593391708672367,0.2597947315509814,0.4095342546159101
graph_069_mu_0_2_node_867,23,0.3162055335968379,0.0014857077999706,0.373877245508982,2.674674674674675,0.0160489511288909,16.013,6.987,2.292833333333333,0.3037826086956522,0.2273434740458188,0.00721393675471,0.1791038461538461,0.1793704139661605,0.5204684821492868
graph_069_mu_0_2_node_832,22,0.3,0.0010635140229207,0.3757051523128996,2.661661661661661,0.01782702266525,14.007,7.993,1.7528809523809523,0.3633181818181818,0.270198371554296,0.0082416310145693,0.2219927295716769,0.2222976199202873,0.4393250565826915
graph_069_mu_0_2_node_180,23,0.2238095238095238,0.0015566430345472,0.377123442808607,2.6516516516516515,0.0126538147260933,15.015,7.985,1.8811607142857143,0.3471739130434781,0.4018460612161038,0.0081595957251336,0.2100607287449392,0.2103653374280037,0.7041996691632414
graph_069_mu_0_2_node_512,24,0.3188405797101449,0.0015443641771128,0.3765548435733132,2.655655655655656,0.0146338813212844,16.014,7.986,2.0062857142857142,0.3327499999999999,0.3909071419839859,0.0081589258178425,0.199593031358885,0.1998977013863525,0.7823811153575243
graph_069_mu_0_2_node_212,28,0.2116402116402116,0.0018586642225641,0.3909980430528376,2.557557557557557,0.0301060010221628,17.035,10.965,1.5543636363636364,0.3916071428571429,0.2640455180246353,0.0114515216994089,0.2434975845410628,0.2439158899643659,0.4090140391403553
graph_069_mu_0_2_node_550,31,0.3423645320197044,0.0022031974183806,0.3878105590062112,2.578578578578578,0.0208188034306383,22.007,8.993,2.4474583333333326,0.2900967741935484,0.3700970318473409,0.0092206048396949,0.169659678546471,0.170002909965604,0.8639990774558673
graph_069_mu_0_2_node_990,21,0.4333333333333333,0.0007774826739567,0.3742974896965155,2.6716716716716715,0.0269306740164759,15.02,5.98,2.514,0.2847619047619047,0.1534091436106828,0.0062262623834352,0.166036036036036,0.1662641762560287,0.3845115720585621
graph_069_mu_0_2_node_356,21,0.4047619047619047,0.0006839674876853,0.3671444321940463,2.723723723723724,0.0183564881101057,16.005,4.995,3.20595,0.2378571428571428,0.134944086898582,0.0051915494951794,0.1349873071452018,0.1351778906112126,0.432037793051308
graph_069_mu_0_2_node_334,22,0.329004329004329,0.0007249241708533,0.3747186796699174,2.6686686686686687,0.0253667729630031,16.005,5.995,2.6710666666666665,0.2724999999999999,0.1484892133995647,0.0062522316630037,0.157749257759784,0.1579779873440705,0.3961368725885414
graph_069_mu_0_2_node_984,18,0.1372549019607843,0.0015608531900076,0.3694526627218935,2.7067067067067065,0.0146790102762561,8.028,9.972,0.8078285714285717,0.554,0.5662106751110239,0.0101661629959506,0.3833728799935698,0.383753056037329,0.4521071443787924
graph_069_mu_0_2_node_531,35,0.3512605042016806,0.0020766091094135,0.3911511354737666,2.5565565565565564,0.034796848436305,26.021,8.979,2.8990972222222213,0.2565428571428571,0.2440785337598333,0.0093261521534838,0.1471523003701745,0.1474951026167284,0.706579020955663
graph_069_mu_0_2_node_263,23,0.3761904761904762,0.0011155072231104,0.37,2.702702702702702,0.0126759922306862,16.055,6.945,2.316271428571428,0.3019565217391305,0.3943540245279099,0.0070929759933988,0.1778682614133833,0.1781332279280952,0.8485101897898791
graph_069_mu_0_2_node_901,19,0.1911764705882352,0.0009645932429274,0.3682270549207519,2.715715715715716,0.011089656276154,11.019,7.981,1.381559523809524,0.4200526315789472,0.3359961922674304,0.0081854557445709,0.265892876344086,0.2661972396645529,0.4206759534457689
graph_069_mu_0_2_node_175,25,0.4,0.0014869879262685,0.3826120260436614,2.6136136136136137,0.0321387884635242,17.02,7.98,2.1340773809523808,0.3192,0.1912869458918591,0.0083309384720699,0.189923739051646,0.1902282035994317,0.4072047843562928
graph_069_mu_0_2_node_988,22,0.2294372294372294,0.0013522734641156,0.3704115684093437,2.6996996996997,0.0106507310346919,14.05,7.95,1.772,0.3613636363636364,0.4013095575297745,0.0081222432069533,0.2206018650229177,0.2209051163175163,0.7042380435289265
graph_069_mu_0_2_node_721,20,0.3594771241830065,0.0008966468582559,0.3593525179856115,2.7827827827827827,0.0077018781908691,15.006,4.994,3.006,0.2496999999999999,0.2555676358182151,0.005099246099179,0.1426666666666666,0.1428571974647,0.7161036100889819
graph_069_mu_0_2_node_615,23,0.3142857142857143,0.0013218854708004,0.3761295180722891,2.6586586586586587,0.0173154143589997,15.016,7.984,1.8822559523809523,0.3471304347826086,0.390926593701044,0.0081566519032136,0.2100374493927125,0.2103420199151537,0.6848008297460603
graph_069_mu_0_2_node_34,19,0.1985294117647058,0.000906210318651,0.3656661786237188,2.734734734734735,0.0117711125430603,11.013,7.987,1.37975,0.4203684210526314,0.3909648512004709,0.0081599398340496,0.2661431451612902,0.2664477370965447,0.4891757679835235
graph_069_mu_0_2_node_537,33,0.2774193548387096,0.0021618050094167,0.390234375,2.5625625625625625,0.0313825743795856,22.035,10.965,2.0105666666666666,0.3322727272727272,0.2639979097472678,0.0114517565772789,0.1992507518796993,0.1996692169351342,0.5055988179850721
graph_069_mu_0_2_node_616,20,0.3263157894736842,0.0011889365801656,0.3645985401459854,2.7427427427427427,0.0088481507326305,13.017,6.983,1.8652380952380956,0.3491499999999999,0.376961368316754,0.0071226698937829,0.2115151515151514,0.2117815058529153,0.7011373907608411
graph_069_mu_0_2_node_644,27,0.28,0.0023464472484345,0.3824655436447167,2.6146146146146148,0.0166456628397882,17.008,9.992,1.7024749999999995,0.370074074074074,0.5389501188794666,0.0101921641570243,0.2270557312252963,0.2274369309816189,0.8626872950150033
graph_069_mu_0_2_node_746,24,0.3203463203463203,0.0013265413910437,0.367684946632315,2.71971971971972,0.0135579952230842,16.042,7.958,2.025714285714286,0.3315833333333332,0.4306164350814732,0.0081154616666662,0.1988275357087609,0.1991311380299395,0.8092935849020966
graph_069_mu_0_2_node_693,23,0.3333333333333333,0.0010696930332611,0.3662023460410557,2.730730730730731,0.0104589003413586,17.009,5.991,2.841,0.2604782608695651,0.2520134274677292,0.0061449794497573,0.1497502322880371,0.1499788267894859,0.6728080839595143
graph_069_mu_0_2_node_646,26,0.3985507246376811,0.0012822382508069,0.369589345172031,2.705705705705706,0.011877859529032,20.004,5.996,3.3368000000000007,0.2306153846153846,0.2559010194968726,0.0061431384288295,0.1303385753931544,0.1305674129738797,0.8106357142824694
graph_069_mu_0_2_node_953,23,0.4380952380952381,0.0006741025389372,0.3679558011049724,2.7177177177177176,0.0164641479670467,19.004,3.996,4.757666666666666,0.1737391304347825,0.1705716226286736,0.004094024007964,0.0951362126245847,0.0952887201192071,0.7679807030971476
graph_069_mu_0_2_node_371,23,0.3523809523809524,0.0013848583358796,0.3622189992748368,2.760760760760761,0.0078764483122757,16.006,6.994,2.2889999999999997,0.3040869565217391,0.3720400800546456,0.0071405871675986,0.1793102564102563,0.1795770911025947,0.7976426263405662
graph_069_mu_0_2_node_144,25,0.1778656126482213,0.002031807725646,0.3755639097744361,2.6626626626626626,0.0118424547418935,15.001,9.999,1.5026680264180263,0.39996,0.510163472321595,0.0102136331955949,0.2500844043755629,0.2504658121573466,0.7101960036105169
graph_069_mu_0_2_node_591,25,0.3280632411067193,0.0017548120144171,0.3723443906075289,2.685685685685686,0.0114341139876656,17.01,7.99,2.129464285714285,0.3196,0.431067800262081,0.0081499986560816,0.1901993355481727,0.1905041813327254,0.8627513510251221
graph_069_mu_0_2_node_390,26,0.2338461538461538,0.0023493979024851,0.3778366111951589,2.6466466466466465,0.0124387905198437,16.009,9.991,1.6026000000000005,0.3842692307692308,0.466480023585955,0.0102173099238188,0.2378361018826135,0.238217234455701,0.7467293652551868
graph_069_mu_0_2_node_259,34,0.3600713012477718,0.0019913188912167,0.3931523022432113,2.543543543543544,0.040436173778981,25.008,8.992,2.782162698412699,0.2644705882352941,0.2305369794254436,0.009362550183718,0.1523911893088582,0.1527344611704664,0.6407577397653134
graph_069_mu_0_2_node_228,19,0.1578947368421052,0.0014246057671457,0.3792710706150342,2.6366366366366365,0.0175017113752814,8.022,10.978,0.7313414141414142,0.5777894736842109,0.5385570458631496,0.0112136311130099,0.4063258529465425,0.4067443662919834,0.392249651702214
graph_069_mu_0_2_node_345,52,0.3461224489795918,0.0039040440536198,0.4164235097957482,2.4014014014014013,0.0946888104293465,39.067,12.933,3.022878787878788,0.2487115384615384,0.284290055536764,0.0135687641649295,0.1420272490482868,0.1425214254310259,0.8348429160334598
graph_069_mu_0_2_node_451,27,0.3162393162393162,0.0019099826626211,0.3906922174423152,2.55955955955956,0.0503593882748667,17.041,9.959,1.7122999999999995,0.3688518518518517,0.2187924502692849,0.0104491223715388,0.2261545454545453,0.2265344875511958,0.3736150798232251
graph_069_mu_0_2_node_889,20,0.2894736842105263,0.0010393004623395,0.3689069423929099,2.710710710710711,0.0129565264854257,13.002,6.998,1.8582857142857148,0.3498999999999999,0.1845630052563246,0.0072782721929578,0.212051948051948,0.2123188741359606,0.3428601175311694
graph_069_mu_0_2_node_912,32,0.3467741935483871,0.0021314465342043,0.3931523022432113,2.543543543543544,0.0342722189149467,22.013,9.987,2.2046222222222225,0.31209375,0.2723445686426706,0.0103726741836867,0.1849050505050504,0.185286205126738,0.5996899968296848
graph_069_mu_0_2_node_709,22,0.341991341991342,0.0009464502248482,0.3740172220142269,2.6736736736736737,0.0237534500150815,15.023,6.977,2.154904761904762,0.3171363636363636,0.1680340931147566,0.0072864471344691,0.1884694167852062,0.1887355830307903,0.3609324219152296
graph_069_mu_0_2_node_794,40,0.3333333333333333,0.0025987745171781,0.3928430987023201,2.5455455455455454,0.0452512621116644,31.02,8.98,3.455555555555555,0.2245,0.2152347164424514,0.0093750082638133,0.1264475743348983,0.1267905456649447,0.7424907492681864
graph_069_mu_0_2_node_338,19,0.4093567251461988,0.0009331765156646,0.3609104046242775,2.770770770770771,0.0088070534169066,14.004,4.996,2.8037999999999994,0.2629473684210526,0.2448614198688352,0.0051036024311952,0.151379679144385,0.1515702716683754,0.6860191184898813
graph_069_mu_0_2_node_754,18,0.3137254901960784,0.0012368234944143,0.3701370878103001,2.701701701701701,0.0133059025295649,11.039,6.961,1.5883142857142862,0.3867222222222223,0.3715330915169194,0.0071053087659296,0.2397681868743047,0.2400336621249351,0.5854800318973447
graph_069_mu_0_2_node_514,25,0.2411067193675889,0.0016543235189985,0.3747186796699174,2.6686686686686687,0.0127088726388109,16.025,8.975,1.7882688492063497,0.359,0.3902842380006229,0.0092038872671668,0.218842222084523,0.2191846100264436,0.6501410241802417
graph_069_mu_0_2_node_460,17,0.2857142857142857,0.0009120313752763,0.3548845470692717,2.8178178178178177,0.0063183112931372,11.007,5.993,1.8373,0.3525294117647058,0.4202474129614472,0.006083410126059,0.2139926108374384,0.2142211769703536,0.7007802644983843
graph_069_mu_0_2_node_257,34,0.3975044563279857,0.001693973455241,0.3878105590062112,2.578578578578578,0.0430862962563644,27.016,6.984,3.870095238095237,0.2054117647058824,0.167396343613653,0.0072912064423421,0.1144664198836594,0.1147330971526747,0.6466717149531087
graph_069_mu_0_2_node_752,22,0.2683982683982684,0.0015440427626049,0.3784090909090909,2.6426426426426426,0.0205757643174643,12.014,9.986,1.2036317460317456,0.4539090909090907,0.2473598874687556,0.0104145064221828,0.2936059959118782,0.2939868216967556,0.2972610074134525
graph_069_mu_0_2_node_201,29,0.3475783475783476,0.0015604292558317,0.3811522319725295,2.623623623623624,0.0241606141100127,22.002,6.998,3.144238095238096,0.2413103448275861,0.1901092652642499,0.0072688093854447,0.1372111613876319,0.1374782708717441,0.5704620615270153
graph_069_mu_0_2_node_957,22,0.4329004329004329,0.0007974005620697,0.3769811320754717,2.6526526526526526,0.0320546179463374,16.009,5.991,2.6732666666666662,0.2723181818181817,0.143568127191942,0.0062545946988474,0.1576275303643725,0.1578561074399655,0.3831993515109679
graph_069_mu_0_2_node_732,22,0.3766233766233766,0.0012782145736956,0.3759879563417388,2.65965965965966,0.015414483501952,15.007,6.993,2.146523809523809,0.3178636363636363,0.2274892299004531,0.0072201625730784,0.1889701280227596,0.1892369042333163,0.4877495079819966
graph_069_mu_0_2_node_464,26,0.2355072463768115,0.0018920140130372,0.375,2.6666666666666665,0.0131397213555696,17.026,8.974,1.898484126984127,0.3451538461538461,0.4321569764597284,0.0091778070380009,0.2085901808785529,0.2089325571080755,0.7696937758673509
graph_069_mu_0_2_node_169,46,0.3012684989429176,0.003746175913105,0.399919935948759,2.5005005005005003,0.0338600858461873,35.025,10.975,3.192458585858585,0.2385869565217391,0.2966186542821645,0.0114065859963865,0.1354568554253145,0.13587611768594,0.9184496319178822
graph_069_mu_0_2_node_868,16,0.35,0.0005415227809837,0.3641997812613926,2.745745745745746,0.0144986690209644,11.019,4.981,2.2152,0.3113125,0.1352776694142423,0.0051751399810584,0.1843809523809523,0.1845709294470869,0.2987002896982871
graph_069_mu_0_2_node_800,19,0.2105263157894736,0.0013880978105711,0.3668747704737422,2.725725725725726,0.0099708431900607,11.018,7.982,1.3814464285714287,0.4201052631578946,0.384311765635651,0.0081632111070289,0.2659388440860215,0.2662432454944179,0.5289147538681207
graph_069_mu_0_2_node_273,51,0.3171768707482993,0.0050780515099652,0.4134933774834437,2.4184184184184185,0.1101448065040637,36.04,14.96,2.4107298701298694,0.2933333333333333,0.3360865773987979,0.0156710584564931,0.171888283549074,0.1724597361812752,0.7860778728604623
graph_069_mu_0_2_node_841,37,0.3899159663865546,0.0021068957240003,0.3840830449826989,2.603603603603604,0.0262258019776646,28.015,8.985,3.119847222222223,0.2428378378378378,0.2940554465073939,0.0092720066440824,0.1382064015586403,0.1385494849961592,0.8833530676876339
graph_069_mu_0_2_node_94,21,0.419047619047619,0.0010294649970928,0.3638018936635105,2.7487487487487487,0.0084135254812046,15.01,5.99,2.507,0.2852380952380952,0.3232488022657275,0.0061098561106231,0.1663513513513513,0.1665798728576547,0.8088429551105751
graph_069_mu_0_2_node_871,27,0.35,0.0014316254304728,0.3733183856502242,2.6786786786786787,0.0149284402200803,19.006,7.994,2.3778928571428573,0.2960740740740741,0.3411706310625436,0.0081901850918597,0.1737631822386678,0.1740682270684248,0.7680275720679723
graph_069_mu_0_2_node_884,15,0.2095238095238095,0.0008062066490583,0.3634048744998181,2.751751751751752,0.0092114864269042,9.004,5.996,1.50325,0.3997333333333334,0.2675027364806596,0.0061381545236599,0.2498538461538461,0.2500824916607825,0.4005811727318042
graph_069_mu_0_2_node_362,22,0.3246753246753247,0.0014030055627789,0.3716517857142857,2.690690690690691,0.012127908654184,14.073,7.927,1.7792023809523807,0.3603181818181817,0.4506138643598928,0.0080950679067939,0.2198177651335546,0.2201201399263333,0.7911497734724481
graph_069_mu_0_2_node_372,33,0.3428030303030303,0.001817351945966,0.396271320904403,2.523523523523524,0.0626902251747833,23.042,9.958,2.316133333333333,0.3017575757575758,0.2188400237594918,0.0104476951806013,0.1777087114337567,0.1780887893519556,0.5051963596261111
graph_069_mu_0_2_node_157,22,0.2368421052631578,0.0013520395718217,0.368362831858407,2.714714714714715,0.011003213417855,14.014,7.986,1.7560595238095238,0.363,0.3563413388257833,0.008175125545933,0.2217735103524578,0.2220781338501476,0.5791256174241347
graph_069_mu_0_2_node_486,23,0.2619047619047619,0.0014521389837315,0.3704115684093437,2.6996996996997,0.0132310156442118,15.045,7.955,1.8937559523809524,0.3458695652173912,0.2101850909742759,0.008272619660173,0.2091326585695006,0.2094361237253736,0.3699803440919672
graph_069_mu_0_2_node_272,44,0.3159117305458769,0.0029715563606846,0.4021739130434782,2.4864864864864864,0.0596049723910679,32.011,11.989,2.6705333333333328,0.2724772727272726,0.2872508348902827,0.0125166403435942,0.1577304800462695,0.158188355587756,0.7425974222954432
graph_069_mu_0_2_node_306,21,0.2238095238095238,0.0011123700299348,0.3697261287934863,2.704704704704705,0.0109934834594563,13.033,7.967,1.6375,0.3793809523809525,0.4015735150860562,0.0081403873030707,0.2341313725490196,0.2344352487488261,0.6537115926885991
graph_069_mu_0_2_node_183,17,0.2867647058823529,0.0010256947808031,0.3648648648648648,2.740740740740741,0.009728216862183,11.014,5.986,1.8412666666666664,0.3521176470588235,0.2882054682659445,0.0061219258302467,0.2136995073891626,0.2139278067030477,0.5290021671715069
graph_069_mu_0_2_node_886,18,0.3398692810457516,0.0012419771518637,0.3596112311015119,2.780780780780781,0.0073255146468584,12.014,5.986,2.0084,0.3325555555555555,0.4073461660200465,0.0060855004228345,0.199458064516129,0.1996863812455012,0.8158294288142868
graph_069_mu_0_2_node_62,20,0.1421052631578947,0.001709831668561,0.3705489614243323,2.6986986986986987,0.0107922455335465,10.074,9.926,1.0187777777777778,0.4962999999999999,0.6194353269280598,0.0101147440499894,0.3303236559139784,0.3307021377029166,0.6190638627784335
graph_069_mu_0_2_node_386,25,0.19,0.0023045528837558,0.3858632676709154,2.5915915915915915,0.0167930342301018,13.014,11.986,1.086060606060606,0.4794400000000002,0.6210085372997692,0.0122287571905177,0.3153205128205129,0.3157776105691074,0.6732170278693475
graph_069_mu_0_2_node_777,29,0.301994301994302,0.0018268999188793,0.3784090909090909,2.6426426426426426,0.0127085335375759,21.997,7.003,3.145253501400561,0.2414827586206895,0.3126125196883167,0.0071690501669723,0.1373791891991318,0.1376464889191886,0.9346767553115742
graph_069_mu_0_2_node_431,23,0.2608695652173913,0.0010262057055208,0.3829053277117669,2.6116116116116115,0.0328587734337924,14.005,8.995,1.557244047619048,0.3910869565217391,0.2154867674135527,0.0093909728440858,0.2430813363971259,0.2434244345528647,0.3353222418504474
graph_069_mu_0_2_node_256,24,0.1920289855072463,0.0020518394997166,0.3754227733934611,2.663663663663664,0.0112219256420107,13.013,10.987,1.1851606060606064,0.4577916666666665,0.4901193284471976,0.0112474716633098,0.2968889922310975,0.2973080079433728,0.5788293626032146
graph_069_mu_0_2_node_424,43,0.3012195121951219,0.0034281692309065,0.4033104561970125,2.47947947947948,0.0424210636598442,29.015,13.985,2.0750119047619053,0.3252325581395349,0.3813470855304062,0.0145250725364843,0.1941994528775351,0.1947333953832174,0.7633858970130123
graph_069_mu_0_2_node_566,25,0.2833333333333333,0.0011875937841403,0.3792710706150342,2.6366366366366365,0.0202929387350184,17.017,7.983,2.132738095238095,0.31932,0.2167462968928235,0.0082941400659084,0.1900067955300514,0.1903113744462484,0.4612804297498901
graph_069_mu_0_2_node_547,26,0.4307692307692308,0.0015539526421433,0.3716517857142857,2.690690690690691,0.0173092643693583,19.012,6.988,2.7217142857142864,0.2687692307692307,0.2287014030181398,0.0072112120918287,0.1552541062801931,0.1555207732614428,0.6215658572338244
graph_069_mu_0_2_node_931,34,0.3971774193548387,0.001985250539944,0.3842307692307692,2.6026026026026026,0.0291234627581026,25.015,8.985,2.784996031746032,0.2642647058823529,0.2940534702608235,0.0092720086768741,0.1522548670927109,0.1525978719988289,0.7852376677512852
graph_069_mu_0_2_node_928,38,0.2968253968253968,0.0029063457372837,0.3919183993723029,2.5515515515515514,0.0237140663456244,26.023,11.977,2.173767676767677,0.3151842105263158,0.3897803191677616,0.0123656548351457,0.1870842118080924,0.1875414200515905,0.8132524598618229
graph_069_mu_0_2_node_459,20,0.3398692810457516,0.0008795890787018,0.3615635179153094,2.765765765765766,0.009057055925284,14.988,5.012,3.0096666666666665,0.2506,0.2881298462442909,0.0051092021097941,0.1435238095238095,0.1437150256342028,0.7909905757921816
graph_069_mu_0_2_node_380,18,0.2745098039215686,0.0010308964837909,0.3616944243301955,2.764764764764765,0.0100267134065047,11.014,6.986,1.581637662337663,0.3881111111111112,0.3973424412115505,0.0071217109636268,0.2409682387838338,0.2412346663783113,0.6207090370266511
graph_069_mu_0_2_node_271,32,0.4390804597701149,0.0013370911995997,0.3779795686719637,2.645645645645646,0.0258137103775022,26.018,5.982,4.352533333333334,0.1869375,0.1616981816151948,0.0062171770722881,0.1031116306253652,0.103340038808277,0.6753488599892818
graph_069_mu_0_2_node_786,26,0.3415384615384615,0.0013451256914579,0.3789833080424886,2.6386386386386387,0.0252847778923538,18.013,7.987,2.2565,0.3071923076923076,0.2158287468268396,0.0083011676421355,0.1814801932367149,0.1817849478815348,0.486172732738532
graph_069_mu_0_2_node_326,31,0.3817733990147783,0.0012992747365921,0.3852680293096799,2.5955955955955954,0.0733364937825592,23.015,7.985,2.886625,0.2575806451612902,0.1793655891499153,0.008364619703809,0.1478460038986354,0.14815079848568,0.4939330810056409
graph_069_mu_0_2_node_853,36,0.2952380952380952,0.0027849417494198,0.3940828402366864,2.537537537537537,0.0322106047416792,23.01,12.99,1.7717608391608397,0.3608333333333333,0.3529701389872532,0.0134924571144901,0.2201388952128279,0.2206346404556162,0.6248624326880965
graph_069_mu_0_2_node_339,38,0.3253968253968254,0.002813659141479,0.3997599039615846,2.5015015015015014,0.0830937401676158,27.041,10.959,2.4689393939393933,0.2883947368421053,0.2462553561307121,0.0114798408310073,0.1685060153776571,0.1689244113719271,0.5841463370611407
graph_069_mu_0_2_node_576,28,0.3174603174603174,0.0019948810447428,0.389018691588785,2.5705705705705704,0.0271871055302584,18.013,9.987,1.8042,0.3566785714285713,0.2473957668384334,0.0104154304975269,0.2170567375886525,0.2174377758540433,0.4457685363967644
graph_069_mu_0_2_node_167,20,0.2473684210526315,0.0010185102719471,0.3666055045871559,2.727727727727728,0.0116249926708455,13.04,6.96,1.8813333333333333,0.3479999999999999,0.3032153071194079,0.0071365195048517,0.2107739580680756,0.211039435409591,0.563657609581864
graph_069_mu_0_2_node_224,18,0.3137254901960784,0.0008361652964349,0.3618254255704455,2.763763763763764,0.010047926214232,12.004,5.996,2.0027,0.333111111111111,0.255912062074784,0.0061430808386611,0.1998475806451613,0.2000762785649108,0.5119787612463422
graph_069_mu_0_2_node_899,22,0.1861471861471861,0.0015072403984137,0.3849710982658959,2.5975975975975976,0.0210455483694552,12.041,9.959,1.2102317460317458,0.452681818181818,0.2629885827976315,0.0103570020230173,0.2926076765841471,0.2929874737596227,0.3171768522686119
graph_069_mu_0_2_node_519,36,0.2834224598930481,0.0029647113092721,0.3934619929105947,2.541541541541541,0.0319734365425544,25.037,10.963,2.2852,0.3045277777777777,0.2717399857630113,0.0114329167508651,0.1796265014731434,0.1800449860794723,0.5948094230244227
graph_069_mu_0_2_node_308,26,0.283076923076923,0.0017798525701273,0.3903868698710434,2.561561561561561,0.0296968243245882,16.021,9.979,1.6061388888888892,0.3838076923076924,0.2472463833725431,0.0104070161222568,0.237491895701198,0.2378725709664546,0.3964657253054861
graph_069_mu_0_2_node_284,38,0.3413940256045519,0.0031043360132468,0.3961141950832672,2.5245245245245247,0.0269365348836578,26.03,11.97,2.175667676767677,0.3150000000000001,0.3918797648458806,0.0123521246834198,0.1869552199666005,0.1874121613478588,0.8507059488081373
graph_069_mu_0_2_node_129,25,0.5033333333333333,0.0007339040892634,0.3712374581939799,2.6936936936936937,0.0267655147476072,21.003,3.997,5.25625,0.15988,0.1089840970262193,0.0041513693087418,0.0868871415356151,0.0870397104733482,0.5723798246050424
graph_069_mu_0_2_node_565,29,0.2438423645320197,0.0020495644150609,0.3833461243284727,2.6086086086086087,0.0183623036513264,19.072,9.928,1.9259388888888884,0.342344827586207,0.2623963782199433,0.0103243239953956,0.2065913605442177,0.2069701787068654,0.5022986530202169
graph_069_mu_0_2_node_322,33,0.4564393939393939,0.0015734239192629,0.3848228043143297,2.5985985985985987,0.0257057773469057,26.003,6.997,3.716642857142858,0.2120303030303029,0.2288910106272771,0.0072206650019609,0.1185881355932203,0.1188552885107116,0.8504001273848318
graph_069_mu_0_2_node_188,16,0.25,0.001161416627772,0.3583213773314204,2.790790790790791,0.0072129666232691,9.007,6.993,1.2883809523809526,0.4370625,0.4902750309343565,0.0070986273421888,0.2796553846153847,0.2799220387547603,0.6306824710868787
graph_069_mu_0_2_node_810,21,0.219047619047619,0.0011426122661871,0.3774083868530412,2.6496496496496498,0.0206006303075229,12.028,8.972,1.3415833333333331,0.4272380952380953,0.2436434246317741,0.0093216461650521,0.2716812834224597,0.2720234528821517,0.3256135984967258
graph_069_mu_0_2_node_438,18,0.196078431372549,0.0011608450764473,0.3598703170028818,2.7787787787787788,0.0080800215085474,9.028,8.972,1.01005,0.4984444444444444,0.4584703708790525,0.0091603654359825,0.3320850614439323,0.3324271523892346,0.4595608324891366
graph_069_mu_0_2_node_35,22,0.3578947368421052,0.0008232377941798,0.3653986832479883,2.736736736736737,0.0114226135364979,16.01,5.99,2.674,0.2722727272727271,0.2932221128115581,0.0061196795510929,0.1575978407557355,0.1578263796997897,0.7336086095697687
graph_069_mu_0_2_node_66,32,0.314516129032258,0.002268862049485,0.3851195065535852,2.5965965965965965,0.0327315209031163,23.02,8.98,2.5645714285714294,0.280625,0.2303040539546968,0.0093499230829958,0.1632215083162451,0.1635642701809938,0.5894822507012807
graph_069_mu_0_2_node_143,19,0.2058823529411764,0.0008210770422769,0.3705489614243323,2.6986986986986987,0.0155794690878353,11.029,7.971,1.3879319264069263,0.4195263157894735,0.405784129283428,0.0081414630478199,0.2655664957951248,0.2658704778002998,0.5072813960330029
graph_069_mu_0_2_node_860,21,0.1619047619047619,0.0019023258449907,0.3792710706150342,2.6366366366366365,0.0123971922244268,9.998,11.002,0.910102718360071,0.5239047619047619,0.5628365578254586,0.0112376644174325,0.3551129319873675,0.3555324227589408,0.5074833662749129
graph_069_mu_0_2_node_152,17,0.4,0.0004835175839145,0.3517605633802816,2.8428428428428427,0.0058192648686832,13.997,3.003,4.668791666666667,0.1766470588235293,0.1340496417686362,0.0030742653623168,0.0969165632754342,0.0970311333369452,0.5786870868027298
graph_069_mu_0_2_node_278,43,0.3585365853658536,0.0031040336329828,0.4100985221674877,2.4384384384384385,0.1004641336128493,31.059,11.941,2.6026181818181824,0.2776976744186046,0.2684157852177078,0.0125082326463482,0.1612483357041252,0.1617043455617718,0.6742023530000709
graph_069_mu_0_2_node_384,20,0.2421052631578947,0.0014668230256848,0.373877245508982,2.674674674674675,0.0099968067785957,12.004,7.996,1.5022527472527472,0.3998,0.3566688452730369,0.0081856480079605,0.2498905723905724,0.2501955304293307,0.5342361924252972
graph_069_mu_0_2_node_829,24,0.3550724637681159,0.0011755900035479,0.3734579439252336,2.6776776776776776,0.0177272804935804,16.014,7.986,2.006,0.3327499999999999,0.2700371157893552,0.008234389741644,0.199590243902439,0.1998949139473619,0.5407920751907316
graph_069_mu_0_2_node_845,16,0.175,0.0008592832825575,0.3729003359462486,2.681681681681681,0.0132280709614759,8.005,7.995,1.0014285714285711,0.4996875,0.2169206701391076,0.0083070358577379,0.3330666666666666,0.3333714937218676,0.2169889795562649
graph_069_mu_0_2_node_846,22,0.264069264069264,0.0014556959047272,0.3764129615674453,2.6566566566566565,0.0163969213802675,12.009,9.991,1.2023833333333331,0.4541363636363634,0.3377403825250799,0.0103017887069961,0.2937910364145658,0.2941720526826687,0.4055385158740702
graph_069_mu_0_2_node_474,25,0.1766666666666666,0.0024757502084596,0.3870592793490895,2.583583583583584,0.0183306000091355,11.146,13.854,0.8080246142746146,0.5541600000000003,0.7878394063343613,0.0141482479807478,0.3835818846890735,0.3841101063055148,0.6241240695318131
graph_069_mu_0_2_node_830,17,0.2794117647058823,0.0008844700336216,0.3532531824611032,2.830830830830831,0.0058099112104481,11.023,5.977,1.847405555555555,0.3515882352941176,0.2598081593539719,0.0061297051581402,0.2133455500821018,0.2135735062819075,0.4766126607506452
graph_069_mu_0_2_node_268,24,0.2826086956521739,0.0014266193079418,0.3791271347248577,2.6376376376376376,0.0154070034724028,16.04,7.96,2.0172857142857143,0.3316666666666666,0.210248264335864,0.008278044740581,0.1988306620209059,0.1991343409397708,0.4226488447112563
graph_069_mu_0_2_node_483,17,0.4411764705882353,0.0007999740980417,0.355136864557412,2.815815815815816,0.0059483282795456,13.002,3.998,3.252833333333333,0.2351764705882353,0.2156141677434122,0.0040780782341241,0.1332602150537634,0.1334127290038181,0.7008187069472348
graph_069_mu_0_2_node_972,37,0.3848739495798319,0.0020967912275912,0.3991210547343188,2.5055055055055053,0.0887773975786756,27.026,9.974,2.71068888888889,0.2695675675675675,0.2240692151309874,0.0104481405839937,0.1557875,0.1561683043221268,0.5838891890556801
graph_069_mu_0_2_node_99,30,0.4896551724137931,0.0011288693782498,0.387359441644048,2.581581581581581,0.06358762915295,24.023,5.977,4.024,0.1992333333333333,0.1313515431995537,0.0062708962126562,0.1106479076479076,0.1108760901597233,0.5269619694888134
graph_069_mu_0_2_node_735,38,0.3058321479374111,0.0034175961687968,0.3942383583267561,2.5365365365365364,0.0311930797738212,26.03,11.97,2.1760131313131312,0.315,0.3254222034123175,0.0124326361608187,0.1869585416449222,0.187415482973774,0.7066367464921625
graph_069_mu_0_2_node_232,27,0.22,0.0017164149459233,0.388867263526664,2.5715715715715715,0.0258947852363741,16.044,10.956,1.4653999999999996,0.4057777777777777,0.2715724823975239,0.0114256624563007,0.2545594080338266,0.2549773386128824,0.3721499355588559
graph_069_mu_0_2_node_181,22,0.2597402597402597,0.0013424925271817,0.3694526627218935,2.7067067067067065,0.0113032006230206,15.016,6.984,2.1516571428571427,0.3174545454545455,0.2940209967524375,0.0071628511826596,0.188691687639056,0.1889581207268595,0.6307579207175479
graph_069_mu_0_2_node_336,22,0.4052631578947368,0.0013043778550965,0.368362831858407,2.714714714714715,0.0096588097279361,16.025,5.975,2.684999999999999,0.271590909090909,0.3507215433782094,0.0060923133924055,0.1571524966261808,0.157380463597152,0.8789844819257713
graph_069_mu_0_2_node_404,37,0.3723723723723723,0.0022225999305411,0.3959571938168846,2.5255255255255253,0.0366704112054564,29.02,7.98,3.638434523809524,0.2156756756756756,0.1977384822255871,0.0083222141813012,0.1208779232181338,0.1211826668144046,0.7183147023020817
graph_069_mu_0_2_node_324,27,0.3618233618233618,0.0012593584501585,0.3807164634146341,2.6266266266266265,0.0278408154859544,20.019,6.981,2.8698714285714275,0.2585555555555554,0.1730109926212682,0.007280295362894,0.148483336951802,0.1487497573080849,0.4953405822611003
graph_069_mu_0_2_node_888,26,0.2246376811594203,0.0014596823599551,0.3869093725793958,2.5845845845845847,0.0229573978691607,16.013,9.987,1.6037555555555558,0.3841153846153847,0.2710708666739259,0.0103764269636125,0.2377209302325581,0.2381019103726101,0.4070196944394017
graph_069_mu_0_2_node_840,23,0.300395256916996,0.0017171896405538,0.3722056631892697,2.6866866866866865,0.0130317367368533,14.072,8.928,1.5817956349206352,0.3881739130434782,0.525792186571685,0.0091010310288957,0.2409462213225371,0.2412867659277295,0.8209713804596966
graph_069_mu_0_2_node_663,16,0.2,0.0010001149921773,0.3690432212781677,2.70970970970971,0.0117193322534239,9.016,6.984,1.2938227994227995,0.4365,0.3581228596417686,0.0071328176451013,0.2793293899659118,0.2795957009302891,0.457454901104409
graph_069_mu_0_2_node_896,25,0.1106719367588932,0.0021970624983848,0.3959571938168846,2.5255255255255253,0.0210171517823032,12.009,12.991,0.9245192307692308,0.5196399999999999,0.34267853553418,0.0135111209670137,0.3510312944523472,0.3515266619397078,0.2902292118108129
graph_069_mu_0_2_node_120,24,0.3369565217391304,0.0012828300827275,0.3811522319725295,2.623623623623624,0.0225248131113843,16.01,7.99,2.004285714285714,0.3329166666666666,0.2171349511777908,0.0082990137349485,0.1997073170731707,0.2000121395976829,0.4346972683229476
graph_069_mu_0_2_node_43,27,0.396011396011396,0.0012791588060016,0.3916111328890631,2.5535535535535536,0.0373302413946542,19.004,7.996,2.3769285714285715,0.2961481481481481,0.2049637596086605,0.0083256358214413,0.1738131359851988,0.1741182570721919,0.4869419657439181
graph_069_mu_0_2_node_783,19,0.2867647058823529,0.0007837414374804,0.3585786073223259,2.7887887887887888,0.0081401307138555,13.02,5.98,2.1809166666666675,0.3147368421052632,0.3452213609089083,0.0060901437582645,0.1867908868092691,0.1870189921762495,0.691592054188316
graph_069_mu_0_2_node_487,17,0.3428571428571428,0.0004464279888991,0.3501577287066246,2.855855855855856,0.0088930844983077,13.018,3.982,3.2755,0.234235294117647,0.2042570931170216,0.004065281040247,0.1326752688172043,0.1328271726159611,0.6139923771206184
graph_069_mu_0_2_node_835,25,0.2490118577075099,0.0018673731986112,0.3817348108521207,2.61961961961962,0.014784186135254,16.007,8.993,1.7802083333333338,0.35972,0.4658060829571639,0.0091753228314864,0.219308943089431,0.2196520173811856,0.7767028232415516
graph_069_mu_0_2_node_517,33,0.2989247311827957,0.0017423336919715,0.3899297423887587,2.5645645645645647,0.0321892702557479,24.062,8.938,2.697440476190476,0.2708484848484848,0.2154959083995515,0.0093338449550011,0.1566691685379433,0.1570103546541828,0.5541008193327883
graph_069_mu_0_2_node_712,19,0.0994152046783625,0.00128599076311,0.3740172220142269,2.6736736736736737,0.0137776508148295,7.033,11.967,0.5882560606060606,0.629842105263158,0.5038737119331834,0.0122735389297533,0.4597753357753358,0.4602315010625551,0.2944653729285933
graph_069_mu_0_2_node_113,20,0.2287581699346405,0.0010130814660327,0.3757051523128996,2.661661661661661,0.0150344212720689,12.01,7.99,1.5039285714285713,0.3995,0.4140002734867251,0.0081517888769678,0.2496278966131907,0.2499326261068582,0.5696526105872582
graph_069_mu_0_2_node_265,28,0.2777777777777778,0.0018457784107784,0.3778366111951589,2.6466466466466465,0.0228697852697635,18.032,9.968,1.8121000000000005,0.3559999999999998,0.4893933823733293,0.0101814451745497,0.2165890269151139,0.2169693408124584,0.8822168368877183
graph_069_mu_0_2_node_499,23,0.3809523809523809,0.0009223575017084,0.3705489614243323,2.6986986986986987,0.0226743201887133,17.047,5.953,2.8732,0.2588260869565217,0.1435387194207951,0.0062167043310421,0.1486950638792102,0.1489222092018091,0.3855590308951885
graph_069_mu_0_2_node_917,19,0.4853801169590643,0.0005695958750184,0.3672794117647059,2.722722722722722,0.0238207038153808,15.018,3.982,3.7785,0.2095789473684209,0.1022101250256087,0.004145804670282,0.117072268907563,0.1172241958889271,0.384660078715227
graph_069_mu_0_2_node_491,48,0.3262411347517731,0.0039247186772949,0.4037995149555375,2.4764764764764764,0.0517640679970313,35.016,12.984,2.69751048951049,0.2705,0.3329157236477735,0.0135189926895553,0.1564078161385036,0.1569037869876669,0.89715193421429
graph_069_mu_0_2_node_527,33,0.2992424242424242,0.0021309612102566,0.389018691588785,2.5705705705705704,0.0236773587294575,25.009,7.991,3.130303571428572,0.242151515151515,0.2168548015914593,0.008302788362504,0.1377574517825833,0.138062521921402,0.6781529348507015
graph_069_mu_0_2_node_82,25,0.3666666666666666,0.0015514070207996,0.3747186796699174,2.6686686686686687,0.0140266022883407,18.009,6.991,2.5767857142857147,0.2796400000000001,0.2984602837614662,0.0071624327359169,0.1625528541226215,0.1628196151476249,0.7680086534077065
graph_069_mu_0_2_node_456,22,0.3203463203463203,0.0012104187295775,0.376271186440678,2.6576576576576576,0.0194074408104313,14.016,7.984,1.7564166666666663,0.3629090909090909,0.2613436886302219,0.0082389291030153,0.2216954322743797,0.2219999795962186,0.4581685851960324
graph_069_mu_0_2_node_260,26,0.3478260869565217,0.0014376165924806,0.3758465011286682,2.660660660660661,0.0152322106915279,19.002,6.998,2.71552380952381,0.2691538461538461,0.2985990049108062,0.0071698173349371,0.1555053140096617,0.1557723623353226,0.7679377288685361
graph_069_mu_0_2_node_22,16,0.275,0.0008377685595404,0.3630087209302325,2.754754754754755,0.0092894767496983,10.01,5.99,1.6728000000000005,0.374375,0.305841838587359,0.0061160253525664,0.2303231583231583,0.2305515926544385,0.5101375106431458
graph_069_mu_0_2_node_374,14,0.4395604395604395,0.000528399273734,0.3531283138918346,2.831831831831832,0.0071202677709633,10.01,3.99,2.511666666666667,0.2849999999999999,0.2125062033885819,0.0040732587650725,0.1662,0.1663521740439697,0.5317373481157595
graph_069_mu_0_2_node_948,15,0.3904761904761905,0.0006757858088991,0.3499124343257443,2.8578578578578577,0.0047867409548241,10.02,4.98,2.015,0.3319999999999999,0.3355961553313493,0.0050661664356283,0.1990769230769231,0.1992668475326653,0.6729534564360374
graph_069_mu_0_2_node_279,46,0.2600422832980972,0.0050330924206084,0.413151364764268,2.4204204204204203,0.0506778235789305,30.031,15.969,1.8811733516483515,0.3471521739130433,0.4355980223573682,0.0165853008729152,0.2100421552686708,0.210651847214173,0.7909016017962942
graph_069_mu_0_2_node_672,44,0.4146341463414634,0.0025231683308105,0.3925343811394892,2.5475475475475475,0.0420883831422988,36.008,7.992,4.506809523809523,0.1816363636363636,0.2179350694424947,0.0083005631223938,0.0998920204757603,0.1001973852152364,0.954053460304338
graph_069_mu_0_2_node_25,50,0.3120567375886525,0.0039082198018872,0.4211635750421585,2.374374374374374,0.113699265999594,34.027,15.973,2.130833333333333,0.3194599999999999,0.3587245089269794,0.0167326951262241,0.1901003191974465,0.1907103499340052,0.7409966523270956
graph_069_mu_0_2_node_552,22,0.3526315789473684,0.001404010473909,0.368362831858407,2.714714714714715,0.0098345777083618,15.006,6.994,2.146,0.3179090909090909,0.4097856828351003,0.0071318887196605,0.1890014224751066,0.1892682368084742,0.8199203424688803
graph_069_mu_0_2_node_553,26,0.2707692307692307,0.0015116453145315,0.3911511354737666,2.5565565565565564,0.0311211749461842,16.018,9.982,1.6055611111111114,0.383923076923077,0.2402723250889967,0.0104251853425237,0.2375835095137421,0.2379642990688776,0.3849600811285944
graph_069_mu_0_2_node_822,19,0.2923976608187134,0.0012274146966312,0.3706864564007421,2.6976976976976976,0.0133348840947523,12.017,6.983,1.7219761904761903,0.3675263157894736,0.402895644793154,0.0071117544099743,0.2251552419354837,0.2254215759555555,0.6912803947538116
graph_069_mu_0_2_node_103,16,0.475,0.0004880045163367,0.3536283185840708,2.827827827827828,0.0073424368054194,13.007,2.993,4.352,0.1870625,0.1532965682381,0.003055888193328,0.1031908045977011,0.103304984645862,0.6648276945680826
graph_069_mu_0_2_node_766,25,0.1818181818181818,0.0019412595899332,0.3757051523128996,2.661661661661661,0.0137173681668647,14.019,10.981,1.2771464646464648,0.4392400000000001,0.5606397701731916,0.011212186606222,0.2814454346466541,0.2818642538726042,0.6634018343177274
graph_069_mu_0_2_node_719,24,0.4242424242424242,0.0010141444735408,0.3643326039387308,2.744744744744745,0.0111167050932289,18.032,5.968,3.0308,0.2486666666666666,0.3228720265966697,0.006086357416891,0.1420210611094331,0.1422487958103381,0.9170379933868998
graph_069_mu_0_2_node_111,15,0.1619047619047619,0.0010155530225356,0.3592233009708738,2.783783783783784,0.0072733407480833,7.008,7.992,0.8787402597402597,0.5327999999999999,0.4558848365760117,0.0081478364352457,0.3633444456001664,0.3636491348701099,0.3959017046579692
graph_069_mu_0_2_node_433,33,0.2935606060606061,0.002334695984739,0.3867595818815331,2.5855855855855854,0.0229273348558994,22.036,10.964,2.012525,0.3322424242424241,0.3570591522538683,0.011319295752129,0.199246422089707,0.1996648488244496,0.7158752544567287
graph_069_mu_0_2_node_397,19,0.2222222222222222,0.0011152436501555,0.3668747704737422,2.725725725725726,0.0094320027175655,12.029,6.971,1.727404761904762,0.3668947368421051,0.3513994993482556,0.0071226372075789,0.2246955645161289,0.2249614411670883,0.6035273709974568
graph_069_mu_0_2_node_78,26,0.2101449275362318,0.0022266916419424,0.3764129615674453,2.6566566566566565,0.011313282786679,16.018,9.982,1.6052000000000002,0.3839230769230771,0.4200112026240858,0.0102383318288038,0.2375769656699889,0.2379577552687466,0.6309223330886914
graph_069_mu_0_2_node_626,18,0.3529411764705882,0.0007655715535032,0.3656661786237188,2.734734734734735,0.0114403941958778,13.006,4.994,2.6054000000000004,0.2774444444444444,0.131748390898849,0.0051939247920385,0.1610725806451612,0.1612630823711514,0.342859240338187
graph_069_mu_0_2_node_417,34,0.3326612903225806,0.0020418245889392,0.390081999219055,2.563563563563564,0.0295832137298755,24.017,9.983,2.407069841269841,0.2936176470588235,0.337610942440655,0.0102932411189332,0.1720798880915197,0.1724609483308211,0.7773544446317542
graph_069_mu_0_2_node_422,30,0.5287356321839081,0.0010412571862183,0.3840830449826989,2.603603603603604,0.0816601484780912,25.006,4.994,5.009,0.1664666666666666,0.112129311515497,0.0052316347538096,0.0907922077922077,0.0909828840836571,0.5610904895924401
graph_069_mu_0_2_node_653,30,0.3306878306878307,0.0014450216267118,0.3837879369957741,2.6056056056056054,0.0349121176271103,22.008,7.992,2.7546428571428567,0.2663999999999999,0.2179290598698075,0.0083006461259435,0.1536736010320915,0.153978639427328,0.5724818090292194
graph_069_mu_0_2_node_606,39,0.3657219973009447,0.0022626148092958,0.3969010727056019,2.51951951951952,0.0730227170526612,29.04,9.96,2.918199999999999,0.2553846153846154,0.2188604668095586,0.0104497786499529,0.1463966325660698,0.1467769609558323,0.6366338425198148
graph_069_mu_0_2_node_186,21,0.3476190476190476,0.001086623580798,0.3706864564007421,2.6976976976976976,0.0128831006869985,14.008,6.992,2.004,0.3329523809523809,0.2877895444547829,0.0071689377134357,0.1997333333333333,0.2000000510710281,0.5760478813111941
graph_069_mu_0_2_node_195,46,0.378743961352657,0.003200044517603,0.404126213592233,2.4744744744744747,0.1055492211899087,35.055,10.945,3.2071065656565643,0.2379347826086957,0.246048813873877,0.011464841310217,0.135047909796367,0.1354660271513403,0.7861644353347779
graph_069_mu_0_2_node_296,23,0.3122529644268774,0.001090071288818,0.375,2.6666666666666665,0.0246609416295987,16.013,6.987,2.293490476190476,0.3037826086956522,0.1905857972118611,0.0072566508247693,0.1791081613508442,0.1793747291369704,0.436219699152483
graph_069_mu_0_2_node_220,21,0.3142857142857143,0.0008133751594123,0.378839590443686,2.63963963963964,0.0221378818894149,14.015,6.985,2.0079,0.3326190476190476,0.188805423704843,0.0072595551777942,0.1995036036036036,0.1997700544845146,0.3781576120196812
graph_069_mu_0_2_node_510,17,0.1985294117647058,0.0009416758661997,0.3614327062228654,2.7667667667667666,0.0080032798288347,10.006,6.994,1.4338272005772004,0.4114117647058824,0.3569496654173995,0.0071440842727285,0.2591293366520202,0.259396048923352,0.5074466300345132
graph_069_mu_0_2_node_378,24,0.2857142857142857,0.0017100174411378,0.3715135738192636,2.6916916916916915,0.0105652673985541,16.024,7.976,2.0102857142857142,0.3323333333333332,0.3841233502172792,0.0081570848176413,0.1992975609756098,0.1996018498215594,0.7215793419236335
graph_069_mu_0_2_node_24,21,0.3333333333333333,0.0010466790251947,0.3592233009708738,2.783783783783784,0.0073597468085742,15.011,5.989,2.5077,0.2851904761904761,0.3453757344035313,0.0060997043541869,0.1663198198198197,0.1665483031974921,0.8066391712600516
graph_069_mu_0_2_node_563,16,0.1083333333333333,0.0011414067141807,0.3706864564007421,2.6976976976976976,0.009365889840751,7.01,8.99,0.7801269841269843,0.561875,0.4198430209205351,0.0091933196809002,0.3907339130434782,0.391076637632452,0.3267433617535067
graph_069_mu_0_2_node_678,26,0.4094202898550724,0.0008506323449468,0.3755639097744361,2.6626626626626626,0.0268378844984418,20.015,5.985,3.347200000000001,0.2301923076923077,0.144118011167128,0.0062504828382163,0.1300760098674067,0.1303044278557392,0.4571294323737622
graph_069_mu_0_2_node_963,17,0.2279411764705882,0.0009518896740206,0.3660681568340051,2.731731731731732,0.0094740873068488,10.017,6.983,1.435938095238095,0.410764705882353,0.3566514583781594,0.0071299015361514,0.2585040138660828,0.258770307233904,0.5103224559140188
graph_069_mu_0_2_node_716,32,0.3286290322580645,0.0026340040323229,0.3903868698710434,2.561561561561561,0.0236092946924223,21.014,10.986,1.913163636363637,0.3433125,0.3594969827995455,0.0113369823356887,0.2072341020265549,0.2076533356090509,0.6869877062550772
graph_069_mu_0_2_node_484,22,0.3073593073593073,0.0011110706376025,0.3824655436447167,2.6146146146146148,0.0523320156688065,14.016,7.984,1.7570714285714284,0.3629090909090909,0.1793570087874375,0.0083634541514985,0.2217041251778094,0.2220086724560229,0.3142582007322595
graph_069_mu_0_2_node_852,28,0.291005291005291,0.0018881826881683,0.3872093023255814,2.5825825825825826,0.0209268087197339,20.003,7.997,2.5015,0.2856071428571428,0.2109156776864261,0.0083172712724491,0.166595238095238,0.1669004206018969,0.5274766942160654
graph_069_mu_0_2_node_295,20,0.1842105263157894,0.0014835096269595,0.3761295180722891,2.6586586586586587,0.0156955756596402,10.02,9.98,1.004857142857143,0.499,0.5096641671339351,0.0101898630875275,0.3324916911045942,0.332872230225785,0.5103223749329175
graph_069_mu_0_2_node_842,42,0.2961538461538461,0.0029677768017684,0.399919935948759,2.5005005005005003,0.0420844078503808,31.046,10.954,2.8361696969696983,0.2608095238095237,0.2715674825176171,0.0114233127278953,0.1499717141799333,0.1503900472547213,0.7435332534905202
graph_069_mu_0_2_node_313,20,0.4631578947368421,0.0006489464911429,0.3662023460410557,2.730730730730731,0.0257574320982604,15.005,4.995,3.005,0.24975,0.1196777003456672,0.0052148299076139,0.1426984126984126,0.1428889816308981,0.3593048223763759
graph_069_mu_0_2_node_950,25,0.2371541501976284,0.0017404779841755,0.378839590443686,2.63963963963964,0.0149918179600971,17.015,7.985,2.131845238095238,0.3193999999999999,0.3360694090041947,0.0081897597714313,0.1900621665156549,0.1903668216774596,0.6728267852800709
graph_069_mu_0_2_node_411,29,0.3325123152709359,0.0016009125873769,0.3804265041888804,2.6286286286286287,0.0283254225935865,22.033,6.967,3.1661952380952387,0.2402413793103447,0.1678405228530393,0.0072759688393348,0.1365348330914368,0.1368007601198499,0.5295680794205735
graph_069_mu_0_2_node_236,18,0.6470588235294118,0.0002356182549849,0.3649981731823164,2.73973973973974,0.0242680862736157,16.001,1.999,8.009,0.1110555555555555,0.0512397634395303,0.0020814178216088,0.0587932773109243,0.0588695575564593,0.4100397291378643
graph_069_mu_0_2_node_44,46,0.2695560253699788,0.0036308967920864,0.4054383116883117,2.4664664664664664,0.0438104884477175,34.049,11.951,2.8516636363636363,0.2598043478260868,0.2878253080137709,0.0124813146390985,0.1493105540499849,0.1497670497585699,0.7944200903598316
graph_069_mu_0_2_node_657,23,0.2619047619047619,0.0015799969205867,0.3744377811094452,2.670670670670671,0.012367299211539,15.027,7.973,1.8914728021978024,0.3466521739130433,0.3467460703361205,0.0081762045055546,0.2097573573196165,0.2100615082323539,0.6069770866630055
graph_069_mu_0_2_node_309,25,0.1660079051383399,0.0017432352105745,0.3814432989690721,2.621621621621621,0.018213780836115,16.006,8.994,1.7798611111111116,0.35976,0.2372491366650718,0.009354065096314,0.2193379790940767,0.2196810914999091,0.3956586106799209
graph_069_mu_0_2_node_934,41,0.3231707317073171,0.0034129868769099,0.4052738336713996,2.4674674674674675,0.0387421933048708,29.013,11.987,2.420704545454545,0.2923658536585365,0.3257229845422438,0.0124507034576746,0.1712140845070422,0.1716717789088052,0.7878251728779663
graph_069_mu_0_2_node_249,34,0.2157258064516129,0.002762816056014,0.3876600698486612,2.57957957957958,0.0214989896287585,22.026,11.974,1.8409919191919188,0.3521764705882352,0.3160690245687987,0.0124527414727456,0.2137441309293104,0.2142010851675155,0.5541791280305662
graph_069_mu_0_2_node_655,17,0.3823529411764705,0.001006108333428,0.3583213773314204,2.790790790790791,0.0072237939280846,12.003,4.997,2.4025499999999997,0.2939411764705881,0.3502509737676008,0.005072532393779,0.172296551724138,0.1724871532946193,0.8407883019545228
graph_069_mu_0_2_node_461,43,0.3634146341463414,0.0024398869062044,0.4074225122349103,2.454454454454454,0.0847198692312154,33.035,9.965,3.317677777777777,0.2317441860465116,0.2189795600922285,0.0104549987020269,0.1310676078307657,0.1314482432115297,0.7026593576714851
graph_069_mu_0_2_node_367,44,0.3077816492450639,0.0035306193946613,0.3961141950832672,2.5245245245245247,0.0463323948462607,32.02,11.98,2.674222222222222,0.2722727272727271,0.2870814505233234,0.012507188650912,0.1575985533453888,0.1580560855200707,0.7427668066624026
graph_069_mu_0_2_node_833,32,0.3891129032258064,0.0016136267201234,0.3870592793490895,2.583583583583584,0.0328937381798066,25.01,6.99,3.580571428571428,0.2184375,0.168200717479693,0.0073005595066125,0.1226167112696996,0.1228835766813758,0.6013960102526468
graph_069_mu_0_2_node_951,47,0.298989898989899,0.0043757191731075,0.4062627084180561,2.4614614614614614,0.0490338126162606,32.048,14.952,2.144558241758242,0.318127659574468,0.3835741449160396,0.0155677040508517,0.1891646350992343,0.189735608245845,0.7952512250039693
graph_069_mu_0_2_node_774,22,0.4631578947368421,0.0006038367082152,0.3587073608617594,2.787787787787788,0.0083236854128301,18.994,3.006,6.338833333333332,0.1366363636363635,0.1308358603210113,0.0030828234363608,0.0733959059233449,0.0735106339235688,0.7795362440872452
graph_069_mu_0_2_node_199,40,0.3399715504978663,0.0025345728108152,0.3961141950832672,2.5245245245245247,0.0367856216766648,31.014,8.986,3.452539682539681,0.22465,0.21623692869289,0.0093852420285471,0.1265423285527472,0.1268855288115497,0.7217090832308992
graph_069_mu_0_2_node_226,20,0.2352941176470588,0.0012379966874363,0.3671444321940463,2.723723723723724,0.0097975084638986,12.008,7.992,1.502857142857143,0.3996,0.3917573239660307,0.0081640578350862,0.2496969696969697,0.2500017754333561,0.5391232143926858
graph_069_mu_0_2_node_469,26,0.3753846153846153,0.0011697963899043,0.3829053277117669,2.6116116116116115,0.0358503933807665,19.006,6.994,2.718000000000001,0.269,0.1675497162860484,0.007301936294249,0.1554048309178743,0.1556717267057707,0.4550492299192745
graph_069_mu_0_2_node_656,25,0.37,0.0012730011428586,0.3776937618147448,2.647647647647648,0.0185440012653632,17.013,7.987,2.130952380952381,0.31948,0.3288184645153656,0.0081890172739166,0.1901175375012584,0.1904222689086707,0.6994263382030946
graph_069_mu_0_2_node_636,45,0.2262626262626262,0.0050838342359617,0.4167709637046308,2.3993993993994,0.0390327034866183,28.035,16.965,1.653433823529412,0.377,0.4606382537847297,0.017626024684144,0.2323045792006859,0.232952174666564,0.7598088766961815
graph_069_mu_0_2_node_542,38,0.3442389758179232,0.0030221702099085,0.3994402239104358,2.503503503503504,0.0452534492694169,26.011,11.989,2.1698909090909093,0.3155,0.3073528056485963,0.0124831842196817,0.187299592074592,0.1877572578873061,0.6663972506966918
graph_069_mu_0_2_node_90,17,0.2,0.0009460931074089,0.3630087209302325,2.754754754754755,0.0081379171622811,10.005,6.995,1.4339216450216448,0.4114705882352942,0.3968728421149697,0.007131829987494,0.2591758525499155,0.2594426029120603,0.5081326723356397
graph_069_mu_0_2_node_330,27,0.2165242165242165,0.0023967596334975,0.3827586206896551,2.612612612612613,0.0155836160482984,15.034,11.966,1.2572,0.4431851851851853,0.613102479715157,0.0122172038357688,0.2847058290546662,0.2851622346320648,0.7675226879137312
graph_069_mu_0_2_node_193,15,0.219047619047619,0.0010297575375518,0.3537535410764872,2.8268268268268266,0.0059181452662724,7.018,7.982,0.8807857142857142,0.5321333333333333,0.5431051256701731,0.0081147395604955,0.3626118577075098,0.3629161662227542,0.4761427439746843
graph_069_mu_0_2_node_548,24,0.3768115942028985,0.0014091514103821,0.3754227733934611,2.663663663663664,0.0145040610195151,17.003,6.997,2.430285714285714,0.2915416666666667,0.2879140033292418,0.0071741221610065,0.1706480836236933,0.1709150530639847,0.6993211286051513
graph_069_mu_0_2_node_811,43,0.3097560975609756,0.003631450296114,0.3992805755395683,2.5045045045045047,0.0319001934848953,32.018,10.982,2.916594191919192,0.2553953488372093,0.2967517750016391,0.0114139238214875,0.1463970320907163,0.1468164652909463,0.8373119587850709
graph_069_mu_0_2_node_556,20,0.326797385620915,0.0012441028462032,0.3630087209302325,2.754754754754755,0.0110647064299235,13.022,6.978,1.867619047619048,0.3488999999999999,0.4702694034653986,0.0070983143681006,0.2113368983957218,0.2116030621484943,0.8072267714399579
graph_069_mu_0_2_node_501,24,0.463768115942029,0.0007002753876107,0.3765548435733132,2.655655655655656,0.0249300545446575,19.006,4.994,3.807199999999999,0.2080833333333333,0.1357232047993857,0.0051871003826498,0.1161268498942917,0.1163174388630393,0.5161950753074129
graph_069_mu_0_2_node_504,23,0.2292490118577075,0.0016795222016774,0.3792710706150342,2.6366366366366365,0.0150527278971673,13.013,9.987,1.3044904761904763,0.4342173913043479,0.4456052332008196,0.0102236099442752,0.2773781883620593,0.2777590811119899,0.5787965888825709
graph_069_mu_0_2_node_107,20,0.3263157894736842,0.0011617212937201,0.3603896103896103,2.774774774774775,0.0113262246433194,13.059,6.941,1.8901904761904769,0.3470499999999999,0.3711946983977615,0.0070841004346224,0.2100707919531448,0.2103355451501198,0.6912274267393614
graph_069_mu_0_2_node_521,17,0.4117647058823529,0.0007754931158322,0.3616944243301955,2.764764764764765,0.0084263528323875,12.008,4.992,2.4073666666666664,0.2936470588235293,0.2443579459657117,0.00510005826058,0.1721036707452725,0.172294081678383,0.5868048227272177
graph_069_mu_0_2_node_493,27,0.34,0.0013054223093987,0.375,2.6666666666666665,0.0260852421873695,19.02,7.98,2.385221428571429,0.2955555555555555,0.1920901649517931,0.0083343705653107,0.1734165644055956,0.1737210754085015,0.4332071763307331
graph_069_mu_0_2_node_791,34,0.35650623885918,0.0022270259395219,0.3961141950832672,2.5245245245245247,0.0286720220195643,24.036,9.964,2.414490476190476,0.2930588235294117,0.3372160071357094,0.0102732813368822,0.1717043508254209,0.1720846865398519,0.8115217170943617
graph_069_mu_0_2_node_700,22,0.238095238095238,0.0015921636703381,0.3799923925446938,2.6316316316316315,0.0146962262047958,12.014,9.986,1.203483333333333,0.4539090909090907,0.4896509472045915,0.0102007602913629,0.2936020541549952,0.2939828799573138,0.5880639033928866
graph_069_mu_0_2_node_227,29,0.270935960591133,0.0019732517505762,0.3870592793490895,2.583583583583584,0.0206729403331951,20.002,8.998,2.2230277777777774,0.3102758620689655,0.2373129858995336,0.00935833902775,0.1836261224489796,0.1839694921048438,0.5274505421423326
graph_069_mu_0_2_node_352,24,0.2536231884057971,0.0016045594518332,0.3817348108521207,2.61961961961962,0.0168888668863203,15.012,8.988,1.670666666666667,0.3745,0.237168603909374,0.0093475670661258,0.2304,0.2307428575619811,0.3956679914412697
graph_069_mu_0_2_node_628,19,0.2573099415204678,0.0012272950160358,0.3713754646840149,2.6926926926926926,0.0150965605159125,11.044,7.956,1.3902678571428573,0.418736842105263,0.4245873268574771,0.0081210866134024,0.2648764784946236,0.2651798891633584,0.5855931923020238
graph_069_mu_0_2_node_855,26,0.3076923076923077,0.0020237393784612,0.3779795686719637,2.645645645645646,0.0151440366357486,17.007,8.993,1.891416666666667,0.3458846153846153,0.3700891267001159,0.0092206428408158,0.2091099365750528,0.2094530370447128,0.6993705909707427
graph_069_mu_0_2_node_467,46,0.2985507246376812,0.0037409116938962,0.4039627982207844,2.4754754754754758,0.0429276960088745,34.06,11.94,2.8546606060606066,0.2595652173913043,0.2876713275791262,0.0124694399635756,0.1491502258355916,0.1496063020107347,0.8183497328585582
graph_069_mu_0_2_node_724,36,0.3761140819964349,0.0020232687796848,0.3908450704225352,2.558558558558558,0.0374383181757296,27.005,8.995,3.0025,0.2498611111111111,0.2452216130081131,0.0093425543977656,0.1427678571428571,0.143111295903586,0.7087225391114018
graph_069_mu_0_2_node_756,17,0.3014705882352941,0.0007353492051952,0.3694526627218935,2.7067067067067065,0.017460080224146,10.017,6.983,1.4356142857142855,0.410764705882353,0.1895937063032527,0.0072552131345672,0.2584978106185002,0.2587641040037642,0.2714927237386585
graph_069_mu_0_2_node_359,25,0.2964426877470356,0.0012900934970807,0.3735976065818998,2.6766766766766765,0.0154540256250388,17.011,7.989,2.130208333333333,0.31956,0.2599217992341239,0.0082484934549695,0.190174166918353,0.1904789745626437,0.5204237871634442
graph_069_mu_0_2_node_104,19,0.3823529411764705,0.0007711905002911,0.3547585227272727,2.818818818818819,0.0071648511901722,14.005,4.995,2.805383333333333,0.2628947368421052,0.2556035475672847,0.0051002647435587,0.1513477463712757,0.1515383007549923,0.6649271064500601
graph_069_mu_0_2_node_839,28,0.3941798941798942,0.0013286043550808,0.3791271347248577,2.6376376376376376,0.0342837282952464,21.005,6.995,3.0036000000000005,0.2498214285714285,0.1675826260125368,0.0073029072839847,0.1427437535014005,0.1430107281667371,0.5029597871560174
graph_069_mu_0_2_node_561,24,0.2608695652173913,0.0019051773682285,0.3747186796699174,2.6686686686686687,0.0134551569448786,15.013,8.987,1.671571428571429,0.3744583333333333,0.4657008788755057,0.0091689363065924,0.2303782363977486,0.2307210557962086,0.7767871939898765
graph_069_mu_0_2_node_592,23,0.2761904761904762,0.0015739366245237,0.3709617526921648,2.695695695695696,0.0100511711823053,14.097,8.903,1.5896448412698418,0.3870869565217391,0.5065818709544831,0.0090915940329826,0.2401267461793778,0.2404663380865998,0.7362823433633059
graph_069_mu_0_2_node_847,26,0.3230769230769231,0.001474822109802,0.3820267686424474,2.6176176176176176,0.0190898803801544,17.033,8.967,1.9010119047619047,0.3448846153846153,0.2920298560661645,0.0092575968093096,0.2083977918722104,0.2087399012828499,0.553266144035439
graph_069_mu_0_2_node_164,46,0.2547568710359408,0.0044771417946073,0.4195716085678286,2.3833833833833835,0.0467291320713332,31.037,14.963,2.074948351648352,0.3252826086956522,0.3708048268802377,0.0156044674933242,0.1942403526852893,0.1948117016562567,0.7433301272750352
graph_069_mu_0_2_node_939,23,0.4387351778656126,0.0009889429276801,0.3713754646840149,2.6926926926926926,0.0201378709312102,18.007,4.993,3.608050000000001,0.2170869565217391,0.1356869773092709,0.0051861258008681,0.1217642276422764,0.1219547639218361,0.4890680411264112
graph_069_mu_0_2_node_872,22,0.2207792207792207,0.0020557839805774,0.3786959818043973,2.640640640640641,0.0135048969964465,12.009,9.991,1.202261111111111,0.4541363636363634,0.4897929905171235,0.0102058844297641,0.2937869281045752,0.2941679443901163,0.5880686854771797
graph_069_mu_0_2_node_904,22,0.4718614718614718,0.0008604486837094,0.3701370878103001,2.701701701701701,0.0241275704100391,17.008,4.992,3.410999999999999,0.2269090909090908,0.1361512772450843,0.00518472180372,0.1279836147592245,0.1281740983314334,0.4634405591425423
graph_069_mu_0_2_node_48,21,0.2904761904761905,0.0012737347558478,0.3735976065818998,2.6766766766766765,0.0119868932988313,13.007,7.993,1.62775,0.3806190476190477,0.4140215895461289,0.008155055807046,0.2350490196078432,0.2353538866983441,0.673059555829389
graph_069_mu_0_2_node_809,32,0.3346774193548387,0.00211294532999,0.391304347826087,2.555555555555556,0.0283992419002252,22.01,9.99,2.2035555555555546,0.3121875,0.2714624763272055,0.0103764062065281,0.1849696969696969,0.1853509659684656,0.5977506611934699
graph_069_mu_0_2_node_31,33,0.3409090909090909,0.0020817456135454,0.3939274447949527,2.5385385385385386,0.0313020418825297,24.018,8.982,2.6757678571428567,0.272181818181818,0.2427963514156908,0.0093348421740936,0.1575394167768925,0.1578822810407009,0.6482352801351458
graph_069_mu_0_2_node_203,34,0.2116935483870967,0.0027828748090548,0.3937721718565234,2.53953953953954,0.0237009849913089,23.002,10.998,2.0915272727272725,0.3234705882352941,0.2900582662148126,0.0114384364185234,0.1929413188142771,0.1933610738728722,0.5801898863845525
graph_069_mu_0_2_node_638,17,0.3809523809523809,0.0006226286223379,0.3550106609808102,2.8168168168168166,0.0083037679973673,12.014,4.986,2.4147333333333325,0.2932941176470587,0.3395148849354301,0.0050685822533594,0.1718792732665925,0.1720694554104211,0.7478307418454152
graph_069_mu_0_2_node_196,35,0.3768939393939394,0.0018618707076399,0.3843786071565987,2.601601601601601,0.0263705620522888,27.026,7.974,3.391666666666667,0.2278285714285715,0.2697983383579669,0.0082216445356788,0.1285674283154121,0.1288718964479862,0.8789538786257272
graph_069_mu_0_2_node_555,17,0.3088235294117647,0.0010934222456699,0.3610408384531984,2.76976976976977,0.0087737041554968,11.013,5.987,1.84155,0.3521764705882352,0.4200948485868009,0.0060771360085908,0.2137497536945812,0.2139780910992975,0.7708784580781958
graph_069_mu_0_2_node_739,23,0.3517786561264822,0.0013317637497839,0.3794151158374478,2.635635635635636,0.0226160945424891,16.045,6.955,2.3103571428571423,0.3023913043478261,0.1724988967698075,0.0072529112566587,0.1781602564102563,0.1784256041996041,0.3962768114965216
graph_069_mu_0_2_node_142,23,0.3238095238095238,0.0014427911179185,0.3631406761177753,2.7537537537537538,0.0080207968010896,16.003,6.997,2.287357142857142,0.3042173913043479,0.4031494632471525,0.0071266584045319,0.1793987179487179,0.1796656670182094,0.864066932982789
graph_069_mu_0_2_node_472,22,0.5714285714285714,0.0003882613799941,0.3742974896965155,2.6716716716716715,0.0621392080805378,19.005,2.995,6.351666666666666,0.1361363636363635,0.0672636742267761,0.0031374197382537,0.0730429732868757,0.0731572819447561,0.4264410648396793
graph_069_mu_0_2_node_76,23,0.1699604743083003,0.0019645753605946,0.3852680293096799,2.5955955955955954,0.0182658467437257,12.023,10.977,1.095764646464646,0.4772608695652175,0.2966557960925164,0.0114086926478687,0.3134480051480049,0.3138666081334451,0.3241383367093883
graph_069_mu_0_2_node_980,21,0.3238095238095238,0.0013931495272107,0.3693160813308687,2.707707707707708,0.0138507495034623,13.088,7.912,1.6627,0.3767619047619048,0.4667482499700198,0.0080647411190626,0.2322606253312135,0.2325624051020311,0.762843071344257
graph_069_mu_0_2_node_554,22,0.329004329004329,0.0009503121609158,0.3807164634146341,2.6266266266266265,0.0256073108076116,15.017,6.983,2.151971428571429,0.317409090909091,0.1681146400655474,0.0072929565267184,0.1886587883429988,0.1889251833167196,0.3609831102504362
graph_069_mu_0_2_node_116,21,0.2631578947368421,0.0013000435808849,0.3672794117647059,2.722722722722722,0.0106883670768864,13.01,7.99,1.629125,0.3804761904761904,0.4139741747199005,0.0081518693436073,0.2349470588235294,0.2352518115630412,0.6214499137790291
graph_069_mu_0_2_node_252,21,0.2857142857142857,0.0010520505855896,0.3729003359462486,2.681681681681681,0.0137663063098283,14.005,6.995,2.0025,0.333095238095238,0.2275265049630486,0.0072222971663068,0.1998333333333333,0.200100165430741,0.4552308031526683
graph_069_mu_0_2_node_590,20,0.3,0.000948067366988,0.3672794117647059,2.722722722722722,0.0123350360655123,15.007,4.993,3.007,0.2496499999999999,0.1317331425507059,0.0051928553120491,0.1426349206349206,0.1428254132985019,0.3956233135701212
graph_069_mu_0_2_node_300,20,0.3157894736842105,0.0012769220988731,0.3715135738192636,2.6916916916916915,0.0125238922723021,13.002,6.998,1.8580952380952385,0.3498999999999999,0.3623471489233432,0.0071400368649577,0.2120499108734402,0.2123168369661783,0.6730256575243043
graph_069_mu_0_2_node_373,20,0.2473684210526315,0.0013205493880656,0.3709617526921648,2.695695695695696,0.0123586768597147,12.022,7.978,1.5084523809523809,0.3989000000000001,0.4604479457085338,0.0081248771149392,0.249177807486631,0.2494820796635433,0.6913545754622165
graph_069_mu_0_2_node_647,31,0.3152709359605911,0.001794472216435,0.381588999236058,2.6206206206206204,0.0219234137897278,21.014,9.986,2.1052527777777787,0.3221290322580645,0.4111347673011728,0.0102384363922004,0.1919969091006827,0.1923779964645578,0.8229613420020355
graph_069_mu_0_2_node_665,48,0.3497584541062802,0.003360165713687,0.4069246435845214,2.457457457457457,0.1091012702326171,36.015,11.985,3.005454545454546,0.2496875,0.2691060138023651,0.0125552704898457,0.1426554621848739,0.1431133250712057,0.7857285694413395
graph_069_mu_0_2_node_758,17,0.625,0.0002776204185061,0.3575518969219756,2.7967967967967966,0.0114970558536884,15.001,1.999,7.5085,0.1175882352941176,0.0822572009376741,0.0020496063317939,0.062467803030303,0.0625440774546956,0.6170639276674771
graph_069_mu_0_2_node_146,26,0.3323076923076923,0.001699075115627,0.3807164634146341,2.6266266266266265,0.0167943143127657,17.015,8.985,1.894305555555556,0.345576923076923,0.3699279512535245,0.0092121905156684,0.2088900634249471,0.2092328589587408,0.699510598801737
graph_069_mu_0_2_node_466,24,0.4601449275362319,0.0009020311890113,0.3764129615674453,2.6566566566566565,0.0289956171193632,19.012,4.988,3.814399999999999,0.2078333333333333,0.1360838706597275,0.0051804381899793,0.1159746300211416,0.1161649901133518,0.5179171867505276
graph_069_mu_0_2_node_705,18,0.45,0.0007851259301866,0.3513893774182202,2.845845845845846,0.0059971004284501,14.004,3.996,3.506,0.222,0.2717428774174714,0.0040624745068101,0.1248636363636363,0.1250160856759197,0.8835618510371767
graph_069_mu_0_2_node_785,35,0.3747899159663865,0.0020038549718304,0.3997599039615846,2.5015015015015014,0.06728752140738,25.031,9.969,2.5120555555555555,0.2848285714285714,0.2190343343350198,0.0104593165571375,0.1660737704918032,0.1664543259947466,0.548924865501265
graph_069_mu_0_2_node_619,23,0.2924901185770751,0.0015666332427758,0.3722056631892697,2.6866866866866865,0.0116175936053838,14.009,8.991,1.5586130952380954,0.3909130434782609,0.3837649090026778,0.0092116217718573,0.2429521464784623,0.2432950921924062,0.5974044416298728
graph_069_mu_0_2_node_494,26,0.2923076923076923,0.0016307640798765,0.3878105590062112,2.578578578578578,0.0265730188575922,17.017,8.983,1.8951309523809523,0.3454999999999999,0.2161992596531185,0.009381967165529,0.2088363166549212,0.2091790359460209,0.4090209183823067
graph_069_mu_0_2_node_763,24,0.2427536231884058,0.0017506997136883,0.3734579439252336,2.6776776776776776,0.0125066783335741,15.024,8.976,1.6749523809523812,0.374,0.4585008758801921,0.0091647686978134,0.2300352720450282,0.2303776722467642,0.7653645637361745
graph_069_mu_0_2_node_918,27,0.3333333333333333,0.0018416079902675,0.3817348108521207,2.61961961961962,0.0248462026758978,19.054,7.946,2.4010357142857144,0.2942962962962961,0.1970975161386277,0.008286296551742,0.172564292321924,0.1728675069780139,0.4704903479623731
graph_069_mu_0_2_node_539,24,0.2987012987012987,0.0011099775070361,0.368362831858407,2.714714714714715,0.0113769771883597,17.024,6.976,2.4443428571428574,0.2906666666666667,0.3262129030155447,0.0071333335735474,0.1700743861923669,0.1703405548529551,0.7471304118803521
graph_069_mu_0_2_node_217,19,0.4912280701754385,0.0005523068008775,0.3686346863468634,2.7127127127127126,0.0236833856996327,16.001,2.999,5.336499999999999,0.1578421052631579,0.0768613969110473,0.0031226895203711,0.0856841269841269,0.0857985620674624,0.4100262156243508
graph_069_mu_0_2_node_627,26,0.4523076923076923,0.0010123646964428,0.3761295180722891,2.6586586586586587,0.0272229792317328,21.016,4.984,4.220800000000001,0.1916923076923077,0.1359980393639114,0.0051762769869659,0.1060141843971631,0.1062044209454803,0.5725848200443857
graph_069_mu_0_2_node_457,37,0.4016806722689076,0.0020392349914009,0.3978494623655914,2.5135135135135136,0.0882928711156271,28.024,8.976,3.1243253968253977,0.2425945945945946,0.2016631827415554,0.0094026542605867,0.138050641895418,0.138393382000913,0.606295221445112
graph_069_mu_0_2_node_681,24,0.1515151515151515,0.0018744798655604,0.3821729150726855,2.6166166166166165,0.0175429993740481,13.084,10.916,1.2026757575757578,0.4548333333333332,0.4759839684519374,0.0111918030233934,0.2945366123208229,0.2949529230206477,0.5210902411380577
graph_069_mu_0_2_node_900,43,0.3548780487804878,0.0029200774273074,0.4020120724346076,2.4874874874874875,0.0419901936431974,32.014,10.986,2.914650505050505,0.2554883720930233,0.2995972515237495,0.0114101519415926,0.1464558304853042,0.1468754163163332,0.8451357310196684
graph_069_mu_0_2_node_33,21,0.2631578947368421,0.0010163674285777,0.3716517857142857,2.690690690690691,0.0130308444723642,14.011,6.989,2.0055,0.3328095238095237,0.3264870814398563,0.0071470147714403,0.1996333333333333,0.1998999367113151,0.606854931513097
graph_069_mu_0_2_node_333,21,0.1666666666666666,0.0019368532376177,0.3704115684093437,2.6996996996997,0.0123509728407703,10.018,10.982,0.9137175990675988,0.522952380952381,0.6229772626798565,0.0111964203024109,0.3541759187933777,0.3545946480645411,0.564896593603187
graph_069_mu_0_2_node_97,53,0.3607843137254902,0.0039025087509191,0.4140074595938665,2.4154154154154157,0.1201088117451119,41.03,11.97,3.429113636363636,0.2258490566037735,0.2688997001983109,0.0125391032621928,0.1273047079134005,0.1277621732001984,0.8981513280713199
graph_069_mu_0_2_node_737,19,0.2690058479532163,0.0015872779460814,0.3670095518001469,2.724724724724725,0.0094933669874342,11.009,7.991,1.3780535714285715,0.4205789473684209,0.5603300098518905,0.0081115891247566,0.2662989247311828,0.2666036691140869,0.7707922710072576
graph_069_mu_0_2_node_49,28,0.4061538461538461,0.0009754870573522,0.3776937618147448,2.647647647647648,0.0322005762035926,22.004,5.996,3.670399999999999,0.2141428571428571,0.1536996690881652,0.0062432008430337,0.1199121568627451,0.1201410293831861,0.538219569777927
graph_069_mu_0_2_node_581,50,0.3377659574468085,0.0036122734141387,0.4033104561970125,2.47947947947948,0.0614582072618329,39.016,10.984,3.552828282828284,0.2196800000000001,0.2631859911946416,0.0114674468970845,0.1233960296881645,0.1238157636526013,0.9103620228076978
graph_069_mu_0_2_node_304,45,0.3787375415282392,0.0029365722786941,0.399919935948759,2.5005005005005003,0.0412945316878431,35.012,9.988,3.506375,0.2219555555555556,0.2714273919428476,0.0103742901427821,0.1248343495934959,0.1252159209448127,0.9237561215862836
graph_069_mu_0_2_node_325,23,0.2924901185770751,0.0013394867579408,0.3778366111951589,2.6466466466466465,0.0236797222184707,15.029,7.971,1.887540476190476,0.3465652173913042,0.1919749877110276,0.0083245588723479,0.2096322751061518,0.2099363501164296,0.3610137253051838
graph_069_mu_0_2_node_2,27,0.28,0.0014758906015128,0.3742974896965155,2.6716716716716715,0.016740474518478,19.042,7.958,2.3994285714285715,0.2947407407407407,0.3355514384935718,0.0081611174334035,0.1728877012025901,0.1731913732012546,0.7574194386477163
graph_069_mu_0_2_node_906,20,0.1947368421052631,0.0013517298649863,0.3733183856502242,2.6786786786786787,0.0101077369224053,11.01,8.99,1.2255860805860803,0.4495000000000001,0.4010131471315843,0.009203156381237,0.2899541110024982,0.2902969400613812,0.4898643462156764
graph_069_mu_0_2_node_614,24,0.329004329004329,0.0016502590904513,0.3751408186256102,2.665665665665666,0.0137219383841374,17.013,6.987,2.436,0.291125,0.3719573250837676,0.0071330263354659,0.1703693379790941,0.1706359261331347,0.8508927770566811
graph_069_mu_0_2_node_605,48,0.3294685990338164,0.0032567116628821,0.3986432561851556,2.5085085085085086,0.0584492452691823,37.016,10.984,3.3712000000000018,0.2288333333333332,0.2631891493104279,0.0114674482477663,0.1292034529930657,0.1296231227660154,0.8624589457530407
graph_069_mu_0_2_node_255,19,0.2631578947368421,0.0012625360734585,0.3694526627218935,2.7067067067067065,0.011139185256912,11.009,7.991,1.379252380952381,0.4205789473684209,0.3469630139703489,0.0081954297173343,0.266342892322731,0.2666476365748755,0.4766790640475248
graph_069_mu_0_2_node_105,26,0.4184615384615384,0.0009536569071398,0.3799923925446938,2.6316316316316315,0.0270795358592376,20.001,5.999,3.3342,0.2307307692307693,0.1629617128838425,0.0062311724824399,0.1304107308048103,0.1306396828150591,0.5432652334223322
graph_069_mu_0_2_node_274,27,0.3903133903133903,0.0013661560294183,0.379703534777651,2.6336336336336337,0.0244468882948184,20.025,6.975,2.873214285714285,0.2583333333333332,0.1886020399030167,0.0072490867313156,0.1483377659574468,0.1486039575071003,0.5402956525346841
graph_069_mu_0_2_node_652,23,0.3666666666666666,0.0011039114940022,0.3754227733934611,2.663663663663664,0.0203967537982276,16.007,6.993,2.2895476190476183,0.3040434782608696,0.1889017614852763,0.0072682546655478,0.1792807692307692,0.1795475657973899,0.4051316228791911
graph_069_mu_0_2_node_849,50,0.3044897959183673,0.0047483658553443,0.4159034138218151,2.4044044044044046,0.0566034688282264,35.015,14.985,2.337087912087912,0.2996999999999999,0.3841746158177882,0.0156026391787933,0.1762669622780948,0.1768393247899056,0.8971090350162149
graph_069_mu_0_2_node_233,20,0.2052631578947368,0.0016062585279635,0.374578177727784,2.66966966966967,0.010912554463343,10.061,9.939,1.0146666666666668,0.49695,0.5841941139705595,0.0101335012719056,0.330763440860215,0.3311424181436556,0.5868193288604848
graph_069_mu_0_2_node_337,18,0.2483660130718954,0.0010779373416808,0.3687707641196013,2.7117117117117115,0.011724695537255,12.0,6.0,2.0079573426573427,0.3333333333333332,0.3051874099759337,0.006128881186775,0.2002548948106592,0.2004837445300697,0.6073036705958568
graph_069_mu_0_2_node_967,27,0.3703703703703703,0.0015693126555989,0.387359441644048,2.581581581581581,0.0351430231931951,18.01,8.99,2.00375,0.3329629629629629,0.215390309828094,0.009385739165723,0.1997391304347826,0.200082142726675,0.4311927228307913
graph_069_mu_0_2_node_442,29,0.4074074074074074,0.0012665006325915,0.3799923925446938,2.6316316316316315,0.0322936439091431,22.003,6.997,3.1449285714285726,0.2412758620689654,0.1793396205961576,0.0072855345210305,0.1371892911010558,0.1374563624419995,0.5382062567464564
graph_069_mu_0_2_node_285,29,0.3361823361823361,0.0013666532080716,0.3814432989690721,2.621621621621621,0.0258646263174528,21.011,7.989,2.6310416666666665,0.2754827586206897,0.2158394389787706,0.0083033351446053,0.1597515535444947,0.1600564542528151,0.5402030502123696
graph_069_mu_0_2_node_696,16,0.4166666666666667,0.0004337744545233,0.3663366336633663,2.72972972972973,0.0235326799074219,11.012,4.988,2.2128,0.31175,0.1195791787904764,0.0052072922911085,0.1846947637292464,0.1848850076027769,0.2634951727204915
graph_069_mu_0_2_node_668,22,0.2207792207792207,0.0012780468926759,0.3798479087452471,2.6326326326326326,0.0172591264942993,14.037,7.963,1.7645357142857143,0.3619545454545454,0.2102932743500013,0.0082812740147246,0.221,0.2213037469347643,0.3698195291372946
graph_069_mu_0_2_node_480,21,0.3801169590643274,0.0007092921286396,0.3570407433881344,2.800800800800801,0.0082860180370965,16.985,4.015,4.263649999999999,0.1911904761904762,0.2288764226074109,0.0040929607184414,0.1059050607287449,0.1060582686736226,0.9023804704558512
graph_069_mu_0_2_node_910,51,0.2831632653061224,0.0045050389763894,0.4143508917461634,2.413413413413413,0.0514589966365275,37.065,13.935,2.6613983516483524,0.273235294117647,0.3357117310444716,0.0145529224835943,0.1582464078992169,0.158778769423248,0.8667831560373095
graph_069_mu_0_2_node_755,29,0.3152709359605911,0.0016590523433213,0.3911511354737666,2.5565565565565564,0.0321370571645111,19.019,9.981,1.9062833333333329,0.3441724137931035,0.2473049424927207,0.0104090130576403,0.207866768707483,0.2082476073490774,0.4706167272465695
graph_069_mu_0_2_node_513,48,0.3430851063829787,0.0035475406183532,0.4106041923551171,2.4354354354354357,0.0877368268251737,36.047,11.953,3.017309090909091,0.2490208333333333,0.2626710487683408,0.012540806627374,0.142226148133672,0.1426827900412439,0.7905349287571158
graph_069_mu_0_2_node_728,40,0.2794871794871795,0.0035363741203438,0.4046172539489672,2.4714714714714714,0.0444126274228987,26.018,13.982,1.861282051282052,0.3495499999999999,0.3584958655584684,0.0145582091481209,0.2117982281107829,0.2123319339530352,0.6664637148372186
graph_069_mu_0_2_node_776,22,0.2857142857142857,0.0015259995234333,0.3682270549207519,2.715715715715716,0.0130274016311659,14.012,7.988,1.755107142857143,0.3630909090909091,0.3909363185293482,0.0081611549590449,0.2218310415678837,0.2221357413286153,0.6845713587805335
graph_069_mu_0_2_node_792,23,0.1666666666666666,0.0018931556698596,0.3764129615674453,2.6566566566566565,0.014621786582945,13.002,9.998,1.3027746031746037,0.4346956521739131,0.5081511800947236,0.0102129847233949,0.2778540263948158,0.2782353378825897,0.6078177952920256
graph_069_mu_0_2_node_897,37,0.3543543543543543,0.0023902256297032,0.4023358840112767,2.4854854854854853,0.0453714652681996,27.016,9.984,2.7065777777777784,0.2698378378378378,0.2559878625937504,0.0103954577143931,0.1559653846153846,0.1563465703398606,0.6921741794034927
graph_069_mu_0_2_node_16,26,0.3261538461538461,0.0017038347046542,0.388715953307393,2.5725725725725725,0.0243768121602966,17.026,8.974,1.898277777777778,0.3451538461538461,0.2426009328735482,0.0093266808375481,0.2085877378435517,0.2089301140905292,0.4593841908025589
graph_069_mu_0_2_node_509,17,0.2857142857142857,0.0009407486777725,0.3614327062228654,2.7667667667667666,0.0070741511407178,11.01,5.99,1.8389999999999995,0.3523529411764705,0.3511123900670048,0.0061079816807311,0.2138669950738916,0.2140954468557939,0.5858064863550758
graph_069_mu_0_2_node_159,29,0.4014778325123153,0.0018255165929337,0.3836405529953917,2.6066066066066065,0.0235678642099467,21.004,7.996,2.6274166666666665,0.2757241379310345,0.2615863364877839,0.0082515515290116,0.1599107692307692,0.1602159368801284,0.6868682999470993
graph_069_mu_0_2_node_133,27,0.3076923076923077,0.002051295649843,0.3761295180722891,2.6586586586586587,0.0155858703303905,17.007,9.993,1.7020999999999995,0.3701111111111111,0.411188628720126,0.0102460783055353,0.227081818181818,0.2274630560580299,0.6994233317875259
graph_069_mu_0_2_node_843,37,0.3394957983193277,0.0025736357495203,0.3916111328890631,2.5535535535535536,0.0276428777063848,26.01,10.99,2.367149494949496,0.297027027027027,0.3595901386982686,0.0113411562937068,0.1744207722832722,0.1748403184178856,0.8178183754967591
graph_069_mu_0_2_node_60,18,0.2875816993464052,0.0009586004151015,0.3682270549207519,2.715715715715716,0.0121079306309496,12.02,5.98,2.012,0.3322222222222222,0.3065115599549893,0.0061053691843613,0.1992258064516129,0.1994538944615232,0.6137626363399706
graph_069_mu_0_2_node_251,27,0.3190883190883191,0.0018031608299236,0.3861615771163509,2.5895895895895897,0.0520166461698765,17.028,9.972,1.7090749999999997,0.3693333333333332,0.2190678120795461,0.0104625835397251,0.2265197628458497,0.2269002003090948,0.3733061861496909
graph_069_mu_0_2_node_213,34,0.3672014260249554,0.0015589715312687,0.3975328292877039,2.5155155155155158,0.0832489205601421,25.023,8.977,2.789178571428572,0.2640294117647058,0.2016794810399202,0.0094036476599192,0.1521030841900528,0.1524457839480051,0.561221982024389
graph_069_mu_0_2_node_423,17,0.2058823529411764,0.0011610887424111,0.3575518969219756,2.7967967967967966,0.0067577546152295,9.014,7.986,1.1324145021645022,0.469764705882353,0.4562881779564796,0.0081412634124079,0.3072433106346149,0.3075478175693938,0.509016325900609
graph_069_mu_0_2_node_880,20,0.331578947368421,0.0009228191940425,0.3719285182427401,2.6886886886886887,0.0243103310594848,13.004,6.996,1.8592380952380956,0.3497999999999999,0.1675977605333951,0.0073039715359102,0.2119806468041761,0.2122474966541922,0.3113658665452843
graph_069_mu_0_2_node_351,31,0.2903225806451613,0.0025792149283843,0.3931523022432113,2.543543543543544,0.029046837275622,20.011,10.989,1.8212818181818176,0.3544838709677419,0.2985975492621756,0.0114140857801983,0.2154291101055808,0.2158484260361907,0.5433523265873832
graph_069_mu_0_2_node_685,22,0.2337662337662337,0.0015309310466546,0.3737373737373737,2.675675675675676,0.01449467288397,13.015,8.985,1.4492023809523806,0.4084090909090909,0.4197398640441936,0.0091880861403704,0.2566228228228228,0.2569655137444713,0.6069363502040553
graph_069_mu_0_2_node_21,52,0.2816326530612245,0.0056650127132703,0.4134933774834437,2.4184184184184185,0.058492683448325,37.019,14.981,2.47144761904762,0.2880961538461538,0.3589548823275786,0.0156403373478339,0.1682932049224184,0.1688655023602639,0.8624930506136318
graph_069_mu_0_2_node_202,27,0.433048433048433,0.0013093325746211,0.377123442808607,2.6516516516516515,0.0286798972142838,21.011,5.989,3.51215,0.2218148148148148,0.1633401055121207,0.0062202716756087,0.1247520408163265,0.1249806287992954,0.5725051235255313
graph_069_mu_0_2_node_311,16,0.3833333333333333,0.0008625233135303,0.3469954845432442,2.881881881881882,0.0041685393579942,11.006,4.994,2.204799999999999,0.312125,0.3501541679733114,0.0050694203139935,0.1849312169312169,0.1851216895940345,0.7707065282536344
graph_069_mu_0_2_node_275,25,0.308300395256917,0.0015427021336897,0.3741573033707865,2.6726726726726726,0.0157239149188489,17.039,7.961,2.1440476190476194,0.3184399999999999,0.3466421519671368,0.0081631637703406,0.1894312728615054,0.1897350128841471,0.6937831102137277
graph_069_mu_0_2_node_854,20,0.3660130718954248,0.0006979888675093,0.3523809523809524,2.8378378378378377,0.0067724514004292,15.016,4.984,3.018,0.2491999999999999,0.265498795361708,0.005088024913174,0.1423543543543543,0.1425445037816722,0.7446817237977932
graph_069_mu_0_2_node_528,30,0.3494252873563218,0.001596098808646,0.3836405529953917,2.6066066066066065,0.0261014370061325,22.021,7.979,2.76125,0.2659666666666667,0.2157080106448271,0.0082925122759871,0.1533889695210449,0.1536935121482964,0.5941093238798341
graph_069_mu_0_2_node_370,18,0.2352941176470588,0.0010950802733359,0.3655323819978046,2.735735735735736,0.0120673121724248,10.015,7.985,1.256,0.4436111111111112,0.3564244320518575,0.008173916295932,0.2851039408866994,0.2854084332736795,0.4452747615328555
graph_069_mu_0_2_node_927,28,0.2769230769230769,0.0020539653411007,0.3761295180722891,2.6586586586586587,0.012848167965574,19.022,8.978,2.1217581699346404,0.3206428571428572,0.3903905805275991,0.0092070201808472,0.1909931416101628,0.1913357222568392,0.7800878394258737
graph_069_mu_0_2_node_302,32,0.3701149425287356,0.0018743350888998,0.3807164634146341,2.6266266266266265,0.0179903401765138,23.017,8.983,2.563619047619049,0.28071875,0.3699130535282355,0.0092100030482442,0.1632860332649806,0.1636289095068013,0.905319592751746
graph_069_mu_0_2_node_118,50,0.3377659574468085,0.00363542340656,0.4084219133278822,2.448448448448449,0.0870601638609032,38.094,11.906,3.202954545454545,0.23812,0.2619494019964246,0.0124904520633676,0.1351659856996935,0.1356209037982743,0.8132960020612414
graph_069_mu_0_2_node_414,31,0.312807881773399,0.0020485881672026,0.3854166666666667,2.5945945945945947,0.0238682306907386,20.031,10.969,1.82710606060606,0.3538387096774192,0.3710782836608624,0.0113097859410644,0.2149641850934859,0.2153827387167374,0.6425266136776914
graph_069_mu_0_2_node_913,29,0.3190883190883191,0.0017118419034207,0.3776937618147448,2.647647647647648,0.0157959363838265,20.016,8.984,2.2292420634920638,0.3097931034482759,0.3836607513794249,0.0092041164801853,0.1832993357342937,0.183642171586663,0.8108603904534382
graph_069_mu_0_2_node_538,24,0.3636363636363636,0.0012010041424263,0.368362831858407,2.714714714714715,0.0130483830760549,17.038,6.962,2.4538857142857142,0.2900833333333333,0.3767446487706747,0.0070998276758419,0.1696918328410104,0.1699574676484602,0.863165371212895
graph_069_mu_0_2_node_919,21,0.2857142857142857,0.0013760402304859,0.3679558011049724,2.7177177177177176,0.0101856335145422,13.007,7.993,1.62775,0.3806190476190477,0.3917822180965805,0.0081650925083747,0.2350490196078432,0.2353538866983441,0.6370619358287181
graph_069_mu_0_2_node_453,20,0.4157894736842105,0.0011656729576196,0.3644655235315578,2.743743743743744,0.0084405609848162,15.003,4.997,3.003,0.24985,0.2556334955797986,0.0051024269759335,0.1427619047619047,0.1429525499632945,0.7671783422172511
graph_069_mu_0_2_node_381,15,0.2666666666666666,0.000700344980995,0.3645985401459854,2.7427427427427427,0.0113238826358717,9.005,5.995,1.5025,0.3996666666666667,0.1626647466834309,0.00622898879327,0.24975,0.2499786074916223,0.244174438469414
graph_069_mu_0_2_node_779,27,0.4273504273504273,0.0010824431938087,0.3807164634146341,2.6266266266266265,0.0360669473189856,21.004,5.996,3.5036,0.2220740740740741,0.143643614204929,0.0062599516267395,0.1249081632653061,0.1251370183145556,0.503005291469829
graph_069_mu_0_2_node_772,23,0.2523809523809524,0.0014827945407144,0.3698630136986301,2.703703703703704,0.0099079053951783,15.006,7.994,1.8774642857142856,0.3475652173913042,0.4140671817129075,0.0081560405135361,0.2103400809716598,0.210645032707646,0.7248993156359147
graph_069_mu_0_2_node_706,23,0.4308300395256917,0.0010051437718388,0.3779795686719637,2.645645645645646,0.0460218711865282,17.02,5.98,2.848666666666667,0.2599999999999999,0.1313685342438726,0.0062743130653513,0.1494390243902438,0.1496671994302391,0.3732598865456207
graph_069_mu_0_2_node_745,50,0.3590425531914893,0.0031004327229691,0.4122988031366075,2.4254254254254253,0.1177489662824184,38.034,11.966,3.179621212121212,0.2393200000000001,0.2688144120105118,0.01253489193376,0.1359298036545226,0.1363870114585171,0.8309067492435633
graph_069_mu_0_2_node_631,27,0.358974358974359,0.0016439903229032,0.3878105590062112,2.578578578578578,0.0511959944963417,19.02,7.98,2.384642857142857,0.2955555555555555,0.1752607083992904,0.0083728588716471,0.1734135060129509,0.173718017042055,0.4169793247676097
graph_069_mu_0_2_node_427,19,0.3450292397660818,0.0010105757074837,0.3666055045871559,2.727727727727728,0.009647682240548,13.006,5.994,2.170783333333334,0.3154736842105263,0.2932801451802476,0.0061238995678229,0.1872862076648841,0.1875148467862078,0.6356658095072812
graph_069_mu_0_2_node_400,32,0.4114942528735632,0.0014303789110008,0.3812977099236641,2.6226226226226226,0.0302786602719794,25.001,6.999,3.572190476190475,0.21871875,0.190123963773288,0.0072698811390104,0.1227876588021778,0.1230548676246603,0.651937148031327
graph_069_mu_0_2_node_127,36,0.3555555555555555,0.0023649450098201,0.3937721718565234,2.53953953953954,0.03319361766219,26.021,9.979,2.609000000000001,0.2771944444444444,0.2712830112086393,0.0103646905737966,0.1609066820276497,0.1612876479082101,0.7064804179494739
graph_069_mu_0_2_node_952,20,0.5157894736842106,0.0005531656663361,0.3706864564007421,2.6976976976976976,0.0281817524216093,16.006,3.994,4.01,0.1997,0.0957158000787515,0.0041697026647449,0.1109309309309309,0.1110833272244549,0.3832669958673354
graph_069_mu_0_2_node_89,24,0.0952380952380952,0.0020036922620263,0.3814432989690721,2.621621621621621,0.0135757302503255,12.034,11.966,1.0063272727272727,0.4985833333333333,0.6026614342911786,0.0122270038135257,0.3321156946420104,0.332571995811774,0.5536591020145013
graph_069_mu_0_2_node_121,34,0.3508064516129032,0.0018937543695628,0.3970588235294117,2.5185185185185186,0.0644336093513602,24.027,9.973,2.4101999999999992,0.2933235294117646,0.2190547418160507,0.0104638999868749,0.1718772647574518,0.1722579437340811,0.5050901221411531
graph_069_mu_0_2_node_125,32,0.3379310344827586,0.0013734835078117,0.379703534777651,2.6336336336336337,0.0252658374170632,25.017,6.983,3.5865142857142853,0.21821875,0.1896468920220883,0.0072549276027279,0.1224825125349902,0.1227491108658841,0.6511854037584379
graph_069_mu_0_2_node_10,25,0.3666666666666666,0.0014558881731023,0.3684987089634821,2.7137137137137137,0.0120133196914795,19.006,5.994,3.172083333333333,0.2397600000000001,0.2938145161675321,0.0061230418914056,0.1362132191480017,0.1364419629736042,0.9309162526444308
graph_069_mu_0_2_node_286,16,0.425,0.000716563821128,0.3538788522848034,2.825825825825826,0.0086553695894557,12.008,3.992,3.010666666666667,0.2495,0.2302716965718781,0.004065624449737,0.1425418719211822,0.1426941454467669,0.6912783386389847
graph_069_mu_0_2_node_574,35,0.2765151515151515,0.0028888070704102,0.39800796812749,2.5125125125125125,0.0302414335879956,23.016,11.984,1.921227272727273,0.3424,0.3256464127806721,0.0124475992257675,0.2065733489187609,0.2070307193019727,0.5979044840372927
graph_069_mu_0_2_node_158,44,0.3012684989429176,0.0032955316151775,0.4070904645476773,2.4564564564564564,0.0426404948215822,33.019,10.981,3.0076000000000005,0.2495681818181818,0.2642944086210727,0.0114686347109861,0.1425787545787545,0.142998181711943,0.7938531704741068
graph_069_mu_0_2_node_683,32,0.2419354838709677,0.0028745927298605,0.4029850746268656,2.4814814814814814,0.031121283597361,18.016,13.984,1.2885567765567767,0.437,0.3463669479737855,0.0145841148855444,0.2795993966817497,0.280132852986709,0.445832513847419
graph_069_mu_0_2_node_30,29,0.4102564102564102,0.0010964081303843,0.3784090909090909,2.6426426426426426,0.0343169736752962,22.018,6.982,3.155838095238096,0.2407586206896551,0.1791028224574695,0.0072694818410994,0.1368628873900793,0.1371293865660203,0.5384430548851444
graph_069_mu_0_2_node_481,50,0.3436734693877551,0.0034440520847284,0.4079216006533279,2.4514514514514514,0.1137282430830861,38.117,11.883,3.218737373737373,0.2376600000000001,0.2674911854714064,0.012446315249973,0.1348962024242922,0.135350242085438,0.854665000325044
graph_069_mu_0_2_node_682,36,0.2388591800356506,0.0027360381351824,0.3988023952095808,2.5075075075075075,0.0368967762221425,23.033,12.967,1.7770685314685322,0.3601944444444443,0.3213561429167146,0.0135228645054895,0.2196710986026584,0.2201659672894438,0.5451932658707194
graph_069_mu_0_2_node_23,26,0.2,0.0020573289895168,0.3875096974398759,2.5805805805805804,0.0196334485275382,14.022,11.978,1.171039393939394,0.4606923076923077,0.3251211500876027,0.0124451971486233,0.2993039488966317,0.299760776793785,0.3800610876894644
graph_069_mu_0_2_node_482,19,0.4411764705882353,0.0006130383043292,0.3550106609808102,2.8168168168168166,0.0082165786358211,14.017,4.983,2.8161499999999995,0.2622631578947368,0.2923514300492101,0.0050809143158821,0.1509393939393939,0.151129490753314,0.7616823059256306
graph_069_mu_0_2_node_443,26,0.2769230769230769,0.0018742591784658,0.3791271347248577,2.6376376376376376,0.0146355478686198,16.022,9.978,1.6066444444444443,0.3837692307692308,0.426143220419744,0.0102225272893597,0.237467029094936,0.2378476662257606,0.6828095303702431
graph_069_mu_0_2_node_740,19,0.3897058823529412,0.0007873854245097,0.3647316538882804,2.7417417417417416,0.0130833281747213,14.013,4.987,2.8123499999999995,0.2624736842105263,0.2693480216470082,0.0050863876246505,0.1510748663101604,0.151265115650256,0.7010163418183938
graph_069_mu_0_2_node_666,20,0.2222222222222222,0.0010836642390325,0.367820324005891,2.7187187187187187,0.0152696366362526,13.015,6.985,1.869659451659452,0.34925,0.355507265242031,0.0071344382061808,0.2116946732446306,0.2119611034152252,0.6082841225919796
graph_069_mu_0_2_node_979,22,0.354978354978355,0.0009115028379981,0.3726221559119731,2.683683683683684,0.0497442991648043,15.061,6.939,2.177742857142857,0.3154090909090909,0.1561484185016606,0.0072681261767843,0.1873026954079585,0.1875674128645395,0.3374953115517843
graph_069_mu_0_2_node_814,38,0.3854907539118065,0.0018889778578161,0.3976910828025478,2.5145145145145147,0.092973448158365,30.005,7.995,3.753392857142857,0.2103947368421052,0.1794908136358681,0.0083754613302712,0.1175660699062233,0.1178714091977961,0.6733449093019106
graph_069_mu_0_2_node_723,17,0.3455882352941176,0.0007160932981049,0.3603896103896103,2.774774774774775,0.0079050666489022,13.019,3.981,3.2828666666666666,0.2341764705882353,0.1735193588560095,0.0040820769186559,0.132702688172043,0.1328545536531727,0.5631358379727542
graph_069_mu_0_2_node_114,16,0.2083333333333333,0.0006984373455183,0.3638018936635105,2.7487487487487487,0.0104114571839551,9.013,6.987,1.290819047619048,0.4366875,0.3621748367951576,0.0071283032920703,0.2793636467236469,0.2796300722220308,0.4660434591879136
graph_069_mu_0_2_node_292,47,0.3242424242424242,0.003104738249056,0.4016887816646562,2.4894894894894897,0.053008619308585,37.018,9.982,3.709530555555557,0.2123829787234043,0.2392122384686989,0.0104212228248071,0.1188109504266823,0.1191923510969606,0.862485897125334
graph_069_mu_0_2_node_798,35,0.3977272727272727,0.0018019183564907,0.3899297423887587,2.5645645645645647,0.0273589345551274,27.013,7.987,3.383541666666667,0.2282,0.2701077507609155,0.0082352146374453,0.1288004032258064,0.1291053673329883,0.8786444662227787
graph_069_mu_0_2_node_95,23,0.3320158102766798,0.0016932641630778,0.3734579439252336,2.6776776776776776,0.0100048523966397,15.022,7.978,1.884172619047619,0.3468695652173912,0.4307928985554058,0.0081373669857819,0.2098450067476382,0.2101493486030373,0.8089507015342915
graph_069_mu_0_2_node_688,21,0.2142857142857142,0.0013810940809904,0.3723443906075289,2.685685685685686,0.0104372618240936,13.035,7.965,1.639,0.3792857142857143,0.4014654673693619,0.0081384336473747,0.2340725490196078,0.2343763489447107,0.6540388524402949
graph_069_mu_0_2_node_409,49,0.299722479185939,0.0039315895085834,0.4140074595938665,2.4154154154154157,0.0870368924617993,36.028,12.972,2.7781969696969693,0.2647346938775511,0.2848571463562937,0.0136108266758317,0.1525667248455115,0.1530622758186813,0.7684444739450935
graph_069_mu_0_2_node_773,23,0.1581027667984189,0.0021706427866788,0.3817348108521207,2.61961961961962,0.0140315242272195,12.019,10.981,1.0951606060606054,0.4774347826086958,0.5129558412870461,0.01122925139062,0.3136039039039037,0.3140226592090767,0.5602757523244218
graph_069_mu_0_2_node_821,21,0.419047619047619,0.0007821648375798,0.3689069423929099,2.710710710710711,0.0167892011550134,15.007,5.993,2.5063,0.2853809523809523,0.2026189553857667,0.0061793441719884,0.1664507969507969,0.1666794328168012,0.5069044727512211
graph_069_mu_0_2_node_134,49,0.3117483811285846,0.00408386840436,0.4034733441033926,2.4784784784784786,0.0468857029909018,35.034,13.966,2.5093904428904428,0.2850204081632652,0.381012075798488,0.0145048684089625,0.1662015849804236,0.1667350475285751,0.9272541899654188
graph_069_mu_0_2_node_267,28,0.3412698412698413,0.0017287458492153,0.3814432989690721,2.621621621621621,0.0206683480127989,18.014,9.986,1.8044333333333336,0.356642857142857,0.3267879762683569,0.0103050229251815,0.2170297563983966,0.2174107565584458,0.5887345601278169
graph_069_mu_0_2_node_208,33,0.3693181818181818,0.0018094671995679,0.3929976396538159,2.5445445445445447,0.0820656324091414,23.039,9.961,2.314575,0.3018484848484848,0.2238678206478063,0.010434184293591,0.1777671765620948,0.1781473689097655,0.5164746385794836
graph_069_mu_0_2_node_856,23,0.4238095238095238,0.0011607670624068,0.369589345172031,2.705705705705706,0.0111510499209495,18.007,4.993,3.608050000000001,0.2170869565217391,0.2555633390467263,0.0050981886677019,0.1217642276422764,0.1219547639218361,0.8695296825300288
graph_069_mu_0_2_node_98,22,0.2683982683982684,0.0015899189563135,0.3784090909090909,2.6426426426426426,0.0159376160965498,12.117,9.883,1.2307388888888886,0.4492272727272725,0.5626674178096683,0.01009199893041,0.289863492063492,0.2902403936149764,0.6797760297947032
graph_069_mu_0_2_node_162,27,0.4633333333333333,0.0010142701309178,0.3744377811094452,2.670670670670671,0.0159222387876495,21.012,5.988,3.5108,0.2217777777777778,0.2465662407915315,0.0061394023933643,0.1247244897959183,0.1249530396764915,0.8229837206045824
graph_069_mu_0_2_node_861,19,0.4044117647058823,0.0008084099922495,0.3588362068965517,2.7867867867867866,0.0071370834565782,14.019,4.981,2.818049999999999,0.2621578947368421,0.2400132771859436,0.0050939110911772,0.1508716577540107,0.1510616783048431,0.6253192644895533
graph_069_mu_0_2_node_155,26,0.2523076923076923,0.0018211432525752,0.3928430987023201,2.5455455455455454,0.0300345690997999,15.012,10.988,1.3664727272727273,0.4226153846153846,0.2817092469033192,0.0114408863528182,0.2679303135888503,0.2683494314792695,0.3844289889125348
graph_069_mu_0_2_node_430,28,0.2592592592592592,0.0019272743463988,0.3876600698486612,2.57957957957958,0.0351820023438417,17.008,10.992,1.5474909090909097,0.3925714285714287,0.2633307554616499,0.0114759061925416,0.2442280193236715,0.2446473535912795,0.407225179718005
graph_069_mu_0_2_node_197,20,0.2105263157894736,0.0013601806143007,0.3740172220142269,2.6736736736736737,0.016797873382559,10.037,9.963,1.0085,0.49815,0.2694051670396168,0.0103545011325755,0.331755376344086,0.3321352679384328,0.2704836781992866
graph_069_mu_0_2_node_825,24,0.3188405797101449,0.001446100408068,0.3757051523128996,2.661661661661661,0.0162633188757071,16.008,7.992,2.003571428571429,0.3329999999999999,0.2599974882170631,0.0082515064274476,0.1997672473867596,0.2000721461423386,0.5203404058728126
graph_069_mu_0_2_node_88,25,0.2266666666666666,0.0015381549158022,0.3879611650485436,2.5775775775775776,0.0242697507705534,13.027,11.973,1.088787878787879,0.4789200000000002,0.3251296233245717,0.0124393737765188,0.3148937246963563,0.3153503272410047,0.3529340618868799
graph_069_mu_0_2_node_729,22,0.3982683982683982,0.0010417488722667,0.374859287054409,2.667667667667668,0.0167878135418817,15.012,6.988,2.149142857142857,0.3176363636363636,0.2363119186080851,0.0072052597969992,0.1888136557610241,0.1890802413575269,0.5068755428300182
graph_069_mu_0_2_node_962,23,0.4268774703557312,0.0010139059258384,0.3737373737373737,2.675675675675676,0.0561159164920973,17.034,5.966,2.8594000000000004,0.259391304347826,0.1341370532057086,0.0062492972858533,0.1490463414634145,0.1492739826211502,0.3815961540520038
graph_069_mu_0_2_node_567,41,0.2902439024390243,0.003220267662372,0.4056029232643118,2.4654654654654653,0.0534603636633179,28.01,12.99,2.156679836829837,0.316829268292683,0.3112150672876611,0.0135617535499397,0.1882379178452356,0.1887338523632519,0.6706728539222228
graph_069_mu_0_2_node_935,24,0.2987012987012987,0.0016262479052877,0.3775510204081632,2.6486486486486487,0.0160997496806995,15.07,8.93,1.6900952380952383,0.3720833333333333,0.5070805230677092,0.0091200336124962,0.2286168855534709,0.2289575326587184,0.7922775191736157
graph_069_mu_0_2_node_432,18,0.2166666666666666,0.0009522212086462,0.3710995542347697,2.694694694694695,0.0118120965301954,11.013,6.987,1.5770000000000004,0.3881666666666668,0.3363125089991811,0.0071457619368588,0.2408413793103447,0.2411078454605743,0.4809460025832325
graph_069_mu_0_2_node_924,26,0.2463768115942029,0.0016471696691456,0.3716517857142857,2.690690690690691,0.0133607121076112,17.017,8.983,1.8961626984126985,0.3454999999999998,0.4406097817329186,0.0091760384830468,0.2088471509840569,0.2091898701966038,0.7842330318969719
graph_069_mu_0_2_node_87,20,0.2263157894736842,0.0016852734388972,0.369179600886918,2.7087087087087087,0.0107648451341655,10.995,9.005,1.2237210012210007,0.4502500000000001,0.5141138128846028,0.0091805480640457,0.2907426101377715,0.2910860101759732,0.621610930110683
graph_069_mu_0_2_node_634,18,0.1764705882352941,0.001561620527597,0.3759879563417388,2.65965965965966,0.0109840936714566,9.018,8.982,1.0046428571428572,0.499,0.4323901056119973,0.0091859594475819,0.3324827586206896,0.3328252307302038,0.4329245789206426
graph_069_mu_0_2_node_837,46,0.3477801268498943,0.0029187843218019,0.404126213592233,2.4744744744744747,0.0444104447110438,37.011,8.989,4.11850396825397,0.1954130434782608,0.2226732643029133,0.0093746285789521,0.1082892038743208,0.1086326760240457,0.8914616898523594
graph_069_mu_0_2_node_879,30,0.3227513227513227,0.0015905000114304,0.3858632676709154,2.5915915915915915,0.0644914781313231,20.009,9.991,2.0033690476190475,0.3330333333333333,0.2243306550224849,0.0104662740710585,0.1997918039784854,0.2001730528664722,0.426524726127886
graph_069_mu_0_2_node_440,19,0.2046783625730994,0.0015407325868533,0.3662023460410557,2.730730730730731,0.0092246412173993,11.023,7.977,1.385282967032967,0.4198421052631577,0.4968278067205414,0.0081298917383239,0.2658627419354838,0.2661669524771717,0.6807592870233647
graph_069_mu_0_2_node_600,30,0.156084656084656,0.0029194610365029,0.3937721718565234,2.53953953953954,0.0189776335106635,15.01,14.99,1.0014505494505497,0.4996666666666667,0.6397411993768003,0.0153578747150317,0.3330447116867098,0.3336163914773746,0.5974414118072371
graph_069_mu_0_2_node_932,26,0.2,0.0028776270192081,0.3861615771163509,2.5895895895895897,0.0167644819324527,13.081,12.919,1.0140545454545455,0.4968846153846154,0.7593666570967301,0.0131715352051916,0.3306624854819976,0.3311551486822007,0.7626045310017902
graph_069_mu_0_2_node_495,27,0.1833333333333333,0.0024461689676044,0.3804265041888804,2.6286286286286287,0.0192546550646685,15.069,11.931,1.2676892344497608,0.441888888888889,0.5195974033505699,0.0122337368912084,0.2837837366879833,0.2842388082354221,0.6075299640120334
graph_069_mu_0_2_node_490,23,0.2411067193675889,0.0016323159531416,0.3795592705167173,2.6346346346346348,0.0155203791642674,13.009,9.991,1.3024916666666668,0.4343913043478262,0.2635678713005345,0.0103909436227808,0.2774724197882092,0.2778534651193629,0.3429442685867745
graph_069_mu_0_2_node_498,27,0.1965811965811965,0.0021232781173801,0.3885647607934656,2.5735735735735736,0.0204462938790571,16.044,10.956,1.4653999999999996,0.4057777777777777,0.2893052371118438,0.011393900985095,0.2545594080338266,0.2549773386128824,0.4219796162149709
graph_069_mu_0_2_node_332,23,0.233201581027668,0.0016584801767238,0.3784090909090909,2.6426426426426426,0.0139092795965423,13.021,9.979,1.3058138888888893,0.4338695652173914,0.4200098900106913,0.0102350048873585,0.2770652758021178,0.2774458639038205,0.5466790861116276
graph_069_mu_0_2_node_762,14,0.303030303030303,0.0003999098689145,0.3515130190007037,2.844844844844845,0.0070965286992239,10.029,3.971,2.5363,0.283642857142857,0.2478450403098182,0.0040464204988412,0.1653440579710144,0.165495507565011,0.5577872008503764
graph_069_mu_0_2_node_401,21,0.2047619047619047,0.0019275208668959,0.3765548435733132,2.655655655655656,0.0124804884826046,12.012,8.988,1.3369166666666663,0.428,0.465682308317711,0.0091700678779524,0.2722802139037432,0.2726229930027918,0.6213620288569337
graph_069_mu_0_2_node_475,34,0.3709677419354839,0.0017524302517913,0.3934619929105947,2.541541541541541,0.0322228822110894,26.001,7.999,3.250607142857143,0.2352647058823529,0.2172909418537814,0.0083085717421535,0.1333147540983606,0.1336201527239662,0.679096693293067
graph_069_mu_0_2_node_966,40,0.3038461538461538,0.0029598734314395,0.3973747016706443,2.5165165165165164,0.0381402055811332,30.032,9.968,3.014555555555556,0.2491999999999999,0.2470835853596467,0.0103952064045885,0.1423433936955063,0.1427240563515696,0.7431112363111531
graph_069_mu_0_2_node_222,16,0.3166666666666666,0.0007541011682501,0.3557692307692308,2.810810810810811,0.0080563719935537,10.003,5.997,1.6682666666666668,0.3748125,0.2939021707415569,0.0061261485699362,0.2306324786324786,0.2308611797886189,0.4899371254519561
graph_069_mu_0_2_node_707,16,0.2083333333333333,0.0009180078635601,0.364067055393586,2.7467467467467466,0.0097106779180437,9.016,6.984,1.291809523809524,0.4365,0.2940112366031263,0.007162922799108,0.2792123076923078,0.2794786188832761,0.3784282086676285
