,Degree,Clustering Coefficient,Betweenness,Closeness,Shortest Path,Eigenvector,E In,E Out,E In Over E Out,ODF,Expansion,Cut Ratio,Conductance,Normalised Cut,Triangle Participation
graph_089_mu_0_2_node_602,24,0.3152173913043478,0.001454479845086,0.3766968325791855,2.6546546546546548,0.0171280705317652,15.147,8.853,1.729266666666667,0.368875,0.4337310303056941,0.0090633664672605,0.2264215691285458,0.2267598484195645,0.7291705602032837
graph_089_mu_0_2_node_764,16,0.4416666666666666,0.0003988758393669,0.3623503808487486,2.75975975975976,0.0237153138483555,13.016,2.984,4.376,0.1865,0.0656974572018083,0.0031284783736584,0.1028597701149425,0.1029737983035964,0.2859265392389816
graph_089_mu_0_2_node_219,52,0.2163265306122449,0.0052975598348848,0.4171189979123173,2.397397397397397,0.0671270096200655,35.043,16.957,2.067437394957983,0.3260961538461538,0.3730513919138993,0.0177788125285253,0.1948227403832983,0.1954714674016915,0.7479127666599246
graph_089_mu_0_2_node_214,23,0.2845849802371542,0.0016348248917788,0.3766968325791855,2.6546546546546548,0.0155393943993679,14.004,8.996,1.5568333333333335,0.3911304347826086,0.4907499741655341,0.0091702876259611,0.2431123755334282,0.2434560886602506,0.7635522525820128
graph_089_mu_0_2_node_222,22,0.3246753246753247,0.0010011334621515,0.3734579439252336,2.6776776776776776,0.0288367163664683,15.005,6.995,2.1458952380952376,0.3179545454545455,0.1818720651831549,0.0072769770017698,0.1890359266148739,0.1893032277338021,0.3899098676196096
graph_089_mu_0_2_node_500,17,0.3161764705882353,0.0007529992323632,0.3656661786237188,2.734734734734735,0.0232344936532825,11.015,5.985,1.84325,0.3520588235294116,0.1316575688616049,0.0062751341073958,0.213671592775041,0.2139002376195914,0.2419330808460595
graph_089_mu_0_2_node_387,22,0.1341991341991342,0.0021970501066013,0.3849710982658959,2.5975975975975976,0.0171141200775503,10.028,11.972,0.8385000000000001,0.544181818181818,0.680279846568667,0.0122042061492406,0.3739077838827838,0.3743650108077468,0.566001760226648
graph_089_mu_0_2_node_322,35,0.2746212121212121,0.0030981269208711,0.3991210547343188,2.5055055055055053,0.0339612002582294,21.02,13.98,1.504102564102564,0.3994285714285714,0.658648681179931,0.0142885404335571,0.2495674531155474,0.2501017761541925,0.9417289058164058
graph_089_mu_0_2_node_231,25,0.37,0.0013927325152234,0.3769811320754717,2.6526526526526526,0.0160324578757299,17.111,7.889,2.180208333333333,0.31556,0.3856985415846232,0.0080778877139596,0.1874509211718514,0.1877524223713732,0.8255246480304533
graph_089_mu_0_2_node_835,27,0.2421652421652421,0.0021367403954348,0.388715953307393,2.5725725725725725,0.0343250654011466,15.022,11.978,1.2546227272727273,0.4436296296296297,0.2954250000405308,0.0124972234800418,0.2850605557233463,0.2855181864658249,0.3700156248624701
graph_089_mu_0_2_node_175,22,0.3210526315789473,0.0009921614680238,0.3613019891500904,2.767767767767768,0.0097752632992842,16.007,5.993,2.6717999999999997,0.2724090909090907,0.2798267896383609,0.0061281811827027,0.1576869095816464,0.1579159474175135,0.7000068949369749
graph_089_mu_0_2_node_134,29,0.4137931034482758,0.0014145888235645,0.3810068649885583,2.6246246246246248,0.0387511941820461,22.006,6.994,3.147276190476191,0.2411724137931033,0.1818448997762725,0.0072759878571768,0.1371245055351603,0.1373919115340288,0.5718477056335262
graph_089_mu_0_2_node_325,29,0.2044334975369458,0.0026466274102391,0.3972166998011928,2.517517517517517,0.0370669938973647,16.04,12.96,1.2384755244755243,0.4468965517241378,0.2851208472721405,0.0135881123780125,0.2877776544351937,0.2882728232424756,0.3518445285732641
graph_089_mu_0_2_node_295,25,0.4233333333333333,0.0009640155065056,0.3798479087452471,2.6326326326326326,0.0357511594263489,20.002,4.998,4.0025,0.19992,0.1299213621708299,0.0051995992038731,0.1110628019323672,0.1112538789258159,0.5198328694741026
graph_089_mu_0_2_node_108,46,0.2610993657505285,0.0042055031050743,0.4100985221674877,2.4384384384384385,0.0558496371844249,33.031,12.969,2.547656177156177,0.2819347826086956,0.2852704568808341,0.0135977428336442,0.1641060556336927,0.1646022124289201,0.7038155653901867
graph_089_mu_0_2_node_139,20,0.4473684210526316,0.0007026832270657,0.3579362235757793,2.793793793793794,0.0123335147033745,17.001,2.999,5.67,0.1499499999999999,0.101921178641293,0.0030917485068909,0.0810526315789474,0.0811672678783768,0.5776379227484216
graph_089_mu_0_2_node_292,23,0.4571428571428571,0.0008334728982326,0.3645985401459854,2.7427427427427427,0.0128966684765581,18.005,4.995,3.605750000000001,0.2171739130434783,0.2575207348818225,0.005097456901127,0.1218176538908246,0.1220085870468107,0.8759642308572057
graph_089_mu_0_2_node_833,38,0.2841269841269841,0.0021772476076173,0.3870592793490895,2.583583583583584,0.0345268919296309,29.04,8.96,3.2460476190476184,0.2357894736842105,0.2307996699342386,0.0093273139096335,0.133669809520174,0.1340125411346423,0.7210080542273768
graph_089_mu_0_2_node_978,26,0.3768115942028985,0.0013417338492846,0.3742974896965155,2.6716716716716715,0.0192918754350358,19.01,6.99,2.720476190476191,0.2688461538461538,0.2447495982276809,0.0072006304020995,0.1553043478260869,0.1555715397102374,0.6299452907477937
graph_089_mu_0_2_node_832,23,0.4347826086956521,0.0009976412736174,0.3734579439252336,2.6776776776776776,0.0185019363793148,17.008,5.992,2.839466666666667,0.2605217391304347,0.209812716058925,0.0061724657775354,0.1497756097560975,0.1500046269012963,0.594836052296388
graph_089_mu_0_2_node_915,23,0.2015810276679842,0.0017948979193047,0.3776937618147448,2.647647647647648,0.0184533894442275,14.001,8.999,1.5568607142857147,0.3912608695652174,0.3709831638750528,0.0092270010402736,0.2432565302667171,0.2436003577179681,0.5759009232034625
graph_089_mu_0_2_node_527,20,0.392156862745098,0.0005922041351615,0.3614327062228654,2.7667667667667666,0.0120427213913543,15.025,4.975,3.025,0.24875,0.2418101289087497,0.0050959641514607,0.142063492063492,0.1422536174682437,0.6788414487966884
graph_089_mu_0_2_node_634,18,0.1895424836601307,0.0012278913983278,0.369179600886918,2.7087087087087087,0.0162558200523003,9.003,8.997,1.0012774725274725,0.4998333333333333,0.3705838609247766,0.0092251365380528,0.3332384522024701,0.3335820721086604,0.3702235707041869
graph_089_mu_0_2_node_881,20,0.3578947368421052,0.000954938095982,0.373877245508982,2.674674674674675,0.027844448753685,15.02,4.98,3.02,0.249,0.1095766871525515,0.0052213214375499,0.1422222222222221,0.1424125386197041,0.3300050523306866
graph_089_mu_0_2_node_682,21,0.2571428571428571,0.0013028900637709,0.374859287054409,2.667667667667668,0.0156486721961458,13.013,7.987,1.63,0.3803333333333334,0.3404541227088802,0.0081848756091033,0.2348372549019608,0.2351424054407507,0.5536633102180626
graph_089_mu_0_2_node_8,35,0.2873949579831932,0.0022283939855522,0.3929976396538159,2.5445445445445447,0.045977734719623,26.013,8.987,2.8952083333333327,0.2567714285714285,0.1976321553878129,0.0094228358493283,0.1473003701745108,0.1476440549017658,0.5714870754939637
graph_089_mu_0_2_node_224,24,0.1956521739130435,0.0020197176014871,0.3879611650485436,2.5775775775775776,0.02569347191082,12.048,11.952,1.0094545454545456,0.498,0.3078349507268733,0.012442094148695,0.3316415362731152,0.332098070113154,0.3091384354718799
graph_089_mu_0_2_node_646,28,0.3703703703703703,0.0014231126279854,0.3792710706150342,2.6366366366366365,0.0365006666241094,20.021,7.979,2.512,0.2849642857142856,0.1969090539775898,0.008324347493495,0.166175238095238,0.1664802463061209,0.4931441532720915
graph_089_mu_0_2_node_667,20,0.2578947368421053,0.0010900591076267,0.3734579439252336,2.6776776776776776,0.0268879344130726,12.038,7.962,1.5154761904761904,0.3981,0.1838109706510662,0.0083297335958546,0.2485962566844919,0.2489004294696408,0.2771619466378329
graph_089_mu_0_2_node_533,28,0.3753846153846153,0.0014262497081651,0.380281690140845,2.6296296296296298,0.0239037468414929,20.02,7.98,2.5108333333333333,0.2849999999999998,0.3553756567949701,0.0081692753736754,0.166195238095238,0.1665002845367807,0.8450474279709171
graph_089_mu_0_2_node_677,18,0.1833333333333333,0.0011487845295297,0.3668747704737422,2.725725725725726,0.0108623839901383,10.07,7.93,1.2729285714285714,0.4405555555555556,0.5264499457720819,0.0080747732367618,0.2826226600985221,0.2829255651879019,0.5953614041642997
graph_089_mu_0_2_node_800,34,0.2976827094474153,0.0025646853382861,0.4002403846153846,2.4984984984984986,0.0535370852876266,24.016,9.984,2.406233333333333,0.2936470588235293,0.230257265343623,0.0104458839468049,0.1720971751412429,0.1724789146862836,0.5533299668184709
graph_089_mu_0_2_node_238,17,0.3676470588235294,0.0006920748985943,0.3587073608617594,2.787787787787788,0.0103671446698349,13.005,3.995,3.257083333333333,0.235,0.1358416444330296,0.0041183797438846,0.1331505376344086,0.1333031934127702,0.4417431173958517
graph_089_mu_0_2_node_31,21,0.3285714285714285,0.0012274847128704,0.3697261287934863,2.704704704704705,0.0128840380816597,14.008,6.992,2.004,0.3329523809523808,0.3604868678676972,0.007135460925215,0.1997333333333333,0.2000004994906412,0.7214552206407684
graph_089_mu_0_2_node_673,41,0.2618083670715249,0.0032222258289111,0.3970588235294117,2.5185185185185186,0.0398426251565511,29.048,11.952,2.433581385281385,0.2915121951219511,0.307965400082295,0.0124413653126662,0.1706492689470154,0.1711063963917574,0.7210159233356674
graph_089_mu_0_2_node_121,17,0.0857142857142857,0.0009804913366816,0.3724832214765101,2.684684684684685,0.01550449937516,7.025,9.975,0.7057292207792206,0.586764705882353,0.5634605447961706,0.0101714661028792,0.4153432001171133,0.4157241005665851,0.3386993770487906
graph_089_mu_0_2_node_416,23,0.2523809523809524,0.0014683567079093,0.3668747704737422,2.725725725725726,0.0127386077780249,14.043,8.957,1.5731250000000006,0.3894347826086956,0.4790048925200156,0.009141359076435,0.241895305832148,0.2422375299251606,0.6945096293815877
graph_089_mu_0_2_node_854,19,0.3625730994152046,0.001088416268474,0.3647316538882804,2.7417417417417416,0.0092380682856362,13.027,5.973,2.184083333333334,0.3143684210526317,0.338554214083368,0.0060882084560152,0.1865305258467023,0.1867587474288188,0.7350594803023385
graph_089_mu_0_2_node_300,18,0.3666666666666666,0.0008800003526978,0.3550106609808102,2.8168168168168166,0.0076665328242165,13.007,4.993,2.6069000000000004,0.2773888888888888,0.3298335917953132,0.005085188519374,0.1610384897360704,0.1612292735418408,0.7919777581410685
graph_089_mu_0_2_node_930,33,0.3139784946236559,0.0026730493495038,0.3882627283326856,2.575575575575576,0.0247149068718158,21.014,11.986,1.7536500000000002,0.3632121212121212,0.5645769438894438,0.0122507596792568,0.2219134920634921,0.2223716381140201,0.9416607850482852
graph_089_mu_0_2_node_243,17,0.3235294117647059,0.0007900069085485,0.3706864564007421,2.6976976976976976,0.026698483850827,11.015,5.985,1.8421166666666664,0.3520588235294117,0.1380807043806944,0.0062615925972539,0.2136604269293925,0.2138890718089579,0.2536437127983845
graph_089_mu_0_2_node_98,21,0.1169590643274853,0.001472011154246,0.376271186440678,2.6576576576576576,0.0144819555740579,11.012,9.988,1.103325,0.4756190476190476,0.5676693933198196,0.0101820760792895,0.3120692587641117,0.3124507717020817,0.5663134587666377
graph_089_mu_0_2_node_490,25,0.375494071146245,0.0014811513582823,0.3717901004838109,2.68968968968969,0.0132982685963184,18.014,6.986,2.579761904761905,0.2794400000000002,0.338938641176606,0.0071565014936551,0.1624207188160676,0.1626877374925584,0.8239896675039476
graph_089_mu_0_2_node_810,19,0.2280701754385964,0.0012227121958053,0.3689069423929099,2.710710710710711,0.0116133685272087,10.995,8.005,1.3768316683316684,0.421315789473684,0.3151595181154319,0.0082210484636309,0.2670664375976472,0.267372228024575,0.4295489547420296
graph_089_mu_0_2_node_662,26,0.1846153846153846,0.0020155611414825,0.3849710982658959,2.5975975975975976,0.0220636977630907,13.015,12.985,1.0027,0.4994230769230769,0.4415018484149592,0.0133859398158074,0.332842857142857,0.3333388661292911,0.4418053266679199
graph_089_mu_0_2_node_477,24,0.2034632034632034,0.0017337150019123,0.3778366111951589,2.6466466466466465,0.0161521287420437,13.033,10.967,1.189018181818182,0.4569583333333332,0.5861829851925544,0.0111926294166568,0.2961706970128023,0.296589654029412,0.6406731058863944
graph_089_mu_0_2_node_43,20,0.2368421052631578,0.001378351461926,0.3724832214765101,2.684684684684685,0.0131440458332956,11.008,8.992,1.2246031746031742,0.4496000000000001,0.4197792648557421,0.0091949462478768,0.2900048875855327,0.2903483692646227,0.513292609960707
graph_089_mu_0_2_node_357,33,0.3238636363636363,0.0018879881683031,0.390234375,2.5625625625625625,0.0438098224257341,25.025,7.975,3.140910714285714,0.2416666666666665,0.1754938164264399,0.0083612503882817,0.1374527177089421,0.1377576897434699,0.549759052439725
graph_089_mu_0_2_node_679,29,0.3190883190883191,0.0022588726078313,0.3891702376314764,2.5695695695695697,0.022634415809516,19.002,9.998,1.900644444444444,0.3447586206896553,0.4706550938644688,0.0102192123805775,0.2082840136054422,0.2086661417993017,0.8473029189560441
graph_089_mu_0_2_node_312,34,0.35650623885918,0.0022486910626745,0.388867263526664,2.5715715715715715,0.0412411720134361,26.003,7.997,3.2518214285714286,0.2352058823529412,0.2078843996817475,0.0083195222757377,0.1332775956284152,0.1335834317309714,0.6757917528727245
graph_089_mu_0_2_node_809,19,0.391812865497076,0.0008705506424407,0.3635371179039301,2.750750750750751,0.0128462612523907,13.01,5.99,2.173633333333333,0.3152631578947368,0.2665710152144437,0.0061324519029229,0.1871443850267379,0.1873732557769147,0.5781478997327829
graph_089_mu_0_2_node_680,17,0.3088235294117647,0.0008886862329652,0.3571683947086164,2.7997997997998,0.0090765595602732,11.143,5.857,1.93165,0.3445294117647058,0.3930628451118329,0.005960472085483,0.2084683087027914,0.2086920658840728,0.7258779323117767
graph_089_mu_0_2_node_204,22,0.3,0.0011351424857367,0.3664710198092443,2.7287287287287287,0.0123389553427291,15.017,6.983,2.1556904761904763,0.317409090909091,0.3263344508041925,0.0071400970933064,0.188680654338549,0.1889474971012287,0.6534992337711433
graph_089_mu_0_2_node_409,25,0.1778656126482213,0.0017163791654266,0.3784090909090909,2.6426426426426426,0.0182388512475834,15.007,9.993,1.502998366013072,0.39972,0.4120964049661904,0.010246060489171,0.2498412258473234,0.2502230461268909,0.5760166895756134
graph_089_mu_0_2_node_306,27,0.3076923076923077,0.0014656615673332,0.3740172220142269,2.6736736736736737,0.017112599844903,21.005,5.995,3.50495,0.2220370370370371,0.2024743439058516,0.0061820216580044,0.1248861224489795,0.1251153242626523,0.7088690819920476
graph_089_mu_0_2_node_151,40,0.308974358974359,0.0031254798900799,0.3978494623655914,2.5135135135135136,0.046042954239084,29.024,10.976,2.6453333333333324,0.2744,0.2854962975990096,0.0114182229816378,0.1590241740296853,0.1594439876404732,0.7540665570197284
graph_089_mu_0_2_node_123,36,0.3365079365079365,0.0022675924240671,0.3934619929105947,2.541541541541541,0.0466335111701016,26.005,9.995,2.6021000000000005,0.2776388888888889,0.2598300998025778,0.0103981175617066,0.161198732718894,0.1615809508808005,0.6758046994181927
graph_089_mu_0_2_node_948,25,0.3833333333333333,0.0011148225446259,0.3726221559119731,2.683683683683684,0.0209204007905436,18.014,6.986,2.5815476190476194,0.2794400000000002,0.2447340208547571,0.0071960950263763,0.1624276128320617,0.1626946314559777,0.6298937605843953
graph_089_mu_0_2_node_317,23,0.1146245059288537,0.0018573686382896,0.3829053277117669,2.6116116116116115,0.0176105778040195,11.012,11.988,0.9187575757575756,0.5212173913043477,0.4048889878916368,0.0123621859811491,0.3524773109243697,0.3529351833224536,0.3713616839390654
graph_089_mu_0_2_node_786,31,0.4064039408866995,0.0014555873802931,0.3799923925446938,2.6316316316316315,0.0364497594934844,25.015,5.985,4.182166666666666,0.1930645161290322,0.1556901883892605,0.0062261134483534,0.1068515037593985,0.1070803934873261,0.6240328000324198
graph_089_mu_0_2_node_244,25,0.2806324110671936,0.0016551440493914,0.3741573033707865,2.6726726726726726,0.0153815412076307,16.016,8.984,1.78343253968254,0.35936,0.490516096681832,0.009157500533404,0.2190489695594631,0.2193922770777637,0.8183557920982168
graph_089_mu_0_2_node_707,24,0.2337662337662337,0.0015034365701345,0.3735976065818998,2.6766766766766765,0.0168409512412363,15.005,8.995,1.668666666666667,0.3747916666666667,0.3037126984139854,0.0092760428191375,0.2306197802197802,0.230963481411877,0.4726677247201618
graph_089_mu_0_2_node_100,27,0.2792022792022792,0.001539289633564,0.3864603481624758,2.587587587587588,0.0397493208677135,19.015,7.985,2.3828107142857142,0.2957407407407407,0.1841951112079626,0.00835406438362,0.1735414487719231,0.1738466628745927,0.43801970002225
graph_089_mu_0_2_node_773,46,0.2434782608695652,0.0048756584630837,0.4179916317991631,2.3923923923923924,0.0489358374983924,31.025,14.975,2.072252380952381,0.3255434782608696,0.3854899635662958,0.0155893144557506,0.1944233932733932,0.1949961620428578,0.797640017657756
graph_089_mu_0_2_node_466,34,0.2741935483870967,0.0028901921462135,0.387359441644048,2.581581581581581,0.0246301909059825,22.019,11.981,1.8382787878787876,0.3523823529411764,0.4194914427158431,0.0123420714900885,0.2138816869760608,0.2143396771802473,0.7351058107317833
graph_089_mu_0_2_node_720,23,0.1619047619047619,0.0017710986855389,0.3826120260436614,2.6136136136136137,0.0182079676722984,11.03,11.97,0.9219287878787876,0.5204347826086955,0.6395709902977619,0.0122165171319741,0.3517836601307189,0.352240845891457,0.5339435316038412
graph_089_mu_0_2_node_769,19,0.327485380116959,0.0007881515889238,0.3623503808487486,2.75975975975976,0.010959120927292,13.998,5.002,2.802533333333333,0.2632631578947368,0.2063914257355822,0.0051287278518494,0.1516558343617167,0.1518469762727969,0.5758296755878449
graph_089_mu_0_2_node_447,22,0.2251082251082251,0.00174847128346,0.3698630136986301,2.703703703703704,0.0120091620379993,13.016,8.984,1.4498571428571423,0.4083636363636364,0.5084887295496542,0.0091578865324253,0.2565954525954526,0.2569386813747366,0.7349509416856995
graph_089_mu_0_2_node_282,21,0.2809523809523809,0.0009999925592057,0.3682270549207519,2.715715715715716,0.0146325784802672,15.01,5.99,2.5080500000000003,0.2852380952380952,0.2037304475597548,0.006174851703074,0.1663563300142247,0.1665852357405019,0.5097456885014358
graph_089_mu_0_2_node_612,37,0.3394957983193277,0.0021940189626469,0.3891702376314764,2.5695695695695697,0.0437287948485927,28.008,8.992,3.1152222222222226,0.243027027027027,0.2337742006188196,0.0093546373107063,0.138323543123543,0.138667471497783,0.7018933854871969
graph_089_mu_0_2_node_44,19,0.3157894736842105,0.0008476465928907,0.3631406761177753,2.7537537537537538,0.0106493467995986,13.997,5.003,2.7999999999999994,0.2633157894736841,0.1763589386448089,0.0051519545958077,0.1516530430353959,0.1518442232558297,0.492625550025987
graph_089_mu_0_2_node_273,23,0.2924901185770751,0.0015385343943576,0.3680913780397936,2.716716716716717,0.0102275003539196,15.028,7.972,1.887047619047619,0.3466086956521738,0.4515481521021752,0.0081261940634139,0.2096634278002698,0.2099680522387298,0.8485658094827508
graph_089_mu_0_2_node_386,19,0.3676470588235294,0.0009763514925266,0.3602596465921385,2.775775775775776,0.0084320618415079,14.019,4.981,2.818049999999999,0.2621578947368421,0.3035789204344937,0.0050805113975604,0.1508716577540107,0.1510619978019145,0.7907075174584931
graph_089_mu_0_2_node_739,20,0.326797385620915,0.000932730322949,0.3666055045871559,2.727727727727728,0.0130715290059374,13.01,6.99,1.8622857142857148,0.3494999999999999,0.3604609226563476,0.0071332736087178,0.2117687802393684,0.2120358496016818,0.6184579113909946
graph_089_mu_0_2_node_576,18,0.2483660130718954,0.0008685799707169,0.3671444321940463,2.723723723723724,0.0135768531323334,12.004,5.996,2.0045,0.3331111111111111,0.2116198808931084,0.0061742001369933,0.1999129032258065,0.2001419854251165,0.4222310369171258
graph_089_mu_0_2_node_917,21,0.4523809523809524,0.0010198670184248,0.3643326039387308,2.744744744744745,0.0106115852933225,16.009,4.991,3.209450000000001,0.2376666666666667,0.2331200350688788,0.0051032496029988,0.1348662873399715,0.135057038500993,0.7467306879779881
graph_089_mu_0_2_node_320,26,0.3659420289855072,0.0011381997024569,0.3854166666666667,2.5945945945945947,0.0374930241132722,19.008,6.992,2.719238095238096,0.2689230769230769,0.1537524338624743,0.0073311098893734,0.1553545893719806,0.1556218576532011,0.3957398007325374
graph_089_mu_0_2_node_507,23,0.3043478260869565,0.0017246799818999,0.3775510204081632,2.6486486486486487,0.0155153040090249,14.083,8.917,1.585583333333334,0.387695652173913,0.434620017074438,0.0091322544557988,0.2405913684940001,0.2409320656785926,0.6797154553067787
graph_089_mu_0_2_node_210,23,0.3794466403162055,0.0013077710997766,0.3723443906075289,2.685685685685686,0.0152478204809392,16.017,6.983,2.2952428571428567,0.3036086956521739,0.3262693603520942,0.0071399339539806,0.1789873358348967,0.1792541991156041,0.7469306130529133
graph_089_mu_0_2_node_505,19,0.3450292397660818,0.0007307652475112,0.3713754646840149,2.6926926926926926,0.0222779571859831,13.021,5.979,2.180916666666667,0.3146842105263158,0.1540355504475288,0.0062239249573663,0.1867506684491978,0.1869791191350308,0.3345814437720401
graph_089_mu_0_2_node_874,20,0.2894736842105263,0.0010494602283635,0.3656661786237188,2.734734734734735,0.0131465376630822,13.01,6.99,1.8619047619047624,0.3494999999999998,0.2978957571813289,0.0071633403523242,0.2117647058823528,0.2120317752621758,0.5536532619193196
graph_089_mu_0_2_node_798,19,0.3801169590643274,0.0006916704781948,0.3663366336633663,2.72972972972973,0.0162514523605621,13.015,5.985,2.1812333333333336,0.315,0.255265012641349,0.006133035339958,0.1869849025974026,0.1872135823256449,0.5537824121218524
graph_089_mu_0_2_node_561,26,0.2092307692307692,0.0019311313110055,0.3875096974398759,2.5805805805805804,0.0314813200159222,14.07,11.93,1.1807040404040403,0.4588461538461539,0.2946624415818564,0.0124457654605007,0.2977894416984036,0.2982452060201078,0.3457490872012364
graph_089_mu_0_2_node_326,19,0.3216374269005848,0.0009696271915995,0.3741573033707865,2.6726726726726726,0.0223062705365724,12.023,6.977,1.7261380952380956,0.3672105263157894,0.1797080587062362,0.007262916704223,0.2249439760508308,0.2252105286386231,0.308978069917296
graph_089_mu_0_2_node_857,30,0.2436781609195402,0.0023963927609394,0.386609907120743,2.5865865865865865,0.0202872769574978,19.009,10.991,1.7297878787878784,0.3663666666666665,0.3711728206583517,0.011334150248825,0.2242703481392557,0.2246904134972227,0.6414739541619995
graph_089_mu_0_2_node_193,18,0.2875816993464052,0.0008685300843283,0.3658000732332478,2.7337337337337337,0.0140129135779835,12.012,5.988,2.0072,0.3326666666666666,0.2036907959294328,0.0061727414981389,0.1995354838709677,0.1997642607823241,0.4078550390324628
graph_089_mu_0_2_node_429,20,0.3660130718954248,0.0007152159649571,0.36,2.7777777777777777,0.0115308718520234,15.006,4.994,3.006,0.2497,0.2796998219442999,0.005096622399832,0.1426666666666666,0.1428575178437933,0.7835139414333158
graph_089_mu_0_2_node_169,27,0.2233333333333333,0.0020945170007524,0.3906922174423152,2.55955955955956,0.0237727654360474,15.014,11.986,1.253,0.4439259259259261,0.4196207855382335,0.0123472661980138,0.2852996677740863,0.2857576037779854,0.4900618989962599
graph_089_mu_0_2_node_523,31,0.3793103448275862,0.0013705945238851,0.3814432989690721,2.621621621621621,0.039691964369147,24.034,6.966,3.454257142857143,0.2247096774193547,0.1719997501421274,0.0072673671236348,0.1265897243107769,0.1268561012350463,0.5674619859105937
graph_089_mu_0_2_node_481,28,0.3492063492063492,0.0018383440897793,0.3765548435733132,2.655655655655656,0.0186980655387993,20.007,7.993,2.5041,0.2854642857142856,0.2798108169582486,0.0082337951583032,0.1665028011204481,0.1668083441224417,0.6997559111803795
graph_089_mu_0_2_node_547,26,0.3079710144927536,0.0012865157117822,0.3704115684093437,2.6996996996997,0.0136385375898975,19.018,6.982,2.725428571428572,0.2685384615384615,0.326276271646695,0.0071391538482435,0.155103381642512,0.1553702679383825,0.8401924004668001
graph_089_mu_0_2_node_730,17,0.1544117647058823,0.0010539261764068,0.3647316538882804,2.7417417417417416,0.011544727288882,9.011,7.989,1.12925,0.4699411764705883,0.453908630425314,0.0081443223262335,0.3072612535612534,0.3075663870124248,0.5091880914488794
graph_089_mu_0_2_node_3,31,0.4129032258064516,0.0011937730832437,0.3818807339449541,2.6186186186186187,0.0482625105058041,26.009,4.991,5.2139500000000005,0.161,0.1151141218708037,0.005221809508774,0.0875505142165759,0.0877414112956076,0.5993518767036117
graph_089_mu_0_2_node_708,19,0.239766081871345,0.0011083481475598,0.3605196679898953,2.7737737737737738,0.0094949691102316,13.001,5.999,2.1695166666666674,0.3157368421052632,0.2115084848292132,0.0061776072378049,0.1875221445221445,0.1877513587879613,0.4573985612827449
graph_089_mu_0_2_node_734,17,0.1047619047619047,0.0012081948135464,0.3713754646840149,2.6926926926926926,0.0108552131953791,8.007,8.993,0.8912974109224112,0.529,0.6109672272105687,0.0091455168894844,0.359718703261312,0.3600621442503194,0.4744897171881055
graph_089_mu_0_2_node_156,18,0.2026143790849673,0.0011202422915237,0.3647316538882804,2.7417417417417416,0.0108055420304882,10.042,7.958,1.2688274725274726,0.4421111111111112,0.54203983147785,0.0080919890441945,0.2840430315682286,0.2843470048460203,0.6773799062420055
graph_089_mu_0_2_node_703,20,0.3202614379084967,0.0010289645524909,0.3639344262295082,2.747747747747748,0.0086578003671345,14.057,5.943,2.3716666666666666,0.2971499999999999,0.3635784117048145,0.0060605307189022,0.1745564892623715,0.1747835825923507,0.7915017171822273
graph_089_mu_0_2_node_423,25,0.3933333333333333,0.0014919783635451,0.3734579439252336,2.6776776776776776,0.0171471716330383,18.005,6.995,2.5744047619047623,0.2798000000000001,0.244831612653706,0.0072059868973481,0.1626585623678647,0.1629259248049081,0.6297999279054791
graph_089_mu_0_2_node_830,23,0.4047619047619047,0.0011566124085636,0.3626134301270417,2.7577577577577577,0.0109432400750027,17.01,5.99,2.8436833333333333,0.2604347826086955,0.3270736788604526,0.0061054839252739,0.1497274329470869,0.1499563736426298,0.872725552521259
graph_089_mu_0_2_node_790,18,0.3,0.000924379973853,0.3558959743498396,2.80980980980981,0.0078807923561789,12.008,5.992,2.0048000000000004,0.3328888888888888,0.395783294387294,0.0061028605600045,0.1996903225806452,0.1999192522278228,0.7260280555490879
graph_089_mu_0_2_node_977,25,0.3066666666666666,0.0020413897106724,0.3737373737373737,2.675675675675676,0.0148172492656008,16.011,8.989,1.781994047619048,0.35956,0.4197685980137485,0.0091912255144649,0.2191982011182238,0.2195416995007734,0.7468233738674424
graph_089_mu_0_2_node_738,25,0.2633333333333333,0.0015842716745902,0.3758465011286682,2.660660660660661,0.0184770835787983,16.082,8.918,1.823819444444445,0.35672,0.3021852396446213,0.0091948261285505,0.2172909828477167,0.2176317695340364,0.541695535620637
graph_089_mu_0_2_node_879,18,0.2026143790849673,0.0010916515260644,0.3713754646840149,2.6926926926926926,0.0122373389761578,9.984,8.016,1.2482984515484514,0.4453333333333334,0.3156426296810032,0.0082324489653649,0.2866714200042835,0.2869776068666954,0.3903594402941965
graph_089_mu_0_2_node_566,18,0.3666666666666666,0.0008758081564482,0.3584499461786867,2.78978978978979,0.0071530489062551,13.024,4.976,2.6216000000000004,0.2764444444444444,0.3035276219783324,0.005075175453668,0.1604193548387097,0.1606094893771609,0.7299651249205995
graph_089_mu_0_2_node_959,27,0.2621082621082621,0.0016820823240297,0.3869093725793958,2.5845845845845847,0.035783174090083,17.007,9.993,1.7023571428571425,0.3701111111111111,0.2598097721100123,0.0103959067030045,0.2270852998065763,0.2274671786867353,0.441931016479401
graph_089_mu_0_2_node_256,28,0.3174603174603174,0.0024252073193273,0.3848228043143297,2.5985985985985987,0.0194416145953715,18.007,9.993,1.802255555555556,0.356892857142857,0.4665239389872966,0.0102179579487064,0.2172110699969164,0.2175929780835487,0.8400306220620101
graph_089_mu_0_2_node_370,28,0.2063492063492063,0.0022661602721358,0.3885647607934656,2.5735735735735736,0.030023224750062,14.036,13.964,1.0056923076923077,0.4987142857142858,0.3595407889303835,0.0145367209970925,0.3322255109231853,0.3327589379330983,0.3605717566350975
graph_089_mu_0_2_node_333,19,0.2105263157894736,0.0015828099649598,0.3671444321940463,2.723723723723724,0.009766213060697,10.03,8.97,1.1191031746031743,0.4721052631578948,0.5464155198710585,0.0091497003658635,0.3090373007044865,0.3093799166196538,0.6083213671849328
graph_089_mu_0_2_node_987,45,0.3303030303030303,0.0033546038829101,0.404126213592233,2.4744744744744747,0.0557545970994704,33.004,11.996,2.7513636363636365,0.2665777777777778,0.3118336061043955,0.0124798273571749,0.1537877312560856,0.1542466801064452,0.8577385308491126
graph_089_mu_0_2_node_1,22,0.3,0.0013406981536817,0.3638018936635105,2.7487487487487487,0.0077845529099224,15.036,6.964,2.161923809523809,0.3165454545454546,0.4247279751945937,0.0071030915890833,0.1880641937484042,0.188330311083258,0.8519395356805576
graph_089_mu_0_2_node_137,27,0.2566666666666666,0.0016521938323405,0.3758465011286682,2.660660660660661,0.0153641930519104,20.0,7.0,2.861016071428571,0.2592592592592592,0.2470936740909514,0.0072080725391942,0.1489938381287565,0.149261432053103,0.6686439429331916
graph_089_mu_0_2_node_841,22,0.277056277056277,0.0013355880784832,0.3702742772424018,2.700700700700701,0.0130133692291166,15.996,6.004,2.6675047619047616,0.2729090909090907,0.2118718531404295,0.0061826827745498,0.1580847503373819,0.1583142080100865,0.5629497202389733
graph_089_mu_0_2_node_200,26,0.3514492753623188,0.0017351981242267,0.3729003359462486,2.681681681681681,0.0154435837339469,18.014,7.986,2.2565,0.307153846153846,0.3729800018593723,0.008165681947521,0.181450505050505,0.1817557340383549,0.7936319700218187
graph_089_mu_0_2_node_940,19,0.4678362573099415,0.0006144855814215,0.3627450980392157,2.756756756756757,0.0144225323732429,15.013,3.987,3.770583333333333,0.2098421052631578,0.1396827625278193,0.0041070448458007,0.1172319327731092,0.1173843062528908,0.5250511969511763
graph_089_mu_0_2_node_335,22,0.2987012987012987,0.0009209388553663,0.3658000732332478,2.7337337337337337,0.0148075915761523,16.007,5.993,2.6718,0.2724090909090907,0.2037648176000463,0.006178144387723,0.1576869095816464,0.1579159474175135,0.5437208880769461
graph_089_mu_0_2_node_280,25,0.28,0.0012710102711643,0.378839590443686,2.63963963963964,0.0338401559945627,18.012,6.988,2.578809523809524,0.2795200000000001,0.1537001261596283,0.0073267193128638,0.1624747474747475,0.1627418425337107,0.3957361253864261
graph_089_mu_0_2_node_11,30,0.3333333333333333,0.0018540084259673,0.381588999236058,2.6206206206206204,0.021369277032053,21.019,8.981,2.341607142857143,0.2993666666666666,0.3829376747670901,0.0092033812066926,0.1760432852386237,0.1763866094003361,0.8943525745461728
graph_089_mu_0_2_node_757,16,0.1416666666666666,0.001156216103773,0.3675496688741722,2.720720720720721,0.0123658426789264,7.055,8.945,0.7925714285714289,0.5590625,0.6102412208542598,0.0090946758107862,0.388359420289855,0.3887010034962003,0.474508071245023
graph_089_mu_0_2_node_937,21,0.3476190476190476,0.0012188114332226,0.3712374581939799,2.6936936936936937,0.0129532148343808,14.009,6.991,2.0045,0.3329047619047618,0.3264724312398033,0.0071482820836662,0.1997,0.1999671279733587,0.6534381269718986
graph_089_mu_0_2_node_327,22,0.2943722943722944,0.0011278637900863,0.3791271347248577,2.6376376376376376,0.0308553516914716,15.018,6.982,2.1522857142857146,0.3173636363636364,0.1535703948236007,0.0073205154150378,0.1886258890469416,0.1888926937541326,0.3299739220624874
graph_089_mu_0_2_node_198,28,0.246031746031746,0.0023395040202315,0.3906922174423152,2.55955955955956,0.0275721889487325,16.021,11.979,1.3378727272727269,0.4278214285714286,0.3083743367786314,0.0124704221191921,0.2721357927097055,0.2725934965926219,0.4118720558650299
graph_089_mu_0_2_node_643,24,0.2717391304347826,0.0016533792937135,0.3715135738192636,2.6916916916916915,0.0146888759831085,15.012,8.988,1.6707619047619051,0.3745,0.3829778016786296,0.009211051340513,0.2304015009380863,0.2307449349213771,0.6389162589719808
graph_089_mu_0_2_node_927,23,0.2428571428571428,0.0010399942702793,0.3682270549207519,2.715715715715716,0.0179234711829991,17.006,5.994,2.8383166666666666,0.2606086956521738,0.2037852748301547,0.0061791909304434,0.1498330429732868,0.1500621365068059,0.5437461546089791
graph_089_mu_0_2_node_714,21,0.4238095238095238,0.0006614632376227,0.3709617526921648,2.695695695695696,0.0290255600972611,16.041,4.959,3.2437500000000004,0.2361428571428571,0.1225882777729558,0.0051730753647825,0.1339119159645475,0.1341014446699418,0.3950122601528303
graph_089_mu_0_2_node_671,23,0.3122529644268774,0.0013453708409975,0.3715135738192636,2.6916916916916915,0.0174902998677709,14.009,8.991,1.5587043650793653,0.3909130434782609,0.4234706671800422,0.009189642323367,0.2429538242696138,0.2432973465088094,0.6591059544622044
graph_089_mu_0_2_node_368,18,0.1568627450980392,0.0013555896398154,0.3723443906075289,2.685685685685686,0.0110623536462237,9.03,8.97,1.0086071428571428,0.4983333333333333,0.5105925408818702,0.0091435504308309,0.3319959695476936,0.3323385590996049,0.5099201874402245
graph_089_mu_0_2_node_81,20,0.2810457516339869,0.0008487532129834,0.3708240534521158,2.6966966966966965,0.0256955259175893,13.015,6.985,1.8642857142857148,0.3492499999999999,0.1611226101191533,0.0073080576026575,0.2115864527629232,0.2118533312375788,0.2768252078169287
graph_089_mu_0_2_node_270,22,0.3116883116883117,0.0012632480283986,0.3701370878103001,2.701701701701701,0.0140779637074793,15.012,6.988,2.149142857142857,0.3176363636363636,0.2978594100081068,0.0071611899578064,0.1888136557610241,0.1890806895894084,0.6388533976124424
graph_089_mu_0_2_node_419,31,0.3620689655172414,0.0014861320727725,0.3801369863013699,2.630630630630631,0.0369012538887813,24.015,6.985,3.439938095238096,0.2253225806451612,0.172298520375449,0.0072876606064815,0.1269714855320118,0.1272385885145557,0.5671632156772723
graph_089_mu_0_2_node_167,29,0.1794871794871795,0.0026055077360458,0.3817348108521207,2.61961961961962,0.0179102841760637,17.018,11.982,1.4222573763955342,0.4131724137931034,0.4228393921259598,0.012337708606108,0.2604470821031749,0.2609049350536066,0.5633395800538863
graph_089_mu_0_2_node_122,29,0.2905982905982906,0.0020429246967025,0.3769811320754717,2.6526526526526526,0.0182436464052673,18.018,10.982,1.6412262626262628,0.3786896551724138,0.4886427749783539,0.0112434005164629,0.2335818859458678,0.2340015756382618,0.7562404240381222
graph_089_mu_0_2_node_877,23,0.4703557312252964,0.0007493410524742,0.3785524820007578,2.641641641641641,0.0402254955640823,19.01,3.99,4.769166666666667,0.1734782608695651,0.0920503909582586,0.0041744128171932,0.0949833887043189,0.0951359234333129,0.4379974778000278
graph_089_mu_0_2_node_795,21,0.219047619047619,0.0013057082626448,0.3723443906075289,2.685685685685686,0.0133832208935335,13.999,7.001,2.000409090909091,0.3333809523809523,0.2466816568818753,0.0072095452665227,0.2000548387096774,0.200322348435028,0.4926792296796667
graph_089_mu_0_2_node_817,27,0.2478632478632478,0.0019848645825058,0.386609907120743,2.5865865865865865,0.0381688582594344,17.024,9.976,1.7071999999999994,0.3694814814814814,0.2301234769362161,0.0104373641395522,0.2266181818181817,0.226999411746564,0.3919147328173516
graph_089_mu_0_2_node_719,23,0.233201581027668,0.0016732543573916,0.3766968325791855,2.6546546546546548,0.0145089242027989,13.999,9.001,1.5559206349206351,0.3913478260869565,0.3707295088011899,0.0092292831318352,0.243306632290185,0.2436505361471896,0.575851143633482
graph_089_mu_0_2_node_855,31,0.2118226600985221,0.0031544032904803,0.3919183993723029,2.5515515515515514,0.0195518077780828,17.035,13.965,1.220559523809524,0.4504838709677418,0.6777208203500282,0.0143057093237492,0.2907556462585033,0.2912892336665102,0.7759395655006633
graph_089_mu_0_2_node_413,40,0.3072546230440967,0.0026680801043897,0.3973747016706443,2.5165165165165164,0.0505204057725332,30.04,9.96,3.018269841269841,0.249,0.2192083173778428,0.0104422941477635,0.1422150498118084,0.1425960474554534,0.6379995685903752
graph_089_mu_0_2_node_972,22,0.3842105263157894,0.0010356016918642,0.367414490621552,2.7217217217217216,0.0135403966566517,16.028,5.972,2.6879333333333326,0.2714545454545453,0.2902173062144171,0.0061171478240863,0.1570663967611336,0.157294632471397,0.7273449638810672
graph_089_mu_0_2_node_988,19,0.2923976608187134,0.0011476496170581,0.3662023460410557,2.730730730730731,0.0109933619866698,12.017,6.983,1.7219761904761903,0.3675263157894736,0.3729826873977777,0.0071271468634151,0.2251552419354837,0.2254220236620124,0.6401850370246989
graph_089_mu_0_2_node_668,19,0.5321637426900585,0.0005257025122859,0.3628768616055212,2.755755755755756,0.0139651741121996,15.002,3.998,3.753166666666667,0.2104210526315789,0.1882342615717616,0.0040864347602212,0.1175831932773109,0.1177359870053547,0.7060943899850148
graph_089_mu_0_2_node_360,20,0.261437908496732,0.0008148520862866,0.3611713665943601,2.7687687687687688,0.0104338522297476,13.023,6.977,1.8700000000000003,0.3488499999999999,0.326114142736373,0.0071340052324878,0.2113216195569136,0.2115881924957535,0.5604020480698833
graph_089_mu_0_2_node_65,35,0.3109243697478991,0.0030214522681733,0.3861615771163509,2.5895895895895897,0.0242069500635608,24.012,10.988,2.185874999999999,0.3139428571428571,0.3846918165935324,0.0113190066615907,0.1862053034445051,0.1866254148219865,0.8398507412337808
graph_089_mu_0_2_node_444,16,0.1868131868131868,0.000823838850408,0.3610408384531984,2.76976976976977,0.0113561895190073,9.015,6.985,1.2925783549783552,0.4365625,0.4448762219604136,0.007111234481948,0.2793352780552782,0.2796020748411635,0.5072692643033887
graph_089_mu_0_2_node_636,20,0.1526315789473684,0.0015652445258643,0.3811522319725295,2.623623623623624,0.0197821541945675,8.067,11.933,0.6777676767676767,0.5966499999999999,0.6704770219724128,0.0121752998857933,0.4253639493617246,0.4258196190501199,0.4485710487534135
graph_089_mu_0_2_node_912,33,0.2795698924731182,0.0018220858999985,0.3840830449826989,2.603603603603604,0.0311366554957012,25.015,7.985,3.1338392857142856,0.2419696969696968,0.2055777210300789,0.0083124926586302,0.1376417299824664,0.1379470841716545,0.6176073377042912
graph_089_mu_0_2_node_849,18,0.2418300653594771,0.0011260169259396,0.364067055393586,2.7467467467467466,0.0095912815710442,10.996,7.004,1.5728287712287716,0.3891111111111112,0.4757271942528803,0.0071230618382098,0.2416892663345746,0.2419568289901264,0.7450664136501738
graph_089_mu_0_2_node_511,23,0.4387351778656126,0.0012027800929549,0.3687707641196013,2.7117117117117115,0.0140838066671452,18.005,4.995,3.6065166666666673,0.2171739130434783,0.233230034899126,0.0051073897884733,0.1218188963617211,0.1220098295089423,0.8399770131970804
graph_089_mu_0_2_node_908,24,0.2683982683982684,0.001300969990561,0.3710995542347697,2.694694694694695,0.0134824833069,17.999,6.001,3.002,0.2500416666666666,0.2473149557248097,0.0061530890985779,0.1429147286821705,0.1431441069642786,0.6993050815560737
graph_089_mu_0_2_node_656,16,0.2083333333333333,0.0010438000458212,0.3616944243301955,2.764764764764765,0.0102241464199679,9.032,6.968,1.2985974025974028,0.4355,0.4721274262767569,0.0070872140145597,0.2784715018315019,0.2787376497904834,0.6077956694669072
graph_089_mu_0_2_node_985,16,0.1538461538461538,0.0008497750697391,0.3653986832479883,2.736736736736737,0.0130818071605262,8.006,7.994,1.002641847041847,0.499625,0.542472604373469,0.0081300514495901,0.3330794029159246,0.3333847039244644,0.47398094333795
graph_089_mu_0_2_node_920,25,0.4133333333333333,0.0013930752252874,0.374859287054409,2.667667667667668,0.0204832260191317,18.014,6.986,2.580952380952381,0.2794400000000002,0.3109828789074857,0.0071519825760392,0.1624265914963589,0.1626936101290423,0.8004967215432715
graph_089_mu_0_2_node_61,40,0.310099573257468,0.0027749585729976,0.4020120724346076,2.4874874874874875,0.0591549584040787,29.049,10.951,2.6543434343434336,0.273775,0.2528086619711008,0.0114566746673419,0.158609628787216,0.1590284872983193,0.6461368590555941
graph_089_mu_0_2_node_258,19,0.1929824561403508,0.0016095886481325,0.3722056631892697,2.6866866866866865,0.0121463565811694,10.029,8.971,1.119320665445665,0.4721578947368422,0.6085596946135402,0.0091244311329556,0.3091187393400075,0.3094613933196334,0.6761148647417553
graph_089_mu_0_2_node_929,29,0.3743842364532019,0.0015224007567877,0.3858632676709154,2.5915915915915915,0.0467522952422819,22.028,6.972,3.162466666666667,0.2404137931034482,0.1609265625318512,0.0072940826288912,0.1366433592304846,0.1369099246689343,0.5074915298900181
graph_089_mu_0_2_node_52,34,0.2174688057040998,0.0030422077788899,0.3934619929105947,2.541541541541541,0.0245440956577015,21.023,12.977,1.6206074592074595,0.3816764705882353,0.4384048265093273,0.0133818810652649,0.2358596774066828,0.2363556843824103,0.709227164438192
graph_089_mu_0_2_node_439,35,0.2859848484848485,0.003202006745667,0.392226148409894,2.5495495495495497,0.0241566039591057,22.018,12.982,1.6963461538461542,0.3709142857142858,0.5776044819368564,0.0132909391520521,0.2276890502117361,0.2281852860120701,0.9340394025831504
graph_089_mu_0_2_node_913,46,0.3202959830866808,0.0037260871124473,0.4010437575270975,2.4934934934934936,0.0530796594518001,35.014,10.986,3.187672727272726,0.2388260869565218,0.2709307086363423,0.0114622913192054,0.1356085516410719,0.1360289402712896,0.8382618954427399
graph_089_mu_0_2_node_905,21,0.2095238095238095,0.0014659612734244,0.3726221559119731,2.683683683683684,0.0118347206268177,13.003,7.997,1.62725,0.3808095238095239,0.3295359135166582,0.0081996864722771,0.2352411764705882,0.2355467085864465,0.5346914249207355
graph_089_mu_0_2_node_954,45,0.3141414141414141,0.0039684549044832,0.4117889530090684,2.4284284284284285,0.067717994346789,33.041,11.959,2.765375,0.2657555555555556,0.2759860867234913,0.0125114103748224,0.1532542065452299,0.1537117414527356,0.7611722338333552
graph_089_mu_0_2_node_398,19,0.2058823529411764,0.0011182850788659,0.3614327062228654,2.7667667667667666,0.0110538956931754,12.057,6.943,1.744595238095238,0.3654210526315788,0.443833203634541,0.0070666967562253,0.2236999284317831,0.2239651827622901,0.6984199513105932
graph_089_mu_0_2_node_486,22,0.316017316017316,0.0012973007182396,0.3731789316398954,2.67967967967968,0.0255001833002035,15.063,6.937,2.176066666666667,0.3153181818181819,0.1714928639262068,0.0072365698472321,0.187219243535033,0.1874843298245171,0.3707641504726546
graph_089_mu_0_2_node_513,19,0.0808823529411764,0.0013994037325997,0.3702742772424018,2.700700700700701,0.0139687610334318,8.049,10.951,0.7363066378066379,0.5763684210526318,0.7434954957516404,0.0111375951321696,0.4050077084473636,0.4054258950380554,0.4740385845493339
graph_089_mu_0_2_node_966,49,0.2395929694727104,0.005128739215669,0.4099302421009438,2.43943943943944,0.0626469598538498,34.043,14.957,2.27696923076923,0.3052448979591837,0.3451127957371864,0.0156482009478154,0.1801207659639927,0.1806929786536654,0.7612816916802845
graph_089_mu_0_2_node_217,18,0.2091503267973856,0.00151493284125,0.3679558011049724,2.7177177177177176,0.0107753157855085,9.068,8.932,1.019842857142857,0.4962222222222222,0.5458946901187856,0.0091089123967998,0.3302076381164256,0.3305487775703491,0.5483522893602742
graph_089_mu_0_2_node_811,33,0.2236559139784946,0.0027359671741765,0.391304347826087,2.555555555555556,0.0267408155501342,21.012,11.988,1.7531,0.3632727272727272,0.4075510817251438,0.0123584594133495,0.2219571428571429,0.222415365266744,0.6797673610954148
graph_089_mu_0_2_node_431,17,0.3142857142857143,0.0006606721677986,0.3592233009708738,2.783783783783784,0.0090455650818734,12.007,4.993,2.40595,0.2937058823529411,0.2331812295670079,0.0051055453711033,0.1721402298850575,0.1723309991209028,0.5133587205856289
graph_089_mu_0_2_node_716,23,0.3904761904761905,0.0009999215804889,0.3668747704737422,2.725725725725726,0.0130774237717297,17.023,5.977,2.8513500000000005,0.2598695652173912,0.2903950597541393,0.006122185369736,0.1493562137049941,0.1495846578633157,0.7756225565363679
graph_089_mu_0_2_node_593,22,0.2597402597402597,0.0016533358407079,0.375281743050338,2.664664664664665,0.013642639406835,13.014,8.986,1.4487222222222218,0.4084545454545455,0.4196796254417935,0.0091885761567673,0.2566539682539682,0.2569972734244801,0.6066020617717445
graph_089_mu_0_2_node_961,37,0.3915966386554622,0.0021882003385043,0.3948616600790514,2.5325325325325325,0.0486746714437508,29.006,7.994,3.628964285714285,0.216054054054054,0.2078212947827369,0.0083163956927317,0.1211117141564902,0.1214175057875966,0.7278462913232792
graph_089_mu_0_2_node_192,26,0.2276923076923077,0.0017016974135383,0.3852680293096799,2.5955955955955954,0.0353576884637997,16.008,9.992,1.6023833333333335,0.3843076923076923,0.219694156175657,0.0104767133830091,0.237866203563878,0.2382480151047869,0.351777767803155
graph_089_mu_0_2_node_860,20,0.2026143790849673,0.0011064180807906,0.3630087209302325,2.754754754754755,0.0090802597560991,13.018,6.982,1.869761904761905,0.3490999999999999,0.3980266209317194,0.0071170164327721,0.2116029284441048,0.2118696919733072,0.6792570885504152
graph_089_mu_0_2_node_845,16,0.1583333333333333,0.00103856509107,0.3643326039387308,2.744744744744745,0.0139253906185411,7.049,8.951,0.7913656565656567,0.5594375,0.5705135386253274,0.0091120986169551,0.3886317675882893,0.3889735798020073,0.444748309697996
graph_089_mu_0_2_node_250,20,0.3529411764705882,0.0008876739985163,0.37,2.702702702702702,0.0173259430923602,14.011,5.989,2.341666666666667,0.2994499999999999,0.2097516387785445,0.0061693479371149,0.1761064425770307,0.1763352926197545,0.4550164768428162
graph_089_mu_0_2_node_541,25,0.3733333333333333,0.0010892579340092,0.3812977099236641,2.6226226226226226,0.0390076476681909,20.01,4.99,4.0125,0.1996,0.1151029728450156,0.0052207707116722,0.1108695652173913,0.1110603365056968,0.4610570288596947
graph_089_mu_0_2_node_724,28,0.3042328042328042,0.0014963516691604,0.3899297423887587,2.5645645645645647,0.0396534191270017,21.003,6.997,3.002,0.2498928571428571,0.1538301252152216,0.0073364307204581,0.1427885714285714,0.1430560716030827,0.4616011775311916
graph_089_mu_0_2_node_962,30,0.2183908045977011,0.0024607259580463,0.3818807339449541,2.6186186186186187,0.0176966320366594,19.018,10.982,1.7321818181818178,0.3660666666666665,0.3709565227490193,0.0113247785030205,0.2240489795918367,0.2244687013820382,0.6416682302981849
graph_089_mu_0_2_node_887,19,0.3684210526315789,0.0012013143568806,0.3656661786237188,2.734734734734735,0.0123082117002508,13.001,5.999,2.1673,0.3157368421052632,0.3272020991791391,0.0061152793413362,0.1874640151515151,0.1876932296010488,0.7089881461050659
graph_089_mu_0_2_node_871,22,0.1774891774891775,0.0017837663824633,0.3735976065818998,2.6766766766766765,0.0142700818211799,11.992,10.008,1.2010388888888883,0.4549090909090907,0.3946254987907103,0.010277897097528,0.294619122672368,0.2950014273932047,0.4691984577067064
graph_089_mu_0_2_node_187,16,0.25,0.0008736841153015,0.3615635179153094,2.765765765765766,0.0095184935129563,10.003,5.997,1.6692444444444448,0.3748125,0.2113499310608755,0.0061755398352875,0.2306595176160394,0.23088860311211,0.3519680414631863
graph_089_mu_0_2_node_701,24,0.3514492753623188,0.0010020349342288,0.374578177727784,2.66966966966967,0.0296064579915898,19.01,4.99,3.811999999999999,0.2079166666666667,0.1097583481364006,0.0052318778108297,0.1160253699788583,0.116216126681632,0.4176576184365849
graph_089_mu_0_2_node_229,20,0.1764705882352941,0.0014436973006393,0.369179600886918,2.7087087087087087,0.0109445560761856,11.037,8.963,1.2330555555555551,0.4481500000000001,0.5464246241857541,0.0091419466008727,0.2888477517106549,0.289190126603545,0.6086555047012873
graph_089_mu_0_2_node_756,17,0.1809523809523809,0.0007368144640143,0.3631406761177753,2.7537537537537538,0.0104421631444221,11.014,5.986,1.8438166666666664,0.3521176470588234,0.3406348826518959,0.0061017903332688,0.2137850276160621,0.2140137104842525,0.5660180656839366
graph_089_mu_0_2_node_752,16,0.175,0.000965700856556,0.3679558011049724,2.7177177177177176,0.0128825951310745,9.018,6.982,1.2939809523809525,0.436375,0.3969974092730781,0.0071174212195896,0.2791986324786326,0.2794653147389099,0.5096555390627547
graph_089_mu_0_2_node_844,22,0.3684210526315789,0.0009809083128338,0.3664710198092443,2.7287287287287287,0.0121614550683594,16.01,5.99,2.6739999999999995,0.2722727272727271,0.290531604491785,0.0061363798221513,0.1575978407557355,0.1578267640047337,0.7270306656036994
graph_089_mu_0_2_node_625,25,0.2608695652173913,0.0015455195171956,0.3708240534521158,2.6966966966966965,0.013152294566789,16.986,8.014,2.125,0.3205599999999999,0.315701787573299,0.0082303039161339,0.1910044005362243,0.1913106746120312,0.625440230572334
graph_089_mu_0_2_node_900,27,0.27,0.0018330072714091,0.3751408186256102,2.665665665665666,0.0162565605640094,17.035,9.965,1.7110249999999996,0.369074074074074,0.5328031927439364,0.0101698407094008,0.2263264822134386,0.226707292153565,0.8540776058670496
graph_089_mu_0_2_node_546,28,0.3169230769230769,0.0016516590261362,0.375,2.6666666666666665,0.018937173686553,19.012,8.988,2.116,0.321,0.3147105320715369,0.0092587921567934,0.191193515704154,0.1915370546924514,0.6299599480219759
graph_089_mu_0_2_node_696,19,0.1929824561403508,0.0012331042934984,0.3655323819978046,2.735735735735736,0.0105809192931929,12.022,6.978,1.7285583333333334,0.3672631578947368,0.3980512530690662,0.0071125821465978,0.2251145028475497,0.2253810932549391,0.679059923199156
graph_089_mu_0_2_node_452,16,0.35,0.0006247894995314,0.3527542372881356,2.834834834834835,0.0079602038430106,11.996,4.004,3.000266666666666,0.25025,0.1651925087639602,0.0041054868348143,0.1430900134348409,0.143243001124547,0.4935110927254472
graph_089_mu_0_2_node_621,28,0.2707692307692307,0.0018038011252405,0.3849710982658959,2.5975975975975976,0.0362996827055928,18.027,9.973,1.808477777777778,0.3561785714285713,0.219387323744246,0.010456431037327,0.2166930311440025,0.2170741756687542,0.3740642896183665
graph_089_mu_0_2_node_420,32,0.3655172413793103,0.001655966685504,0.3836405529953917,2.6066066066066065,0.0240829202824639,24.006,7.994,3.003428571428571,0.2498125,0.2798237322280273,0.0082349683836526,0.1427368421052631,0.1430425168077157,0.804797930101561
graph_089_mu_0_2_node_287,21,0.2046783625730994,0.0010510977623703,0.3644655235315578,2.743743743743744,0.0104763608005073,14.998,6.002,2.50085909090909,0.2858095238095237,0.2116443885298011,0.0061807568080924,0.1667619036693739,0.1669912675943527,0.4927691630272318
graph_089_mu_0_2_node_916,19,0.1988304093567251,0.0011154055178887,0.3639344262295082,2.747747747747748,0.0125426058065329,12.003,6.997,1.7225039682539682,0.3682631578947367,0.2758364061363583,0.0071852938575533,0.2258876974243884,0.2261550130322123,0.4692343582289349
graph_089_mu_0_2_node_895,19,0.3040935672514619,0.0009424938806546,0.3634048744998181,2.751751751751752,0.0108402366558568,13.018,5.982,2.178066666666667,0.3148421052631579,0.2795966206662511,0.0061166007086018,0.1868522727272727,0.1870808379999897,0.6067702047393237
graph_089_mu_0_2_node_983,20,0.4789473684210526,0.0006917217789013,0.36,2.7777777777777777,0.0102523017887562,16.01,3.99,4.016666666666667,0.1995,0.1864033367464117,0.0040797469851183,0.1108108108108108,0.1109633105600936,0.7466554715277718
graph_089_mu_0_2_node_631,25,0.29,0.001362469493186,0.381588999236058,2.6206206206206204,0.0377434299531515,17.038,7.962,2.142410714285714,0.31848,0.1838283663303957,0.008329525929075,0.1894279170441961,0.1897322061909349,0.3924003319048051
graph_089_mu_0_2_node_125,21,0.3761904761904762,0.0009485563861502,0.3722056631892697,2.6866866866866865,0.0196263558496074,14.005,6.995,2.0029,0.333095238095238,0.3294103861416361,0.0071495845987483,0.199836936936937,0.2001042176285805,0.6590424984737483
graph_089_mu_0_2_node_783,18,0.3666666666666666,0.0008964825060865,0.3557692307692308,2.810810810810811,0.007652485278201,13.011,4.989,2.609900000000001,0.2771666666666666,0.3297217480639736,0.0050811128080848,0.160891129032258,0.1610817600759449,0.7920896018724082
graph_089_mu_0_2_node_851,24,0.3695652173913043,0.0013342989348405,0.3733183856502242,2.6786786786786787,0.0169642719629171,16.007,7.993,2.003428571428572,0.3330416666666666,0.3764276140526141,0.008169658389407,0.1997993031358885,0.2001047527281662,0.7531415917415918
graph_089_mu_0_2_node_847,22,0.2789473684210526,0.0013355648024857,0.3658000732332478,2.7337337337337337,0.0143790677247493,14.026,7.974,1.7619166666666668,0.3624545454545453,0.451726776783462,0.0081279404754695,0.2213859649122807,0.2216906423494579,0.7353936175583329
graph_089_mu_0_2_node_779,29,0.3732193732193732,0.0016537933414168,0.3812977099236641,2.6226226226226226,0.0208269718933091,21.012,7.988,2.631732142857143,0.275448275862069,0.355478950895353,0.008177952699343,0.1597296832579185,0.1600350586286325,0.8894042481211227
graph_089_mu_0_2_node_681,24,0.4632034632034632,0.0007127489899525,0.3680913780397936,2.716716716716717,0.0162621516771538,19.005,4.995,3.805999999999999,0.208125,0.2222080453730248,0.0051139154713813,0.1161522198731501,0.116343167627037,0.800374582390509
graph_089_mu_0_2_node_592,53,0.2713725490196078,0.004957794951666,0.4193954659949622,2.3843843843843846,0.0788467971488386,37.028,15.972,2.318777976190476,0.3013584905660377,0.3684103016786216,0.0167105716413383,0.1774162286988373,0.1780273883961995,0.8301837263569718
graph_089_mu_0_2_node_993,50,0.2437943262411347,0.0050914526972017,0.415211970074813,2.4084084084084085,0.0633795732891996,34.011,15.989,2.1273878205128205,0.31978,0.3515310622247438,0.0167647554011272,0.1903230947551434,0.1909347633951976,0.725473717581479
graph_089_mu_0_2_node_698,18,0.2,0.000956584760122,0.3626134301270417,2.7577577577577577,0.01010316078243,11.093,6.907,1.6118000000000003,0.3837222222222223,0.4601066340183714,0.0070315333774945,0.237539043381535,0.2378029033834178,0.6617047159180102
graph_089_mu_0_2_node_759,22,0.2943722943722944,0.0012380786235031,0.3759879563417388,2.65965965965966,0.0238845403039371,14.013,7.987,1.7555,0.3630454545454545,0.2056029786547204,0.0083147116396162,0.2217980085348506,0.2221031823750166,0.3602418238520245
graph_089_mu_0_2_node_118,50,0.2969858156028369,0.0045704690038572,0.4054383116883117,2.4664664664664664,0.0578736153808975,37.013,12.987,2.8504370629370634,0.2597399999999999,0.3202436532313417,0.0135500506103965,0.1492560729339109,0.1497530695070663,0.8875438489881032
graph_089_mu_0_2_node_493,25,0.2648221343873518,0.0019903600527999,0.3776937618147448,2.647647647647648,0.0176198714054334,15.021,9.979,1.5061111111111112,0.39916,0.4441700237255382,0.0102161933363138,0.2493655632984901,0.2497468494344593,0.6228727182885839
graph_089_mu_0_2_node_873,25,0.4,0.0008784033051293,0.3716517857142857,2.690690690690691,0.0303892002157048,20.003,4.997,4.00375,0.19988,0.1299076711636509,0.0051985216811869,0.1110386473429952,0.111229686123301,0.5198296113287392
graph_089_mu_0_2_node_996,18,0.2156862745098039,0.0009554473441594,0.3660681568340051,2.731731731731732,0.0103502197354883,12.019,5.981,2.014498901098901,0.3322777777777777,0.3407677247825253,0.0060964103132343,0.1993667746771775,0.1995952840297,0.679062166024231
graph_089_mu_0_2_node_216,24,0.3985507246376811,0.0010734481642508,0.3655323819978046,2.735735735735736,0.0151136383604707,18.012,5.988,3.0116,0.2495,0.2552989452341317,0.0061363156939285,0.1425442464512231,0.1427731282543992,0.7665796778115131
graph_089_mu_0_2_node_209,16,0.4725274725274725,0.0002842033046223,0.3535031847133758,2.828828828828829,0.0106132214233967,13.007,2.993,4.368,0.1870625,0.1398858705599678,0.0030601230754961,0.1031979236188357,0.1033122956207196,0.5600813125687464
graph_089_mu_0_2_node_263,22,0.1645021645021645,0.0020721744996052,0.3759879563417388,2.65965965965966,0.0147159968699871,11.012,10.988,1.0031166666666669,0.4994545454545455,0.4527755387142562,0.0112661916829652,0.3329093982420554,0.3333290922721929,0.4525987555856299
graph_089_mu_0_2_node_22,29,0.3133903133903133,0.0017691172925069,0.3799923925446938,2.6316316316316315,0.0210750288931137,20.023,8.977,2.2319464285714283,0.309551724137931,0.3828284107399593,0.0091991763086509,0.1831326930772309,0.1834758382240435,0.8094520047005479
graph_089_mu_0_2_node_80,20,0.196078431372549,0.0015050266344689,0.3772658610271903,2.650650650650651,0.0154051981798733,11.004,8.996,1.223333333333333,0.4498000000000001,0.4198652298973662,0.0091991541173792,0.2901612903225806,0.2905049246733,0.4666509609088902
graph_089_mu_0_2_node_545,40,0.3598862019914651,0.0024990918859433,0.4002403846153846,2.4984984984984986,0.054419775969659,31.022,8.978,3.457460317460316,0.22445,0.2215191612487894,0.0093667933792293,0.1264184191909448,0.1267618913610775,0.7397810956197486
graph_089_mu_0_2_node_570,23,0.3675889328063241,0.0011039865219563,0.3720670391061452,2.687687687687688,0.0171972150426353,16.007,6.993,2.2899857142857134,0.3040434782608696,0.244811727423631,0.0072037208601467,0.1792836460287679,0.1795508911985389,0.5598936815449165
graph_089_mu_0_2_node_740,17,0.2666666666666666,0.0007827010256446,0.3569131832797427,2.8018018018018016,0.0094014669825518,11.003,5.997,1.8370166666666663,0.3527647058823528,0.406223481312446,0.0061001415950716,0.2142033661740558,0.2144324691211104,0.6760290345106421
graph_089_mu_0_2_node_375,21,0.2142857142857142,0.0014459467436962,0.3727611940298507,2.6826826826826826,0.0160776489594647,11.048,9.952,1.11265,0.4739047619047619,0.558841183836748,0.0101545383821155,0.3106466577540107,0.3110267969447283,0.616150155953248
graph_089_mu_0_2_node_494,21,0.3684210526315789,0.0008770154420543,0.3659340659340659,2.7327327327327327,0.0119179974480824,16.025,4.975,3.2269500000000004,0.2369047619047619,0.2793996726008794,0.0050762413421355,0.1343898676003939,0.1345800075292207,0.839772709901874
graph_089_mu_0_2_node_659,22,0.4,0.0008367388822362,0.3613019891500904,2.767767767767768,0.0096523150731433,18.006,3.994,4.511,0.1815454545454545,0.1865155070186787,0.0040840829745304,0.0998390243902439,0.099991700310139,0.7933181775566573
graph_089_mu_0_2_node_186,28,0.1969230769230769,0.0020610013429285,0.3799923925446938,2.6316316316316315,0.0194912620106055,19.007,8.993,2.115194444444444,0.3211785714285714,0.3173251849914615,0.009260254878035,0.191350354609929,0.1916940843049858,0.633633109610533
graph_089_mu_0_2_node_144,19,0.4117647058823529,0.0006927886931093,0.3531283138918346,2.831831831831832,0.0066150954554881,15.017,3.983,3.7769166666666663,0.2096315789473683,0.2428028699141229,0.004062640259656,0.1171042016806722,0.1172564223429039,0.8514835679788639
graph_089_mu_0_2_node_503,32,0.2721774193548387,0.0020538128245719,0.3959571938168846,2.5255255255255253,0.0489361274723621,21.019,10.981,1.9146181818181829,0.34315625,0.2532821110803377,0.0114887995017233,0.2071222921034242,0.2075420398879376,0.4842507218011506
graph_089_mu_0_2_node_252,26,0.3907692307692307,0.0010878442635504,0.3878105590062112,2.578578578578578,0.0459168028414914,19.006,6.994,2.718000000000001,0.269,0.1612670037327447,0.0073176381487201,0.1554048309178743,0.1556721755961648,0.438002983258025
graph_089_mu_0_2_node_354,15,0.2476190476190476,0.0005259852880575,0.3555160142348754,2.8128128128128127,0.0089998980093145,10.01,4.99,2.008625,0.3326666666666665,0.1761479188119697,0.0051380580143598,0.1995636363636364,0.199754261844423,0.3519760065477471
graph_089_mu_0_2_node_620,21,0.3476190476190476,0.001226229986425,0.3672794117647059,2.722722722722722,0.0129569585111435,14.069,6.931,2.0407,0.330047619047619,0.3379051138003731,0.0070983409343582,0.1977558558558559,0.1980206925208174,0.6791134659571947
graph_089_mu_0_2_node_820,22,0.4025974025974026,0.0008584046791921,0.3814432989690721,2.621621621621621,0.0387645381907362,16.005,5.995,2.670333333333333,0.2724999999999999,0.1382379014417325,0.0062723333178188,0.1577462887989204,0.1579754030260335,0.3688527692368532
graph_089_mu_0_2_node_840,25,0.2924901185770751,0.0015988140432842,0.3709617526921648,2.695695695695696,0.0151338177142902,16.021,8.979,1.7858630952380958,0.35916,0.4904575688569997,0.0091521345136637,0.2189132431191422,0.2192563596856394,0.818414319923049
graph_089_mu_0_2_node_483,26,0.3107692307692307,0.0013777872952319,0.3854166666666667,2.5945945945945947,0.0434064716621703,17.016,8.984,1.8950793650793651,0.3455384615384614,0.2072368684845989,0.0093994043215548,0.2088674653511862,0.2092107990829897,0.3919966534697057
graph_089_mu_0_2_node_639,17,0.2720588235294117,0.0011053093673167,0.3615635179153094,2.765765765765766,0.0086927356415587,10.978,6.022,1.82890303030303,0.354235294117647,0.2378180886189924,0.0061846239969902,0.2154754230027843,0.2157054799335289,0.4297262554862458
graph_089_mu_0_2_node_884,30,0.2873563218390804,0.0019423626355422,0.3891702376314764,2.5695695695695697,0.0369973974064536,20.002,9.998,2.0006666666666666,0.3332666666666666,0.2598745846224263,0.0104013341239057,0.1999529411764706,0.2003350985827965,0.5198314546467115
graph_089_mu_0_2_node_946,17,0.3088235294117647,0.0007432806447792,0.3614327062228654,2.7667667667667666,0.0109078420877335,12.005,4.995,2.4086287878787878,0.2938235294117646,0.1764020672125887,0.0051432732854028,0.1722947977624092,0.1724856431766035,0.4223494516108893
graph_089_mu_0_2_node_747,19,0.3157894736842105,0.0007626484116314,0.3710995542347697,2.694694694694695,0.0256399795203564,13.003,5.997,2.168566666666667,0.3156315789473684,0.1558983534954444,0.006238869167297,0.1873920454545454,0.187621183530336,0.3378948870225291
graph_089_mu_0_2_node_519,34,0.3790322580645161,0.0016340378735787,0.3842307692307692,2.6026026026026026,0.0329845328994097,27.006,6.994,3.861999999999999,0.2057058823529412,0.1799767623201096,0.0072811300714064,0.1146462189317821,0.1149137272175455,0.6689328294997096
graph_089_mu_0_2_node_288,25,0.2166666666666666,0.0019825586673685,0.3779795686719637,2.645645645645646,0.0168512490574538,16.015,8.985,1.784226190476191,0.3594,0.3169153408548733,0.0092518869842079,0.2191076042820229,0.2194509498121785,0.5632208989293228
graph_089_mu_0_2_node_797,29,0.2706552706552707,0.0020035275316651,0.3785524820007578,2.641641641641641,0.0203300125833512,18.014,10.986,1.6402522727272728,0.3788275862068966,0.5175205294705295,0.0112285876959441,0.2336857092198582,0.2341055515925129,0.8004374833499837
graph_089_mu_0_2_node_626,38,0.2617354196301564,0.0035259782808542,0.3997599039615846,2.5015015015015014,0.0398898168407899,25.03,12.97,1.9307832167832168,0.3413157894736842,0.3339569054608385,0.0135019459453216,0.20578894993895,0.2062848413262482,0.6434557021419294
graph_089_mu_0_2_node_641,23,0.2766798418972332,0.0013590523279264,0.3812977099236641,2.6226226226226226,0.0227077228231725,15.007,7.993,1.8781488095238097,0.3475217391304346,0.2717329421927734,0.0082399654345259,0.2103121457489878,0.2106175720065149,0.509777188584503
graph_089_mu_0_2_node_29,16,0.2166666666666666,0.0010451769224578,0.3644655235315578,2.743743743743744,0.009955321106098,8.979,7.021,1.28187012987013,0.4388125,0.2762955970094449,0.0072107616061038,0.281315164835165,0.2815833353338363,0.3511324150876439
graph_089_mu_0_2_node_129,24,0.3623188405797101,0.001212456141274,0.3849710982658959,2.5975975975975976,0.0282528752390814,17.005,6.995,2.4314285714285715,0.2914583333333333,0.1799859021050558,0.0072822670873302,0.1705923344947735,0.1708596764951596,0.4373706338812057
graph_089_mu_0_2_node_518,37,0.3042016806722689,0.0024788813164137,0.3933070866141732,2.5425425425425425,0.0448768675012893,26.038,10.962,2.3766424242424247,0.2962702702702703,0.2705442688142649,0.0114365334553773,0.1739074481074481,0.1743266306591785,0.6168098144490006
graph_089_mu_0_2_node_62,21,0.4523809523809524,0.0009272218570644,0.3598703170028818,2.7787787787787788,0.0098769779804905,16.01,4.99,3.210500000000001,0.2376190476190476,0.2724879729191083,0.0050863304219206,0.1348364153627311,0.135027128322288,0.8727143237028285
graph_089_mu_0_2_node_649,19,0.1520467836257309,0.0015152402565304,0.373877245508982,2.674674674674675,0.0137800270852497,9.051,9.949,0.9117758241758244,0.5236315789473683,0.6742860475518622,0.0101192515838192,0.3548251167964404,0.3552050834855584,0.6088737857403294
graph_089_mu_0_2_node_487,16,0.4833333333333333,0.0004465021793402,0.3601297764960346,2.7767767767767766,0.0208156880515601,13.004,2.996,4.344,0.18725,0.0779063817345842,0.0031167727709893,0.1033011494252873,0.1034156360666271,0.3378799616493948
graph_089_mu_0_2_node_488,19,0.175438596491228,0.0015534602142644,0.3713754646840149,2.6926926926926926,0.013164191166036,9.026,9.974,0.905805555555556,0.5249473684210526,0.5648171644159797,0.0101667736646542,0.3559448275862068,0.3563257482033607,0.5089964657815405
graph_089_mu_0_2_node_228,27,0.2051282051282051,0.0024029726909439,0.3879611650485436,2.5775775775775776,0.0229859259295345,14.09,12.91,1.0945171328671328,0.4781481481481482,0.726022033806242,0.013171649597983,0.3143352350995573,0.3148284203491202,0.7845024227251151
graph_089_mu_0_2_node_731,49,0.2469935245143385,0.0047792654901956,0.4188679245283019,2.3873873873873874,0.0650227804919037,33.035,15.965,2.0701910256410256,0.3258163265306122,0.3511840746299111,0.016738833296219,0.1946237281849027,0.1952344334239164,0.7038410157925111
graph_089_mu_0_2_node_909,26,0.322463768115942,0.0013930050995364,0.3747186796699174,2.6686686686686687,0.0186100777331189,18.014,7.986,2.256964285714286,0.307153846153846,0.3403512072171468,0.0081841251979591,0.1814539306104523,0.1817591595720228,0.724184877997592
graph_089_mu_0_2_node_310,18,0.2549019607843137,0.0009201357535741,0.3613019891500904,2.767767767767768,0.0104905583058289,11.995,6.005,2.006509090909091,0.333611111111111,0.2367623961370374,0.0061665137217514,0.2004116046319272,0.2006410300318372,0.4688210947202916
graph_089_mu_0_2_node_5,28,0.3846153846153846,0.0018186474988843,0.3759879563417388,2.65965965965966,0.0195873367015699,20.015,7.985,2.5076666666666667,0.2851785714285713,0.355350029900264,0.0081749882022535,0.1663104761904761,0.1666157136451183,0.8450730548656233
graph_089_mu_0_2_node_537,27,0.29,0.0016981578562271,0.3811522319725295,2.623623623623624,0.0218515647163894,17.012,9.988,1.7037499999999997,0.3699259259259259,0.4443902277324738,0.0102256931146055,0.2269478260869564,0.2273295140999779,0.7115727427828251
graph_089_mu_0_2_node_152,21,0.1809523809523809,0.0015794826872448,0.376271186440678,2.6576576576576576,0.0138764014638157,12.004,8.996,1.3347916666666666,0.4283809523809524,0.3169749214551515,0.0092638324489092,0.2725925133689838,0.2729361739219214,0.4223715656390498
graph_089_mu_0_2_node_613,17,0.3619047619047619,0.0005774175137831,0.3622189992748368,2.760760760760761,0.0123643261132044,12.007,4.993,2.40595,0.2937058823529411,0.2331970823211278,0.0051052643143601,0.1721402298850575,0.1723309991209028,0.5134345796828342
graph_089_mu_0_2_node_864,24,0.2934782608695652,0.0014896610445652,0.3812977099236641,2.6226226226226226,0.0199484675373781,15.021,8.979,1.673761904761905,0.374125,0.3828437140910161,0.0092014201162145,0.2301245778611632,0.2304676682677607,0.638890473169679
graph_089_mu_0_2_node_552,33,0.3612903225806451,0.0020733097083948,0.3818807339449541,2.6186186186186187,0.0223223140798259,24.01,8.99,2.67125,0.2724242424242423,0.3147158509045351,0.0092610511171929,0.1576950998185118,0.158038846584765,0.8048936069840722
graph_089_mu_0_2_node_470,43,0.3292682926829268,0.0031529736580809,0.4018503620273532,2.4884884884884886,0.0512467323645826,32.01,10.99,2.9130868686868685,0.2555813953488372,0.2857309964953271,0.0114331477314733,0.1465161813624971,0.1469366263393168,0.8058811872950254
graph_089_mu_0_2_node_203,34,0.2121212121212121,0.0029116994735321,0.3964285714285714,2.5225225225225225,0.040380054655796,23.056,10.944,2.108750505050504,0.3218823529411764,0.2409395039505,0.0114736963057278,0.1918354219857065,0.1922538209852302,0.5058389343270548
graph_089_mu_0_2_node_289,50,0.2934397163120567,0.0044480649052659,0.4208087615838247,2.3763763763763763,0.0760466710360548,36.02,13.98,2.5771062271062277,0.2796000000000001,0.3224363573247464,0.0146265197877174,0.1625246045053583,0.1630595409457203,0.8070080152472551
graph_089_mu_0_2_node_986,44,0.2764227642276423,0.0034450194792143,0.4028225806451613,2.4824824824824825,0.0549087666445264,32.027,11.973,2.6760888888888883,0.2721136363636363,0.2633822433772528,0.0125533196758164,0.1574910206382558,0.1579490555546195,0.6817444001261674
graph_089_mu_0_2_node_380,21,0.2865497076023391,0.0012140552598595,0.3644655235315578,2.743743743743744,0.0126146840506948,14.006,6.994,2.003,0.333047619047619,0.2377471652596952,0.0072101519046169,0.1998,0.2000672425252065,0.4418268615031536
graph_089_mu_0_2_node_581,29,0.3076923076923077,0.0019252371983408,0.3778366111951589,2.6466466466466465,0.0187508519094401,21.009,7.991,2.630454761904762,0.275551724137931,0.2716757864663822,0.008237811363538,0.1597987438458692,0.1601042338034003,0.6797278510016067
graph_089_mu_0_2_node_599,19,0.213235294117647,0.0010976707798047,0.3636694575900983,2.74974974974975,0.011713752988217,11.019,7.981,1.3817857142857142,0.4200526315789472,0.451849588376815,0.0081353654345484,0.2658979838709677,0.26620285874897,0.5656821782018663
graph_089_mu_0_2_node_45,51,0.2942176870748299,0.0047741969381992,0.4067589576547231,2.4584584584584586,0.0570965481066203,38.048,12.952,2.939066433566433,0.2539607843137255,0.3196375768717763,0.0135129203247292,0.1454575791249948,0.1459532760515584,0.9127986498827592
graph_089_mu_0_2_node_943,23,0.2569169960474308,0.0012587191239896,0.3776937618147448,2.647647647647648,0.0295007106405817,15.014,7.986,1.88075,0.3472173913043477,0.1756476327572708,0.0083731781586484,0.2100917678812415,0.210396926889095,0.3297497108796379
graph_089_mu_0_2_node_165,23,0.2766798418972332,0.0015258594615892,0.3781226343679031,2.6446446446446448,0.0167777188269026,14.014,8.986,1.5601190476190478,0.390695652173913,0.3829987152500964,0.0092087431430094,0.242786884050042,0.2431302154453747,0.5962656012207627
graph_089_mu_0_2_node_315,19,0.4044117647058823,0.0006461386344388,0.3592233009708738,2.783783783783784,0.0110279710527787,14.01,4.99,2.812033333333333,0.2626315789473684,0.2574610190985968,0.0050920182637308,0.1511842118665648,0.151374895640083,0.6699357710515169
graph_089_mu_0_2_node_950,36,0.3725490196078431,0.0023681132724669,0.384526558891455,2.6006006006006004,0.0250070059262137,27.028,8.972,3.0150714285714284,0.2492222222222222,0.3143734067253261,0.0092419026966798,0.142360964035964,0.1427041018375672,0.9101994378403384
graph_089_mu_0_2_node_441,19,0.2280701754385964,0.0010960050327755,0.3622189992748368,2.760760760760761,0.0122919453765495,12.051,6.949,1.7396190476190476,0.365736842105263,0.4443284476284467,0.0070729854968054,0.2239412220843671,0.2242067054924867,0.7604681095127626
graph_089_mu_0_2_node_534,23,0.4619047619047619,0.0008037444880674,0.3694526627218935,2.7067067067067065,0.0169871880143737,18.006,4.994,3.606900000000001,0.2171304347826087,0.2222120741495552,0.0051127699830239,0.1217909407665505,0.1219818357152337,0.7559104393633902
graph_089_mu_0_2_node_982,15,0.2095238095238095,0.000720450411781,0.3590941768511862,2.784784784784785,0.0089346699950416,9.033,5.967,1.5229166666666665,0.3978,0.4072391111840406,0.006066756556988,0.2485362637362637,0.2487641861778378,0.609550173462736
graph_089_mu_0_2_node_957,17,0.2285714285714285,0.0009317110592082,0.3613019891500904,2.767767767767768,0.0082634251685863,11.022,5.978,1.8457999999999997,0.3516470588235293,0.3643438948290413,0.0060974286452057,0.2133645320197044,0.2135929096407471,0.6083551610758356
graph_089_mu_0_2_node_585,29,0.3423645320197044,0.0017077572518858,0.3876600698486612,2.57957957957958,0.0448080100651971,20.016,8.984,2.2287817460317454,0.3097931034482759,0.2072193249795554,0.0093994031458115,0.1832956222488996,0.1836390347503647,0.4610430545645357
graph_089_mu_0_2_node_275,24,0.2644927536231884,0.0018418657710085,0.3758465011286682,2.660660660660661,0.0132096282170631,15.016,8.984,1.6720000000000004,0.3743333333333333,0.4196129572230801,0.0091865395416447,0.2302769230769231,0.2306202043682154,0.6999993110375206
graph_089_mu_0_2_node_802,24,0.2644927536231884,0.0015154270526448,0.3710995542347697,2.694694694694695,0.0141803728388043,16.001,7.999,2.001714285714286,0.3332916666666666,0.3295880334353471,0.0082017478364907,0.2000068866571019,0.2003125651955736,0.6581297894776644
graph_089_mu_0_2_node_254,15,0.2761904761904762,0.0006371849541519,0.3615635179153094,2.765765765765766,0.0108088359413592,10.002,4.998,2.0015,0.3331999999999999,0.1698585813175779,0.00515257608748,0.1999076923076923,0.2000986233126563,0.3398019387545589
graph_089_mu_0_2_node_403,23,0.3380952380952381,0.0015370953655204,0.375,2.6666666666666665,0.0150566685820419,16.008,6.992,2.2907523809523807,0.304,0.3816149787467943,0.0071271997711,0.1792555972482801,0.17952280421951,0.8181842526349172
graph_089_mu_0_2_node_591,17,0.1838235294117647,0.0013483856997259,0.364067055393586,2.7467467467467466,0.0113952510110988,8.07,8.93,0.911542676767677,0.5252941176470588,0.5708504778299529,0.0090891451013371,0.3566488764608705,0.3569899131466751,0.5084461963534856
graph_089_mu_0_2_node_723,20,0.1894736842105263,0.0014442203701544,0.3776937618147448,2.647647647647648,0.0167524495376093,10.039,9.961,1.0097142857142858,0.4980499999999999,0.5589767636809259,0.0101642276202659,0.3317038123167155,0.3320842659146552,0.5600391633197843
graph_089_mu_0_2_node_687,23,0.233201581027668,0.0012512302861911,0.381588999236058,2.6206206206206204,0.0309604816606651,14.013,8.987,1.5597996031746035,0.3907391304347826,0.2216712760450009,0.0093764124038772,0.2428196009774957,0.2431629705451021,0.3451999753462341
graph_089_mu_0_2_node_825,15,0.1428571428571428,0.0011680895436474,0.3635371179039301,2.750750750750751,0.0093034900765303,7.023,7.977,0.8817922077922078,0.5317999999999999,0.5077819954752253,0.0081210115089847,0.3623378406490534,0.3626424696847673,0.4440852169790533
graph_089_mu_0_2_node_808,17,0.4095238095238095,0.0007169887027783,0.3535031847133758,2.828828828828829,0.0081120174592491,13.007,3.993,3.2599166666666664,0.2348823529411764,0.2637794913015575,0.0040669553695143,0.1330774193548387,0.1332299987361002,0.7920429556973899
graph_089_mu_0_2_node_213,17,0.1323529411764706,0.0012390565754244,0.3708240534521158,2.6966966966966965,0.0110908489949574,8.02,8.98,0.8945275335775339,0.528235294117647,0.6101676253713127,0.0091323259781389,0.3590520520220521,0.359394996972483,0.5417644372619101
graph_089_mu_0_2_node_489,15,0.141025641025641,0.0006524543246269,0.3619565217391304,2.7627627627627627,0.0109431943765572,8.013,6.987,1.148785714285714,0.4658,0.3972093436752172,0.0071225187984032,0.3037,0.3039668527743304,0.3965786527853031
graph_089_mu_0_2_node_542,31,0.2463054187192118,0.0027875621523094,0.389777604369879,2.5655655655655654,0.0201048896117732,18.016,12.984,1.3878671328671326,0.4188387096774192,0.6694599554650571,0.0132502688009502,0.2649032092837135,0.2653993696855351,0.8762013614517994
graph_089_mu_0_2_node_640,54,0.2669683257918552,0.0050812243907024,0.4128099173553719,2.4224224224224224,0.0672348347466726,40.095,13.905,2.887216283716284,0.2574999999999999,0.3062771085023442,0.0145774598914401,0.1477957009427695,0.1483279345043389,0.8586464288390807
graph_089_mu_0_2_node_539,29,0.2934472934472934,0.0022853699968846,0.3765548435733132,2.655655655655656,0.0134593538326155,20.009,8.991,2.225847222222222,0.3100344827586207,0.419748308971634,0.0091939235379328,0.1834604081632653,0.1838040880018613,0.8866966037954808
graph_089_mu_0_2_node_742,16,0.45,0.0003572072490611,0.3627450980392157,2.756756756756757,0.0214846317085331,13.002,2.998,4.338666666666668,0.187375,0.0779404243164913,0.0031189043657555,0.1033747126436781,0.1034892756937989,0.3378948870225291
graph_089_mu_0_2_node_348,20,0.3263157894736842,0.0007727039568562,0.3649981731823164,2.73973973973974,0.0120675614595066,15.0,5.0,3.004666666666667,0.25,0.2063888300133394,0.0051264812243072,0.1429206349206349,0.1431117150439884,0.6169647351988075
graph_089_mu_0_2_node_79,20,0.3421052631578947,0.0010105821899211,0.3708240534521158,2.6966966966966965,0.0173893467295119,13.013,6.987,1.8633333333333333,0.3493499999999999,0.2447369811818396,0.0071972282412547,0.2116577540106951,0.2119247088474176,0.4549386561737286
graph_089_mu_0_2_node_583,24,0.1774891774891775,0.0015957473014752,0.3775510204081632,2.6486486486486487,0.0148651282906434,15.034,8.966,1.678190476190477,0.3735833333333334,0.3031193105637218,0.0092454114057265,0.2297260787992495,0.2300686729196468,0.4732611125704254
graph_089_mu_0_2_node_72,18,0.1416666666666666,0.0010010927199215,0.3668747704737422,2.725725725725726,0.0129002022895163,9.067,8.933,1.018672077922078,0.4962777777777778,0.5708592613476622,0.0090926714229576,0.3302467323481116,0.3305879100035366,0.5085425278465519
graph_089_mu_0_2_node_609,46,0.2647342995169082,0.0045660959806089,0.4117889530090684,2.4284284284284285,0.0635734389880081,31.052,14.948,2.0787142857142857,0.3249565217391305,0.3449676543777112,0.0156385936015506,0.1940159970830856,0.1945877346692119,0.7152170362441707
graph_089_mu_0_2_node_955,23,0.2450592885375494,0.0014379613813324,0.380281690140845,2.6296296296296298,0.019685006551608,14.038,8.962,1.5682876984126988,0.3896521739130435,0.303078101282119,0.0092409892978843,0.2420099409125725,0.2423523561295698,0.4732789795408829
graph_089_mu_0_2_node_571,33,0.2840909090909091,0.0025871833421878,0.390539483971853,2.5605605605605604,0.046005155107016,22.044,10.956,2.013958333333333,0.3319999999999999,0.2528872593479322,0.011462087203677,0.1990653746435053,0.199484199825876,0.5076686399050179
graph_089_mu_0_2_node_467,17,0.0955882352941176,0.0012564795488894,0.3735976065818998,2.6766766766766765,0.0129530582755768,7.007,9.993,0.7016950937950936,0.5878235294117646,0.5671953477829725,0.0101874309261859,0.4163414492753624,0.4167230364238125,0.3959687337527943
graph_089_mu_0_2_node_391,29,0.3304843304843304,0.0017758790329946,0.3812977099236641,2.6226226226226226,0.0206738365469188,21.005,7.995,2.627589285714285,0.2756896551724138,0.3405609377196192,0.0081935447846841,0.1598862745098039,0.160191917296505,0.8517194777208884
graph_089_mu_0_2_node_787,22,0.2894736842105263,0.0010302770245717,0.3722056631892697,2.6866866866866865,0.0151871780308923,14.025,7.975,1.7598214285714284,0.3624999999999999,0.4262729356657045,0.0081391523932833,0.2213963963963965,0.2217011121254925,0.6939000170585532
graph_089_mu_0_2_node_618,18,0.275,0.0008069389182869,0.3587073608617594,2.787787787787788,0.0088717801412603,12.991,5.009,2.6034090909090915,0.2782777777777777,0.339945165281665,0.0050944302898996,0.1618042375366569,0.16199563186578,0.8120355221246103
graph_089_mu_0_2_node_241,24,0.4094202898550724,0.0010054874375942,0.373877245508982,2.674674674674675,0.031236630984553,18.046,5.954,3.0376,0.2480833333333333,0.147171771129634,0.006211051298972,0.1416369676834792,0.1418645506633215,0.4443976177125431
graph_089_mu_0_2_node_619,16,0.325,0.0005991025108779,0.352878841398799,2.833833833833834,0.0093799290707599,12.009,3.991,3.0208888888888885,0.2494375,0.254714637093635,0.0040629043303933,0.1426052687941743,0.1427577598618798,0.760602632710845
graph_089_mu_0_2_node_865,22,0.3368421052631579,0.0010593865125223,0.3644655235315578,2.743743743743744,0.010082317456996,16.01,5.99,2.6739999999999995,0.2722727272727271,0.3389736569019254,0.006106070955094,0.1575978407557355,0.1578267640047337,0.8481467374398696
graph_089_mu_0_2_node_894,14,0.1648351648351648,0.0008186672380097,0.3634048744998181,2.751751751751752,0.0101288910590909,8.015,5.985,1.3421999999999998,0.4275,0.3816735307554065,0.0060930483444479,0.2720202020202019,0.272248794336148,0.5071552552857459
graph_089_mu_0_2_node_12,23,0.217391304347826,0.0020399396921061,0.377123442808607,2.6516516516516515,0.0131075431432938,13.992,9.008,1.5555284299034304,0.3916521739130435,0.3543602929803069,0.0092512414481167,0.2436089157258662,0.243953086465154,0.5475397815139184
graph_089_mu_0_2_node_225,34,0.3244206773618538,0.00207265071267,0.3906922174423152,2.55955955955956,0.0481089440526033,26.015,7.985,3.259916666666667,0.2348529411764706,0.1756178844184159,0.0083721716698457,0.1330570421293848,0.1333624196393613,0.5715949759925745
graph_089_mu_0_2_node_190,35,0.2487394957983193,0.0031330564508051,0.392688679245283,2.5465465465465464,0.0384474547372272,22.006,12.994,1.6936946386946388,0.371257142857143,0.3377915195648907,0.0135180577560246,0.227943851446266,0.2284405453046211,0.5718138073284414
graph_089_mu_0_2_node_56,27,0.301994301994302,0.0023292782514317,0.3837879369957741,2.6056056056056054,0.0166006837487749,17.014,9.986,1.7041999999999995,0.3698518518518518,0.5148820372805792,0.0101908270096699,0.226890909090909,0.2272725207710825,0.8759008697173545
graph_089_mu_0_2_node_435,18,0.2091503267973856,0.0011011952589183,0.3675496688741722,2.720720720720721,0.0128020027159542,10.038,7.962,1.2700192307692306,0.4423333333333334,0.5423163389882907,0.0080961479047796,0.2843108733651606,0.2846149990726215,0.6772489986745361
graph_089_mu_0_2_node_676,22,0.4329004329004329,0.0008379026245815,0.377123442808607,2.6516516516516515,0.0387337223363084,16.025,5.975,2.6864666666666657,0.2715909090909089,0.1379257769834747,0.0062509681965652,0.157156841446957,0.1573851917353258,0.3691716964161994
graph_089_mu_0_2_node_623,18,0.1568627450980392,0.0013762852583679,0.3668747704737422,2.725725725725726,0.0102219164636841,9.012,8.988,1.0041785714285714,0.4993333333333333,0.6109933319546424,0.0091402668000739,0.3328530377668308,0.3331963141487258,0.6100163462387752
graph_089_mu_0_2_node_158,19,0.3625730994152046,0.0008326256575199,0.3627450980392157,2.756756756756757,0.0128065835788625,14.004,4.996,2.8037999999999994,0.2629473684210526,0.2128453690548703,0.0051199998089626,0.151379679144385,0.1515705921267091,0.5961856622657082
graph_089_mu_0_2_node_155,22,0.3636363636363636,0.0009626908434354,0.3680913780397936,2.716716716716717,0.025387374330634,17.007,4.993,3.407699999999999,0.2269545454545453,0.1298368922903472,0.0051942620101971,0.1280076923076923,0.1281985344592425,0.4418430267722856
graph_089_mu_0_2_node_110,30,0.2206896551724138,0.0023120914845928,0.3951740506329114,2.5305305305305303,0.0315802433178738,19.02,10.98,1.7327272727272722,0.3659999999999999,0.2826789660019849,0.0114303730203174,0.224,0.2244196454398634,0.4890451217995823
graph_089_mu_0_2_node_395,15,0.2666666666666666,0.0007704159820494,0.3585786073223259,2.7887887887887888,0.0105045437337337,10.014,4.986,2.012166666666667,0.3324,0.3383521042766615,0.0050712427392257,0.1993978021978022,0.1995882749077611,0.6762596293074835
graph_089_mu_0_2_node_344,22,0.3246753246753247,0.0009163989806119,0.3719285182427401,2.6886886886886887,0.0304035209790294,16.01,5.99,2.674366666666666,0.2722727272727271,0.1317291552141815,0.0062804944126166,0.1575993252361673,0.157828248476405,0.3516927292558517
graph_089_mu_0_2_node_168,41,0.3304878048780488,0.0028770517744035,0.404126213592233,2.4744744744744747,0.0636095303060241,30.013,10.987,2.732118181818181,0.2679756097560977,0.2533806230480502,0.0114951884103957,0.1547210485133019,0.1551413145470267,0.6916040566892653
graph_089_mu_0_2_node_442,40,0.3826458036984352,0.0024348242040674,0.392688679245283,2.5465465465465464,0.0480520528109923,31.016,8.984,3.453492063492062,0.2246,0.2336368503590019,0.0093461091088262,0.1265106008960919,0.126854302432608,0.7800030345891825
graph_089_mu_0_2_node_529,20,0.2483660130718954,0.0009100255619063,0.3636694575900983,2.74974974974975,0.0121464809300756,13.0,7.0,1.858681318681319,0.3499999999999998,0.2886450269562278,0.0071773404014624,0.2121766686472568,0.2124441196537329,0.4936111728893667
graph_089_mu_0_2_node_184,27,0.3133903133903133,0.0016990643126646,0.3817348108521207,2.61961961961962,0.0326563344049544,18.09,8.91,2.0378214285714287,0.3299999999999999,0.2203795040744035,0.0092944421653516,0.1976943570767808,0.1980348911434561,0.4450333515466443
graph_089_mu_0_2_node_302,35,0.2462121212121212,0.0031571222532367,0.3872093023255814,2.5825825825825826,0.0250937214290399,25.013,9.987,2.505347222222223,0.2853428571428571,0.3395926367205858,0.010295410338823,0.1664198836594393,0.166801766985202,0.8156832087762576
graph_089_mu_0_2_node_181,26,0.1594202898550724,0.0022132470089815,0.3848228043143297,2.5985985985985987,0.0202139367387942,15.007,10.993,1.365658585858586,0.4228076923076924,0.3874141478441845,0.0113201545578101,0.2680990282884781,0.2685190414893591,0.4928463813456966
graph_089_mu_0_2_node_417,35,0.4053030303030303,0.0017803105798618,0.3820267686424474,2.6176176176176176,0.0275399499570985,28.016,6.984,4.015333333333333,0.1995428571428571,0.2446832488580551,0.0071939886987028,0.1108365384615384,0.1111036849114939,0.94490180014859
graph_089_mu_0_2_node_670,16,0.1978021978021978,0.0009176815918448,0.3592233009708738,2.783783783783784,0.0091500855448922,9.023,6.977,1.2946285714285717,0.4360625,0.4615683425678853,0.0071052714405996,0.2788713390313391,0.2791378305933779,0.5282652014936278
graph_089_mu_0_2_node_569,30,0.291005291005291,0.0019941507887075,0.3776937618147448,2.647647647647648,0.0186113607082332,22.003,7.997,2.7516071428571425,0.2665666666666666,0.2699909300631637,0.0082469137380998,0.1537808417997096,0.1540865843600744,0.708923516497283
graph_089_mu_0_2_node_296,21,0.1871345029239766,0.0014202934452161,0.3719285182427401,2.6886886886886887,0.0145869758254385,13.034,7.966,1.6396057692307693,0.3793333333333333,0.508613029224577,0.0081090022699583,0.2341691007437457,0.2344734493410332,0.7612714286509692
graph_089_mu_0_2_node_148,26,0.4338461538461538,0.0012583160582745,0.3774083868530412,2.6496496496496498,0.0224345562432125,19.007,6.993,2.7188666666666674,0.2689615384615385,0.3293813301282051,0.0071474375725335,0.155380779113989,0.1556480855849817,0.8944368246336999
graph_089_mu_0_2_node_914,23,0.2450592885375494,0.0015939804966024,0.3769811320754717,2.6526526526526526,0.0177451666416034,13.012,9.988,1.3032583333333336,0.4342608695652175,0.4256260321033281,0.0102357187873655,0.2773688161846056,0.2777503875359224,0.5536079446395331
graph_089_mu_0_2_node_971,42,0.3166666666666666,0.002970233140216,0.4018503620273532,2.4884884884884886,0.043182335461292,31.008,10.992,2.821522727272729,0.2617142857142857,0.2828381830586321,0.0114433860467451,0.1505617607513786,0.150982249963498,0.7718676734447797
graph_089_mu_0_2_node_101,23,0.3571428571428571,0.0009093504427061,0.3679558011049724,2.7177177177177176,0.0138704383923473,16.066,6.934,2.3222952380952373,0.3014782608695652,0.3381211896685447,0.0071008397550779,0.1775439024390243,0.1778088944116433,0.7278964266219625
graph_089_mu_0_2_node_309,29,0.3817663817663818,0.0012741448778232,0.3764129615674453,2.6566566566566565,0.0214577663069001,23.013,5.987,3.846383333333334,0.2064482758620689,0.2097130663242238,0.0061672056703076,0.1151118099231306,0.1153407410652198,0.7699452093283079
graph_089_mu_0_2_node_660,27,0.19,0.0022128252827584,0.3872093023255814,2.5825825825825826,0.0242942097196681,15.014,11.986,1.2529454545454546,0.4439259259259261,0.5107213167523609,0.0122833903230142,0.2852983992751434,0.2857563352877946,0.5963962118709676
graph_089_mu_0_2_node_69,26,0.3442028985507246,0.0016309696809217,0.3794151158374478,2.635635635635636,0.0189016120800758,18.011,7.989,2.255107142857143,0.3072692307692307,0.4119911165776511,0.0081526648130357,0.1815292929292929,0.1818346364864684,0.8760599808530624
graph_089_mu_0_2_node_938,21,0.3619047619047619,0.0010268499023365,0.3759879563417388,2.65965965965966,0.0264768384147628,14.012,6.988,2.0062,0.3327619047619047,0.1723640629097025,0.0072908230248454,0.1996018018018018,0.1998688152145565,0.3452050800428975
graph_089_mu_0_2_node_30,22,0.277056277056277,0.0018374360306679,0.3814432989690721,2.621621621621621,0.0154045237486924,13.008,8.992,1.446888888888889,0.4087272727272728,0.4635666440017627,0.0091764085440898,0.256863492063492,0.2572070262501619,0.6698742325899785
graph_089_mu_0_2_node_459,17,0.4952380952380952,0.0003919293561383,0.3518844663613948,2.8418418418418416,0.0106270836612799,14.001,2.999,4.6695,0.1764117647058823,0.1049553221609279,0.0030894217508751,0.0967399193548387,0.0968545293685706,0.4548494067833759
graph_089_mu_0_2_node_924,24,0.3550724637681159,0.0012699928369958,0.3722056631892697,2.6866866866866865,0.0148894238902076,16.015,7.985,2.0065714285714287,0.3327083333333333,0.4118598108705902,0.0081486197632852,0.1995623693379791,0.1998675134762329,0.8246142408171948
graph_089_mu_0_2_node_850,27,0.3333333333333333,0.0015859065807148,0.3864603481624758,2.587587587587588,0.0432561048640795,18.014,8.986,2.005357142857143,0.3328148148148148,0.2072590984452903,0.0094016046498424,0.1996358926919519,0.1999793290616786,0.4149717022747289
graph_089_mu_0_2_node_194,21,0.1238095238095238,0.0015679215741351,0.378839590443686,2.63963963963964,0.0184221505304843,9.058,11.942,0.760128787878788,0.5686666666666665,0.4040135108527244,0.0123135397899509,0.3974594208211144,0.3979154685829629,0.3048322288281778
graph_089_mu_0_2_node_332,27,0.2833333333333333,0.0018556084345647,0.3785524820007578,2.641641641641641,0.0159802618737612,17.064,9.936,1.7194999999999996,0.3679999999999999,0.4834017916281805,0.0101769229111551,0.2255320158102766,0.2259117186964738,0.7764372094424189
graph_089_mu_0_2_node_82,26,0.2608695652173913,0.0016327882079593,0.3769811320754717,2.6526526526526526,0.0168144157576814,18.956,7.044,2.7049261904761908,0.2709230769230769,0.2789537222175701,0.0072338702584499,0.1569601775688731,0.1572294302571054,0.7027291367607212
graph_089_mu_0_2_node_630,21,0.4476190476190476,0.0007321040152702,0.3670095518001469,2.724724724724725,0.0153858826609251,15.01,5.99,2.507,0.2852380952380952,0.2822404865967365,0.0061221803362158,0.1663513513513513,0.1665802571039059,0.7061804039710288
graph_089_mu_0_2_node_59,23,0.3043478260869565,0.0012372366507418,0.3713754646840149,2.6926926926926926,0.0151002021595443,17.003,5.997,2.835633333333333,0.2607391304347826,0.2024935761135141,0.0061842905841715,0.1499158536585365,0.1501450617964404,0.5738639435674973
graph_089_mu_0_2_node_249,26,0.2753623188405797,0.0018301137400203,0.3808616088448341,2.625625625625626,0.0159069584949255,16.044,9.956,1.6130000000000004,0.382923076923077,0.4837678895454358,0.0101981466370288,0.2368335850196315,0.2372140223327516,0.7276157653301407
graph_089_mu_0_2_node_146,28,0.4276923076923077,0.0013299630999772,0.3779795686719637,2.645645645645646,0.021194770069082,21.011,6.989,3.0078666666666667,0.2496071428571429,0.329301469017094,0.0071432176985615,0.1426075070028011,0.1428747015248023,0.9415866147741148
graph_089_mu_0_2_node_603,17,0.125,0.0012156703419703,0.3702742772424018,2.700700700700701,0.0115686473012039,8.002,8.998,0.8898592796092798,0.5292941176470588,0.3170717944863611,0.0092658725351677,0.3599529507529507,0.3602965825683839,0.2814963563537488
graph_089_mu_0_2_node_638,14,0.3846153846153846,0.0004407833509208,0.3618254255704455,2.763763763763764,0.0178284917276647,10.006,3.994,2.507,0.2852857142857142,0.1028085725853607,0.0041578587587234,0.1663866666666666,0.1665392492638241,0.257334890610926
graph_089_mu_0_2_node_407,20,0.1568627450980392,0.0012234544115566,0.375281743050338,2.664664664664665,0.0138722402095636,11.013,8.987,1.2266575091575087,0.4493500000000001,0.3168827618218311,0.0092541533906788,0.2898404746388618,0.2901837653866131,0.3521152403624782
graph_089_mu_0_2_node_162,34,0.2727272727272727,0.0030101510519351,0.3858632676709154,2.5915915915915915,0.0179820842990119,25.995,8.005,3.2517000000000005,0.2354411764705882,0.2823470221916745,0.0082432375728039,0.1334866120218579,0.1337927531464097,0.9148072975065636
graph_089_mu_0_2_node_297,29,0.3418803418803419,0.0014726519650246,0.3840830449826989,2.603603603603604,0.0361738541612046,21.003,7.997,2.6265535714285715,0.2757586206896552,0.1971520279134042,0.0083438972878403,0.1599317647058823,0.1602374838896393,0.4930122590691356
graph_089_mu_0_2_node_882,19,0.3391812865497076,0.0006319685907825,0.367684946632315,2.71971971971972,0.0207879435538659,14.003,4.997,2.8028499999999994,0.263,0.1285734850993764,0.0052022174329596,0.1514135472370766,0.1516044984150288,0.3601434631962868
graph_089_mu_0_2_node_540,21,0.1857142857142857,0.0013733485633739,0.3769811320754717,2.6526526526526526,0.0161427649930822,12.015,8.985,1.337708333333333,0.4278571428571429,0.3055755052017144,0.0092623177829765,0.2721657754010693,0.2725090161755703,0.4079066301919562
graph_089_mu_0_2_node_694,26,0.286231884057971,0.001717148246159,0.3697261287934863,2.704704704704705,0.0110452974801935,18.011,7.989,2.255107142857143,0.3072692307692307,0.3730499859268205,0.008169218023824,0.1815292929292929,0.1818346364864684,0.793418686186675
graph_089_mu_0_2_node_644,35,0.280672268907563,0.0025170668889592,0.4002403846153846,2.4984984984984986,0.0528300333878093,23.019,11.981,1.921757575757576,0.3423142857142857,0.2763233579929511,0.012535152535222,0.2065085719851938,0.2069665972066685,0.5302596768002166
graph_089_mu_0_2_node_735,25,0.2766666666666666,0.0018327529077533,0.3765548435733132,2.655655655655656,0.0151593874958798,16.017,8.983,1.784077380952381,0.35932,0.4196235332700763,0.0091853977616188,0.2190239850903493,0.2193672544042805,0.7466535865162734
graph_089_mu_0_2_node_163,23,0.2648221343873518,0.0014905510513496,0.3741573033707865,2.6726726726726726,0.0147451668828122,15.997,7.003,2.2867,0.3044782608695652,0.288839524582738,0.0071804532813122,0.1796441273779983,0.179911754148154,0.658044949030755
graph_089_mu_0_2_node_836,21,0.3952380952380952,0.0009757486855037,0.3768389287061486,2.6536536536536537,0.0201825478541076,14.016,6.984,2.009,0.3325714285714286,0.3292337405649905,0.0071378492801262,0.1994756756756757,0.1997425363176087,0.6592347690503939
graph_089_mu_0_2_node_424,19,0.2352941176470588,0.0008514004271401,0.3606498194945848,2.7727727727727727,0.0093971124634334,14.0,5.0,2.8028499999999994,0.2631578947368421,0.1762951088575749,0.0051488066419777,0.1515514387573211,0.1517425043908708,0.4574924721591393
graph_089_mu_0_2_node_73,29,0.3304843304843304,0.0013086655604393,0.3818807339449541,2.6186186186186187,0.0382685279031878,22.02,6.98,3.156942857142858,0.2406896551724137,0.1535593001259649,0.0073182540451085,0.136818321523094,0.1370851926198778,0.4618720026204483
graph_089_mu_0_2_node_893,23,0.2529644268774703,0.0017376849025447,0.3775510204081632,2.6486486486486487,0.0159424975282948,13.076,9.924,1.3198694444444448,0.4314782608695652,0.4832244170327963,0.0101639894784785,0.2751658764027185,0.2755450052535043,0.6307487362888273
graph_089_mu_0_2_node_721,23,0.300395256916996,0.0009629743479463,0.37,2.702702702702702,0.0275081822156468,18.012,4.988,3.613800000000001,0.2168695652173913,0.1097225943478008,0.0052298427562943,0.1216306620209059,0.1218213277257722,0.3957430780170775
graph_089_mu_0_2_node_572,19,0.1403508771929824,0.0016492334102462,0.3757051523128996,2.661661661661661,0.0137195772554118,8.092,10.908,0.7445742424242423,0.5741052631578949,0.6669299736501999,0.0111241051277184,0.4029071702244116,0.4033237164941988,0.4879336105859011
graph_089_mu_0_2_node_251,18,0.4444444444444444,0.0006631621297407,0.3660681568340051,2.731731731731732,0.0246826185150393,13.028,4.972,2.625800000000001,0.2762222222222221,0.1227859602792999,0.0051870385324548,0.1602763929618768,0.1604663747207283,0.3204512760990363
graph_089_mu_0_2_node_301,26,0.3630769230769231,0.0011899996721123,0.3860123647604327,2.5905905905905904,0.0430811741863897,19.012,6.988,2.7217142857142864,0.2687692307692307,0.1611662536064787,0.0073111995897814,0.1552541062801931,0.1555212217672736,0.438054110453089
graph_089_mu_0_2_node_446,24,0.2164502164502164,0.0016563924699569,0.3769811320754717,2.6526526526526526,0.0165038530500488,15.985,8.015,2.000285714285714,0.3339583333333332,0.315744144442854,0.0082309791236071,0.2006175582428093,0.2009238469893856,0.5858887511518391
graph_089_mu_0_2_node_20,30,0.2698412698412698,0.0023601545095577,0.3817348108521207,2.61961961961962,0.0177439563951303,19.007,10.993,1.7292424242424238,0.3664333333333332,0.5131887175895269,0.0112404826652558,0.2243193277310924,0.2247394694393976,0.8400811697926545
graph_089_mu_0_2_node_973,23,0.2857142857142857,0.0012252945513871,0.3697261287934863,2.704704704704705,0.0129660712863469,16.998,6.002,2.835102564102564,0.2609565217391303,0.2475895113520727,0.0061540095695064,0.1501036954915003,0.1503330943770319,0.6581808253112472
graph_089_mu_0_2_node_85,18,0.2583333333333333,0.0009023246643758,0.3641997812613926,2.745745745745746,0.0094975719359897,11.075,6.925,1.6069571428571434,0.3847222222222223,0.4240443591965651,0.0070616986535631,0.2383263348164627,0.2385908818319668,0.6094483877023668
graph_089_mu_0_2_node_149,41,0.2304878048780488,0.0038837209752717,0.4107730263157895,2.434434434434434,0.0526119923288762,25.019,15.981,1.5658978937728938,0.3897804878048781,0.3941567733151893,0.0166734519829154,0.2420751618563771,0.2426861042569987,0.6164117301174241
graph_089_mu_0_2_node_633,22,0.2943722943722944,0.0011725941654149,0.3781226343679031,2.6446446446446448,0.0242737954263581,15.001,6.999,2.1433809523809524,0.3181363636363636,0.1800636670820143,0.0072864356970826,0.1891578947368421,0.1894253486207472,0.3858760607978649
graph_089_mu_0_2_node_999,16,0.2416666666666666,0.0009793398395822,0.3656661786237188,2.734734734734735,0.0102850402429747,9.008,6.992,1.288914285714286,0.437,0.3264631649818312,0.0071497566003074,0.2796098005698007,0.2798768646724603,0.419962620265943
graph_089_mu_0_2_node_883,19,0.3742690058479532,0.0008587504843978,0.3622189992748368,2.760760760760761,0.0119439485202216,13.012,5.988,2.174266666666667,0.3151578947368422,0.2797040774024467,0.0061226852743125,0.1870681818181818,0.1872969762121283,0.606903477367609
graph_089_mu_0_2_node_393,29,0.3399014778325123,0.0018760951252333,0.3867595818815331,2.5855855855855854,0.0379533462928405,20.008,8.992,2.2254444444444443,0.3100689655172414,0.2337800898486928,0.0093545965747092,0.183484081632653,0.1838277996610162,0.51990873220786
graph_089_mu_0_2_node_87,24,0.354978354978355,0.0014137483186532,0.3715135738192636,2.6916916916916915,0.0125727070005215,17.052,6.948,2.458971428571428,0.2895,0.3383266680709008,0.0071159008704271,0.1692861194392674,0.1695516663565024,0.7761462944146295
graph_089_mu_0_2_node_206,19,0.3391812865497076,0.0009035277353163,0.3713754646840149,2.6926926926926926,0.0151850112105959,12.015,6.985,1.7217952380952384,0.3676315789473683,0.3604180447693537,0.007127814008464,0.2252411412512218,0.2255079992989729,0.6183260652282809
graph_089_mu_0_2_node_906,38,0.3142857142857143,0.0028550177521352,0.40056134723336,2.4964964964964964,0.0474334197163096,26.014,11.986,2.17069696969697,0.315421052631579,0.3116483692827747,0.0124692803483242,0.1872442307692307,0.1877025520321544,0.6500099831039647
graph_089_mu_0_2_node_201,20,0.1503267973856209,0.0015716233787553,0.374859287054409,2.667667667667668,0.0128779216326317,10.016,9.984,1.0036111111111112,0.4992,0.5649812432759054,0.0101773580346239,0.3326478494623655,0.3330291807690951,0.5090800658904803
graph_089_mu_0_2_node_154,37,0.3411764705882353,0.002166866968324,0.3906922174423152,2.55955955955956,0.0439206660793474,28.008,8.992,3.115662698412699,0.243027027027027,0.2337948406164456,0.0093545497473919,0.1383250878474758,0.1386690161954012,0.7018727454895709
graph_089_mu_0_2_node_685,38,0.3111111111111111,0.0025333082478131,0.4004008016032064,2.497497497497497,0.048229722980988,28.007,9.993,2.802955555555555,0.2629736842105263,0.2598035438285044,0.0103959316109509,0.1513948439620081,0.1517770441926158,0.7018548085582347
graph_089_mu_0_2_node_899,22,0.277056277056277,0.0014567735067421,0.373877245508982,2.674674674674675,0.0151471212228437,14.017,7.983,1.756678571428571,0.3628636363636364,0.3403184849956436,0.0081808326458435,0.2216606606606607,0.2219656818146456,0.5962553913398888
graph_089_mu_0_2_node_336,18,0.2916666666666667,0.0008875520072121,0.3590941768511862,2.784784784784785,0.0098563409090966,12.013,5.987,2.0087,0.332611111111111,0.3389376177992738,0.0061027422420965,0.1995040322580645,0.1997327709592002,0.622064606191703
graph_089_mu_0_2_node_964,31,0.2021505376344086,0.0034733029595866,0.3842307692307692,2.6026026026026026,0.0197925922765453,16.032,14.968,1.07189010989011,0.4828387096774195,0.69929029952266,0.0153043704448588,0.3182927905630336,0.3188646357032493,0.7473085456100166
graph_089_mu_0_2_node_430,24,0.2391304347826087,0.0019521835888759,0.3747186796699174,2.6686686686686687,0.014559480405301,14.014,9.986,1.4038666666666666,0.4160833333333333,0.4663460249955036,0.0102106339760774,0.2627076923076922,0.2630892164914381,0.6534590534598159
graph_089_mu_0_2_node_897,22,0.2421052631578947,0.0007939905384164,0.3754227733934611,2.663663663663664,0.0320746284481506,17.003,4.997,3.4040333333333326,0.2271363636363635,0.1098669528398891,0.0052393806468205,0.1281218886804252,0.1283128836407458,0.3517065242199206
graph_089_mu_0_2_node_331,17,0.1428571428571428,0.0010378576708883,0.3609104046242775,2.770770770770771,0.0094753812269616,9.002,7.998,1.1263706709956711,0.4704705882352941,0.5082657809716299,0.0081432904254051,0.3076494399320485,0.3079549169249627,0.5070703567573782
graph_089_mu_0_2_node_663,28,0.3046153846153846,0.0017312090607573,0.3775510204081632,2.6486486486486487,0.0190658509295502,19.016,8.984,2.117444444444444,0.3208571428571429,0.3829083878092558,0.0092068225228852,0.1910932117527861,0.1914365980024412,0.7667905842226622
graph_089_mu_0_2_node_733,24,0.3188405797101449,0.0011808466352661,0.3791271347248577,2.6376376376376376,0.0329643345942553,17.01,6.99,2.4352,0.29125,0.1724175403349562,0.0072928926613664,0.1704581476379547,0.1707252986398034,0.4191381498770839
graph_089_mu_0_2_node_93,26,0.2953846153846154,0.001564847682872,0.3751408186256102,2.665665665665666,0.0238598534117906,18.01,7.99,2.2552619047619045,0.3073076923076922,0.2056396594608582,0.008317893017021,0.1815601229688185,0.1818655046807301,0.4631032314827837
graph_089_mu_0_2_node_245,23,0.2476190476190476,0.0013185563499374,0.3727611940298507,2.6826826826826826,0.0164852728928352,15.009,7.991,1.879463095238095,0.3474347826086955,0.2717055662375097,0.0082377376766194,0.2102546097890128,0.2105599596582167,0.4758258632016239
graph_089_mu_0_2_node_748,17,0.125,0.0012300206056739,0.3710995542347697,2.694694694694695,0.0125238291761561,7.006,9.994,0.7012749999999999,0.5878823529411763,0.4115772685142922,0.0102473843190491,0.4163464801864803,0.4167281055596034,0.2880865064531518
graph_089_mu_0_2_node_691,21,0.2904761904761905,0.0011000152235055,0.3679558011049724,2.7177177177177176,0.0136508339743808,16.007,4.993,3.2073500000000004,0.2377619047619047,0.1686614186921312,0.005148836170347,0.1349260312944523,0.1351168588584028,0.5401372407647054
graph_089_mu_0_2_node_758,21,0.1333333333333333,0.0020709950065512,0.3791271347248577,2.6376376376376376,0.0121865173636259,9.007,11.993,0.7513125,0.571095238095238,0.4942006661905117,0.0122970338527241,0.3997186104218363,0.4001766034919942,0.3702385020520346
graph_089_mu_0_2_node_549,22,0.2554112554112554,0.0015625844219959,0.3706864564007421,2.6976976976976976,0.0146212226053888,13.008,8.992,1.4476222222222217,0.4087272727272728,0.4197742312800767,0.009194972427659,0.2568742368742369,0.2572177710083862,0.6067182001797989
graph_089_mu_0_2_node_329,23,0.3122529644268774,0.0016398174420145,0.3751408186256102,2.665665665665666,0.0179082088854881,15.015,7.985,1.881708333333333,0.3471739130434781,0.4264531890894006,0.0081497714425698,0.2100669365721996,0.2103720573640036,0.8003030248396715
graph_089_mu_0_2_node_911,28,0.2063492063492063,0.002797046607218,0.3936170212765957,2.5405405405405403,0.0239998734310149,15.056,12.944,1.1644620046620042,0.4622857142857143,0.7265435022705213,0.0132080843984399,0.3006903534842867,0.3011848739479515,0.8397470084681697
graph_089_mu_0_2_node_359,24,0.2644927536231884,0.001858964498711,0.3812977099236641,2.6226226226226226,0.0161163365797798,14.015,9.985,1.4040666666666664,0.4160416666666667,0.5149538314925212,0.0101895226567028,0.2626736842105263,0.2630551702365861,0.7214295092674984
graph_089_mu_0_2_node_106,41,0.3576248313090418,0.0023236662922181,0.391304347826087,2.555555555555556,0.0476511093239585,32.01,8.99,3.5612500000000007,0.2192682926829269,0.2337381340527099,0.0093525197803905,0.123135875601629,0.1234798327957767,0.8058925171761973
graph_089_mu_0_2_node_852,20,0.1421052631578947,0.0017431582043708,0.374859287054409,2.667667667667668,0.0130780689169263,10.02,9.98,1.005260101010101,0.499,0.5678124527608757,0.0101733362646721,0.3325626622172784,0.3329438406863926,0.5657473601895238
graph_089_mu_0_2_node_807,24,0.3550724637681159,0.0012185575109051,0.3814432989690721,2.621621621621621,0.0389511246773172,18.011,5.989,3.0088000000000004,0.2495416666666667,0.1381448180971879,0.0062659069921264,0.1425647840531561,0.1427937041016074,0.4149414701965175
graph_089_mu_0_2_node_760,30,0.3412698412698413,0.0017199351986012,0.3758465011286682,2.660660660660661,0.023169545115054,20.01,9.99,2.003904761904762,0.3329999999999999,0.4705209353146853,0.0102107027383166,0.1997700332963374,0.2001518851787012,0.8945070065351317
graph_089_mu_0_2_node_127,14,0.3181818181818182,0.0005137786290342,0.3465140478668054,2.885885885885886,0.0060183999346016,10.004,3.996,2.505833333333333,0.2854285714285713,0.2706928843414097,0.0040646700926984,0.1664927272727272,0.166645386223224,0.6086372847648495
graph_089_mu_0_2_node_933,29,0.4088669950738916,0.0013790526838101,0.3774083868530412,2.6496496496496498,0.0225329481763604,22.016,6.984,3.1547333333333345,0.2408275862068964,0.2446650299521534,0.00719412814786,0.1369074532570648,0.137174477165482,0.7698512093266241
graph_089_mu_0_2_node_174,33,0.2559139784946236,0.0022894111688292,0.3864603481624758,2.587587587587588,0.0218095751816288,23.012,9.988,2.3044,0.3026666666666667,0.3373758418335099,0.0102996706492329,0.1783233082706766,0.1787051714144538,0.7428056164400866
graph_089_mu_0_2_node_588,44,0.2799070847851335,0.003688380340491,0.3991210547343188,2.5055055055055053,0.0411185286179896,33.02,10.98,3.008,0.2495454545454545,0.2826091211931827,0.0114307099154503,0.1425641025641025,0.1429841975619446,0.823545801481127
graph_089_mu_0_2_node_654,19,0.3676470588235294,0.0007557912049158,0.3587073608617594,2.787787787787788,0.0109637081218693,14.02,4.98,2.8189999999999995,0.2621052631578947,0.2795057552366318,0.0050814641248969,0.150837789661319,0.1510280915135949,0.7277493890158462
graph_089_mu_0_2_node_686,15,0.2051282051282051,0.0006947749750219,0.3572961373390558,2.798798798798799,0.0102327813026339,9.027,5.973,1.5189583333333334,0.3982,0.4067068645606689,0.0060734155786182,0.2487784715284715,0.249006623117485,0.5421918089554962
graph_089_mu_0_2_node_997,37,0.2588235294117647,0.002771722312941,0.3945497630331753,2.5345345345345347,0.0437198355489105,25.011,11.989,2.086472727272727,0.324027027027027,0.3117093943428163,0.0124723862914265,0.1933405817972349,0.193798982563915,0.6239581917632001
graph_089_mu_0_2_node_24,53,0.2698039215686274,0.0049811859466939,0.4265584970111016,2.344344344344344,0.0802813272898968,37.027,15.973,2.3185255952380954,0.301377358490566,0.3684261692895232,0.0167115886886568,0.177428889950629,0.1780400878551983,0.8301678587460701
graph_089_mu_0_2_node_319,21,0.3684210526315789,0.0008900534314066,0.359740727403673,2.77977977977978,0.0085306752681242,16.011,4.989,3.2122500000000005,0.2375714285714285,0.2824059486719335,0.0050855124188428,0.1348080752817594,0.1349987500310897,0.8481849030821569
graph_089_mu_0_2_node_373,27,0.2849002849002849,0.0020988916938558,0.3817348108521207,2.61961961961962,0.0300242393745047,17.009,9.991,1.7026999999999997,0.3700370370370369,0.2597540166388949,0.0103938849220432,0.2270272727272726,0.2274090752833417,0.4418560137852726
graph_089_mu_0_2_node_475,19,0.3040935672514619,0.0008962043633084,0.3652650822669104,2.7377377377377377,0.0143981627520978,13.004,5.996,2.169200000000001,0.315578947368421,0.2038111068048218,0.0061813056429142,0.1873560606060606,0.1875851604949796,0.4417431173958517
graph_089_mu_0_2_node_353,18,0.2,0.0008530302369792,0.3571683947086164,2.7997997997998,0.0075110608486829,11.99,6.01,1.9996,0.3338888888888888,0.2370821910777151,0.0061722208818645,0.2005154673283706,0.2007450839017598,0.4304621530275231
graph_089_mu_0_2_node_240,27,0.3633333333333333,0.0013442452316435,0.373877245508982,2.674674674674675,0.0191509300518456,20.006,6.994,2.861514285714285,0.2590370370370369,0.2979724966520007,0.0071675906423824,0.148794507164568,0.149061872265319,0.8091450319713274
graph_089_mu_0_2_node_517,29,0.433048433048433,0.0009011431142273,0.3720670391061452,2.687687687687688,0.0380074675512879,24.026,4.974,4.837699999999999,0.1715172413793104,0.1228035086473754,0.0051892593104157,0.0938127183787561,0.0940029364342455,0.5673607783351644
graph_089_mu_0_2_node_796,20,0.3725490196078431,0.0008431531564807,0.3656661786237188,2.734734734734735,0.0124841347714991,15.004,4.996,3.004,0.2498,0.2332291089881054,0.005108748387736,0.1427301587301586,0.1429210863043775,0.6532870818181508
graph_089_mu_0_2_node_338,22,0.2368421052631578,0.0011892414434399,0.3709617526921648,2.695695695695696,0.0123368396364364,14.008,7.992,1.7540595238095238,0.3632727272727272,0.3293466227109719,0.0081944070973064,0.2219820807649755,0.2222874454169672,0.5349586287194
graph_089_mu_0_2_node_754,24,0.2934782608695652,0.0014535158850592,0.3698630136986301,2.703703703703704,0.0142848608107008,17.005,6.995,2.431657142857143,0.2914583333333333,0.2377889252782997,0.0072110686398397,0.1705936309861437,0.1708609729777697,0.5776469317574306
graph_089_mu_0_2_node_220,23,0.2924901185770751,0.0012298321879523,0.3821729150726855,2.6166166166166165,0.0248099011400875,15.006,7.994,1.8774642857142856,0.3475652173913042,0.2057018462604855,0.0083222454630116,0.2103400809716598,0.210645545427725,0.3859013296150693
graph_089_mu_0_2_node_330,26,0.1753846153846154,0.0024119343460804,0.3855654187572366,2.5935935935935936,0.0224991261006585,13.033,12.967,1.005560606060606,0.4987307692307693,0.3338385367924144,0.013499061318667,0.3322365853658535,0.3327319077588873,0.3345798668533109
graph_089_mu_0_2_node_622,14,0.2747252747252747,0.00062562123617,0.3547585227272727,2.818818818818819,0.0085950860724125,9.024,4.976,1.819405555555556,0.3554285714285713,0.3175842790015993,0.0050653209743784,0.2162577421815408,0.2164478184769908,0.5703997840157283
graph_089_mu_0_2_node_530,47,0.2898989898989899,0.0037469852391147,0.4052738336713996,2.4674674674674675,0.0462317573572891,35.028,11.972,2.926707575757576,0.254723404255319,0.3082665498595255,0.0124629231666658,0.1459550746540167,0.1464131765569382,0.8750619720711318
graph_089_mu_0_2_node_464,25,0.31,0.0014486309287785,0.3784090909090909,2.6426426426426426,0.0250864636353199,17.034,7.966,2.141994047619048,0.31864,0.2052368355439073,0.0082922922281243,0.1895485586764657,0.1898530005005649,0.4374426249045069
graph_089_mu_0_2_node_678,23,0.3517786561264822,0.0014330067329583,0.373877245508982,2.674674674674675,0.0162979354415683,15.002,7.998,1.8758214285714283,0.3477391304347825,0.3765118131868132,0.0081749659381885,0.210464237516869,0.21076985469704,0.7060489354395602
graph_089_mu_0_2_node_594,26,0.2971014492753623,0.0015253867283468,0.3807164634146341,2.6266266266266265,0.032448419024129,18.04,7.96,2.268726190476191,0.306153846153846,0.1752027559287582,0.0083455864167714,0.1807688186209925,0.1810730546659273,0.3742894786662535
graph_089_mu_0_2_node_563,32,0.3172413793103448,0.0024494070096536,0.383199079401611,2.6096096096096097,0.020232294623733,21.008,10.992,1.911482828282829,0.3435,0.488904586398407,0.011253810998415,0.207369087097389,0.2077892548641362,0.8893589553698339
graph_089_mu_0_2_node_77,26,0.2065217391304347,0.0020946102457865,0.3829053277117669,2.6116116116116115,0.01933950551782,14.013,11.987,1.1693848484848486,0.4610384615384617,0.5597451921019717,0.0122566513213876,0.299593844367015,0.3000517835278882,0.6068667797792189
graph_089_mu_0_2_node_963,30,0.2022988505747126,0.0025963247289706,0.3879611650485436,2.5775775775775776,0.021644281692484,18.013,11.987,1.5031363636363635,0.3995666666666667,0.4075403409354215,0.0123572934702528,0.2496724489795918,0.250130528140389,0.6118125024875405
graph_089_mu_0_2_node_135,20,0.392156862745098,0.0006692806464286,0.3626134301270417,2.7577577577577577,0.0125317481512158,15.017,4.983,3.0203333333333333,0.24915,0.2664289708097492,0.0050854099265215,0.1423260403260403,0.1425164712753564,0.7470608435598175
graph_089_mu_0_2_node_690,25,0.27,0.0012416700461518,0.3774083868530412,2.6496496496496498,0.0202314780973832,18.007,6.993,2.5758333333333336,0.2797200000000001,0.2361985573263658,0.0072111476939945,0.1626068827813014,0.1628741688183494,0.6076616800812404
graph_089_mu_0_2_node_76,17,0.1617647058823529,0.0010620702968699,0.3710995542347697,2.694694694694695,0.0164672255406873,8.007,8.993,0.8906765873015875,0.529,0.3037058120990547,0.0092737361375424,0.3596415954415954,0.3599850365704348,0.2701172452976481
graph_089_mu_0_2_node_939,22,0.1904761904761904,0.0018228722832119,0.3741573033707865,2.6726726726726726,0.0140734151571137,12.003,9.997,1.2013531746031745,0.4544090909090907,0.3524009833991946,0.0102945448407513,0.2940394226158931,0.2944213081644387,0.4224449143045325
graph_089_mu_0_2_node_283,21,0.3333333333333333,0.0009843926994041,0.3647316538882804,2.7417417417417416,0.0112901154776773,15.006,5.994,2.5042,0.2854285714285713,0.3356280386137044,0.0061173888011147,0.1664774774774774,0.1667065360008536,0.7835443438890489
graph_089_mu_0_2_node_770,22,0.3052631578947368,0.0010930817973989,0.3686346863468634,2.7127127127127126,0.0160051027069884,15.015,6.985,2.150714285714286,0.3175,0.3731073213322218,0.0071290424975284,0.1887197724039829,0.1889866916717705,0.7470656313920364
graph_089_mu_0_2_node_582,26,0.2355072463768115,0.0017575607439418,0.3786959818043973,2.640640640640641,0.0163484969939307,17.002,8.998,1.8908750000000003,0.346076923076923,0.3707982178447333,0.0092259789038002,0.2092901104063894,0.2096339784625409,0.6581366052866617
graph_089_mu_0_2_node_632,19,0.2339181286549707,0.001246329585712,0.3693160813308687,2.707707707707708,0.0124808015712824,11.005,7.995,1.376809523809524,0.4207894736842104,0.2717675437499385,0.0082419980555612,0.2664649193548387,0.2667703286214897,0.3738105759444475
graph_089_mu_0_2_node_394,25,0.3280632411067193,0.0015970908863101,0.3705489614243323,2.6986986986986987,0.0143094273803949,16.006,8.994,1.7801587301587307,0.35976,0.4635869728581301,0.0091785426031226,0.2193420306296087,0.2196857199114291,0.7729420806753549
graph_089_mu_0_2_node_785,26,0.3623188405797101,0.0015533415518492,0.3702742772424018,2.700700700700701,0.0130508476045389,18.01,7.99,2.255107142857143,0.3073076923076922,0.4119688393803512,0.0081539005089522,0.1815589811155028,0.1818643628361741,0.8760822580503624
graph_089_mu_0_2_node_469,16,0.2666666666666666,0.0008877847817153,0.3624818577648766,2.7587587587587588,0.0102785192527779,10.012,5.988,1.675975757575758,0.37425,0.3819848860667619,0.006096103025865,0.2303524623524624,0.23058120404429,0.6335705858037752
graph_089_mu_0_2_node_369,24,0.3876811594202898,0.0009948243582951,0.376271186440678,2.6576576576576576,0.0345364703080329,18.011,5.989,3.0108,0.2495416666666667,0.1317369666566497,0.006279293903587,0.1425708245243128,0.1427997445289484,0.3957015923709407
graph_089_mu_0_2_node_885,16,0.3166666666666666,0.0006615111798258,0.3631406761177753,2.7537537537537538,0.0136939224703752,11.006,4.994,2.2048,0.312125,0.169789912610374,0.0051483045829229,0.1849312169312169,0.1851220097774837,0.3738238542544507
graph_089_mu_0_2_node_361,37,0.334453781512605,0.0022537856919584,0.3931523022432113,2.543543543543544,0.0445252242959352,27.03,9.97,2.712436111111112,0.2694594594594594,0.2460378419746384,0.0104017187305093,0.1557168851981352,0.1560981774863327,0.641316241288627
graph_089_mu_0_2_node_525,27,0.26,0.0015298811366906,0.3772658610271903,2.650650650650651,0.0195841414300267,19.016,7.984,2.382875,0.2957037037037037,0.2715833879385569,0.0082302776729299,0.1735144542090656,0.1738196301365681,0.611862846853147
graph_089_mu_0_2_node_751,19,0.3382352941176471,0.0008581329973854,0.3594818279956819,2.7817817817817816,0.0079350419357877,14.032,4.968,2.8323,0.2614736842105263,0.3033348861215762,0.0050668370725416,0.1504371785077667,0.150627021986228,0.7909515517714106
graph_089_mu_0_2_node_975,16,0.3583333333333333,0.0006029816768068,0.3585786073223259,2.7887887887887888,0.0120401069355221,11.008,4.992,2.208799999999999,0.312,0.1686749632870711,0.0051476257044729,0.1848550264550264,0.1850457429012707,0.3713453433145158
graph_089_mu_0_2_node_728,19,0.0701754385964912,0.0017616276933247,0.376271186440678,2.6576576576576576,0.0135183414345479,6.059,12.941,0.4693471736596737,0.6811052631578948,0.8769287799252952,0.0131620859611078,0.5166865889665888,0.5171806551001457,0.4062801245469198
graph_089_mu_0_2_node_388,25,0.2833333333333333,0.0017287564859763,0.3804265041888804,2.6286286286286287,0.0235668578152659,17.013,7.987,2.130803571428572,0.31948,0.2055952196738347,0.0083147129532139,0.1901162790697674,0.1904215229142443,0.4374533801650924
graph_089_mu_0_2_node_710,19,0.2573099415204678,0.0012797941630683,0.3720670391061452,2.687687687687688,0.0126370135209869,11.014,7.986,1.3798630952380957,0.420315789473684,0.3730312979624235,0.0081659374919809,0.2660971774193548,0.2664022431616965,0.5133277109702443
graph_089_mu_0_2_node_876,46,0.2790697674418604,0.0035993199294411,0.4138359569179785,2.4164164164164164,0.0637756656207976,34.035,11.965,2.845832323232324,0.2601086956521738,0.2632506436970152,0.0125446827955428,0.1495044590285259,0.1499622583581705,0.7258353785740056
graph_089_mu_0_2_node_278,28,0.2553846153846154,0.0017400761685006,0.379703534777651,2.6336336336336337,0.0174803804967251,19.998,8.002,2.501416666666667,0.2857857142857142,0.3297671608676725,0.0082048158729821,0.1667580952380952,0.1670639817030186,0.7814824481142341
graph_089_mu_0_2_node_589,24,0.3297101449275362,0.0015411720325227,0.3774083868530412,2.6496496496496498,0.0235667908034388,16.047,7.953,2.0223142857142857,0.3313749999999999,0.2050191139859139,0.0082784559398595,0.1986437079653188,0.1989476301035717,0.411925502035503
graph_089_mu_0_2_node_538,21,0.3380952380952381,0.0010889167178919,0.3632727272727272,2.7527527527527527,0.0113080222180547,14.042,6.958,2.02475,0.3313333333333332,0.3726175950938169,0.007100378695262,0.1986322901849218,0.1988981579303406,0.7474489612364621
graph_089_mu_0_2_node_778,23,0.2571428571428571,0.001411945831197,0.3708240534521158,2.6966966966966965,0.0123520476919199,15.014,7.986,1.8808869047619048,0.3472173913043477,0.4264748789123511,0.0081507138344736,0.2100933198380566,0.2103984788371543,0.7470396429892525
graph_089_mu_0_2_node_113,33,0.4375,0.0013597214761126,0.383935434281322,2.6046046046046047,0.0413455282136409,27.004,5.996,4.5044,0.1816969696969697,0.1558879461765794,0.0062377694157577,0.099927868852459,0.10015721410549,0.7017820083952697
graph_089_mu_0_2_node_949,34,0.3588709677419355,0.0022426012915681,0.3818807339449541,2.6186186186186187,0.0231927899342983,25.023,8.977,2.789313492063492,0.2640294117647058,0.3144941371612021,0.0092470229496571,0.1521037139946281,0.1524469903498041,0.8401031162864244
graph_089_mu_0_2_node_434,21,0.2807017543859649,0.0012136135126446,0.3675496688741722,2.720720720720721,0.0131383810269912,13.019,7.981,1.63345,0.3800476190476191,0.4359831027116292,0.0081347459440105,0.23464297827239,0.2349478996812219,0.6547434712717447
graph_089_mu_0_2_node_868,21,0.2865497076023391,0.0011447514068298,0.3679558011049724,2.7177177177177176,0.0130308252842617,13.036,7.964,1.64,0.3792380952380953,0.4513533590161799,0.0081178164940333,0.2340470588235294,0.2343513312365228,0.6792374927379102
graph_089_mu_0_2_node_765,16,0.3333333333333333,0.0007997610084829,0.3562767475035663,2.8068068068068066,0.0087883686578501,10.129,5.871,1.751466666666667,0.3669375,0.3931956352809486,0.0059758137620654,0.2250842490842491,0.2253085236727671,0.6626268117179989
graph_089_mu_0_2_node_931,20,0.4631578947368421,0.0007857130799395,0.3668747704737422,2.725725725725726,0.0156568736753019,15.008,4.992,3.008,0.2496,0.2221787408162219,0.0051106423234494,0.1426031746031746,0.1427939493832091,0.6669433358622132
graph_089_mu_0_2_node_401,38,0.3936507936507936,0.001982790175312,0.392688679245283,2.5465465465465464,0.058006812934113,30.029,7.971,3.769904761904762,0.2097631578947367,0.1839663758011605,0.0083392310199512,0.1171777858969674,0.1174827217451274,0.6688793749164731
graph_089_mu_0_2_node_427,17,0.3455882352941176,0.0006608774387336,0.3553895410885805,2.813813813813814,0.0089166325789035,12.983,4.017,3.25935,0.2362941176470588,0.1595517782692961,0.0041249351514103,0.1342806720430107,0.134434167235478,0.5079503694106606
graph_089_mu_0_2_node_718,30,0.2936507936507936,0.0026311451694963,0.3837879369957741,2.6056056056056054,0.0188035646697055,20.007,9.993,2.0024166666666665,0.3330999999999999,0.4665236678298181,0.0102179495898987,0.1998361990950226,0.2002181655729635,0.8867462195523634
graph_089_mu_0_2_node_448,28,0.2751322751322751,0.0017889206588387,0.3967434471803018,2.5205205205205203,0.0438357413502146,18.028,9.972,1.8087888888888892,0.356142857142857,0.2193964096901328,0.0104551641097577,0.2166671292013568,0.2170482355480144,0.3959579699793571
graph_089_mu_0_2_node_371,23,0.3,0.0013562016920171,0.3639344262295082,2.747747747747748,0.0106244585059358,15.013,7.987,1.881325,0.3472608695652173,0.4359860144828721,0.0081415123418338,0.210131891642803,0.2104370887791423,0.7638132168988395
graph_089_mu_0_2_node_396,26,0.3405797101449275,0.0013959273346746,0.3792710706150342,2.6366366366366365,0.0310043236746609,18.009,7.991,2.254178571428572,0.3073461538461537,0.207780187600515,0.0083131489199165,0.1815818181818181,0.181887238118544,0.4419889694175519
graph_089_mu_0_2_node_823,16,0.1916666666666666,0.0011567368381079,0.3668747704737422,2.725725725725726,0.011436980513252,8.024,7.976,1.0088588744588745,0.4985,0.5427299933946723,0.0081107422323859,0.3321848758648758,0.3324894898596953,0.5420293437451043
graph_089_mu_0_2_node_46,44,0.3519163763066202,0.0029340829600676,0.399919935948759,2.5005005005005003,0.0555144063615426,34.033,9.967,3.4163777777777766,0.2265227272727272,0.2459823318436057,0.0103984474367639,0.1277345666991236,0.1281159485633094,0.8139128231652949
graph_089_mu_0_2_node_683,36,0.3065953654188948,0.0026757818509939,0.3945497630331753,2.5345345345345347,0.0425186099520312,25.026,10.974,2.281309090909091,0.3048333333333332,0.2707850407143247,0.0114491318251512,0.1798334970159401,0.1802531058408821,0.5919203180138499
graph_089_mu_0_2_node_861,45,0.2513842746400886,0.0039939862574606,0.4015273311897106,2.4904904904904903,0.0536867198543218,33.035,11.965,2.762,0.2658888888888888,0.263238009282947,0.012544855395453,0.1533353213242453,0.153793085650678,0.7038683236042732
graph_089_mu_0_2_node_461,20,0.2473684210526315,0.0011228720265103,0.3710995542347697,2.694694694694695,0.0158508457472704,11.046,8.954,1.236269841269841,0.4477000000000001,0.4792262558510885,0.009137542451459,0.2885068426197458,0.2888488739621004,0.5875024704913016
graph_089_mu_0_2_node_791,20,0.231578947368421,0.0011143655343996,0.369589345172031,2.705705705705706,0.0152585724636621,13.006,6.994,1.8601904761904768,0.3496999999999999,0.2377662234484237,0.0072100574667566,0.2119093455564043,0.2121765676516065,0.4417578674626787
graph_089_mu_0_2_node_78,44,0.29732868757259,0.0031118724751161,0.4013660104459622,2.4914914914914914,0.0425040836740882,34.037,9.963,3.419241269841269,0.226431818181818,0.2566300148502771,0.0103713296088022,0.1276799283541899,0.1280611572577548,0.8495249078240327
graph_089_mu_0_2_node_33,25,0.2490118577075099,0.0017021568393607,0.3789833080424886,2.6386386386386387,0.0164243165423282,15.075,9.925,1.5209722222222222,0.3970000000000001,0.4833050639723502,0.0101648283470888,0.2477163182346109,0.2480955432431505,0.6796232447082031
graph_089_mu_0_2_node_19,20,0.3464052287581699,0.0006799472624191,0.3571683947086164,2.7997997997998,0.0098124917298258,15.968,4.032,3.991772727272727,0.2016,0.1601811919013269,0.0041403254451442,0.1123648389769079,0.1125189421810941,0.5857712407956341
graph_089_mu_0_2_node_460,26,0.3260869565217391,0.0012991485218758,0.3755639097744361,2.6626626626626626,0.0239676844133173,18.006,7.994,2.252785714285715,0.3074615384615383,0.2056950229994945,0.0083222727854857,0.181660606060606,0.1819661405666575,0.4374183041367321
graph_089_mu_0_2_node_328,25,0.21,0.00188681146758,0.383493282149712,2.607607607607608,0.0301598412763868,15.04,9.96,1.5114583333333336,0.3984,0.2192009244866799,0.0104424827480212,0.2487877468060395,0.2491683077155941,0.3300446551645205
graph_089_mu_0_2_node_313,29,0.2733990147783251,0.0018513789414553,0.3818807339449541,2.6186186186186187,0.0342320103038575,20.016,8.984,2.229414682539682,0.3097931034482759,0.2216009534490783,0.0093733055022633,0.1833002105457568,0.1836436230034148,0.4930753281157663
graph_089_mu_0_2_node_717,18,0.4083333333333333,0.0005672512271903,0.3589651455264103,2.785785785785786,0.0125349328226209,13.008,4.992,2.6084000000000005,0.2773333333333332,0.2574341111117584,0.005094357288143,0.1610043988269794,0.1611951444312813,0.6184406351411269
graph_089_mu_0_2_node_34,28,0.2301587301587301,0.0020389779291236,0.386609907120743,2.5865865865865865,0.0343879483648023,18.033,9.967,1.8105000000000004,0.3559642857142855,0.2192758607332958,0.0104501299915087,0.2165397779833487,0.2169206934220234,0.3960740866196989
graph_089_mu_0_2_node_510,43,0.3085365853658536,0.0033201238575549,0.4023358840112767,2.4854854854854853,0.0619408740410864,31.033,11.967,2.594409090909091,0.2783023255813953,0.2761202149982343,0.0125200771876452,0.1616528496917971,0.1621106203488045,0.6919749614920523
graph_089_mu_0_2_node_804,24,0.3260869565217391,0.0012628085152175,0.3824655436447167,2.6146146146146148,0.0372388280292706,16.014,7.986,2.006142857142857,0.3327499999999999,0.1841932935617523,0.0083553711022393,0.199591637630662,0.1998968199528581,0.3690039501469832
graph_089_mu_0_2_node_235,20,0.3105263157894737,0.0009916184867881,0.3652650822669104,2.7377377377377377,0.0116342286483033,14.019,5.981,2.346,0.2990499999999999,0.3388414061392226,0.0060963881913213,0.1758319327731092,0.1760604773238001,0.7914135962278633
graph_089_mu_0_2_node_995,18,0.3083333333333333,0.0007308958580527,0.3546325878594249,2.81981981981982,0.0078620108178372,13.021,4.979,2.6209000000000007,0.2766111111111111,0.3382486540642829,0.0050636847989269,0.1605551075268817,0.1607453565559433,0.8116446439977483
graph_089_mu_0_2_node_892,24,0.2608695652173913,0.0020655561469986,0.3744377811094452,2.670670670670671,0.0130506574997522,14.037,9.963,1.4101333333333332,0.4151250000000001,0.4838922679653376,0.0102054721880465,0.2619659919028339,0.2623466382410251,0.6784264911948672
graph_089_mu_0_2_node_608,20,0.3684210526315789,0.0010172838432897,0.3741573033707865,2.6726726726726726,0.028209684754635,14.035,5.965,2.357,0.2982499999999999,0.1313399415685699,0.0062537343523024,0.1752959850606908,0.1755239185660118,0.3077925744501297
graph_089_mu_0_2_node_918,21,0.2476190476190476,0.0020029583250177,0.3755639097744361,2.6626626626626626,0.0135667282487721,12.039,8.961,1.344958333333333,0.4267142857142857,0.5932418472101986,0.0091253844733865,0.2712737967914437,0.271616121544988,0.7922274394357962
graph_089_mu_0_2_node_601,22,0.2510822510822511,0.0013833234754653,0.3706864564007421,2.6976976976976976,0.0136940535819484,14.998,7.002,2.143711355311355,0.3182727272727273,0.2886731290981693,0.007179504067712,0.1892957818730314,0.1895633501250378,0.6170395152574585
graph_089_mu_0_2_node_904,25,0.4505928853754941,0.0007897920026034,0.3708240534521158,2.6966966966966965,0.0313584517662899,21.002,3.998,5.254166666666666,0.15992,0.1039408184537793,0.004159184682163,0.0869102682701202,0.0870631321031213,0.5198375722835648
graph_089_mu_0_2_node_453,24,0.2510822510822511,0.0016958184418553,0.379703534777651,2.6336336336336337,0.0194406144027502,14.009,9.991,1.4025999999999996,0.4162916666666667,0.5451986960270959,0.0101843869526346,0.2628712550607286,0.2632529700679087,0.7091368640537837
graph_089_mu_0_2_node_128,27,0.4333333333333333,0.0013072409436081,0.3729003359462486,2.681681681681681,0.0169416322814552,21.008,5.992,3.5076499999999995,0.2219259259259259,0.2666307513596601,0.0061345006039465,0.1248172448979591,0.1250463320809791,0.8893322191556385
graph_089_mu_0_2_node_376,16,0.35,0.0005391754878913,0.3574239713774597,2.7977977977977977,0.010183303989243,12.002,3.998,3.0026666666666664,0.249875,0.1349869235777319,0.0041229243011346,0.1427783251231526,0.1429310838228255,0.4050829722257329
graph_089_mu_0_2_node_253,34,0.3306451612903225,0.0020398980060976,0.3917647058823529,2.5525525525525525,0.0416581905797504,24.007,9.993,2.402644444444444,0.2939117647058823,0.2597850451264,0.0103960218353791,0.1722746931618937,0.1726567764847986,0.5979102421374483
graph_089_mu_0_2_node_661,21,0.3238095238095238,0.0008552482349581,0.3754227733934611,2.663663663663664,0.0324844271305509,15.015,5.985,2.5105,0.2849999999999999,0.1380905300595086,0.0062615822563313,0.1661936936936936,0.1664224084827212,0.3458122141133542
graph_089_mu_0_2_node_725,32,0.3407258064516129,0.0017795194478175,0.388867263526664,2.5715715715715715,0.0426412160161128,24.007,7.993,3.004,0.24978125,0.2078110344504875,0.0083152917158337,0.1427167919799498,0.1430224284751177,0.6238934865326381
graph_089_mu_0_2_node_473,29,0.2980295566502463,0.0022042144907026,0.3879611650485436,2.5775775775775776,0.0248503626842863,18.016,10.984,1.640640404040404,0.3787586206896552,0.3845828350044203,0.0113149948870407,0.2336322550296715,0.2340520210753295,0.629978891213319
graph_089_mu_0_2_node_789,23,0.4285714285714285,0.0010234483224062,0.3671444321940463,2.723723723723724,0.0149210218997406,17.011,5.989,2.8440666666666665,0.260391304347826,0.2666083045511495,0.0061311696516149,0.1496980485103854,0.1499269510161491,0.7115142089617957
graph_089_mu_0_2_node_25,21,0.4380952380952381,0.0010278093022464,0.3659340659340659,2.7327327327327327,0.0144842742468262,15.007,5.993,2.5049,0.2853809523809523,0.2822970161782661,0.0061253459556304,0.1664459459459459,0.1666749662766167,0.7060489354395602
graph_089_mu_0_2_node_305,30,0.3310344827586207,0.0017870111908491,0.3917647058823529,2.5525525525525525,0.0465019619160051,21.042,8.958,2.3510714285714283,0.2985999999999999,0.2068078834961689,0.0093716042724343,0.1755220694954324,0.1758645152341681,0.484372535660537
graph_089_mu_0_2_node_901,21,0.3859649122807017,0.0008328982384174,0.3641997812613926,2.745745745745746,0.0120246998139175,16.008,4.992,3.2098,0.2377142857142857,0.2796547421024608,0.0050945134646541,0.1348992231097494,0.1350900124547111,0.8395176404002926
graph_089_mu_0_2_node_704,21,0.4269005847953216,0.0008673741714501,0.3627450980392157,2.756756756756757,0.0114300349040613,16.007,4.993,3.209450000000001,0.2377619047619047,0.2725576418144647,0.005089525121912,0.1349306269832585,0.1351214545209226,0.8181689321689094
graph_089_mu_0_2_node_484,26,0.2984615384615384,0.0015916456808704,0.3814432989690721,2.621621621621621,0.0309998421587728,17.013,8.987,1.8935833333333332,0.3456538461538461,0.2337053173103893,0.0093492402836298,0.2089450317124735,0.2092884800223594,0.4419350940357689
graph_089_mu_0_2_node_223,24,0.2572463768115942,0.0018603470773955,0.3717901004838109,2.68968968968969,0.0107461614501963,15.018,8.982,1.672666666666667,0.37425,0.4195068371631488,0.0091845554786243,0.2302153846153846,0.2305585895563006,0.700048973777881
graph_089_mu_0_2_node_559,26,0.2971014492753623,0.0014072266208501,0.3730395817774458,2.680680680680681,0.0172555692893463,20.001,5.999,3.334200000000001,0.2307307692307693,0.2025188719111477,0.0061864991351843,0.1304107308048103,0.1306400679320182,0.6413728923650992
graph_089_mu_0_2_node_107,28,0.2153846153846154,0.0022353462462665,0.3786959818043973,2.640640640640641,0.0189337210523686,18.005,9.995,1.8025277777777784,0.3569642857142856,0.4118146238701151,0.0102483320398107,0.2172911501695961,0.2176731344199431,0.6994349851117918
graph_089_mu_0_2_node_63,40,0.2628205128205128,0.0036585383860366,0.4033104561970125,2.47947947947948,0.049098872301923,28.048,11.952,2.348060606060606,0.2987999999999999,0.2630411852952696,0.0125309092487558,0.1756536353671903,0.1761107280663459,0.6158752418988774
graph_089_mu_0_2_node_130,27,0.2905982905982906,0.0018240344628943,0.3811522319725295,2.623623623623624,0.0208972065726433,19.016,7.984,2.3827142857142856,0.2957037037037037,0.2715684812839162,0.0082303547454825,0.1735134135060129,0.1738185894422765,0.645791286416631
graph_089_mu_0_2_node_74,21,0.2904761904761905,0.0009252963650333,0.3751408186256102,2.665665665665666,0.0239837981371136,14.017,6.983,2.00925,0.3325238095238094,0.1798276126766219,0.0072691790399748,0.1994385964912281,0.199705418966721,0.3603875821178083
graph_089_mu_0_2_node_286,20,0.2483660130718954,0.0010082306120021,0.3632727272727272,2.7527527527527527,0.00974335862021,13.984,6.016,2.332747474747475,0.3007999999999999,0.2373055098831351,0.0061781861078884,0.1772048120694328,0.177434692527667,0.5078917946086978
graph_089_mu_0_2_node_58,21,0.3666666666666666,0.0010092233776176,0.3689069423929099,2.710710710710711,0.0142239040633096,14.007,6.993,2.0039,0.3329999999999999,0.3605253390266314,0.0071364496009365,0.1997702702702703,0.2000374745940153,0.721350281227866
graph_089_mu_0_2_node_321,26,0.4,0.0010314830045615,0.3775510204081632,2.6486486486486487,0.0345066058941207,22.005,3.995,5.510833333333334,0.1536538461538461,0.0878473898708599,0.0041887466668234,0.0832227891156462,0.0833755499645643,0.4836091494925675
graph_089_mu_0_2_node_520,17,0.2279411764705882,0.0012913820438066,0.3647316538882804,2.7417417417417416,0.0128905073398872,9.043,7.957,1.1392273809523807,0.4680588235294118,0.5271962364831031,0.0081024473680552,0.3056473832680729,0.3059512955732386,0.5943197591815987
graph_089_mu_0_2_node_385,44,0.2462253193960511,0.0038355520272745,0.4077551020408163,2.4524524524524525,0.0610070443447984,30.03,13.97,2.150677655677656,0.3175,0.322258949322498,0.0146159041551321,0.1887188728578202,0.1892531818065717,0.6688861123223194
graph_089_mu_0_2_node_189,27,0.1566666666666666,0.0022795145272929,0.3854166666666667,2.5945945945945947,0.0177730078359839,14.008,12.992,1.0783706293706294,0.4811851851851853,0.4387163505759081,0.0133976537409083,0.3168252167571508,0.3173215307177039,0.4389310842713886
graph_089_mu_0_2_node_544,18,0.2026143790849673,0.0012637775416084,0.3693160813308687,2.707707707707708,0.0164085821710291,10.066,7.934,1.2786285714285714,0.4407777777777779,0.5392040429050532,0.0080679266820431,0.2829798665183536,0.2832829237486134,0.6764380359864777
graph_089_mu_0_2_node_173,49,0.2312925170068027,0.0050034688397337,0.4160766347355268,2.4034034034034035,0.0631934506183101,33.04,15.96,2.0707833333333334,0.3257142857142858,0.3510653840435265,0.0167337973919488,0.1945473601723969,0.1951578745915663,0.7258813339414767
graph_089_mu_0_2_node_781,22,0.4112554112554112,0.0010399870255858,0.3647316538882804,2.7417417417417416,0.0104715344924032,17.009,4.991,3.4098999999999986,0.2268636363636362,0.2330734963274609,0.0051036291128865,0.127951282051282,0.1281420477940653,0.793246316084796
graph_089_mu_0_2_node_291,26,0.4021739130434782,0.0013344212625431,0.3772658610271903,2.650650650650651,0.0199756615719067,19.013,6.987,2.722333333333334,0.2687307692307691,0.3110053746801346,0.0071530174044403,0.1552289855072463,0.1554960627957919,0.8004974815845761
graph_089_mu_0_2_node_119,21,0.238095238095238,0.0014180773622091,0.3720670391061452,2.687687687687688,0.0127729007311901,14.006,6.994,2.0109244755244755,0.333047619047619,0.2760492573523642,0.0071820653657728,0.20000671817535,0.200273959886888,0.5472103412178299
graph_089_mu_0_2_node_471,34,0.4112903225806452,0.0017508802144287,0.3805714285714285,2.627627627627628,0.0399481375701372,27.008,6.992,3.864266666666665,0.2056470588235294,0.1818087504472862,0.0072738648772596,0.1146114007034154,0.1148788325278412,0.6758865368165621
graph_089_mu_0_2_node_772,35,0.2935606060606061,0.0025704475411514,0.3881118881118881,2.5765765765765765,0.0240635444464923,26.01,8.99,2.8938888888888883,0.2568571428571428,0.3056504422088339,0.0092676654930112,0.1473564839297255,0.1477002832700417,0.8496254032880095
graph_089_mu_0_2_node_650,22,0.2987012987012987,0.0014186540254336,0.3720670391061452,2.687687687687688,0.0141230531864983,14.032,7.968,1.7625714285714285,0.3621818181818181,0.4471396564261314,0.0081307180120732,0.2211651651651652,0.2214696136474835,0.7838931925272684
graph_089_mu_0_2_node_384,17,0.1691176470588235,0.0009532882841554,0.3655323819978046,2.735735735735736,0.0141444168965975,9.076,7.924,1.1516738095238097,0.4661176470588236,0.507629380587277,0.008064465734434,0.3041855858062754,0.3044882384172849,0.5707562210921435
graph_089_mu_0_2_node_32,42,0.3846153846153846,0.0024374311979284,0.3870592793490895,2.583583583583584,0.0480088899845416,34.106,7.894,4.3370500000000005,0.1879523809523809,0.1954151519349226,0.0082341312326893,0.1037522723778553,0.1040543571221482,0.8151825540037967
graph_089_mu_0_2_node_858,17,0.1838235294117647,0.0010468018326391,0.3631406761177753,2.7537537537537538,0.008987279179479,10.01,6.99,1.4339267399267397,0.4111764705882354,0.3977241514247961,0.0071257486835347,0.2588994708994708,0.2591664788856477,0.5658866641384668
graph_089_mu_0_2_node_767,25,0.28,0.0015516646924319,0.3881118881118881,2.5765765765765765,0.0353041973161542,16.016,8.984,1.7833333333333337,0.35936,0.1975940703387471,0.0094196670581824,0.2190476190476191,0.2193909265746751,0.3517850954128882
graph_089_mu_0_2_node_866,27,0.2735042735042735,0.0017262776341163,0.3805714285714285,2.627627627627628,0.0261057168054157,18.045,8.955,2.018803571428572,0.3316666666666666,0.2307056581883714,0.0093220792842385,0.1988460684551341,0.1991883209740119,0.4637909160018257
graph_089_mu_0_2_node_750,19,0.3157894736842105,0.0007129855868878,0.3702742772424018,2.700700700700701,0.0187040499293318,13.009,5.991,2.1723666666666674,0.3153157894736842,0.2037285558392389,0.0061759771046385,0.1871761363636363,0.1874050453181975,0.4418667695854674
graph_089_mu_0_2_node_28,34,0.3618538324420677,0.0018281348571776,0.3885647607934656,2.5735735735735736,0.0427097417445279,26.012,7.988,3.257690476190476,0.2349411764705882,0.1970394883673532,0.00833403951927,0.133111581173982,0.1334170733408739,0.6410005457430747
graph_089_mu_0_2_node_875,35,0.3092436974789916,0.0024857487054248,0.4012048192771084,2.4924924924924925,0.0444954422238909,25.022,9.978,2.5091388888888893,0.2850857142857141,0.256915902701998,0.0103871784604391,0.1662496033844526,0.1666311428973202,0.643406391652356
graph_089_mu_0_2_node_274,23,0.3476190476190476,0.000884288806504,0.3647316538882804,2.7417417417417416,0.0152063365962896,17.006,5.994,2.8379333333333334,0.2606086956521738,0.2553846320520929,0.0061427484271121,0.1498317073170731,0.150060800859354,0.681407122936877
graph_089_mu_0_2_node_279,29,0.3423645320197044,0.002116856378879,0.381588999236058,2.6206206206206204,0.0215963447781727,19.006,9.994,1.901933333333333,0.3446206896551725,0.47059963994339,0.0102149234073885,0.2081853741496598,0.2085673496194819,0.8943286515567768
graph_089_mu_0_2_node_814,20,0.1736842105263158,0.0014825571355621,0.3741573033707865,2.6726726726726726,0.0136457773993046,11.024,8.976,1.229940476190476,0.4488000000000001,0.5111014042741645,0.0091497098829978,0.2894513685239492,0.2897942393505476,0.6224758855831265
graph_089_mu_0_2_node_706,20,0.1842105263157894,0.0017108591358349,0.3807164634146341,2.6266266266266265,0.0151554109326144,10.014,9.986,1.0031111111111113,0.4992999999999999,0.4663322783089166,0.0102112000643481,0.3327311827956989,0.3331125904207486,0.466714801138428
graph_089_mu_0_2_node_556,21,0.2923976608187134,0.0009286313875802,0.3645985401459854,2.7427427427427427,0.0107088685877137,15.999,5.001,3.2029590909090917,0.2381428571428571,0.1764977428882644,0.0051497060955233,0.1352054788234754,0.1353966118153059,0.5279158086687685
