,Degree,Clustering Coefficient,Betweenness,Closeness,Shortest Path,Eigenvector,E In,E Out,E In Over E Out,ODF,Expansion,Cut Ratio,Conductance,Normalised Cut,Triangle Participation
graph_065_mu_0_3_node_0,30,0.19047619047619047,0.0007407995076022631,0.4121287128712871,2.4264264264264264,0.01831328874628885,21.0,9.0,2.3333333333333335,0.2999999999999999,0.12328767123287675,0.009708737864077667,0.17647058823529405,0.17676360467677227,0.2739726027397261
graph_065_mu_0_3_node_1,21,0.06190476190476191,0.0006366272958576759,0.4121287128712871,2.4264264264264264,0.01476197841351946,6.0,15.0,0.4000000000000001,0.7142857142857141,0.375,0.015625,0.5555555555555556,0.5560433445705468,0.14999999999999994
graph_065_mu_0_3_node_2,30,0.10317460317460317,0.0010060737919878177,0.39501779359430605,2.5315315315315314,0.011009689863304787,17.0,13.0,1.3076923076923077,0.43333333333333346,0.4814814814814816,0.01336073997944501,0.27659574468085113,0.2770188253590819,0.5925925925925926
graph_065_mu_0_3_node_3,33,0.09090909090909091,0.001168765877479684,0.4397007042253521,2.274274274274274,0.024693648793015405,15.0,18.0,0.8333333333333335,0.5454545454545452,0.2400000000000001,0.01945945945945946,0.375,0.3755856324830819,0.20000000000000004
graph_065_mu_0_3_node_4,40,0.1576923076923077,0.0014729587001428412,0.4569990850869167,2.1881881881881884,0.0326860207967253,24.0,16.0,1.5,0.4000000000000001,0.21917808219178078,0.017259978425026967,0.25,0.2505209011590051,0.3287671232876711
graph_065_mu_0_3_node_5,31,0.12807881773399016,0.0007805170437678887,0.428204029147021,2.335335335335335,0.021595903803267317,17.0,14.0,1.2142857142857142,0.4516129032258062,0.18666666666666662,0.01513513513513514,0.2916666666666667,0.29212227718476097,0.21333333333333335
graph_065_mu_0_3_node_6,15,0.07692307692307693,0.00016452157604542015,0.392688679245283,2.5465465465465464,0.010968178952909035,4.0,11.0,0.36363636363636365,0.7333333333333332,0.5789473684210529,0.01121304791029562,0.5789473684210529,0.5793050803653798,0.15789473684210528
graph_065_mu_0_3_node_7,53,0.14352941176470588,0.002170913809440993,0.44919064748201437,2.2262262262262262,0.03227532313563673,35.0,18.0,1.944444444444444,0.33962264150943405,0.2465753424657535,0.019417475728155335,0.20454545454545456,0.20513185016703386,0.46575342465753433
graph_065_mu_0_3_node_8,48,0.09308510638297872,0.0032377135796600068,0.4661689220718619,2.145145145145145,0.030758855508965222,24.0,24.0,1.0,0.5,0.5853658536585364,0.02502606882168927,0.33333333333333326,0.3341144816213166,0.5853658536585364
graph_065_mu_0_3_node_9,26,0.08307692307692308,0.0008982030028240971,0.41659716430358634,2.4004004004004003,0.015602363663930214,10.0,16.0,0.625,0.6153846153846152,0.39024390243902446,0.016684045881126177,0.4444444444444446,0.4449648711943794,0.24390243902439032
graph_065_mu_0_3_node_10,32,0.13306451612903225,0.000870747300598154,0.4334056399132321,2.3073073073073074,0.02886479962122592,22.0,10.0,2.1999999999999997,0.3125,0.059171597633136064,0.012033694344163657,0.18518518518518517,0.1855107696092264,0.13017751479289938
graph_065_mu_0_3_node_11,32,0.0846774193548387,0.0013362321877099545,0.452445652173913,2.21021021021021,0.0277376270596007,8.0,24.0,0.33333333333333326,0.75,0.5853658536585364,0.02502606882168927,0.5999999999999998,0.6007803355442842,0.19512195121951223
graph_065_mu_0_3_node_12,25,0.1225296442687747,0.000611432352092227,0.38796116504854367,2.5775775775775776,0.010625086166045586,14.0,11.0,1.272727272727273,0.4400000000000001,0.34375,0.011363636363636364,0.282051282051282,0.2824092267976295,0.40625
graph_065_mu_0_3_node_13,27,0.1623931623931624,0.0007242344856624561,0.4122988031366075,2.4254254254254253,0.01796322581246548,17.0,10.0,1.6999999999999995,0.37037037037037035,0.13698630136986306,0.010787486515641858,0.22727272727272718,0.2275982057260536,0.23287671232876717
graph_065_mu_0_3_node_14,30,0.167816091954023,0.0008094665816135321,0.39800796812749006,2.5125125125125125,0.01581708913579525,19.0,11.0,1.7272727272727268,0.3666666666666666,0.1506849315068493,0.011866235167206038,0.22448979591836735,0.2248478571793941,0.26027397260273977
graph_065_mu_0_3_node_15,28,0.10052910052910052,0.000885313286021611,0.40675895765472314,2.4584584584584586,0.01491930492156716,11.0,17.0,0.6470588235294118,0.6071428571428571,0.309090909090909,0.017989417989417993,0.43589743589743607,0.43645040730556145,0.20000000000000004
graph_065_mu_0_3_node_16,29,0.17094017094017094,0.0009745010470927881,0.3986432561851556,2.5085085085085086,0.012083723489642406,15.0,14.0,1.0714285714285714,0.482758620689655,0.875,0.01422764227642276,0.31818181818181823,0.3186373693987906,0.875
graph_065_mu_0_3_node_17,26,0.10507246376811594,0.0006242836216470293,0.38129770992366413,2.6226226226226226,0.009701896192176785,18.0,8.0,2.25,0.3076923076923076,0.2962962962962963,0.008221993833504625,0.18181818181818182,0.1820785984848485,0.6296296296296297
graph_065_mu_0_3_node_18,34,0.0962566844919786,0.0014644491424671369,0.4065934065934066,2.4594594594594597,0.013991908782359385,17.0,17.0,1.0,0.5,0.6296296296296297,0.017471736896197326,0.33333333333333326,0.3338865206685974,0.6296296296296297
graph_065_mu_0_3_node_19,23,0.06719367588932806,0.0006656118050089076,0.39238020424194814,2.5485485485485486,0.011228383750930512,10.0,13.0,0.7692307692307695,0.5652173913043478,0.3170731707317073,0.013555787278415022,0.39393939393939387,0.3943622819391336,0.24390243902439032
graph_065_mu_0_3_node_20,20,0.08947368421052632,0.00041313388115847896,0.40942622950819674,2.4424424424424425,0.01684387525520511,8.0,12.0,0.6666666666666665,0.5999999999999998,0.04918032786885247,0.015873015873015872,0.42857142857142855,0.42896174863387965,0.02868852459016392
graph_065_mu_0_3_node_21,28,0.06878306878306878,0.0011069642901158836,0.4026602176541717,2.4834834834834836,0.012824208011478757,12.0,16.0,0.75,0.5714285714285712,0.8421052631578946,0.0163098878695209,0.4000000000000001,0.40052049446974625,0.5789473684210529
graph_065_mu_0_3_node_22,49,0.10459183673469388,0.002944961375255682,0.45658135283363804,2.19019019019019,0.029334325658066214,29.0,20.0,1.4499999999999995,0.40816326530612235,0.36363636363636365,0.021164021164021166,0.2564102564102564,0.2570615100735582,0.5272727272727272
graph_065_mu_0_3_node_23,15,0.0761904761904762,0.00031245065907294084,0.4095940959409594,2.4414414414414414,0.013222247319413282,5.0,10.0,0.5,0.6666666666666665,0.04098360655737706,0.013227513227513227,0.5,0.5003252244048395,0.016393442622950814
graph_065_mu_0_3_node_24,20,0.08421052631578947,0.0005937758215539791,0.4104354971240756,2.4364364364364364,0.015042605665168579,5.0,15.0,0.33333333333333326,0.75,0.5555555555555556,0.015416238437821167,0.5999999999999998,0.6004877572919713,0.18518518518518517
graph_065_mu_0_3_node_25,36,0.12477718360071301,0.0014447698355216137,0.40942622950819674,2.4424424424424425,0.014603096308769659,21.0,15.0,1.3999999999999997,0.41666666666666674,0.46875,0.015495867768595042,0.2631578947368421,0.2636461600927876,0.625
graph_065_mu_0_3_node_26,29,0.14285714285714285,0.0006797834670909324,0.43491510666086197,2.299299299299299,0.029651645426092253,17.0,12.0,1.4166666666666667,0.41379310344827586,0.07100591715976333,0.014440433212996394,0.26086956521739124,0.26126011393834414,0.10059171597633139
graph_065_mu_0_3_node_27,23,0.09486166007905138,0.0006988796605691748,0.38796116504854367,2.5775775775775776,0.010501560134786168,10.0,13.0,0.7692307692307695,0.5652173913043478,0.40625,0.013429752066115706,0.39393939393939387,0.3943622819391336,0.3125
graph_065_mu_0_3_node_28,25,0.16333333333333333,0.0004198597526277855,0.42875536480686693,2.3323323323323324,0.027944730144482274,20.0,5.0,4.0,0.20000000000000004,0.02049180327868853,0.006613756613756613,0.11111111111111115,0.11127390862356507,0.08196721311475412
graph_065_mu_0_3_node_29,22,0.2077922077922078,0.0005107973391156979,0.3881118881118881,2.5765765765765765,0.01128423972918986,14.0,8.0,1.75,0.36363636363636365,0.25,0.008264462809917356,0.2222222222222223,0.22248257108970465,0.4375
graph_065_mu_0_3_node_30,20,0.18947368421052632,0.0004146194516664532,0.40976210008203445,2.4404404404404403,0.014966680647467657,11.0,9.0,1.2222222222222217,0.4500000000000001,0.21951219512195133,0.009384775808133473,0.29032258064516125,0.2906154064138289,0.26829268292682934
graph_065_mu_0_3_node_31,21,0.12857142857142856,0.00047181681325817257,0.392688679245283,2.5465465465465464,0.011414453122723588,10.0,11.0,0.9090909090909087,0.5238095238095238,0.34375,0.011363636363636364,0.3548387096774193,0.3551965612666058,0.3125
graph_065_mu_0_3_node_32,18,0.10457516339869281,0.00030266090614526235,0.4051094890510949,2.4684684684684686,0.013938909470781856,5.0,13.0,0.38461538461538475,0.722222222222222,0.2363636363636364,0.013756613756613753,0.5652173913043478,0.565640141784007,0.09090909090909091
graph_065_mu_0_3_node_33,27,0.1794871794871795,0.0007490232808558382,0.42045454545454547,2.3783783783783785,0.019721785898415188,16.0,11.0,1.4545454545454546,0.4074074074074074,0.1506849315068493,0.011866235167206038,0.2558139534883721,0.25617194483149053,0.21917808219178078
graph_065_mu_0_3_node_34,27,0.15954415954415954,0.0006752780211077092,0.39315230224321135,2.5435435435435436,0.012193763943718098,17.0,10.0,1.6999999999999995,0.37037037037037035,0.3125,0.010330578512396691,0.22727272727272718,0.2275982057260536,0.53125
graph_065_mu_0_3_node_35,25,0.10276679841897234,0.0005596283427533029,0.432842287694974,2.31031031031031,0.026001883228189006,15.0,10.0,1.5,0.4000000000000001,0.04098360655737706,0.013227513227513227,0.25,0.2503254360843531,0.05737704918032784
graph_065_mu_0_3_node_36,25,0.17666666666666667,0.00049237199300316,0.39423835832675613,2.5365365365365364,0.014945176870137,16.0,9.0,1.7777777777777783,0.36,0.12328767123287675,0.009708737864077667,0.21951219512195133,0.2198051161959951,0.21917808219178078
graph_065_mu_0_3_node_37,23,0.22924901185770752,0.0005932532814225728,0.3964285714285714,2.5225225225225225,0.012251280500428983,12.0,11.0,1.0909090909090904,0.4782608695652175,0.8461538461538461,0.011144883485309013,0.3142857142857142,0.3146436124474192,0.9230769230769232
graph_065_mu_0_3_node_38,32,0.17011494252873563,0.0008891203688546517,0.43529411764705883,2.2972972972972974,0.02765897832395181,19.0,13.0,1.461538461538461,0.40625,0.11926605504587152,0.014590347923681253,0.2549019607843137,0.2553250965457954,0.165137614678899
graph_065_mu_0_3_node_39,33,0.09659090909090909,0.0014090978689222534,0.436054124836316,2.2932932932932935,0.019277275066042505,20.0,13.0,1.538461538461539,0.39393939393939387,0.1733333333333333,0.014054054054054051,0.24528301886792456,0.24570618217641058,0.2666666666666666
graph_065_mu_0_3_node_40,23,0.1225296442687747,0.0004675941721821808,0.408923454768727,2.4454454454454453,0.01653364091787196,13.0,10.0,1.3000000000000005,0.4347826086956522,0.13698630136986306,0.010787486515641858,0.2777777777777778,0.2781031715041867,0.17808219178082188
graph_065_mu_0_3_node_41,44,0.13953488372093023,0.0016330726506283554,0.46335807050092764,2.1581581581581584,0.040878661859720916,32.0,12.0,2.666666666666666,0.2727272727272726,0.07100591715976333,0.014440433212996394,0.15789473684210528,0.15828566725649149,0.18934911242603555
graph_065_mu_0_3_node_42,39,0.09009009009009009,0.00128877359870362,0.4542974079126876,2.201201201201201,0.03388147903715351,22.0,17.0,1.2941176470588236,0.43589743589743607,0.10059171597633139,0.020457280385078217,0.27868852459016397,0.2792418919935687,0.12426035502958578
graph_065_mu_0_3_node_43,72,0.06790890269151138,0.005241041788570772,0.4536784741144414,2.204204204204204,0.03358978134163526,45.0,27.0,1.666666666666667,0.375,0.4909090909090911,0.028571428571428577,0.2307692307692308,0.23164913951943453,0.8000000000000002
graph_065_mu_0_3_node_44,25,0.13043478260869565,0.0006238219109495391,0.4206315789473684,2.3773773773773774,0.017320476564930982,13.0,12.0,1.0833333333333335,0.4800000000000002,0.375,0.012396694214876035,0.31578947368421056,0.3161799207460963,0.375
graph_065_mu_0_3_node_45,33,0.1978494623655914,0.0008210458723548953,0.4296774193548387,2.3273273273273274,0.023577765218250432,22.0,11.0,2.0,0.33333333333333326,0.1506849315068493,0.011866235167206038,0.20000000000000004,0.20035813120625112,0.28767123287671226
graph_065_mu_0_3_node_46,22,0.11688311688311688,0.0007499473514886652,0.43510452961672474,2.2982982982982985,0.01809703375601805,9.0,13.0,0.6923076923076923,0.5909090909090909,0.40625,0.013429752066115706,0.4193548387096773,0.419777699198244,0.28125
graph_065_mu_0_3_node_47,38,0.19914651493598862,0.001138484456156501,0.4559561843906892,2.1931931931931934,0.04783624711813933,31.0,7.0,4.428571428571431,0.18421052631578944,0.02868852459016392,0.009259259259259259,0.10144927536231885,0.10167734039343344,0.12704918032786883
graph_065_mu_0_3_node_48,23,0.17786561264822134,0.0007900809716992382,0.4269230769230769,2.3423423423423424,0.01863470502105381,11.0,12.0,0.9166666666666664,0.5217391304347825,0.375,0.012396694214876035,0.3529411764705881,0.3533315727227843,0.34375
graph_065_mu_0_3_node_49,22,0.07894736842105263,0.0007008207643252897,0.42728828058169377,2.34034034034034,0.018179802490426035,8.0,14.0,0.5714285714285712,0.6363636363636365,0.7368421052631577,0.014271151885830781,0.46666666666666673,0.4671220104512239,0.36842105263157887
graph_065_mu_0_3_node_50,35,0.11932773109243698,0.001215239355505025,0.44618133095131757,2.2412412412412412,0.03547260533293691,24.0,11.0,2.1818181818181808,0.3142857142857142,0.04508196721311475,0.014550264550264544,0.18644067796610167,0.18679885581768577,0.09836065573770494
graph_065_mu_0_3_node_51,18,0.1568627450980392,0.0002862219787602049,0.369179600886918,2.7087087087087087,0.008049482311491591,11.0,7.0,1.5714285714285718,0.388888888888889,0.21875,0.007231404958677689,0.2413793103448275,0.24160707854187968,0.34375
graph_065_mu_0_3_node_52,23,0.1619047619047619,0.0005870430741758584,0.40925850061450225,2.4434434434434436,0.01552741210450344,10.0,13.0,0.7692307692307695,0.5652173913043478,1.0,0.013171225937183386,0.39393939393939387,0.3943622819391336,0.6923076923076923
graph_065_mu_0_3_node_53,32,0.07258064516129033,0.0014604465509031853,0.4426229508196721,2.259259259259259,0.021874448576119577,11.0,21.0,0.5238095238095238,0.65625,0.38181818181818183,0.022222222222222213,0.48837209302325585,0.4890550864860328,0.20000000000000004
graph_065_mu_0_3_node_54,21,0.12380952380952381,0.0006061553291778747,0.3906922174423152,2.5595595595595597,0.01012185421273104,10.0,11.0,0.9090909090909087,0.5238095238095238,0.34375,0.011363636363636364,0.3548387096774193,0.3551965612666058,0.3125
graph_065_mu_0_3_node_55,39,0.06882591093117409,0.002323164072472543,0.4385425812115891,2.28028028028028,0.020905470228099816,16.0,23.0,0.6956521739130432,0.5897435897435896,0.575,0.02395833333333334,0.41818181818181804,0.41893005332284433,0.4000000000000001
graph_065_mu_0_3_node_56,47,0.11616161616161616,0.0019068904296208034,0.4489887640449438,2.2272272272272273,0.032468037741201015,27.0,20.0,1.3500000000000003,0.4255319148936172,0.2739726027397261,0.021574973031283716,0.27027027027027023,0.27092143911835265,0.35616438356164376
graph_065_mu_0_3_node_57,17,0.15441176470588236,0.00028523580455829044,0.37179010048381095,2.68968968968969,0.0072181690907553945,9.0,8.0,1.125,0.4705882352941177,0.2962962962962963,0.008221993833504625,0.3076923076923076,0.3079525718604383,0.33333333333333326
graph_065_mu_0_3_node_58,47,0.16096207215541167,0.0018774827354177087,0.4553327256153145,2.196196196196196,0.03797156038667253,31.0,16.0,1.9375,0.3404255319148935,0.14678899082568808,0.01795735129068463,0.2051282051282052,0.20564934381623845,0.28440366972477055
graph_065_mu_0_3_node_59,36,0.14795008912655971,0.0009748709796389549,0.4064279902359642,2.4604604604604603,0.01955697383194781,23.0,13.0,1.76923076923077,0.361111111111111,0.17808219178082188,0.014023732470334416,0.22033898305084743,0.22076222902187134,0.3013698630136986
graph_065_mu_0_3_node_60,18,0.2,0.00027258228930545763,0.3908450704225352,2.5585585585585586,0.010672509022399886,12.0,6.0,2.0,0.33333333333333326,0.1875,0.006198347107438018,0.20000000000000004,0.20019524894240157,0.34375
graph_065_mu_0_3_node_61,39,0.19838056680161945,0.0010291859988750347,0.43567378979502835,2.295295295295295,0.034013071234314386,28.0,11.0,2.545454545454546,0.282051282051282,0.1009174311926606,0.012345679012345677,0.16417910447761194,0.16453737565632412,0.25688073394495425
graph_065_mu_0_3_node_62,21,0.09523809523809523,0.0007968574297835558,0.4251063829787234,2.3523523523523524,0.016866523184482868,7.0,14.0,0.5,0.6666666666666665,0.25454545454545446,0.014814814814814812,0.5,0.500455314166775,0.12727272727272723
graph_065_mu_0_3_node_63,21,0.1380952380952381,0.000559925393406611,0.4046172539489672,2.4714714714714714,0.012113424278748368,11.0,10.0,1.0999999999999999,0.4761904761904762,0.3125,0.010330578512396691,0.3125,0.3128253513794899,0.34375
graph_065_mu_0_3_node_64,68,0.11194029850746269,0.004021523937768757,0.4694548872180451,2.13013013013013,0.045594322961552566,45.0,23.0,1.9565217391304346,0.338235294117647,0.2110091743119266,0.025813692480359144,0.20353982300884962,0.20428947262913566,0.41284403669724773
graph_065_mu_0_3_node_65,36,0.18253968253968253,0.0009787845235133986,0.45867768595041325,2.18018018018018,0.045256777948776916,27.0,9.0,3.0,0.25,0.03688524590163934,0.01190476190476191,0.1428571428571428,0.14315027382154372,0.11065573770491802
graph_065_mu_0_3_node_66,40,0.12435897435897436,0.0016520024908996773,0.4238438693254137,2.359359359359359,0.023401789213688632,21.0,19.0,1.1052631578947367,0.47499999999999987,0.26027397260273977,0.020496224379719534,0.31147540983606564,0.31209379877015836,0.28767123287671226
graph_065_mu_0_3_node_67,28,0.14814814814814814,0.000703765151990929,0.4389279437609842,2.2782782782782784,0.03262738343960337,17.0,11.0,1.5454545454545454,0.39285714285714296,0.04508196721311475,0.014550264550264544,0.24444444444444444,0.24480245909049805,0.06967213114754099
graph_065_mu_0_3_node_68,62,0.08408249603384453,0.0032229520373579733,0.4868421052631579,2.054054054054054,0.05918101388499035,42.0,20.0,2.100000000000001,0.3225806451612903,0.08196721311475412,0.026455026455026454,0.19230769230769237,0.19295949780893068,0.1721311475409837
graph_065_mu_0_3_node_69,22,0.10526315789473684,0.000429185982873625,0.38467462456680784,2.5995995995995997,0.010226436586032348,12.0,10.0,1.1999999999999995,0.45454545454545436,0.25,0.010416666666666664,0.29411764705882354,0.29444301961039526,0.27499999999999997
graph_065_mu_0_3_node_70,16,0.09166666666666666,0.00034114481888697915,0.3903868698710434,2.5615615615615615,0.009579453058405438,6.0,10.0,0.5999999999999998,0.625,0.5263157894736842,0.01019367991845056,0.45454545454545436,0.45487070010585273,0.31578947368421056
graph_065_mu_0_3_node_71,25,0.14666666666666667,0.0006325415905631897,0.421875,2.3703703703703702,0.02449655518006106,14.0,11.0,1.272727272727273,0.4400000000000001,0.06508875739644969,0.013237063778580025,0.282051282051282,0.2824092267976295,0.08284023668639053
graph_065_mu_0_3_node_72,40,0.1507823613086771,0.0015844893225200095,0.42528735632183906,2.3513513513513513,0.01981209752560914,24.0,16.0,1.5,0.4000000000000001,0.5,0.01652892561983471,0.25,0.2505209011590051,0.71875
graph_065_mu_0_3_node_73,17,0.11764705882352941,0.0003289818612149293,0.4109419991772933,2.4334334334334335,0.015812081008135942,7.0,10.0,0.6999999999999998,0.5882352941176471,0.18181818181818182,0.010582010582010583,0.41666666666666674,0.4169919333853762,0.12727272727272723
graph_065_mu_0_3_node_74,117,0.11553197760094312,0.01040776459817432,0.5128336755646817,1.94994994994995,0.08218399883344668,81.0,36.0,2.25,0.3076923076923076,0.330275229357798,0.04040404040404041,0.18181818181818182,0.18299380718556474,0.743119266055046
graph_065_mu_0_3_node_75,24,0.11594202898550725,0.0004602053767347235,0.4251063829787234,2.3523523523523524,0.02421339368626869,16.0,8.0,2.0,0.33333333333333326,0.03278688524590163,0.010582010582010583,0.20000000000000004,0.20026038276266117,0.06147540983606558
graph_065_mu_0_3_node_76,19,0.04678362573099415,0.0004790590417120996,0.3948616600790514,2.5325325325325325,0.01037547672516375,6.0,13.0,0.4615384615384616,0.6842105263157895,0.3250000000000001,0.01354166666666667,0.5199999999999998,0.5204227779765196,0.14999999999999994
graph_065_mu_0_3_node_77,26,0.09230769230769231,0.0009121900105308539,0.41555740432612315,2.4064064064064064,0.016518238991459686,9.0,17.0,0.5294117647058824,0.6538461538461539,0.53125,0.01756198347107438,0.4857142857142857,0.48626718518415246,0.28125
graph_065_mu_0_3_node_78,33,0.1553030303030303,0.0008572173409442754,0.44223107569721115,2.2612612612612613,0.033886745678249175,23.0,10.0,2.3,0.30303030303030304,0.059171597633136064,0.012033694344163657,0.17857142857142852,0.1788970341978938,0.13609467455621302
graph_065_mu_0_3_node_79,41,0.12682926829268293,0.001712301438916131,0.4220532319391635,2.369369369369369,0.021498169093311696,26.0,15.0,1.7333333333333338,0.36585365853658547,0.20547945205479448,0.016181229773462782,0.2238805970149254,0.22436902135799472,0.35616438356164376
graph_065_mu_0_3_node_80,91,0.05201465201465202,0.007909113069495651,0.4995,2.002002002002002,0.06814900005570057,58.0,33.0,1.7575757575757576,0.3626373626373625,0.1352459016393443,0.043650793650793634,0.22147651006711408,0.2225526555098013,0.23360655737704927
graph_065_mu_0_3_node_81,53,0.08490566037735849,0.0028122442645512205,0.46595149253731344,2.146146146146146,0.03980043841043426,29.0,24.0,1.2083333333333333,0.45283018867924524,0.22018348623853212,0.026936026936026928,0.2926829268292682,0.29346432944696704,0.26605504587155965
graph_065_mu_0_3_node_82,42,0.10569105691056911,0.0015736312139347634,0.4574175824175824,2.186186186186186,0.03684554583526528,25.0,17.0,1.4705882352941173,0.4047619047619049,0.10059171597633139,0.020457280385078217,0.25373134328358216,0.2542848187841518,0.1479289940828403
graph_065_mu_0_3_node_83,38,0.14285714285714285,0.001460383324635975,0.4593103448275862,2.1771771771771773,0.03758268157134267,22.0,16.0,1.375,0.4210526315789473,0.14678899082568808,0.01795735129068463,0.2666666666666666,0.26718749999999997,0.19266055045871555
graph_065_mu_0_3_node_84,79,0.08503732554365466,0.005647885939250243,0.4923607688516511,2.031031031031031,0.06265562455571924,50.0,29.0,1.7241379310344833,0.36708860759493683,0.17159763313609472,0.0348977135980746,0.22480620155038758,0.22575153518796623,0.2958579881656806
graph_065_mu_0_3_node_85,29,0.15270935960591134,0.0006446178965731757,0.42875536480686693,2.3323323323323324,0.02901737213765514,20.0,9.0,2.2222222222222223,0.31034482758620696,0.05325443786982251,0.010830324909747288,0.1836734693877551,0.18396646675077877,0.11834319526627213
graph_065_mu_0_3_node_86,26,0.14153846153846153,0.0008554199157332607,0.391304347826087,2.5555555555555554,0.00992050524657815,15.0,11.0,1.3636363636363635,0.4230769230769231,0.34375,0.011363636363636364,0.26829268292682934,0.2686506509700458,0.46875
graph_065_mu_0_3_node_87,38,0.18207681365576103,0.001218047593206217,0.4334056399132321,2.3073073073073074,0.02566105580572735,25.0,13.0,1.9230769230769231,0.34210526315789475,0.17808219178082188,0.014023732470334416,0.2063492063492064,0.20677250744653308,0.3424657534246575
graph_065_mu_0_3_node_88,31,0.05172413793103448,0.0012727633976249303,0.42601279317697227,2.3473473473473474,0.01706918964634639,13.0,18.0,0.722222222222222,0.5806451612903225,0.4500000000000001,0.018749999999999992,0.4090909090909091,0.4096764653693734,0.2999999999999999
graph_065_mu_0_3_node_89,27,0.23,0.0007838774910995236,0.4245643858903527,2.3553553553553552,0.020984451872216987,14.0,13.0,1.0769230769230769,0.4814814814814816,0.9285714285714288,0.01318458417849899,0.3170731707317073,0.3174961688119468,0.9285714285714288
graph_065_mu_0_3_node_90,26,0.1076923076923077,0.0009781125924904059,0.45121951219512196,2.2162162162162162,0.027964730483845585,9.0,17.0,0.5294117647058824,0.6538461538461539,0.06967213114754099,0.022486772486772492,0.4857142857142857,0.48626718518415246,0.03688524590163934
graph_065_mu_0_3_node_91,18,0.0915032679738562,0.0003750969994295187,0.391304347826087,2.5555555555555554,0.011389711607735052,10.0,8.0,1.25,0.4444444444444446,0.20000000000000004,0.008333333333333331,0.2857142857142856,0.28597456681787753,0.22500000000000006
graph_065_mu_0_3_node_92,79,0.13602187286397813,0.004788586752334294,0.4779904306220096,2.0920920920920922,0.04780145536305681,54.0,25.0,2.16,0.3164556962025316,0.3424657534246575,0.026968716289104633,0.18796992481203006,0.18878518651103543,0.726027397260274
graph_065_mu_0_3_node_93,32,0.15524193548387097,0.0008793152511925715,0.42420382165605097,2.3573573573573574,0.025138352760030947,20.0,12.0,1.666666666666667,0.375,0.11009174311926606,0.013468013468013464,0.2307692307692308,0.23115985576923087,0.18348623853211007
graph_065_mu_0_3_node_94,17,0.04411764705882353,0.00045897590604604936,0.39595719381688466,2.5255255255255253,0.010082566505051235,4.0,13.0,0.3076923076923076,0.7647058823529413,0.3250000000000001,0.01354166666666667,0.6190476190476188,0.6194703420339945,0.07499999999999997
graph_065_mu_0_3_node_95,36,0.19365079365079366,0.0010176838517724457,0.42564976565828716,2.349349349349349,0.027904640364978264,26.0,10.0,2.600000000000001,0.2777777777777778,0.09174311926605504,0.011223344556677893,0.16129032258064516,0.16161599183095457,0.23853211009174305
graph_065_mu_0_3_node_96,22,0.12121212121212122,0.00047118176359019855,0.4317199654278306,2.3163163163163163,0.026333729845431635,14.0,8.0,1.75,0.36363636363636365,0.03278688524590163,0.010582010582010583,0.2222222222222223,0.22248257108970465,0.05327868852459016
graph_065_mu_0_3_node_97,27,0.18803418803418803,0.0008134362229838288,0.4475806451612903,2.234234234234234,0.0349845482977289,19.0,8.0,2.375,0.2962962962962963,0.03278688524590163,0.010582010582010583,0.1739130434782608,0.17417347710024153,0.07377049180327867
graph_065_mu_0_3_node_98,64,0.08531746031746032,0.003460772812871109,0.47413383958234456,2.109109109109109,0.05941414797212475,43.0,21.0,2.0476190476190474,0.328125,0.08606557377049184,0.027777777777777787,0.19626168224299068,0.19694610032466459,0.1762295081967213
graph_065_mu_0_3_node_99,29,0.15669515669515668,0.0009787078844410756,0.4164235097957482,2.4014014014014013,0.017222906118642908,13.0,16.0,0.8125,0.5517241379310346,1.1428571428571423,0.016227180527383367,0.3809523809523811,0.38147290928864225,0.8571428571428571
graph_065_mu_0_3_node_100,27,0.07977207977207977,0.0009572138848334194,0.4227676682183665,2.3653653653653652,0.01757321393553874,14.0,13.0,1.0769230769230769,0.4814814814814816,0.1733333333333333,0.014054054054054051,0.3170731707317073,0.3174961688119468,0.1733333333333333
graph_065_mu_0_3_node_101,31,0.13333333333333333,0.0008352739576719735,0.4391208791208791,2.2772772772772774,0.03448853710772031,19.0,12.0,1.583333333333333,0.3870967741935483,0.04918032786885247,0.015873015873015872,0.2400000000000001,0.2403905995703405,0.07786885245901641
graph_065_mu_0_3_node_102,34,0.15151515151515152,0.0010685033034265885,0.43719912472647704,2.2872872872872874,0.028981530063281292,22.0,12.0,1.8333333333333328,0.3529411764705881,0.11009174311926606,0.013468013468013464,0.21428571428571427,0.21467639015496817,0.2018348623853212
graph_065_mu_0_3_node_103,22,0.09090909090909091,0.0005768436840447911,0.3958003169572108,2.5265265265265264,0.011492420843727626,9.0,13.0,0.6923076923076923,0.5909090909090909,0.2363636363636364,0.013756613756613753,0.4193548387096773,0.419777699198244,0.16363636363636364
graph_065_mu_0_3_node_104,27,0.11,0.0010263999170901648,0.4320934256055363,2.314314314314314,0.01720905827953357,13.0,14.0,0.9285714285714288,0.5185185185185184,0.4375,0.014462809917355378,0.3499999999999999,0.3504554919312858,0.375
graph_065_mu_0_3_node_105,56,0.137012987012987,0.0025489902692263817,0.4593103448275862,2.1771771771771773,0.042268315039070685,36.0,20.0,1.8000000000000005,0.35714285714285704,0.18348623853211007,0.022446689113355785,0.2173913043478261,0.21804285503846985,0.330275229357798
graph_065_mu_0_3_node_106,29,0.1477832512315271,0.0008673711730261458,0.4069246435845214,2.4574574574574575,0.014553024629321946,20.0,9.0,2.2222222222222223,0.31034482758620696,0.12000000000000005,0.00972972972972973,0.1836734693877551,0.18396646675077877,0.2666666666666666
graph_065_mu_0_3_node_107,22,0.1368421052631579,0.0002947524728349422,0.4245643858903527,2.3553553553553552,0.0262154826111996,14.0,8.0,1.75,0.36363636363636365,0.03278688524590163,0.010582010582010583,0.2222222222222223,0.22248257108970465,0.05327868852459016
graph_065_mu_0_3_node_108,14,0.06593406593406594,0.0002709315585437766,0.38158899923605805,2.6206206206206204,0.00750444681327317,4.0,10.0,0.4000000000000001,0.7142857142857141,0.5263157894736842,0.01019367991845056,0.5555555555555556,0.5558807588075882,0.21052631578947364
graph_065_mu_0_3_node_109,42,0.12051282051282051,0.001560710398893789,0.4540909090909091,2.2022022022022023,0.03429811183520374,25.0,17.0,1.4705882352941173,0.4047619047619049,0.15596330275229356,0.019079685746352416,0.25373134328358216,0.2542848187841518,0.22018348623853212
graph_065_mu_0_3_node_110,18,0.08496732026143791,0.00048237809786840625,0.408255006129955,2.4494494494494496,0.012437942912933542,7.0,11.0,0.6363636363636365,0.6111111111111108,0.27499999999999997,0.01145833333333333,0.4400000000000001,0.44035778175313056,0.17499999999999996
graph_065_mu_0_3_node_111,27,0.25925925925925924,0.0005083775078988793,0.41816659690246966,2.3913913913913913,0.02548529498738246,18.0,9.0,2.0,0.33333333333333326,0.0825688073394495,0.010101010101010102,0.20000000000000004,0.20029295921356735,0.165137614678899
graph_065_mu_0_3_node_112,30,0.07586206896551724,0.0014359160577726115,0.45203619909502263,2.2122122122122123,0.02283373411791231,9.0,21.0,0.42857142857142855,0.6999999999999998,0.5250000000000002,0.021874999999999995,0.5384615384615384,0.5391444430825264,0.22500000000000006
graph_065_mu_0_3_node_113,22,0.2789473684210526,0.00033936643541315347,0.38616157711635096,2.5895895895895897,0.011308750222469195,13.0,9.0,1.444444444444444,0.4090909090909091,0.6923076923076923,0.009118541033434652,0.2571428571428571,0.25743572102623213,0.9230769230769232
graph_065_mu_0_3_node_114,14,0.054945054945054944,0.0003894445371073884,0.40775510204081633,2.4524524524524525,0.010946969795032744,3.0,11.0,0.2727272727272726,0.7857142857142859,0.27499999999999997,0.01145833333333333,0.6470588235294118,0.6474165122101906,0.025000000000000005
graph_065_mu_0_3_node_115,28,0.09523809523809523,0.0008266840145841074,0.43510452961672474,2.2982982982982985,0.026674818463647623,18.0,10.0,1.8000000000000005,0.35714285714285704,0.04098360655737706,0.013227513227513227,0.2173913043478261,0.21771680398977644,0.06967213114754099
graph_065_mu_0_3_node_116,37,0.12012012012012012,0.0010273026230076105,0.4597330878969167,2.175175175175175,0.0414778582734681,27.0,10.0,2.7000000000000006,0.27027027027027023,0.04098360655737706,0.013227513227513227,0.15625,0.1565756904637832,0.11065573770491802
graph_065_mu_0_3_node_117,26,0.14130434782608695,0.0007060391770345783,0.3903868698710434,2.5615615615615615,0.011399849192434334,12.0,14.0,0.8571428571428571,0.5384615384615384,0.875,0.01422764227642276,0.36842105263157887,0.36887651492580775,0.6875
graph_065_mu_0_3_node_118,26,0.07384615384615385,0.0010818468571459656,0.4114497528830313,2.4304304304304303,0.012349858221548517,12.0,14.0,0.8571428571428571,0.5384615384615384,0.3499999999999999,0.014583333333333335,0.36842105263157887,0.36887651492580775,0.2999999999999999
graph_065_mu_0_3_node_119,54,0.129979035639413,0.002554265730053902,0.4597330878969167,2.175175175175175,0.0374619211547834,31.0,23.0,1.3478260869565222,0.4259259259259259,0.3150684931506849,0.02481121898597627,0.27058823529411763,0.2713372013952605,0.42465753424657543
graph_065_mu_0_3_node_120,24,0.17753623188405798,0.0004921093824928551,0.40298507462686567,2.4814814814814814,0.015833509474069942,14.0,10.0,1.3999999999999997,0.41666666666666674,0.13698630136986306,0.010787486515641858,0.2631578947368421,0.2634833096408448,0.19178082191780818
graph_065_mu_0_3_node_121,22,0.09956709956709957,0.0006331792592010714,0.44618133095131757,2.2412412412412412,0.026320721468451946,9.0,13.0,0.6923076923076923,0.5909090909090909,0.05327868852459016,0.017195767195767202,0.4193548387096773,0.419777699198244,0.03688524590163934
graph_065_mu_0_3_node_122,28,0.08307692307692308,0.001232892019154776,0.42348452734209413,2.3613613613613613,0.016652611101863717,10.0,18.0,0.5555555555555556,0.6428571428571429,1.1999999999999995,0.018274111675126905,0.4736842105263158,0.4742696525350325,0.5999999999999998
graph_065_mu_0_3_node_123,27,0.09401709401709402,0.0008591947547431954,0.39737470167064437,2.5165165165165164,0.01225788932132526,13.0,14.0,0.9285714285714288,0.5185185185185184,0.34146341463414637,0.014598540145985404,0.3499999999999999,0.3504554919312858,0.3170731707317073
graph_065_mu_0_3_node_124,19,0.23529411764705882,0.0002861682412034146,0.3713754646840149,2.6926926926926926,0.007555263158027591,11.0,8.0,1.375,0.4210526315789473,0.6153846153846152,0.008105369807497471,0.2666666666666666,0.26692696470792393,0.7692307692307695
graph_065_mu_0_3_node_125,35,0.15294117647058825,0.0013253765391904654,0.4646511627906977,2.1521521521521523,0.04334127865543446,22.0,13.0,1.6923076923076923,0.37142857142857155,0.05327868852459016,0.017195767195767202,0.22807017543859642,0.22849339385185308,0.0901639344262295
graph_065_mu_0_3_node_126,37,0.07507507507507508,0.0017297788105938145,0.4245643858903527,2.3553553553553552,0.02033945460888268,17.0,20.0,0.8499999999999998,0.5405405405405405,0.5,0.02083333333333333,0.37037037037037035,0.3710211154735133,0.4000000000000001
graph_065_mu_0_3_node_127,37,0.15315315315315314,0.0011077803179036754,0.46357308584686774,2.1571571571571573,0.03974132923952215,22.0,15.0,1.4666666666666663,0.4054054054054053,0.08875739644970415,0.018050541516245487,0.2542372881355933,0.2547255852806827,0.13017751479289938
graph_065_mu_0_3_node_128,37,0.2012012012012012,0.0010781200799799466,0.4563727729556875,2.191191191191191,0.036697100642298246,23.0,14.0,1.6428571428571423,0.3783783783783784,0.12844036697247713,0.01571268237934905,0.23333333333333336,0.2337891218474627,0.2110091743119266
graph_065_mu_0_3_node_129,19,0.1695906432748538,0.0003769604428505044,0.4060975609756098,2.4624624624624625,0.0143010391005601,8.0,11.0,0.7272727272727273,0.5789473684210529,0.26829268292682934,0.01147028154327424,0.4074074074074074,0.4077652124361944,0.19512195121951223
graph_065_mu_0_3_node_130,25,0.13438735177865613,0.0007045503455870728,0.38100686498855835,2.6246246246246248,0.008828802064173531,13.0,12.0,1.0833333333333335,0.4800000000000002,0.8000000000000002,0.01218274111675127,0.31578947368421056,0.3161799207460963,0.8000000000000002
graph_065_mu_0_3_node_131,44,0.13742071881606766,0.0015384196216899997,0.46164510166358597,2.166166166166166,0.044732147387124915,30.0,14.0,2.142857142857143,0.31818181818181823,0.08284023668639053,0.01684717208182912,0.1891891891891892,0.18964518554121843,0.1775147928994083
graph_065_mu_0_3_node_132,41,0.08414634146341464,0.0018520215928386873,0.46486738017682644,2.151151151151151,0.039302074800951506,23.0,18.0,1.2777777777777783,0.43902439024390266,0.07377049180327867,0.02380952380952382,0.28125,0.28183593749999997,0.09426229508196718
graph_065_mu_0_3_node_133,56,0.12077922077922078,0.0032170024854718754,0.46400371574547145,2.155155155155155,0.03499931961382461,33.0,23.0,1.4347826086956523,0.4107142857142856,0.3150684931506849,0.02481121898597627,0.2584269662921348,0.25917602996254674,0.4520547945205477
graph_065_mu_0_3_node_134,28,0.21693121693121692,0.0009043947459987172,0.40024038461538464,2.4984984984984986,0.012486505821834035,15.0,13.0,1.1538461538461535,0.4642857142857144,0.8125,0.013211382113821137,0.3023255813953489,0.3027486070046684,0.9375
graph_065_mu_0_3_node_135,24,0.08695652173913043,0.0007915834821035534,0.41992433795712486,2.3813813813813813,0.01702074694611158,8.0,16.0,0.5,0.6666666666666665,0.5925925925925926,0.01644398766700925,0.5,0.5005203590477427,0.2592592592592592
graph_065_mu_0_3_node_136,28,0.11384615384615385,0.0009506530864181715,0.4090909090909091,2.4444444444444446,0.014643804343757635,13.0,15.0,0.8666666666666669,0.5357142857142857,0.46875,0.015495867768595042,0.36585365853658547,0.36634166972830867,0.375
graph_065_mu_0_3_node_137,19,0.1695906432748538,0.00047177974727548663,0.4109419991772933,2.4334334334334335,0.01366159353522284,9.0,10.0,0.9000000000000002,0.5263157894736842,0.24390243902439032,0.010427528675703854,0.35714285714285704,0.35746816618644855,0.21951219512195133
graph_065_mu_0_3_node_138,18,0.1111111111111111,0.0003855237055850011,0.38977760436987907,2.5655655655655654,0.010199398624842333,8.0,10.0,0.8000000000000002,0.5555555555555556,0.25,0.010416666666666664,0.38461538461538475,0.3849406724951583,0.20000000000000004
graph_065_mu_0_3_node_139,24,0.14492753623188406,0.0005604838530562317,0.4153846153846154,2.4074074074074074,0.019392532635486587,12.0,12.0,1.0,0.5,0.11009174311926606,0.013468013468013464,0.33333333333333326,0.3337237549887212,0.11009174311926606
graph_065_mu_0_3_node_140,21,0.1,0.000534100382529443,0.3953304313415117,2.5295295295295297,0.012479849097253375,9.0,12.0,0.75,0.5714285714285712,0.375,0.012396694214876035,0.4000000000000001,0.4003903454557285,0.28125
graph_065_mu_0_3_node_141,27,0.07333333333333333,0.000858209707891539,0.41957160856782866,2.3833833833833835,0.01745970561854355,9.0,18.0,0.5,0.6666666666666665,0.6666666666666665,0.018499486125385402,0.5,0.5005854039287109,0.2962962962962963
graph_065_mu_0_3_node_142,36,0.1873015873015873,0.0010698921096677218,0.4681349578256795,2.136136136136136,0.04877863781635548,25.0,11.0,2.272727272727273,0.3055555555555554,0.04508196721311475,0.014550264550264544,0.180327868852459,0.18068607003126655,0.10245901639344267
graph_065_mu_0_3_node_143,24,0.13768115942028986,0.00047160803332276115,0.4366258741258741,2.29029029029029,0.026847328388094414,15.0,9.0,1.666666666666667,0.375,0.03688524590163934,0.01190476190476191,0.2307692307692308,0.23106213277723683,0.06147540983606558
graph_065_mu_0_3_node_144,17,0.125,0.00031318194461042996,0.3852680293096799,2.5955955955955954,0.009739665016279537,8.0,9.0,0.8888888888888892,0.5294117647058824,0.21951219512195133,0.009384775808133473,0.36,0.36029276861520454,0.19512195121951223
graph_065_mu_0_3_node_145,22,0.19480519480519481,0.000523781634507699,0.37984790874524715,2.6326326326326326,0.008853891171918135,11.0,11.0,1.0,0.5,0.6875,0.011178861788617886,0.33333333333333326,0.3336912082072637,0.6875
graph_065_mu_0_3_node_146,29,0.14532019704433496,0.0006630901900773851,0.4247448979591837,2.354354354354354,0.024463584708317037,17.0,12.0,1.4166666666666667,0.41379310344827586,0.11009174311926606,0.013468013468013464,0.26086956521739124,0.26126011393834414,0.15596330275229356
graph_065_mu_0_3_node_147,28,0.15076923076923077,0.0008777467495174915,0.4267407090986758,2.3433433433433435,0.019085218604833386,12.0,16.0,0.75,0.5714285714285712,1.1428571428571423,0.016227180527383367,0.4000000000000001,0.40052049446974625,0.7857142857142859
graph_065_mu_0_3_node_148,32,0.10685483870967742,0.0012208882738235388,0.4141791044776119,2.4144144144144146,0.015657803199526307,19.0,13.0,1.461538461538461,0.40625,0.1733333333333333,0.014054054054054051,0.2549019607843137,0.2553250965457954,0.25333333333333335
graph_065_mu_0_3_node_149,28,0.2222222222222222,0.0005973580986326196,0.42312579415501905,2.3633633633633635,0.02545587223939902,18.0,10.0,1.8000000000000005,0.35714285714285704,0.09174311926605504,0.011223344556677893,0.2173913043478261,0.21771680398977644,0.165137614678899
graph_065_mu_0_3_node_150,15,0.12380952380952381,0.00020722997009965278,0.398961661341853,2.5065065065065064,0.01338620816905647,3.0,12.0,0.25,0.8000000000000002,0.4615384615384616,0.012320328542094453,0.6666666666666665,0.6670568598122736,0.1153846153846154
graph_065_mu_0_3_node_151,43,0.12846068660022147,0.0013328586186474,0.4666043904717422,2.1431431431431434,0.04921578528062306,32.0,11.0,2.909090909090909,0.2558139534883721,0.04508196721311475,0.014550264550264544,0.1466666666666667,0.14702503122115435,0.1311475409836065
graph_065_mu_0_3_node_152,16,0.13333333333333333,0.0002913000723636212,0.40428976123027116,2.4734734734734736,0.013490329760000228,5.0,11.0,0.45454545454545436,0.6875,0.4074074074074074,0.011305241521068855,0.5238095238095238,0.524167259020425,0.18518518518518517
graph_065_mu_0_3_node_153,76,0.09649122807017543,0.004548959547102656,0.4868421052631579,2.054054054054054,0.05975489521999158,52.0,24.0,2.166666666666667,0.31578947368421056,0.14201183431952666,0.028880866425992788,0.1875,0.18828257467066653,0.3076923076923076
graph_065_mu_0_3_node_154,43,0.08084163898117387,0.002181625919196042,0.4465802413947251,2.239239239239239,0.023859805762199485,25.0,18.0,1.3888888888888888,0.4186046511627906,0.2400000000000001,0.01945945945945946,0.2647058823529412,0.26529189615682197,0.33333333333333326
graph_065_mu_0_3_node_155,25,0.18333333333333332,0.0006260507679195116,0.4300473525613431,2.325325325325325,0.02594974283232282,15.0,10.0,1.5,0.4000000000000001,0.09174311926605504,0.011223344556677893,0.25,0.2503254360843531,0.1376146788990826
graph_065_mu_0_3_node_156,18,0.06535947712418301,0.0005778829508132657,0.4026602176541717,2.4834834834834836,0.0111799723068946,5.0,13.0,0.38461538461538475,0.722222222222222,0.4814814814814816,0.01336073997944501,0.5652173913043478,0.565640141784007,0.18518518518518517
graph_065_mu_0_3_node_157,18,0.05228758169934641,0.0004486972587349454,0.42348452734209413,2.3613613613613613,0.015780127519105402,3.0,15.0,0.20000000000000004,0.8333333333333335,0.36585365853658547,0.015641293013555792,0.7142857142857141,0.7147734081440228,0.07317073170731705
graph_065_mu_0_3_node_158,14,0.10989010989010989,0.00018542562615700393,0.3885647607934656,2.5735735735735736,0.009908566128802795,4.0,10.0,0.4000000000000001,0.7142857142857141,0.18181818181818182,0.010582010582010583,0.5555555555555556,0.5558807588075882,0.07272727272727274
graph_065_mu_0_3_node_159,25,0.07666666666666666,0.0007769385468294627,0.41060419235511714,2.4354354354354353,0.014148450988956226,14.0,11.0,1.272727272727273,0.4400000000000001,0.1466666666666667,0.011891891891891892,0.282051282051282,0.2824092267976295,0.1733333333333333
graph_065_mu_0_3_node_160,37,0.12612612612612611,0.000980264149597107,0.4389279437609842,2.2782782782782784,0.032631631220202156,24.0,13.0,1.8461538461538465,0.3513513513513515,0.0769230769230769,0.01564380264741275,0.21311475409836064,0.21353802763074106,0.14201183431952666
graph_065_mu_0_3_node_161,23,0.13438735177865613,0.0007331108829760388,0.44618133095131757,2.2412412412412412,0.030119451502517765,11.0,12.0,0.9166666666666664,0.5217391304347825,0.04918032786885247,0.015873015873015872,0.3529411764705881,0.3533315727227843,0.04508196721311475
graph_065_mu_0_3_node_162,24,0.16666666666666666,0.0005871988832596461,0.4269230769230769,2.3423423423423424,0.02735527646830769,17.0,7.0,2.4285714285714284,0.2916666666666667,0.02868852459016392,0.009259259259259259,0.17073170731707318,0.170959564483181,0.06557377049180325
graph_065_mu_0_3_node_163,45,0.10741971207087486,0.00208012778762289,0.42728828058169377,2.34034034034034,0.020746560185561026,27.0,18.0,1.5,0.4000000000000001,0.43902439024390266,0.018769551616266946,0.25,0.25058609012763744,0.6341463414634146
graph_065_mu_0_3_node_164,21,0.2523809523809524,0.0005247396893411123,0.40120481927710844,2.4924924924924925,0.013599769876586044,11.0,10.0,1.0999999999999999,0.4761904761904762,0.7692307692307695,0.010131712259371834,0.3125,0.3128253513794899,0.8461538461538461
graph_065_mu_0_3_node_165,28,0.09788359788359788,0.000975354504796879,0.42528735632183906,2.3513513513513513,0.018017468180629118,14.0,14.0,1.0,0.5,0.18666666666666662,0.01513513513513514,0.33333333333333326,0.3337888549055335,0.18666666666666662
graph_065_mu_0_3_node_166,46,0.1246376811594203,0.0023406607448875722,0.4807507218479307,2.08008008008008,0.054748604002875303,27.0,19.0,1.4210526315789476,0.4130434782608694,0.07786885245901641,0.02513227513227512,0.26027397260273977,0.260892603150065,0.11065573770491802
graph_065_mu_0_3_node_167,21,0.16666666666666666,0.0005309742083562497,0.39470564994073487,2.5335335335335336,0.011006536261591215,12.0,9.0,1.333333333333333,0.42857142857142855,0.28125,0.009297520661157023,0.2727272727272726,0.27302011755205396,0.375
graph_065_mu_0_3_node_168,44,0.1440185830429733,0.0021442134768642385,0.4300473525613431,2.325325325325325,0.020949118667998454,29.0,15.0,1.9333333333333336,0.3409090909090909,0.36585365853658547,0.015641293013555792,0.20547945205479448,0.20596797183984575,0.6829268292682927
graph_065_mu_0_3_node_169,61,0.10109289617486339,0.0035428324520794447,0.48028846153846155,2.0820820820820822,0.06137329448410589,39.0,22.0,1.7727272727272732,0.360655737704918,0.0901639344262295,0.02910052910052909,0.22000000000000006,0.22071679916590636,0.15983606557377056
graph_065_mu_0_3_node_170,14,0.06593406593406594,0.00021315544633926134,0.37096175269216486,2.695695695695696,0.007621537363912123,4.0,10.0,0.4000000000000001,0.7142857142857141,0.38461538461538475,0.010266940451745378,0.5555555555555556,0.5558807588075882,0.1153846153846154
graph_065_mu_0_3_node_171,53,0.09796806966618288,0.0025131342110658577,0.4759409242496427,2.101101101101101,0.05263513675009439,32.0,21.0,1.5238095238095244,0.3962264150943397,0.08606557377049184,0.027777777777777787,0.24705882352941178,0.24774275122848358,0.1311475409836065
graph_065_mu_0_3_node_172,18,0.0784313725490196,0.0004033361080424513,0.4215189873417722,2.3723723723723724,0.0166944076364065,5.0,13.0,0.38461538461538475,0.722222222222222,0.3170731707317073,0.013555787278415022,0.5652173913043478,0.565640141784007,0.12195121951219516
graph_065_mu_0_3_node_173,20,0.16339869281045752,0.0004593396764168804,0.38601236476043277,2.5905905905905904,0.008173037039566053,10.0,10.0,1.0,0.5,0.625,0.010162601626016262,0.33333333333333326,0.3336586635434965,0.5625
graph_065_mu_0_3_node_174,22,0.15151515151515152,0.0005717552024614525,0.40675895765472314,2.4584584584584586,0.013273878222920867,11.0,11.0,1.0,0.5,0.34375,0.011363636363636364,0.33333333333333326,0.3336912082072637,0.34375
graph_065_mu_0_3_node_175,25,0.11462450592885376,0.0006112921359666113,0.3953304313415117,2.5295295295295297,0.011786468844880629,13.0,12.0,1.0833333333333335,0.4800000000000002,0.375,0.012396694214876035,0.31578947368421056,0.3161799207460963,0.375
graph_065_mu_0_3_node_176,29,0.13793103448275862,0.0007967110713063505,0.4247448979591837,2.354354354354354,0.020269168122624463,18.0,11.0,1.6363636363636365,0.3793103448275863,0.1466666666666667,0.011891891891891892,0.23404255319148948,0.23440059114351225,0.2400000000000001
graph_065_mu_0_3_node_177,29,0.05128205128205128,0.0010526463265926357,0.42080876158382474,2.3763763763763763,0.0170211107421363,11.0,18.0,0.6111111111111108,0.6206896551724139,0.4500000000000001,0.018749999999999992,0.4500000000000001,0.450585480093677,0.25
graph_065_mu_0_3_node_178,21,0.05238095238095238,0.00041964777949305494,0.4000800961153384,2.4994994994994997,0.015267365217231337,14.0,7.0,2.0,0.33333333333333326,0.02868852459016392,0.009259259259259259,0.20000000000000004,0.2002278126728935,0.04918032786885247
graph_065_mu_0_3_node_179,26,0.12615384615384614,0.0008350136126583308,0.41625,2.4024024024024024,0.017304070266745953,15.0,11.0,1.3636363636363635,0.4230769230769231,0.1466666666666667,0.011891891891891892,0.26829268292682934,0.2686506509700458,0.20000000000000004
graph_065_mu_0_3_node_180,15,0.21904761904761905,0.00021768228710281631,0.42080876158382474,2.3763763763763763,0.01651173101290176,7.0,8.0,0.875,0.5333333333333332,0.14545454545454548,0.008465608465608466,0.36363636363636365,0.3638965939401826,0.12727272727272723
graph_065_mu_0_3_node_181,18,0.11666666666666667,0.0004283002903707856,0.38992974238875877,2.5645645645645647,0.008490575314619685,9.0,9.0,1.0,0.5,0.5999999999999998,0.009137055837563452,0.33333333333333326,0.333626120997213,0.5333333333333332
graph_065_mu_0_3_node_182,26,0.13538461538461538,0.0008779001599516141,0.4263764404609475,2.3453453453453452,0.01760711611752058,15.0,11.0,1.3636363636363635,0.4230769230769231,0.1466666666666667,0.011891891891891892,0.26829268292682934,0.2686506509700458,0.20000000000000004
graph_065_mu_0_3_node_183,19,0.1111111111111111,0.000457155275880102,0.3914576802507837,2.5545545545545547,0.009969100220488724,8.0,11.0,0.7272727272727273,0.5789473684210529,0.4074074074074074,0.011305241521068855,0.4074074074074074,0.4077652124361944,0.2962962962962963
graph_065_mu_0_3_node_184,23,0.07905138339920949,0.000864605685447255,0.41555740432612315,2.4064064064064064,0.01367182279226044,11.0,12.0,0.9166666666666664,0.5217391304347825,0.16,0.012972972972972978,0.3529411764705881,0.3533315727227843,0.12000000000000005
graph_065_mu_0_3_node_185,32,0.09195402298850575,0.0011628177455007766,0.42893945899527697,2.3313313313313313,0.01913582138766848,18.0,14.0,1.2857142857142858,0.4375,0.18666666666666662,0.01513513513513514,0.28000000000000014,0.280455640174445,0.2266666666666666
graph_065_mu_0_3_node_186,57,0.06203007518796992,0.003770996983782968,0.46400371574547145,2.155155155155155,0.03360434979876897,26.0,31.0,0.8387096774193546,0.5438596491228072,0.5636363636363635,0.032804232804232794,0.37349397590361455,0.3745028605978574,0.4727272727272728
graph_065_mu_0_3_node_187,16,0.25,0.00021478225431527387,0.4062627084180561,2.4614614614614614,0.01572997788918816,7.0,9.0,0.777777777777778,0.5625,0.21951219512195133,0.009384775808133473,0.3913043478260869,0.3915970973950946,0.17073170731707318
graph_065_mu_0_3_node_188,30,0.1425287356321839,0.0008069338943862464,0.4514234071396295,2.215215215215215,0.03171487062511031,19.0,11.0,1.7272727272727268,0.3666666666666666,0.06508875739644969,0.013237063778580025,0.22448979591836735,0.2248478571793941,0.11242603550295854
graph_065_mu_0_3_node_189,54,0.09224318658280922,0.0034332794650333977,0.4455842997323818,2.244244244244244,0.025953737473252442,32.0,22.0,1.4545454545454546,0.4074074074074074,0.2933333333333334,0.023783783783783784,0.2558139534883721,0.2565304258390527,0.4266666666666667
graph_065_mu_0_3_node_190,28,0.12962962962962962,0.0007602664519547678,0.4502027940513745,2.2212212212212212,0.03352646550688504,19.0,9.0,2.111111111111111,0.32142857142857145,0.03688524590163934,0.01190476190476191,0.19148936170212763,0.1917823399891812,0.07786885245901641
graph_065_mu_0_3_node_191,24,0.06884057971014493,0.000719319173146676,0.4070904645476773,2.4564564564564564,0.01334680297576522,10.0,14.0,0.7142857142857141,0.5833333333333334,0.18666666666666662,0.01513513513513514,0.41176470588235303,0.4122201089140358,0.1333333333333333
graph_065_mu_0_3_node_192,27,0.1396011396011396,0.0008314215338272096,0.4004008016032064,2.4974974974974975,0.01199112783641889,16.0,11.0,1.4545454545454546,0.4074074074074074,0.34375,0.011363636363636364,0.2558139534883721,0.25617194483149053,0.5
graph_065_mu_0_3_node_193,34,0.11051693404634581,0.0013044505375028707,0.4178168130489335,2.3933933933933935,0.01765914144499076,21.0,13.0,1.6153846153846159,0.3823529411764707,0.1733333333333333,0.014054054054054051,0.2363636363636364,0.23678682722271377,0.28000000000000014
graph_065_mu_0_3_node_194,21,0.10952380952380952,0.00043260050616451145,0.42258883248730966,2.3663663663663663,0.02349537305972752,14.0,7.0,2.0,0.33333333333333326,0.02868852459016392,0.009259259259259259,0.20000000000000004,0.2002278126728935,0.05327868852459016
graph_065_mu_0_3_node_195,21,0.07602339181286549,0.0004571871788555381,0.3854166666666667,2.5945945945945947,0.00935422809473432,10.0,11.0,0.9090909090909087,0.5238095238095238,0.1466666666666667,0.011891891891891892,0.3548387096774193,0.3551965612666058,0.12000000000000005
graph_065_mu_0_3_node_196,27,0.15384615384615385,0.0008305541445618137,0.42893945899527697,2.3313313313313313,0.02515064211075313,16.0,11.0,1.4545454545454546,0.4074074074074074,0.06508875739644969,0.013237063778580025,0.2558139534883721,0.25617194483149053,0.09467455621301778
graph_065_mu_0_3_node_197,18,0.13071895424836602,0.00028446814028605666,0.3909980430528376,2.5575575575575575,0.012913733891012195,8.0,10.0,0.8000000000000002,0.5555555555555556,0.3125,0.010330578512396691,0.38461538461538475,0.3849406724951583,0.25
graph_065_mu_0_3_node_198,15,0.11428571428571428,0.00024515316760255663,0.37373737373737376,2.675675675675676,0.007791951729665794,7.0,8.0,0.875,0.5333333333333332,0.3076923076923076,0.008213552361396302,0.36363636363636365,0.3638965939401826,0.2692307692307692
graph_065_mu_0_3_node_199,26,0.09230769230769231,0.000994775026212453,0.4178168130489335,2.3933933933933935,0.01549507508573021,10.0,16.0,0.625,0.6153846153846152,1.0666666666666664,0.016243654822335023,0.4444444444444446,0.4449648711943794,0.6666666666666665
graph_065_mu_0_3_node_200,32,0.13709677419354838,0.0008423749718512501,0.4265584970111016,2.344344344344344,0.025734696279787892,21.0,11.0,1.9090909090909096,0.34375,0.06508875739644969,0.013237063778580025,0.20754716981132082,0.20790527769946096,0.12426035502958578
graph_065_mu_0_3_node_201,24,0.14130434782608695,0.0008244289426697606,0.4445927903871829,2.249249249249249,0.021943754722173085,11.0,13.0,0.8461538461538461,0.5416666666666667,0.5,0.013347022587268996,0.37142857142857155,0.37185148694306436,0.4230769230769231
graph_065_mu_0_3_node_202,14,0.12087912087912088,0.00021591063602196254,0.390539483971853,2.5605605605605604,0.010397129146104538,6.0,8.0,0.75,0.5714285714285712,0.2962962962962963,0.008221993833504625,0.4000000000000001,0.40026021337496753,0.2222222222222223
graph_065_mu_0_3_node_203,25,0.14333333333333334,0.0006182797829972967,0.43510452961672474,2.2982982982982985,0.02855614328409811,15.0,10.0,1.5,0.4000000000000001,0.04098360655737706,0.013227513227513227,0.25,0.2503254360843531,0.06147540983606558
graph_065_mu_0_3_node_204,30,0.2206896551724138,0.0005980367294047226,0.4530612244897959,2.2072072072072073,0.04296382674278262,24.0,6.0,4.0,0.20000000000000004,0.024590163934426236,0.007936507936507936,0.11111111111111115,0.11130651266129672,0.09836065573770494
graph_065_mu_0_3_node_205,18,0.058823529411764705,0.0004120747697215083,0.4051094890510949,2.4684684684684686,0.011604404087082656,5.0,13.0,0.38461538461538475,0.722222222222222,0.2363636363636364,0.013756613756613753,0.5652173913043478,0.565640141784007,0.09090909090909091
graph_065_mu_0_3_node_206,15,0.11428571428571428,0.0002982009219638216,0.40379951495553756,2.4764764764764764,0.01201749393705825,5.0,10.0,0.5,0.6666666666666665,0.18181818181818182,0.010582010582010583,0.5,0.5003252244048395,0.09090909090909091
graph_065_mu_0_3_node_207,101,0.08237623762376238,0.008719140300241504,0.4987518721917124,2.005005005005005,0.07284888807047271,70.0,31.0,2.258064516129032,0.3069306930693069,0.18343195266272186,0.03730445246690735,0.18128654970760233,0.18229833207647864,0.4142011834319526
graph_065_mu_0_3_node_208,28,0.15873015873015872,0.0010973861545653118,0.42564976565828716,2.349349349349349,0.019539422651705513,11.0,17.0,0.6470588235294118,0.6071428571428571,1.2142857142857142,0.01724137931034483,0.43589743589743607,0.43645040730556145,0.7857142857142859
graph_065_mu_0_3_node_209,36,0.1111111111111111,0.0011539979278950084,0.4453856442264824,2.245245245245245,0.03175167061957745,20.0,16.0,1.25,0.4444444444444446,0.09467455621301778,0.01925391095066186,0.2857142857142856,0.2862350512396078,0.11834319526627213
graph_065_mu_0_3_node_210,25,0.12333333333333334,0.000818501371669673,0.42875536480686693,2.3323323323323324,0.01770279621152403,13.0,12.0,1.0833333333333335,0.4800000000000002,0.16,0.012972972972972978,0.31578947368421056,0.3161799207460963,0.1733333333333333
graph_065_mu_0_3_node_211,26,0.11692307692307692,0.0005713803223808921,0.41607663473552686,2.4034034034034035,0.022144904305269077,17.0,9.0,1.8888888888888888,0.34615384615384615,0.05325443786982251,0.010830324909747288,0.2093023255813953,0.2095952657239595,0.10059171597633139
graph_065_mu_0_3_node_212,66,0.12121212121212122,0.004540003104494148,0.46857410881801126,2.134134134134134,0.046055739836883255,42.0,24.0,1.75,0.36363636363636365,0.22018348623853212,0.026936026936026928,0.2222222222222223,0.22300428687290005,0.3853211009174311
graph_065_mu_0_3_node_213,20,0.15789473684210525,0.00048812327723764314,0.4233050847457627,2.3623623623623624,0.02176819549733896,12.0,8.0,1.5,0.4000000000000001,0.04733727810650889,0.00962695547533093,0.25,0.2502603149811272,0.07100591715976333
graph_065_mu_0_3_node_214,36,0.15714285714285714,0.0014305207853302084,0.4679156908665105,2.1371371371371373,0.03926337650659611,19.0,17.0,1.1176470588235292,0.4722222222222222,0.15596330275229356,0.019079685746352416,0.309090909090909,0.30964416843936476,0.17431192660550462
graph_065_mu_0_3_node_215,34,0.11229946524064172,0.000984345175066102,0.4375821287779238,2.285285285285285,0.029875602647410775,21.0,13.0,1.6153846153846159,0.3823529411764707,0.0769230769230769,0.01564380264741275,0.2363636363636364,0.23678682722271377,0.12426035502958578
graph_065_mu_0_3_node_216,26,0.07076923076923076,0.0008688975353830749,0.41060419235511714,2.4354354354354353,0.015445229618772018,9.0,17.0,0.5294117647058824,0.6538461538461539,0.4249999999999999,0.01770833333333333,0.4857142857142857,0.48626718518415246,0.22500000000000006
graph_065_mu_0_3_node_217,27,0.10256410256410256,0.0007767103607914949,0.41060419235511714,2.4354354354354353,0.015129201264498293,16.0,11.0,1.4545454545454546,0.4074074074074074,0.1466666666666667,0.011891891891891892,0.2558139534883721,0.25617194483149053,0.21333333333333335
graph_065_mu_0_3_node_218,23,0.11067193675889328,0.0007020914244605665,0.40758873929008566,2.4534534534534536,0.012894346088541855,14.0,9.0,1.555555555555556,0.3913043478260869,0.12000000000000005,0.00972972972972973,0.24324324324324328,0.24353612618769307,0.18666666666666662
graph_065_mu_0_3_node_219,16,0.09166666666666666,0.00031614771183934205,0.37855248200075786,2.6416416416416415,0.00797559097842527,5.0,11.0,0.45454545454545436,0.6875,0.20000000000000004,0.011640211640211645,0.5238095238095238,0.524167259020425,0.09090909090909091
graph_065_mu_0_3_node_220,50,0.13224489795918368,0.00203534512335344,0.4530612244897959,2.2072072072072073,0.039710426980186966,30.0,20.0,1.5,0.4000000000000001,0.18348623853211007,0.022446689113355785,0.25,0.2506512960791976,0.2752293577981652
graph_065_mu_0_3_node_221,26,0.13230769230769232,0.0006763739360572704,0.4201009251471825,2.3803803803803802,0.023298643093921954,17.0,9.0,1.8888888888888888,0.34615384615384615,0.05325443786982251,0.010830324909747288,0.2093023255813953,0.2095952657239595,0.10059171597633139
graph_065_mu_0_3_node_222,29,0.07881773399014778,0.0009339350378426623,0.4085889570552147,2.4474474474474475,0.015466917855508229,15.0,14.0,1.0714285714285714,0.482758620689655,0.18666666666666662,0.01513513513513514,0.31818181818181823,0.3186373693987906,0.20000000000000004
graph_065_mu_0_3_node_223,23,0.09090909090909091,0.0006186966217821825,0.42312579415501905,2.3633633633633635,0.016363498638823866,9.0,14.0,0.6428571428571429,0.608695652173913,0.18666666666666662,0.01513513513513514,0.4375,0.43795537340619295,0.12000000000000005
graph_065_mu_0_3_node_224,34,0.11229946524064172,0.0011338017617050697,0.4547109695038689,2.199199199199199,0.03370163560533353,18.0,16.0,1.125,0.4705882352941177,0.09467455621301778,0.01925391095066186,0.3076923076923076,0.30821300542727254,0.10650887573964501
graph_065_mu_0_3_node_225,15,0.09523809523809523,0.0002711627355354556,0.41366459627329194,2.4174174174174174,0.014319078155846985,4.0,11.0,0.36363636363636365,0.7333333333333332,0.5789473684210529,0.01121304791029562,0.5789473684210529,0.5793050803653798,0.21052631578947364
graph_065_mu_0_3_node_226,31,0.13118279569892474,0.0010208295575227753,0.440864960282436,2.2682682682682684,0.035241668185514406,22.0,9.0,2.4444444444444433,0.29032258064516125,0.03688524590163934,0.01190476190476191,0.16981132075471703,0.17010435627713422,0.08606557377049184
graph_065_mu_0_3_node_227,43,0.14174972314507198,0.0016161669609535945,0.4727875059157596,2.115115115115115,0.049966137616348556,30.0,13.0,2.307692307692307,0.3023255813953489,0.05327868852459016,0.017195767195767202,0.17808219178082188,0.17850563075675102,0.12295081967213116
graph_065_mu_0_3_node_228,24,0.11594202898550725,0.0004417675143890408,0.43378202344767697,2.305305305305305,0.027144841774280132,14.0,10.0,1.3999999999999997,0.41666666666666674,0.04098360655737706,0.013227513227513227,0.2631578947368421,0.2634833096408448,0.05327868852459016
graph_065_mu_0_3_node_229,27,0.15954415954415954,0.0006624786370452982,0.43116098403107467,2.319319319319319,0.02827822156374031,17.0,10.0,1.6999999999999995,0.37037037037037035,0.059171597633136064,0.012033694344163657,0.22727272727272718,0.2275982057260536,0.10059171597633139
graph_065_mu_0_3_node_230,18,0.06535947712418301,0.000468723467875494,0.38660990712074306,2.5865865865865865,0.00912596436726689,5.0,13.0,0.38461538461538475,0.722222222222222,0.8666666666666669,0.013197969543147205,0.5652173913043478,0.565640141784007,0.2666666666666666
graph_065_mu_0_3_node_231,22,0.12121212121212122,0.0007409177193898968,0.4258312020460358,2.3483483483483485,0.017730123873365408,8.0,14.0,0.5714285714285712,0.6363636363636365,0.9333333333333335,0.01421319796954315,0.46666666666666673,0.4671220104512239,0.5333333333333332
graph_065_mu_0_3_node_232,17,0.07352941176470588,0.00033006907969282656,0.3830521472392638,2.6106106106106104,0.009320460631110807,6.0,11.0,0.5454545454545452,0.6470588235294118,0.26829268292682934,0.01147028154327424,0.4782608695652175,0.4786186280457195,0.1463414634146341
graph_065_mu_0_3_node_233,27,0.09971509971509972,0.0008785565307014514,0.4530612244897959,2.2072072072072073,0.030814381186833696,15.0,12.0,1.25,0.4444444444444446,0.04918032786885247,0.015873015873015872,0.2857142857142856,0.2861047835990887,0.06147540983606558
graph_065_mu_0_3_node_234,25,0.14333333333333334,0.0006002666800814883,0.43097497842968074,2.32032032032032,0.025398531635655017,14.0,11.0,1.272727272727273,0.4400000000000001,0.06508875739644969,0.013237063778580025,0.282051282051282,0.2824092267976295,0.08284023668639053
graph_065_mu_0_3_node_235,25,0.16,0.0005092817033523373,0.4251063829787234,2.3523523523523524,0.02619018331802605,14.0,11.0,1.272727272727273,0.4400000000000001,0.06508875739644969,0.013237063778580025,0.282051282051282,0.2824092267976295,0.08284023668639053
graph_065_mu_0_3_node_236,62,0.12321523003701745,0.00327055468199016,0.4807507218479307,2.08008008008008,0.054967207773347224,41.0,21.0,1.9523809523809523,0.3387096774193549,0.12426035502958578,0.025270758122743688,0.203883495145631,0.20456782401453313,0.242603550295858
graph_065_mu_0_3_node_237,18,0.06535947712418301,0.0003408129021771618,0.43023255813953487,2.324324324324324,0.021311010420102233,8.0,10.0,0.8000000000000002,0.5555555555555556,0.04098360655737706,0.013227513227513227,0.38461538461538475,0.3849406724951583,0.024590163934426236
graph_065_mu_0_3_node_238,28,0.12962962962962962,0.0009796169294510077,0.4385425812115891,2.28028028028028,0.03159037388485355,18.0,10.0,1.8000000000000005,0.35714285714285704,0.04098360655737706,0.013227513227513227,0.2173913043478261,0.21771680398977644,0.06967213114754099
graph_065_mu_0_3_node_239,19,0.23391812865497075,0.0003552775683508505,0.4245643858903527,2.3553553553553552,0.026566475289160913,15.0,4.0,3.75,0.21052631578947364,0.016393442622950814,0.005291005291005292,0.11764705882352942,0.11777725868030958,0.06147540983606558
graph_065_mu_0_3_node_240,24,0.11594202898550725,0.0005929181079257061,0.4443950177935943,2.25025025025025,0.027183902828912088,15.0,9.0,1.666666666666667,0.375,0.03688524590163934,0.01190476190476191,0.2307692307692308,0.23106213277723683,0.05737704918032784
graph_065_mu_0_3_node_241,40,0.1141025641025641,0.001460773583002651,0.44321206743566993,2.2562562562562563,0.03442679050716524,24.0,16.0,1.5,0.4000000000000001,0.09467455621301778,0.01925391095066186,0.25,0.2505209011590051,0.14201183431952666
graph_065_mu_0_3_node_242,19,0.08187134502923976,0.0003918411040187573,0.42241014799154336,2.3673673673673674,0.02131448513684813,8.0,11.0,0.7272727272727273,0.5789473684210529,0.04508196721311475,0.014550264550264544,0.4074074074074074,0.4077652124361944,0.024590163934426236
graph_065_mu_0_3_node_243,35,0.14285714285714285,0.0011807622999533253,0.4576271186440678,2.185185185185185,0.04266009596094278,22.0,13.0,1.6923076923076923,0.37142857142857155,0.05327868852459016,0.017195767195767202,0.22807017543859642,0.22849339385185308,0.0901639344262295
graph_065_mu_0_3_node_244,21,0.17142857142857143,0.0004316848888640506,0.4274711168164313,2.339339339339339,0.02656941512945344,14.0,7.0,2.0,0.33333333333333326,0.02868852459016392,0.009259259259259259,0.20000000000000004,0.2002278126728935,0.05737704918032784
graph_065_mu_0_3_node_245,28,0.08307692307692308,0.0008332019218948974,0.408255006129955,2.4494494494494496,0.014854776425775068,13.0,15.0,0.8666666666666669,0.5357142857142857,0.2727272727272726,0.015873015873015872,0.36585365853658547,0.36634166972830867,0.21818181818181825
graph_065_mu_0_3_node_246,24,0.13405797101449277,0.00037832181462227663,0.4269230769230769,2.3423423423423424,0.027174880632622217,18.0,6.0,3.0,0.25,0.024590163934426236,0.007936507936507936,0.1428571428571428,0.14305246807362829,0.07377049180327867
graph_065_mu_0_3_node_247,38,0.10810810810810811,0.0015740398658518255,0.46121883656509693,2.1681681681681684,0.039184328324625935,25.0,13.0,1.9230769230769231,0.34210526315789475,0.05327868852459016,0.017195767195767202,0.2063492063492064,0.20677250744653308,0.10245901639344267
graph_065_mu_0_3_node_248,19,0.14035087719298245,0.0003148692746284238,0.3882627283326856,2.5755755755755754,0.011253066881081282,10.0,9.0,1.1111111111111112,0.4736842105263158,0.12328767123287675,0.009708737864077667,0.31034482758620696,0.31063763430124086,0.13698630136986306
graph_065_mu_0_3_node_249,31,0.0989247311827957,0.0010861443254516056,0.4559561843906892,2.1931931931931934,0.03220051666344742,12.0,19.0,0.6315789473684211,0.6129032258064517,0.11242603550295854,0.022864019253910958,0.44186046511627897,0.4424784919841841,0.07100591715976333
graph_065_mu_0_3_node_250,44,0.08562367864693446,0.0018748764040720065,0.46573426573426574,2.1471471471471473,0.041561929177140036,25.0,19.0,1.3157894736842108,0.4318181818181817,0.07786885245901641,0.02513227513227512,0.27536231884057966,0.27598086882918527,0.10245901639344267
graph_065_mu_0_3_node_251,40,0.1076923076923077,0.0019526407827241232,0.47011764705882353,2.1271271271271273,0.040809042257309414,21.0,19.0,1.1052631578947367,0.47499999999999987,0.11242603550295854,0.022864019253910958,0.31147540983606564,0.31209379877015836,0.12426035502958578
graph_065_mu_0_3_node_252,28,0.08615384615384615,0.0006915185116555397,0.3925343811394892,2.5475475475475475,0.012706649780220642,16.0,12.0,1.333333333333333,0.42857142857142855,0.16,0.012972972972972978,0.2727272727272726,0.2731177960284964,0.20000000000000004
graph_065_mu_0_3_node_253,24,0.14130434782608695,0.000700996884536019,0.427105600684053,2.3413413413413413,0.02431413223524215,14.0,10.0,1.3999999999999997,0.41666666666666674,0.059171597633136064,0.012033694344163657,0.2631578947368421,0.2634833096408448,0.08284023668639053
graph_065_mu_0_3_node_254,19,0.15204678362573099,0.0005537353479547614,0.4018503620273532,2.4884884884884886,0.011710039042437165,8.0,11.0,0.7272727272727273,0.5789473684210529,0.7333333333333332,0.011167512690355328,0.4074074074074074,0.4077652124361944,0.5333333333333332
graph_065_mu_0_3_node_255,91,0.08131868131868132,0.00797036940947941,0.5,2.0,0.07013424550281859,62.0,29.0,2.137931034482758,0.31868131868131855,0.17159763313609472,0.0348977135980746,0.18954248366013077,0.19048855745388668,0.3668639053254437
graph_065_mu_0_3_node_256,53,0.1081277213352685,0.0026509504615149417,0.4842462433349491,2.065065065065065,0.0585824874098825,33.0,20.0,1.6499999999999995,0.37735849056603776,0.08196721311475412,0.026455026455026454,0.23255813953488375,0.23320956289492537,0.1352459016393443
graph_065_mu_0_3_node_257,31,0.16559139784946236,0.0009384265417081557,0.4347258485639687,2.3003003003003,0.02639657301932015,17.0,14.0,1.2142857142857142,0.4516129032258062,0.12844036697247713,0.01571268237934905,0.2916666666666667,0.29212227718476097,0.15596330275229356
graph_065_mu_0_3_node_258,25,0.10666666666666667,0.0005750165350924536,0.43415906127770537,2.3033033033033035,0.026888234711657324,12.0,13.0,0.9230769230769232,0.5199999999999998,0.0769230769230769,0.01564380264741275,0.3513513513513515,0.35177429438417823,0.07100591715976333
graph_065_mu_0_3_node_259,21,0.2807017543859649,0.00032406964187117895,0.374578177727784,2.66966966966967,0.00896145435454102,13.0,8.0,1.625,0.3809523809523811,0.5714285714285712,0.008113590263691683,0.23529411764705885,0.23555444957026095,0.8571428571428571
graph_065_mu_0_3_node_260,31,0.13548387096774195,0.0011395006237907845,0.43378202344767697,2.305305305305305,0.022997839516004523,15.0,16.0,0.9375,0.5161290322580643,0.5,0.01652892561983471,0.3478260869565216,0.34834668303903615,0.46875
graph_065_mu_0_3_node_261,47,0.12580943570767808,0.0022965272126546318,0.4687939934303144,2.1331331331331334,0.04008819998867153,27.0,20.0,1.3500000000000003,0.4255319148936172,0.18348623853211007,0.022446689113355785,0.27027027027027023,0.27092143911835265,0.24770642201834867
graph_065_mu_0_3_node_262,20,0.10526315789473684,0.0005141519543653048,0.3948616600790514,2.5325325325325325,0.010756323892368044,9.0,11.0,0.8181818181818182,0.5499999999999999,0.26829268292682934,0.01147028154327424,0.3793103448275863,0.3796681731350583,0.21951219512195133
graph_065_mu_0_3_node_263,32,0.10685483870967742,0.0013198290853885534,0.4547109695038689,2.199199199199199,0.034690650385661846,15.0,17.0,0.8823529411764709,0.53125,0.06967213114754099,0.022486772486772492,0.3617021276595746,0.362255243000391,0.06147540983606558
graph_065_mu_0_3_node_264,23,0.1422924901185771,0.0004632264095297467,0.436054124836316,2.2932932932932935,0.027673971246536228,13.0,10.0,1.3000000000000005,0.4347826086956522,0.059171597633136064,0.012033694344163657,0.2777777777777778,0.2781031715041867,0.0769230769230769
graph_065_mu_0_3_node_265,26,0.12307692307692308,0.0007146275034673682,0.45224083295608875,2.2112112112112112,0.031503079945630896,13.0,13.0,1.0,0.5,0.05327868852459016,0.017195767195767202,0.33333333333333326,0.3337563038880755,0.05327868852459016
graph_065_mu_0_3_node_266,26,0.11076923076923077,0.0008218595331728396,0.4213412062420919,2.3733733733733735,0.017461002517064474,12.0,14.0,0.8571428571428571,0.5384615384615384,0.25454545454545446,0.014814814814814812,0.36842105263157887,0.36887651492580775,0.21818181818181825
graph_065_mu_0_3_node_267,23,0.07905138339920949,0.0007064804274641907,0.41590341382181517,2.4044044044044046,0.015970267468046435,7.0,16.0,0.4375,0.6956521739130432,0.6153846153846152,0.016427104722792605,0.5333333333333332,0.5338536585365856,0.2692307692307692
graph_065_mu_0_3_node_268,27,0.07977207977207977,0.0010259996315984889,0.41992433795712486,2.3813813813813813,0.017776809767434842,11.0,16.0,0.6875,0.5925925925925926,0.8421052631578946,0.0163098878695209,0.4210526315789473,0.421573092186585,0.5789473684210529
graph_065_mu_0_3_node_269,25,0.15,0.0009324001340440644,0.4483842010771993,2.23023023023023,0.028136010655423215,11.0,14.0,0.7857142857142859,0.5600000000000003,0.08284023668639053,0.01684717208182912,0.388888888888889,0.38934432154991694,0.06508875739644969
graph_065_mu_0_3_node_270,23,0.12648221343873517,0.0005828449313899202,0.411619283065513,2.4294294294294296,0.0150915528704896,12.0,11.0,1.0909090909090904,0.4782608695652175,0.1466666666666667,0.011891891891891892,0.3142857142857142,0.3146436124474192,0.16
graph_065_mu_0_3_node_271,25,0.10333333333333333,0.0006883656368415386,0.4074225122349103,2.4544544544544546,0.01496314059001262,12.0,13.0,0.9230769230769232,0.5199999999999998,0.2363636363636364,0.013756613756613753,0.3513513513513515,0.35177429438417823,0.21818181818181825
graph_065_mu_0_3_node_272,16,0.058333333333333334,0.0002488355604485495,0.4004008016032064,2.4974974974974975,0.013105734677161848,5.0,11.0,0.45454545454545436,0.6875,0.04508196721311475,0.014550264550264544,0.5238095238095238,0.524167259020425,0.016393442622950814
graph_065_mu_0_3_node_273,23,0.13438735177865613,0.0005638008616199735,0.44818304172274565,2.2312312312312312,0.029214919206956635,9.0,14.0,0.6428571428571429,0.608695652173913,0.05737704918032784,0.018518518518518517,0.4375,0.43795537340619295,0.03688524590163934
graph_065_mu_0_3_node_274,21,0.15714285714285714,0.00041948044180244946,0.43321769297484825,2.3083083083083085,0.024806612157913865,13.0,8.0,1.625,0.3809523809523811,0.04733727810650889,0.00962695547533093,0.23529411764705885,0.23555444957026095,0.0769230769230769
graph_065_mu_0_3_node_275,29,0.21921182266009853,0.0005697646961441874,0.43359375,2.3063063063063063,0.02922992144302777,20.0,9.0,2.2222222222222223,0.31034482758620696,0.0825688073394495,0.010101010101010102,0.1836734693877551,0.18396646675077877,0.18348623853211007
graph_065_mu_0_3_node_276,32,0.16733870967741934,0.0008723330882322084,0.4593103448275862,2.1771771771771773,0.03676293532434999,19.0,13.0,1.461538461538461,0.40625,0.0769230769230769,0.01564380264741275,0.2549019607843137,0.2553250965457954,0.11242603550295854
graph_065_mu_0_3_node_277,28,0.1402116402116402,0.0007805109235365068,0.44047619047619047,2.27027027027027,0.027934234766345704,15.0,13.0,1.1538461538461535,0.4642857142857144,0.11926605504587152,0.014590347923681253,0.3023255813953489,0.3027486070046684,0.1376146788990826
graph_065_mu_0_3_node_278,69,0.08312020460358056,0.003793365262970312,0.4779904306220096,2.0920920920920922,0.055635231743580635,43.0,26.0,1.6538461538461535,0.3768115942028985,0.1538461538461538,0.0312876052948255,0.2321428571428572,0.23299009384775807,0.2544378698224853
graph_065_mu_0_3_node_279,23,0.1541501976284585,0.0007163095942295554,0.4033104561970125,2.4794794794794797,0.013878731813026549,13.0,10.0,1.3000000000000005,0.4347826086956522,0.3125,0.010330578512396691,0.2777777777777778,0.2781031715041867,0.40625
graph_065_mu_0_3_node_280,31,0.12315270935960591,0.0009133850472720198,0.39627132090440303,2.5235235235235236,0.013882776341821869,18.0,13.0,1.3846153846153846,0.4193548387096773,0.40625,0.013429752066115706,0.2653061224489796,0.26572923066704307,0.53125
graph_065_mu_0_3_node_281,169,0.061323136858812494,0.02386892654438169,0.539708265802269,1.852852852852853,0.13847511305509722,113.0,56.0,2.017857142857143,0.3313609467455621,0.22950819672131137,0.07407407407407407,0.19858156028368792,0.20041294232306267,0.45901639344262274
graph_065_mu_0_3_node_282,24,0.11231884057971014,0.0008108607503749205,0.4104354971240756,2.4364364364364364,0.014353391773018268,15.0,9.0,1.666666666666667,0.375,0.22500000000000006,0.009374999999999996,0.2307692307692308,0.23106213277723683,0.375
graph_065_mu_0_3_node_283,24,0.13768115942028986,0.0005311580116464449,0.42420382165605097,2.3573573573573574,0.024746633021577324,14.0,10.0,1.3999999999999997,0.41666666666666674,0.059171597633136064,0.012033694344163657,0.2631578947368421,0.2634833096408448,0.08284023668639053
graph_065_mu_0_3_node_284,24,0.11594202898550725,0.0006978673747752175,0.3996,2.5025025025025025,0.012149073527959697,11.0,13.0,0.8461538461538461,0.5416666666666667,0.2363636363636364,0.013756613756613753,0.37142857142857155,0.37185148694306436,0.20000000000000004
graph_065_mu_0_3_node_285,18,0.0718954248366013,0.0005007564042241213,0.40808823529411764,2.4504504504504503,0.012763551710467775,8.0,10.0,0.8000000000000002,0.5555555555555556,0.24390243902439032,0.010427528675703854,0.38461538461538475,0.3849406724951583,0.17073170731707318
graph_065_mu_0_3_node_286,18,0.0784313725490196,0.0005034505304700065,0.4249255635899617,2.3533533533533535,0.01771187680362593,5.0,13.0,0.38461538461538475,0.722222222222222,0.2363636363636364,0.013756613756613753,0.5652173913043478,0.565640141784007,0.09090909090909091
graph_065_mu_0_3_node_287,36,0.1523809523809524,0.0014358357017756915,0.4681349578256795,2.136136136136136,0.044975809806648226,21.0,15.0,1.3999999999999997,0.41666666666666674,0.06147540983606558,0.019841269841269833,0.2631578947368421,0.2636461600927876,0.08606557377049184
graph_065_mu_0_3_node_288,18,0.06535947712418301,0.00040435834616616356,0.39928057553956836,2.5045045045045047,0.011917968011498796,9.0,9.0,1.0,0.5,0.16363636363636364,0.009523809523809521,0.33333333333333326,0.333626120997213,0.12727272727272723
graph_065_mu_0_3_node_289,24,0.15579710144927536,0.0005827212696145643,0.43023255813953487,2.324324324324324,0.02891558785787651,15.0,9.0,1.666666666666667,0.375,0.03688524590163934,0.01190476190476191,0.2307692307692308,0.23106213277723683,0.06147540983606558
graph_065_mu_0_3_node_290,30,0.14942528735632185,0.0008999158851250739,0.436435124508519,2.2912912912912913,0.025940559422163265,15.0,15.0,1.0,0.5,0.1376146788990826,0.01683501683501684,0.33333333333333326,0.3338214080413019,0.1376146788990826
graph_065_mu_0_3_node_291,19,0.0935672514619883,0.0005598396278353708,0.43302990897269183,2.309309309309309,0.01739808379062423,5.0,14.0,0.35714285714285704,0.7368421052631577,0.25454545454545446,0.014814814814814812,0.5833333333333334,0.5837885882761016,0.09090909090909091
graph_065_mu_0_3_node_292,40,0.09230769230769231,0.0020017208363357344,0.43134715025906734,2.3183183183183185,0.019783107192650022,25.0,15.0,1.666666666666667,0.375,0.20000000000000004,0.016216216216216217,0.2307692307692308,0.23125762330659283,0.33333333333333326
graph_065_mu_0_3_node_293,18,0.0915032679738562,0.00044322433971276897,0.4121287128712871,2.4264264264264264,0.013573801685113471,9.0,9.0,1.0,0.5,0.12000000000000005,0.00972972972972973,0.33333333333333326,0.333626120997213,0.10666666666666667
graph_065_mu_0_3_node_294,32,0.15524193548387097,0.0013603578830865056,0.42912371134020616,2.33033033033033,0.0206974713977674,18.0,14.0,1.2857142857142858,0.4375,0.4375,0.014462809917355378,0.28000000000000014,0.280455640174445,0.5625
graph_065_mu_0_3_node_295,21,0.1,0.0005258476467406407,0.3953304313415117,2.5295295295295297,0.011267113875790272,12.0,9.0,1.333333333333333,0.42857142857142855,0.12000000000000005,0.00972972972972973,0.2727272727272726,0.27302011755205396,0.16
graph_065_mu_0_3_node_296,21,0.18095238095238095,0.0005605061349044497,0.3986432561851556,2.5085085085085086,0.011609731811337573,11.0,10.0,1.0999999999999999,0.4761904761904762,0.3125,0.010330578512396691,0.3125,0.3128253513794899,0.34375
graph_065_mu_0_3_node_297,47,0.12424242424242424,0.001521722375864735,0.4588883785025264,2.179179179179179,0.04213000004411557,31.0,16.0,1.9375,0.3404255319148935,0.09467455621301778,0.01925391095066186,0.2051282051282052,0.20564934381623845,0.1775147928994083
graph_065_mu_0_3_node_298,20,0.08947368421052632,0.0005328621703065575,0.41729323308270677,2.3963963963963963,0.016168476391760746,6.0,14.0,0.42857142857142855,0.6999999999999998,0.5384615384615384,0.014373716632443528,0.5384615384615384,0.538916823014384,0.2307692307692308
graph_065_mu_0_3_node_299,24,0.14855072463768115,0.0005875686941743828,0.4293081220455522,2.329329329329329,0.024676797790462602,11.0,13.0,0.8461538461538461,0.5416666666666667,0.0769230769230769,0.01564380264741275,0.37142857142857155,0.37185148694306436,0.06508875739644969
graph_065_mu_0_3_node_300,29,0.1330049261083744,0.0009090151254706869,0.43989431968295906,2.2732732732732734,0.024828947998677492,14.0,15.0,0.9333333333333335,0.5172413793103449,0.20547945205479448,0.016181229773462782,0.34883720930232553,0.3493252522501049,0.19178082191780818
graph_065_mu_0_3_node_301,24,0.16017316017316016,0.0005723493036054322,0.390539483971853,2.5605605605605604,0.011200765959865066,14.0,10.0,1.3999999999999997,0.41666666666666674,0.3125,0.010330578512396691,0.2631578947368421,0.2634833096408448,0.40625
graph_065_mu_0_3_node_302,20,0.13157894736842105,0.0004969253915779944,0.4334056399132321,2.3073073073073074,0.026091736932772846,10.0,10.0,1.0,0.5,0.04098360655737706,0.013227513227513227,0.33333333333333326,0.3336586635434965,0.03688524590163934
graph_065_mu_0_3_node_303,50,0.10775510204081633,0.002594189906020119,0.4514234071396295,2.215215215215215,0.03039684660292029,30.0,20.0,1.5,0.4000000000000001,0.2739726027397261,0.021574973031283716,0.25,0.2506512960791976,0.41095890410958896
graph_065_mu_0_3_node_304,37,0.11428571428571428,0.0015182466800169195,0.4296774193548387,2.3273273273273274,0.022955726387804787,19.0,18.0,1.0555555555555556,0.48648648648648657,0.6666666666666665,0.018499486125385402,0.32142857142857145,0.32201435638040693,0.6666666666666665
graph_065_mu_0_3_node_305,32,0.08045977011494253,0.0010729773822547304,0.4190436241610738,2.3863863863863863,0.01758725406471806,16.0,16.0,1.0,0.5,0.21333333333333335,0.01729729729729729,0.33333333333333326,0.3338539632955877,0.20000000000000004
graph_065_mu_0_3_node_306,23,0.12857142857142856,0.0005766553955760936,0.3919183993723029,2.5515515515515514,0.012186121245036203,10.0,13.0,0.7692307692307695,0.5652173913043478,0.8125,0.013211382113821137,0.39393939393939387,0.3943622819391336,0.5625
graph_065_mu_0_3_node_307,19,0.16374269005847952,0.0003747801384861774,0.43134715025906734,2.3183183183183185,0.02691705285938887,11.0,8.0,1.375,0.4210526315789473,0.03278688524590163,0.010582010582010583,0.2666666666666666,0.26692696470792393,0.04508196721311475
graph_065_mu_0_3_node_308,23,0.14624505928853754,0.00045173923103658016,0.38660990712074306,2.5865865865865865,0.010285929000742591,15.0,8.0,1.875,0.3478260869565216,0.10666666666666667,0.008648648648648645,0.21052631578947364,0.2107866816034423,0.20000000000000004
graph_065_mu_0_3_node_309,19,0.04678362573099415,0.0005149859135548767,0.4059325477448192,2.4634634634634636,0.011756533385423979,7.0,12.0,0.5833333333333334,0.6315789473684211,0.21818181818181825,0.012698412698412704,0.4615384615384616,0.4619287562109394,0.12727272727272723
graph_065_mu_0_3_node_310,55,0.10976430976430976,0.0031448882985666824,0.4694548872180451,2.13013013013013,0.045764362643388026,33.0,22.0,1.5,0.4000000000000001,0.13017751479289938,0.02647412755716005,0.25,0.2507165190203232,0.19526627218934908
graph_065_mu_0_3_node_311,50,0.08979591836734693,0.0024763307880015166,0.4540909090909091,2.2022022022022023,0.03790878953152363,29.0,21.0,1.3809523809523807,0.42,0.12426035502958578,0.025270758122743688,0.2658227848101266,0.2665065788904234,0.17159763313609472
graph_065_mu_0_3_node_312,22,0.22943722943722944,0.00031910309561539635,0.45224083295608875,2.2112112112112112,0.033221164329747116,14.0,8.0,1.75,0.36363636363636365,0.03278688524590163,0.010582010582010583,0.2222222222222223,0.22248257108970465,0.05737704918032784
graph_065_mu_0_3_node_313,18,0.13071895424836602,0.0003343385916593546,0.42420382165605097,2.3573573573573574,0.022417467037211744,10.0,8.0,1.25,0.4444444444444446,0.03278688524590163,0.010582010582010583,0.2857142857142856,0.28597456681787753,0.03688524590163934
graph_065_mu_0_3_node_314,18,0.1503267973856209,0.0003132871003510832,0.4238438693254137,2.359359359359359,0.021613863683105465,11.0,7.0,1.5714285714285718,0.388888888888889,0.04142011834319526,0.00842358604091456,0.2413793103448275,0.24160707854187968,0.059171597633136064
graph_065_mu_0_3_node_315,22,0.12121212121212122,0.00041577020340716897,0.3914576802507837,2.5545545545545547,0.011581698749870374,13.0,9.0,1.444444444444444,0.4090909090909091,0.12000000000000005,0.00972972972972973,0.2571428571428571,0.25743572102623213,0.1733333333333333
graph_065_mu_0_3_node_316,26,0.11076923076923077,0.0007043576626536048,0.4124690338563171,2.4244244244244246,0.015229191188154596,15.0,11.0,1.3636363636363635,0.4230769230769231,0.1466666666666667,0.011891891891891892,0.26829268292682934,0.2686506509700458,0.20000000000000004
graph_065_mu_0_3_node_317,39,0.10121457489878542,0.001861306841789665,0.4426229508196721,2.259259259259259,0.02371075904378639,19.0,20.0,0.9499999999999997,0.5128205128205128,0.625,0.020661157024793382,0.3448275862068967,0.34547841601490165,0.59375
graph_065_mu_0_3_node_318,41,0.14634146341463414,0.0015819867793189651,0.4347258485639687,2.3003003003003,0.026436074047872373,24.0,17.0,1.4117647058823524,0.41463414634146356,0.23287671232876717,0.018338727076591156,0.26153846153846155,0.26209190100195073,0.3287671232876711
graph_065_mu_0_3_node_319,17,0.22794117647058823,0.00016843446836909258,0.427105600684053,2.3413413413413413,0.026106829753456504,12.0,5.0,2.399999999999999,0.29411764705882354,0.02049180327868853,0.006613756613756613,0.17241379310344834,0.17257650585036494,0.04918032786885247
graph_065_mu_0_3_node_320,55,0.10572390572390572,0.0028988628080895257,0.47844827586206895,2.09009009009009,0.04957408936416948,33.0,22.0,1.5,0.4000000000000001,0.13017751479289938,0.02647412755716005,0.25,0.2507165190203232,0.19526627218934908
graph_065_mu_0_3_node_321,41,0.14634146341463414,0.001543906862918291,0.4599447513812155,2.174174174174174,0.03799488057909085,26.0,15.0,1.7333333333333338,0.36585365853658547,0.08875739644970415,0.018050541516245487,0.2238805970149254,0.22436902135799472,0.1538461538461538
graph_065_mu_0_3_node_322,19,0.15441176470588236,0.0004029894282814528,0.38158899923605805,2.6206206206206204,0.007840130996262785,10.0,9.0,1.1111111111111112,0.4736842105263158,0.5999999999999998,0.009137055837563452,0.31034482758620696,0.31063763430124086,0.5999999999999998
graph_065_mu_0_3_node_323,19,0.11695906432748537,0.0003897883004735887,0.4171189979123173,2.3973973973973974,0.020086745552364768,9.0,10.0,0.9000000000000002,0.5263157894736842,0.04098360655737706,0.013227513227513227,0.35714285714285704,0.35746816618644855,0.03688524590163934
graph_065_mu_0_3_node_324,66,0.1020979020979021,0.0037947349232256332,0.47662213740458015,2.098098098098098,0.05416328716977422,42.0,24.0,1.75,0.36363636363636365,0.14201183431952666,0.028880866425992788,0.2222222222222223,0.22300428687290005,0.24852071005917156
graph_065_mu_0_3_node_325,204,0.05384912585723945,0.03569867135055844,0.5546918378678511,1.8028028028028027,0.16069748776793305,137.0,67.0,2.0447761194029854,0.3284313725490196,0.27459016393442637,0.08862433862433862,0.19648093841642225,0.19867471072250262,0.5614754098360655
graph_065_mu_0_3_node_326,19,0.09941520467836257,0.00037524460323072644,0.4007220216606498,2.4954954954954953,0.013004231751412895,9.0,10.0,0.9000000000000002,0.5263157894736842,0.1333333333333333,0.01081081081081081,0.35714285714285704,0.35746816618644855,0.09333333333333331
graph_065_mu_0_3_node_327,18,0.08496732026143791,0.0004406537938489872,0.41195876288659794,2.4274274274274275,0.01327034565404062,7.0,11.0,0.6363636363636365,0.6111111111111108,0.27499999999999997,0.01145833333333333,0.4400000000000001,0.44035778175313056,0.17499999999999996
graph_065_mu_0_3_node_328,21,0.12380952380952381,0.000520390611467498,0.3948616600790514,2.5325325325325325,0.011324869864122677,11.0,10.0,1.0999999999999999,0.4761904761904762,0.1333333333333333,0.01081081081081081,0.3125,0.3128253513794899,0.1466666666666667
graph_065_mu_0_3_node_329,46,0.14202898550724638,0.0020849959712007935,0.452445652173913,2.21021021021021,0.030059454457852457,29.0,17.0,1.7058823529411766,0.3695652173913044,0.23287671232876717,0.018338727076591156,0.2266666666666666,0.22722028636250155,0.39726027397260283
graph_065_mu_0_3_node_330,17,0.07352941176470588,0.0003949307923042095,0.4004008016032064,2.4974974974974975,0.012732151787514787,6.0,11.0,0.5454545454545452,0.6470588235294118,0.26829268292682934,0.01147028154327424,0.4782608695652175,0.4786186280457195,0.07317073170731705
graph_065_mu_0_3_node_331,19,0.07017543859649122,0.0006074054606929441,0.40314769975786924,2.4804804804804803,0.01125169162941982,6.0,13.0,0.4615384615384616,0.6842105263157895,0.5,0.013347022587268996,0.5199999999999998,0.5204227779765196,0.2307692307692308
graph_065_mu_0_3_node_332,17,0.125,0.0002719194054220619,0.40104375752709753,2.4934934934934936,0.015532436398179184,9.0,8.0,1.125,0.4705882352941177,0.04733727810650889,0.00962695547533093,0.3076923076923076,0.3079525718604383,0.05325443786982251
graph_065_mu_0_3_node_333,21,0.13450292397660818,0.00048711325734426234,0.3894736842105263,2.5675675675675675,0.010926975555510698,10.0,11.0,0.9090909090909087,0.5238095238095238,0.7333333333333332,0.011167512690355328,0.3548387096774193,0.3551965612666058,0.5999999999999998
graph_065_mu_0_3_node_334,28,0.16137566137566137,0.0006998233724146249,0.43567378979502835,2.295295295295295,0.024039794084973497,14.0,14.0,1.0,0.5,0.19178082191780818,0.015102481121898602,0.33333333333333326,0.3337888549055335,0.19178082191780818
graph_065_mu_0_3_node_335,22,0.06060606060606061,0.0006597183415029863,0.44047619047619047,2.27027027027027,0.021994492303411987,9.0,13.0,0.6923076923076923,0.5909090909090909,0.05327868852459016,0.017195767195767202,0.4193548387096773,0.419777699198244,0.03688524590163934
graph_065_mu_0_3_node_336,51,0.10745098039215686,0.0025969983068819522,0.47662213740458015,2.098098098098098,0.05090557307260003,35.0,16.0,2.1875,0.3137254901960783,0.06557377049180325,0.021164021164021166,0.18604651162790692,0.18656778614409902,0.13934426229508198
graph_065_mu_0_3_node_337,20,0.06315789473684211,0.00046669662804279995,0.40428976123027116,2.4734734734734736,0.013436027590876719,6.0,14.0,0.42857142857142855,0.6999999999999998,0.18666666666666662,0.01513513513513514,0.5384615384615384,0.538916823014384,0.06666666666666665
graph_065_mu_0_3_node_338,25,0.17666666666666667,0.0006879265476431858,0.4687939934303144,2.1331331331331334,0.04097817669129858,14.0,11.0,1.272727272727273,0.4400000000000001,0.04508196721311475,0.014550264550264544,0.282051282051282,0.2824092267976295,0.05737704918032784
graph_065_mu_0_3_node_339,54,0.1187980433263452,0.002605297343818221,0.47390891840607213,2.11011011011011,0.051820958930947826,32.0,22.0,1.4545454545454546,0.4074074074074074,0.13017751479289938,0.02647412755716005,0.2558139534883721,0.2565304258390527,0.18934911242603555
graph_065_mu_0_3_node_340,20,0.042105263157894736,0.0005343382793893764,0.38115223197252956,2.6236236236236237,0.009083888033490873,10.0,10.0,1.0,0.5,0.1333333333333333,0.01081081081081081,0.33333333333333326,0.3336586635434965,0.09333333333333331
graph_065_mu_0_3_node_341,20,0.07894736842105263,0.0005626194322582275,0.4015273311897106,2.4904904904904903,0.011645144950390585,7.0,13.0,0.5384615384615384,0.6500000000000002,0.8666666666666669,0.013197969543147205,0.4814814814814816,0.48190428695843857,0.46666666666666673
graph_065_mu_0_3_node_342,15,0.19047619047619047,0.00035762799150626664,0.41799163179916315,2.3923923923923924,0.022456897333255663,10.0,5.0,2.0,0.33333333333333326,0.02049180327868853,0.006613756613756613,0.20000000000000004,0.2001626915693229,0.04098360655737706
graph_065_mu_0_3_node_343,22,0.1038961038961039,0.0006328306229472519,0.4197478991596639,2.3823823823823824,0.017268426513691957,10.0,12.0,0.8333333333333335,0.5454545454545452,0.16438356164383555,0.012944983818770232,0.375,0.3753903708523098,0.13698630136986306
graph_065_mu_0_3_node_344,28,0.14814814814814814,0.0007906431417695802,0.43378202344767697,2.305305305305305,0.027958405947905177,15.0,13.0,1.1538461538461535,0.4642857142857144,0.0769230769230769,0.01564380264741275,0.3023255813953489,0.3027486070046684,0.08875739644970415
graph_065_mu_0_3_node_345,68,0.09701492537313433,0.0034072938101361973,0.4674777725783809,2.139139139139139,0.0534125041489815,46.0,22.0,2.09090909090909,0.3235294117647059,0.13017751479289938,0.02647412755716005,0.1929824561403509,0.19369958241976934,0.27218934911242604
graph_065_mu_0_3_node_346,27,0.10541310541310542,0.0009056978554285355,0.4171189979123173,2.3973973973973974,0.017168595002772017,13.0,14.0,0.9285714285714288,0.5185185185185184,0.4375,0.014462809917355378,0.3499999999999999,0.3504554919312858,0.40625
graph_065_mu_0_3_node_347,25,0.19,0.00046874343489869755,0.4174676138737986,2.3953953953953953,0.023242185930027737,13.0,12.0,1.0833333333333335,0.4800000000000002,0.11009174311926606,0.013468013468013464,0.31578947368421056,0.3161799207460963,0.11926605504587152
graph_065_mu_0_3_node_348,19,0.2046783625730994,0.00019807571637345784,0.4489887640449438,2.2272272272272273,0.03084189082188856,13.0,6.0,2.166666666666667,0.31578947368421056,0.024590163934426236,0.007936507936507936,0.1875,0.18769526165061187,0.05327868852459016
graph_065_mu_0_3_node_349,26,0.10153846153846154,0.0008849082030051026,0.4278372591006424,2.3373373373373374,0.02042116711343718,10.0,16.0,0.625,0.6153846153846152,0.5,0.01652892561983471,0.4444444444444446,0.4449648711943794,0.3125
graph_065_mu_0_3_node_350,41,0.1329268292682927,0.0013564305088575412,0.46595149253731344,2.146146146146146,0.04588740851720956,25.0,16.0,1.5625,0.39024390243902446,0.09467455621301778,0.01925391095066186,0.24242424242424232,0.24294517750270828,0.1479289940828403
graph_065_mu_0_3_node_351,34,0.11586452762923351,0.00097386308163204,0.4465802413947251,2.239239239239239,0.034317507401079965,22.0,12.0,1.8333333333333328,0.3529411764705881,0.04918032786885247,0.015873015873015872,0.21428571428571427,0.21467639015496817,0.0901639344262295
graph_065_mu_0_3_node_352,29,0.06896551724137931,0.0008663050351754986,0.3978494623655914,2.5135135135135136,0.013720150426046024,17.0,12.0,1.4166666666666667,0.41379310344827586,0.21818181818181825,0.012698412698412704,0.26086956521739124,0.26126011393834414,0.309090909090909
graph_065_mu_0_3_node_353,20,0.06842105263157895,0.00045173123301493084,0.4004008016032064,2.4974974974974975,0.012997738311987653,7.0,13.0,0.5384615384615384,0.6500000000000002,0.1733333333333333,0.014054054054054051,0.4814814814814816,0.48190428695843857,0.09333333333333331
graph_065_mu_0_3_node_354,19,0.0935672514619883,0.00035688311058443956,0.4141791044776119,2.4144144144144146,0.016306995997958207,6.0,13.0,0.4615384615384616,0.6842105263157895,0.2363636363636364,0.013756613756613753,0.5199999999999998,0.5204227779765196,0.10909090909090913
graph_065_mu_0_3_node_355,22,0.11688311688311688,0.0006806037916025311,0.44223107569721115,2.2612612612612613,0.02663433904989854,11.0,11.0,1.0,0.5,0.06508875739644969,0.013237063778580025,0.33333333333333326,0.3336912082072637,0.06508875739644969
graph_065_mu_0_3_node_356,20,0.11578947368421053,0.0005157540249591635,0.4249255635899617,2.3533533533533535,0.01690466554704152,9.0,11.0,0.8181818181818182,0.5499999999999999,0.1506849315068493,0.011866235167206038,0.3793103448275863,0.3796681731350583,0.12328767123287675
graph_065_mu_0_3_node_357,21,0.11428571428571428,0.0004372606954784407,0.4347258485639687,2.3003003003003,0.024292003598627616,12.0,9.0,1.333333333333333,0.42857142857142855,0.05325443786982251,0.010830324909747288,0.2727272727272726,0.27302011755205396,0.07100591715976333
graph_065_mu_0_3_node_358,27,0.09116809116809117,0.0009118146581696472,0.4391208791208791,2.2772772772772774,0.02728577431122391,12.0,15.0,0.8000000000000002,0.5555555555555556,0.08875739644970415,0.018050541516245487,0.38461538461538475,0.3851033640551842,0.06508875739644969
graph_065_mu_0_3_node_359,28,0.14285714285714285,0.0007458304154810535,0.40976210008203445,2.4404404404404403,0.01585692602276276,16.0,12.0,1.333333333333333,0.42857142857142855,0.16,0.012972972972972978,0.2727272727272726,0.2731177960284964,0.21333333333333335
graph_065_mu_0_3_node_360,32,0.16532258064516128,0.001072882526865157,0.43246753246753245,2.3123123123123124,0.030084005364889973,21.0,11.0,1.9090909090909096,0.34375,0.06508875739644969,0.013237063778580025,0.20754716981132082,0.20790527769946096,0.12426035502958578
graph_065_mu_0_3_node_361,18,0.0915032679738562,0.0005516514763387432,0.41060419235511714,2.4354354354354353,0.012646614619519155,7.0,11.0,0.6363636363636365,0.6111111111111108,0.26829268292682934,0.01147028154327424,0.4400000000000001,0.44035778175313056,0.17073170731707318
graph_065_mu_0_3_node_362,19,0.08187134502923976,0.0005070834304797893,0.38290532771176694,2.6116116116116115,0.008437166723274558,10.0,9.0,1.1111111111111112,0.4736842105263158,0.12000000000000005,0.00972972972972973,0.31034482758620696,0.31063763430124086,0.1333333333333333
graph_065_mu_0_3_node_363,22,0.14736842105263157,0.0005051719691254881,0.4114497528830313,2.4304304304304303,0.014313323570283483,11.0,11.0,1.0,0.5,0.26829268292682934,0.01147028154327424,0.33333333333333326,0.3336912082072637,0.24390243902439032
graph_065_mu_0_3_node_364,30,0.18620689655172415,0.0010876040835445977,0.46857410881801126,2.134134134134134,0.045967219286772235,18.0,12.0,1.5,0.4000000000000001,0.04918032786885247,0.015873015873015872,0.25,0.25039057414399174,0.07377049180327867
graph_065_mu_0_3_node_365,14,0.07692307692307693,0.00026066683282320623,0.3863109048723898,2.5885885885885886,0.009558876433120658,4.0,10.0,0.4000000000000001,0.7142857142857141,0.37037037037037035,0.01027749229188078,0.5555555555555556,0.5558807588075882,0.11111111111111115
graph_065_mu_0_3_node_366,22,0.19480519480519481,0.0003873199541479541,0.4296774193548387,2.3273273273273274,0.029209199885747165,15.0,7.0,2.142857142857143,0.31818181818181823,0.02868852459016392,0.009259259259259259,0.1891891891891892,0.18941701669122335,0.06147540983606558
graph_065_mu_0_3_node_367,22,0.05627705627705628,0.0005613307138637781,0.4153846153846154,2.4074074074074074,0.01625083937055749,5.0,17.0,0.29411764705882354,0.7727272727272727,0.4249999999999999,0.01770833333333333,0.6296296296296297,0.6301823852791174,0.10000000000000002
graph_065_mu_0_3_node_368,20,0.05789473684210526,0.0005475300458751783,0.40217391304347827,2.4864864864864864,0.012356266451936045,8.0,12.0,0.6666666666666665,0.5999999999999998,0.2999999999999999,0.012500000000000002,0.42857142857142855,0.42896174863387965,0.14999999999999994
graph_065_mu_0_3_node_369,115,0.057055682684973304,0.011964157790589337,0.5117827868852459,1.9539539539539539,0.09015152098710938,75.0,40.0,1.875,0.3478260869565216,0.16393442622950824,0.05291005291005291,0.21052631578947364,0.21183188403805395,0.30327868852459006
graph_065_mu_0_3_node_370,21,0.08095238095238096,0.000550388743234491,0.3967434471803018,2.5205205205205203,0.011493577572663902,6.0,15.0,0.4000000000000001,0.7142857142857141,0.36585365853658547,0.015641293013555792,0.5555555555555556,0.5560433445705468,0.1463414634146341
graph_065_mu_0_3_node_371,17,0.19117647058823528,0.00041219883134219155,0.41607663473552686,2.4034034034034035,0.014444841021089535,9.0,8.0,1.125,0.4705882352941177,0.2962962962962963,0.008221993833504625,0.3076923076923076,0.3079525718604383,0.33333333333333326
graph_065_mu_0_3_node_372,17,0.04411764705882353,0.00041438812876759345,0.4069246435845214,2.4574574574574575,0.012765716854053996,4.0,13.0,0.3076923076923076,0.7647058823529413,0.6842105263157895,0.013251783893985734,0.6190476190476188,0.6194703420339945,0.21052631578947364
graph_065_mu_0_3_node_373,23,0.2015810276679842,0.00048623929468932114,0.4220532319391635,2.369369369369369,0.022745116851632396,13.0,10.0,1.3000000000000005,0.4347826086956522,0.09174311926605504,0.011223344556677893,0.2777777777777778,0.2781031715041867,0.11926605504587152
graph_065_mu_0_3_node_374,26,0.15692307692307692,0.0007637473378932863,0.44858554108666365,2.229229229229229,0.029436158166382984,12.0,14.0,0.8571428571428571,0.5384615384615384,0.08284023668639053,0.01684717208182912,0.36842105263157887,0.36887651492580775,0.07100591715976333
graph_065_mu_0_3_node_375,18,0.0392156862745098,0.00043532891683772165,0.3851195065535852,2.5965965965965965,0.008707160678433381,8.0,10.0,0.8000000000000002,0.5555555555555556,0.25,0.010416666666666664,0.38461538461538475,0.3849406724951583,0.125
graph_065_mu_0_3_node_376,17,0.125,0.0004128731348416615,0.40976210008203445,2.4404404404404403,0.012765618808953313,8.0,9.0,0.8888888888888892,0.5294117647058824,0.12000000000000005,0.00972972972972973,0.36,0.36029276861520454,0.10666666666666667
graph_065_mu_0_3_node_377,18,0.09803921568627451,0.00043414311470157415,0.3864603481624758,2.5875875875875876,0.009270272708075419,9.0,9.0,1.0,0.5,0.4736842105263158,0.009174311926605505,0.33333333333333326,0.333626120997213,0.4736842105263158
graph_065_mu_0_3_node_378,27,0.09401709401709402,0.0007306903539659396,0.4124690338563171,2.4244244244244246,0.015821552677418183,13.0,14.0,0.9285714285714288,0.5185185185185184,0.18666666666666662,0.01513513513513514,0.3499999999999999,0.3504554919312858,0.1733333333333333
graph_065_mu_0_3_node_379,21,0.17142857142857143,0.0003898216045225308,0.4124690338563171,2.4244244244244246,0.0165584438025735,11.0,10.0,1.0999999999999999,0.4761904761904762,0.13698630136986306,0.010787486515641858,0.3125,0.3128253513794899,0.1506849315068493
graph_065_mu_0_3_node_380,24,0.13768115942028986,0.000572181091089281,0.4051094890510949,2.4684684684684686,0.015183037097488706,10.0,14.0,0.7142857142857141,0.5833333333333334,0.19178082191780818,0.015102481121898602,0.41176470588235303,0.4122201089140358,0.13698630136986306
graph_065_mu_0_3_node_381,26,0.13230769230769232,0.0007762897516191437,0.4167709637046308,2.3993993993993996,0.01821047839279084,13.0,13.0,1.0,0.5,0.17808219178082188,0.014023732470334416,0.33333333333333326,0.3337563038880755,0.17808219178082188
graph_065_mu_0_3_node_382,21,0.13450292397660818,0.0005463739537327682,0.4062627084180561,2.4614614614614614,0.01197192475810421,13.0,8.0,1.625,0.3809523809523811,0.19512195121951223,0.008342022940563089,0.23529411764705885,0.23555444957026095,0.2926829268292682
graph_065_mu_0_3_node_383,38,0.1593172119487909,0.0015110439345259442,0.42366412213740456,2.3603603603603602,0.01904437517732821,26.0,12.0,2.166666666666667,0.31578947368421056,0.2926829268292682,0.012513034410844635,0.1875,0.18789077764751858,0.6341463414634146
graph_065_mu_0_3_node_384,219,0.0677590032428742,0.037360193286796885,0.5568561872909699,1.7957957957957957,0.15187252120201605,151.0,68.0,2.2205882352941173,0.3105022831050227,0.40236686390532556,0.08182912154031287,0.18378378378378374,0.18601226906922663,0.8875739644970415
graph_065_mu_0_3_node_385,20,0.10526315789473684,0.0005737497056537675,0.4206315789473684,2.3773773773773774,0.01751662472871579,6.0,14.0,0.42857142857142855,0.6999999999999998,0.7368421052631577,0.014271151885830781,0.5384615384615384,0.538916823014384,0.31578947368421056
graph_065_mu_0_3_node_386,26,0.20615384615384616,0.0007742854180724261,0.3996,2.5025025025025025,0.01369909245654747,12.0,14.0,0.8571428571428571,0.5384615384615384,1.0769230769230769,0.014184397163120564,0.36842105263157887,0.36887651492580775,0.9230769230769232
graph_065_mu_0_3_node_387,16,0.06666666666666667,0.00031355823212298476,0.38086160884483417,2.625625625625626,0.007839019663769094,9.0,7.0,1.2857142857142858,0.4375,0.09333333333333331,0.00756756756756757,0.28000000000000014,0.28022773855613764,0.06666666666666665
graph_065_mu_0_3_node_388,52,0.12141779788838612,0.002950791989557486,0.47639484978540775,2.099099099099099,0.05507048618174159,35.0,17.0,2.0588235294117645,0.3269230769230769,0.06967213114754099,0.022486772486772492,0.1954022988505747,0.1959561349802375,0.14344262295081966
graph_065_mu_0_3_node_389,36,0.1253968253968254,0.0012408777725551913,0.4595216191352346,2.176176176176176,0.03623120400897959,20.0,16.0,1.25,0.4444444444444446,0.09467455621301778,0.01925391095066186,0.2857142857142856,0.2862350512396078,0.11834319526627213
graph_065_mu_0_3_node_390,40,0.11538461538461539,0.0016979766777112481,0.45783684692942256,2.184184184184184,0.03611202574080342,25.0,15.0,1.666666666666667,0.375,0.08875739644970415,0.018050541516245487,0.2307692307692308,0.23125762330659283,0.1479289940828403
graph_065_mu_0_3_node_391,23,0.17786561264822134,0.00036114908696801505,0.4506089309878214,2.219219219219219,0.03446580639091445,12.0,11.0,1.0909090909090904,0.4782608695652175,0.04508196721311475,0.014550264550264544,0.3142857142857142,0.3146436124474192,0.04918032786885247
graph_065_mu_0_3_node_392,36,0.0748663101604278,0.0015219607490058273,0.4274711168164313,2.339339339339339,0.019099635827433396,19.0,17.0,1.1176470588235292,0.4722222222222222,0.4249999999999999,0.01770833333333333,0.309090909090909,0.30964416843936476,0.4500000000000001
graph_065_mu_0_3_node_393,16,0.26666666666666666,0.00018194910791035414,0.4138359569179785,2.4164164164164164,0.019964959121774744,11.0,5.0,2.1999999999999997,0.3125,0.029585798816568032,0.0060168471720818285,0.18518518518518517,0.1853478873426158,0.06508875739644969
graph_065_mu_0_3_node_394,19,0.15204678362573099,0.00027230312678073386,0.4317199654278306,2.3163163163163163,0.025019060814791574,12.0,7.0,1.7142857142857142,0.36842105263157887,0.02868852459016392,0.009259259259259259,0.2258064516129031,0.226034234633306,0.04918032786885247
graph_065_mu_0_3_node_395,40,0.11538461538461539,0.0015419852179167008,0.43873517786561267,2.279279279279279,0.03171600552278905,25.0,15.0,1.666666666666667,0.375,0.08875739644970415,0.018050541516245487,0.2307692307692308,0.23125762330659283,0.1479289940828403
graph_065_mu_0_3_node_396,17,0.08088235294117647,0.0003333860313481284,0.40314769975786924,2.4804804804804803,0.01356720427555123,5.0,12.0,0.41666666666666674,0.7058823529411762,0.21818181818181825,0.012698412698412704,0.5454545454545452,0.5458447893569842,0.09090909090909091
graph_065_mu_0_3_node_397,20,0.18947368421052632,0.00026559423756597597,0.4300473525613431,2.325325325325325,0.028911487093754486,15.0,5.0,3.0,0.25,0.02049180327868853,0.006613756613756613,0.1428571428571428,0.14301988738078955,0.06147540983606558
graph_065_mu_0_3_node_398,18,0.14166666666666666,0.0002705984214901156,0.3978494623655914,2.5135135135135136,0.014315104596367968,7.0,11.0,0.6363636363636365,0.6111111111111108,0.4230769230769231,0.011293634496919919,0.4400000000000001,0.44035778175313056,0.2307692307692308
graph_065_mu_0_3_node_399,19,0.06432748538011696,0.0005503527470182531,0.3984842441164739,2.5095095095095097,0.01062315547617032,6.0,13.0,0.4615384615384616,0.6842105263157895,0.4814814814814816,0.01336073997944501,0.5199999999999998,0.5204227779765196,0.2222222222222223
graph_065_mu_0_3_node_400,18,0.1437908496732026,0.0004477114737191393,0.3939274447949527,2.5385385385385386,0.00925934635177126,9.0,9.0,1.0,0.5,0.28125,0.009297520661157023,0.33333333333333326,0.333626120997213,0.28125
graph_065_mu_0_3_node_401,19,0.0935672514619883,0.00045974406122287827,0.4111111111111111,2.4324324324324325,0.01743475872003797,8.0,11.0,0.7272727272727273,0.5789473684210529,0.06508875739644969,0.013237063778580025,0.4074074074074074,0.4077652124361944,0.04733727810650889
graph_065_mu_0_3_node_402,23,0.1225296442687747,0.0005322286001061578,0.4377738825591586,2.284284284284284,0.027254369458340158,11.0,12.0,0.9166666666666664,0.5217391304347825,0.07100591715976333,0.014440433212996394,0.3529411764705881,0.3533315727227843,0.06508875739644969
graph_065_mu_0_3_node_403,23,0.11462450592885376,0.0005292452813108343,0.43134715025906734,2.3183183183183185,0.02339558912435182,13.0,10.0,1.3000000000000005,0.4347826086956522,0.059171597633136064,0.012033694344163657,0.2777777777777778,0.2781031715041867,0.0769230769230769
graph_065_mu_0_3_node_404,47,0.08788159111933395,0.002482104572758029,0.45203619909502263,2.2122122122122123,0.033852656079289035,25.0,22.0,1.1363636363636365,0.46808510638297895,0.13017751479289938,0.02647412755716005,0.3055555555555554,0.30627170138888893,0.1479289940828403
graph_065_mu_0_3_node_405,19,0.1111111111111111,0.0004098054476911545,0.4109419991772933,2.4334334334334335,0.01635913485980327,10.0,9.0,1.1111111111111112,0.4736842105263158,0.05325443786982251,0.010830324909747288,0.31034482758620696,0.31063763430124086,0.059171597633136064
graph_065_mu_0_3_node_406,222,0.06720630967206309,0.039613260503532796,0.5602916432978127,1.7847847847847849,0.16141071995192266,151.0,71.0,2.126760563380281,0.31981981981981983,0.4201183431952663,0.08543922984356199,0.19034852546916883,0.1926750975437503,0.8875739644970415
graph_065_mu_0_3_node_407,16,0.15833333333333333,0.00018234153746895157,0.42312579415501905,2.3633633633633635,0.02126621014884912,11.0,5.0,2.1999999999999997,0.3125,0.02049180327868853,0.006613756613756613,0.18518518518518517,0.1853478873426158,0.04508196721311475
graph_065_mu_0_3_node_408,25,0.17,0.0009734868047329528,0.45450409463148317,2.2002002002002,0.03684079288543095,12.0,13.0,0.9230769230769232,0.5199999999999998,0.05327868852459016,0.017195767195767202,0.3513513513513515,0.35177429438417823,0.04918032786885247
graph_065_mu_0_3_node_409,17,0.058823529411764705,0.0003518651758355837,0.37898330804248864,2.6386386386386387,0.008537532268208197,7.0,10.0,0.6999999999999998,0.5882352941176471,0.38461538461538475,0.010266940451745378,0.41666666666666674,0.4169919333853762,0.2692307692307692
graph_065_mu_0_3_node_410,61,0.08633879781420765,0.003695590592844911,0.4793666026871401,2.086086086086086,0.05063071450437659,37.0,24.0,1.541666666666667,0.3934426229508198,0.14201183431952666,0.028880866425992788,0.24489795918367344,0.24567976907356848,0.21893491124260356
graph_065_mu_0_3_node_411,22,0.15151515151515152,0.0004928234536253209,0.40217391304347827,2.4864864864864864,0.014303369173295779,11.0,11.0,1.0,0.5,0.1506849315068493,0.011866235167206038,0.33333333333333326,0.3336912082072637,0.1506849315068493
graph_065_mu_0_3_node_412,20,0.1736842105263158,0.00037759096445984214,0.4443950177935943,2.25025025025025,0.031725477470397535,12.0,8.0,1.5,0.4000000000000001,0.03278688524590163,0.010582010582010583,0.25,0.2502603149811272,0.04918032786885247
graph_065_mu_0_3_node_413,17,0.08823529411764706,0.00041491410025753747,0.3948616600790514,2.5325325325325325,0.011330073274237332,6.0,11.0,0.5454545454545452,0.6470588235294118,0.4074074074074074,0.011305241521068855,0.4782608695652175,0.4786186280457195,0.2222222222222223
graph_065_mu_0_3_node_414,18,0.0784313725490196,0.00032686075930287144,0.39008199921905506,2.5635635635635636,0.011755513214889523,7.0,11.0,0.6363636363636365,0.6111111111111108,0.27499999999999997,0.01145833333333333,0.4400000000000001,0.44035778175313056,0.125
graph_065_mu_0_3_node_415,43,0.15282392026578073,0.001661702287533468,0.45867768595041325,2.18018018018018,0.03641417995650822,27.0,16.0,1.6875,0.37209302325581384,0.14678899082568808,0.01795735129068463,0.22857142857142862,0.22909243150207012,0.24770642201834867
graph_065_mu_0_3_node_416,26,0.09846153846153846,0.0008112696412572039,0.440864960282436,2.2682682682682684,0.02644159966089527,12.0,14.0,0.8571428571428571,0.5384615384615384,0.08284023668639053,0.01684717208182912,0.36842105263157887,0.36887651492580775,0.07100591715976333
graph_065_mu_0_3_node_417,58,0.12764670296430733,0.0032297639765232105,0.47753346080305925,2.094094094094094,0.0470223566800486,34.0,24.0,1.4166666666666667,0.41379310344827586,0.22018348623853212,0.026936026936026928,0.26086956521739124,0.261651222330471,0.3119266055045871
graph_065_mu_0_3_node_418,33,0.10795454545454546,0.0014070915893999519,0.452445652173913,2.21021021021021,0.0361091755129774,16.0,17.0,0.9411764705882354,0.5151515151515154,0.06967213114754099,0.022486772486772492,0.34693877551020413,0.34749192684590197,0.06557377049180325
graph_065_mu_0_3_node_419,27,0.1452991452991453,0.0007886525868723342,0.41366459627329194,2.4174174174174174,0.020660406222821642,16.0,11.0,1.4545454545454546,0.4074074074074074,0.1009174311926606,0.012345679012345677,0.2558139534883721,0.25617194483149053,0.14678899082568808
graph_065_mu_0_3_node_420,41,0.08658536585365853,0.0017929608989807624,0.4553327256153145,2.196196196196196,0.03287138166617904,17.0,24.0,0.7083333333333334,0.5853658536585364,0.14201183431952666,0.028880866425992788,0.41379310344827586,0.41457389595266775,0.10059171597633139
graph_065_mu_0_3_node_421,35,0.1411764705882353,0.0012567351456046524,0.41816659690246966,2.3913913913913913,0.023936553925852085,23.0,12.0,1.9166666666666672,0.34285714285714275,0.11009174311926606,0.013468013468013464,0.20689655172413793,0.20728725303298734,0.2110091743119266
graph_065_mu_0_3_node_422,20,0.17894736842105263,0.00034089720123869536,0.38992974238875877,2.5645645645645647,0.013279420262527833,11.0,9.0,1.2222222222222217,0.4500000000000001,0.12328767123287675,0.009708737864077667,0.29032258064516125,0.2906154064138289,0.1506849315068493
graph_065_mu_0_3_node_423,24,0.1956521739130435,0.0004338420532025946,0.44183989385227773,2.2632632632632634,0.032414295470412656,17.0,7.0,2.4285714285714284,0.2916666666666667,0.02868852459016392,0.009259259259259259,0.17073170731707318,0.170959564483181,0.06967213114754099
graph_065_mu_0_3_node_424,137,0.0996135680549592,0.01571680200824973,0.5195007800312013,1.924924924924925,0.0914133202767862,94.0,43.0,2.186046511627907,0.31386861313868614,0.39449541284403666,0.04826038159371493,0.18614718614718614,0.18755227715133616,0.8623853211009176
graph_065_mu_0_3_node_425,40,0.11538461538461539,0.001584593092069735,0.45121951219512196,2.2162162162162162,0.03564078055483922,23.0,17.0,1.352941176470588,0.4249999999999999,0.10059171597633139,0.020457280385078217,0.2698412698412698,0.27039467327237116,0.13609467455621302
graph_065_mu_0_3_node_426,21,0.22380952380952382,0.0002534423166125499,0.4054383116883117,2.4664664664664664,0.021149264130334904,16.0,5.0,3.2000000000000006,0.2380952380952381,0.029585798816568032,0.0060168471720818285,0.13513513513513511,0.1352978902537836,0.09467455621301778
graph_065_mu_0_3_node_427,16,0.275,0.00018378475981622932,0.4104354971240756,2.4364364364364364,0.021419798719673852,12.0,4.0,3.0,0.25,0.023668639053254444,0.004813477737665465,0.1428571428571428,0.14298731729088404,0.07100591715976333
graph_065_mu_0_3_node_428,15,0.08571428571428572,0.00024209176754445426,0.3702742772424018,2.700700700700701,0.007564528045147686,6.0,9.0,0.6666666666666665,0.5999999999999998,0.21951219512195133,0.009384775808133473,0.42857142857142855,0.4288641590967171,0.1463414634146341
graph_065_mu_0_3_node_429,31,0.14623655913978495,0.0009930496892964049,0.45081227436823107,2.2182182182182184,0.030916547523487756,14.0,17.0,0.8235294117647061,0.5483870967741937,0.15596330275229356,0.019079685746352416,0.3777777777777778,0.37833085712839754,0.12844036697247713
graph_065_mu_0_3_node_430,20,0.15789473684210525,0.0004819116957356754,0.4373905429071804,2.2862862862862863,0.025870863256423158,9.0,11.0,0.8181818181818182,0.5499999999999999,0.06508875739644969,0.013237063778580025,0.3793103448275863,0.3796681731350583,0.05325443786982251
graph_065_mu_0_3_node_431,142,0.0961973278520041,0.016364744805609878,0.5233106338397067,1.9109109109109108,0.09934346717554964,91.0,51.0,1.7843137254901964,0.35915492957746487,0.46788990825688076,0.05723905723905723,0.21888412017167388,0.22054986142653235,0.8256880733944955
graph_065_mu_0_3_node_432,84,0.11683227943390545,0.0057737843797916865,0.4885085574572127,2.047047047047047,0.06101493283874836,55.0,29.0,1.8965517241379315,0.3452380952380952,0.26605504587155965,0.03254769921436589,0.20863309352517984,0.20957873542037667,0.49541284403669733
graph_065_mu_0_3_node_433,25,0.13,0.0007206546810947918,0.4383501535761299,2.2812812812812813,0.026343767670597908,14.0,11.0,1.272727272727273,0.4400000000000001,0.06508875739644969,0.013237063778580025,0.282051282051282,0.2824092267976295,0.08284023668639053
graph_065_mu_0_3_node_434,30,0.08045977011494253,0.0010265433240452843,0.4265584970111016,2.344344344344344,0.018169405262114528,15.0,15.0,1.0,0.5,0.20000000000000004,0.016216216216216217,0.33333333333333326,0.3338214080413019,0.20000000000000004
graph_065_mu_0_3_node_435,17,0.13970588235294118,0.0003417790483381765,0.4267407090986758,2.3433433433433435,0.024199205327766732,8.0,9.0,0.8888888888888892,0.5294117647058824,0.03688524590163934,0.01190476190476191,0.36,0.36029276861520454,0.03278688524590163
graph_065_mu_0_3_node_436,36,0.14444444444444443,0.0012288369284322912,0.4426229508196721,2.259259259259259,0.02922787471722193,21.0,15.0,1.3999999999999997,0.41666666666666674,0.1376146788990826,0.01683501683501684,0.2631578947368421,0.2636461600927876,0.19266055045871555
graph_065_mu_0_3_node_437,26,0.20307692307692307,0.0007502051586084944,0.4426229508196721,2.259259259259259,0.028411001243469486,15.0,11.0,1.3636363636363635,0.4230769230769231,0.1009174311926606,0.012345679012345677,0.26829268292682934,0.2686506509700458,0.1376146788990826
graph_065_mu_0_3_node_438,16,0.15833333333333333,0.00024242292800471775,0.37192851824274015,2.6886886886886887,0.006566931468758571,11.0,5.0,2.1999999999999997,0.3125,0.125,0.005208333333333332,0.18518518518518517,0.1853478873426158,0.27499999999999997
graph_065_mu_0_3_node_439,20,0.24210526315789474,0.00024394697921683334,0.43321769297484825,2.3083083083083085,0.02642700387770412,12.0,8.0,1.5,0.4000000000000001,0.04733727810650889,0.00962695547533093,0.25,0.2502603149811272,0.07100591715976333
graph_065_mu_0_3_node_440,247,0.05610572097691536,0.04992162721882552,0.5689066059225513,1.7577577577577577,0.2057152135300581,166.0,81.0,2.049382716049383,0.3279352226720648,0.331967213114754,0.10714285714285714,0.19612590799031476,0.1987819069410312,0.6762295081967213
graph_065_mu_0_3_node_441,23,0.15019762845849802,0.0005498151148678488,0.4391208791208791,2.2772772772772774,0.025341985435291904,12.0,11.0,1.0909090909090904,0.4782608695652175,0.06508875739644969,0.013237063778580025,0.3142857142857142,0.3146436124474192,0.07100591715976333
graph_065_mu_0_3_node_442,20,0.09473684210526316,0.00039229019891163467,0.4049452776651804,2.4694694694694697,0.015020702819700003,9.0,11.0,0.8181818181818182,0.5499999999999999,0.1506849315068493,0.011866235167206038,0.3793103448275863,0.3796681731350583,0.12328767123287675
graph_065_mu_0_3_node_443,25,0.13333333333333333,0.0008748729559018212,0.4304179233089186,2.3233233233233235,0.020717150721630828,13.0,12.0,1.0833333333333335,0.4800000000000002,0.16438356164383555,0.012944983818770232,0.31578947368421056,0.3161799207460963,0.17808219178082188
graph_065_mu_0_3_node_444,27,0.14,0.0009665914828675677,0.415211970074813,2.4084084084084085,0.014294434606597513,13.0,14.0,0.9285714285714288,0.5185185185185184,0.9333333333333335,0.01421319796954315,0.3499999999999999,0.3504554919312858,0.8000000000000002
graph_065_mu_0_3_node_445,20,0.07368421052631578,0.0005888589792734989,0.4018503620273532,2.4884884884884886,0.011319280645240237,7.0,13.0,0.5384615384615384,0.6500000000000002,0.8666666666666669,0.013197969543147205,0.4814814814814816,0.48190428695843857,0.4000000000000001
graph_065_mu_0_3_node_446,14,0.4175824175824176,5.119681588334149e-05,0.40314769975786924,2.4804804804804803,0.01994016700882146,12.0,2.0,6.0,0.1428571428571428,0.011834319526627222,0.0024067388688327326,0.0769230769230769,0.07698816837656909,0.07100591715976333
graph_065_mu_0_3_node_447,18,0.42483660130718953,9.236944898961916e-05,0.43265482893027285,2.3113113113113113,0.03404223203133172,18.0,0.0,18.0,0.0,0.0,0.0,0.0,0.0,0.07377049180327867
graph_065_mu_0_3_node_448,24,0.12681159420289856,0.0008218445299129018,0.4424269264836138,2.26026026026026,0.028388758532813783,14.0,10.0,1.3999999999999997,0.41666666666666674,0.04098360655737706,0.013227513227513227,0.2631578947368421,0.2634833096408448,0.05737704918032784
graph_065_mu_0_3_node_449,21,0.11428571428571428,0.0005960423701228099,0.4258312020460358,2.3483483483483485,0.022973295856900704,10.0,11.0,0.9090909090909087,0.5238095238095238,0.06508875739644969,0.013237063778580025,0.3548387096774193,0.3551965612666058,0.059171597633136064
graph_065_mu_0_3_node_450,25,0.13666666666666666,0.0006456893461819698,0.4150394682176984,2.4094094094094096,0.020506096242845596,13.0,12.0,1.0833333333333335,0.4800000000000002,0.11009174311926606,0.013468013468013464,0.31578947368421056,0.3161799207460963,0.11926605504587152
graph_065_mu_0_3_node_451,35,0.1495798319327731,0.0011093371083346732,0.4276541095890411,2.3383383383383385,0.027289756640652137,21.0,14.0,1.5,0.4000000000000001,0.12844036697247713,0.01571268237934905,0.25,0.25045572916666664,0.19266055045871555
graph_065_mu_0_3_node_452,17,0.20588235294117646,0.00021317429808689455,0.4206315789473684,2.3773773773773774,0.02351730867385553,11.0,6.0,1.8333333333333328,0.3529411764705881,0.024590163934426236,0.007936507936507936,0.21428571428571427,0.21448095052155966,0.04508196721311475
graph_065_mu_0_3_node_453,30,0.15402298850574714,0.0008567392073038711,0.4183417085427136,2.3903903903903903,0.02406388170313803,18.0,12.0,1.5,0.4000000000000001,0.11009174311926606,0.013468013468013464,0.25,0.25039057414399174,0.165137614678899
graph_065_mu_0_3_node_454,20,0.07894736842105263,0.0006714369003780206,0.40942622950819674,2.4424424424424425,0.01359455240068235,6.0,14.0,0.42857142857142855,0.6999999999999998,0.5384615384615384,0.014373716632443528,0.5384615384615384,0.538916823014384,0.2307692307692308
graph_065_mu_0_3_node_455,17,0.12380952380952381,0.00032351537608300135,0.37855248200075786,2.6416416416416415,0.006584271642845839,8.0,9.0,0.8888888888888892,0.5294117647058824,0.34615384615384615,0.009240246406570842,0.36,0.36029276861520454,0.2692307692307692
graph_065_mu_0_3_node_456,24,0.15942028985507245,0.0005927508664817083,0.42728828058169377,2.34034034034034,0.022865441873318595,12.0,12.0,1.0,0.5,0.11009174311926606,0.013468013468013464,0.33333333333333326,0.3337237549887212,0.11009174311926606
graph_065_mu_0_3_node_457,28,0.082010582010582,0.0009376493296422128,0.4467799642218247,2.2382382382382384,0.02770323282013287,12.0,16.0,0.75,0.5714285714285712,0.06557377049180325,0.021164021164021166,0.4000000000000001,0.40052049446974625,0.04508196721311475
graph_065_mu_0_3_node_458,24,0.2717391304347826,0.00044383115952515806,0.45720823798627,2.1871871871871873,0.041708013307817295,18.0,6.0,3.0,0.25,0.024590163934426236,0.007936507936507936,0.1428571428571428,0.14305246807362829,0.07377049180327867
graph_065_mu_0_3_node_459,30,0.0896551724137931,0.0009282624242614591,0.44380275433140826,2.2532532532532534,0.028521734873449823,13.0,17.0,0.7647058823529413,0.5666666666666665,0.10059171597633139,0.020457280385078217,0.3953488372093022,0.3959018805744084,0.0769230769230769
graph_065_mu_0_3_node_460,22,0.19047619047619047,0.00035472950666321445,0.4307891332470893,2.3213213213213213,0.027255989110766272,16.0,6.0,2.666666666666666,0.2727272727272726,0.024590163934426236,0.007936507936507936,0.15789473684210528,0.1580900366272755,0.06557377049180325
graph_065_mu_0_3_node_461,25,0.19333333333333333,0.0003723677171747239,0.4475806451612903,2.234234234234234,0.03514532043541159,16.0,9.0,1.7777777777777783,0.36,0.03688524590163934,0.01190476190476191,0.21951219512195133,0.2198051161959951,0.06557377049180325
graph_065_mu_0_3_node_462,22,0.19480519480519481,0.00035943621393060905,0.4238438693254137,2.359359359359359,0.025108786707317497,16.0,6.0,2.666666666666666,0.2727272727272726,0.035502958579881665,0.007220216606498197,0.15789473684210528,0.1580900366272755,0.09467455621301778
graph_065_mu_0_3_node_463,19,0.2046783625730994,0.0002355106680276628,0.42258883248730966,2.3663663663663663,0.025569666922392896,15.0,4.0,3.75,0.21052631578947364,0.016393442622950814,0.005291005291005292,0.11764705882352942,0.11777725868030958,0.06147540983606558
graph_065_mu_0_3_node_464,16,0.225,0.00020162782333991443,0.4174676138737986,2.3953953953953953,0.022769008467765757,11.0,5.0,2.1999999999999997,0.3125,0.02049180327868853,0.006613756613756613,0.18518518518518517,0.1853478873426158,0.04508196721311475
graph_065_mu_0_3_node_465,20,0.1368421052631579,0.0004777819940221132,0.4233050847457627,2.3623623623623624,0.020977887291890488,12.0,8.0,1.5,0.4000000000000001,0.04733727810650889,0.00962695547533093,0.25,0.2502603149811272,0.07100591715976333
graph_065_mu_0_3_node_466,36,0.0873440285204991,0.0012061972236520088,0.4375821287779238,2.285285285285285,0.026515910732248994,20.0,16.0,1.25,0.4444444444444446,0.09467455621301778,0.01925391095066186,0.2857142857142856,0.2862350512396078,0.11242603550295854
graph_065_mu_0_3_node_467,22,0.27705627705627706,0.0002467690914231202,0.4447907390917186,2.2482482482482484,0.037247466156432076,17.0,5.0,3.399999999999999,0.22727272727272718,0.02049180327868853,0.006613756613756613,0.1282051282051282,0.128367893920158,0.06967213114754099
graph_065_mu_0_3_node_468,27,0.13105413105413105,0.0009967817383683658,0.4483842010771993,2.23023023023023,0.029702518628719535,9.0,18.0,0.5,0.6666666666666665,0.165137614678899,0.020202020202020204,0.5,0.5005854039287109,0.0825688073394495
graph_065_mu_0_3_node_469,19,0.14035087719298245,0.0004457757872009093,0.408923454768727,2.4454454454454453,0.016350127030568366,12.0,7.0,1.7142857142857142,0.36842105263157887,0.04142011834319526,0.00842358604091456,0.2258064516129031,0.226034234633306,0.07100591715976333
graph_065_mu_0_3_node_470,25,0.07333333333333333,0.0008048664504346913,0.42241014799154336,2.3673673673673674,0.01709264053107914,10.0,15.0,0.6666666666666665,0.5999999999999998,0.20000000000000004,0.016216216216216217,0.42857142857142855,0.4290593445197743,0.10666666666666667
graph_065_mu_0_3_node_471,17,0.15441176470588236,0.00034327062658182214,0.40445344129554656,2.4724724724724725,0.016601724297924902,10.0,7.0,1.4285714285714282,0.41176470588235303,0.04142011834319526,0.00842358604091456,0.2592592592592592,0.25948701263488966,0.059171597633136064
graph_065_mu_0_3_node_472,25,0.21333333333333335,0.0005099884968639525,0.4504057709648332,2.22022022022022,0.033512128291040444,14.0,11.0,1.272727272727273,0.4400000000000001,0.06508875739644969,0.013237063778580025,0.282051282051282,0.2824092267976295,0.08284023668639053
graph_065_mu_0_3_node_473,19,0.17543859649122806,0.0004118394110676518,0.38158899923605805,2.6206206206206204,0.010158406853091467,12.0,7.0,1.7142857142857142,0.36842105263157887,0.09589041095890409,0.007551240560949301,0.2258064516129031,0.226034234633306,0.1506849315068493
graph_065_mu_0_3_node_474,18,0.16993464052287582,0.000323318716830008,0.39176470588235296,2.5525525525525525,0.014265015216574677,10.0,8.0,1.25,0.4444444444444446,0.07339449541284404,0.008978675645342315,0.2857142857142856,0.28597456681787753,0.09174311926605504
graph_065_mu_0_3_node_475,27,0.16809116809116809,0.00078920194497065,0.4153846153846154,2.4074074074074074,0.018076361022158868,11.0,16.0,0.6875,0.5925925925925926,1.1428571428571423,0.016227180527383367,0.4210526315789473,0.421573092186585,0.7857142857142859
graph_065_mu_0_3_node_476,20,0.1,0.0004395593436176234,0.39595719381688466,2.5255255255255253,0.012367603647909679,7.0,13.0,0.5384615384615384,0.6500000000000002,0.3170731707317073,0.013555787278415022,0.4814814814814816,0.48190428695843857,0.17073170731707318
graph_065_mu_0_3_node_477,29,0.14039408866995073,0.0010595207312875882,0.4300473525613431,2.325325325325325,0.019831824030809426,14.0,15.0,0.9333333333333335,0.5172413793103449,0.36585365853658547,0.015641293013555792,0.34883720930232553,0.3493252522501049,0.34146341463414637
graph_065_mu_0_3_node_478,15,0.08571428571428572,0.00027978584662076623,0.40758873929008566,2.4534534534534536,0.01686257248945048,8.0,7.0,1.1428571428571423,0.46666666666666673,0.02868852459016392,0.009259259259259259,0.3043478260869565,0.3045755498255297,0.02868852459016392
graph_065_mu_0_3_node_479,33,0.14393939393939395,0.0010037256078545894,0.43586387434554974,2.294294294294294,0.02729904766489917,19.0,14.0,1.3571428571428577,0.42424242424242414,0.12844036697247713,0.01571268237934905,0.2692307692307692,0.2696864390654263,0.17431192660550462
graph_065_mu_0_3_node_480,13,0.16666666666666666,0.00020817409760676375,0.3881118881118881,2.5765765765765765,0.00979936167284236,6.0,7.0,0.8571428571428571,0.5384615384615384,0.12727272727272723,0.007407407407407406,0.36842105263157887,0.36864874674080716,0.10909090909090913
graph_065_mu_0_3_node_481,34,0.1443850267379679,0.0009574913494466058,0.42912371134020616,2.33033033033033,0.028640901923395766,18.0,16.0,1.125,0.4705882352941177,0.14678899082568808,0.01795735129068463,0.3076923076923076,0.30821300542727254,0.165137614678899
graph_065_mu_0_3_node_482,17,0.08823529411764706,0.0004961994219006986,0.40942622950819674,2.4424424424424425,0.011596446055387108,5.0,12.0,0.41666666666666674,0.7058823529411762,0.21818181818181825,0.012698412698412704,0.5454545454545452,0.5458447893569842,0.09090909090909091
graph_065_mu_0_3_node_483,18,0.1568627450980392,0.00017971211305522667,0.42893945899527697,2.3313313313313313,0.026683715619798105,12.0,6.0,2.0,0.33333333333333326,0.024590163934426236,0.007936507936507936,0.20000000000000004,0.20019524894240157,0.04918032786885247
graph_065_mu_0_3_node_484,13,0.32051282051282054,0.0001025159404841744,0.399919935948759,2.5005005005005003,0.016510911755326617,10.0,3.0,3.333333333333334,0.2307692307692308,0.017751479289940832,0.0036101083032490985,0.13043478260869562,0.1305324039031541,0.059171597633136064
graph_065_mu_0_3_node_485,25,0.08,0.0006253932499989574,0.43548387096774194,2.2962962962962963,0.025599636604168988,13.0,12.0,1.0833333333333335,0.4800000000000002,0.04918032786885247,0.015873015873015872,0.31578947368421056,0.3161799207460963,0.04508196721311475
graph_065_mu_0_3_node_486,20,0.2,0.00040200646251674056,0.4007220216606498,2.4954954954954953,0.017186277922775967,12.0,8.0,1.5,0.4000000000000001,0.07339449541284404,0.008978675645342315,0.25,0.2502603149811272,0.11009174311926606
graph_065_mu_0_3_node_487,19,0.2046783625730994,0.00021657807766554686,0.4185169669040637,2.3893893893893896,0.02545628155036355,16.0,3.0,5.333333333333332,0.15789473684210528,0.012295081967213118,0.003968253968253968,0.08571428571428569,0.08581194514330362,0.06557377049180325
graph_065_mu_0_3_node_488,13,0.1282051282051282,0.00015087808140267831,0.388715953307393,2.5725725725725725,0.010065962395186165,6.0,7.0,0.8571428571428571,0.5384615384615384,0.12727272727272723,0.007407407407407406,0.36842105263157887,0.36864874674080716,0.10909090909090913
graph_065_mu_0_3_node_489,23,0.11462450592885376,0.0006496968734103175,0.4528558476881233,2.2082082082082084,0.026930036277413215,10.0,13.0,0.7692307692307695,0.5652173913043478,0.05327868852459016,0.017195767195767202,0.39393939393939387,0.3943622819391336,0.04098360655737706
graph_065_mu_0_3_node_490,40,0.07179487179487179,0.001818867891627723,0.43700787401574803,2.2882882882882885,0.02632217504995573,19.0,21.0,0.904761904761905,0.5250000000000002,0.28767123287671226,0.0226537216828479,0.35593220338983056,0.35661555245103915,0.26027397260273977
graph_065_mu_0_3_node_491,15,0.10476190476190476,0.00030151499395701236,0.4206315789473684,2.3773773773773774,0.01863161215134408,7.0,8.0,0.875,0.5333333333333332,0.03278688524590163,0.010582010582010583,0.36363636363636365,0.3638965939401826,0.024590163934426236
graph_065_mu_0_3_node_492,18,0.3333333333333333,0.00026377186225175073,0.42912371134020616,2.33033033033033,0.030228597683503874,15.0,3.0,5.0,0.16666666666666663,0.012295081967213118,0.003968253968253968,0.09090909090909091,0.09100674398028,0.06147540983606558
graph_065_mu_0_3_node_493,33,0.11931818181818182,0.0011560926830339441,0.451627486437613,2.214214214214214,0.035090772370674664,19.0,14.0,1.3571428571428577,0.42424242424242414,0.05737704918032784,0.018518518518518517,0.2692307692307692,0.2696864390654263,0.07786885245901641
graph_065_mu_0_3_node_494,17,0.125,0.0002754836849175485,0.4171189979123173,2.3973973973973974,0.019718334418276126,8.0,9.0,0.8888888888888892,0.5294117647058824,0.05325443786982251,0.010830324909747288,0.36,0.36029276861520454,0.04733727810650889
graph_065_mu_0_3_node_495,17,0.13970588235294118,0.0003623177701715488,0.41298057048367093,2.4214214214214214,0.015902574208749132,6.0,11.0,0.5454545454545452,0.6470588235294118,0.20000000000000004,0.011640211640211645,0.4782608695652175,0.4786186280457195,0.10909090909090913
graph_065_mu_0_3_node_496,13,0.15384615384615385,0.00018687239575523044,0.38841368584758945,2.5745745745745747,0.010086657306764207,6.0,7.0,0.8571428571428571,0.5384615384615384,0.2592592592592592,0.0071942446043165445,0.36842105263157887,0.36864874674080716,0.2222222222222223
graph_065_mu_0_3_node_497,23,0.11462450592885376,0.000566788551634561,0.4385425812115891,2.28028028028028,0.024537720134139043,12.0,11.0,1.0909090909090904,0.4782608695652175,0.04508196721311475,0.014550264550264544,0.3142857142857142,0.3146436124474192,0.04918032786885247
graph_065_mu_0_3_node_498,24,0.17028985507246377,0.0004915739486956982,0.4495949594959496,2.224224224224224,0.03490985517442078,16.0,8.0,2.0,0.33333333333333326,0.03278688524590163,0.010582010582010583,0.20000000000000004,0.20026038276266117,0.06557377049180325
graph_065_mu_0_3_node_499,19,0.42105263157894735,0.00022350517918524483,0.4090909090909091,2.4444444444444446,0.02130971378058002,16.0,3.0,5.333333333333332,0.15789473684210528,0.027522935779816515,0.003367003367003366,0.08571428571428569,0.08581194514330362,0.14678899082568808
graph_065_mu_0_3_node_500,37,0.1006006006006006,0.0011649900985099707,0.45554035567715456,2.195195195195195,0.037869075604759224,23.0,14.0,1.6428571428571423,0.3783783783783784,0.05737704918032784,0.018518518518518517,0.23333333333333336,0.2337891218474627,0.09426229508196718
graph_065_mu_0_3_node_501,15,0.09523809523809523,0.0002572695770409608,0.39880239520958083,2.5075075075075075,0.010927037510585486,8.0,7.0,1.1428571428571423,0.46666666666666673,0.12727272727272723,0.007407407407407406,0.3043478260869565,0.3045755498255297,0.14545454545454548
graph_065_mu_0_3_node_502,16,0.03333333333333333,0.0003817656921630593,0.3759879563417388,2.65965965965966,0.007689912872222821,4.0,12.0,0.33333333333333326,0.75,0.6315789473684211,0.012232415902140673,0.5999999999999998,0.6003902185223725,0.15789473684210528
graph_065_mu_0_3_node_503,29,0.12561576354679804,0.0011568418325905703,0.4201009251471825,2.3803803803803802,0.017133477362922558,10.0,19.0,0.5263157894736842,0.6551724137931033,1.461538461538461,0.01925025329280649,0.48717948717948717,0.4877974336458093,0.7692307692307695
graph_065_mu_0_3_node_504,20,0.08947368421052632,0.0004361771110485441,0.3939274447949527,2.5385385385385386,0.010971507463388685,9.0,11.0,0.8181818181818182,0.5499999999999999,0.1466666666666667,0.011891891891891892,0.3793103448275863,0.3796681731350583,0.12000000000000005
graph_065_mu_0_3_node_505,21,0.16666666666666666,0.0006224887385435128,0.39753282928770395,2.5155155155155153,0.010464056877037243,9.0,12.0,0.75,0.5714285714285712,0.75,0.012195121951219514,0.4000000000000001,0.4003903454557285,0.5625
graph_065_mu_0_3_node_506,13,0.0641025641025641,0.00018621842193083352,0.3878105590062112,2.5785785785785786,0.008889939082380258,4.0,9.0,0.4444444444444446,0.6923076923076923,0.16363636363636364,0.009523809523809521,0.5294117647058824,0.5297044571511653,0.07272727272727274
graph_065_mu_0_3_node_507,16,0.125,0.00024143905168396866,0.41298057048367093,2.4214214214214214,0.018991499640953376,9.0,7.0,1.2857142857142858,0.4375,0.02868852459016392,0.009259259259259259,0.28000000000000014,0.28022773855613764,0.03278688524590163
graph_065_mu_0_3_node_508,34,0.08266129032258064,0.001287894451393176,0.40875613747954176,2.4464464464464464,0.014565016766753511,15.0,19.0,0.7894736842105262,0.5588235294117646,0.59375,0.019628099173553723,0.38775510204081615,0.3883732495503327,0.4375
graph_065_mu_0_3_node_509,24,0.15579710144927536,0.0006646511816504513,0.44223107569721115,2.2612612612612613,0.028916467521921466,13.0,11.0,1.1818181818181819,0.4583333333333332,0.06508875739644969,0.013237063778580025,0.29729729729729737,0.29765521874980766,0.0769230769230769
graph_065_mu_0_3_node_510,26,0.1076923076923077,0.0010335515502211158,0.4220532319391635,2.369369369369369,0.018516227498977363,12.0,14.0,0.8571428571428571,0.5384615384615384,0.4375,0.014462809917355378,0.36842105263157887,0.36887651492580775,0.375
graph_065_mu_0_3_node_511,15,0.14285714285714285,0.00025233405403488225,0.4090909090909091,2.4444444444444446,0.016852365370797786,8.0,7.0,1.1428571428571423,0.46666666666666673,0.04142011834319526,0.00842358604091456,0.3043478260869565,0.3045755498255297,0.04733727810650889
graph_065_mu_0_3_node_512,38,0.12222222222222222,0.0014661052761416502,0.41764214046822745,2.3943943943943946,0.01887013899529419,23.0,15.0,1.5333333333333337,0.3947368421052631,0.46875,0.015495867768595042,0.24590163934426232,0.24638996828263518,0.6875
graph_065_mu_0_3_node_513,37,0.13213213213213212,0.0013577835356885634,0.4538845979100409,2.2032032032032034,0.03245447057027826,23.0,14.0,1.6428571428571423,0.3783783783783784,0.12844036697247713,0.01571268237934905,0.23333333333333336,0.2337891218474627,0.2110091743119266
graph_065_mu_0_3_node_514,34,0.12477718360071301,0.0011230767995815455,0.42986230636833045,2.3263263263263263,0.025505753236575585,18.0,16.0,1.125,0.4705882352941177,0.14678899082568808,0.01795735129068463,0.3076923076923076,0.30821300542727254,0.165137614678899
graph_065_mu_0_3_node_515,28,0.19384615384615383,0.0008437324181474505,0.4206315789473684,2.3773773773773774,0.01837674269873984,14.0,14.0,1.0,0.5,1.0,0.014198782961460437,0.33333333333333326,0.3337888549055335,0.9285714285714288
graph_065_mu_0_3_node_516,27,0.10541310541310542,0.001072563809773979,0.4283876500857633,2.334334334334334,0.01694033780340316,13.0,14.0,0.9285714285714288,0.5185185185185184,0.25454545454545446,0.014814814814814812,0.3499999999999999,0.3504554919312858,0.2363636363636364
graph_065_mu_0_3_node_517,52,0.09276018099547512,0.0032462112731095555,0.45,2.2222222222222223,0.02747362966795113,33.0,19.0,1.7368421052631577,0.36538461538461525,0.3454545454545456,0.020105820105820103,0.22352941176470595,0.2241482841141407,0.5999999999999998
graph_065_mu_0_3_node_518,31,0.12043010752688173,0.0011215705221209917,0.43246753246753245,2.3123123123123124,0.01933447548358475,18.0,13.0,1.3846153846153846,0.4193548387096773,0.1733333333333333,0.014054054054054051,0.2653061224489796,0.26572923066704307,0.2400000000000001
graph_065_mu_0_3_node_519,17,0.0661764705882353,0.0004998155636010943,0.4114497528830313,2.4304304304304303,0.012543263939365085,2.0,15.0,0.1333333333333333,0.8823529411764709,0.5769230769230768,0.015400410677618074,0.7894736842105262,0.7899613463581903,0.0769230769230769
graph_065_mu_0_3_node_520,32,0.12643678160919541,0.0011012024934440032,0.45867768595041325,2.18018018018018,0.03694101713138399,18.0,14.0,1.2857142857142858,0.4375,0.05737704918032784,0.018518518518518517,0.28000000000000014,0.280455640174445,0.06967213114754099
graph_065_mu_0_3_node_521,36,0.10476190476190476,0.001554168088630358,0.4402820625826355,2.2712712712712713,0.027075805902795087,20.0,16.0,1.25,0.4444444444444446,0.14678899082568808,0.01795735129068463,0.2857142857142856,0.2862350512396078,0.18348623853211007
graph_065_mu_0_3_node_522,31,0.12807881773399016,0.0012563719821428489,0.4377738825591586,2.284284284284284,0.02124413318058359,16.0,15.0,1.0666666666666664,0.4838709677419357,0.46875,0.015495867768595042,0.3191489361702127,0.3196370426425047,0.46875
graph_065_mu_0_3_node_523,27,0.13675213675213677,0.000798478538782917,0.43246753246753245,2.3123123123123124,0.025480779493317982,17.0,10.0,1.6999999999999995,0.37037037037037035,0.059171597633136064,0.012033694344163657,0.22727272727272718,0.2275982057260536,0.10059171597633139
graph_065_mu_0_3_node_524,15,0.02857142857142857,0.0002765610156860778,0.3864603481624758,2.5875875875875876,0.009268891693470458,4.0,11.0,0.36363636363636365,0.7333333333333332,0.20000000000000004,0.011640211640211645,0.5789473684210529,0.5793050803653798,0.054545454545454564
graph_065_mu_0_3_node_525,33,0.15698924731182795,0.00105270639551735,0.44008810572687224,2.2722722722722724,0.027617508282012322,19.0,14.0,1.3571428571428577,0.42424242424242414,0.19178082191780818,0.015102481121898602,0.2692307692307692,0.2696864390654263,0.2465753424657535
graph_065_mu_0_3_node_526,36,0.18412698412698414,0.0008243690099846023,0.4569990850869167,2.1881881881881884,0.04696238902716948,28.0,8.0,3.5,0.2222222222222223,0.03278688524590163,0.010582010582010583,0.125,0.12526058631921824,0.11475409836065568
graph_065_mu_0_3_node_527,32,0.16129032258064516,0.0006889155073340588,0.4402820625826355,2.2712712712712713,0.03650705979122593,26.0,6.0,4.333333333333334,0.1875,0.024590163934426236,0.007936507936507936,0.10344827586206896,0.10364370287008146,0.10655737704918032
graph_065_mu_0_3_node_528,32,0.15725806451612903,0.0011629549916428515,0.42312579415501905,2.3633633633633635,0.020895449045851496,13.0,19.0,0.6842105263157895,0.59375,1.3571428571428577,0.019269776876267745,0.4222222222222223,0.422840289298765,0.9285714285714288
graph_065_mu_0_3_node_529,25,0.07666666666666666,0.0007991369052106838,0.44638069705093836,2.24024024024024,0.026741504171029908,13.0,12.0,1.0833333333333335,0.4800000000000002,0.04918032786885247,0.015873015873015872,0.31578947368421056,0.3161799207460963,0.04918032786885247
graph_065_mu_0_3_node_530,48,0.12056737588652482,0.00210592332512187,0.4670406732117812,2.141141141141141,0.05016211318736088,33.0,15.0,2.1999999999999997,0.3125,0.06147540983606558,0.019841269841269833,0.18518518518518517,0.18567383228425025,0.1352459016393443
graph_065_mu_0_3_node_531,31,0.1206896551724138,0.0012456445288821197,0.4183417085427136,2.3903903903903903,0.017348896403276033,12.0,19.0,0.6315789473684211,0.6129032258064517,1.1875,0.0193089430894309,0.44186046511627897,0.4424784919841841,0.6875
graph_065_mu_0_3_node_532,37,0.06554621848739496,0.0015310252522490564,0.41659716430358634,2.4004004004004003,0.017570769127767144,17.0,20.0,0.8499999999999998,0.5405405405405405,0.36363636363636365,0.021164021164021166,0.37037037037037035,0.3710211154735133,0.29090909090909095
graph_065_mu_0_3_node_533,22,0.10822510822510822,0.0005079882613470626,0.42528735632183906,2.3513513513513513,0.023174853918467592,13.0,9.0,1.444444444444444,0.4090909090909091,0.03688524590163934,0.01190476190476191,0.2571428571428571,0.25743572102623213,0.04918032786885247
graph_065_mu_0_3_node_534,73,0.10692541856925418,0.004560650139469463,0.49333333333333335,2.027027027027027,0.06452114808512155,47.0,26.0,1.8076923076923073,0.35616438356164376,0.1538461538461538,0.0312876052948255,0.21666666666666673,0.21751412429378536,0.27810650887573957
graph_065_mu_0_3_node_535,22,0.09956709956709957,0.0005500079853062008,0.39705882352941174,2.5185185185185186,0.012528346027894953,8.0,14.0,0.5714285714285712,0.6363636363636365,0.5384615384615384,0.014373716632443528,0.46666666666666673,0.4671220104512239,0.3076923076923076
graph_065_mu_0_3_node_536,113,0.0804361567635904,0.01079204988929159,0.5050556117290192,1.97997997997998,0.08200118788703502,74.0,39.0,1.8974358974358974,0.3451327433628319,0.2307692307692308,0.04693140794223827,0.2085561497326203,0.20982903722894844,0.4378698224852071
graph_065_mu_0_3_node_537,34,0.1354723707664884,0.001101165919640532,0.42802056555269924,2.3363363363363363,0.021928617252434845,20.0,14.0,1.4285714285714282,0.41176470588235303,0.19178082191780818,0.015102481121898602,0.2592592592592592,0.25971495875798967,0.2739726027397261
graph_065_mu_0_3_node_538,39,0.145748987854251,0.0012771012594681404,0.4366258741258741,2.29029029029029,0.030770383759579096,24.0,15.0,1.6000000000000003,0.38461538461538475,0.1376146788990826,0.01683501683501684,0.2380952380952381,0.23858359883103486,0.22018348623853212
graph_065_mu_0_3_node_539,30,0.21149425287356322,0.0006898367646710961,0.4373905429071804,2.2862862862862863,0.027905860442971327,21.0,9.0,2.3333333333333335,0.2999999999999999,0.0825688073394495,0.010101010101010102,0.17647058823529405,0.17676360467677227,0.19266055045871555
graph_065_mu_0_3_node_540,25,0.04,0.0008097853576431313,0.4023358840112767,2.4854854854854853,0.012323916444127435,10.0,15.0,0.6666666666666665,0.5999999999999998,0.20000000000000004,0.016216216216216217,0.42857142857142855,0.4290593445197743,0.12000000000000005
graph_065_mu_0_3_node_541,32,0.11693548387096774,0.0012021948610869476,0.43097497842968074,2.32032032032032,0.023982928387183907,16.0,16.0,1.0,0.5,0.21917808219178078,0.017259978425026967,0.33333333333333326,0.3338539632955877,0.21917808219178078
graph_065_mu_0_3_node_542,33,0.2159090909090909,0.0007452281031686034,0.41607663473552686,2.4034034034034035,0.026620804571669238,23.0,10.0,2.3,0.30303030303030304,0.09174311926605504,0.011223344556677893,0.17857142857142852,0.1788970341978938,0.2110091743119266
graph_065_mu_0_3_node_543,32,0.10483870967741936,0.0015920734875994828,0.4397007042253521,2.274274274274274,0.022260938436676408,13.0,19.0,0.6842105263157895,0.59375,0.59375,0.019628099173553723,0.4222222222222223,0.422840289298765,0.40625
graph_065_mu_0_3_node_544,15,0.11428571428571428,0.0002774167900491213,0.39361702127659576,2.5405405405405403,0.01041065259852448,6.0,9.0,0.6666666666666665,0.5999999999999998,0.16363636363636364,0.009523809523809521,0.42857142857142855,0.4288641590967171,0.10909090909090913
graph_065_mu_0_3_node_545,42,0.11614401858304298,0.0014830185108808142,0.4397007042253521,2.274274274274274,0.0325647911011012,25.0,17.0,1.4705882352941173,0.4047619047619049,0.15596330275229356,0.019079685746352416,0.25373134328358216,0.2542848187841518,0.22935779816513768
graph_065_mu_0_3_node_546,17,0.08823529411764706,0.0004011857294987949,0.4000800961153384,2.4994994994994997,0.011530329407419939,6.0,11.0,0.5454545454545452,0.6470588235294118,0.4230769230769231,0.011293634496919919,0.4782608695652175,0.4786186280457195,0.2307692307692308
graph_065_mu_0_3_node_547,53,0.1204644412191582,0.002926104484949303,0.47821924365725227,2.091091091091091,0.05748747692415718,32.0,21.0,1.5238095238095244,0.3962264150943397,0.08606557377049184,0.027777777777777787,0.24705882352941178,0.24774275122848358,0.1311475409836065
graph_065_mu_0_3_node_548,35,0.13781512605042018,0.0009714133419070643,0.4475806451612903,2.234234234234234,0.039380495347934204,25.0,10.0,2.5,0.2857142857142856,0.04098360655737706,0.013227513227513227,0.16666666666666663,0.1669923147062655,0.10245901639344267
graph_065_mu_0_3_node_549,33,0.1553030303030303,0.0010853587377786854,0.43548387096774194,2.2962962962962963,0.028932505852268746,20.0,13.0,1.538461538461539,0.39393939393939387,0.11926605504587152,0.014590347923681253,0.24528301886792456,0.24570618217641058,0.18348623853211007
graph_065_mu_0_3_node_550,33,0.125,0.0008818437557714814,0.4455842997323818,2.244244244244244,0.03522423515130487,23.0,10.0,2.3,0.30303030303030304,0.04098360655737706,0.013227513227513227,0.17857142857142852,0.1788970341978938,0.09426229508196718
graph_065_mu_0_3_node_551,36,0.11428571428571428,0.0015222394831727398,0.4542974079126876,2.201201201201201,0.028108838008520848,17.0,19.0,0.8947368421052634,0.5277777777777778,0.26027397260273977,0.020496224379719534,0.3584905660377358,0.3591087940011627,0.23287671232876717
graph_065_mu_0_3_node_552,17,0.11764705882352941,0.0004997410740863484,0.4406704896338774,2.269269269269269,0.02069131489755369,4.0,13.0,0.3076923076923076,0.7647058823529413,0.0769230769230769,0.01564380264741275,0.6190476190476188,0.6194703420339945,0.023668639053254444
graph_065_mu_0_3_node_553,19,0.12280701754385964,0.00044759701301658926,0.39501779359430605,2.5315315315315314,0.011298752747860696,8.0,11.0,0.7272727272727273,0.5789473684210529,0.20000000000000004,0.011640211640211645,0.4074074074074074,0.4077652124361944,0.14545454545454548
graph_065_mu_0_3_node_554,29,0.16009852216748768,0.0008077500565280827,0.43302990897269183,2.309309309309309,0.023708905332905806,17.0,12.0,1.4166666666666667,0.41379310344827586,0.16438356164383555,0.012944983818770232,0.26086956521739124,0.26126011393834414,0.23287671232876717
graph_065_mu_0_3_node_555,20,0.15263157894736842,0.0004498849837515755,0.40314769975786924,2.4804804804804803,0.014750198500518681,9.0,11.0,0.8181818181818182,0.5499999999999999,0.4074074074074074,0.011305241521068855,0.3793103448275863,0.3796681731350583,0.33333333333333326
graph_065_mu_0_3_node_556,22,0.09523809523809523,0.0007918665453289211,0.42619453924914674,2.3463463463463463,0.01668322695489372,9.0,13.0,0.6923076923076923,0.5909090909090909,0.5,0.013347022587268996,0.4193548387096773,0.419777699198244,0.3076923076923076
graph_065_mu_0_3_node_557,22,0.15151515151515152,0.0004770691330624679,0.4473802060008957,2.235235235235235,0.03085696973025168,11.0,11.0,1.0,0.5,0.04508196721311475,0.014550264550264544,0.33333333333333326,0.3336912082072637,0.04098360655737706
graph_065_mu_0_3_node_558,30,0.10804597701149425,0.0007166322205320458,0.4304179233089186,2.3233233233233235,0.028944657790996357,18.0,12.0,1.5,0.4000000000000001,0.04918032786885247,0.015873015873015872,0.25,0.25039057414399174,0.06967213114754099
graph_065_mu_0_3_node_559,35,0.12773109243697478,0.0011753336068148256,0.43415906127770537,2.3033033033033035,0.023411244901880658,20.0,15.0,1.333333333333333,0.42857142857142855,0.20547945205479448,0.016181229773462782,0.2727272727272726,0.27321550629821306,0.2739726027397261
graph_065_mu_0_3_node_560,71,0.10382293762575452,0.004282693316495762,0.4705605275553462,2.125125125125125,0.04833651428866886,44.0,27.0,1.6296296296296295,0.38028169014084506,0.24770642201834867,0.03030303030303029,0.23478260869565218,0.2356624600985264,0.4036697247706424
graph_065_mu_0_3_node_561,27,0.19658119658119658,0.0007755046427004427,0.4495949594959496,2.224224224224224,0.0373608350116987,16.0,11.0,1.4545454545454546,0.4074074074074074,0.04508196721311475,0.014550264550264544,0.2558139534883721,0.25617194483149053,0.06557377049180325
graph_065_mu_0_3_node_562,47,0.14801110083256244,0.0023138135472833285,0.46357308584686774,2.1571571571571573,0.04064615008361846,28.0,19.0,1.4736842105263155,0.404255319148936,0.17431192660550462,0.021324354657687998,0.25333333333333335,0.25395200416788777,0.25688073394495425
graph_065_mu_0_3_node_563,28,0.10052910052910052,0.0007896241248966387,0.4124690338563171,2.4244244244244246,0.0176540459203194,17.0,11.0,1.5454545454545454,0.39285714285714296,0.1009174311926606,0.012345679012345677,0.24444444444444444,0.24480245909049805,0.15596330275229356
graph_065_mu_0_3_node_564,16,0.2833333333333333,0.000228913476518521,0.37276119402985075,2.6826826826826826,0.008320206491779268,9.0,7.0,1.2857142857142858,0.4375,0.5,0.007099391480730219,0.28000000000000014,0.28022773855613764,0.6428571428571429
graph_065_mu_0_3_node_565,17,0.07352941176470588,0.0004744597074774987,0.3986432561851556,2.5085085085085086,0.01086660946721335,7.0,10.0,0.6999999999999998,0.5882352941176471,0.24390243902439032,0.010427528675703854,0.41666666666666674,0.4169919333853762,0.1463414634146341
graph_065_mu_0_3_node_566,17,0.1323529411764706,0.0004065086552263539,0.38917023763147646,2.5695695695695697,0.008617209123527045,8.0,9.0,0.8888888888888892,0.5294117647058824,0.33333333333333326,0.009249743062692701,0.36,0.36029276861520454,0.2592592592592592
graph_065_mu_0_3_node_567,27,0.1623931623931624,0.000567176829015235,0.4143508917461634,2.4134134134134135,0.02002967334232467,18.0,9.0,2.0,0.33333333333333326,0.12328767123287675,0.009708737864077667,0.20000000000000004,0.20029295921356735,0.2465753424657535
graph_065_mu_0_3_node_568,26,0.16923076923076924,0.0005720998206395401,0.4385425812115891,2.28028028028028,0.032748355016330645,19.0,7.0,2.7142857142857153,0.2692307692307692,0.02868852459016392,0.009259259259259259,0.1555555555555555,0.1557834423934629,0.07786885245901641
graph_065_mu_0_3_node_569,32,0.15725806451612903,0.0011255178510079192,0.4000800961153384,2.4994994994994997,0.013187202034535347,18.0,14.0,1.2857142857142858,0.4375,0.4375,0.014462809917355378,0.28000000000000014,0.280455640174445,0.5625
graph_065_mu_0_3_node_570,33,0.17803030303030304,0.0010092030383607095,0.46164510166358597,2.166166166166166,0.04331112399382997,24.0,9.0,2.666666666666666,0.2727272727272726,0.03688524590163934,0.01190476190476191,0.15789473684210528,0.15818781053385683,0.09836065573770494
graph_065_mu_0_3_node_571,44,0.12311265969802555,0.001508443348272064,0.4320934256055363,2.314314314314314,0.026693363424737066,29.0,15.0,1.9333333333333336,0.3409090909090909,0.20547945205479448,0.016181229773462782,0.20547945205479448,0.20596797183984575,0.38356164383561636
graph_065_mu_0_3_node_572,27,0.15384615384615385,0.0006771829782968698,0.4174676138737986,2.3953953953953953,0.02036324255528868,13.0,14.0,0.9285714285714288,0.5185185185185184,0.19178082191780818,0.015102481121898602,0.3499999999999999,0.3504554919312858,0.17808219178082188
graph_065_mu_0_3_node_573,19,0.05847953216374269,0.0005010770710665289,0.3996,2.5025025025025025,0.011537043220055169,8.0,11.0,0.7272727272727273,0.5789473684210529,0.20000000000000004,0.011640211640211645,0.4074074074074074,0.4077652124361944,0.14545454545454548
graph_065_mu_0_3_node_574,15,0.02857142857142857,0.0003163270295406773,0.3986432561851556,2.5085085085085086,0.011304065595467944,1.0,14.0,0.0714285714285714,0.9333333333333335,0.5384615384615384,0.014373716632443528,0.875,0.8754551365409624,0.03846153846153845
graph_065_mu_0_3_node_575,22,0.09956709956709957,0.000615200238857362,0.3929976396538159,2.5445445445445447,0.011110204441403431,10.0,12.0,0.8333333333333335,0.5454545454545452,0.2926829268292682,0.012513034410844635,0.375,0.3753903708523098,0.24390243902439032
graph_065_mu_0_3_node_576,28,0.11375661375661375,0.0006236671038156475,0.43586387434554974,2.294294294294294,0.028863978628027875,20.0,8.0,2.5,0.2857142857142856,0.03278688524590163,0.010582010582010583,0.16666666666666663,0.16692711724616918,0.08196721311475412
graph_065_mu_0_3_node_577,23,0.13438735177865613,0.0004910498492190417,0.4197478991596639,2.3823823823823824,0.017882932189693515,14.0,9.0,1.555555555555556,0.3913043478260869,0.12328767123287675,0.009708737864077667,0.24324324324324328,0.24353612618769307,0.19178082191780818
graph_065_mu_0_3_node_578,32,0.17943548387096775,0.0008404978633548251,0.4661689220718619,2.145145145145145,0.043364300566102916,20.0,12.0,1.666666666666667,0.375,0.04918032786885247,0.015873015873015872,0.2307692307692308,0.23115985576923087,0.08196721311475412
graph_065_mu_0_3_node_579,14,0.18681318681318682,0.00022972073867257755,0.4107730263157895,2.4344344344344346,0.013135297089891989,5.0,9.0,0.5555555555555556,0.6428571428571429,0.16363636363636364,0.009523809523809521,0.4736842105263158,0.47397692201036296,0.09090909090909091
graph_065_mu_0_3_node_580,25,0.15810276679841898,0.0005807888719509121,0.3906922174423152,2.5595595595595597,0.011941498629317362,13.0,12.0,1.0833333333333335,0.4800000000000002,0.75,0.012195121951219514,0.31578947368421056,0.3161799207460963,0.75
graph_065_mu_0_3_node_581,27,0.17666666666666667,0.000650419200355552,0.4245643858903527,2.3553553553553552,0.023149412403596168,18.0,9.0,2.0,0.33333333333333326,0.0825688073394495,0.010101010101010102,0.20000000000000004,0.20029295921356735,0.15596330275229356
graph_065_mu_0_3_node_582,32,0.10080645161290322,0.001046865858396191,0.455125284738041,2.1971971971971973,0.033496179663538066,21.0,11.0,1.9090909090909096,0.34375,0.04508196721311475,0.014550264550264544,0.20754716981132082,0.20790527769946096,0.08196721311475412
graph_065_mu_0_3_node_583,34,0.12477718360071301,0.0007358598492367382,0.43434782608695655,2.3023023023023024,0.03136711550004352,24.0,10.0,2.399999999999999,0.29411764705882354,0.059171597633136064,0.012033694344163657,0.17241379310344834,0.1727394199350992,0.14201183431952666
graph_065_mu_0_3_node_584,33,0.16856060606060605,0.0007836426432439898,0.4536784741144414,2.204204204204204,0.041574413541240626,24.0,9.0,2.666666666666666,0.2727272727272726,0.03688524590163934,0.01190476190476191,0.15789473684210528,0.15818781053385683,0.09836065573770494
graph_065_mu_0_3_node_585,49,0.12858464384828863,0.002038859228156729,0.4220532319391635,2.369369369369369,0.024474037923629188,32.0,17.0,1.8823529411764708,0.34693877551020413,0.23287671232876717,0.018338727076591156,0.20987654320987656,0.21043027110147608,0.42465753424657543
graph_065_mu_0_3_node_586,35,0.15126050420168066,0.0012487504684400453,0.43434782608695655,2.3023023023023024,0.027558618572856693,24.0,11.0,2.1818181818181808,0.3142857142857142,0.1009174311926606,0.012345679012345677,0.18644067796610167,0.18679885581768577,0.22018348623853212
graph_065_mu_0_3_node_587,55,0.08080808080808081,0.0027112224979800783,0.47821924365725227,2.091091091091091,0.0499830094940787,37.0,18.0,2.0555555555555567,0.32727272727272727,0.07377049180327867,0.02380952380952382,0.19565217391304346,0.1962386459578761,0.14754098360655735
graph_065_mu_0_3_node_588,53,0.1444121915820029,0.0024438394464310984,0.44321206743566993,2.2562562562562563,0.030683174894321694,33.0,20.0,1.6499999999999995,0.37735849056603776,0.2739726027397261,0.021574973031283716,0.23255813953488375,0.23320956289492537,0.4520547945205477
graph_065_mu_0_3_node_589,33,0.13068181818181818,0.0008963777560673482,0.4206315789473684,2.3773773773773774,0.02533904006714466,20.0,13.0,1.538461538461539,0.39393939393939387,0.11926605504587152,0.014590347923681253,0.24528301886792456,0.24570618217641058,0.18348623853211007
graph_065_mu_0_3_node_590,19,0.08771929824561403,0.0005173614680604538,0.3843786071565987,2.6016016016016015,0.008486524573164865,9.0,10.0,0.9000000000000002,0.5263157894736842,0.24390243902439032,0.010427528675703854,0.35714285714285704,0.35746816618644855,0.19512195121951223
graph_065_mu_0_3_node_591,47,0.07493061979648474,0.0022903889792624667,0.4707822808671065,2.124124124124124,0.0434668801622392,28.0,19.0,1.4736842105263155,0.404255319148936,0.07786885245901641,0.02513227513227512,0.25333333333333335,0.25395200416788777,0.11065573770491802
graph_065_mu_0_3_node_592,40,0.14615384615384616,0.0014470593902781931,0.46400371574547145,2.155155155155155,0.03652087269618261,24.0,16.0,1.5,0.4000000000000001,0.14678899082568808,0.01795735129068463,0.25,0.2505209011590051,0.22018348623853212
graph_065_mu_0_3_node_593,27,0.21652421652421652,0.0006001653997497802,0.44618133095131757,2.2412412412412412,0.036998325921973656,20.0,7.0,2.8571428571428563,0.2592592592592592,0.02868852459016392,0.009259259259259259,0.148936170212766,0.14916407188947114,0.08196721311475412
graph_065_mu_0_3_node_594,20,0.3006535947712418,0.0002535976588154177,0.3729003359462486,2.6816816816816815,0.008951461598367159,13.0,7.0,1.8571428571428577,0.3499999999999999,0.5,0.007099391480730219,0.21212121212121207,0.2123490099668954,0.8571428571428571
graph_065_mu_0_3_node_595,27,0.1282051282051282,0.0009246101003547021,0.4206315789473684,2.3773773773773774,0.016417419747375223,16.0,11.0,1.4545454545454546,0.4074074074074074,0.1466666666666667,0.011891891891891892,0.2558139534883721,0.25617194483149053,0.21333333333333335
graph_065_mu_0_3_node_596,25,0.1,0.0007113603246568833,0.4020120724346076,2.4874874874874875,0.013822480895688547,11.0,14.0,0.7857142857142859,0.5600000000000003,0.4375,0.014462809917355378,0.388888888888889,0.38934432154991694,0.34375
graph_065_mu_0_3_node_597,43,0.12317073170731707,0.0017762710791456176,0.4375821287779238,2.285285285285285,0.027472906065181713,24.0,19.0,1.2631578947368423,0.44186046511627897,0.26027397260273977,0.020496224379719534,0.2835820895522388,0.2842005992693521,0.3150684931506849
graph_065_mu_0_3_node_598,18,0.08496732026143791,0.00040658545550643145,0.4072564207093355,2.4554554554554553,0.014972280896115677,3.0,15.0,0.20000000000000004,0.8333333333333335,0.375,0.015625,0.7142857142857141,0.7147734081440228,0.0
graph_065_mu_0_3_node_599,31,0.1956989247311828,0.0007554168366350615,0.43359375,2.3063063063063063,0.02871660486756138,19.0,12.0,1.583333333333333,0.3870967741935483,0.11009174311926606,0.013468013468013464,0.2400000000000001,0.2403905995703405,0.17431192660550462
graph_065_mu_0_3_node_600,28,0.07936507936507936,0.0009384832284830121,0.41366459627329194,2.4174174174174174,0.0171775956541545,14.0,14.0,1.0,0.5,0.3499999999999999,0.014583333333333335,0.33333333333333326,0.3337888549055335,0.3499999999999999
graph_065_mu_0_3_node_601,20,0.08421052631578947,0.0004750532151110713,0.4004008016032064,2.4974974974974975,0.012306343819596239,8.0,12.0,0.6666666666666665,0.5999999999999998,0.2999999999999999,0.012500000000000002,0.42857142857142855,0.42896174863387965,0.20000000000000004
graph_065_mu_0_3_node_602,27,0.17094017094017094,0.0008035290942573227,0.4416445623342175,2.264264264264264,0.03339240910699354,15.0,12.0,1.25,0.4444444444444446,0.04918032786885247,0.015873015873015872,0.2857142857142856,0.2861047835990887,0.06147540983606558
graph_065_mu_0_3_node_603,24,0.1038961038961039,0.0003501782656209138,0.390539483971853,2.5605605605605604,0.01513201348437792,15.0,9.0,1.666666666666667,0.375,0.0825688073394495,0.010101010101010102,0.2307692307692308,0.23106213277723683,0.12844036697247713
graph_065_mu_0_3_node_604,33,0.14393939393939395,0.0009881413614209532,0.45783684692942256,2.184184184184184,0.0416621818860304,22.0,11.0,2.0,0.33333333333333326,0.04508196721311475,0.014550264550264544,0.20000000000000004,0.20035813120625112,0.08606557377049184
graph_065_mu_0_3_node_605,28,0.1111111111111111,0.0009800044402862127,0.4238438693254137,2.359359359359359,0.01993689890536167,12.0,16.0,0.75,0.5714285714285712,0.21917808219178078,0.017259978425026967,0.4000000000000001,0.40052049446974625,0.16438356164383555
graph_065_mu_0_3_node_606,32,0.11693548387096774,0.0009869902557417764,0.43529411764705883,2.2972972972972974,0.026765685417915873,19.0,13.0,1.461538461538461,0.40625,0.11926605504587152,0.014590347923681253,0.2549019607843137,0.2553250965457954,0.17431192660550462
graph_065_mu_0_3_node_607,48,0.1323671497584541,0.0017455826616063644,0.45825688073394494,2.1821821821821823,0.04012660003908744,30.0,18.0,1.666666666666667,0.375,0.165137614678899,0.020202020202020204,0.2307692307692308,0.23135543541978762,0.26605504587155965
graph_065_mu_0_3_node_608,24,0.09782608695652174,0.0007506999409586074,0.40120481927710844,2.4924924924924925,0.011694635752969241,11.0,13.0,0.8461538461538461,0.5416666666666667,0.40625,0.013429752066115706,0.37142857142857155,0.37185148694306436,0.34375
graph_065_mu_0_3_node_609,21,0.11695906432748537,0.0004329448744752479,0.39346199291059475,2.5415415415415414,0.011330298151212958,10.0,11.0,0.9090909090909087,0.5238095238095238,0.34375,0.011363636363636364,0.3548387096774193,0.3551965612666058,0.28125
graph_065_mu_0_3_node_610,41,0.1378048780487805,0.0014465864993871383,0.4593103448275862,2.1771771771771773,0.044935966661469914,27.0,14.0,1.928571428571428,0.34146341463414637,0.05737704918032784,0.018518518518518517,0.20588235294117652,0.20633826019661472,0.11065573770491802
graph_065_mu_0_3_node_611,26,0.08307692307692308,0.000987197097063119,0.415211970074813,2.4084084084084085,0.015035008087920734,11.0,15.0,0.7333333333333332,0.5769230769230768,0.375,0.015625,0.4054054054054053,0.4058933530974127,0.25
graph_065_mu_0_3_node_612,23,0.1541501976284585,0.0005123164472303043,0.44203539823008847,2.2622622622622623,0.03051236720304127,14.0,9.0,1.555555555555556,0.3913043478260869,0.03688524590163934,0.01190476190476191,0.24324324324324328,0.24353612618769307,0.05327868852459016
graph_065_mu_0_3_node_613,34,0.12299465240641712,0.0010733327263055285,0.4536784741144414,2.204204204204204,0.03829560151770946,22.0,12.0,1.8333333333333328,0.3529411764705881,0.04918032786885247,0.015873015873015872,0.21428571428571427,0.21467639015496817,0.0901639344262295
graph_065_mu_0_3_node_614,28,0.15079365079365079,0.0010400368183584529,0.41799163179916315,2.3923923923923924,0.018794530589150107,15.0,13.0,1.1538461538461535,0.4642857142857144,0.40625,0.013429752066115706,0.3023255813953489,0.3027486070046684,0.46875
graph_065_mu_0_3_node_615,56,0.1320754716981132,0.0025885831478697136,0.4534725374489333,2.205205205205205,0.033311286728562074,37.0,19.0,1.947368421052631,0.3392857142857144,0.26027397260273977,0.020496224379719534,0.20430107526881716,0.20492010892469958,0.493150684931507
graph_065_mu_0_3_node_616,19,0.17543859649122806,0.00035233468018316206,0.3940828402366864,2.5375375375375375,0.011505344729127976,10.0,9.0,1.1111111111111112,0.4736842105263158,0.28125,0.009297520661157023,0.31034482758620696,0.31063763430124086,0.3125
graph_065_mu_0_3_node_617,35,0.18319327731092436,0.001201279260949971,0.45491803278688525,2.1981981981981984,0.04431420891518368,25.0,10.0,2.5,0.2857142857142856,0.04098360655737706,0.013227513227513227,0.16666666666666663,0.1669923147062655,0.10245901639344267
graph_065_mu_0_3_node_618,16,0.05,0.0003303049175497549,0.39564356435643566,2.5275275275275275,0.010812927490648775,7.0,9.0,0.777777777777778,0.5625,0.22500000000000006,0.009374999999999996,0.3913043478260869,0.3915970973950946,0.14999999999999994
graph_065_mu_0_3_node_619,24,0.07971014492753623,0.0006792248472954829,0.43719912472647704,2.2872872872872874,0.024485055332044432,13.0,11.0,1.1818181818181819,0.4583333333333332,0.04508196721311475,0.014550264550264544,0.29729729729729737,0.29765521874980766,0.04098360655737706
graph_065_mu_0_3_node_620,34,0.14616755793226383,0.000991611387735934,0.432842287694974,2.31031031031031,0.028370665607922656,20.0,14.0,1.4285714285714282,0.41176470588235303,0.12844036697247713,0.01571268237934905,0.2592592592592592,0.25971495875798967,0.18348623853211007
graph_065_mu_0_3_node_621,25,0.19666666666666666,0.0005271640528303803,0.42402376910016976,2.3583583583583585,0.025648233412968586,17.0,8.0,2.125,0.32,0.04733727810650889,0.00962695547533093,0.19047619047619055,0.19073659018975075,0.10059171597633139
graph_065_mu_0_3_node_622,23,0.22924901185770752,0.0004012658797771971,0.4185169669040637,2.3893893893893896,0.023188868218451862,14.0,9.0,1.555555555555556,0.3913043478260869,0.0825688073394495,0.010101010101010102,0.24324324324324328,0.24353612618769307,0.12844036697247713
graph_065_mu_0_3_node_623,93,0.12342215988779803,0.007309547531822108,0.49163385826771655,2.034034034034034,0.05435048473822028,62.0,31.0,2.0,0.33333333333333326,0.42465753424657543,0.03344120819848973,0.20000000000000004,0.20101125428152014,0.8493150684931509
graph_065_mu_0_3_node_624,37,0.15126050420168066,0.0009991074788307825,0.43190661478599224,2.315315315315315,0.02804040061797981,22.0,15.0,1.4666666666666663,0.4054054054054053,0.1376146788990826,0.01683501683501684,0.2542372881355933,0.2547255852806827,0.19266055045871555
graph_065_mu_0_3_node_625,23,0.04743083003952569,0.0006642918225353897,0.4145228215767635,2.4124124124124124,0.015622790883894967,6.0,17.0,0.3529411764705881,0.7391304347826088,0.309090909090909,0.017989417989417993,0.5862068965517241,0.5867596881492918,0.10909090909090913
graph_065_mu_0_3_node_626,25,0.15,0.0008843668150882648,0.42619453924914674,2.3463463463463463,0.019668493210559745,12.0,13.0,0.9230769230769232,0.5199999999999998,0.40625,0.013429752066115706,0.3513513513513515,0.35177429438417823,0.375
graph_065_mu_0_3_node_627,69,0.12617220801364024,0.0037055020244608546,0.46901408450704224,2.1321321321321323,0.05115940546016183,43.0,26.0,1.6538461538461535,0.3768115942028985,0.23853211009174305,0.029180695847362506,0.2321428571428572,0.23299009384775807,0.39449541284403666
graph_065_mu_0_3_node_628,21,0.07142857142857142,0.0005405903290334157,0.4059325477448192,2.4634634634634636,0.01366735840451551,6.0,15.0,0.4000000000000001,0.7142857142857141,1.0,0.015228426395939085,0.5555555555555556,0.5560433445705468,0.4000000000000001
graph_065_mu_0_3_node_629,22,0.16883116883116883,0.00040295888728596,0.4278372591006424,2.3373373373373374,0.0271191810929243,15.0,7.0,2.142857142857143,0.31818181818181823,0.02868852459016392,0.009259259259259259,0.1891891891891892,0.18941701669122335,0.06147540983606558
graph_065_mu_0_3_node_630,17,0.08088235294117647,0.00033119097735972796,0.37443778110944526,2.670670670670671,0.008118813708099302,7.0,10.0,0.6999999999999998,0.5882352941176471,0.5263157894736842,0.01019367991845056,0.41666666666666674,0.4169919333853762,0.36842105263157887
graph_065_mu_0_3_node_631,49,0.11933395004625347,0.0021203631976903425,0.4366258741258741,2.29029029029029,0.03345314491455725,30.0,19.0,1.5789473684210524,0.38775510204081615,0.17431192660550462,0.021324354657687998,0.240506329113924,0.24112508053868054,0.26605504587155965
graph_065_mu_0_3_node_632,31,0.12258064516129032,0.0007607262708826843,0.4410596026490066,2.2672672672672673,0.028269556040698786,20.0,11.0,1.8181818181818175,0.3548387096774193,0.06508875739644969,0.013237063778580025,0.21568627450980402,0.21604435908286937,0.11242603550295854
graph_065_mu_0_3_node_633,42,0.11153846153846154,0.0021152568827702183,0.44717994628469115,2.2362362362362362,0.024573777202109508,21.0,21.0,1.0,0.5,0.65625,0.021694214876033065,0.33333333333333326,0.3340167713520141,0.625
graph_065_mu_0_3_node_634,28,0.15343915343915343,0.0007366626948297461,0.41128036228900783,2.4314314314314314,0.019415144561184955,14.0,14.0,1.0,0.5,0.19178082191780818,0.015102481121898602,0.33333333333333326,0.3337888549055335,0.19178082191780818
graph_065_mu_0_3_node_635,23,0.10952380952380952,0.0006686746088237164,0.40976210008203445,2.4404404404404403,0.01448963931660725,11.0,12.0,0.9166666666666664,0.5217391304347825,0.6315789473684211,0.012232415902140673,0.3529411764705881,0.3533315727227843,0.5263157894736842
graph_065_mu_0_3_node_636,23,0.25296442687747034,0.0005391294523051714,0.40775510204081633,2.4524524524524525,0.01480007171074876,12.0,11.0,1.0909090909090904,0.4782608695652175,0.7857142857142859,0.011156186612576061,0.3142857142857142,0.3146436124474192,0.8571428571428571
graph_065_mu_0_3_node_637,27,0.13105413105413105,0.0008613463567023377,0.4320934256055363,2.314314314314314,0.01933393441186636,14.0,13.0,1.0769230769230769,0.4814814814814816,0.1733333333333333,0.014054054054054051,0.3170731707317073,0.3174961688119468,0.18666666666666662
graph_065_mu_0_3_node_638,25,0.2,0.0008075372647694927,0.41764214046822745,2.3943943943943946,0.017120973500890247,11.0,14.0,0.7857142857142859,0.5600000000000003,1.0769230769230769,0.014184397163120564,0.388888888888889,0.38934432154991694,0.8461538461538461
graph_065_mu_0_3_node_639,28,0.1693121693121693,0.0006298755849359933,0.4447907390917186,2.2482482482482484,0.03676354520869529,19.0,9.0,2.111111111111111,0.32142857142857145,0.03688524590163934,0.01190476190476191,0.19148936170212763,0.1917823399891812,0.07786885245901641
graph_065_mu_0_3_node_640,25,0.12666666666666668,0.0009135541706243162,0.4185169669040637,2.3893893893893896,0.01646201167493331,12.0,13.0,0.9230769230769232,0.5199999999999998,0.4814814814814816,0.01336073997944501,0.3513513513513515,0.35177429438417823,0.4444444444444446
graph_065_mu_0_3_node_641,21,0.1619047619047619,0.0006253547205467508,0.42223161453930685,2.3683683683683685,0.01816027281937814,11.0,10.0,1.0999999999999999,0.4761904761904762,0.37037037037037035,0.01027749229188078,0.3125,0.3128253513794899,0.4074074074074074
graph_065_mu_0_3_node_642,25,0.18972332015810275,0.0007009272892440668,0.4064279902359642,2.4604604604604603,0.012397992035696965,14.0,11.0,1.272727272727273,0.4400000000000001,0.6875,0.011178861788617886,0.282051282051282,0.2824092267976295,0.8125
graph_065_mu_0_3_node_643,30,0.15632183908045977,0.0007347983684793663,0.4443950177935943,2.25025025025025,0.02871312674344815,19.0,11.0,1.7272727272727268,0.3666666666666666,0.1009174311926606,0.012345679012345677,0.22448979591836735,0.2248478571793941,0.17431192660550462
graph_065_mu_0_3_node_644,18,0.12418300653594772,0.00040933786452039756,0.42857142857142855,2.3333333333333335,0.01776561565704084,6.0,12.0,0.5,0.6666666666666665,0.2999999999999999,0.012500000000000002,0.5,0.5003902692858072,0.14999999999999994
graph_065_mu_0_3_node_645,28,0.08615384615384615,0.0009489197258944863,0.43246753246753245,2.3123123123123124,0.019001520635335566,15.0,13.0,1.1538461538461535,0.4642857142857144,0.1733333333333333,0.014054054054054051,0.3023255813953489,0.3027486070046684,0.18666666666666662
graph_065_mu_0_3_node_646,34,0.09879032258064516,0.0014626246068492675,0.4188679245283019,2.3873873873873874,0.016471057651419645,18.0,16.0,1.125,0.4705882352941177,0.6153846153846152,0.016427104722792605,0.3076923076923076,0.30821300542727254,0.6538461538461539
graph_065_mu_0_3_node_647,23,0.1383399209486166,0.0005621710517950363,0.3911511354737666,2.5565565565565564,0.010872765942663419,14.0,9.0,1.555555555555556,0.3913043478260869,0.21951219512195133,0.009384775808133473,0.24324324324324328,0.24353612618769307,0.34146341463414637
graph_065_mu_0_3_node_648,20,0.1368421052631579,0.0005247485157298298,0.4033104561970125,2.4794794794794797,0.013588602828451573,9.0,11.0,0.8181818181818182,0.5499999999999999,0.4230769230769231,0.011293634496919919,0.3793103448275863,0.3796681731350583,0.34615384615384615
graph_065_mu_0_3_node_649,24,0.04710144927536232,0.0007319915655686516,0.392688679245283,2.5465465465465464,0.011910375270638538,8.0,16.0,0.5,0.6666666666666665,0.8421052631578946,0.0163098878695209,0.5,0.5005203590477427,0.4210526315789473
graph_065_mu_0_3_node_650,83,0.06935057302380253,0.006680252438017114,0.5042907622412923,1.982982982982983,0.07158750523648472,54.0,29.0,1.8620689655172415,0.34939759036144574,0.11885245901639346,0.038359788359788365,0.2116788321167884,0.2126244123443798,0.22131147540983603
graph_065_mu_0_3_node_651,42,0.07781649245063879,0.0016677191160836202,0.4574175824175824,2.186186186186186,0.03854776909661723,25.0,17.0,1.4705882352941173,0.4047619047619049,0.06967213114754099,0.022486772486772492,0.25373134328358216,0.2542848187841518,0.10245901639344267
graph_065_mu_0_3_node_652,32,0.10685483870967742,0.0015239915157986804,0.4164235097957482,2.4014014014014013,0.014782507088634057,16.0,16.0,1.0,0.5,0.6153846153846152,0.016427104722792605,0.33333333333333326,0.3338539632955877,0.6153846153846152
graph_065_mu_0_3_node_653,25,0.17,0.0009360392257981037,0.4099302421009438,2.4394394394394396,0.014921607525395841,11.0,14.0,0.7857142857142859,0.5600000000000003,0.875,0.01422764227642276,0.388888888888889,0.38934432154991694,0.6875
graph_065_mu_0_3_node_654,22,0.1341991341991342,0.0005756326790190154,0.42366412213740456,2.3603603603603602,0.02516481681470773,13.0,9.0,1.444444444444444,0.4090909090909091,0.03688524590163934,0.01190476190476191,0.2571428571428571,0.25743572102623213,0.04918032786885247
graph_065_mu_0_3_node_655,22,0.2554112554112554,0.0005803840568392827,0.4023358840112767,2.4854854854854853,0.013956429860923972,12.0,10.0,1.1999999999999995,0.45454545454545436,0.625,0.010162601626016262,0.29411764705882354,0.29444301961039526,0.75
graph_065_mu_0_3_node_656,26,0.1476923076923077,0.0006236685814471147,0.4483842010771993,2.23023023023023,0.034131355603805924,16.0,10.0,1.6000000000000003,0.38461538461538475,0.04098360655737706,0.013227513227513227,0.2380952380952381,0.23842069536269894,0.06557377049180325
graph_065_mu_0_3_node_657,23,0.11462450592885376,0.0006734191713222206,0.4064279902359642,2.4604604604604603,0.012495413760514258,14.0,9.0,1.555555555555556,0.3913043478260869,0.12000000000000005,0.00972972972972973,0.24324324324324328,0.24353612618769307,0.1733333333333333
graph_065_mu_0_3_node_658,27,0.15954415954415954,0.0008779637752774649,0.4375821287779238,2.285285285285285,0.03217348341095176,19.0,8.0,2.375,0.2962962962962963,0.03278688524590163,0.010582010582010583,0.1739130434782608,0.17417347710024153,0.07377049180327867
graph_065_mu_0_3_node_659,37,0.14264264264264265,0.0012193206676782257,0.46228597871355853,2.1631631631631634,0.04490390799850325,25.0,12.0,2.083333333333333,0.3243243243243245,0.04918032786885247,0.015873015873015872,0.19354838709677416,0.19393913929475531,0.10245901639344267
graph_065_mu_0_3_node_660,28,0.20105820105820105,0.0007676020664494841,0.4406704896338774,2.269269269269269,0.029462721923822214,17.0,11.0,1.5454545454545454,0.39285714285714296,0.06508875739644969,0.013237063778580025,0.24444444444444444,0.24480245909049805,0.10059171597633139
graph_065_mu_0_3_node_661,23,0.1422924901185771,0.0005396781559429762,0.43434782608695655,2.3023023023023024,0.028897577212144563,15.0,8.0,1.875,0.3478260869565216,0.03278688524590163,0.010582010582010583,0.21052631578947364,0.2107866816034423,0.06147540983606558
graph_065_mu_0_3_node_662,20,0.1368421052631579,0.0004920662025244171,0.43060344827586206,2.3223223223223224,0.02460698300252076,10.0,10.0,1.0,0.5,0.04098360655737706,0.013227513227513227,0.33333333333333326,0.3336586635434965,0.04098360655737706
graph_065_mu_0_3_node_663,25,0.11333333333333333,0.0007410639798690991,0.43529411764705883,2.2972972972972974,0.028394970696587928,14.0,11.0,1.272727272727273,0.4400000000000001,0.04508196721311475,0.014550264550264544,0.282051282051282,0.2824092267976295,0.05737704918032784
graph_065_mu_0_3_node_664,31,0.0960591133004926,0.0008931454694523053,0.3986432561851556,2.5085085085085086,0.01414079015111751,19.0,12.0,1.583333333333333,0.3870967741935483,0.16,0.012972972972972978,0.2400000000000001,0.2403905995703405,0.2400000000000001
graph_065_mu_0_3_node_665,24,0.18478260869565216,0.00047311939888726993,0.4473802060008957,2.235235235235235,0.032394537464325815,15.0,9.0,1.666666666666667,0.375,0.03688524590163934,0.01190476190476191,0.2307692307692308,0.23106213277723683,0.06147540983606558
graph_065_mu_0_3_node_666,141,0.06339276404962986,0.016521222660137575,0.5305363781200212,1.884884884884885,0.11904231562075374,93.0,48.0,1.9375,0.3404255319148935,0.1967213114754099,0.06349206349206349,0.2051282051282052,0.20669632012330477,0.3770491803278687
graph_065_mu_0_3_node_667,29,0.14532019704433496,0.0012339460584278408,0.4397007042253521,2.274274274274274,0.02096840888162986,15.0,14.0,1.0714285714285714,0.482758620689655,0.5185185185185184,0.014388489208633089,0.31818181818181823,0.3186373693987906,0.5555555555555556
graph_065_mu_0_3_node_668,27,0.14814814814814814,0.0008128581022931403,0.42564976565828716,2.349349349349349,0.024063914864869307,15.0,12.0,1.25,0.4444444444444446,0.11009174311926606,0.013468013468013464,0.2857142857142856,0.2861047835990887,0.1376146788990826
graph_065_mu_0_3_node_669,17,0.051470588235294115,0.00042376707426378243,0.4150394682176984,2.4094094094094096,0.013141187202662457,5.0,12.0,0.41666666666666674,0.7058823529411762,0.6315789473684211,0.012232415902140673,0.5454545454545452,0.5458447893569842,0.2631578947368421
graph_065_mu_0_3_node_670,63,0.14644137224782386,0.0030516370786211238,0.46164510166358597,2.166166166166166,0.045484230053468994,43.0,20.0,2.149999999999999,0.31746031746031733,0.18348623853211007,0.022446689113355785,0.18867924528301888,0.18933109327206785,0.39449541284403666
graph_065_mu_0_3_node_671,29,0.1330049261083744,0.000947144055552813,0.46207215541165586,2.164164164164164,0.037042333484674624,14.0,15.0,0.9333333333333335,0.5172413793103449,0.06147540983606558,0.019841269841269833,0.34883720930232553,0.3493252522501049,0.05737704918032784
graph_065_mu_0_3_node_672,22,0.1645021645021645,0.0004597833873151922,0.4099302421009438,2.4394394394394396,0.015051578808039479,13.0,9.0,1.444444444444444,0.4090909090909091,0.12000000000000005,0.00972972972972973,0.2571428571428571,0.25743572102623213,0.1733333333333333
graph_065_mu_0_3_node_673,39,0.09716599190283401,0.001698290736964872,0.41957160856782866,2.3833833833833835,0.0202130146779937,22.0,17.0,1.2941176470588236,0.43589743589743607,0.4249999999999999,0.01770833333333333,0.27868852459016397,0.2792418919935687,0.5499999999999999
graph_065_mu_0_3_node_674,24,0.17753623188405798,0.0005573005023500254,0.4167709637046308,2.3993993993993996,0.022986805605796908,15.0,9.0,1.666666666666667,0.375,0.05325443786982251,0.010830324909747288,0.2307692307692308,0.23106213277723683,0.08875739644970415
graph_065_mu_0_3_node_675,30,0.1425287356321839,0.000955807114738613,0.4580467675378267,2.1831831831831834,0.03906329450849986,17.0,13.0,1.3076923076923077,0.43333333333333346,0.05327868852459016,0.017195767195767202,0.27659574468085113,0.2770188253590819,0.06967213114754099
graph_065_mu_0_3_node_676,24,0.15217391304347827,0.0005357242254796393,0.43265482893027285,2.3113113113113113,0.028576542748925255,17.0,7.0,2.4285714285714284,0.2916666666666667,0.02868852459016392,0.009259259259259259,0.17073170731707318,0.170959564483181,0.06967213114754099
graph_065_mu_0_3_node_677,21,0.1761904761904762,0.0006361472095674739,0.4381578947368421,2.2822822822822824,0.028070966544241016,11.0,10.0,1.0999999999999999,0.4761904761904762,0.04098360655737706,0.013227513227513227,0.3125,0.3128253513794899,0.04098360655737706
graph_065_mu_0_3_node_678,38,0.1337126600284495,0.001508737461570017,0.4532667876588022,2.206206206206206,0.04110126708093375,25.0,13.0,1.9230769230769231,0.34210526315789475,0.05327868852459016,0.017195767195767202,0.2063492063492064,0.20677250744653308,0.09836065573770494
graph_065_mu_0_3_node_679,63,0.08806963645673323,0.0045804234257354505,0.4631432545201669,2.159159159159159,0.03263185730386291,38.0,25.0,1.5199999999999998,0.3968253968253969,0.33333333333333326,0.027027027027027032,0.24752475247524763,0.24833916430702266,0.5066666666666667
graph_065_mu_0_3_node_680,28,0.164021164021164,0.0007377004919130034,0.4410596026490066,2.2672672672672673,0.034735474954713866,18.0,10.0,1.8000000000000005,0.35714285714285704,0.04098360655737706,0.013227513227513227,0.2173913043478261,0.21771680398977644,0.07377049180327867
graph_065_mu_0_3_node_681,23,0.21739130434782608,0.0006721523950146438,0.41625,2.4024024024024024,0.016877703951594655,11.0,12.0,0.9166666666666664,0.5217391304347825,0.75,0.012195121951219514,0.3529411764705881,0.3533315727227843,0.6875
graph_065_mu_0_3_node_682,26,0.12923076923076923,0.0007521600956326476,0.4443950177935943,2.25025025025025,0.031762596889499485,16.0,10.0,1.6000000000000003,0.38461538461538475,0.04098360655737706,0.013227513227513227,0.2380952380952381,0.23842069536269894,0.06557377049180325
graph_065_mu_0_3_node_683,24,0.13852813852813853,0.0006232800818334279,0.40445344129554656,2.4724724724724725,0.012892683236344132,13.0,11.0,1.1818181818181819,0.4583333333333332,0.34375,0.011363636363636364,0.29729729729729737,0.29765521874980766,0.375
graph_065_mu_0_3_node_684,24,0.15217391304347827,0.0005814877068091761,0.4307891332470893,2.3213213213213213,0.028327900603214547,16.0,8.0,2.0,0.33333333333333326,0.03278688524590163,0.010582010582010583,0.20000000000000004,0.20026038276266117,0.06557377049180325
graph_065_mu_0_3_node_685,62,0.13167636171337915,0.003165402140877242,0.48401162790697677,2.066066066066066,0.06572032885935478,46.0,16.0,2.875,0.25806451612903214,0.06557377049180325,0.021164021164021166,0.14814814814814814,0.14866979655712048,0.18852459016393436
graph_065_mu_0_3_node_686,16,0.1,0.0003193006109595861,0.38290532771176694,2.6116116116116115,0.009064396996161012,7.0,9.0,0.777777777777778,0.5625,0.28125,0.009297520661157023,0.3913043478260869,0.3915970973950946,0.21875
graph_065_mu_0_3_node_687,25,0.18333333333333332,0.0004977920278909112,0.413151364764268,2.4204204204204203,0.020664971379505855,15.0,10.0,1.5,0.4000000000000001,0.09174311926605504,0.011223344556677893,0.25,0.2503254360843531,0.1376146788990826
graph_065_mu_0_3_node_688,17,0.11764705882352941,0.00033365297632689263,0.38977760436987907,2.5655655655655654,0.01103200706739389,7.0,10.0,0.6999999999999998,0.5882352941176471,0.24390243902439032,0.010427528675703854,0.41666666666666674,0.4169919333853762,0.17073170731707318
graph_065_mu_0_3_node_689,28,0.07142857142857142,0.000979132088452261,0.40478119935170176,2.4704704704704703,0.013168701916043857,15.0,13.0,1.1538461538461535,0.4642857142857144,0.1733333333333333,0.014054054054054051,0.3023255813953489,0.3027486070046684,0.20000000000000004
graph_065_mu_0_3_node_690,31,0.12473118279569892,0.0007256952682661098,0.44717994628469115,2.2362362362362362,0.032625312959917115,19.0,12.0,1.583333333333333,0.3870967741935483,0.04918032786885247,0.015873015873015872,0.2400000000000001,0.2403905995703405,0.07786885245901641
graph_065_mu_0_3_node_691,25,0.11,0.000785166723787994,0.4428191489361702,2.2582582582582584,0.029328028676729852,13.0,12.0,1.0833333333333335,0.4800000000000002,0.04918032786885247,0.015873015873015872,0.31578947368421056,0.3161799207460963,0.05327868852459016
graph_065_mu_0_3_node_692,23,0.07509881422924901,0.000731597265167323,0.41332230037236245,2.4194194194194196,0.015732916191511792,9.0,14.0,0.6428571428571429,0.608695652173913,0.4375,0.014462809917355378,0.4375,0.43795537340619295,0.28125
graph_065_mu_0_3_node_693,34,0.1443850267379679,0.0007566416415953606,0.4479820627802691,2.2322322322322323,0.03939878958665029,25.0,9.0,2.7777777777777777,0.2647058823529412,0.03688524590163934,0.01190476190476191,0.15254237288135597,0.1528354656615038,0.10245901639344267
graph_065_mu_0_3_node_694,49,0.061224489795918366,0.002486774052620189,0.46079335793357934,2.17017017017017,0.040676129302123075,27.0,22.0,1.227272727272727,0.4489795918367347,0.0901639344262295,0.02910052910052909,0.28947368421052644,0.2901899233041584,0.10655737704918032
graph_065_mu_0_3_node_695,21,0.12857142857142856,0.0005192895688168615,0.4015273311897106,2.4904904904904903,0.013300034971610922,9.0,12.0,0.75,0.5714285714285712,0.375,0.012396694214876035,0.4000000000000001,0.4003903454557285,0.28125
graph_065_mu_0_3_node_696,26,0.20615384615384616,0.0006175132935903912,0.45574817518248173,2.194194194194194,0.04040861516606548,17.0,9.0,1.8888888888888888,0.34615384615384615,0.03688524590163934,0.01190476190476191,0.2093023255813953,0.2095952657239595,0.06967213114754099
graph_065_mu_0_3_node_697,22,0.13852813852813853,0.000564800685214216,0.39315230224321135,2.5435435435435436,0.012533789245391721,9.0,13.0,0.6923076923076923,0.5909090909090909,0.8666666666666669,0.013197969543147205,0.4193548387096773,0.419777699198244,0.5999999999999998
graph_065_mu_0_3_node_698,22,0.08225108225108226,0.0006210220237477319,0.41816659690246966,2.3913913913913913,0.01647144759383134,9.0,13.0,0.6923076923076923,0.5909090909090909,0.1733333333333333,0.014054054054054051,0.4193548387096773,0.419777699198244,0.10666666666666667
graph_065_mu_0_3_node_699,17,0.13333333333333333,0.0002922283143699568,0.37276119402985075,2.6826826826826826,0.006921577981500238,9.0,8.0,1.125,0.4705882352941177,0.5333333333333332,0.008121827411167511,0.3076923076923076,0.3079525718604383,0.5333333333333332
graph_065_mu_0_3_node_700,16,0.1,0.0002621342885928878,0.4114497528830313,2.4304304304304303,0.01821112050915264,9.0,7.0,1.2857142857142858,0.4375,0.02868852459016392,0.009259259259259259,0.28000000000000014,0.28022773855613764,0.03278688524590163
graph_065_mu_0_3_node_701,28,0.1984126984126984,0.0005501273493815519,0.42875536480686693,2.3323323323323324,0.028925817511577964,20.0,8.0,2.5,0.2857142857142856,0.04733727810650889,0.00962695547533093,0.16666666666666663,0.16692711724616918,0.11834319526627213
graph_065_mu_0_3_node_702,24,0.09782608695652174,0.0008765492221611015,0.4128099173553719,2.4224224224224224,0.013755677312183462,11.0,13.0,0.8461538461538461,0.5416666666666667,0.5,0.013347022587268996,0.37142857142857155,0.37185148694306436,0.4230769230769231
graph_065_mu_0_3_node_703,18,0.24183006535947713,0.0003676646523896748,0.3909980430528376,2.5575575575575575,0.010681538922648646,9.0,9.0,1.0,0.5,0.6923076923076923,0.009118541033434652,0.33333333333333326,0.333626120997213,0.6923076923076923
graph_065_mu_0_3_node_704,20,0.09473684210526316,0.0005164563000357857,0.3867595818815331,2.5855855855855854,0.009083547392184392,10.0,10.0,1.0,0.5,0.24390243902439032,0.010427528675703854,0.33333333333333326,0.3336586635434965,0.24390243902439032
graph_065_mu_0_3_node_705,55,0.07946127946127945,0.00299173758871159,0.47821924365725227,2.091091091091091,0.04941133496942273,33.0,22.0,1.5,0.4000000000000001,0.0901639344262295,0.02910052910052909,0.25,0.2507165190203232,0.1352459016393443
graph_065_mu_0_3_node_706,24,0.14130434782608695,0.0006318083281482873,0.43434782608695655,2.3023023023023024,0.02579903117369197,12.0,12.0,1.0,0.5,0.07100591715976333,0.014440433212996394,0.33333333333333326,0.3337237549887212,0.07100591715976333
graph_065_mu_0_3_node_707,23,0.1541501976284585,0.0006811563405724707,0.45,2.2222222222222223,0.03243012153951532,12.0,11.0,1.0909090909090904,0.4782608695652175,0.04508196721311475,0.014550264550264544,0.3142857142857142,0.3146436124474192,0.04918032786885247
graph_065_mu_0_3_node_708,21,0.13333333333333333,0.0006912056635015916,0.4023358840112767,2.4854854854854853,0.010889785797894586,11.0,10.0,1.0999999999999999,0.4761904761904762,0.3125,0.010330578512396691,0.3125,0.3128253513794899,0.34375
graph_065_mu_0_3_node_709,26,0.20652173913043478,0.0008663000862545662,0.4095940959409594,2.4414414414414414,0.013614194959481529,13.0,13.0,1.0,0.5,1.0,0.013171225937183386,0.33333333333333326,0.3337563038880755,0.9230769230769232
graph_065_mu_0_3_node_710,25,0.18,0.0005501787649254473,0.4375821287779238,2.285285285285285,0.028534804376507336,16.0,9.0,1.7777777777777783,0.36,0.05325443786982251,0.010830324909747288,0.21951219512195133,0.2198051161959951,0.09467455621301778
graph_065_mu_0_3_node_711,32,0.19153225806451613,0.0008927993133742042,0.4402820625826355,2.2712712712712713,0.029627194129596825,21.0,11.0,1.9090909090909096,0.34375,0.1009174311926606,0.012345679012345677,0.20754716981132082,0.20790527769946096,0.19266055045871555
graph_065_mu_0_3_node_712,55,0.10572390572390572,0.003098043012765895,0.43023255813953487,2.324324324324324,0.02339083441238692,37.0,18.0,2.0555555555555567,0.32727272727272727,0.2400000000000001,0.01945945945945946,0.19565217391304346,0.1962386459578761,0.4933333333333332
graph_065_mu_0_3_node_713,21,0.11904761904761904,0.0004854621304444458,0.41555740432612315,2.4064064064064064,0.015250558260893669,11.0,10.0,1.0999999999999999,0.4761904761904762,0.1333333333333333,0.01081081081081081,0.3125,0.3128253513794899,0.1466666666666667
graph_065_mu_0_3_node_714,27,0.09401709401709402,0.0006641497585522037,0.42728828058169377,2.34034034034034,0.02394135515368401,15.0,12.0,1.25,0.4444444444444446,0.04918032786885247,0.015873015873015872,0.2857142857142856,0.2861047835990887,0.06147540983606558
graph_065_mu_0_3_node_715,27,0.08547008547008547,0.0007078495439467635,0.4169449081803005,2.3983983983983985,0.021473167409526542,16.0,11.0,1.4545454545454546,0.4074074074074074,0.06508875739644969,0.013237063778580025,0.2558139534883721,0.25617194483149053,0.09467455621301778
graph_065_mu_0_3_node_716,34,0.16399286987522282,0.0010858790877930266,0.42619453924914674,2.3463463463463463,0.02498053413466076,23.0,11.0,2.09090909090909,0.3235294117647059,0.1009174311926606,0.012345679012345677,0.1929824561403509,0.19334061066774977,0.2110091743119266
graph_065_mu_0_3_node_717,52,0.08672699849170437,0.0023928390933569505,0.45554035567715456,2.195195195195195,0.03991422861383432,32.0,20.0,1.6000000000000003,0.38461538461538475,0.11834319526627213,0.024067388688327314,0.2380952380952381,0.2387466190228045,0.18934911242603555
graph_065_mu_0_3_node_718,24,0.10869565217391304,0.0006962385156236109,0.4373905429071804,2.2862862862862863,0.027221564652376674,11.0,13.0,0.8461538461538461,0.5416666666666667,0.05327868852459016,0.017195767195767202,0.37142857142857155,0.37185148694306436,0.04508196721311475
graph_065_mu_0_3_node_719,16,0.15,0.00025924547913911447,0.37387724550898205,2.674674674674675,0.007365157437882713,10.0,6.0,1.666666666666667,0.375,0.08,0.006486486486486489,0.2307692307692308,0.23096445430017368,0.1333333333333333
graph_065_mu_0_3_node_720,18,0.13725490196078433,0.0003572101604676951,0.42241014799154336,2.3673673673673674,0.0189410023898967,6.0,12.0,0.5,0.6666666666666665,0.21818181818181825,0.012698412698412704,0.5,0.5003902692858072,0.10909090909090913
graph_065_mu_0_3_node_721,95,0.07569988801791713,0.008292872716182734,0.5068493150684932,1.972972972972973,0.08415885786699744,64.0,31.0,2.064516129032257,0.3263157894736843,0.12704918032786883,0.041005291005290996,0.19496855345911954,0.19597993971079164,0.262295081967213
graph_065_mu_0_3_node_722,42,0.09407665505226481,0.001763242886655357,0.46357308584686774,2.1571571571571573,0.04213049350718201,25.0,17.0,1.4705882352941173,0.4047619047619049,0.06967213114754099,0.022486772486772492,0.25373134328358216,0.2542848187841518,0.10245901639344267
graph_065_mu_0_3_node_723,22,0.19913419913419914,0.0004419304309429026,0.44223107569721115,2.2612612612612613,0.028974644892828548,14.0,8.0,1.75,0.36363636363636365,0.03278688524590163,0.010582010582010583,0.2222222222222223,0.22248257108970465,0.05737704918032784
graph_065_mu_0_3_node_724,23,0.15019762845849802,0.0005317623566237845,0.4473802060008957,2.235235235235235,0.03129427803018382,12.0,11.0,1.0909090909090904,0.4782608695652175,0.04508196721311475,0.014550264550264544,0.3142857142857142,0.3146436124474192,0.04918032786885247
graph_065_mu_0_3_node_725,69,0.09761295822676896,0.004186418177775939,0.4873170731707317,2.052052052052052,0.058035597968604496,45.0,24.0,1.875,0.3478260869565216,0.14201183431952666,0.028880866425992788,0.21052631578947364,0.21130853337633237,0.2662721893491123
graph_065_mu_0_3_node_726,25,0.15333333333333332,0.0006148167729704551,0.428204029147021,2.335335335335335,0.0234909981618947,13.0,12.0,1.0833333333333335,0.4800000000000002,0.07100591715976333,0.014440433212996394,0.31578947368421056,0.3161799207460963,0.0769230769230769
graph_065_mu_0_3_node_727,28,0.18253968253968253,0.0006629610255520317,0.43719912472647704,2.2872872872872874,0.027891341116112016,17.0,11.0,1.5454545454545454,0.39285714285714296,0.1009174311926606,0.012345679012345677,0.24444444444444444,0.24480245909049805,0.15596330275229356
graph_065_mu_0_3_node_728,21,0.21428571428571427,0.0005083468949576402,0.4283876500857633,2.334334334334334,0.023317599350975715,14.0,7.0,2.0,0.33333333333333326,0.04142011834319526,0.00842358604091456,0.20000000000000004,0.2002278126728935,0.08284023668639053
graph_065_mu_0_3_node_729,22,0.1736842105263158,0.00045731008229245193,0.38660990712074306,2.5865865865865865,0.010857078901387335,11.0,11.0,1.0,0.5,0.7857142857142859,0.011156186612576061,0.33333333333333326,0.3336912082072637,0.7142857142857141
graph_065_mu_0_3_node_730,32,0.1310483870967742,0.0013192143817781045,0.4605809128630705,2.171171171171171,0.039766294497322406,20.0,12.0,1.666666666666667,0.375,0.04918032786885247,0.015873015873015872,0.2307692307692308,0.23115985576923087,0.07786885245901641
graph_065_mu_0_3_node_731,16,0.21666666666666667,0.00028311589071910385,0.3740172220142269,2.6736736736736737,0.007368420583964845,9.0,7.0,1.2857142857142858,0.4375,0.21875,0.007231404958677689,0.28000000000000014,0.28022773855613764,0.28125
graph_065_mu_0_3_node_732,28,0.1402116402116402,0.0005818462294287371,0.4258312020460358,2.3483483483483485,0.027689248838067577,16.0,12.0,1.333333333333333,0.42857142857142855,0.07100591715976333,0.014440433212996394,0.2727272727272726,0.2731177960284964,0.09467455621301778
graph_065_mu_0_3_node_733,23,0.2490118577075099,0.00044188631823428783,0.4475806451612903,2.234234234234234,0.03657584969616402,17.0,6.0,2.8333333333333335,0.26086956521739124,0.024590163934426236,0.007936507936507936,0.14999999999999994,0.1501953125,0.06967213114754099
graph_065_mu_0_3_node_734,15,0.14285714285714285,0.00026760431397660243,0.39377217185652347,2.5395395395395397,0.010728481343313685,7.0,8.0,0.875,0.5333333333333332,0.19512195121951223,0.008342022940563089,0.36363636363636365,0.3638965939401826,0.17073170731707318
graph_065_mu_0_3_node_735,29,0.15270935960591134,0.0006988751098882904,0.4510158013544018,2.2172172172172173,0.03098620419264042,18.0,11.0,1.6363636363636365,0.3793103448275863,0.06508875739644969,0.013237063778580025,0.23404255319148948,0.23440059114351225,0.10650887573964501
graph_065_mu_0_3_node_736,33,0.08901515151515152,0.0009207496624452222,0.4385425812115891,2.28028028028028,0.029130125652023737,20.0,13.0,1.538461538461539,0.39393939393939387,0.0769230769230769,0.01564380264741275,0.24528301886792456,0.24570618217641058,0.11834319526627213
graph_065_mu_0_3_node_737,15,0.06666666666666667,0.0004026939110257569,0.4056029232643118,2.4654654654654653,0.0126531881922946,5.0,10.0,0.5,0.6666666666666665,0.18181818181818182,0.010582010582010583,0.5,0.5003252244048395,0.09090909090909091
graph_065_mu_0_3_node_738,38,0.1166429587482219,0.001504158896834609,0.44321206743566993,2.2562562562562563,0.032391131927382445,24.0,14.0,1.7142857142857142,0.36842105263157887,0.08284023668639053,0.01684717208182912,0.2258064516129031,0.22626226980656083,0.14201183431952666
graph_065_mu_0_3_node_739,42,0.1091753774680604,0.0016394829924531952,0.4725638599810785,2.116116116116116,0.04631410448578481,25.0,17.0,1.4705882352941173,0.4047619047619049,0.06967213114754099,0.022486772486772492,0.25373134328358216,0.2542848187841518,0.10245901639344267
graph_065_mu_0_3_node_740,24,0.17028985507246377,0.0004472125404306652,0.42258883248730966,2.3663663663663663,0.02584459843092254,16.0,8.0,2.0,0.33333333333333326,0.04733727810650889,0.00962695547533093,0.20000000000000004,0.20026038276266117,0.09467455621301778
graph_065_mu_0_3_node_741,22,0.07792207792207792,0.0004840188427749857,0.4211635750421585,2.374374374374374,0.020692757489497334,12.0,10.0,1.1999999999999995,0.45454545454545436,0.04098360655737706,0.013227513227513227,0.29411764705882354,0.29444301961039526,0.04918032786885247
graph_065_mu_0_3_node_742,39,0.09716599190283401,0.0017301062275352549,0.45658135283363804,2.19019019019019,0.03895025184068467,21.0,18.0,1.1666666666666667,0.4615384615384616,0.07377049180327867,0.02380952380952382,0.2999999999999999,0.3005858612159874,0.08606557377049184
graph_065_mu_0_3_node_743,49,0.0935374149659864,0.0029296584416284707,0.4414494034467521,2.265265265265265,0.02420025966863441,25.0,24.0,1.0416666666666665,0.48979591836734687,0.5853658536585364,0.02502606882168927,0.3243243243243245,0.32510552346500526,0.6097560975609755
graph_065_mu_0_3_node_744,13,0.14102564102564102,0.0001633626485815335,0.3784090909090909,2.6426426426426426,0.008629420699482004,5.0,8.0,0.625,0.6153846153846152,0.14545454545454548,0.008465608465608466,0.4444444444444446,0.4447046408927628,0.09090909090909091
graph_065_mu_0_3_node_745,34,0.10338680926916222,0.0009677964593130568,0.43681679055531264,2.289289289289289,0.03184206369495803,24.0,10.0,2.399999999999999,0.29411764705882354,0.04098360655737706,0.013227513227513227,0.17241379310344834,0.1727394199350992,0.09426229508196718
graph_065_mu_0_3_node_746,17,0.08088235294117647,0.000269378154985799,0.3958003169572108,2.5265265265265264,0.013303291777548739,9.0,8.0,1.125,0.4705882352941177,0.03278688524590163,0.010582010582010583,0.3076923076923076,0.3079525718604383,0.02868852459016392
graph_065_mu_0_3_node_747,32,0.19556451612903225,0.0009121828427150943,0.4534725374489333,2.205205205205205,0.04097008178887991,22.0,10.0,2.1999999999999997,0.3125,0.04098360655737706,0.013227513227513227,0.18518518518518517,0.1855107696092264,0.0901639344262295
graph_065_mu_0_3_node_748,25,0.043333333333333335,0.0008537762698763269,0.40314769975786924,2.4804804804804803,0.013246332902380463,6.0,19.0,0.31578947368421056,0.7599999999999999,0.25333333333333335,0.020540540540540546,0.6129032258064517,0.6135210115323501,0.08
graph_065_mu_0_3_node_749,15,0.08571428571428572,0.0002736462687907781,0.4049452776651804,2.4694694694694697,0.013363826258604898,4.0,11.0,0.36363636363636365,0.7333333333333332,0.20000000000000004,0.011640211640211645,0.5789473684210529,0.5793050803653798,0.07272727272727274
graph_065_mu_0_3_node_750,20,0.05789473684210526,0.0005291218301538716,0.39470564994073487,2.5335335335335336,0.010531686543771844,9.0,11.0,0.8181818181818182,0.5499999999999999,0.27499999999999997,0.01145833333333333,0.3793103448275863,0.3796681731350583,0.20000000000000004
graph_065_mu_0_3_node_751,30,0.10574712643678161,0.000896162217868005,0.4057676685621446,2.4644644644644647,0.01714931801894259,12.0,18.0,0.6666666666666665,0.5999999999999998,0.43902439024390266,0.018769551616266946,0.42857142857142855,0.42915694675502103,0.2926829268292682
graph_065_mu_0_3_node_752,21,0.2571428571428571,0.0002889127473572208,0.44301552106430153,2.2572572572572573,0.03557398084256883,15.0,6.0,2.5,0.2857142857142856,0.024590163934426236,0.007936507936507936,0.16666666666666663,0.1668619537386625,0.06147540983606558
graph_065_mu_0_3_node_753,35,0.0957983193277311,0.0015881123002777096,0.43529411764705883,2.2972972972972974,0.022477722932460857,14.0,21.0,0.6666666666666665,0.5999999999999998,0.8076923076923079,0.021560574948665305,0.42857142857142855,0.4292545553402389,0.5384615384615384
graph_065_mu_0_3_node_754,57,0.08521303258145363,0.002667815235519022,0.46857410881801126,2.134134134134134,0.051946290244784005,39.0,18.0,2.166666666666667,0.31578947368421056,0.07377049180327867,0.02380952380952382,0.1875,0.18808654848800843,0.15163934426229503
graph_065_mu_0_3_node_755,31,0.1053763440860215,0.0009745568431142336,0.4220532319391635,2.369369369369369,0.02300785012550309,18.0,13.0,1.3846153846153846,0.4193548387096773,0.11926605504587152,0.014590347923681253,0.2653061224489796,0.26572923066704307,0.165137614678899
graph_065_mu_0_3_node_756,35,0.13781512605042018,0.0013770442062512444,0.4267407090986758,2.3433433433433435,0.01945810935867208,22.0,13.0,1.6923076923076923,0.37142857142857155,0.1733333333333333,0.014054054054054051,0.22807017543859642,0.22849339385185308,0.2933333333333334
graph_065_mu_0_3_node_757,21,0.15714285714285714,0.0004723924443884557,0.43321769297484825,2.3083083083083085,0.02448333466858924,10.0,11.0,0.9090909090909087,0.5238095238095238,0.04508196721311475,0.014550264550264544,0.3548387096774193,0.3551965612666058,0.04098360655737706
graph_065_mu_0_3_node_758,21,0.05238095238095238,0.0005523463242924538,0.40758873929008566,2.4534534534534536,0.014310945967000476,8.0,13.0,0.6153846153846152,0.6190476190476188,0.1733333333333333,0.014054054054054051,0.44827586206896536,0.4486986950499379,0.10666666666666667
graph_065_mu_0_3_node_759,54,0.09503843466107617,0.002489215183064391,0.45783684692942256,2.184184184184184,0.04206671202252565,34.0,20.0,1.6999999999999995,0.37037037037037035,0.11834319526627213,0.024067388688327314,0.22727272727272718,0.22792419307077294,0.20118343195266278
graph_065_mu_0_3_node_760,21,0.10476190476190476,0.0005536364167727927,0.39470564994073487,2.5335335335335336,0.011091324891297353,8.0,13.0,0.6153846153846152,0.6190476190476188,0.1733333333333333,0.014054054054054051,0.44827586206896536,0.4486986950499379,0.10666666666666667
graph_065_mu_0_3_node_761,15,0.14285714285714285,0.00033047852661336906,0.3978494623655914,2.5135135135135136,0.011376680417285097,5.0,10.0,0.5,0.6666666666666665,0.18181818181818182,0.010582010582010583,0.5,0.5003252244048395,0.09090909090909091
graph_065_mu_0_3_node_762,31,0.0989247311827957,0.000946037243823834,0.4334056399132321,2.3073073073073074,0.027008009612139672,16.0,15.0,1.0666666666666664,0.4838709677419357,0.08875739644970415,0.018050541516245487,0.3191489361702127,0.3196370426425047,0.09467455621301778
graph_065_mu_0_3_node_763,13,0.1282051282051282,0.00019740585868688353,0.4020120724346076,2.4874874874874875,0.01126398273847891,6.0,7.0,0.8571428571428571,0.5384615384615384,0.12727272727272723,0.007407407407407406,0.36842105263157887,0.36864874674080716,0.10909090909090913
graph_065_mu_0_3_node_764,21,0.19047619047619047,0.0003982951800236496,0.4245643858903527,2.3553553553553552,0.023597918824738957,13.0,8.0,1.625,0.3809523809523811,0.04733727810650889,0.00962695547533093,0.23529411764705885,0.23555444957026095,0.0769230769230769
graph_065_mu_0_3_node_765,32,0.1431451612903226,0.0008809495174491131,0.4185169669040637,2.3893893893893896,0.024969499779894613,19.0,13.0,1.461538461538461,0.40625,0.11926605504587152,0.014590347923681253,0.2549019607843137,0.2553250965457954,0.17431192660550462
graph_065_mu_0_3_node_766,22,0.08658008658008658,0.0005488936934019866,0.4034733441033926,2.4784784784784786,0.012924214184671863,9.0,13.0,0.6923076923076923,0.5909090909090909,0.40625,0.013429752066115706,0.4193548387096773,0.419777699198244,0.28125
graph_065_mu_0_3_node_767,22,0.16017316017316016,0.0003363671372717948,0.4269230769230769,2.3423423423423424,0.027712796909631708,15.0,7.0,2.142857142857143,0.31818181818181823,0.02868852459016392,0.009259259259259259,0.1891891891891892,0.18941701669122335,0.06147540983606558
graph_065_mu_0_3_node_768,32,0.15725806451612903,0.0007832074975428185,0.42728828058169377,2.34034034034034,0.029292633956411948,23.0,9.0,2.5555555555555567,0.28125,0.05325443786982251,0.010830324909747288,0.16363636363636364,0.16392941824220525,0.13609467455621302
graph_065_mu_0_3_node_769,41,0.10975609756097561,0.0015824645590329436,0.44979738856371004,2.2232232232232234,0.03332736369982472,27.0,14.0,1.928571428571428,0.34146341463414637,0.08284023668639053,0.01684717208182912,0.20588235294117652,0.20633826019661472,0.15976331360946744
graph_065_mu_0_3_node_770,21,0.12857142857142856,0.0004893822571480185,0.4296774193548387,2.3273273273273274,0.024356022527373934,10.0,11.0,0.9090909090909087,0.5238095238095238,0.04508196721311475,0.014550264550264544,0.3548387096774193,0.3551965612666058,0.04098360655737706
graph_065_mu_0_3_node_771,21,0.09047619047619047,0.0005116458720598921,0.38393543428132204,2.6046046046046047,0.009347333634498533,12.0,9.0,1.333333333333333,0.42857142857142855,0.12000000000000005,0.00972972972972973,0.2727272727272726,0.27302011755205396,0.16
graph_065_mu_0_3_node_772,40,0.08392603129445235,0.0018984488327398786,0.43265482893027285,2.3113113113113113,0.02055459294688881,17.0,23.0,0.7391304347826088,0.575,0.8518518518518517,0.023638232271325794,0.40350877192982454,0.4042570557571335,0.5925925925925926
graph_065_mu_0_3_node_773,23,0.21739130434782608,0.0002958394183300485,0.4445927903871829,2.249249249249249,0.030584118262275566,15.0,8.0,1.875,0.3478260869565216,0.04733727810650889,0.00962695547533093,0.21052631578947364,0.2107866816034423,0.08875739644970415
graph_065_mu_0_3_node_774,41,0.12560975609756098,0.0016842060483287964,0.45574817518248173,2.194194194194194,0.03820915601866515,24.0,17.0,1.4117647058823524,0.41463414634146356,0.10059171597633139,0.020457280385078217,0.26153846153846155,0.26209190100195073,0.14201183431952666
graph_065_mu_0_3_node_775,69,0.0506558118498417,0.005585456343547074,0.46036866359447004,2.1721721721721723,0.031166479047066455,35.0,34.0,1.0294117647058822,0.492753623188406,0.618181818181818,0.035978835978835985,0.3269230769230769,0.3280301360530587,0.618181818181818
graph_065_mu_0_3_node_776,34,0.16934046345811052,0.001028880075928566,0.4457831325301205,2.2432432432432434,0.03471915801851865,22.0,12.0,1.8333333333333328,0.3529411764705881,0.07100591715976333,0.014440433212996394,0.21428571428571427,0.21467639015496817,0.13017751479289938
graph_065_mu_0_3_node_777,20,0.11052631578947368,0.000631254071421108,0.4414494034467521,2.265265265265265,0.026486933544995126,9.0,11.0,0.8181818181818182,0.5499999999999999,0.04508196721311475,0.014550264550264544,0.3793103448275863,0.3796681731350583,0.03278688524590163
graph_065_mu_0_3_node_778,16,0.09166666666666666,0.0002924589017463739,0.38275862068965516,2.6126126126126126,0.009366076576818018,7.0,9.0,0.777777777777778,0.5625,0.4736842105263158,0.009174311926605505,0.3913043478260869,0.3915970973950946,0.36842105263157887
graph_065_mu_0_3_node_779,25,0.17391304347826086,0.0008191458651364258,0.41799163179916315,2.3923923923923924,0.017431990130172298,12.0,13.0,0.9230769230769232,0.5199999999999998,1.0,0.013171225937183386,0.3513513513513515,0.35177429438417823,0.8461538461538461
graph_065_mu_0_3_node_780,27,0.17663817663817663,0.0005231714758766646,0.4475806451612903,2.234234234234234,0.038944635079684695,16.0,11.0,1.4545454545454546,0.4074074074074074,0.04508196721311475,0.014550264550264544,0.2558139534883721,0.25617194483149053,0.06557377049180325
graph_065_mu_0_3_node_781,28,0.1753846153846154,0.0008270454654141642,0.41799163179916315,2.3923923923923924,0.017422360589763333,16.0,12.0,1.333333333333333,0.42857142857142855,0.375,0.012396694214876035,0.2727272727272726,0.2731177960284964,0.46875
graph_065_mu_0_3_node_782,33,0.1571969696969697,0.0015018753612205133,0.4334056399132321,2.3073073073073074,0.019614118589960365,19.0,14.0,1.3571428571428577,0.42424242424242414,0.4375,0.014462809917355378,0.2692307692307692,0.2696864390654263,0.59375
graph_065_mu_0_3_node_783,35,0.10252100840336134,0.0008876340515957683,0.43453675511091777,2.3013013013013013,0.030600410669178072,22.0,13.0,1.6923076923076923,0.37142857142857155,0.0769230769230769,0.01564380264741275,0.22807017543859642,0.22849339385185308,0.13017751479289938
graph_065_mu_0_3_node_784,27,0.2022792022792023,0.0009384135095420735,0.44380275433140826,2.2532532532532534,0.024562198364969146,11.0,16.0,0.6875,0.5925925925925926,1.1428571428571423,0.016227180527383367,0.4210526315789473,0.421573092186585,0.7857142857142859
graph_065_mu_0_3_node_785,35,0.15126050420168066,0.0012662956566220332,0.44618133095131757,2.2412412412412412,0.03435979694796364,18.0,17.0,1.0588235294117647,0.4857142857142857,0.15596330275229356,0.019079685746352416,0.3207547169811321,0.3213079403206485,0.165137614678899
graph_065_mu_0_3_node_786,24,0.17028985507246377,0.0005948737905508176,0.44858554108666365,2.229229229229229,0.03175039375001279,14.0,10.0,1.3999999999999997,0.41666666666666674,0.04098360655737706,0.013227513227513227,0.2631578947368421,0.2634833096408448,0.05737704918032784
graph_065_mu_0_3_node_787,31,0.14838709677419354,0.0009037498991275061,0.4416445623342175,2.264264264264264,0.03118303111173991,20.0,11.0,1.8181818181818175,0.3548387096774193,0.06508875739644969,0.013237063778580025,0.21568627450980402,0.21604435908286937,0.11834319526627213
graph_065_mu_0_3_node_788,25,0.24,0.00034155061708812884,0.4193954659949622,2.3843843843843846,0.024940938629912552,17.0,8.0,2.125,0.32,0.07339449541284404,0.008978675645342315,0.19047619047619055,0.19073659018975075,0.15596330275229356
graph_065_mu_0_3_node_789,46,0.09758454106280193,0.002166972991465994,0.4528558476881233,2.2082082082082084,0.030787584116349707,25.0,21.0,1.1904761904761905,0.45652173913043465,0.28767123287671226,0.0226537216828479,0.2957746478873239,0.296458263890449,0.3424657534246575
graph_065_mu_0_3_node_790,27,0.15669515669515668,0.0005471719292155747,0.4267407090986758,2.3433433433433435,0.025165842364367433,15.0,12.0,1.25,0.4444444444444446,0.11009174311926606,0.013468013468013464,0.2857142857142856,0.2861047835990887,0.1376146788990826
graph_065_mu_0_3_node_791,21,0.12857142857142856,0.0005599958567174074,0.40925850061450225,2.4434434434434436,0.01357927514259954,10.0,11.0,0.9090909090909087,0.5238095238095238,0.4230769230769231,0.011293634496919919,0.3548387096774193,0.3551965612666058,0.38461538461538475
graph_065_mu_0_3_node_792,17,0.029411764705882353,0.0004501093553281054,0.39008199921905506,2.5635635635635636,0.008221598826723655,3.0,14.0,0.21428571428571427,0.8235294117647061,0.25454545454545446,0.014814814814814812,0.6999999999999998,0.7004551957341654,0.054545454545454564
graph_065_mu_0_3_node_793,21,0.20952380952380953,0.0006174401154431476,0.42802056555269924,2.3363363363363363,0.019738694375769576,9.0,12.0,0.75,0.5714285714285712,0.8571428571428571,0.012170385395537525,0.4000000000000001,0.4003903454557285,0.6428571428571429
graph_065_mu_0_3_node_794,168,0.0677216994582264,0.021967766986616587,0.539708265802269,1.852852852852853,0.14509093496651573,114.0,54.0,2.111111111111111,0.32142857142857145,0.22131147540983603,0.0714285714285714,0.19148936170212763,0.19325556828288257,0.46721311475409855
graph_065_mu_0_3_node_795,32,0.10114942528735632,0.0009803746582086248,0.4138359569179785,2.4164164164164164,0.01770316532172605,15.0,17.0,0.8823529411764709,0.53125,0.23287671232876717,0.018338727076591156,0.3617021276595746,0.362255243000391,0.19178082191780818
graph_065_mu_0_3_node_796,24,0.19927536231884058,0.00048616225887443263,0.4434087882822903,2.255255255255255,0.02440689335193111,14.0,10.0,1.3999999999999997,0.41666666666666674,0.13698630136986306,0.010787486515641858,0.2631578947368421,0.2634833096408448,0.19178082191780818
graph_065_mu_0_3_node_797,22,0.1038961038961039,0.000721542264782689,0.4347258485639687,2.3003003003003,0.019239319726421837,7.0,15.0,0.46666666666666673,0.6818181818181818,0.2727272727272726,0.015873015873015872,0.5172413793103449,0.5177292000524828,0.10909090909090913
graph_065_mu_0_3_node_798,25,0.12,0.0007135396421061518,0.4185169669040637,2.3893893893893896,0.016614733536721275,15.0,10.0,1.5,0.4000000000000001,0.1333333333333333,0.01081081081081081,0.25,0.2503254360843531,0.20000000000000004
graph_065_mu_0_3_node_799,26,0.09846153846153846,0.0007721529810636308,0.42564976565828716,2.349349349349349,0.02352381034393826,14.0,12.0,1.1666666666666667,0.4615384615384616,0.04918032786885247,0.015873015873015872,0.2999999999999999,0.3003904724716907,0.05737704918032784
graph_065_mu_0_3_node_800,35,0.0907563025210084,0.0012578584771615413,0.45491803278688525,2.1981981981981984,0.03506321748633107,19.0,16.0,1.1875,0.45714285714285724,0.06557377049180325,0.021164021164021166,0.2962962962962963,0.2968170279242336,0.07786885245901641
graph_065_mu_0_3_node_801,26,0.13846153846153847,0.0007390644888298333,0.43434782608695655,2.3023023023023024,0.02650903567080715,12.0,14.0,0.8571428571428571,0.5384615384615384,0.08284023668639053,0.01684717208182912,0.36842105263157887,0.36887651492580775,0.07100591715976333
graph_065_mu_0_3_node_802,24,0.2210144927536232,0.0004198353086503644,0.4213412062420919,2.3733733733733735,0.02442196815315543,13.0,11.0,1.1818181818181819,0.4583333333333332,0.1009174311926606,0.012345679012345677,0.29729729729729737,0.29765521874980766,0.11926605504587152
graph_065_mu_0_3_node_803,25,0.16333333333333333,0.0004939384054343205,0.42912371134020616,2.33033033033033,0.02664207363512876,14.0,11.0,1.272727272727273,0.4400000000000001,0.06508875739644969,0.013237063778580025,0.282051282051282,0.2824092267976295,0.08284023668639053
graph_065_mu_0_3_node_804,36,0.0873015873015873,0.0012257190060375191,0.4506089309878214,2.219219219219219,0.03591416181408718,23.0,13.0,1.76923076923077,0.361111111111111,0.05327868852459016,0.017195767195767202,0.22033898305084743,0.22076222902187134,0.08606557377049184
graph_065_mu_0_3_node_805,49,0.12414965986394558,0.0021328762936660525,0.4723404255319149,2.1171171171171173,0.04826111604349745,30.0,19.0,1.5789473684210524,0.38775510204081615,0.11242603550295854,0.022864019253910958,0.240506329113924,0.24112508053868054,0.1775147928994083
graph_065_mu_0_3_node_806,52,0.08823529411764706,0.002521856652920872,0.46486738017682644,2.151151151151151,0.04340999395711735,28.0,24.0,1.1666666666666667,0.4615384615384616,0.14201183431952666,0.028880866425992788,0.2999999999999999,0.3007813517385075,0.16568047337278105
graph_065_mu_0_3_node_807,27,0.1168091168091168,0.0008241802561882243,0.4307891332470893,2.3213213213213213,0.02391173288422742,14.0,13.0,1.0769230769230769,0.4814814814814816,0.0769230769230769,0.01564380264741275,0.3170731707317073,0.3174961688119468,0.08284023668639053
graph_065_mu_0_3_node_808,25,0.13333333333333333,0.0008751032239494368,0.43246753246753245,2.3123123123123124,0.019979780496238282,11.0,14.0,0.7857142857142859,0.5600000000000003,0.4375,0.014462809917355378,0.388888888888889,0.38934432154991694,0.34375
graph_065_mu_0_3_node_809,24,0.13768115942028986,0.0005589062493056371,0.4393139841688654,2.2762762762762763,0.02661871621321256,12.0,12.0,1.0,0.5,0.07100591715976333,0.014440433212996394,0.33333333333333326,0.3337237549887212,0.07100591715976333
graph_065_mu_0_3_node_810,39,0.10931174089068826,0.0014523764736583589,0.45909926470588236,2.1781781781781784,0.0411507789183544,27.0,12.0,2.25,0.3076923076923076,0.04918032786885247,0.015873015873015872,0.18181818181818182,0.18220898491855309,0.10655737704918032
graph_065_mu_0_3_node_811,24,0.11956521739130435,0.0007552338213373833,0.4229466553767993,2.364364364364364,0.019852001131633087,10.0,14.0,0.7142857142857141,0.5833333333333334,0.19178082191780818,0.015102481121898602,0.41176470588235303,0.4122201089140358,0.13698630136986306
graph_065_mu_0_3_node_812,20,0.18421052631578946,0.00042430903021366213,0.4443950177935943,2.25025025025025,0.029104845324570604,10.0,10.0,1.0,0.5,0.04098360655737706,0.013227513227513227,0.33333333333333326,0.3336586635434965,0.04098360655737706
graph_065_mu_0_3_node_813,27,0.12535612535612536,0.0008108175046063409,0.43719912472647704,2.2872872872872874,0.029375653431595112,17.0,10.0,1.6999999999999995,0.37037037037037035,0.04098360655737706,0.013227513227513227,0.22727272727272718,0.2275982057260536,0.06557377049180325
graph_065_mu_0_3_node_814,21,0.16666666666666666,0.0004299506178688326,0.43529411764705883,2.2972972972972974,0.026494394468450554,13.0,8.0,1.625,0.3809523809523811,0.03278688524590163,0.010582010582010583,0.23529411764705885,0.23555444957026095,0.05327868852459016
graph_065_mu_0_3_node_815,26,0.08,0.0009924827210068276,0.42912371134020616,2.33033033033033,0.018971818086467515,10.0,16.0,0.625,0.6153846153846152,0.21333333333333335,0.01729729729729729,0.4444444444444446,0.4449648711943794,0.12000000000000005
graph_065_mu_0_3_node_816,23,0.1541501976284585,0.0006874238220337383,0.3981666002391391,2.5115115115115114,0.013182361435616088,9.0,14.0,0.6428571428571429,0.608695652173913,1.0769230769230769,0.014184397163120564,0.4375,0.43795537340619295,0.6923076923076923
graph_065_mu_0_3_node_817,20,0.11578947368421053,0.0004984829920457559,0.43415906127770537,2.3033033033033035,0.023802565193199263,11.0,9.0,1.2222222222222217,0.4500000000000001,0.03688524590163934,0.01190476190476191,0.29032258064516125,0.2906154064138289,0.04508196721311475
graph_065_mu_0_3_node_818,23,0.15019762845849802,0.0007039948645676348,0.43359375,2.3063063063063063,0.025301923307139002,12.0,11.0,1.0909090909090904,0.4782608695652175,0.06508875739644969,0.013237063778580025,0.3142857142857142,0.3146436124474192,0.07100591715976333
graph_065_mu_0_3_node_819,20,0.11052631578947368,0.0004909769422292974,0.3863109048723898,2.5885885885885886,0.010170133899956763,7.0,13.0,0.5384615384615384,0.6500000000000002,0.8125,0.013211382113821137,0.4814814814814816,0.48190428695843857,0.4375
graph_065_mu_0_3_node_820,39,0.12280701754385964,0.0017612154280882597,0.4670406732117812,2.141141141141141,0.03893059253696638,18.0,21.0,0.8571428571428571,0.5384615384615384,0.12426035502958578,0.025270758122743688,0.36842105263157887,0.36910435722273494,0.10650887573964501
graph_065_mu_0_3_node_821,182,0.06344484245036731,0.026970677291292846,0.5438214480130648,1.8388388388388388,0.14945055971096993,127.0,55.0,2.3090909090909095,0.3021978021978021,0.2254098360655737,0.07275132275132276,0.17799352750809055,0.17979391377278017,0.5204918032786886
graph_065_mu_0_3_node_822,48,0.09308510638297872,0.0023881581154167227,0.4510158013544018,2.2172172172172173,0.035817056870376826,31.0,17.0,1.8235294117647063,0.3541666666666667,0.10059171597633139,0.020457280385078217,0.21518987341772144,0.2157435652393676,0.18343195266272186
graph_065_mu_0_3_node_823,18,0.10457516339869281,0.00025092780797826466,0.4124690338563171,2.4244244244244246,0.02035129630177383,13.0,5.0,2.600000000000001,0.2777777777777778,0.02049180327868853,0.006613756613756613,0.16129032258064516,0.16145304591842627,0.04918032786885247
graph_065_mu_0_3_node_824,21,0.15714285714285714,0.00038689586960798317,0.42258883248730966,2.3663663663663663,0.023042639596176296,12.0,9.0,1.333333333333333,0.42857142857142855,0.05325443786982251,0.010830324909747288,0.2727272727272726,0.27302011755205396,0.07100591715976333
graph_065_mu_0_3_node_825,18,0.1895424836601307,0.0002374058703784285,0.4215189873417722,2.3723723723723724,0.023347328988811835,12.0,6.0,2.0,0.33333333333333326,0.024590163934426236,0.007936507936507936,0.20000000000000004,0.20019524894240157,0.04918032786885247
graph_065_mu_0_3_node_826,28,0.1349206349206349,0.0008254643395380699,0.4414494034467521,2.265265265265265,0.03167843585211778,16.0,12.0,1.333333333333333,0.42857142857142855,0.04918032786885247,0.015873015873015872,0.2727272727272726,0.2731177960284964,0.06557377049180325
graph_065_mu_0_3_node_827,34,0.12834224598930483,0.0010533089181349049,0.4424269264836138,2.26026026026026,0.03232877225174277,20.0,14.0,1.4285714285714282,0.41176470588235303,0.08284023668639053,0.01684717208182912,0.2592592592592592,0.25971495875798967,0.11834319526627213
graph_065_mu_0_3_node_828,20,0.11052631578947368,0.00041071243454693417,0.42027766091712243,2.3793793793793796,0.02202701457601713,12.0,8.0,1.5,0.4000000000000001,0.03278688524590163,0.010582010582010583,0.25,0.2502603149811272,0.04918032786885247
graph_065_mu_0_3_node_829,50,0.1036734693877551,0.0021815653249315915,0.46486738017682644,2.151151151151151,0.0499218790865119,34.0,16.0,2.125,0.32,0.06557377049180325,0.021164021164021166,0.19047619047619055,0.19099743102870545,0.13934426229508198
graph_065_mu_0_3_node_830,30,0.09655172413793103,0.001130185540578134,0.4229466553767993,2.364364364364364,0.017598105153533924,16.0,14.0,1.1428571428571423,0.46666666666666673,0.18666666666666662,0.01513513513513514,0.3043478260869565,0.3048034069525602,0.21333333333333335
graph_065_mu_0_3_node_831,24,0.13405797101449277,0.0006514985926153324,0.39705882352941174,2.5185185185185186,0.012494617115851278,10.0,14.0,0.7142857142857141,0.5833333333333334,0.4375,0.014462809917355378,0.41176470588235303,0.4122201089140358,0.3125
graph_065_mu_0_3_node_832,28,0.0873015873015873,0.0007907268238907642,0.4167709637046308,2.3993993993993996,0.019708505188061536,13.0,15.0,0.8666666666666669,0.5357142857142857,0.20547945205479448,0.016181229773462782,0.36585365853658547,0.36634166972830867,0.17808219178082188
graph_065_mu_0_3_node_833,42,0.140534262485482,0.002130852584167811,0.42223161453930685,2.3683683683683685,0.01807714304651229,24.0,18.0,1.333333333333333,0.42857142857142855,0.5625,0.018595041322314047,0.2727272727272726,0.273313248376729,0.75
graph_065_mu_0_3_node_834,32,0.13911290322580644,0.001157395742981899,0.45658135283363804,2.19019019019019,0.038675320154881405,17.0,15.0,1.133333333333333,0.46875,0.06147540983606558,0.019841269841269833,0.3061224489795918,0.3066105872203416,0.06967213114754099
graph_065_mu_0_3_node_835,28,0.15384615384615385,0.0007850305247325754,0.3940828402366864,2.5375375375375375,0.012855118374276586,16.0,12.0,1.333333333333333,0.42857142857142855,0.375,0.012396694214876035,0.2727272727272726,0.2731177960284964,0.46875
graph_065_mu_0_3_node_836,47,0.08383838383838384,0.002649675174674613,0.4534725374489333,2.205205205205205,0.027502628223879673,26.0,21.0,1.2380952380952377,0.44680851063829785,0.28000000000000014,0.022702702702702696,0.28767123287671226,0.2883548933904344,0.33333333333333326
graph_065_mu_0_3_node_837,23,0.1383399209486166,0.0005598516744105344,0.4054383116883117,2.4664664664664664,0.01532189168359585,13.0,10.0,1.3000000000000005,0.4347826086956522,0.13698630136986306,0.010787486515641858,0.2777777777777778,0.2781031715041867,0.17808219178082188
graph_065_mu_0_3_node_838,25,0.15,0.0005259420862094785,0.4293081220455522,2.329329329329329,0.027274964407197684,15.0,10.0,1.5,0.4000000000000001,0.059171597633136064,0.012033694344163657,0.25,0.2503254360843531,0.08875739644970415
graph_065_mu_0_3_node_839,22,0.14285714285714285,0.0005405165831424822,0.4128099173553719,2.4224224224224224,0.01647235785274807,11.0,11.0,1.0,0.5,0.1506849315068493,0.011866235167206038,0.33333333333333326,0.3336912082072637,0.1506849315068493
graph_065_mu_0_3_node_840,29,0.14532019704433496,0.0007625638091912277,0.4469798657718121,2.2372372372372373,0.03489566955425041,17.0,12.0,1.4166666666666667,0.41379310344827586,0.04918032786885247,0.015873015873015872,0.26086956521739124,0.26126011393834414,0.06967213114754099
graph_065_mu_0_3_node_841,18,0.1437908496732026,0.0003450787030763471,0.4243840271877655,2.3563563563563563,0.01932561072607212,8.0,10.0,0.8000000000000002,0.5555555555555556,0.13698630136986306,0.010787486515641858,0.38461538461538475,0.3849406724951583,0.10958904109589039
graph_065_mu_0_3_node_842,84,0.10659439927732611,0.005600465656984809,0.47959673547767645,2.085085085085085,0.05848347306800013,55.0,29.0,1.8965517241379315,0.3452380952380952,0.26605504587155965,0.03254769921436589,0.20863309352517984,0.20957873542037667,0.49541284403669733
graph_065_mu_0_3_node_843,35,0.10416666666666667,0.0012523735841064919,0.4056029232643118,2.4654654654654653,0.014676703822867275,20.0,15.0,1.333333333333333,0.42857142857142855,0.46875,0.015495867768595042,0.2727272727272726,0.27321550629821306,0.59375
graph_065_mu_0_3_node_844,16,0.1,0.00027798150910507695,0.3740172220142269,2.6736736736736737,0.00708373022772761,9.0,7.0,1.2857142857142858,0.4375,0.17499999999999996,0.007291666666666668,0.28000000000000014,0.28022773855613764,0.22500000000000006
graph_065_mu_0_3_node_845,56,0.09675324675324676,0.002736981253851694,0.46551724137931033,2.1481481481481484,0.04456497144571437,35.0,21.0,1.666666666666667,0.375,0.12426035502958578,0.025270758122743688,0.2307692307692308,0.23145329213930796,0.2071005917159763
graph_065_mu_0_3_node_846,27,0.19,0.0007216328283347821,0.4059325477448192,2.4634634634634636,0.014476076770368888,13.0,14.0,0.9285714285714288,0.5185185185185184,1.0769230769230769,0.014184397163120564,0.3499999999999999,0.3504554919312858,0.9230769230769232
graph_065_mu_0_3_node_847,33,0.11174242424242424,0.0011284009351814003,0.46835443037974683,2.135135135135135,0.03996318114637137,18.0,15.0,1.1999999999999995,0.45454545454545436,0.06147540983606558,0.019841269841269833,0.29411764705882354,0.29460581707216693,0.07377049180327867
graph_065_mu_0_3_node_848,19,0.08771929824561403,0.0005148820827073352,0.38158899923605805,2.6206206206206204,0.008110865807636978,7.0,12.0,0.5833333333333334,0.6315789473684211,0.4615384615384616,0.012320328542094453,0.4615384615384616,0.4619287562109394,0.2692307692307692
graph_065_mu_0_3_node_849,18,0.19607843137254902,0.0003701110163263645,0.3713754646840149,2.6926926926926926,0.006407757205675896,11.0,7.0,1.5714285714285718,0.388888888888889,0.21875,0.007231404958677689,0.2413793103448275,0.24160707854187968,0.34375
graph_065_mu_0_3_node_850,24,0.1956521739130435,0.0006193633296159937,0.4402820625826355,2.2712712712712713,0.03341919404108748,14.0,10.0,1.3999999999999997,0.41666666666666674,0.04098360655737706,0.013227513227513227,0.2631578947368421,0.2634833096408448,0.05737704918032784
graph_065_mu_0_3_node_851,96,0.08135964912280702,0.007438645828479725,0.5027679919476598,1.988988988988989,0.08530472382036723,67.0,29.0,2.310344827586207,0.3020833333333333,0.11885245901639346,0.038359788359788365,0.17791411042944788,0.17886049296379494,0.27459016393442637
graph_065_mu_0_3_node_852,36,0.14126984126984127,0.0011341385967347166,0.43491510666086197,2.299299299299299,0.024986384148244705,22.0,14.0,1.5714285714285718,0.388888888888889,0.19178082191780818,0.015102481121898602,0.2413793103448275,0.24183506918329367,0.3013698630136986
graph_065_mu_0_3_node_853,51,0.1207843137254902,0.0024708831720446555,0.47753346080305925,2.094094094094094,0.048908752487250635,29.0,22.0,1.3181818181818181,0.43137254901960803,0.13017751479289938,0.02647412755716005,0.27499999999999997,0.27571633237822357,0.17159763313609472
graph_065_mu_0_3_node_854,28,0.164021164021164,0.0008730696074922842,0.42986230636833045,2.3263263263263263,0.023973704424666904,16.0,12.0,1.333333333333333,0.42857142857142855,0.11009174311926606,0.013468013468013464,0.2727272727272726,0.2731177960284964,0.14678899082568808
graph_065_mu_0_3_node_855,19,0.14619883040935672,0.00038967589842088405,0.44183989385227773,2.2632632632632634,0.02654057806642178,11.0,8.0,1.375,0.4210526315789473,0.03278688524590163,0.010582010582010583,0.2666666666666666,0.26692696470792393,0.04098360655737706
graph_065_mu_0_3_node_856,17,0.125,0.0005156504169155203,0.42619453924914674,2.3463463463463463,0.024042833775546408,8.0,9.0,0.8888888888888892,0.5294117647058824,0.03688524590163934,0.01190476190476191,0.36,0.36029276861520454,0.03278688524590163
graph_065_mu_0_3_node_857,32,0.17338709677419356,0.001124129247237136,0.45909926470588236,2.1781781781781784,0.041566771560218256,21.0,11.0,1.9090909090909096,0.34375,0.04508196721311475,0.014550264550264544,0.20754716981132082,0.20790527769946096,0.08606557377049184
graph_065_mu_0_3_node_858,73,0.09537223340040242,0.005094508648975302,0.4588883785025264,2.179179179179179,0.03301362393446507,48.0,25.0,1.9200000000000008,0.3424657534246575,0.33333333333333326,0.027027027027027032,0.2066115702479339,0.2074265130389499,0.6266666666666667
graph_065_mu_0_3_node_859,28,0.11375661375661375,0.0010399556774697914,0.44498886414253896,2.2472472472472473,0.02797079320229243,13.0,15.0,0.8666666666666669,0.5357142857142857,0.06147540983606558,0.019841269841269833,0.36585365853658547,0.36634166972830867,0.05327868852459016
graph_065_mu_0_3_node_860,30,0.08505747126436781,0.0011917126402573078,0.42045454545454547,2.3783783783783785,0.01671932852542643,13.0,17.0,0.7647058823529413,0.5666666666666665,0.309090909090909,0.017989417989417993,0.3953488372093022,0.3959018805744084,0.2363636363636364
graph_065_mu_0_3_node_861,24,0.15579710144927536,0.0005599963499010043,0.4192194712547209,2.3853853853853852,0.02597807781654846,13.0,11.0,1.1818181818181819,0.4583333333333332,0.06508875739644969,0.013237063778580025,0.29729729729729737,0.29765521874980766,0.0769230769230769
graph_065_mu_0_3_node_862,30,0.17471264367816092,0.0009114901901800196,0.41469489414694893,2.4114114114114114,0.02346519277934304,19.0,11.0,1.7272727272727268,0.3666666666666666,0.1009174311926606,0.012345679012345677,0.22448979591836735,0.2248478571793941,0.17431192660550462
graph_065_mu_0_3_node_863,30,0.11264367816091954,0.0008768143610796091,0.4278372591006424,2.3373373373373374,0.02377426913756237,18.0,12.0,1.5,0.4000000000000001,0.07100591715976333,0.014440433212996394,0.25,0.25039057414399174,0.10650887573964501
graph_065_mu_0_3_node_864,64,0.12480169222633528,0.0033417437184645607,0.4805194805194805,2.081081081081081,0.0644406315668389,45.0,19.0,2.368421052631579,0.296875,0.07786885245901641,0.02513227513227512,0.17431192660550462,0.17493128312667677,0.180327868852459
graph_065_mu_0_3_node_865,21,0.17142857142857143,0.00042771340783330513,0.43397046046915727,2.304304304304304,0.024633170742432393,13.0,8.0,1.625,0.3809523809523811,0.04733727810650889,0.00962695547533093,0.23529411764705885,0.23555444957026095,0.0769230769230769
graph_065_mu_0_3_node_866,27,0.12535612535612536,0.0007876946147692451,0.42528735632183906,2.3513513513513513,0.02527134772823078,16.0,11.0,1.4545454545454546,0.4074074074074074,0.06508875739644969,0.013237063778580025,0.2558139534883721,0.25617194483149053,0.09467455621301778
graph_065_mu_0_3_node_867,23,0.05928853754940711,0.0006053450278539608,0.39627132090440303,2.5235235235235236,0.013392878238801904,7.0,16.0,0.4375,0.6956521739130432,0.4000000000000001,0.016666666666666663,0.5333333333333332,0.5338536585365856,0.17499999999999996
graph_065_mu_0_3_node_868,30,0.1310344827586207,0.0010122518504692628,0.4447907390917186,2.2482482482482484,0.03462593724543969,18.0,12.0,1.5,0.4000000000000001,0.04918032786885247,0.015873015873015872,0.25,0.25039057414399174,0.07377049180327867
graph_065_mu_0_3_node_869,18,0.05228758169934641,0.00048678359446143355,0.39470564994073487,2.5335335335335336,0.010573043238720665,7.0,11.0,0.6363636363636365,0.6111111111111108,0.27499999999999997,0.01145833333333333,0.4400000000000001,0.44035778175313056,0.10000000000000002
graph_065_mu_0_3_node_870,21,0.20952380952380953,0.0003989445677744609,0.43719912472647704,2.2872872872872874,0.02189539323986187,11.0,10.0,1.0999999999999999,0.4761904761904762,0.13698630136986306,0.010787486515641858,0.3125,0.3128253513794899,0.1506849315068493
graph_065_mu_0_3_node_871,25,0.06,0.0008779045467555525,0.43246753246753245,2.3123123123123124,0.020685253843568386,8.0,17.0,0.4705882352941177,0.6799999999999998,0.4249999999999999,0.01770833333333333,0.5151515151515154,0.5157043786592714,0.17499999999999996
graph_065_mu_0_3_node_872,24,0.12318840579710146,0.000596567989012755,0.451627486437613,2.214214214214214,0.029306314177025238,11.0,13.0,0.8461538461538461,0.5416666666666667,0.0769230769230769,0.01564380264741275,0.37142857142857155,0.37185148694306436,0.06508875739644969
graph_065_mu_0_3_node_873,31,0.1477832512315271,0.0008387420423794311,0.43228039809606233,2.3133133133133135,0.028104601483533335,19.0,12.0,1.583333333333333,0.3870967741935483,0.07100591715976333,0.014440433212996394,0.2400000000000001,0.2403905995703405,0.10650887573964501
graph_065_mu_0_3_node_874,23,0.09486166007905138,0.0006264581302909891,0.4148671096345515,2.4104104104104103,0.018229755923516444,10.0,13.0,0.7692307692307695,0.5652173913043478,0.17808219178082188,0.014023732470334416,0.39393939393939387,0.3943622819391336,0.12328767123287675
graph_065_mu_0_3_node_875,26,0.10461538461538461,0.0007271583910163551,0.42857142857142855,2.3333333333333335,0.02396569587845085,12.0,14.0,0.8571428571428571,0.5384615384615384,0.08284023668639053,0.01684717208182912,0.36842105263157887,0.36887651492580775,0.07100591715976333
graph_065_mu_0_3_node_876,19,0.21637426900584794,0.0002481415413763338,0.4278372591006424,2.3373373373373374,0.025226562927131848,12.0,7.0,1.7142857142857142,0.36842105263157887,0.04142011834319526,0.00842358604091456,0.2258064516129031,0.226034234633306,0.07100591715976333
graph_065_mu_0_3_node_877,42,0.08130081300813008,0.001862060384282782,0.4569990850869167,2.1881881881881884,0.03476068968240079,21.0,21.0,1.0,0.5,0.12426035502958578,0.025270758122743688,0.33333333333333326,0.3340167713520141,0.12426035502958578
graph_065_mu_0_3_node_878,169,0.05473372781065089,0.025571644877955494,0.5423452768729642,1.8438438438438438,0.13526953840889477,110.0,59.0,1.864406779661017,0.34911242603550285,0.24180327868852466,0.07804232804232805,0.21146953405017926,0.21339845810288124,0.4508196721311474
graph_065_mu_0_3_node_879,19,0.18128654970760233,0.000400098236692921,0.408923454768727,2.4454454454454453,0.015146559682267666,9.0,10.0,0.9000000000000002,0.5263157894736842,0.13698630136986306,0.010787486515641858,0.35714285714285704,0.35746816618644855,0.12328767123287675
graph_065_mu_0_3_node_880,27,0.09,0.0008675926014976716,0.4109419991772933,2.4334334334334335,0.014899229920381394,13.0,14.0,0.9285714285714288,0.5185185185185184,0.7368421052631577,0.014271151885830781,0.3499999999999999,0.3504554919312858,0.6315789473684211
graph_065_mu_0_3_node_881,25,0.14333333333333334,0.0007457763547458556,0.4157303370786517,2.4054054054054053,0.016442137665700286,11.0,14.0,0.7857142857142859,0.5600000000000003,0.19178082191780818,0.015102481121898602,0.388888888888889,0.38934432154991694,0.1506849315068493
graph_065_mu_0_3_node_882,52,0.11613876319758673,0.002138046731360709,0.46400371574547145,2.155155155155155,0.044650436912039994,35.0,17.0,2.0588235294117645,0.3269230769230769,0.10059171597633139,0.020457280385078217,0.1954022988505747,0.1959561349802375,0.2071005917159763
graph_065_mu_0_3_node_883,17,0.17647058823529413,0.0002490641407485896,0.4293081220455522,2.329329329329329,0.02171131163100303,8.0,9.0,0.8888888888888892,0.5294117647058824,0.05325443786982251,0.010830324909747288,0.36,0.36029276861520454,0.04733727810650889
graph_065_mu_0_3_node_884,28,0.21428571428571427,0.0006793381647715758,0.4538845979100409,2.2032032032032034,0.03706068844412442,16.0,12.0,1.333333333333333,0.42857142857142855,0.07100591715976333,0.014440433212996394,0.2727272727272726,0.2731177960284964,0.09467455621301778
graph_065_mu_0_3_node_885,22,0.18614718614718614,0.0004519304198760714,0.4495949594959496,2.224224224224224,0.034166649650975184,13.0,9.0,1.444444444444444,0.4090909090909091,0.03688524590163934,0.01190476190476191,0.2571428571428571,0.25743572102623213,0.05327868852459016
graph_065_mu_0_3_node_886,22,0.11688311688311688,0.0006753624258869268,0.4283876500857633,2.334334334334334,0.024678806038363116,13.0,9.0,1.444444444444444,0.4090909090909091,0.03688524590163934,0.01190476190476191,0.2571428571428571,0.25743572102623213,0.05327868852459016
graph_065_mu_0_3_node_887,18,0.08496732026143791,0.0004364722209757268,0.3984842441164739,2.5095095095095097,0.01247270463557915,6.0,12.0,0.5,0.6666666666666665,0.4444444444444446,0.012332990750256935,0.5,0.5003902692858072,0.2222222222222223
graph_065_mu_0_3_node_888,23,0.18972332015810275,0.00039302126702781795,0.4414494034467521,2.265265265265265,0.03250294344585676,16.0,7.0,2.2857142857142847,0.3043478260869565,0.02868852459016392,0.009259259259259259,0.1794871794871794,0.17971502182028495,0.06557377049180325
graph_065_mu_0_3_node_889,17,0.22058823529411764,0.0002859611414612626,0.4265584970111016,2.344344344344344,0.02615739581636365,11.0,6.0,1.8333333333333328,0.3529411764705881,0.024590163934426236,0.007936507936507936,0.21428571428571427,0.21448095052155966,0.04508196721311475
graph_065_mu_0_3_node_890,17,0.33088235294117646,0.00019811276612869062,0.42619453924914674,2.3463463463463463,0.028481784997879102,14.0,3.0,4.666666666666667,0.17647058823529405,0.012295081967213118,0.003968253968253968,0.09677419354838708,0.09687184026257517,0.05737704918032784
graph_065_mu_0_3_node_891,27,0.150997150997151,0.0006614505842811732,0.4079216006533279,2.4514514514514514,0.01827162259291861,15.0,12.0,1.25,0.4444444444444446,0.16438356164383555,0.012944983818770232,0.2857142857142856,0.2861047835990887,0.20547945205479448
graph_065_mu_0_3_node_892,36,0.09047619047619047,0.001372365722052705,0.4443950177935943,2.25025025025025,0.02992713191403171,21.0,15.0,1.3999999999999997,0.41666666666666674,0.08875739644970415,0.018050541516245487,0.2631578947368421,0.2636461600927876,0.11834319526627213
graph_065_mu_0_3_node_893,31,0.10344827586206896,0.0010696719837142575,0.4247448979591837,2.354354354354354,0.0193165485983195,16.0,15.0,1.0666666666666664,0.4838709677419357,0.36585365853658547,0.015641293013555792,0.3191489361702127,0.3196370426425047,0.36585365853658547
graph_065_mu_0_3_node_894,30,0.14022988505747128,0.0008194441278933171,0.44183989385227773,2.2632632632632634,0.030377053134427828,18.0,12.0,1.5,0.4000000000000001,0.07100591715976333,0.014440433212996394,0.25,0.25039057414399174,0.10650887573964501
graph_065_mu_0_3_node_895,24,0.13405797101449277,0.0007396941032374788,0.42912371134020616,2.33033033033033,0.024742232007307498,12.0,12.0,1.0,0.5,0.07100591715976333,0.014440433212996394,0.33333333333333326,0.3337237549887212,0.07100591715976333
graph_065_mu_0_3_node_896,46,0.11207729468599034,0.0017122338316114128,0.46638655462184875,2.144144144144144,0.05048573100606344,27.0,19.0,1.4210526315789476,0.4130434782608694,0.07786885245901641,0.02513227513227512,0.26027397260273977,0.260892603150065,0.11065573770491802
graph_065_mu_0_3_node_897,27,0.05982905982905983,0.0008056877282541201,0.40104375752709753,2.4934934934934936,0.014380247560461443,10.0,17.0,0.5882352941176471,0.6296296296296297,0.41463414634146356,0.01772679874869656,0.4594594594594596,0.46001239489611573,0.21951219512195133
graph_065_mu_0_3_node_898,46,0.0966183574879227,0.0023850235927267726,0.47458432304038006,2.1071071071071072,0.04696971648091527,28.0,18.0,1.555555555555556,0.3913043478260869,0.07377049180327867,0.02380952380952382,0.24324324324324328,0.24382937154021495,0.11065573770491802
graph_065_mu_0_3_node_899,24,0.07792207792207792,0.0007071398317310942,0.41332230037236245,2.4194194194194196,0.01662056272361261,10.0,14.0,0.7142857142857141,0.5833333333333334,0.7368421052631577,0.014271151885830781,0.41176470588235303,0.4122201089140358,0.4736842105263158
graph_065_mu_0_3_node_900,22,0.11255411255411256,0.0005606764824075141,0.39690107270560193,2.5195195195195197,0.013467109999260906,10.0,12.0,0.8333333333333335,0.5454545454545452,0.16438356164383555,0.012944983818770232,0.375,0.3753903708523098,0.13698630136986306
graph_065_mu_0_3_node_901,18,0.20261437908496732,0.0003021202830506263,0.4215189873417722,2.3723723723723724,0.023855810411085983,11.0,7.0,1.5714285714285718,0.388888888888889,0.02868852459016392,0.009259259259259259,0.2413793103448275,0.24160707854187968,0.04508196721311475
graph_065_mu_0_3_node_902,30,0.09655172413793103,0.0013083807098420738,0.42912371134020616,2.33033033033033,0.020302752665295683,14.0,16.0,0.875,0.5333333333333332,0.5925925925925926,0.01644398766700925,0.36363636363636365,0.36415692584354736,0.5185185185185184
graph_065_mu_0_3_node_903,26,0.12307692307692308,0.0006502167621554436,0.43397046046915727,2.304304304304304,0.02665354981885504,12.0,14.0,0.8571428571428571,0.5384615384615384,0.08284023668639053,0.01684717208182912,0.36842105263157887,0.36887651492580775,0.07100591715976333
graph_065_mu_0_3_node_904,27,0.1452991452991453,0.0006533073640153807,0.4445927903871829,2.249249249249249,0.03250958861220083,17.0,10.0,1.6999999999999995,0.37037037037037035,0.04098360655737706,0.013227513227513227,0.22727272727272718,0.2275982057260536,0.06967213114754099
graph_065_mu_0_3_node_905,26,0.19692307692307692,0.0008200024782423581,0.3958003169572108,2.5265265265265264,0.011401628953831996,14.0,12.0,1.1666666666666667,0.4615384615384616,0.75,0.012195121951219514,0.2999999999999999,0.3003904724716907,0.875
graph_065_mu_0_3_node_906,16,0.1,0.00040713860836282434,0.41590341382181517,2.4044044044044046,0.01622474281241388,5.0,11.0,0.45454545454545436,0.6875,0.5789473684210529,0.01121304791029562,0.5238095238095238,0.524167259020425,0.2631578947368421
graph_065_mu_0_3_node_907,169,0.05389221556886228,0.02382243286367193,0.54,1.8518518518518519,0.13613086764017784,110.0,59.0,1.864406779661017,0.34911242603550285,0.24180327868852466,0.07804232804232805,0.21146953405017926,0.21339845810288124,0.44672131147541
graph_065_mu_0_3_node_908,22,0.08658008658008658,0.0006355263028971562,0.42169691853102576,2.3713713713713713,0.01635410638165715,10.0,12.0,0.8333333333333335,0.5454545454545452,0.16,0.012972972972972978,0.375,0.3753903708523098,0.1333333333333333
graph_065_mu_0_3_node_909,18,0.0392156862745098,0.00047442195293450235,0.4085889570552147,2.4474474474474475,0.012727907139250427,3.0,15.0,0.20000000000000004,0.8333333333333335,0.5555555555555556,0.015416238437821167,0.7142857142857141,0.7147734081440228,0.11111111111111115
graph_065_mu_0_3_node_910,16,0.1,0.00018430255067038485,0.4186923721709975,2.3883883883883885,0.02068649731816822,10.0,6.0,1.666666666666667,0.375,0.024590163934426236,0.007936507936507936,0.2307692307692308,0.23096445430017368,0.03278688524590163
graph_065_mu_0_3_node_911,20,0.09473684210526316,0.0005698928005707644,0.40758873929008566,2.4534534534534536,0.014016718501489235,9.0,11.0,0.8181818181818182,0.5499999999999999,0.27499999999999997,0.01145833333333333,0.3793103448275863,0.3796681731350583,0.22500000000000006
graph_065_mu_0_3_node_912,24,0.08333333333333333,0.0005797598815702495,0.4024979854955681,2.4844844844844847,0.014720144777272636,13.0,11.0,1.1818181818181819,0.4583333333333332,0.1506849315068493,0.011866235167206038,0.29729729729729737,0.29765521874980766,0.17808219178082188
graph_065_mu_0_3_node_913,14,0.10989010989010989,0.0002216200241974295,0.38962558502340094,2.5665665665665665,0.0098976081425152,4.0,10.0,0.4000000000000001,0.7142857142857141,0.37037037037037035,0.01027749229188078,0.5555555555555556,0.5558807588075882,0.11111111111111115
graph_065_mu_0_3_node_914,24,0.14492753623188406,0.0006556222426249028,0.4007220216606498,2.4954954954954953,0.013743762259985892,12.0,12.0,1.0,0.5,0.16438356164383555,0.012944983818770232,0.33333333333333326,0.3337237549887212,0.16438356164383555
graph_065_mu_0_3_node_915,27,0.11396011396011396,0.0009318804222747369,0.40445344129554656,2.4724724724724725,0.014002948964291244,12.0,15.0,0.8000000000000002,0.5555555555555556,0.36585365853658547,0.015641293013555792,0.38461538461538475,0.3851033640551842,0.2926829268292682
graph_065_mu_0_3_node_916,25,0.10666666666666667,0.0009929377988599248,0.42027766091712243,2.3793793793793796,0.016963716263454828,12.0,13.0,0.9230769230769232,0.5199999999999998,0.5,0.013347022587268996,0.3513513513513515,0.35177429438417823,0.4615384615384616
graph_065_mu_0_3_node_917,18,0.17647058823529413,0.00040264379368690667,0.4249255635899617,2.3533533533533535,0.02212277580915599,8.0,10.0,0.8000000000000002,0.5555555555555556,0.059171597633136064,0.012033694344163657,0.38461538461538475,0.3849406724951583,0.04733727810650889
graph_065_mu_0_3_node_918,23,0.16996047430830039,0.0007325233100769215,0.4406704896338774,2.269269269269269,0.032426259176275465,14.0,9.0,1.555555555555556,0.3913043478260869,0.03688524590163934,0.01190476190476191,0.24324324324324328,0.24353612618769307,0.05737704918032784
graph_065_mu_0_3_node_919,17,0.14705882352941177,0.00027537608545007456,0.4238438693254137,2.359359359359359,0.019108989521438448,8.0,9.0,0.8888888888888892,0.5294117647058824,0.05325443786982251,0.010830324909747288,0.36,0.36029276861520454,0.04733727810650889
graph_065_mu_0_3_node_920,22,0.22943722943722944,0.000329185361698557,0.44419742107603377,2.2512512512512513,0.031883191510494686,14.0,8.0,1.75,0.36363636363636365,0.04733727810650889,0.00962695547533093,0.2222222222222223,0.22248257108970465,0.08284023668639053
graph_065_mu_0_3_node_921,29,0.1354679802955665,0.0007640659942048898,0.4469798657718121,2.2372372372372373,0.03034353021609623,16.0,13.0,1.2307692307692304,0.44827586206896536,0.0769230769230769,0.01564380264741275,0.2888888888888888,0.289311942030872,0.09467455621301778
graph_065_mu_0_3_node_922,51,0.09098039215686274,0.0030985974220336335,0.4526506570004531,2.209209209209209,0.029189865626256396,30.0,21.0,1.4285714285714282,0.41176470588235303,0.28000000000000014,0.022702702702702696,0.2592592592592592,0.25994309787334624,0.4000000000000001
graph_065_mu_0_3_node_923,21,0.08571428571428572,0.0005818121716509846,0.42169691853102576,2.3713713713713713,0.01722331315799237,5.0,16.0,0.3125,0.7619047619047622,0.4000000000000001,0.016666666666666663,0.6153846153846152,0.6159048729120916,0.10000000000000002
graph_065_mu_0_3_node_924,21,0.08095238095238096,0.0005692165259432859,0.3984842441164739,2.5095095095095097,0.012086269563719164,9.0,12.0,0.75,0.5714285714285712,0.375,0.012396694214876035,0.4000000000000001,0.4003903454557285,0.28125
graph_065_mu_0_3_node_925,21,0.2761904761904762,0.000387331425497499,0.4373905429071804,2.2862862862862863,0.034852663008504925,15.0,6.0,2.5,0.2857142857142856,0.024590163934426236,0.007936507936507936,0.16666666666666663,0.1668619537386625,0.06147540983606558
graph_065_mu_0_3_node_926,22,0.20346320346320346,0.000303903599917769,0.4618585298196949,2.165165165165165,0.039142881675413,14.0,8.0,1.75,0.36363636363636365,0.03278688524590163,0.010582010582010583,0.2222222222222223,0.22248257108970465,0.05737704918032784
graph_065_mu_0_3_node_927,20,0.07894736842105263,0.0006003579362449097,0.4054383116883117,2.4664664664664664,0.011965873431167616,8.0,12.0,0.6666666666666665,0.5999999999999998,0.2999999999999999,0.012500000000000002,0.42857142857142855,0.42896174863387965,0.17499999999999996
graph_065_mu_0_3_node_928,18,0.08496732026143791,0.00042020482695841795,0.42223161453930685,2.3683683683683685,0.01970154262634645,8.0,10.0,0.8000000000000002,0.5555555555555556,0.04098360655737706,0.013227513227513227,0.38461538461538475,0.3849406724951583,0.03278688524590163
graph_065_mu_0_3_node_929,36,0.15079365079365079,0.001557454402836576,0.4642193308550186,2.154154154154154,0.03605834296348968,19.0,17.0,1.1176470588235292,0.4722222222222222,0.15596330275229356,0.019079685746352416,0.309090909090909,0.30964416843936476,0.17431192660550462
graph_065_mu_0_3_node_930,23,0.1225296442687747,0.0006368908159272942,0.4164235097957482,2.4014014014014013,0.015716584985178448,11.0,12.0,0.9166666666666664,0.5217391304347825,0.16,0.012972972972972978,0.3529411764705881,0.3533315727227843,0.1466666666666667
graph_065_mu_0_3_node_931,20,0.14736842105263157,0.0005022557218670955,0.4397007042253521,2.274274274274274,0.026255647923935883,9.0,11.0,0.8181818181818182,0.5499999999999999,0.04508196721311475,0.014550264550264544,0.3793103448275863,0.3796681731350583,0.03688524590163934
graph_065_mu_0_3_node_932,67,0.07869742198100407,0.004567867726554931,0.4849514563106796,2.062062062062062,0.06037290495880437,41.0,26.0,1.5769230769230769,0.3880597014925372,0.10655737704918032,0.034391534391534404,0.2407407407407408,0.24158786702772117,0.1680327868852459
graph_065_mu_0_3_node_933,25,0.15333333333333332,0.0005991093577192001,0.45450409463148317,2.2002002002002,0.03293608198507254,11.0,14.0,0.7857142857142859,0.5600000000000003,0.08284023668639053,0.01684717208182912,0.388888888888889,0.38934432154991694,0.06508875739644969
graph_065_mu_0_3_node_934,20,0.21578947368421053,0.00032144949703767064,0.39008199921905506,2.5635635635635636,0.01276623186232341,14.0,6.0,2.3333333333333335,0.2999999999999999,0.08219178082191778,0.006472491909385116,0.17647058823529405,0.17666586259577063,0.19178082191780818
graph_065_mu_0_3_node_935,21,0.22857142857142856,0.00044888344546649205,0.4036363636363636,2.4774774774774775,0.014401177765069913,12.0,9.0,1.333333333333333,0.42857142857142855,0.28125,0.009297520661157023,0.2727272727272726,0.27302011755205396,0.375
graph_065_mu_0_3_node_936,28,0.2,0.0009406121724393906,0.41607663473552686,2.4034034034034035,0.0162284192253431,14.0,14.0,1.0,0.5,0.875,0.01422764227642276,0.33333333333333326,0.3337888549055335,0.8125
graph_065_mu_0_3_node_937,57,0.1447811447811448,0.0024588242313613715,0.4542974079126876,2.201201201201201,0.042759368799257194,35.0,22.0,1.5909090909090904,0.3859649122807018,0.2018348623853212,0.024691358024691353,0.23913043478260876,0.23984704716045882,0.3119266055045871
graph_065_mu_0_3_node_938,35,0.15294117647058825,0.0011015440023190175,0.4373905429071804,2.2862862862862863,0.024748145031251292,21.0,14.0,1.5,0.4000000000000001,0.19178082191780818,0.015102481121898602,0.25,0.25045572916666664,0.28767123287671226
graph_065_mu_0_3_node_939,24,0.15942028985507245,0.000699089761282644,0.4245643858903527,2.3553553553553552,0.021562646585712778,12.0,12.0,1.0,0.5,0.11009174311926606,0.013468013468013464,0.33333333333333326,0.3337237549887212,0.11009174311926606
graph_065_mu_0_3_node_940,32,0.12701612903225806,0.0009118819455259141,0.4397007042253521,2.274274274274274,0.029818951708052727,18.0,14.0,1.2857142857142858,0.4375,0.08284023668639053,0.01684717208182912,0.28000000000000014,0.280455640174445,0.10650887573964501
graph_065_mu_0_3_node_941,19,0.21052631578947367,0.00039139327457811727,0.4489887640449438,2.2272272272272273,0.03293424986133262,11.0,8.0,1.375,0.4210526315789473,0.03278688524590163,0.010582010582010583,0.2666666666666666,0.26692696470792393,0.04508196721311475
graph_065_mu_0_3_node_942,17,0.125,0.00032429613465723644,0.4052738336713996,2.4674674674674675,0.01371057029378684,7.0,10.0,0.6999999999999998,0.5882352941176471,0.24390243902439032,0.010427528675703854,0.41666666666666674,0.4169919333853762,0.17073170731707318
graph_065_mu_0_3_node_943,24,0.15579710144927536,0.0005333495477203076,0.43796580447172295,2.2832832832832834,0.025911220782175712,12.0,12.0,1.0,0.5,0.07100591715976333,0.014440433212996394,0.33333333333333326,0.3337237549887212,0.07100591715976333
graph_065_mu_0_3_node_944,19,0.2573099415204678,0.00017658246110026403,0.42875536480686693,2.3323323323323324,0.025859939350442104,13.0,6.0,2.166666666666667,0.31578947368421056,0.035502958579881665,0.007220216606498197,0.1875,0.18769526165061187,0.0769230769230769
graph_065_mu_0_3_node_945,27,0.16809116809116809,0.0006659852945237764,0.41400745959386653,2.4154154154154153,0.020789290761365185,16.0,11.0,1.4545454545454546,0.4074074074074074,0.1009174311926606,0.012345679012345677,0.2558139534883721,0.25617194483149053,0.14678899082568808
graph_065_mu_0_3_node_946,48,0.13918439716312056,0.0019846496246839853,0.44778126400717166,2.2332332332332334,0.03522358349364217,31.0,17.0,1.8235294117647063,0.3541666666666667,0.15596330275229356,0.019079685746352416,0.21518987341772144,0.2157435652393676,0.28440366972477055
graph_065_mu_0_3_node_947,26,0.16307692307692306,0.000517203868878232,0.4467799642218247,2.2382382382382384,0.035329105466551255,17.0,9.0,1.8888888888888888,0.34615384615384615,0.03688524590163934,0.01190476190476191,0.2093023255813953,0.2095952657239595,0.06967213114754099
graph_065_mu_0_3_node_948,24,0.13768115942028986,0.0005739665882826049,0.40875613747954176,2.4464464464464464,0.01905213132604951,11.0,13.0,0.8461538461538461,0.5416666666666667,0.11926605504587152,0.014590347923681253,0.37142857142857155,0.37185148694306436,0.1009174311926606
graph_065_mu_0_3_node_949,37,0.14114114114114115,0.0012621807465920218,0.44125441696113077,2.2662662662662663,0.02812593520582851,19.0,18.0,1.0555555555555556,0.48648648648648657,0.2465753424657535,0.019417475728155335,0.32142857142857145,0.32201435638040693,0.26027397260273977
graph_065_mu_0_3_node_950,30,0.15632183908045977,0.0010172376326027055,0.4540909090909091,2.2022022022022023,0.03883371352672465,17.0,13.0,1.3076923076923077,0.43333333333333346,0.05327868852459016,0.017195767195767202,0.27659574468085113,0.2770188253590819,0.06967213114754099
graph_065_mu_0_3_node_951,18,0.24836601307189543,0.0001611589953405383,0.4366258741258741,2.29029029029029,0.026399040867715762,12.0,6.0,2.0,0.33333333333333326,0.035502958579881665,0.007220216606498197,0.20000000000000004,0.20019524894240157,0.07100591715976333
graph_065_mu_0_3_node_952,21,0.18095238095238095,0.0004024158460512128,0.4122988031366075,2.4254254254254253,0.02069001236068903,13.0,8.0,1.625,0.3809523809523811,0.07339449541284404,0.008978675645342315,0.23529411764705885,0.23555444957026095,0.11926605504587152
graph_065_mu_0_3_node_953,19,0.27485380116959063,0.00020132639392855621,0.4247448979591837,2.354354354354354,0.02421232763480773,14.0,5.0,2.7999999999999994,0.2631578947368421,0.029585798816568032,0.0060168471720818285,0.15151515151515152,0.15167788544517594,0.08284023668639053
graph_065_mu_0_3_node_954,16,0.10833333333333334,0.00031433843356539734,0.42045454545454547,2.3783783783783785,0.014881307141012675,4.0,12.0,0.33333333333333326,0.75,0.21818181818181825,0.012698412698412704,0.5999999999999998,0.6003902185223725,0.07272727272727274
graph_065_mu_0_3_node_955,34,0.11942959001782531,0.0009970860419675689,0.44717994628469115,2.2362362362362362,0.035454357791037894,21.0,13.0,1.6153846153846159,0.3823529411764707,0.05327868852459016,0.017195767195767202,0.2363636363636364,0.23678682722271377,0.08606557377049184
graph_065_mu_0_3_node_956,21,0.10476190476190476,0.0006041746697018848,0.42045454545454547,2.3783783783783785,0.014876639237721633,10.0,11.0,0.9090909090909087,0.5238095238095238,0.20000000000000004,0.011640211640211645,0.3548387096774193,0.3551965612666058,0.18181818181818182
graph_065_mu_0_3_node_957,18,0.13071895424836602,0.00034330867111696085,0.4051094890510949,2.4684684684684686,0.012650271097543844,9.0,9.0,1.0,0.5,0.12000000000000005,0.00972972972972973,0.33333333333333326,0.333626120997213,0.12000000000000005
graph_065_mu_0_3_node_958,19,0.19298245614035087,0.0003948886086058454,0.3994402239104358,2.5035035035035036,0.016515502561808653,11.0,8.0,1.375,0.4210526315789473,0.07339449541284404,0.008978675645342315,0.2666666666666666,0.26692696470792393,0.1009174311926606
graph_065_mu_0_3_node_959,19,0.1111111111111111,0.00037939886400937384,0.41625,2.4024024024024024,0.01846361041320678,9.0,10.0,0.9000000000000002,0.5263157894736842,0.04098360655737706,0.013227513227513227,0.35714285714285704,0.35746816618644855,0.03688524590163934
graph_065_mu_0_3_node_960,20,0.15789473684210525,0.00032585699244711263,0.3928430987023201,2.5455455455455454,0.015629426343846963,14.0,6.0,2.3333333333333335,0.2999999999999999,0.05504587155963303,0.006734006734006732,0.17647058823529405,0.17666586259577063,0.12844036697247713
graph_065_mu_0_3_node_961,14,0.07692307692307693,0.00019900415012613778,0.3735976065818998,2.6766766766766765,0.007618609741439154,5.0,9.0,0.5555555555555556,0.6428571428571429,0.16363636363636364,0.009523809523809521,0.4736842105263158,0.47397692201036296,0.09090909090909091
graph_065_mu_0_3_node_962,32,0.10483870967741936,0.0011483031006195709,0.43989431968295906,2.2732732732732734,0.030082030992207475,13.0,19.0,0.6842105263157895,0.59375,0.17431192660550462,0.021324354657687998,0.4222222222222223,0.422840289298765,0.11926605504587152
graph_065_mu_0_3_node_963,23,0.07509881422924901,0.0007926903911126794,0.43023255813953487,2.324324324324324,0.017414439416762226,9.0,14.0,0.6428571428571429,0.608695652173913,0.18666666666666662,0.01513513513513514,0.4375,0.43795537340619295,0.10666666666666667
graph_065_mu_0_3_node_964,20,0.06535947712418301,0.0004768131621097322,0.4085889570552147,2.4474474474474475,0.01408598001235789,7.0,13.0,0.5384615384615384,0.6500000000000002,0.3170731707317073,0.013555787278415022,0.4814814814814816,0.48190428695843857,0.1463414634146341
graph_065_mu_0_3_node_965,26,0.11384615384615385,0.0008267978669623985,0.4528558476881233,2.2082082082082084,0.03257620707593318,12.0,14.0,0.8571428571428571,0.5384615384615384,0.05737704918032784,0.018518518518518517,0.36842105263157887,0.36887651492580775,0.04918032786885247
graph_065_mu_0_3_node_966,16,0.13333333333333333,0.00032819848558494457,0.40478119935170176,2.4704704704704703,0.012765516627807293,6.0,10.0,0.5999999999999998,0.625,0.18181818181818182,0.010582010582010583,0.45454545454545436,0.45487070010585273,0.10909090909090913
graph_065_mu_0_3_node_967,19,0.09941520467836257,0.0002797886480864146,0.4085889570552147,2.4474474474474475,0.018705244516414456,10.0,9.0,1.1111111111111112,0.4736842105263158,0.03688524590163934,0.01190476190476191,0.31034482758620696,0.31063763430124086,0.03278688524590163
graph_065_mu_0_3_node_968,45,0.11212121212121212,0.001886127224104663,0.4707822808671065,2.124124124124124,0.04830582241640746,30.0,15.0,2.0,0.33333333333333326,0.06147540983606558,0.019841269841269833,0.20000000000000004,0.2004885516073349,0.12295081967213116
graph_065_mu_0_3_node_969,21,0.19523809523809524,0.00045504050612590966,0.4227676682183665,2.3653653653653652,0.024570262010567577,12.0,9.0,1.333333333333333,0.42857142857142855,0.05325443786982251,0.010830324909747288,0.2727272727272726,0.27302011755205396,0.07100591715976333
graph_065_mu_0_3_node_970,140,0.06927029804727647,0.016233230873068816,0.5271767810026385,1.896896896896897,0.11994948060042558,90.0,50.0,1.8000000000000005,0.35714285714285704,0.20491803278688533,0.06613756613756615,0.2173913043478261,0.2190243306722105,0.36885245901639335
graph_065_mu_0_3_node_971,19,0.10526315789473684,0.0003088296148702266,0.4141791044776119,2.4144144144144146,0.018885252087289625,9.0,10.0,0.9000000000000002,0.5263157894736842,0.059171597633136064,0.012033694344163657,0.35714285714285704,0.35746816618644855,0.04142011834319526
graph_065_mu_0_3_node_972,54,0.11320754716981132,0.0028928099157110353,0.45616438356164385,2.1921921921921923,0.03805643192481196,32.0,22.0,1.4545454545454546,0.4074074074074074,0.2018348623853212,0.024691358024691353,0.2558139534883721,0.2565304258390527,0.29357798165137616
graph_065_mu_0_3_node_973,14,0.14285714285714285,0.000223381123638853,0.3903868698710434,2.5615615615615615,0.009928420181579068,7.0,7.0,1.0,0.5,0.17499999999999996,0.007291666666666668,0.33333333333333326,0.33356104225627015,0.17499999999999996
graph_065_mu_0_3_node_974,18,0.032679738562091505,0.0005238279931443799,0.3919183993723029,2.5515515515515514,0.008911614656652427,2.0,16.0,0.125,0.8888888888888892,0.6153846153846152,0.016427104722792605,0.8000000000000002,0.8005201560468138,0.0769230769230769
graph_065_mu_0_3_node_975,30,0.12169312169312169,0.0008958072386317752,0.4504057709648332,2.22022022022022,0.031502545484376934,15.0,15.0,1.0,0.5,0.08875739644970415,0.018050541516245487,0.33333333333333326,0.3338214080413019,0.08284023668639053
graph_065_mu_0_3_node_976,19,0.21637426900584794,0.00027766645150845815,0.4193954659949622,2.3843843843843846,0.019581652868759965,11.0,8.0,1.375,0.4210526315789473,0.07339449541284404,0.008978675645342315,0.2666666666666666,0.26692696470792393,0.1009174311926606
graph_065_mu_0_3_node_977,28,0.13227513227513227,0.0008226718183450551,0.4467799642218247,2.2382382382382384,0.028310983882825703,12.0,16.0,0.75,0.5714285714285712,0.14678899082568808,0.01795735129068463,0.4000000000000001,0.40052049446974625,0.11009174311926606
graph_065_mu_0_3_node_978,23,0.26877470355731226,0.00045410489765957887,0.40842191332788225,2.4484484484484486,0.021205930308450666,16.0,7.0,2.2857142857142847,0.3043478260869565,0.06422018348623856,0.007856341189674525,0.1794871794871794,0.17971502182028495,0.14678899082568808
graph_065_mu_0_3_node_979,18,0.23529411764705882,0.00040326887785805635,0.39595719381688466,2.5255255255255253,0.01486053178221576,11.0,7.0,1.5714285714285718,0.388888888888889,0.06422018348623856,0.007856341189674525,0.2413793103448275,0.24160707854187968,0.1009174311926606
graph_065_mu_0_3_node_980,40,0.07948717948717948,0.0016910380292811885,0.46164510166358597,2.166166166166166,0.03739126846107193,21.0,19.0,1.1052631578947367,0.47499999999999987,0.07786885245901641,0.02513227513227512,0.31147540983606564,0.31209379877015836,0.08196721311475412
graph_065_mu_0_3_node_981,21,0.12857142857142856,0.00045840198273165635,0.41469489414694893,2.4114114114114114,0.019128761400658098,9.0,12.0,0.75,0.5714285714285712,0.11009174311926606,0.013468013468013464,0.4000000000000001,0.4003903454557285,0.0825688073394495
graph_065_mu_0_3_node_982,19,0.1286549707602339,0.00032076215942446846,0.42420382165605097,2.3573573573573574,0.019779766029175153,9.0,10.0,0.9000000000000002,0.5263157894736842,0.059171597633136064,0.012033694344163657,0.35714285714285704,0.35746816618644855,0.05325443786982251
graph_065_mu_0_3_node_983,15,0.14285714285714285,0.0002383218717568367,0.43529411764705883,2.2972972972972974,0.023940319040451005,7.0,8.0,0.875,0.5333333333333332,0.03278688524590163,0.010582010582010583,0.36363636363636365,0.3638965939401826,0.02868852459016392
graph_065_mu_0_3_node_984,22,0.1471861471861472,0.00043445199224315985,0.4141791044776119,2.4144144144144146,0.020338199566798568,11.0,11.0,1.0,0.5,0.1009174311926606,0.012345679012345677,0.33333333333333326,0.3336912082072637,0.1009174311926606
graph_065_mu_0_3_node_985,19,0.19298245614035087,0.00034213405126384583,0.4085889570552147,2.4474474474474475,0.01787016172633101,13.0,6.0,2.166666666666667,0.31578947368421056,0.035502958579881665,0.007220216606498197,0.1875,0.18769526165061187,0.0769230769230769
graph_065_mu_0_3_node_986,24,0.2210144927536232,0.00047308745166221,0.43700787401574803,2.2882882882882885,0.028439821213343517,15.0,9.0,1.666666666666667,0.375,0.05325443786982251,0.010830324909747288,0.2307692307692308,0.23106213277723683,0.08875739644970415
graph_065_mu_0_3_node_987,24,0.14130434782608695,0.0004349862458225707,0.4428191489361702,2.2582582582582584,0.02979411276815344,16.0,8.0,2.0,0.33333333333333326,0.03278688524590163,0.010582010582010583,0.20000000000000004,0.20026038276266117,0.05737704918032784
graph_065_mu_0_3_node_988,18,0.1111111111111111,0.0002691076018735367,0.4197478991596639,2.3823823823823824,0.017901249341032203,10.0,8.0,1.25,0.4444444444444446,0.03278688524590163,0.010582010582010583,0.2857142857142856,0.28597456681787753,0.03688524590163934
graph_065_mu_0_3_node_989,17,0.25,0.0002561270149733369,0.43453675511091777,2.3013013013013013,0.029296559853943364,12.0,5.0,2.399999999999999,0.29411764705882354,0.02049180327868853,0.006613756613756613,0.17241379310344834,0.17257650585036494,0.04918032786885247
graph_065_mu_0_3_node_990,20,0.04736842105263158,0.0007058091437082388,0.42098609355246525,2.3753753753753752,0.015510124993996814,5.0,15.0,0.33333333333333326,0.75,0.375,0.015625,0.5999999999999998,0.6004877572919713,0.10000000000000002
graph_065_mu_0_3_node_991,17,0.25,0.00021665500606414705,0.39832535885167464,2.5105105105105103,0.016618684036209724,12.0,5.0,2.399999999999999,0.29411764705882354,0.04587155963302752,0.005611672278338946,0.17241379310344834,0.17257650585036494,0.11009174311926606
graph_065_mu_0_3_node_992,19,0.11695906432748537,0.0002840257739219034,0.3958003169572108,2.5265265265265264,0.014886083438274704,9.0,10.0,0.9000000000000002,0.5263157894736842,0.09174311926605504,0.011223344556677893,0.35714285714285704,0.35746816618644855,0.0825688073394495
graph_065_mu_0_3_node_993,32,0.12298387096774194,0.0012175464248341363,0.44203539823008847,2.2622622622622623,0.025284259237521596,15.0,17.0,0.8823529411764709,0.53125,0.23287671232876717,0.018338727076591156,0.3617021276595746,0.362255243000391,0.20547945205479448
graph_065_mu_0_3_node_994,20,0.22105263157894736,0.0003217662002222569,0.4079216006533279,2.4514514514514514,0.01928353066624962,13.0,7.0,1.8571428571428577,0.3499999999999999,0.06422018348623856,0.007856341189674525,0.21212121212121207,0.2123490099668954,0.11926605504587152
graph_065_mu_0_3_node_995,17,0.11029411764705882,0.000374264538066125,0.4243840271877655,2.3563563563563563,0.01775641797124887,3.0,14.0,0.21428571428571427,0.8235294117647061,0.25454545454545446,0.014814814814814812,0.6999999999999998,0.7004551957341654,0.054545454545454564
graph_065_mu_0_3_node_996,22,0.09523809523809523,0.000570895710681053,0.4046172539489672,2.4714714714714714,0.014937887072787814,8.0,14.0,0.5714285714285712,0.6363636363636365,0.34146341463414637,0.014598540145985404,0.46666666666666673,0.4671220104512239,0.17073170731707318
graph_065_mu_0_3_node_997,32,0.14919354838709678,0.000983330432511372,0.4296774193548387,2.3273273273273274,0.025214692388418516,17.0,15.0,1.133333333333333,0.46875,0.1376146788990826,0.01683501683501684,0.3061224489795918,0.3066105872203416,0.15596330275229356
graph_065_mu_0_3_node_998,18,0.16993464052287582,0.00028063894680762584,0.39161113288906313,2.5535535535535536,0.011038723637729826,10.0,8.0,1.25,0.4444444444444446,0.10666666666666667,0.008648648648648645,0.2857142857142856,0.28597456681787753,0.1333333333333333
graph_065_mu_0_3_node_999,19,0.05847953216374269,0.00042503614620669053,0.40445344129554656,2.4724724724724725,0.014057355457484147,5.0,14.0,0.35714285714285704,0.7368421052631577,0.5384615384615384,0.014373716632443528,0.5833333333333334,0.5837885882761016,0.19230769230769237
