,Degree,Clustering Coefficient,Betweenness,Closeness,Shortest Path,Eigenvector,E In,E Out,E In Over E Out,ODF,Expansion,Cut Ratio,Conductance,Normalised Cut,Triangle Participation
graph_063_mu_0_3_node_0,37,0.10084033613445378,0.0019610041988267313,0.42912371134020616,2.33033033033033,0.02089383327563174,19.0,18.0,1.0555555555555556,0.48648648648648657,0.7826086956521738,0.01842374616171955,0.32142857142857145,0.3220132147961173,0.7826086956521738
graph_063_mu_0_3_node_1,27,0.10541310541310542,0.0009863868457354375,0.4269230769230769,2.3423423423423424,0.0261407147393684,14.0,13.0,1.0769230769230769,0.4814814814814816,0.06914893617021278,0.016009852216748773,0.3170731707317073,0.31749534460239215,0.074468085106383
graph_063_mu_0_3_node_2,22,0.12105263157894737,0.0007478158101970135,0.4138359569179785,2.4164164164164164,0.01683757872258885,10.0,12.0,0.8333333333333335,0.5454545454545452,0.5217391304347825,0.01228249744114637,0.375,0.3753896103896103,0.3913043478260869
graph_063_mu_0_3_node_3,61,0.08360655737704918,0.003461516334625532,0.47011764705882353,2.1271271271271273,0.05754778824581582,39.0,22.0,1.7727272727272732,0.360655737704918,0.15172413793103448,0.02573099415204677,0.22000000000000006,0.22071540062434958,0.26896551724137924
graph_063_mu_0_3_node_4,25,0.18972332015810275,0.0006730433102371749,0.4134933774834437,2.4184184184184185,0.01998104245984518,13.0,12.0,1.0833333333333335,0.4800000000000002,0.41379310344827586,0.012358393408856852,0.31578947368421056,0.31617915998673685,0.41379310344827586
graph_063_mu_0_3_node_5,26,0.12307692307692308,0.0008048200032822855,0.4153846153846154,2.4074074074074074,0.01966518216845375,18.0,8.0,2.25,0.3076923076923076,0.08163265306122448,0.008869179600886916,0.18181818181818182,0.18207809085002066,0.1836734693877551
graph_063_mu_0_3_node_6,24,0.06159420289855073,0.0007495918952107045,0.40478119935170176,2.4704704704704703,0.015523042533378278,12.0,12.0,1.0,0.5,0.07843137254901958,0.0141676505312869,0.33333333333333326,0.33372299432826763,0.065359477124183
graph_063_mu_0_3_node_7,27,0.22333333333333333,0.0006914245032374225,0.3948616600790514,2.5325325325325325,0.015266043502532238,16.0,11.0,1.4545454545454546,0.4074074074074074,0.3666666666666666,0.011340206185567005,0.2558139534883721,0.25617124715128176,0.5
graph_063_mu_0_3_node_8,21,0.22380952380952382,0.00031788367274255695,0.4051094890510949,2.4684684684684686,0.02804112642460192,15.0,6.0,2.5,0.2857142857142856,0.04137931034482757,0.0070175438596491195,0.16666666666666663,0.16686157311157307,0.10344827586206896
graph_063_mu_0_3_node_9,32,0.08266129032258064,0.0012829981233423453,0.4459821428571429,2.2422422422422423,0.028622639738608967,20.0,12.0,1.666666666666667,0.375,0.07843137254901958,0.0141676505312869,0.2307692307692308,0.2311590943169891,0.11764705882352942
graph_063_mu_0_3_node_10,36,0.08888888888888889,0.0013723809249033363,0.4479820627802691,2.2322322322322323,0.03559661085286577,22.0,14.0,1.5714285714285718,0.388888888888889,0.074468085106383,0.01724137931034483,0.2413793103448275,0.24183418070677443,0.11702127659574474
graph_063_mu_0_3_node_11,36,0.2015873015873016,0.0014081413685454755,0.41469489414694893,2.4114114114114114,0.021058542674106902,22.0,14.0,1.5714285714285718,0.388888888888889,0.482758620689655,0.01441812564366632,0.2413793103448275,0.24183418070677443,0.7586206896551726
graph_063_mu_0_3_node_12,19,0.07017543859649122,0.0004412555075545686,0.3976910828025478,2.5145145145145147,0.01351424399352157,10.0,9.0,1.1111111111111112,0.4736842105263158,0.05882352941176471,0.010625737898465168,0.31034482758620696,0.31063706384298506,0.065359477124183
graph_063_mu_0_3_node_13,25,0.19666666666666666,0.0006038624063074057,0.3872093023255814,2.5825825825825826,0.012109169486939561,17.0,8.0,2.125,0.32,0.22857142857142862,0.008290155440414506,0.19047619047619055,0.19073608262095035,0.4857142857142857
graph_063_mu_0_3_node_14,19,0.16374269005847952,0.00042376483497888316,0.4114497528830313,2.4304304304304303,0.021041351222152196,13.0,6.0,2.166666666666667,0.31578947368421056,0.031914893617021274,0.007389162561576356,0.1875,0.18769488112251528,0.06914893617021278
graph_063_mu_0_3_node_15,22,0.23809523809523808,0.0005019550473738752,0.38962558502340094,2.5665665665665665,0.012870982801606468,14.0,8.0,1.75,0.36363636363636365,0.2758620689655173,0.0082389289392379,0.2222222222222223,0.22248206371890913,0.482758620689655
graph_063_mu_0_3_node_16,67,0.11346153846153846,0.004039007991296416,0.4631432545201669,2.159159159159159,0.05039411925157075,42.0,25.0,1.68,0.3731343283582091,0.2688172043010751,0.027563395810363826,0.22935779816513768,0.2301708327353676,0.4408602150537632
graph_063_mu_0_3_node_17,23,0.16205533596837945,0.00064793009726199,0.4317199654278306,2.3163163163163163,0.031977556278375896,12.0,11.0,1.0909090909090904,0.4782608695652175,0.07586206896551724,0.012865497076023386,0.3142857142857142,0.3146429151300073,0.08275862068965514
graph_063_mu_0_3_node_18,31,0.1978494623655914,0.0011144550242153577,0.4213412062420919,2.3733733733733735,0.020508545685526205,16.0,15.0,1.0666666666666664,0.4838709677419357,0.5,0.015463917525773198,0.3191489361702127,0.31963609150781136,0.5333333333333332
graph_063_mu_0_3_node_19,22,0.12554112554112554,0.0006094930639826176,0.42258883248730966,2.3663663663663663,0.023551187948931514,12.0,10.0,1.1999999999999995,0.45454545454545436,0.05319148936170215,0.012315270935960597,0.29411764705882354,0.29444238564426234,0.06382978723404255
graph_063_mu_0_3_node_20,50,0.13551020408163264,0.0024698228845555417,0.46121883656509693,2.1681681681681684,0.048301931493387705,29.0,21.0,1.3809523809523807,0.42,0.22340425531914893,0.023178807947019868,0.2658227848101266,0.2665052455686329,0.30851063829787234
graph_063_mu_0_3_node_21,43,0.12804878048780488,0.0016413855209647106,0.4373905429071804,2.2862862862862863,0.03677902987261516,27.0,16.0,1.6875,0.37209302325581384,0.17021276595744675,0.01766004415011038,0.22857142857142862,0.2290914155717535,0.27659574468085113
graph_063_mu_0_3_node_22,27,0.21367521367521367,0.00047760331570600935,0.4190436241610738,2.3863863863863863,0.036344052631964725,21.0,6.0,3.5,0.2222222222222223,0.04137931034482757,0.0070175438596491195,0.125,0.1251949824515794,0.1448275862068966
graph_063_mu_0_3_node_23,46,0.11884057971014493,0.0025492455860044137,0.45867768595041325,2.18018018018018,0.038134523518672456,27.0,19.0,1.4210526315789476,0.4130434782608694,0.19387755102040807,0.021064301552106424,0.26027397260273977,0.2608913969682548,0.2755102040816326
graph_063_mu_0_3_node_24,25,0.16333333333333333,0.0006971509736520689,0.4227676682183665,2.3653653653653652,0.02950734261789717,13.0,12.0,1.0833333333333335,0.4800000000000002,0.08275862068965514,0.014035087719298239,0.31578947368421056,0.31617915998673685,0.08965517241379309
graph_063_mu_0_3_node_25,22,0.10822510822510822,0.0005326852425970505,0.4034733441033926,2.4784784784784786,0.021654204431278853,14.0,8.0,1.75,0.36363636363636365,0.05517241379310345,0.00935672514619883,0.2222222222222223,0.22248206371890913,0.08965517241379309
graph_063_mu_0_3_node_26,18,0.1830065359477124,0.0003386100785543216,0.4276541095890411,2.3383383383383385,0.026051437452130025,10.0,8.0,1.25,0.4444444444444446,0.04255319148936169,0.009852216748768471,0.2857142857142856,0.2859740597109086,0.05319148936170215
graph_063_mu_0_3_node_27,24,0.11594202898550725,0.0007687469099027607,0.39564356435643566,2.5275275275275275,0.013673779002203313,13.0,11.0,1.1818181818181819,0.4583333333333332,0.3548387096774193,0.011351909184726523,0.29729729729729737,0.2976545213417231,0.4193548387096773
graph_063_mu_0_3_node_28,27,0.05698005698005698,0.0010791310991812323,0.40104375752709753,2.4934934934934936,0.014501484925786188,10.0,17.0,0.5882352941176471,0.6296296296296297,0.4857142857142857,0.01761658031088082,0.4594594594594596,0.46001131792399447,0.2857142857142856
graph_063_mu_0_3_node_29,42,0.11962833914053426,0.001774669010723651,0.43586387434554974,2.294294294294294,0.03514763367634376,26.0,16.0,1.625,0.3809523809523811,0.17204301075268816,0.01764057331863286,0.23529411764705885,0.23581407085127046,0.2795698924731181
graph_063_mu_0_3_node_30,59,0.13325540619520748,0.0031009658840186393,0.4712264150943396,2.1221221221221223,0.05718009258252141,38.0,21.0,1.80952380952381,0.35593220338983056,0.22340425531914893,0.023178807947019868,0.21649484536082483,0.2171777055695849,0.404255319148936
graph_063_mu_0_3_node_31,30,0.16551724137931034,0.000878357929853781,0.44618133095131757,2.2412412412412412,0.03406837774530809,17.0,13.0,1.3076923076923077,0.43333333333333346,0.13978494623655904,0.014332965821389201,0.27659574468085113,0.2770180008279261,0.18279569892473116
graph_063_mu_0_3_node_32,20,0.17647058823529413,0.00039174584977066907,0.37387724550898205,2.674674674674675,0.009817276989004343,12.0,8.0,1.5,0.4000000000000001,0.5,0.008130081300813009,0.25,0.2502598077422707,0.6875
graph_063_mu_0_3_node_33,33,0.1913978494623656,0.0008509188845215646,0.42045454545454547,2.3783783783783785,0.028124838774330967,21.0,12.0,1.75,0.36363636363636365,0.12903225806451607,0.013230429988974642,0.2222222222222223,0.22261211110389087,0.21505376344086014
graph_063_mu_0_3_node_34,44,0.11522198731501057,0.0020546309836740294,0.43060344827586206,2.3223223223223224,0.029501871420548945,28.0,16.0,1.75,0.36363636363636365,0.16326530612244897,0.017738359201773832,0.2222222222222223,0.2227422430230543,0.2857142857142856
graph_063_mu_0_3_node_35,58,0.11857229280096794,0.002886168607499633,0.44778126400717166,2.2332332332332334,0.04212720965623007,41.0,17.0,2.411764705882353,0.29310344827586204,0.18279569892473116,0.018743109151047408,0.1717171717171717,0.17227014312529712,0.4408602150537632
graph_063_mu_0_3_node_36,22,0.1774891774891775,0.0005170466024165365,0.42857142857142855,2.3333333333333335,0.025920182918828093,13.0,9.0,1.444444444444444,0.4090909090909091,0.04787234042553191,0.011083743842364536,0.2571428571428571,0.2574351503454162,0.06914893617021278
graph_063_mu_0_3_node_37,32,0.17540322580645162,0.0010210658251141793,0.4293081220455522,2.329329329329329,0.03810255593614844,19.0,13.0,1.461538461538461,0.40625,0.08965517241379309,0.015204678362573101,0.2549019607843137,0.2553242718001342,0.1310344827586207
graph_063_mu_0_3_node_38,22,0.09956709956709957,0.0007538000708900778,0.42169691853102576,2.3713713713713713,0.020748162287299688,11.0,11.0,1.0,0.5,0.05851063829787237,0.013546798029556655,0.33333333333333326,0.3336905109805067,0.05851063829787237
graph_063_mu_0_3_node_39,35,0.10984848484848485,0.001362471098147615,0.4263764404609475,2.3453453453453452,0.02675519738784997,19.0,16.0,1.1875,0.45714285714285724,0.17204301075268816,0.01764057331863286,0.2962962962962963,0.2968160130506652,0.19354838709677416
graph_063_mu_0_3_node_40,36,0.06349206349206349,0.0015807736991650214,0.43023255813953487,2.324324324324324,0.02553310384323087,21.0,15.0,1.3999999999999997,0.41666666666666674,0.09803921568627454,0.017709563164108627,0.2631578947368421,0.26364520833938915,0.130718954248366
graph_063_mu_0_3_node_41,28,0.15873015873015872,0.0007487852424383509,0.42080876158382474,2.3763763763763763,0.023391433864740064,19.0,9.0,2.111111111111111,0.32142857142857145,0.09183673469387756,0.009977827050997784,0.19148936170212763,0.1917817688628541,0.19387755102040807
graph_063_mu_0_3_node_42,26,0.09538461538461539,0.00102263731458184,0.40104375752709753,2.4934934934934936,0.014683218291560838,12.0,14.0,0.8571428571428571,0.5384615384615384,0.4516129032258062,0.014447884416924663,0.36842105263157887,0.36887562760397963,0.3870967741935483
graph_063_mu_0_3_node_43,32,0.14516129032258066,0.0009726097357084059,0.4406704896338774,2.269269269269269,0.03856080026539428,20.0,12.0,1.666666666666667,0.375,0.08275862068965514,0.014035087719298239,0.2307692307692308,0.2311590943169891,0.13793103448275865
graph_063_mu_0_3_node_44,24,0.07971014492753623,0.0007700869884254212,0.4377738825591586,2.284284284284284,0.024117778271431564,8.0,16.0,0.5,0.6666666666666665,0.10457516339869284,0.018890200708382526,0.5,0.500519345624513,0.05228758169934642
graph_063_mu_0_3_node_45,25,0.16666666666666666,0.0006658671023632775,0.4072564207093355,2.4554554554554553,0.01946006639757195,16.0,9.0,1.7777777777777783,0.36,0.09183673469387756,0.009977827050997784,0.21951219512195133,0.21980454529248886,0.16326530612244897
graph_063_mu_0_3_node_46,27,0.1282051282051282,0.0009974483718153014,0.44301552106430153,2.2572572572572573,0.033598016827064654,14.0,13.0,1.0769230769230769,0.4814814814814816,0.06914893617021278,0.016009852216748773,0.3170731707317073,0.31749534460239215,0.074468085106383
graph_063_mu_0_3_node_47,23,0.1383399209486166,0.0006750049388230042,0.3991210547343188,2.5055055055055053,0.014770715730307324,11.0,12.0,0.9166666666666664,0.5217391304347825,0.41379310344827586,0.012358393408856852,0.3529411764705881,0.35333081216121764,0.3793103448275863
graph_063_mu_0_3_node_48,19,0.12280701754385964,0.0005131363876932701,0.3823191733639495,2.6156156156156154,0.0091487750061358,10.0,9.0,1.1111111111111112,0.4736842105263158,0.3913043478260869,0.009211873080859774,0.31034482758620696,0.31063706384298506,0.4347826086956522
graph_063_mu_0_3_node_49,24,0.14855072463768115,0.00046874312738919276,0.3994402239104358,2.5035035035035036,0.017581827314306738,17.0,7.0,2.4285714285714284,0.2916666666666667,0.0714285714285714,0.007760532150776056,0.17073170731707318,0.1709591203315952,0.17346938775510207
graph_063_mu_0_3_node_50,30,0.135632183908046,0.0008618124288398923,0.41469489414694893,2.4114114114114114,0.022445654032856272,20.0,10.0,2.0,0.33333333333333326,0.10204081632653059,0.011086474501108648,0.20000000000000004,0.2003249074013906,0.20408163265306117
graph_063_mu_0_3_node_51,27,0.1282051282051282,0.0007625217961541276,0.432842287694974,2.31031031031031,0.033964963599685906,14.0,13.0,1.0769230769230769,0.4814814814814816,0.08965517241379309,0.015204678362573101,0.3170731707317073,0.31749534460239215,0.09655172413793102
graph_063_mu_0_3_node_52,49,0.10204081632653061,0.002188905845072064,0.4434087882822903,2.255255255255255,0.03812515540498097,31.0,18.0,1.7222222222222217,0.3673469387755102,0.1836734693877551,0.019955654101995568,0.22500000000000006,0.22558509946690944,0.3163265306122449
graph_063_mu_0_3_node_53,30,0.1746031746031746,0.0006578351632735075,0.4171189979123173,2.3973973973973974,0.026158418385311803,19.0,11.0,1.7272727272727268,0.3666666666666666,0.11827956989247307,0.012127894156560091,0.22448979591836735,0.22484715922690188,0.19354838709677416
graph_063_mu_0_3_node_54,31,0.12688172043010754,0.0008656766619769249,0.4245643858903527,2.3553553553553552,0.02738388618468578,21.0,10.0,2.100000000000001,0.3225806451612903,0.10204081632653059,0.011086474501108648,0.19230769230769237,0.1926326208234189,0.21428571428571427
graph_063_mu_0_3_node_55,18,0.13725490196078433,0.00041305923658306804,0.4051094890510949,2.4684684684684686,0.014429313642808793,11.0,7.0,1.5714285714285718,0.388888888888889,0.04575163398692808,0.008264462809917356,0.2413793103448275,0.2416066347367348,0.07189542483660127
graph_063_mu_0_3_node_56,31,0.13118279569892474,0.0012299446253516684,0.45450409463148317,2.2002002002002,0.03305513476292935,15.0,16.0,0.9375,0.5161290322580643,0.16326530612244897,0.017738359201773832,0.3478260869565216,0.34834566869322364,0.1530612244897959
graph_063_mu_0_3_node_57,25,0.1225296442687747,0.0005780807098569758,0.39928057553956836,2.5045045045045047,0.01614501833047896,12.0,13.0,0.9230769230769232,0.5199999999999998,0.27659574468085113,0.013641133263378801,0.3513513513513515,0.3517734703889201,0.23404255319148948
graph_063_mu_0_3_node_58,40,0.17435897435897435,0.0013819868162771904,0.42312579415501905,2.3633633633633635,0.03604756018890567,28.0,12.0,2.3333333333333335,0.2999999999999999,0.1276595744680851,0.013245033112582785,0.17647058823529405,0.17686065454656705,0.297872340425532
graph_063_mu_0_3_node_59,32,0.11491935483870967,0.0011653901843237825,0.44125441696113077,2.2662662662662663,0.036601566977093616,16.0,16.0,1.0,0.5,0.1103448275862069,0.01871345029239766,0.33333333333333326,0.3338529488178747,0.1103448275862069
graph_063_mu_0_3_node_60,26,0.16,0.0006601276893881137,0.41816659690246966,2.3913913913913913,0.026435958095152732,16.0,10.0,1.6000000000000003,0.38461538461538475,0.1063829787234043,0.011037527593818985,0.2380952380952381,0.2384200610667185,0.17021276595744675
graph_063_mu_0_3_node_61,43,0.09080841638981174,0.0021040817835856745,0.4563727729556875,2.191191191191191,0.034762938736947614,23.0,20.0,1.15,0.4651162790697675,0.20408163265306117,0.022172949002217297,0.30303030303030304,0.3036800333922028,0.23469387755102036
graph_063_mu_0_3_node_62,27,0.1623931623931624,0.000715822087484188,0.3908450704225352,2.5585585585585586,0.014861495132551562,15.0,12.0,1.25,0.4444444444444446,0.34285714285714275,0.012435233160621758,0.2857142857142856,0.2861040226418596,0.42857142857142855
graph_063_mu_0_3_node_63,21,0.19047619047619047,0.0004208556655885509,0.3837879369957741,2.6056056056056054,0.012411838783180442,14.0,7.0,2.0,0.33333333333333326,0.148936170212766,0.007345225603357818,0.20000000000000004,0.20022736869457886,0.297872340425532
graph_063_mu_0_3_node_64,53,0.13570391872278664,0.002956461492232564,0.4595216191352346,2.176176176176176,0.04621620677831208,31.0,22.0,1.4090909090909096,0.41509433962264164,0.23655913978494614,0.024255788313120183,0.2619047619047619,0.26261979050590595,0.33333333333333326
graph_063_mu_0_3_node_65,31,0.16129032258064516,0.0009863150764033558,0.415211970074813,2.4084084084084085,0.02480858917506389,20.0,11.0,1.8181818181818175,0.3548387096774193,0.11827956989247307,0.012127894156560091,0.21568627450980402,0.21604366103958084,0.21505376344086014
graph_063_mu_0_3_node_66,41,0.13902439024390245,0.001716250833485311,0.45081227436823107,2.2182182182182184,0.042659115785915365,24.0,17.0,1.4117647058823524,0.41463414634146356,0.1808510638297873,0.018763796909492265,0.26153846153846155,0.262090822067428,0.2553191489361702
graph_063_mu_0_3_node_67,30,0.04827586206896552,0.001155672238953249,0.432842287694974,2.31031031031031,0.024566022618640583,9.0,21.0,0.42857142857142855,0.6999999999999998,0.13725490196078427,0.02479338842975207,0.5384615384615384,0.5391431132237986,0.04575163398692808
graph_063_mu_0_3_node_68,29,0.14532019704433496,0.001096835658838197,0.43950725912890454,2.275275275275275,0.028426617110470648,18.0,11.0,1.6363636363636365,0.3793103448275863,0.11224489795918367,0.012195121951219514,0.23404255319148948,0.23439989328179897,0.1836734693877551
graph_063_mu_0_3_node_69,27,0.13,0.0008483183202521269,0.4102669404517454,2.4374374374374375,0.017542379976639686,13.0,14.0,0.9285714285714288,0.5185185185185184,0.482758620689655,0.01441812564366632,0.3499999999999999,0.35045460449409005,0.41379310344827586
graph_063_mu_0_3_node_70,15,0.1523809523809524,0.0003244174577724395,0.3784090909090909,2.6426426426426426,0.008544106519194222,8.0,7.0,1.1428571428571423,0.46666666666666673,0.3043478260869565,0.00716479017400205,0.3043478260869565,0.3045751061934535,0.3478260869565216
graph_063_mu_0_3_node_71,43,0.17386489479512734,0.0019794932112291996,0.43134715025906734,2.3183183183183185,0.027284479410875973,28.0,15.0,1.866666666666667,0.34883720930232553,0.3191489361702127,0.01573976915005246,0.21126760563380287,0.2117551409801154,0.595744680851064
graph_063_mu_0_3_node_72,19,0.05847953216374269,0.0005655545793689357,0.38129770992366413,2.6226226226226226,0.009344773842997934,6.0,13.0,0.4615384615384616,0.6842105263157895,0.5652173913043478,0.01330603889457523,0.5199999999999998,0.520421954623649,0.26086956521739124
graph_063_mu_0_3_node_73,27,0.17663817663817663,0.0006375035516130349,0.40428976123027116,2.4734734734734736,0.021021919529238826,19.0,8.0,2.375,0.2962962962962963,0.08163265306122448,0.008869179600886916,0.1739130434782608,0.17417296939937335,0.19387755102040807
graph_063_mu_0_3_node_74,33,0.1827956989247312,0.0008859182220847118,0.4128099173553719,2.4224224224224224,0.022259819491781192,21.0,12.0,1.75,0.36363636363636365,0.2553191489361702,0.012591815320041971,0.2222222222222223,0.22261211110389087,0.4255319148936172
graph_063_mu_0_3_node_75,30,0.12183908045977011,0.0008860733206486984,0.41263940520446096,2.4234234234234235,0.02224352925451428,17.0,13.0,1.3076923076923077,0.43333333333333346,0.1326530612244898,0.014412416851441236,0.27659574468085113,0.2770180008279261,0.17346938775510207
graph_063_mu_0_3_node_76,31,0.12473118279569892,0.0008936370035703913,0.43302990897269183,2.309309309309309,0.030819380137058545,16.0,15.0,1.0666666666666664,0.4838709677419357,0.15957446808510636,0.016556291390728478,0.3191489361702127,0.31963609150781136,0.17021276595744675
graph_063_mu_0_3_node_77,16,0.08333333333333333,0.00026474259437291454,0.4090909090909091,2.4444444444444446,0.01807844264048705,8.0,8.0,1.0,0.5,0.04255319148936169,0.009852216748768471,0.33333333333333326,0.3335930735930735,0.04255319148936169
graph_063_mu_0_3_node_78,61,0.08743169398907104,0.0042138560786352,0.4714487966021708,2.121121121121121,0.04338851679698134,40.0,21.0,1.9047619047619049,0.3442622950819674,0.13725490196078427,0.02479338842975207,0.20792079207920802,0.2086037411182011,0.261437908496732
graph_063_mu_0_3_node_79,79,0.10970608339029392,0.005394405030134263,0.4646511627906977,2.1521521521521523,0.05223417272307313,55.0,24.0,2.2916666666666665,0.3037974683544303,0.24489795918367344,0.026607538802660754,0.17910447761194032,0.17988567675262118,0.5510204081632653
graph_063_mu_0_3_node_80,34,0.11942959001782531,0.0012198658409095845,0.44125441696113077,2.2662662662662663,0.03238449732773871,17.0,17.0,1.0,0.5,0.18279569892473116,0.018743109151047408,0.33333333333333326,0.3338854427159452,0.18279569892473116
graph_063_mu_0_3_node_81,32,0.19959677419354838,0.0007757957066498185,0.4193954659949622,2.3843843843843846,0.032137872780221156,23.0,9.0,2.5555555555555567,0.28125,0.09574468085106382,0.009933774834437085,0.16363636363636364,0.16392884681858072,0.24468085106382984
graph_063_mu_0_3_node_82,30,0.12873563218390804,0.0009797968238876478,0.45658135283363804,2.19019019019019,0.03556945501141168,17.0,13.0,1.3076923076923077,0.43333333333333346,0.06914893617021278,0.016009852216748773,0.27659574468085113,0.2770180008279261,0.09042553191489365
graph_063_mu_0_3_node_83,26,0.08923076923076922,0.0007172735630830585,0.4169449081803005,2.3983983983983985,0.02037331430749438,14.0,12.0,1.1666666666666667,0.4615384615384616,0.07843137254901958,0.0141676505312869,0.2999999999999999,0.3003897116134061,0.08496732026143788
graph_063_mu_0_3_node_84,29,0.1896551724137931,0.0008833694106291557,0.43548387096774194,2.2962962962962963,0.03122270918782706,17.0,12.0,1.4166666666666667,0.41379310344827586,0.12903225806451607,0.013230429988974642,0.26086956521739124,0.261259352783168,0.18279569892473116
graph_063_mu_0_3_node_85,17,0.08088235294117647,0.00043158807445829023,0.3958003169572108,2.5265265265265264,0.014080703456495845,5.0,12.0,0.41666666666666674,0.7058823529411762,0.5217391304347825,0.01228249744114637,0.5454545454545452,0.5458440293883333,0.2173913043478261
graph_063_mu_0_3_node_86,47,0.06382978723404255,0.0024356918247267906,0.4397007042253521,2.274274274274274,0.028825714971881057,32.0,15.0,2.133333333333333,0.3191489361702127,0.09803921568627454,0.017709563164108627,0.18987341772151906,0.19036107986918308,0.18954248366013077
graph_063_mu_0_3_node_87,32,0.12096774193548387,0.0012112545465591345,0.4213412062420919,2.3733733733733735,0.027709181461407995,15.0,17.0,0.8823529411764709,0.53125,0.18279569892473116,0.018743109151047408,0.3617021276595746,0.3622541653280272,0.16129032258064516
graph_063_mu_0_3_node_88,44,0.16957026713124274,0.001957210994629509,0.4366258741258741,2.29029029029029,0.028346974014681465,24.0,20.0,1.1999999999999995,0.45454545454545436,0.6666666666666665,0.020618556701030924,0.29411764705882354,0.29476741963842074,0.7666666666666668
graph_063_mu_0_3_node_89,37,0.09759759759759759,0.001446527196350493,0.43624454148471614,2.2922922922922924,0.0327515968916079,22.0,15.0,1.4666666666666663,0.4054054054054053,0.1530612244897959,0.01662971175166297,0.2542372881355933,0.2547246334034706,0.22448979591836735
graph_063_mu_0_3_node_90,26,0.15692307692307692,0.000785651525011498,0.4008828250401284,2.4944944944944947,0.020871314814276933,16.0,10.0,1.6000000000000003,0.38461538461538475,0.10752688172043007,0.01102535832414553,0.2380952380952381,0.2384200610667185,0.17204301075268816
graph_063_mu_0_3_node_91,51,0.13254901960784313,0.0026223004013778833,0.46357308584686774,2.1571571571571573,0.05048970867864867,28.0,23.0,1.217391304347826,0.45098039215686286,0.24468085106382984,0.02538631346578367,0.291139240506329,0.2918866003763535,0.297872340425532
graph_063_mu_0_3_node_92,34,0.09090909090909091,0.0013700257296863105,0.46079335793357934,2.17017017017017,0.03453882027907707,18.0,16.0,1.125,0.4705882352941177,0.08510638297872337,0.019704433497536943,0.3076923076923076,0.30821199068568184,0.09574468085106382
graph_063_mu_0_3_node_93,91,0.11086691086691086,0.007586244351158119,0.4906679764243615,2.038038038038038,0.07653922624686958,57.0,34.0,1.6764705882352937,0.37362637362637374,0.3617021276595746,0.03752759381898453,0.2297297297297298,0.23083621241653013,0.6063829787234043
graph_063_mu_0_3_node_94,28,0.09538461538461539,0.0007844794246378602,0.415211970074813,2.4084084084084085,0.021015667946592567,18.0,10.0,1.8000000000000005,0.35714285714285704,0.10204081632653059,0.011086474501108648,0.2173913043478261,0.21771616952877604,0.17346938775510207
graph_063_mu_0_3_node_95,86,0.11409028727770178,0.006717308296386203,0.472117202268431,2.118118118118118,0.05829623644857863,59.0,27.0,2.1851851851851842,0.313953488372093,0.29032258064516125,0.029768467475192954,0.18620689655172418,0.18708588864079537,0.6344086021505377
graph_063_mu_0_3_node_96,28,0.10052910052910052,0.0010320831037114698,0.4424269264836138,2.26026026026026,0.030826539423178687,14.0,14.0,1.0,0.5,0.074468085106383,0.01724137931034483,0.33333333333333326,0.3337879673529474,0.074468085106383
graph_063_mu_0_3_node_97,32,0.14919354838709678,0.0009121327070646591,0.42402376910016976,2.3583583583583585,0.03163727397217852,20.0,12.0,1.666666666666667,0.375,0.1276595744680851,0.013245033112582785,0.2307692307692308,0.2311590943169891,0.202127659574468
graph_063_mu_0_3_node_98,32,0.15524193548387097,0.0009155160469151406,0.43434782608695655,2.3023023023023024,0.029336928545946918,20.0,12.0,1.666666666666667,0.375,0.12244897959183672,0.013303769401330377,0.2307692307692308,0.2311590943169891,0.20408163265306117
graph_063_mu_0_3_node_99,34,0.1310483870967742,0.0009979784181948924,0.41607663473552686,2.4034034034034035,0.025669933680826634,23.0,11.0,2.09090909090909,0.3235294117647059,0.11827956989247307,0.012127894156560091,0.1929824561403509,0.193339912351965,0.23655913978494614
graph_063_mu_0_3_node_100,24,0.09782608695652174,0.0005855332380650833,0.40976210008203445,2.4404404404404403,0.018876187584364844,14.0,10.0,1.3999999999999997,0.41666666666666674,0.10204081632653059,0.011086474501108648,0.2631578947368421,0.26348267550982035,0.1428571428571428
graph_063_mu_0_3_node_101,41,0.15365853658536585,0.0017076371998301916,0.4538845979100409,2.2032032032032034,0.03795366053334798,26.0,15.0,1.7333333333333338,0.36585365853658547,0.16129032258064516,0.0165380374862183,0.2238805970149254,0.22436806898528705,0.2795698924731181
graph_063_mu_0_3_node_102,30,0.08505747126436781,0.000947845209997002,0.41625,2.4024024024024024,0.0241558062403265,18.0,12.0,1.5,0.4000000000000001,0.12244897959183672,0.013303769401330377,0.25,0.25038981288981293,0.17346938775510207
graph_063_mu_0_3_node_103,20,0.12631578947368421,0.00037244751480715565,0.38334612432847276,2.6086086086086087,0.013466533987368913,15.0,5.0,3.0,0.25,0.05102040816326529,0.005543237250554324,0.1428571428571428,0.14301957017091996,0.1530612244897959
graph_063_mu_0_3_node_104,23,0.09881422924901186,0.0006796851773412582,0.41555740432612315,2.4064064064064064,0.020666244233582112,16.0,7.0,2.2857142857142847,0.3043478260869565,0.0372340425531915,0.008620689655172415,0.1794871794871794,0.1797145777264674,0.074468085106383
graph_063_mu_0_3_node_105,25,0.16333333333333333,0.0007243720409174977,0.4104354971240756,2.4364364364364364,0.02089294339637407,13.0,12.0,1.0833333333333335,0.4800000000000002,0.2553191489361702,0.012591815320041971,0.31578947368421056,0.31617915998673685,0.27659574468085113
graph_063_mu_0_3_node_106,32,0.11693548387096774,0.0012007432894128348,0.4469798657718121,2.2372372372372373,0.03420214614428914,15.0,17.0,0.8823529411764709,0.53125,0.1808510638297873,0.018763796909492265,0.3617021276595746,0.3622541653280272,0.15957446808510636
graph_063_mu_0_3_node_107,33,0.07575757575757576,0.0011395106890743378,0.44223107569721115,2.2612612612612613,0.02957189175455449,22.0,11.0,2.0,0.33333333333333326,0.05851063829787237,0.013546798029556655,0.20000000000000004,0.200357432981316,0.11170212765957446
graph_063_mu_0_3_node_108,22,0.1341991341991342,0.0005594268668510476,0.42601279317697227,2.3473473473473474,0.02518324618265768,11.0,11.0,1.0,0.5,0.05851063829787237,0.013546798029556655,0.33333333333333326,0.3336905109805067,0.05851063829787237
graph_063_mu_0_3_node_109,29,0.0665024630541872,0.00091653212983559,0.40842191332788225,2.4484484484484486,0.0188760190798437,19.0,10.0,1.8999999999999995,0.3448275862068967,0.065359477124183,0.011806375442739079,0.20833333333333337,0.2086582196231319,0.11111111111111115
graph_063_mu_0_3_node_110,24,0.07608695652173914,0.0008424802175912207,0.4072564207093355,2.4554554554554553,0.015093383039747403,11.0,13.0,0.8461538461538461,0.5416666666666667,0.4193548387096773,0.013415892672858616,0.37142857142857155,0.371850663054923,0.3548387096774193
graph_063_mu_0_3_node_111,23,0.06719367588932806,0.0007668106077778777,0.41992433795712486,2.3813813813813813,0.02039072021100064,11.0,12.0,0.9166666666666664,0.5217391304347825,0.06382978723404255,0.014778325123152712,0.3529411764705881,0.35333081216121764,0.05319148936170215
graph_063_mu_0_3_node_112,29,0.11576354679802955,0.0008412296770145955,0.411619283065513,2.4294294294294296,0.021383567530308317,17.0,12.0,1.4166666666666667,0.41379310344827586,0.12244897959183672,0.013303769401330377,0.26086956521739124,0.261259352783168,0.17346938775510207
graph_063_mu_0_3_node_113,24,0.06521739130434782,0.0007859779530090377,0.42420382165605097,2.3573573573573574,0.022639418990183947,10.0,14.0,0.7142857142857141,0.5833333333333334,0.074468085106383,0.01724137931034483,0.41176470588235303,0.4122192218228762,0.04787234042553191
graph_063_mu_0_3_node_114,24,0.16304347826086957,0.0007569707077033496,0.436054124836316,2.2932932932932935,0.02909613720560542,14.0,10.0,1.3999999999999997,0.41666666666666674,0.05319148936170215,0.012315270935960597,0.2631578947368421,0.26348267550982035,0.074468085106383
graph_063_mu_0_3_node_115,27,0.10256410256410256,0.0007456126785401334,0.41729323308270677,2.3963963963963963,0.023155371732198386,16.0,11.0,1.4545454545454546,0.4074074074074074,0.11827956989247307,0.012127894156560091,0.2558139534883721,0.25617124715128176,0.17204301075268816
graph_063_mu_0_3_node_116,28,0.1349206349206349,0.0008122890518173641,0.4227676682183665,2.3653653653653652,0.03264331972995756,18.0,10.0,1.8000000000000005,0.35714285714285704,0.06896551724137932,0.011695906432748536,0.2173913043478261,0.21771616952877604,0.12413793103448276
graph_063_mu_0_3_node_117,24,0.13043478260869565,0.0005837385946046708,0.40217391304347827,2.4864864864864864,0.019149164320117477,15.0,9.0,1.666666666666667,0.375,0.09677419354838708,0.009922822491730984,0.2307692307692308,0.2310615619479751,0.16129032258064516
graph_063_mu_0_3_node_118,42,0.08478513356562137,0.0018555446730701972,0.46164510166358597,2.166166166166166,0.039699864002248564,21.0,21.0,1.0,0.5,0.11170212765957446,0.02586206896551724,0.33333333333333326,0.33401543941706985,0.1063829787234043
graph_063_mu_0_3_node_119,46,0.08985507246376812,0.0024568902312921267,0.46036866359447004,2.1721721721721723,0.03805067600572723,27.0,19.0,1.4210526315789476,0.4130434782608694,0.19387755102040807,0.021064301552106424,0.26027397260273977,0.2608913969682548,0.2755102040816326
graph_063_mu_0_3_node_120,25,0.12,0.0007752334984843836,0.43097497842968074,2.32032032032032,0.024712460118363463,9.0,16.0,0.5625,0.64,0.3404255319148935,0.0167890870933893,0.4705882352941177,0.4711076146358044,0.19148936170212763
graph_063_mu_0_3_node_121,29,0.11822660098522167,0.000963376772342459,0.42098609355246525,2.3753753753753752,0.02410650168408959,17.0,12.0,1.4166666666666667,0.41379310344827586,0.12244897959183672,0.013303769401330377,0.26086956521739124,0.261259352783168,0.16326530612244897
graph_063_mu_0_3_node_122,51,0.11054421768707483,0.0021772402416427496,0.455125284738041,2.1971971971971973,0.04112434682813162,34.0,17.0,2.0,0.33333333333333326,0.17346938775510207,0.018847006651884705,0.20000000000000004,0.2005527197060832,0.3367346938775509
graph_063_mu_0_3_node_123,19,0.07017543859649122,0.0005347766178617402,0.4141791044776119,2.4144144144144146,0.017290677148686803,10.0,9.0,1.1111111111111112,0.4736842105263158,0.04787234042553191,0.011083743842364536,0.31034482758620696,0.31063706384298506,0.05319148936170215
graph_063_mu_0_3_node_124,36,0.09365079365079365,0.0015310080493057255,0.43548387096774194,2.2962962962962963,0.027556426648415098,21.0,15.0,1.3999999999999997,0.41666666666666674,0.1530612244897959,0.01662971175166297,0.2631578947368421,0.26364520833938915,0.21428571428571427
graph_063_mu_0_3_node_125,35,0.1495798319327731,0.0012379233404786285,0.4263764404609475,2.3453453453453452,0.029299475405547483,22.0,13.0,1.6923076923076923,0.37142857142857155,0.13978494623655904,0.014332965821389201,0.22807017543859642,0.22849256878427673,0.23655913978494614
graph_063_mu_0_3_node_126,18,0.24183006535947713,0.0003075417288491859,0.38735944164404806,2.5815815815815815,0.012950911953397048,10.0,8.0,1.25,0.4444444444444446,0.2758620689655173,0.0082389289392379,0.2857142857142856,0.2859740597109086,0.3448275862068967
graph_063_mu_0_3_node_127,27,0.13675213675213677,0.0008234827289072595,0.4229466553767993,2.364364364364364,0.024971946029166282,16.0,11.0,1.4545454545454546,0.4074074074074074,0.05851063829787237,0.013546798029556655,0.2558139534883721,0.25617124715128176,0.08510638297872337
graph_063_mu_0_3_node_128,26,0.20923076923076922,0.0006443238717547285,0.42728828058169377,2.34034034034034,0.0378691872657492,16.0,10.0,1.6000000000000003,0.38461538461538475,0.06896551724137932,0.011695906432748536,0.2380952380952381,0.2384200610667185,0.1103448275862069
graph_063_mu_0_3_node_129,18,0.13725490196078433,0.0004732686204634304,0.4141791044776119,2.4144144144144146,0.019778788426265678,10.0,8.0,1.25,0.4444444444444446,0.04255319148936169,0.009852216748768471,0.2857142857142856,0.2859740597109086,0.05319148936170215
graph_063_mu_0_3_node_130,26,0.12307692307692308,0.0007147499144993789,0.40104375752709753,2.4934934934934936,0.019636581112494424,14.0,12.0,1.1666666666666667,0.4615384615384616,0.12903225806451607,0.013230429988974642,0.2999999999999999,0.3003897116134061,0.15053763440860218
graph_063_mu_0_3_node_131,24,0.3593073593073593,0.0003710126421221472,0.378839590443686,2.6396396396396398,0.01148167858191943,18.0,6.0,3.0,0.25,0.20000000000000004,0.00618556701030928,0.1428571428571428,0.14305208729797725,0.5666666666666665
graph_063_mu_0_3_node_132,21,0.1619047619047619,0.0004107442738302127,0.4049452776651804,2.4694694694694697,0.02158641673045593,12.0,9.0,1.333333333333333,0.42857142857142855,0.09574468085106382,0.009933774834437085,0.2727272727272726,0.27301954694543923,0.1276595744680851
graph_063_mu_0_3_node_133,47,0.12424242424242424,0.002043215411057626,0.44979738856371004,2.2232232232232234,0.03973276025142683,30.0,17.0,1.7647058823529418,0.3617021276595746,0.18279569892473116,0.018743109151047408,0.22077922077922085,0.22133179675841796,0.31182795698924737
graph_063_mu_0_3_node_134,119,0.05141717704030765,0.01448286624930259,0.518961038961039,1.926926926926927,0.09230296041239805,76.0,43.0,1.7674418604651159,0.36134453781512593,0.22872340425531912,0.052955665024630554,0.2205128205128206,0.22191351760393105,0.3989361702127659
graph_063_mu_0_3_node_135,237,0.045717403164211676,0.05461309781514836,0.5634517766497462,1.7747747747747749,0.17319329964068303,162.0,75.0,2.16,0.3164556962025316,0.3989361702127659,0.09236453201970443,0.18796992481203006,0.19042419360354806,0.8563829787234043
graph_063_mu_0_3_node_136,24,0.03985507246376811,0.0008078615567303448,0.4197478991596639,2.3823823823823824,0.01822442391016384,11.0,13.0,0.8461538461538461,0.5416666666666667,0.08496732026143788,0.015348288075560797,0.37142857142857155,0.371850663054923,0.065359477124183
graph_063_mu_0_3_node_137,27,0.1452991452991453,0.0007686713382111636,0.4099302421009438,2.4394394394394396,0.02238654103731407,17.0,10.0,1.6999999999999995,0.37037037037037035,0.10752688172043007,0.01102535832414553,0.22727272727272718,0.22759757134757133,0.18279569892473116
graph_063_mu_0_3_node_138,25,0.11666666666666667,0.0005675161452405115,0.4171189979123173,2.3973973973973974,0.02429171244548361,11.0,14.0,0.7857142857142859,0.5600000000000003,0.15053763440860218,0.01543550165380375,0.388888888888889,0.38934343434343427,0.11827956989247307
graph_063_mu_0_3_node_139,28,0.12962962962962962,0.0007670031915764003,0.43700787401574803,2.2882882882882885,0.026658931650862118,16.0,12.0,1.333333333333333,0.42857142857142855,0.12244897959183672,0.013303769401330377,0.2727272727272726,0.2731170349723033,0.1530612244897959
graph_063_mu_0_3_node_140,19,0.1111111111111111,0.0005347984774011071,0.3751408186256102,2.665665665665666,0.008451761805579924,6.0,13.0,0.4615384615384616,0.6842105263157895,0.8125,0.013211382113821137,0.5199999999999998,0.520421954623649,0.375
graph_063_mu_0_3_node_141,27,0.09401709401709402,0.00088095274975306,0.41400745959386653,2.4154154154154153,0.021250669175688075,13.0,14.0,0.9285714285714288,0.5185185185185184,0.1428571428571428,0.015521064301552112,0.3499999999999999,0.35045460449409005,0.12244897959183672
graph_063_mu_0_3_node_142,40,0.10256410256410256,0.0018126469295522845,0.46036866359447004,2.1721721721721723,0.039653654927490796,19.0,21.0,0.904761904761905,0.5250000000000002,0.11170212765957446,0.02586206896551724,0.35593220338983056,0.3566142208624686,0.101063829787234
graph_063_mu_0_3_node_143,28,0.11692307692307692,0.0010333358392246447,0.4229466553767993,2.364364364364364,0.021322599162520127,11.0,17.0,0.6470588235294118,0.6071428571428571,1.0625,0.017276422764227643,0.43589743589743607,0.4364493301934459,0.625
graph_063_mu_0_3_node_144,22,0.20346320346320346,0.0005855573128675257,0.4057676685621446,2.4644644644644647,0.01735905658992375,13.0,9.0,1.444444444444444,0.4090909090909091,0.2999999999999999,0.009278350515463916,0.2571428571428571,0.2574351503454162,0.43333333333333346
graph_063_mu_0_3_node_145,97,0.10257558790593505,0.009204850133648057,0.5025150905432596,1.98998998998999,0.08107755926922282,60.0,37.0,1.6216216216216213,0.3814432989690722,0.3978494623655914,0.040793825799338476,0.23566878980891726,0.23687302089109782,0.6344086021505377
graph_063_mu_0_3_node_146,22,0.1774891774891775,0.0005509397379482817,0.41799163179916315,2.3923923923923924,0.02374672518143742,12.0,10.0,1.1999999999999995,0.45454545454545436,0.1063829787234043,0.011037527593818985,0.29411764705882354,0.29444238564426234,0.1276595744680851
graph_063_mu_0_3_node_147,15,0.26666666666666666,0.0001123033899458388,0.42366412213740456,2.3603603603603602,0.024114421473594272,10.0,5.0,2.0,0.33333333333333326,0.026595744680851074,0.0061576354679802985,0.20000000000000004,0.20016237456564803,0.05319148936170215
graph_063_mu_0_3_node_148,25,0.20666666666666667,0.0007320081122269149,0.3991210547343188,2.5055055055055053,0.015037936775264596,14.0,11.0,1.272727272727273,0.4400000000000001,0.3793103448275863,0.011328527291452116,0.282051282051282,0.28240852929885435,0.482758620689655
graph_063_mu_0_3_node_149,21,0.08095238095238096,0.0005614294328992931,0.43134715025906734,2.3183183183183185,0.022343849458275732,11.0,10.0,1.0999999999999999,0.4761904761904762,0.05319148936170215,0.012315270935960597,0.3125,0.31282471749577867,0.05851063829787237
graph_063_mu_0_3_node_150,25,0.11,0.0006935235792635611,0.4046172539489672,2.4714714714714714,0.02021989076207358,12.0,13.0,0.9230769230769232,0.5199999999999998,0.13978494623655904,0.014332965821389201,0.3513513513513515,0.3517734703889201,0.12903225806451607
graph_063_mu_0_3_node_151,38,0.10241820768136557,0.0015935693002108618,0.45203619909502263,2.2122122122122123,0.03503693512696183,22.0,16.0,1.375,0.4210526315789473,0.08510638297872337,0.019704433497536943,0.2666666666666666,0.26718648473034445,0.11702127659574474
graph_063_mu_0_3_node_152,30,0.041379310344827586,0.0012882603059816242,0.43302990897269183,2.309309309309309,0.020911685591402655,16.0,14.0,1.1428571428571423,0.46666666666666673,0.09150326797385616,0.01652892561983471,0.3043478260869565,0.3048025191691261,0.07843137254901958
graph_063_mu_0_3_node_153,26,0.13846153846153847,0.0008481351123159952,0.39470564994073487,2.5335335335335336,0.013613339733398351,15.0,11.0,1.3636363636363635,0.4230769230769231,0.3548387096774193,0.011351909184726523,0.26829268292682934,0.2686499533805628,0.4838709677419357
graph_063_mu_0_3_node_154,22,0.1341991341991342,0.0007743876633605555,0.408255006129955,2.4494494494494496,0.01567403969284428,12.0,10.0,1.1999999999999995,0.45454545454545436,0.3225806451612903,0.010319917440660475,0.29411764705882354,0.29444238564426234,0.3870967741935483
graph_063_mu_0_3_node_155,28,0.12962962962962962,0.0007410077876403584,0.4169449081803005,2.3983983983983985,0.024788938446259977,17.0,11.0,1.5454545454545454,0.39285714285714296,0.11827956989247307,0.012127894156560091,0.24444444444444444,0.24480176131954592,0.18279569892473116
graph_063_mu_0_3_node_156,23,0.10276679841897234,0.0008094663336657952,0.4269230769230769,2.3423423423423424,0.019640526240554033,9.0,14.0,0.6428571428571429,0.608695652173913,0.4000000000000001,0.014507772020725394,0.4375,0.43795448643033374,0.2571428571428571
graph_063_mu_0_3_node_157,32,0.08669354838709678,0.0013029320826657897,0.4373905429071804,2.2862862862862863,0.02600422466980969,12.0,20.0,0.5999999999999998,0.625,0.4255319148936172,0.020986358866736613,0.45454545454545436,0.45519472087450275,0.2553191489361702
graph_063_mu_0_3_node_158,38,0.15647226173541964,0.0016426658011448243,0.44008810572687224,2.2722722722722724,0.029651921554915958,21.0,17.0,1.2352941176470587,0.4473684210526317,0.3617021276595746,0.01783840503672613,0.28813559322033905,0.28868784608718107,0.44680851063829785
graph_063_mu_0_3_node_159,25,0.20666666666666667,0.0004920106284416752,0.4185169669040637,2.3893893893893896,0.026200457641334194,15.0,10.0,1.5,0.4000000000000001,0.10752688172043007,0.01102535832414553,0.25,0.2503248018708587,0.16129032258064516
graph_063_mu_0_3_node_160,24,0.17028985507246377,0.0007126816664611517,0.3842307692307692,2.6026026026026026,0.011065606070894875,12.0,12.0,1.0,0.5,0.75,0.012195121951219514,0.33333333333333326,0.33372299432826763,0.75
graph_063_mu_0_3_node_161,69,0.12446717817561807,0.004578502500986172,0.471671388101983,2.12012012012012,0.05293748471013632,46.0,23.0,2.0,0.33333333333333326,0.24731182795698914,0.025358324145534735,0.20000000000000004,0.2007482351410261,0.4946236559139783
graph_063_mu_0_3_node_162,33,0.1870967741935484,0.0010645079623187394,0.4109419991772933,2.4334334334334335,0.020901023361887924,20.0,13.0,1.538461538461539,0.39393939393939387,0.27659574468085113,0.013641133263378801,0.24528301886792456,0.24570535732346518,0.404255319148936
graph_063_mu_0_3_node_163,24,0.11956521739130435,0.0005818148394480906,0.41298057048367093,2.4214214214214214,0.022065443261181584,13.0,11.0,1.1818181818181819,0.4583333333333332,0.11827956989247307,0.012127894156560091,0.29729729729729737,0.2976545213417231,0.13978494623655904
graph_063_mu_0_3_node_164,65,0.1,0.005052769659422193,0.4809821858449687,2.079079079079079,0.052159651362571134,36.0,29.0,1.2413793103448278,0.4461538461538463,0.31182795698924737,0.031973539140022045,0.28712871287128705,0.2880713424828586,0.3870967741935483
graph_063_mu_0_3_node_165,34,0.14260249554367202,0.0012034463591330765,0.4274711168164313,2.339339339339339,0.02973795201970149,20.0,14.0,1.4285714285714282,0.41176470588235303,0.15053763440860218,0.01543550165380375,0.2592592592592592,0.25971407051258916,0.21505376344086014
graph_063_mu_0_3_node_166,27,0.19666666666666666,0.000535490541410087,0.4134933774834437,2.4184184184184185,0.028361074306987418,16.0,11.0,1.4545454545454546,0.4074074074074074,0.11702127659574474,0.012141280353200888,0.2558139534883721,0.25617124715128176,0.15957446808510636
graph_063_mu_0_3_node_167,28,0.09523809523809523,0.0009495232502650213,0.421875,2.3703703703703702,0.02497936129172195,14.0,14.0,1.0,0.5,0.1428571428571428,0.015521064301552112,0.33333333333333326,0.3337879673529474,0.1326530612244898
graph_063_mu_0_3_node_168,37,0.13963963963963963,0.001498634351820946,0.4307891332470893,2.3213213213213213,0.030810953746522155,22.0,15.0,1.4666666666666663,0.4054054054054053,0.16129032258064516,0.0165380374862183,0.2542372881355933,0.2547246334034706,0.23655913978494614
graph_063_mu_0_3_node_169,32,0.11290322580645161,0.0012126356691738005,0.4296774193548387,2.3273273273273274,0.025484841616057043,18.0,14.0,1.2857142857142858,0.4375,0.1428571428571428,0.015521064301552112,0.28000000000000014,0.2804547521600727,0.1836734693877551
graph_063_mu_0_3_node_170,21,0.1523809523809524,0.0004834508538914179,0.39008199921905506,2.5635635635635636,0.01374648039527333,11.0,10.0,1.0999999999999999,0.4761904761904762,0.2127659574468086,0.010493179433368307,0.3125,0.31282471749577867,0.23404255319148948
graph_063_mu_0_3_node_171,27,0.07977207977207977,0.0009969719735779786,0.43453675511091777,2.3013013013013013,0.025395824142653997,12.0,15.0,0.8000000000000002,0.5555555555555556,0.07978723404255318,0.018472906403940885,0.38461538461538475,0.3851024134150211,0.06382978723404255
graph_063_mu_0_3_node_172,41,0.15853658536585366,0.0019481999820289602,0.43397046046915727,2.304304304304304,0.026495693352545074,20.0,21.0,0.9523809523809524,0.5121951219512193,0.6999999999999998,0.021649484536082467,0.3442622950819674,0.34494435685727665,0.6666666666666665
graph_063_mu_0_3_node_173,31,0.06896551724137931,0.001076927709786568,0.42875536480686693,2.3323323323323324,0.023776955674405693,17.0,14.0,1.2142857142857142,0.4516129032258062,0.1428571428571428,0.015521064301552112,0.2916666666666667,0.2921213892858691,0.16326530612244897
graph_063_mu_0_3_node_174,20,0.15263157894736842,0.0005756198863032598,0.38616157711635096,2.5895895895895897,0.011461738051712422,10.0,10.0,1.0,0.5,0.4347826086956522,0.01023541453428864,0.33333333333333326,0.333658029742191,0.4347826086956522
graph_063_mu_0_3_node_175,22,0.15584415584415584,0.0006064192457625442,0.436054124836316,2.2932932932932935,0.02812620187652137,12.0,10.0,1.1999999999999995,0.45454545454545436,0.05319148936170215,0.012315270935960597,0.29411764705882354,0.29444238564426234,0.06382978723404255
graph_063_mu_0_3_node_176,39,0.1106612685560054,0.0018084522618869862,0.43989431968295906,2.2732732732732734,0.035837616565668105,19.0,20.0,0.9499999999999997,0.5128205128205128,0.2127659574468086,0.02207505518763797,0.3448275862068967,0.345477147752853,0.202127659574468
graph_063_mu_0_3_node_177,25,0.07,0.0006423952220946711,0.4153846153846154,2.4074074074074074,0.02105107005298139,14.0,11.0,1.272727272727273,0.4400000000000001,0.11224489795918367,0.012195121951219514,0.282051282051282,0.28240852929885435,0.12244897959183672
graph_063_mu_0_3_node_178,104,0.06534727408513816,0.012314941846232755,0.5120451050743209,1.952952952952953,0.08710816870072946,65.0,39.0,1.666666666666667,0.375,0.20744680851063835,0.048029556650246316,0.2307692307692308,0.23203888600900024,0.34574468085106397
graph_063_mu_0_3_node_179,19,0.2222222222222222,0.00035812532132770445,0.4000800961153384,2.4994994994994997,0.016478503820928816,11.0,8.0,1.375,0.4210526315789473,0.17021276595744675,0.00839454354669465,0.2666666666666666,0.2669264575350177,0.23404255319148948
graph_063_mu_0_3_node_180,29,0.14285714285714285,0.0010209610767025101,0.39832535885167464,2.5105105105105103,0.01495244425059335,17.0,12.0,1.4166666666666667,0.41379310344827586,0.3870967741935483,0.012383900928792572,0.26086956521739124,0.261259352783168,0.5483870967741937
graph_063_mu_0_3_node_181,30,0.08045977011494253,0.001205242483948959,0.4213412062420919,2.3733733733733735,0.021409694273697277,12.0,18.0,0.6666666666666665,0.5999999999999998,0.5142857142857142,0.01865284974093264,0.42857142857142855,0.4291558062092442,0.3142857142857142
graph_063_mu_0_3_node_182,36,0.13015873015873017,0.0014465634927070233,0.42875536480686693,2.3323323323323324,0.027001452791653942,19.0,17.0,1.1176470588235292,0.4722222222222222,0.17346938775510207,0.018847006651884705,0.309090909090909,0.30964309020631486,0.19387755102040807
graph_063_mu_0_3_node_183,56,0.12467532467532468,0.0031905488155328054,0.47301136363636365,2.114114114114114,0.06148156071492529,37.0,19.0,1.947368421052631,0.3392857142857144,0.1310344827586207,0.022222222222222213,0.20430107526881716,0.20491890117198117,0.25517241379310335
graph_063_mu_0_3_node_184,44,0.12473572938689217,0.0020273626728325375,0.4320934256055363,2.314314314314314,0.027803074900422022,24.0,20.0,1.1999999999999995,0.45454545454545436,0.4255319148936172,0.020986358866736613,0.29411764705882354,0.29476741963842074,0.5106382978723404
graph_063_mu_0_3_node_185,43,0.17804878048780487,0.0019198516289273926,0.42098609355246525,2.3753753753753752,0.023254293311408224,25.0,18.0,1.3888888888888888,0.4186046511627906,0.5999999999999998,0.01855670103092783,0.2647058823529412,0.2652907536812489,0.8000000000000002
graph_063_mu_0_3_node_186,22,0.15151515151515152,0.00048251888088803534,0.4060975609756098,2.4624624624624625,0.019731718960258958,11.0,11.0,1.0,0.5,0.11827956989247307,0.012127894156560091,0.33333333333333326,0.3336905109805067,0.11827956989247307
graph_063_mu_0_3_node_187,35,0.06554621848739496,0.0017567743853716554,0.43567378979502835,2.295295295295295,0.025453948398448695,17.0,18.0,0.9444444444444444,0.5142857142857142,0.11764705882352942,0.021251475796930337,0.34615384615384615,0.34673841357395513,0.09803921568627454
graph_063_mu_0_3_node_188,28,0.12169312169312169,0.0008582506392484004,0.4443950177935943,2.25025025025025,0.03188985651254164,14.0,14.0,1.0,0.5,0.074468085106383,0.01724137931034483,0.33333333333333326,0.3337879673529474,0.074468085106383
graph_063_mu_0_3_node_189,53,0.13642960812772134,0.0028576913189450274,0.4705605275553462,2.125125125125125,0.047632144427303395,32.0,21.0,1.5238095238095244,0.3962264150943397,0.2258064516129031,0.023153252480705617,0.24705882352941178,0.24774141738606703,0.3440860215053763
graph_063_mu_0_3_node_190,39,0.06072874493927125,0.002081457601083472,0.43586387434554974,2.294294294294294,0.024214735446451134,20.0,19.0,1.0526315789473684,0.48717948717948717,0.12418300653594773,0.022432113341204256,0.3220338983050847,0.3226510419046561,0.12418300653594773
graph_063_mu_0_3_node_191,31,0.11182795698924732,0.0009745049808912484,0.4167709637046308,2.3993993993993996,0.024466276689835368,18.0,13.0,1.3846153846153846,0.4193548387096773,0.13978494623655904,0.014332965821389201,0.2653061224489796,0.26572840602864506,0.19354838709677416
graph_063_mu_0_3_node_192,23,0.15810276679841898,0.0005878353367183833,0.4121287128712871,2.4264264264264264,0.01891589507878189,11.0,12.0,0.9166666666666664,0.5217391304347825,0.2553191489361702,0.012591815320041971,0.3529411764705881,0.35333081216121764,0.23404255319148948
graph_063_mu_0_3_node_193,15,0.2,0.00023529051740123007,0.3675496688741722,2.720720720720721,0.006882118790131403,10.0,5.0,2.0,0.33333333333333326,0.16129032258064516,0.005159958720330237,0.20000000000000004,0.20016237456564803,0.3225806451612903
graph_063_mu_0_3_node_194,21,0.14761904761904762,0.0005192681115934296,0.40842191332788225,2.4484484484484486,0.01816974353949464,11.0,10.0,1.0999999999999999,0.4761904761904762,0.10752688172043007,0.01102535832414553,0.3125,0.31282471749577867,0.11827956989247307
graph_063_mu_0_3_node_195,22,0.18614718614718614,0.0005181581251389398,0.38917023763147646,2.5695695695695697,0.013872905357361513,12.0,10.0,1.1999999999999995,0.45454545454545436,0.2857142857142856,0.010362694300518137,0.29411764705882354,0.29444238564426234,0.34285714285714275
graph_063_mu_0_3_node_196,17,0.08823529411764706,0.0004216175373886421,0.38188073394495414,2.6186186186186187,0.009944517226111192,6.0,11.0,0.5454545454545452,0.6470588235294118,0.6875,0.011178861788617886,0.4782608695652175,0.47861793127197233,0.375
graph_063_mu_0_3_node_197,21,0.1380952380952381,0.0003709329029315214,0.41590341382181517,2.4044044044044046,0.022689948888806093,15.0,6.0,2.5,0.2857142857142856,0.031914893617021274,0.007389162561576356,0.16666666666666663,0.16686157311157307,0.07978723404255318
graph_063_mu_0_3_node_198,34,0.16042780748663102,0.0010927795375417501,0.4107730263157895,2.4344344344344346,0.022289210710228064,19.0,15.0,1.2666666666666662,0.44117647058823545,0.3191489361702127,0.01573976915005246,0.2830188679245283,0.2835061182087576,0.404255319148936
graph_063_mu_0_3_node_199,18,0.0915032679738562,0.00034820962786245976,0.39377217185652347,2.5395395395395397,0.013182506961618405,12.0,6.0,2.0,0.33333333333333326,0.03921568627450979,0.00708382526564345,0.20000000000000004,0.2001948684637869,0.07189542483660127
graph_063_mu_0_3_node_200,16,0.11666666666666667,0.0003355880610907339,0.4274711168164313,2.339339339339339,0.02084111461374058,7.0,9.0,0.777777777777778,0.5625,0.04787234042553191,0.011083743842364536,0.3913043478260869,0.3915965271592689,0.0372340425531915
graph_063_mu_0_3_node_201,20,0.11052631578947368,0.0004764526796200857,0.421875,2.3703703703703702,0.020017382211862497,11.0,9.0,1.2222222222222217,0.4500000000000001,0.05882352941176471,0.010625737898465168,0.29032258064516125,0.2906148358814011,0.05882352941176471
graph_063_mu_0_3_node_202,22,0.08658008658008658,0.0007526511816243605,0.42601279317697227,2.3473473473473474,0.02284197163386804,8.0,14.0,0.5714285714285712,0.6363636363636365,0.074468085106383,0.01724137931034483,0.46666666666666673,0.46712112359064234,0.04255319148936169
graph_063_mu_0_3_node_203,39,0.1524966261808367,0.0013812128082467926,0.42402376910016976,2.3583583583583585,0.0353360795391434,25.0,14.0,1.7857142857142854,0.3589743589743588,0.148936170212766,0.015452538631346576,0.21875,0.21920495905368517,0.2659574468085106
graph_063_mu_0_3_node_204,15,0.2,0.0003824250985303834,0.39658594680428744,2.5215215215215214,0.01159696116049011,8.0,7.0,1.1428571428571423,0.46666666666666673,0.4375,0.00711382113821138,0.3043478260869565,0.3045751061934535,0.5
graph_063_mu_0_3_node_205,24,0.14855072463768115,0.0007746382246530501,0.39361702127659576,2.5405405405405403,0.012607250603276946,12.0,12.0,1.0,0.5,0.3870967741935483,0.012383900928792572,0.33333333333333326,0.33372299432826763,0.3870967741935483
graph_063_mu_0_3_node_206,16,0.14166666666666666,0.0003423450750783954,0.41590341382181517,2.4044044044044046,0.02030216626046314,8.0,8.0,1.0,0.5,0.04255319148936169,0.009852216748768471,0.33333333333333326,0.3335930735930735,0.04255319148936169
graph_063_mu_0_3_node_207,38,0.09815078236130868,0.0016097935151145127,0.440864960282436,2.2682682682682684,0.028228509795784413,23.0,15.0,1.5333333333333337,0.3947368421052631,0.09803921568627454,0.017709563164108627,0.24590163934426232,0.2463890162815856,0.14379084967320255
graph_063_mu_0_3_node_208,34,0.10160427807486631,0.0015119474678995854,0.4373905429071804,2.2862862862862863,0.03170030306263349,18.0,16.0,1.125,0.4705882352941177,0.08510638297872337,0.019704433497536943,0.3076923076923076,0.30821199068568184,0.09574468085106382
graph_063_mu_0_3_node_209,20,0.1,0.0005081124862822792,0.42528735632183906,2.3513513513513513,0.021505560200059923,9.0,11.0,0.8181818181818182,0.5499999999999999,0.05851063829787237,0.013546798029556655,0.3793103448275863,0.3796674760895583,0.04787234042553191
graph_063_mu_0_3_node_210,19,0.05847953216374269,0.0005155665657079026,0.40842191332788225,2.4484484484484486,0.015270630909422078,7.0,12.0,0.5833333333333334,0.6315789473684211,0.07843137254901958,0.0141676505312869,0.4615384615384616,0.4619279960447267,0.03921568627450979
graph_063_mu_0_3_node_211,22,0.19913419913419914,0.00046613093287914057,0.39161113288906313,2.5535535535535536,0.014455674001360603,14.0,8.0,1.75,0.36363636363636365,0.17021276595744675,0.00839454354669465,0.2222222222222223,0.22248206371890913,0.297872340425532
graph_063_mu_0_3_node_212,22,0.1645021645021645,0.00046832791541399557,0.39470564994073487,2.5335335335335336,0.01660846209852764,14.0,8.0,1.75,0.36363636363636365,0.08163265306122448,0.008869179600886916,0.2222222222222223,0.22248206371890913,0.1428571428571428
graph_063_mu_0_3_node_213,17,0.125,0.000384388957699,0.43228039809606233,2.3133133133133135,0.023873088034672647,7.0,10.0,0.6999999999999998,0.5882352941176471,0.05319148936170215,0.012315270935960597,0.41666666666666674,0.41699129983119065,0.0372340425531915
graph_063_mu_0_3_node_214,41,0.07317073170731707,0.0018766083576239525,0.43950725912890454,2.275275275275275,0.02948732883918565,26.0,15.0,1.7333333333333338,0.36585365853658547,0.09803921568627454,0.017709563164108627,0.2238805970149254,0.22436806898528705,0.15032679738562088
graph_063_mu_0_3_node_215,19,0.1286549707602339,0.0005386603986484495,0.4185169669040637,2.3893893893893896,0.024414390445312156,7.0,12.0,0.5833333333333334,0.6315789473684211,0.08275862068965514,0.014035087719298239,0.4615384615384616,0.4619279960447267,0.04827586206896551
graph_063_mu_0_3_node_216,15,0.1619047619047619,0.00021460448526690003,0.4186923721709975,2.3883883883883885,0.022623596122313457,7.0,8.0,0.875,0.5333333333333332,0.04255319148936169,0.009852216748768471,0.36363636363636365,0.3638960870309483,0.0372340425531915
graph_063_mu_0_3_node_217,25,0.09,0.0006595141975359049,0.4201009251471825,2.3803803803803802,0.02062078197302627,14.0,11.0,1.272727272727273,0.4400000000000001,0.07189542483660127,0.012987012987012988,0.282051282051282,0.28240852929885435,0.09150326797385616
graph_063_mu_0_3_node_218,43,0.1184939091915836,0.0018356116292248485,0.46228597871355853,2.1631631631631634,0.05074821973712514,25.0,18.0,1.3888888888888888,0.4186046511627906,0.12413793103448276,0.02105263157894738,0.2647058823529412,0.2652907536812489,0.17241379310344834
graph_063_mu_0_3_node_219,21,0.1871345029239766,0.0004200487204886705,0.3870592793490895,2.5835835835835836,0.011235719357158674,12.0,9.0,1.333333333333333,0.42857142857142855,0.2571428571428571,0.00932642487046632,0.2727272727272726,0.27301954694543923,0.3142857142857142
graph_063_mu_0_3_node_220,22,0.1341991341991342,0.0004660196400331261,0.40842191332788225,2.4484484484484486,0.026101846325070326,12.0,10.0,1.1999999999999995,0.45454545454545436,0.06896551724137932,0.011695906432748536,0.29411764705882354,0.29444238564426234,0.08275862068965514
graph_063_mu_0_3_node_221,49,0.04591836734693878,0.0025096510279167187,0.44321206743566993,2.2562562562562563,0.0337818393019508,32.0,17.0,1.8823529411764708,0.34693877551020413,0.09042553191489365,0.020935960591133004,0.20987654320987656,0.21042919104317193,0.14361702127659579
graph_063_mu_0_3_node_222,28,0.15079365079365079,0.000942639491406759,0.42912371134020616,2.33033033033033,0.035518911593575786,17.0,11.0,1.5454545454545454,0.39285714285714296,0.07586206896551724,0.012865497076023386,0.24444444444444444,0.24480176131954592,0.11724137931034483
graph_063_mu_0_3_node_223,41,0.10975609756097561,0.0025469980659160074,0.45121951219512196,2.2162162162162162,0.02857546373401736,20.0,21.0,0.9523809523809524,0.5121951219512193,0.6774193548387099,0.021671826625387004,0.3442622950819674,0.34494435685727665,0.6451612903225806
graph_063_mu_0_3_node_224,22,0.16883116883116883,0.0005983542524172207,0.4008828250401284,2.4944944944944947,0.014971796913843292,13.0,9.0,1.444444444444444,0.4090909090909091,0.2571428571428571,0.00932642487046632,0.2571428571428571,0.2574351503454162,0.37142857142857155
graph_063_mu_0_3_node_225,40,0.057692307692307696,0.0019421000155059132,0.4385425812115891,2.28028028028028,0.030200597846743043,21.0,19.0,1.1052631578947367,0.47499999999999987,0.12418300653594773,0.022432113341204256,0.31147540983606564,0.31209259352942276,0.12418300653594773
graph_063_mu_0_3_node_226,15,0.23809523809523808,0.0002192081958895679,0.3804265041888804,2.6286286286286287,0.010785176989314096,8.0,7.0,1.1428571428571423,0.46666666666666673,0.2413793103448275,0.00720906282183316,0.3043478260869565,0.3045751061934535,0.2758620689655173
graph_063_mu_0_3_node_227,18,0.20261437908496732,0.0003710782743742709,0.4211635750421585,2.374374374374374,0.02294207732958813,10.0,8.0,1.25,0.4444444444444446,0.04255319148936169,0.009852216748768471,0.2857142857142856,0.2859740597109086,0.05319148936170215
graph_063_mu_0_3_node_228,24,0.14855072463768115,0.0005560687230387429,0.4317199654278306,2.3163163163163163,0.023012054933596215,17.0,7.0,2.4285714285714284,0.2916666666666667,0.04575163398692808,0.008264462809917356,0.17073170731707318,0.1709591203315952,0.11111111111111115
graph_063_mu_0_3_node_229,32,0.1592741935483871,0.0009588131507164818,0.4381578947368421,2.2822822822822824,0.040624335920528526,20.0,12.0,1.666666666666667,0.375,0.08275862068965514,0.014035087719298239,0.2307692307692308,0.2311590943169891,0.13793103448275865
graph_063_mu_0_3_node_230,16,0.13333333333333333,0.00032610404192809497,0.4072564207093355,2.4554554554554553,0.01706084845224187,7.0,9.0,0.777777777777778,0.5625,0.04787234042553191,0.011083743842364536,0.3913043478260869,0.3915965271592689,0.0372340425531915
graph_063_mu_0_3_node_231,38,0.1593172119487909,0.0014459613421647557,0.4300473525613431,2.325325325325325,0.03402911084385515,21.0,17.0,1.2352941176470587,0.4473684210526317,0.1808510638297873,0.018763796909492265,0.28813559322033905,0.28868784608718107,0.22340425531914893
graph_063_mu_0_3_node_232,25,0.11333333333333333,0.0009619036198026344,0.4347258485639687,2.3003003003003,0.023810997091274495,11.0,14.0,0.7857142857142859,0.5600000000000003,0.09150326797385616,0.01652892561983471,0.388888888888889,0.38934343434343427,0.07189542483660127
graph_063_mu_0_3_node_233,26,0.04923076923076923,0.0011378595349479568,0.4104354971240756,2.4364364364364364,0.015594711272843146,8.0,18.0,0.4444444444444446,0.6923076923076923,0.5806451612903225,0.01857585139318885,0.5294117647058824,0.5299959906065641,0.25806451612903214
graph_063_mu_0_3_node_234,27,0.18803418803418803,0.0007236516600758427,0.427105600684053,2.3413413413413413,0.027219335634919097,16.0,11.0,1.4545454545454546,0.4074074074074074,0.11827956989247307,0.012127894156560091,0.2558139534883721,0.25617124715128176,0.17204301075268816
graph_063_mu_0_3_node_235,17,0.25,0.0002339074188051992,0.4111111111111111,2.4324324324324325,0.02795267723888219,12.0,5.0,2.399999999999999,0.29411764705882354,0.03448275862068966,0.005847953216374268,0.17241379310344834,0.1725761887642362,0.08275862068965514
graph_063_mu_0_3_node_236,46,0.10048309178743961,0.0020173775395169406,0.4410596026490066,2.2672672672672673,0.044261291288890614,30.0,16.0,1.875,0.3478260869565216,0.1103448275862069,0.01871345029239766,0.21052631578947364,0.2110464042045042,0.20000000000000004
graph_063_mu_0_3_node_237,17,0.23529411764705882,0.0002828650253850824,0.3751408186256102,2.665665665665666,0.008575432144416814,12.0,5.0,2.399999999999999,0.29411764705882354,0.16129032258064516,0.005159958720330237,0.17241379310344834,0.1725761887642362,0.3870967741935483
graph_063_mu_0_3_node_238,14,0.12087912087912088,0.00023194855853032883,0.40925850061450225,2.4434434434434436,0.017656676640700638,6.0,8.0,0.75,0.5714285714285712,0.04255319148936169,0.009852216748768471,0.4000000000000001,0.4002597065316192,0.031914893617021274
graph_063_mu_0_3_node_239,23,0.11462450592885376,0.00046619674045321523,0.4065934065934066,2.4594594594594597,0.01976675295176995,15.0,8.0,1.875,0.3478260869565216,0.08163265306122448,0.008869179600886916,0.21052631578947364,0.2107861741666581,0.1326530612244898
graph_063_mu_0_3_node_240,44,0.13107822410147993,0.0017756553309287912,0.4451871657754011,2.2462462462462462,0.047732431067368054,27.0,17.0,1.5882352941176476,0.38636363636363635,0.11724137931034483,0.019883040935672513,0.23943661971830987,0.23998908795138651,0.18620689655172418
graph_063_mu_0_3_node_241,20,0.14210526315789473,0.000399838987646252,0.42420382165605097,2.3573573573573574,0.027584038296930326,10.0,10.0,1.0,0.5,0.06896551724137932,0.011695906432748536,0.33333333333333326,0.333658029742191,0.06896551724137932
graph_063_mu_0_3_node_242,27,0.21082621082621084,0.0006278955379216466,0.43529411764705883,2.2972972972972974,0.03331211710297601,17.0,10.0,1.6999999999999995,0.37037037037037035,0.1063829787234043,0.011037527593818985,0.22727272727272718,0.22759757134757133,0.1808510638297873
graph_063_mu_0_3_node_243,54,0.17647058823529413,0.002717448844381865,0.4536784741144414,2.204204204204204,0.039467562991038325,33.0,21.0,1.5714285714285718,0.388888888888889,0.44680851063829785,0.022035676810073453,0.2413793103448275,0.24206194857907,0.680851063829787
graph_063_mu_0_3_node_244,21,0.2,0.0003729371004870336,0.4122988031366075,2.4254254254254253,0.022391475133014534,13.0,8.0,1.625,0.3809523809523811,0.08602150537634408,0.00882028665931643,0.23529411764705885,0.23555394226544143,0.13978494623655904
graph_063_mu_0_3_node_245,143,0.0475177304964539,0.019788335003894854,0.5268987341772152,1.897897897897898,0.10949308093945112,92.0,51.0,1.8039215686274515,0.3566433566433567,0.2712765957446809,0.06280788177339902,0.21702127659574477,0.2186838682827862,0.48404255319148953
graph_063_mu_0_3_node_246,15,0.10476190476190476,0.0002759205323691974,0.4138359569179785,2.4164164164164164,0.016910812275279876,5.0,10.0,0.5,0.6666666666666665,0.05319148936170215,0.012315270935960597,0.5,0.5003245910153209,0.021276595744680844
graph_063_mu_0_3_node_247,37,0.03753753753753754,0.0016242731633190882,0.41729323308270677,2.3963963963963963,0.020443782947669565,24.0,13.0,1.8461538461538465,0.3513513513513515,0.08496732026143788,0.015348288075560797,0.21311475409836064,0.21353720234845006,0.10457516339869284
graph_063_mu_0_3_node_248,40,0.1282051282051282,0.001538586918557522,0.44380275433140826,2.2532532532532534,0.04279994868556724,24.0,16.0,1.5,0.4000000000000001,0.1103448275862069,0.01871345029239766,0.25,0.25051988562516236,0.1655172413793103
graph_063_mu_0_3_node_249,22,0.1471861471861472,0.0006184852394578296,0.42027766091712243,2.3793793793793796,0.024019391843732734,10.0,12.0,0.8333333333333335,0.5454545454545452,0.1276595744680851,0.013245033112582785,0.375,0.3753896103896103,0.1063829787234043
graph_063_mu_0_3_node_250,25,0.20948616600790515,0.0005875496910084423,0.4028225806451613,2.4824824824824825,0.015335321868595068,15.0,10.0,1.5,0.4000000000000001,0.33333333333333326,0.010309278350515462,0.25,0.2503248018708587,0.46666666666666673
graph_063_mu_0_3_node_251,17,0.27205882352941174,0.0002652840514998009,0.4079216006533279,2.4514514514514514,0.026642706619884517,13.0,4.0,3.25,0.23529411764705885,0.027586206896551724,0.004678362573099415,0.1333333333333333,0.1334632625219256,0.08965517241379309
graph_063_mu_0_3_node_252,24,0.07246376811594203,0.000705847465074963,0.41729323308270677,2.3963963963963963,0.01911504046140889,13.0,11.0,1.1818181818181819,0.4583333333333332,0.07189542483660127,0.012987012987012988,0.29729729729729737,0.2976545213417231,0.07189542483660127
graph_063_mu_0_3_node_253,36,0.13174603174603175,0.0014031713899599178,0.44125441696113077,2.2662662662662663,0.0331114213843392,20.0,16.0,1.25,0.4444444444444446,0.17204301075268816,0.01764057331863286,0.2857142857142856,0.28623403623403626,0.21505376344086014
graph_063_mu_0_3_node_254,38,0.1379800853485064,0.0014857677730296308,0.4385425812115891,2.28028028028028,0.03568731985127196,23.0,15.0,1.5333333333333337,0.3947368421052631,0.16129032258064516,0.0165380374862183,0.24590163934426232,0.2463890162815856,0.24731182795698914
graph_063_mu_0_3_node_255,29,0.14285714285714285,0.0011280146331314018,0.4263764404609475,2.3453453453453452,0.020408445925356265,12.0,17.0,0.7058823529411762,0.5862068965517241,0.5862068965517241,0.01750772399588054,0.41463414634146356,0.41518607647360195,0.41379310344827586
graph_063_mu_0_3_node_256,19,0.06432748538011696,0.0004465684138232415,0.42875536480686693,2.3323323323323324,0.023302267231974337,9.0,10.0,0.9000000000000002,0.5263157894736842,0.05319148936170215,0.012315270935960597,0.35714285714285704,0.3574675324675326,0.04787234042553191
graph_063_mu_0_3_node_257,35,0.11260504201680673,0.0017191700016737502,0.4563727729556875,2.191191191191191,0.0437371803150013,16.0,19.0,0.8421052631578946,0.5428571428571429,0.1310344827586207,0.022222222222222213,0.3725490196078432,0.37316600288434904,0.1103448275862069
graph_063_mu_0_3_node_258,28,0.08615384615384615,0.00090212338715716,0.4197478991596639,2.3823823823823824,0.020193166973864262,17.0,11.0,1.5454545454545454,0.39285714285714296,0.05851063829787237,0.013546798029556655,0.24444444444444444,0.24480176131954592,0.08510638297872337
graph_063_mu_0_3_node_259,21,0.12380952380952381,0.0004959714086441221,0.4085889570552147,2.4474474474474475,0.020334348631207574,13.0,8.0,1.625,0.3809523809523811,0.04255319148936169,0.009852216748768471,0.23529411764705885,0.23555394226544143,0.06914893617021278
graph_063_mu_0_3_node_260,76,0.058596491228070174,0.005868932140101576,0.4759409242496427,2.101101101101101,0.05609674863843245,50.0,26.0,1.9230769230769231,0.34210526315789475,0.13829787234042556,0.032019704433497546,0.2063492063492064,0.20719517498329237,0.2606382978723404
graph_063_mu_0_3_node_261,38,0.13086770981507823,0.0017057287612189836,0.4467799642218247,2.2382382382382384,0.03824161073470779,20.0,18.0,1.1111111111111112,0.4736842105263158,0.19354838709677416,0.019845644983461967,0.31034482758620696,0.31092950893487187,0.21505376344086014
graph_063_mu_0_3_node_262,17,0.08823529411764706,0.00030167762947508694,0.3914576802507837,2.5545545545545547,0.01357526630429271,8.0,9.0,0.8888888888888892,0.5294117647058824,0.05882352941176471,0.010625737898465168,0.36,0.36029219830524983,0.04575163398692808
graph_063_mu_0_3_node_263,20,0.15263157894736842,0.00036240031179046706,0.39611419508326723,2.5245245245245247,0.016718131158223737,12.0,8.0,1.5,0.4000000000000001,0.08602150537634408,0.00882028665931643,0.25,0.2502598077422707,0.12903225806451607
graph_063_mu_0_3_node_264,57,0.06077694235588972,0.004260504623957021,0.46725912067352665,2.14014014014014,0.04105220571687839,31.0,26.0,1.1923076923076923,0.45614035087719285,0.16993464052287577,0.030696576151121594,0.29545454545454547,0.2962994694113893,0.20261437908496738
graph_063_mu_0_3_node_265,33,0.23674242424242425,0.0010246006836632533,0.4193954659949622,2.3843843843843846,0.022583060482033443,23.0,10.0,2.3,0.30303030303030304,0.2127659574468086,0.010493179433368307,0.17857142857142852,0.17889639932406085,0.48936170212765967
graph_063_mu_0_3_node_266,24,0.13768115942028986,0.0007866785063992515,0.43321769297484825,2.3083083083083085,0.0237572426358791,13.0,11.0,1.1818181818181819,0.4583333333333332,0.07189542483660127,0.012987012987012988,0.29729729729729737,0.2976545213417231,0.08496732026143788
graph_063_mu_0_3_node_267,38,0.11428571428571428,0.0013943780190022927,0.4070904645476773,2.4564564564564564,0.0211095616535963,22.0,16.0,1.375,0.4210526315789473,0.3404255319148935,0.0167890870933893,0.2666666666666666,0.26718648473034445,0.44680851063829785
graph_063_mu_0_3_node_268,15,0.14285714285714285,0.0002756591831566091,0.4033104561970125,2.4794794794794797,0.015616651844054202,8.0,7.0,1.1428571428571423,0.46666666666666673,0.0372340425531915,0.008620689655172415,0.3043478260869565,0.3045751061934535,0.04255319148936169
graph_063_mu_0_3_node_269,158,0.07740062888010965,0.021073951922533814,0.5296924708377518,1.887887887887888,0.1453500201717331,107.0,51.0,2.0980392156862746,0.3227848101265823,0.35172413793103446,0.05964912280701753,0.19245283018867929,0.19411704947404387,0.7379310344827589
graph_063_mu_0_3_node_270,16,0.13333333333333333,0.00028044376066541283,0.4300473525613431,2.325325325325325,0.02429312125428332,9.0,7.0,1.2857142857142858,0.4375,0.0372340425531915,0.008620689655172415,0.28000000000000014,0.280227294866383,0.04255319148936169
graph_063_mu_0_3_node_271,30,0.07126436781609195,0.0012275972125649996,0.4190436241610738,2.3863863863863863,0.020628133394729867,15.0,15.0,1.0,0.5,0.09803921568627454,0.017709563164108627,0.33333333333333326,0.3338204570302775,0.08496732026143788
graph_063_mu_0_3_node_272,27,0.2022792022792023,0.0007542781517679151,0.3914576802507837,2.5545545545545547,0.014429113891493426,15.0,12.0,1.25,0.4444444444444446,0.4000000000000001,0.01237113402061856,0.2857142857142856,0.2861040226418596,0.5
graph_063_mu_0_3_node_273,23,0.10276679841897234,0.0006770572228426826,0.4233050847457627,2.3623623623623624,0.01954823344863042,13.0,10.0,1.3000000000000005,0.4347826086956522,0.065359477124183,0.011806375442739079,0.2777777777777778,0.27810253745561614,0.07843137254901958
graph_063_mu_0_3_node_274,17,0.13970588235294118,0.0002903073535602611,0.413151364764268,2.4204204204204203,0.01993779340150543,10.0,7.0,1.4285714285714282,0.41176470588235303,0.0372340425531915,0.008620689655172415,0.2592592592592592,0.2594865688874456,0.05319148936170215
graph_063_mu_0_3_node_275,39,0.08367071524966262,0.002129852214880525,0.4095940959409594,2.4414414414414414,0.016536113419914424,21.0,18.0,1.1666666666666667,0.4615384615384616,0.5142857142857142,0.01865284974093264,0.2999999999999999,0.3005847193347195,0.5999999999999998
graph_063_mu_0_3_node_276,22,0.11688311688311688,0.0004520110456241832,0.40942622950819674,2.4424424424424425,0.01861587807512823,13.0,9.0,1.444444444444444,0.4090909090909091,0.05882352941176471,0.010625737898465168,0.2571428571428571,0.2574351503454162,0.07843137254901958
graph_063_mu_0_3_node_277,17,0.1619047619047619,0.00028085230223453086,0.37082405345211583,2.6966966966966965,0.007082258439754024,11.0,6.0,1.8333333333333328,0.3529411764705881,0.26086956521739124,0.006141248720573185,0.21428571428571427,0.2144805700924173,0.4347826086956522
graph_063_mu_0_3_node_278,25,0.07905138339920949,0.0006285179589399849,0.41625,2.4024024024024024,0.017701291639784393,16.0,9.0,1.7777777777777783,0.36,0.05882352941176471,0.010625737898465168,0.21951219512195133,0.21980454529248886,0.09803921568627454
graph_063_mu_0_3_node_279,24,0.15217391304347827,0.0006680722306510668,0.42080876158382474,2.3763763763763763,0.02926802600991959,14.0,10.0,1.3999999999999997,0.41666666666666674,0.06896551724137932,0.011695906432748536,0.2631578947368421,0.26348267550982035,0.09655172413793102
graph_063_mu_0_3_node_280,24,0.11956521739130435,0.0007578692162618688,0.4004008016032064,2.4974974974974975,0.013479362989151453,11.0,13.0,0.8461538461538461,0.5416666666666667,0.37142857142857155,0.013471502590673581,0.37142857142857155,0.371850663054923,0.3142857142857142
graph_063_mu_0_3_node_281,24,0.2391304347826087,0.0005390998116322808,0.4334056399132321,2.3073073073073074,0.03772311645444067,16.0,8.0,2.0,0.33333333333333326,0.05517241379310345,0.00935672514619883,0.20000000000000004,0.20025987525987524,0.1103448275862069
graph_063_mu_0_3_node_282,20,0.1368421052631579,0.0004245886813232261,0.4220532319391635,2.369369369369369,0.021254079606750333,12.0,8.0,1.5,0.4000000000000001,0.05228758169934642,0.009445100354191263,0.25,0.2502598077422707,0.07189542483660127
graph_063_mu_0_3_node_283,28,0.23544973544973544,0.0008550204424596074,0.3994402239104358,2.5035035035035036,0.015226100045157401,18.0,10.0,1.8000000000000005,0.35714285714285704,0.33333333333333326,0.010309278350515462,0.2173913043478261,0.21771616952877604,0.5999999999999998
graph_063_mu_0_3_node_284,24,0.11594202898550725,0.0007329304318838805,0.4183417085427136,2.3903903903903903,0.018342940226737273,9.0,15.0,0.5999999999999998,0.625,0.5,0.015463917525773198,0.45454545454545436,0.4550323884847502,0.2999999999999999
graph_063_mu_0_3_node_285,24,0.11594202898550725,0.0008508441186070075,0.4283876500857633,2.334334334334334,0.022669436729308153,11.0,13.0,0.8461538461538461,0.5416666666666667,0.13978494623655904,0.014332965821389201,0.37142857142857155,0.371850663054923,0.11827956989247307
graph_063_mu_0_3_node_286,23,0.22134387351778656,0.00040767971240433695,0.38886726352666406,2.5715715715715715,0.014759248776859272,16.0,7.0,2.2857142857142847,0.3043478260869565,0.148936170212766,0.007345225603357818,0.1794871794871794,0.1797145777264674,0.3404255319148935
graph_063_mu_0_3_node_287,41,0.18414634146341463,0.0014666789628763497,0.4381578947368421,2.2822822822822824,0.049816862954328946,28.0,13.0,2.1538461538461537,0.3170731707317073,0.08965517241379309,0.015204678362573101,0.18840579710144925,0.18882835520318825,0.19310344827586204
graph_063_mu_0_3_node_288,24,0.07246376811594203,0.000755060748556068,0.3903868698710434,2.5615615615615615,0.012410042615748493,12.0,12.0,1.0,0.5,0.3870967741935483,0.012383900928792572,0.33333333333333326,0.33372299432826763,0.3870967741935483
graph_063_mu_0_3_node_289,21,0.13450292397660818,0.00048696792823390276,0.4023358840112767,2.4854854854854853,0.01430545918433696,12.0,9.0,1.333333333333333,0.42857142857142855,0.2571428571428571,0.00932642487046632,0.2727272727272726,0.27301954694543923,0.3142857142857142
graph_063_mu_0_3_node_290,31,0.12043010752688173,0.001108913683746807,0.42802056555269924,2.3363363363363363,0.026003947843075782,17.0,14.0,1.2142857142857142,0.4516129032258062,0.15053763440860218,0.01543550165380375,0.2916666666666667,0.2921213892858691,0.18279569892473116
graph_063_mu_0_3_node_291,22,0.15151515151515152,0.0005309977148590302,0.4245643858903527,2.3553553553553552,0.029289228653625904,10.0,12.0,0.8333333333333335,0.5454545454545452,0.08275862068965514,0.014035087719298239,0.375,0.3753896103896103,0.06896551724137932
graph_063_mu_0_3_node_292,20,0.06315789473684211,0.0005232466144295502,0.4192194712547209,2.3853853853853852,0.01826287618567573,5.0,15.0,0.33333333333333326,0.75,0.09803921568627454,0.017709563164108627,0.5999999999999998,0.600486807516308,0.02614379084967321
graph_063_mu_0_3_node_293,33,0.14583333333333334,0.0011735719429599768,0.4100985221674877,2.4384384384384385,0.02035748558536311,21.0,12.0,1.75,0.36363636363636365,0.2553191489361702,0.012591815320041971,0.2222222222222223,0.22261211110389087,0.44680851063829785
graph_063_mu_0_3_node_294,14,0.18681318681318682,0.000212096397640025,0.4114497528830313,2.4304304304304303,0.019620737272228125,7.0,7.0,1.0,0.5,0.0372340425531915,0.008620689655172415,0.33333333333333326,0.3335605986818609,0.0372340425531915
graph_063_mu_0_3_node_295,19,0.0935672514619883,0.00044673129190618316,0.41298057048367093,2.4214214214214214,0.017930639048588673,10.0,9.0,1.1111111111111112,0.4736842105263158,0.05882352941176471,0.010625737898465168,0.31034482758620696,0.31063706384298506,0.05882352941176471
graph_063_mu_0_3_node_296,42,0.10452961672473868,0.002339939106006947,0.4475806451612903,2.234234234234234,0.02762190746102203,23.0,19.0,1.2105263157894737,0.4523809523809525,0.5428571428571429,0.01968911917098446,0.29230769230769227,0.29292495620425196,0.6571428571428573
graph_063_mu_0_3_node_297,21,0.19523809523809524,0.0004020172492052554,0.4150394682176984,2.4094094094094096,0.028190157234636484,12.0,9.0,1.333333333333333,0.42857142857142855,0.06206896551724138,0.01052631578947369,0.2727272727272726,0.27301954694543923,0.08275862068965514
graph_063_mu_0_3_node_298,46,0.1849894291754757,0.0022166343950275435,0.4238438693254137,2.359359359359359,0.02333799663564829,27.0,19.0,1.4210526315789476,0.4130434782608694,0.6333333333333331,0.019587628865979374,0.26027397260273977,0.2608913969682548,0.8666666666666669
graph_063_mu_0_3_node_299,22,0.13852813852813853,0.0006540876267800301,0.404126213592233,2.4744744744744747,0.020236288926703656,10.0,12.0,0.8333333333333335,0.5454545454545452,0.1276595744680851,0.013245033112582785,0.375,0.3753896103896103,0.1063829787234043
graph_063_mu_0_3_node_300,21,0.1380952380952381,0.00045504631243188285,0.4229466553767993,2.364364364364364,0.027287274670836154,14.0,7.0,2.0,0.33333333333333326,0.04827586206896551,0.008187134502923979,0.20000000000000004,0.20022736869457886,0.09655172413793102
graph_063_mu_0_3_node_301,18,0.13725490196078433,0.0002976300084258014,0.39501779359430605,2.5315315315315314,0.014097162217662405,12.0,6.0,2.0,0.33333333333333326,0.03921568627450979,0.00708382526564345,0.20000000000000004,0.2001948684637869,0.07189542483660127
graph_063_mu_0_3_node_302,18,0.058823529411764705,0.000508116886351963,0.4074225122349103,2.4544544544544546,0.016067273403612057,6.0,12.0,0.5,0.6666666666666665,0.07843137254901958,0.0141676505312869,0.5,0.5003895092183849,0.02614379084967321
graph_063_mu_0_3_node_303,21,0.12857142857142856,0.0004761321701005058,0.4143508917461634,2.4134134134134135,0.02560799747203451,9.0,12.0,0.75,0.5714285714285712,0.08275862068965514,0.014035087719298239,0.4000000000000001,0.40038958509187705,0.06206896551724138
graph_063_mu_0_3_node_304,18,0.19607843137254902,0.00027270720247888535,0.40808823529411764,2.4504504504504503,0.025124019991494745,10.0,8.0,1.25,0.4444444444444446,0.05517241379310345,0.00935672514619883,0.2857142857142856,0.2859740597109086,0.06896551724137932
graph_063_mu_0_3_node_305,29,0.10591133004926108,0.0009399619699037326,0.4122988031366075,2.4254254254254253,0.021551112973246394,15.0,14.0,1.0714285714285714,0.482758620689655,0.1428571428571428,0.015521064301552112,0.31818181818181823,0.3186364817307919,0.1530612244897959
graph_063_mu_0_3_node_306,25,0.14666666666666667,0.000962375136295646,0.42312579415501905,2.3633633633633635,0.03237050325768587,12.0,13.0,0.9230769230769232,0.5199999999999998,0.08965517241379309,0.015204678362573101,0.3513513513513515,0.3517734703889201,0.08275862068965514
graph_063_mu_0_3_node_307,43,0.17073170731707318,0.001869717333390046,0.43153347732181424,2.3173173173173174,0.027871039697285483,27.0,16.0,1.6875,0.37209302325581384,0.3404255319148935,0.0167890870933893,0.22857142857142862,0.2290914155717535,0.5531914893617023
graph_063_mu_0_3_node_308,46,0.11945031712473574,0.0019144210482978307,0.42857142857142855,2.3333333333333335,0.03286793074263637,30.0,16.0,1.875,0.3478260869565216,0.17204301075268816,0.01764057331863286,0.21052631578947364,0.2110464042045042,0.31182795698924737
graph_063_mu_0_3_node_309,26,0.10153846153846154,0.0008809721573207103,0.4414494034467521,2.265265265265265,0.028514028434650708,13.0,13.0,1.0,0.5,0.06914893617021278,0.016009852216748773,0.33333333333333326,0.3337554797856796,0.06914893617021278
graph_063_mu_0_3_node_310,44,0.10359408033826638,0.002287828052138551,0.4391208791208791,2.2772772772772774,0.03199602431853222,25.0,19.0,1.3157894736842108,0.4318181818181817,0.20430107526881716,0.02094818081587652,0.27536231884057966,0.2759796629611893,0.2688172043010751
graph_063_mu_0_3_node_311,29,0.11330049261083744,0.0009142881405624188,0.42169691853102576,2.3713713713713713,0.022615072852538783,17.0,12.0,1.4166666666666667,0.41379310344827586,0.07843137254901958,0.0141676505312869,0.26086956521739124,0.261259352783168,0.11111111111111115
graph_063_mu_0_3_node_312,24,0.08695652173913043,0.0007740845209355546,0.4206315789473684,2.3773773773773774,0.018905724204769846,12.0,12.0,1.0,0.5,0.07843137254901958,0.0141676505312869,0.33333333333333326,0.33372299432826763,0.065359477124183
graph_063_mu_0_3_node_313,31,0.0989247311827957,0.0014096951119159224,0.4469798657718121,2.2372372372372373,0.027149281768189554,17.0,14.0,1.2142857142857142,0.4516129032258062,0.09150326797385616,0.01652892561983471,0.2916666666666667,0.2921213892858691,0.10457516339869284
graph_063_mu_0_3_node_314,26,0.08333333333333333,0.0009508560601042116,0.42169691853102576,2.3713713713713713,0.017834267218507654,10.0,16.0,0.625,0.6153846153846152,0.6956521739130432,0.01637666325486182,0.4444444444444446,0.444963857507683,0.3913043478260869
graph_063_mu_0_3_node_315,105,0.08351648351648351,0.009622966310365995,0.5025150905432596,1.98998998998999,0.10104819052973599,68.0,37.0,1.8378378378378384,0.3523809523809523,0.25517241379310335,0.043274853801169584,0.21387283236994217,0.21507769088047649,0.4689655172413793
graph_063_mu_0_3_node_316,17,0.10294117647058823,0.0004455110247315554,0.41195876288659794,2.4274274274274275,0.020105571147872862,9.0,8.0,1.125,0.4705882352941177,0.04255319148936169,0.009852216748768471,0.3076923076923076,0.3079520648193939,0.04787234042553191
graph_063_mu_0_3_node_317,28,0.10317460317460317,0.0010979129862008353,0.4034733441033926,2.4784784784784786,0.01524232029970588,15.0,13.0,1.1538461538461535,0.4642857142857144,0.5652173913043478,0.01330603889457523,0.3023255813953489,0.30274778268793423,0.6521739130434784
graph_063_mu_0_3_node_318,25,0.16,0.0006613917873517136,0.4095940959409594,2.4414414414414414,0.020924142308097554,15.0,10.0,1.5,0.4000000000000001,0.10752688172043007,0.01102535832414553,0.25,0.2503248018708587,0.16129032258064516
graph_063_mu_0_3_node_319,28,0.12433862433862433,0.0011753005783081694,0.43873517786561267,2.279279279279279,0.03622464909774477,13.0,15.0,0.8666666666666669,0.5357142857142857,0.10344827586206896,0.017543859649122806,0.36585365853658547,0.3663407189645492,0.08965517241379309
graph_063_mu_0_3_node_320,22,0.12987012987012986,0.0005343729209799843,0.415211970074813,2.4084084084084085,0.01940366046935288,12.0,10.0,1.1999999999999995,0.45454545454545436,0.065359477124183,0.011806375442739079,0.29411764705882354,0.29444238564426234,0.07843137254901958
graph_063_mu_0_3_node_321,18,0.12418300653594772,0.00034010437815420585,0.399919935948759,2.5005005005005003,0.015623643979313095,10.0,8.0,1.25,0.4444444444444446,0.05228758169934642,0.009445100354191263,0.2857142857142856,0.2859740597109086,0.05882352941176471
graph_063_mu_0_3_node_322,28,0.12962962962962962,0.0008443269746645825,0.4402820625826355,2.2712712712712713,0.03364940819996566,12.0,16.0,0.75,0.5714285714285712,0.1103448275862069,0.01871345029239766,0.4000000000000001,0.40051948051948044,0.08275862068965514
graph_063_mu_0_3_node_323,18,0.08496732026143791,0.0003797463111868537,0.40808823529411764,2.4504504504504503,0.013931504210238563,10.0,8.0,1.25,0.4444444444444446,0.05228758169934642,0.009445100354191263,0.2857142857142856,0.2859740597109086,0.05228758169934642
graph_063_mu_0_3_node_324,21,0.24761904761904763,0.000625772546240017,0.4174676138737986,2.3953953953953953,0.030902028253569316,12.0,9.0,1.333333333333333,0.42857142857142855,0.06206896551724138,0.01052631578947369,0.2727272727272726,0.27301954694543923,0.08275862068965514
graph_063_mu_0_3_node_325,33,0.09090909090909091,0.0013409422709981128,0.4495949594959496,2.224224224224224,0.03232013391364699,15.0,18.0,0.8333333333333335,0.5454545454545452,0.09574468085106382,0.02216748768472907,0.375,0.37558449149240153,0.07978723404255318
graph_063_mu_0_3_node_326,22,0.14736842105263157,0.0005127436390315243,0.4090909090909091,2.4444444444444446,0.016536842102890036,10.0,12.0,0.8333333333333335,0.5454545454545452,0.34285714285714275,0.012435233160621758,0.375,0.3753896103896103,0.2571428571428571
graph_063_mu_0_3_node_327,93,0.048854604955586724,0.00873344317006775,0.4977578475336323,2.009009009009009,0.06975518053369287,59.0,34.0,1.7352941176470582,0.3655913978494623,0.1808510638297873,0.04187192118226601,0.22368421052631585,0.22479083726762553,0.30851063829787234
graph_063_mu_0_3_node_328,20,0.08421052631578947,0.0006920718884706613,0.4007220216606498,2.4954954954954953,0.012240821206104794,6.0,14.0,0.42857142857142855,0.6999999999999998,0.777777777777778,0.014256619144602854,0.5384615384615384,0.5389159363842905,0.33333333333333326
graph_063_mu_0_3_node_329,18,0.0784313725490196,0.0003610587174113548,0.4138359569179785,2.4164164164164164,0.016903136257795142,7.0,11.0,0.6363636363636365,0.6111111111111108,0.07189542483660127,0.012987012987012988,0.4400000000000001,0.4403570848888166,0.04575163398692808
graph_063_mu_0_3_node_330,20,0.22631578947368422,0.00040027949192353383,0.41469489414694893,2.4114114114114114,0.024491658382499237,12.0,8.0,1.5,0.4000000000000001,0.08510638297872337,0.00883002207505519,0.25,0.2502598077422707,0.1276595744680851
graph_063_mu_0_3_node_331,20,0.1631578947368421,0.0004808459095406527,0.4138359569179785,2.4164164164164164,0.020600536357132368,10.0,10.0,1.0,0.5,0.10752688172043007,0.01102535832414553,0.33333333333333326,0.333658029742191,0.10752688172043007
graph_063_mu_0_3_node_332,19,0.07602339181286549,0.0007071147569980979,0.42420382165605097,2.3573573573573574,0.017667393466794322,5.0,14.0,0.35714285714285704,0.7368421052631577,0.777777777777778,0.014256619144602854,0.5833333333333334,0.5837877017612189,0.2777777777777778
graph_063_mu_0_3_node_333,17,0.022058823529411766,0.00030350433143165606,0.40217391304347827,2.4864864864864864,0.014436876897004574,6.0,11.0,0.5454545454545452,0.6470588235294118,0.07189542483660127,0.012987012987012988,0.4782608695652175,0.47861793127197233,0.02614379084967321
graph_063_mu_0_3_node_334,22,0.1471861471861472,0.0006093597198226667,0.4095940959409594,2.4414414414414414,0.01558356666747962,10.0,12.0,0.8333333333333335,0.5454545454545452,0.41379310344827586,0.012358393408856852,0.375,0.3753896103896103,0.3448275862068967
graph_063_mu_0_3_node_335,49,0.12074829931972789,0.002300702503045442,0.43700787401574803,2.2882882882882885,0.03376859274101446,32.0,17.0,1.8823529411764708,0.34693877551020413,0.17346938775510207,0.018847006651884705,0.20987654320987656,0.21042919104317193,0.32653061224489793
graph_063_mu_0_3_node_336,132,0.07298747763864043,0.015213088774802264,0.523859465128474,1.9089089089089089,0.12581439374603975,87.0,45.0,1.9333333333333336,0.3409090909090909,0.31034482758620696,0.05263157894736841,0.20547945205479448,0.2069462534498857,0.5931034482758621
graph_063_mu_0_3_node_337,45,0.18282828282828284,0.0018920317473476176,0.42912371134020616,2.33033033033033,0.029521769608679038,29.0,16.0,1.8125,0.3555555555555554,0.3404255319148935,0.0167890870933893,0.21621621621621626,0.21673627082194982,0.6170212765957447
graph_063_mu_0_3_node_338,19,0.1286549707602339,0.0003581522846139399,0.4056029232643118,2.4654654654654653,0.023721127263647876,13.0,6.0,2.166666666666667,0.31578947368421056,0.04137931034482757,0.0070175438596491195,0.1875,0.18769488112251528,0.08275862068965514
graph_063_mu_0_3_node_339,29,0.019704433497536946,0.001206050959438966,0.4100985221674877,2.4384384384384385,0.015249286844004171,17.0,12.0,1.4166666666666667,0.41379310344827586,0.07843137254901958,0.0141676505312869,0.26086956521739124,0.261259352783168,0.07189542483660127
graph_063_mu_0_3_node_340,25,0.12333333333333334,0.0009442060491916264,0.4121287128712871,2.4264264264264264,0.017241624665103112,11.0,14.0,0.7857142857142859,0.5600000000000003,0.777777777777778,0.014256619144602854,0.388888888888889,0.38934343434343427,0.6111111111111108
graph_063_mu_0_3_node_341,38,0.15873015873015872,0.0015100871407984764,0.4416445623342175,2.264264264264264,0.02979247748263808,22.0,16.0,1.375,0.4210526315789473,0.3404255319148935,0.0167890870933893,0.2666666666666666,0.26718648473034445,0.44680851063829785
graph_063_mu_0_3_node_342,19,0.1111111111111111,0.0004950544978341104,0.4153846153846154,2.4074074074074074,0.02018239711999378,8.0,11.0,0.7272727272727273,0.5789473684210529,0.05851063829787237,0.013546798029556655,0.4074074074074074,0.4077645154812962,0.04255319148936169
graph_063_mu_0_3_node_343,21,0.319047619047619,0.00043206862584215997,0.38992974238875877,2.5645645645645647,0.012874705679567356,15.0,6.0,2.5,0.2857142857142856,0.20689655172413793,0.006179196704428426,0.16666666666666663,0.16686157311157307,0.5172413793103449
graph_063_mu_0_3_node_344,20,0.09473684210526316,0.0004944142507340896,0.4171189979123173,2.3973973973973974,0.020130599261447443,8.0,12.0,0.6666666666666665,0.5999999999999998,0.06382978723404255,0.014778325123152712,0.42857142857142855,0.4289609883688573,0.04255319148936169
graph_063_mu_0_3_node_345,36,0.22063492063492063,0.0012413876195765965,0.43491510666086197,2.299299299299299,0.030516013299607552,24.0,12.0,2.0,0.33333333333333326,0.2553191489361702,0.012591815320041971,0.20000000000000004,0.20038996490315866,0.5106382978723404
graph_063_mu_0_3_node_346,16,0.05,0.000339353818026065,0.4056029232643118,2.4654654654654653,0.014234593914405931,7.0,9.0,0.777777777777778,0.5625,0.04787234042553191,0.011083743842364536,0.3913043478260869,0.3915965271592689,0.026595744680851074
graph_063_mu_0_3_node_347,21,0.10952380952380952,0.0007631042760422587,0.4134933774834437,2.4184184184184185,0.014973476709197953,10.0,11.0,0.9090909090909087,0.5238095238095238,0.4782608695652175,0.011258955987717504,0.3548387096774193,0.35519586413048615,0.4347826086956522
graph_063_mu_0_3_node_348,17,0.0661764705882353,0.0004810051536654391,0.4079216006533279,2.4514514514514514,0.014700502027792987,5.0,12.0,0.41666666666666674,0.7058823529411762,0.07843137254901958,0.0141676505312869,0.5454545454545452,0.5458440293883333,0.02614379084967321
graph_063_mu_0_3_node_349,35,0.10420168067226891,0.0015248986246462677,0.4294926913155632,2.3283283283283285,0.024174956951406052,24.0,11.0,2.1818181818181808,0.3142857142857142,0.07189542483660127,0.012987012987012988,0.18644067796610167,0.18679815741103356,0.15686274509803916
graph_063_mu_0_3_node_350,39,0.07557354925775979,0.0016365140958624156,0.4283876500857633,2.334334334334334,0.026501641950984325,22.0,17.0,1.2941176470588236,0.43589743589743607,0.17346938775510207,0.018847006651884705,0.27868852459016397,0.2792408133397172,0.22448979591836735
graph_063_mu_0_3_node_351,19,0.1111111111111111,0.0005169813601768977,0.3842307692307692,2.6026026026026026,0.009769802279698411,9.0,10.0,0.9000000000000002,0.5263157894736842,0.5555555555555556,0.010183299389002034,0.35714285714285704,0.3574675324675326,0.5
graph_063_mu_0_3_node_352,34,0.19073083778966132,0.0012780023160891777,0.4167709637046308,2.3993993993993996,0.023096375159779466,19.0,15.0,1.2666666666666662,0.44117647058823545,0.5172413793103449,0.015447991761071062,0.2830188679245283,0.2835061182087576,0.6551724137931033
graph_063_mu_0_3_node_353,23,0.1422924901185771,0.000620008648646974,0.4034733441033926,2.4784784784784786,0.015533595210001461,12.0,11.0,1.0909090909090904,0.4782608695652175,0.23404255319148948,0.011542497376705143,0.3142857142857142,0.3146429151300073,0.2553191489361702
graph_063_mu_0_3_node_354,52,0.09049773755656108,0.0025943590731207096,0.46551724137931033,2.1481481481481484,0.05303781556830367,30.0,22.0,1.3636363636363635,0.4230769230769231,0.15172413793103448,0.02573099415204677,0.26829268292682934,0.26900766505227613,0.20689655172413793
graph_063_mu_0_3_node_355,26,0.05846153846153846,0.0008346519801219236,0.42857142857142855,2.3333333333333335,0.021365861322561786,11.0,15.0,0.7333333333333332,0.5769230769230768,0.09803921568627454,0.017709563164108627,0.4054054054054053,0.4058924025808218,0.065359477124183
graph_063_mu_0_3_node_356,23,0.19367588932806323,0.0006906778599750085,0.40875613747954176,2.4464464464464464,0.02719385595959769,14.0,9.0,1.555555555555556,0.3913043478260869,0.06206896551724138,0.01052631578947369,0.24324324324324328,0.2435355554326616,0.09655172413793102
graph_063_mu_0_3_node_357,68,0.12261072261072262,0.003976910955431783,0.4723404255319149,2.1171171171171173,0.07058348763261789,46.0,22.0,2.09090909090909,0.3235294117647059,0.15172413793103448,0.02573099415204677,0.1929824561403509,0.19369818260271018,0.31034482758620696
graph_063_mu_0_3_node_358,25,0.08333333333333333,0.0008616351771606196,0.4278372591006424,2.3373373373373374,0.022300635859692865,12.0,13.0,0.9230769230769232,0.5199999999999998,0.08496732026143788,0.015348288075560797,0.3513513513513515,0.3517734703889201,0.07189542483660127
graph_063_mu_0_3_node_359,16,0.11666666666666667,0.0004978861120238304,0.4064279902359642,2.4604604604604603,0.015277964941770509,6.0,10.0,0.5999999999999998,0.625,0.5555555555555556,0.010183299389002034,0.45454545454545436,0.45487006663400886,0.33333333333333326
graph_063_mu_0_3_node_360,18,0.24183006535947713,0.00033917995213200816,0.39753282928770395,2.5155155155155153,0.01805274245804694,11.0,7.0,1.5714285714285718,0.388888888888889,0.07526881720430109,0.007717750826901875,0.2413793103448275,0.2416066347367348,0.11827956989247307
graph_063_mu_0_3_node_361,49,0.15136054421768708,0.0023052603731318505,0.46079335793357934,2.17017017017017,0.050037558505432886,28.0,21.0,1.333333333333333,0.42857142857142855,0.22340425531914893,0.023178807947019868,0.2727272727272726,0.27340968913126323,0.297872340425532
graph_063_mu_0_3_node_362,28,0.17846153846153845,0.0005668610141714402,0.4178168130489335,2.3933933933933935,0.03473262500179329,19.0,9.0,2.111111111111111,0.32142857142857145,0.06206896551724138,0.01052631578947369,0.19148936170212763,0.1917817688628541,0.12413793103448276
graph_063_mu_0_3_node_363,34,0.18548387096774194,0.0009502871192581676,0.4079216006533279,2.4514514514514514,0.02100491263345297,22.0,12.0,1.8333333333333328,0.3529411764705881,0.2553191489361702,0.012591815320041971,0.21428571428571427,0.2146756285045862,0.44680851063829785
graph_063_mu_0_3_node_364,34,0.1800356506238859,0.0011860702811026303,0.43321769297484825,2.3083083083083085,0.034231323635528166,20.0,14.0,1.4285714285714282,0.41176470588235303,0.148936170212766,0.015452538631346576,0.2592592592592592,0.25971407051258916,0.2127659574468086
graph_063_mu_0_3_node_365,14,0.03296703296703297,0.000364728958351911,0.39548693586698336,2.5285285285285286,0.011278608043506342,4.0,10.0,0.4000000000000001,0.7142857142857141,0.5555555555555556,0.010183299389002034,0.5555555555555556,0.5558801255003785,0.2222222222222223
graph_063_mu_0_3_node_366,41,0.08048780487804878,0.0018341775006321234,0.4410596026490066,2.2672672672672673,0.039218821063095266,23.0,18.0,1.2777777777777783,0.43902439024390266,0.12413793103448276,0.02105263157894738,0.28125,0.2818347953216374,0.15172413793103448
graph_063_mu_0_3_node_367,21,0.19047619047619047,0.0006645006163241184,0.40379951495553756,2.4764764764764764,0.01344423918301102,11.0,10.0,1.0999999999999999,0.4761904761904762,0.625,0.010162601626016262,0.3125,0.31282471749577867,0.6875
graph_063_mu_0_3_node_368,16,0.016666666666666666,0.00032901975656073545,0.3885647607934656,2.5735735735735736,0.010045683327451146,7.0,9.0,0.777777777777778,0.5625,0.05882352941176471,0.010625737898465168,0.3913043478260869,0.3915965271592689,0.013071895424836605
graph_063_mu_0_3_node_369,29,0.07881773399014778,0.0010666700738963565,0.45,2.2222222222222223,0.030192677992357253,10.0,19.0,0.5263157894736842,0.6551724137931033,0.101063829787234,0.023399014778325122,0.48717948717948717,0.4877962301275184,0.04787234042553191
graph_063_mu_0_3_node_370,21,0.06666666666666667,0.0006471184864367368,0.4008828250401284,2.4944944944944947,0.01357542339760634,6.0,15.0,0.4000000000000001,0.7142857142857141,0.5,0.015463917525773198,0.5555555555555556,0.5560423946714559,0.20000000000000004
graph_063_mu_0_3_node_371,18,0.13071895424836602,0.00035288528091623786,0.4320934256055363,2.314314314314314,0.021019226565929156,11.0,7.0,1.5714285714285718,0.388888888888889,0.04575163398692808,0.008264462809917356,0.2413793103448275,0.2416066347367348,0.07189542483660127
graph_063_mu_0_3_node_372,17,0.13970588235294118,0.0003196912883948458,0.43321769297484825,2.3083083083083085,0.023106664066412506,9.0,8.0,1.125,0.4705882352941177,0.04255319148936169,0.009852216748768471,0.3076923076923076,0.3079520648193939,0.04787234042553191
graph_063_mu_0_3_node_373,23,0.11462450592885376,0.0005612401531502277,0.41400745959386653,2.4154154154154153,0.022838318386107823,12.0,11.0,1.0909090909090904,0.4782608695652175,0.11702127659574474,0.012141280353200888,0.3142857142857142,0.3146429151300073,0.1276595744680851
graph_063_mu_0_3_node_374,25,0.12648221343873517,0.0007834566774546565,0.40104375752709753,2.4934934934934936,0.015281002251336308,15.0,10.0,1.5,0.4000000000000001,0.3225806451612903,0.010319917440660475,0.25,0.2503248018708587,0.4516129032258062
graph_063_mu_0_3_node_375,21,0.14285714285714285,0.0005484385135039562,0.39564356435643566,2.5275275275275275,0.013991457939764267,9.0,12.0,0.75,0.5714285714285712,0.41379310344827586,0.012358393408856852,0.4000000000000001,0.40038958509187705,0.31034482758620696
graph_063_mu_0_3_node_376,17,0.16911764705882354,0.00033893451113875967,0.41263940520446096,2.4234234234234235,0.02042621710443439,9.0,8.0,1.125,0.4705882352941177,0.08510638297872337,0.00883002207505519,0.3076923076923076,0.3079520648193939,0.09574468085106382
graph_063_mu_0_3_node_377,22,0.20346320346320346,0.00048361054018940085,0.39928057553956836,2.5045045045045047,0.01944475888921889,13.0,9.0,1.444444444444444,0.4090909090909091,0.09677419354838708,0.009922822491730984,0.2571428571428571,0.2574351503454162,0.13978494623655904
graph_063_mu_0_3_node_378,44,0.1511627906976744,0.002228435792495966,0.43873517786561267,2.279279279279279,0.028831766544277753,21.0,23.0,0.9130434782608693,0.5227272727272725,0.7666666666666668,0.023711340206185576,0.35384615384615375,0.3545931738857785,0.6999999999999998
graph_063_mu_0_3_node_379,17,0.13970588235294118,0.0003853071083025826,0.4004008016032064,2.4974974974974975,0.016144594441911003,10.0,7.0,1.4285714285714282,0.41176470588235303,0.0372340425531915,0.008620689655172415,0.2592592592592592,0.2594865688874456,0.05319148936170215
graph_063_mu_0_3_node_380,27,0.06552706552706553,0.0007693343381620399,0.43359375,2.3063063063063063,0.02431028440437829,10.0,17.0,0.5882352941176471,0.6296296296296297,0.11111111111111115,0.020070838252656438,0.4594594594594596,0.46001131792399447,0.0326797385620915
graph_063_mu_0_3_node_381,19,0.19883040935672514,0.00036076648989494985,0.41400745959386653,2.4154154154154153,0.02541493948915575,9.0,10.0,0.9000000000000002,0.5263157894736842,0.06896551724137932,0.011695906432748536,0.35714285714285704,0.3574675324675326,0.06206896551724138
graph_063_mu_0_3_node_382,20,0.06842105263157895,0.0005359408295418572,0.40925850061450225,2.4434434434434436,0.01653841389709202,10.0,10.0,1.0,0.5,0.10204081632653059,0.011086474501108648,0.33333333333333326,0.333658029742191,0.10204081632653059
graph_063_mu_0_3_node_383,22,0.06493506493506493,0.0006576890390310061,0.43246753246753245,2.3123123123123124,0.024694700398383784,5.0,17.0,0.29411764705882354,0.7727272727272727,0.11111111111111115,0.020070838252656438,0.6296296296296297,0.6301813090065563,0.0
graph_063_mu_0_3_node_384,15,0.17142857142857143,0.00024123785218103333,0.3981666002391391,2.5115115115115114,0.013379849253824294,10.0,5.0,2.0,0.33333333333333326,0.0326797385620915,0.0059031877213695395,0.20000000000000004,0.20016237456564803,0.065359477124183
graph_063_mu_0_3_node_385,24,0.15942028985507245,0.000522558291232946,0.3997599039615846,2.5015015015015014,0.01876483030265625,17.0,7.0,2.4285714285714284,0.2916666666666667,0.0714285714285714,0.007760532150776056,0.17073170731707318,0.1709591203315952,0.17346938775510207
graph_063_mu_0_3_node_386,14,0.14285714285714285,0.00018982569787484474,0.40428976123027116,2.4734734734734736,0.017332242723058743,5.0,9.0,0.5555555555555556,0.6428571428571429,0.04787234042553191,0.011083743842364536,0.4736842105263158,0.47397635192275167,0.026595744680851074
graph_063_mu_0_3_node_387,15,0.06666666666666667,0.0002778388790335573,0.39705882352941174,2.5185185185185186,0.013719227050606445,7.0,8.0,0.875,0.5333333333333332,0.04255319148936169,0.009852216748768471,0.36363636363636365,0.3638960870309483,0.0372340425531915
graph_063_mu_0_3_node_388,25,0.11333333333333333,0.000717476515721496,0.4366258741258741,2.29029029029029,0.022946009507173563,12.0,13.0,0.9230769230769232,0.5199999999999998,0.08496732026143788,0.015348288075560797,0.3513513513513515,0.3517734703889201,0.07843137254901958
graph_063_mu_0_3_node_389,14,0.14285714285714285,0.00022096876482964703,0.3920722135007849,2.5505505505505504,0.012504344591026718,8.0,6.0,1.333333333333333,0.42857142857142855,0.03921568627450979,0.00708382526564345,0.2727272727272726,0.2729220905725872,0.05228758169934642
graph_063_mu_0_3_node_390,22,0.19913419913419914,0.0003153082800955545,0.415211970074813,2.4084084084084085,0.029235934947606484,13.0,9.0,1.444444444444444,0.4090909090909091,0.09574468085106382,0.009933774834437085,0.2571428571428571,0.2574351503454162,0.13829787234042556
graph_063_mu_0_3_node_391,26,0.07692307692307693,0.0009096566955439116,0.40808823529411764,2.4504504504504503,0.018623920631541207,14.0,12.0,1.1666666666666667,0.4615384615384616,0.12903225806451607,0.013230429988974642,0.2999999999999999,0.3003897116134061,0.13978494623655904
graph_063_mu_0_3_node_392,22,0.09956709956709957,0.0006137068438686852,0.4233050847457627,2.3623623623623624,0.021953823109312372,10.0,12.0,0.8333333333333335,0.5454545454545452,0.06382978723404255,0.014778325123152712,0.375,0.3753896103896103,0.05319148936170215
graph_063_mu_0_3_node_393,17,0.21323529411764705,0.00022635388334778597,0.40056134723336007,2.4964964964964964,0.019300688873524777,10.0,7.0,1.4285714285714282,0.41176470588235303,0.074468085106383,0.007726269315673288,0.2592592592592592,0.2594865688874456,0.1063829787234043
graph_063_mu_0_3_node_394,22,0.18181818181818182,0.0004297866050876912,0.40445344129554656,2.4724724724724725,0.0237154207435609,12.0,10.0,1.1999999999999995,0.45454545454545436,0.1063829787234043,0.011037527593818985,0.29411764705882354,0.29444238564426234,0.1276595744680851
graph_063_mu_0_3_node_395,21,0.10952380952380952,0.0005489541528161599,0.40842191332788225,2.4484484484484486,0.022307629976162372,10.0,11.0,0.9090909090909087,0.5238095238095238,0.07586206896551724,0.012865497076023386,0.3548387096774193,0.35519586413048615,0.06896551724137932
graph_063_mu_0_3_node_396,13,0.08974358974358974,0.00026168245299172655,0.41060419235511714,2.4354354354354353,0.0158977585945083,4.0,9.0,0.4444444444444446,0.6923076923076923,0.04787234042553191,0.011083743842364536,0.5294117647058824,0.5297038871376393,0.021276595744680844
graph_063_mu_0_3_node_397,24,0.15579710144927536,0.0005029582576913519,0.43491510666086197,2.299299299299299,0.025751211088382676,14.0,10.0,1.3999999999999997,0.41666666666666674,0.10204081632653059,0.011086474501108648,0.2631578947368421,0.26348267550982035,0.1428571428571428
graph_063_mu_0_3_node_398,25,0.13333333333333333,0.0009507256117584329,0.4028225806451613,2.4824824824824825,0.01435345371049111,11.0,14.0,0.7857142857142859,0.5600000000000003,0.875,0.01422764227642276,0.388888888888889,0.38934343434343427,0.6875
graph_063_mu_0_3_node_399,30,0.06436781609195402,0.0012122477314224246,0.436054124836316,2.2932932932932935,0.026833943407926983,16.0,14.0,1.1428571428571423,0.46666666666666673,0.074468085106383,0.01724137931034483,0.3043478260869565,0.3048025191691261,0.07978723404255318
graph_063_mu_0_3_node_400,19,0.13450292397660818,0.00047738365868242567,0.4283876500857633,2.334334334334334,0.023745204142728484,8.0,11.0,0.7272727272727273,0.5789473684210529,0.05851063829787237,0.013546798029556655,0.4074074074074074,0.4077645154812962,0.04255319148936169
graph_063_mu_0_3_node_401,20,0.14210526315789473,0.00041743430927255646,0.427105600684053,2.3413413413413413,0.024443451590110528,11.0,9.0,1.2222222222222217,0.4500000000000001,0.04787234042553191,0.011083743842364536,0.29032258064516125,0.2906148358814011,0.05851063829787237
graph_063_mu_0_3_node_402,26,0.04923076923076923,0.001073852565108365,0.451831750339213,2.2132132132132134,0.026315495126919077,8.0,18.0,0.4444444444444446,0.6923076923076923,0.11764705882352942,0.021251475796930337,0.5294117647058824,0.5299959906065641,0.05228758169934642
graph_063_mu_0_3_node_403,31,0.1206896551724138,0.0008947318490021771,0.42912371134020616,2.33033033033033,0.03424353235450401,18.0,13.0,1.3846153846153846,0.4193548387096773,0.08965517241379309,0.015204678362573101,0.2653061224489796,0.26572840602864506,0.11724137931034483
graph_063_mu_0_3_node_404,14,0.18681318681318682,0.0001916291589889604,0.4164235097957482,2.4014014014014013,0.01954935543705993,8.0,6.0,1.333333333333333,0.42857142857142855,0.031914893617021274,0.007389162561576356,0.2727272727272726,0.2729220905725872,0.04255319148936169
graph_063_mu_0_3_node_405,62,0.11807909604519774,0.0035631624935972823,0.4754878629224179,2.103103103103103,0.0593551091415916,35.0,27.0,1.296296296296296,0.43548387096774194,0.28723404255319157,0.02980132450331125,0.2783505154639175,0.27922813613676,0.3617021276595746
graph_063_mu_0_3_node_406,23,0.0380952380952381,0.0005814126781186193,0.38497109826589593,2.5975975975975976,0.011716643363791813,10.0,13.0,0.7692307692307695,0.5652173913043478,0.722222222222222,0.013238289205702643,0.39393939393939387,0.3943614581580882,0.5
graph_063_mu_0_3_node_407,16,0.075,0.0003050027653443804,0.3867595818815331,2.5855855855855854,0.01160136549366695,7.0,9.0,0.777777777777778,0.5625,0.05882352941176471,0.010625737898465168,0.3913043478260869,0.3915965271592689,0.04575163398692808
graph_063_mu_0_3_node_408,57,0.14223057644110276,0.003221587278589588,0.4681349578256795,2.136136136136136,0.05310366090968198,35.0,22.0,1.5909090909090904,0.3859649122807018,0.23404255319148948,0.024282560706401776,0.23913043478260876,0.23984564934697794,0.3723404255319149
graph_063_mu_0_3_node_409,23,0.06324110671936758,0.0007352416331478468,0.4153846153846154,2.4074074074074074,0.017070716377658543,11.0,12.0,0.9166666666666664,0.5217391304347825,0.07843137254901958,0.0141676505312869,0.3529411764705881,0.35333081216121764,0.065359477124183
graph_063_mu_0_3_node_410,54,0.061495457721872815,0.0037858941691033825,0.4588883785025264,2.179179179179179,0.03635507829033571,29.0,25.0,1.1599999999999997,0.4629629629629628,0.1633986928104575,0.029515938606847703,0.3012048192771085,0.3020171669619175,0.18300653594771232
graph_063_mu_0_3_node_411,22,0.12121212121212122,0.0005294529377049142,0.4213412062420919,2.3733733733733735,0.01983062540452361,12.0,10.0,1.1999999999999995,0.45454545454545436,0.065359477124183,0.011806375442739079,0.29411764705882354,0.29444238564426234,0.07189542483660127
graph_063_mu_0_3_node_412,22,0.030303030303030304,0.0006913746904418729,0.4059325477448192,2.4634634634634636,0.016132719001897274,9.0,13.0,0.6923076923076923,0.5909090909090909,0.08496732026143788,0.015348288075560797,0.4193548387096773,0.4197768755242733,0.04575163398692808
graph_063_mu_0_3_node_413,40,0.1294871794871795,0.0018439700406268484,0.45574817518248173,2.194194194194194,0.04015191132338802,20.0,20.0,1.0,0.5,0.2127659574468086,0.02207505518763797,0.33333333333333326,0.33398293707505106,0.2127659574468086
graph_063_mu_0_3_node_414,27,0.12,0.0008367155978278778,0.4377738825591586,2.284284284284284,0.026781377285122077,14.0,13.0,1.0769230769230769,0.4814814814814816,0.1326530612244898,0.014412416851441236,0.3170731707317073,0.31749534460239215,0.1326530612244898
graph_063_mu_0_3_node_415,21,0.15714285714285714,0.00047215508950315975,0.4220532319391635,2.369369369369369,0.024468580289933383,12.0,9.0,1.333333333333333,0.42857142857142855,0.04787234042553191,0.011083743842364536,0.2727272727272726,0.27301954694543923,0.06382978723404255
graph_063_mu_0_3_node_416,29,0.1724137931034483,0.0008187892290122009,0.4293081220455522,2.329329329329329,0.03597942891108749,19.0,10.0,1.8999999999999995,0.3448275862068967,0.06896551724137932,0.011695906432748536,0.20833333333333337,0.2086582196231319,0.1310344827586207
graph_063_mu_0_3_node_417,25,0.15,0.0008807711882597689,0.4054383116883117,2.4664664664664664,0.016240510513586427,11.0,14.0,0.7857142857142859,0.5600000000000003,0.875,0.01422764227642276,0.388888888888889,0.38934343434343427,0.6875
graph_063_mu_0_3_node_418,33,0.09090909090909091,0.0013127758125041843,0.4426229508196721,2.259259259259259,0.029980688612707976,16.0,17.0,0.9411764705882354,0.5151515151515154,0.17346938775510207,0.018847006651884705,0.34693877551020413,0.3474908490334074,0.16326530612244897
graph_063_mu_0_3_node_419,47,0.12950971322849214,0.00225511010698969,0.45224083295608875,2.2112112112112112,0.04311771061809127,26.0,21.0,1.2380952380952377,0.44680851063829785,0.22340425531914893,0.023178807947019868,0.28767123287671226,0.28835356058896494,0.27659574468085113
graph_063_mu_0_3_node_420,18,0.10457516339869281,0.0005141802221274695,0.38917023763147646,2.5695695695695697,0.010906169879411419,8.0,10.0,0.8000000000000002,0.5555555555555556,0.4347826086956522,0.01023541453428864,0.38461538461538475,0.3849400388586156,0.3478260869565216
graph_063_mu_0_3_node_421,33,0.06818181818181818,0.0014045121679769183,0.4383501535761299,2.2812812812812813,0.02828289956943874,13.0,20.0,0.6500000000000002,0.6060606060606061,0.1063829787234043,0.024630541871921194,0.4347826086956522,0.43543191718211394,0.06914893617021278
graph_063_mu_0_3_node_422,24,0.11594202898550725,0.0005670978210196641,0.40675895765472314,2.4584584584584586,0.020154701291159375,15.0,9.0,1.666666666666667,0.375,0.09183673469387756,0.009977827050997784,0.2307692307692308,0.2310615619479751,0.1428571428571428
graph_063_mu_0_3_node_423,47,0.045328399629972246,0.0027916167639905473,0.4457831325301205,2.2432432432432434,0.029850686659110642,24.0,23.0,1.043478260869565,0.48936170212765967,0.15032679738562088,0.027154663518299874,0.323943661971831,0.3246908276152055,0.13725490196078427
graph_063_mu_0_3_node_424,15,0.12380952380952381,0.0002541324093548583,0.40942622950819674,2.4424424424424425,0.018780890002271934,9.0,6.0,1.5,0.4000000000000001,0.031914893617021274,0.007389162561576356,0.25,0.2501948304974672,0.04787234042553191
graph_063_mu_0_3_node_425,17,0.34558823529411764,0.00015042816497875112,0.38977760436987907,2.5655655655655654,0.020629048648352147,14.0,3.0,4.666666666666667,0.17647058823529405,0.031914893617021274,0.0033112582781456962,0.09677419354838708,0.09687164993665333,0.148936170212766
graph_063_mu_0_3_node_426,22,0.16017316017316016,0.0007279884291195876,0.4036363636363636,2.4774774774774775,0.015329570904581306,10.0,12.0,0.8333333333333335,0.5454545454545452,0.75,0.012195121951219514,0.375,0.3753896103896103,0.625
graph_063_mu_0_3_node_427,20,0.11578947368421053,0.0004891669074002935,0.3824655436447167,2.6146146146146148,0.010447233519427036,10.0,10.0,1.0,0.5,0.3225806451612903,0.010319917440660475,0.33333333333333326,0.333658029742191,0.3225806451612903
graph_063_mu_0_3_node_428,16,0.14166666666666666,0.0002486934514568141,0.39737470167064437,2.5165165165165164,0.014093012552671896,10.0,6.0,1.666666666666667,0.375,0.03921568627450979,0.00708382526564345,0.2307692307692308,0.23096407392049392,0.05882352941176471
graph_063_mu_0_3_node_429,28,0.06613756613756613,0.0009870527045914394,0.4296774193548387,2.3273273273273274,0.023754433653098515,11.0,17.0,0.6470588235294118,0.6071428571428571,0.17346938775510207,0.018847006651884705,0.43589743589743607,0.4364493301934459,0.10204081632653059
graph_063_mu_0_3_node_430,18,0.22875816993464052,0.0002298541934675872,0.3964285714285714,2.5225225225225225,0.016298390118365678,13.0,5.0,2.600000000000001,0.2777777777777778,0.05102040816326529,0.005543237250554324,0.16129032258064516,0.1614527287910587,0.1326530612244898
graph_063_mu_0_3_node_431,40,0.15512820512820513,0.0015914257824422582,0.4307891332470893,2.3213213213213213,0.03015965217526813,22.0,18.0,1.2222222222222217,0.4500000000000001,0.38297872340425526,0.01888772298006296,0.29032258064516125,0.2909073379708712,0.46808510638297895
graph_063_mu_0_3_node_432,32,0.08064516129032258,0.0013742315089869432,0.4385425812115891,2.28028028028028,0.027388825400598924,16.0,16.0,1.0,0.5,0.08510638297872337,0.019704433497536943,0.33333333333333326,0.3338529488178747,0.08510638297872337
graph_063_mu_0_3_node_433,28,0.08615384615384615,0.0011264035303195444,0.4100985221674877,2.4384384384384385,0.016271025021927378,14.0,14.0,1.0,0.5,0.608695652173913,0.0143295803480041,0.33333333333333326,0.3337879673529474,0.5652173913043478
graph_063_mu_0_3_node_434,35,0.09747899159663866,0.0019412166436222494,0.4296774193548387,2.3273273273273274,0.023133752904765322,16.0,19.0,0.8421052631578946,0.5428571428571429,0.6129032258064517,0.019607843137254895,0.3725490196078432,0.37316600288434904,0.5161290322580643
graph_063_mu_0_3_node_435,19,0.1695906432748538,0.00028212855636217436,0.41659716430358634,2.4004004004004003,0.02245110048620897,15.0,4.0,3.75,0.21052631578947364,0.021276595744680844,0.004926108374384236,0.11764705882352942,0.11777700489590942,0.07978723404255318
graph_063_mu_0_3_node_436,18,0.10457516339869281,0.0004469996629471976,0.40675895765472314,2.4584584584584586,0.017927489615681413,8.0,10.0,0.8000000000000002,0.5555555555555556,0.05319148936170215,0.012315270935960597,0.38461538461538475,0.3849400388586156,0.0372340425531915
graph_063_mu_0_3_node_437,25,0.09881422924901186,0.0008599512587157423,0.39832535885167464,2.5105105105105103,0.01290380065435591,11.0,14.0,0.7857142857142859,0.5600000000000003,0.875,0.01422764227642276,0.388888888888889,0.38934343434343427,0.625
graph_063_mu_0_3_node_438,24,0.057971014492753624,0.0006698139414347807,0.4190436241610738,2.3863863863863863,0.020721663183724117,11.0,13.0,0.8461538461538461,0.5416666666666667,0.08496732026143788,0.015348288075560797,0.37142857142857155,0.371850663054923,0.05882352941176471
graph_063_mu_0_3_node_439,18,0.23529411764705882,0.00030150933939705656,0.4283876500857633,2.334334334334334,0.03315017674500376,11.0,7.0,1.5714285714285718,0.388888888888889,0.04827586206896551,0.008187134502923979,0.2413793103448275,0.2416066347367348,0.07586206896551724
graph_063_mu_0_3_node_440,27,0.1168091168091168,0.0007329106077430276,0.4157303370786517,2.4054054054054053,0.02273730650804593,14.0,13.0,1.0769230769230769,0.4814814814814816,0.1326530612244898,0.014412416851441236,0.3170731707317073,0.31749534460239215,0.1428571428571428
graph_063_mu_0_3_node_441,53,0.102322206095791,0.0028232375068070327,0.4610059990770651,2.169169169169169,0.052900238026328074,32.0,21.0,1.5238095238095244,0.3962264150943397,0.1448275862068966,0.024561403508771937,0.24705882352941178,0.24774141738606703,0.2206896551724138
graph_063_mu_0_3_node_442,17,0.09558823529411764,0.0003351770616375256,0.3958003169572108,2.5265265265265264,0.014418374047668608,10.0,7.0,1.4285714285714282,0.41176470588235303,0.04575163398692808,0.008264462809917356,0.2592592592592592,0.2594865688874456,0.04575163398692808
graph_063_mu_0_3_node_443,23,0.17786561264822134,0.0006237778278817658,0.3967434471803018,2.5205205205205203,0.014368268484688793,12.0,11.0,1.0909090909090904,0.4782608695652175,0.3666666666666666,0.011340206185567005,0.3142857142857142,0.3146429151300073,0.4000000000000001
graph_063_mu_0_3_node_444,38,0.1934566145092461,0.0019083432738874104,0.43719912472647704,2.2872872872872874,0.025191648280557498,22.0,16.0,1.375,0.4210526315789473,0.5517241379310346,0.0164778578784758,0.2666666666666666,0.26718648473034445,0.7586206896551726
graph_063_mu_0_3_node_445,52,0.1282051282051282,0.0023523235047588093,0.46857410881801126,2.134134134134134,0.0608301202677508,30.0,22.0,1.3636363636363635,0.4230769230769231,0.15172413793103448,0.02573099415204677,0.26829268292682934,0.26900766505227613,0.20689655172413793
graph_063_mu_0_3_node_446,19,0.09941520467836257,0.00048460303528787474,0.39161113288906313,2.5535535535535536,0.013022910063387308,7.0,12.0,0.5833333333333334,0.6315789473684211,0.5217391304347825,0.01228249744114637,0.4615384615384616,0.4619279960447267,0.3043478260869565
graph_063_mu_0_3_node_447,22,0.12554112554112554,0.0005327118517618356,0.41816659690246966,2.3913913913913913,0.02246571755728962,10.0,12.0,0.8333333333333335,0.5454545454545452,0.06382978723404255,0.014778325123152712,0.375,0.3753896103896103,0.05319148936170215
graph_063_mu_0_3_node_448,25,0.11,0.000838989011715094,0.4026602176541717,2.4834834834834836,0.015582402098189434,12.0,13.0,0.9230769230769232,0.5199999999999998,0.4193548387096773,0.013415892672858616,0.3513513513513515,0.3517734703889201,0.3870967741935483
graph_063_mu_0_3_node_449,21,0.13333333333333333,0.0005446728226753647,0.41590341382181517,2.4044044044044046,0.018101630581023275,10.0,11.0,0.9090909090909087,0.5238095238095238,0.07189542483660127,0.012987012987012988,0.3548387096774193,0.35519586413048615,0.065359477124183
graph_063_mu_0_3_node_450,68,0.05926251097453907,0.0055350985962562315,0.47707736389684813,2.096096096096096,0.047748146144353174,36.0,32.0,1.125,0.4705882352941177,0.20915032679738568,0.03778040141676505,0.3076923076923076,0.30873234929397164,0.23529411764705885
graph_063_mu_0_3_node_451,23,0.11067193675889328,0.0006461278400757758,0.43116098403107467,2.319319319319319,0.025248537667442235,11.0,12.0,0.9166666666666664,0.5217391304347825,0.06382978723404255,0.014778325123152712,0.3529411764705881,0.35333081216121764,0.05851063829787237
graph_063_mu_0_3_node_452,26,0.13846153846153847,0.0007949244144617514,0.4192194712547209,2.3853853853853852,0.01992388251012751,13.0,13.0,1.0,0.5,0.27659574468085113,0.013641133263378801,0.33333333333333326,0.3337554797856796,0.27659574468085113
graph_063_mu_0_3_node_453,20,0.13157894736842105,0.00044045667410453677,0.4164235097957482,2.4014014014014013,0.01903330898013622,12.0,8.0,1.5,0.4000000000000001,0.05228758169934642,0.009445100354191263,0.25,0.2502598077422707,0.07843137254901958
graph_063_mu_0_3_node_454,18,0.2222222222222222,0.0002364638799293366,0.3943939992104224,2.5355355355355353,0.018393562247058865,11.0,7.0,1.5714285714285718,0.388888888888889,0.074468085106383,0.007726269315673288,0.2413793103448275,0.2416066347367348,0.11702127659574474
graph_063_mu_0_3_node_455,21,0.20952380952380953,0.0004365476444832173,0.39690107270560193,2.5195195195195197,0.02149220585294935,13.0,8.0,1.625,0.3809523809523811,0.08510638297872337,0.00883002207505519,0.23529411764705885,0.23555394226544143,0.13829787234042556
graph_063_mu_0_3_node_456,14,0.0989010989010989,0.00022691816685908547,0.4150394682176984,2.4094094094094096,0.018579819316506072,5.0,9.0,0.5555555555555556,0.6428571428571429,0.04787234042553191,0.011083743842364536,0.4736842105263158,0.47397635192275167,0.026595744680851074
graph_063_mu_0_3_node_457,28,0.12169312169312169,0.0010770080504032564,0.4102669404517454,2.4374374374374375,0.016615195322991078,13.0,15.0,0.8666666666666669,0.5357142857142857,0.42857142857142855,0.0155440414507772,0.36585365853658547,0.3663407189645492,0.37142857142857155
graph_063_mu_0_3_node_458,98,0.11487481590574374,0.008714941339301502,0.5086558044806517,1.965965965965966,0.09164157411688134,61.0,37.0,1.6486486486486487,0.37755102040816324,0.39361702127659565,0.040838852097130236,0.2327044025157233,0.23390871199070948,0.6489361702127658
graph_063_mu_0_3_node_459,21,0.11904761904761904,0.0006250314869271827,0.39377217185652347,2.5395395395395397,0.011844011598925765,11.0,10.0,1.0999999999999999,0.4761904761904762,0.3225806451612903,0.010319917440660475,0.3125,0.31282471749577867,0.3548387096774193
graph_063_mu_0_3_node_460,18,0.10457516339869281,0.00035330300413903895,0.4157303370786517,2.4054054054054053,0.020441433748066583,9.0,9.0,1.0,0.5,0.04787234042553191,0.011083743842364536,0.33333333333333326,0.33362555061311494,0.04787234042553191
graph_063_mu_0_3_node_461,32,0.0967741935483871,0.001253823304584425,0.4542974079126876,2.201201201201201,0.0345885894423596,12.0,20.0,0.5999999999999998,0.625,0.20408163265306117,0.022172949002217297,0.45454545454545436,0.45519472087450275,0.12244897959183672
graph_063_mu_0_3_node_462,28,0.1111111111111111,0.0011079628516095594,0.4451871657754011,2.2462462462462462,0.03158740777668587,15.0,13.0,1.1538461538461535,0.4642857142857144,0.06914893617021278,0.016009852216748773,0.3023255813953489,0.30274778268793423,0.07978723404255318
graph_063_mu_0_3_node_463,25,0.13666666666666666,0.0007267731199422118,0.42241014799154336,2.3673673673673674,0.026775398189271004,12.0,13.0,0.9230769230769232,0.5199999999999998,0.13829787234042556,0.014348785871964677,0.3513513513513515,0.3517734703889201,0.1276595744680851
graph_063_mu_0_3_node_464,26,0.06153846153846154,0.0008334538958079633,0.4213412062420919,2.3733733733733735,0.019858808511618434,12.0,14.0,0.8571428571428571,0.5384615384615384,0.1428571428571428,0.015521064301552112,0.36842105263157887,0.36887562760397963,0.12244897959183672
graph_063_mu_0_3_node_465,21,0.11904761904761904,0.000549484689052568,0.4178168130489335,2.3933933933933935,0.025252671161580763,10.0,11.0,0.9090909090909087,0.5238095238095238,0.07586206896551724,0.012865497076023386,0.3548387096774193,0.35519586413048615,0.06896551724137932
graph_063_mu_0_3_node_466,22,0.1645021645021645,0.0004430078618545242,0.4443950177935943,2.25025025025025,0.037999487176646994,10.0,12.0,0.8333333333333335,0.5454545454545452,0.08275862068965514,0.014035087719298239,0.375,0.3753896103896103,0.06896551724137932
graph_063_mu_0_3_node_467,38,0.15079365079365079,0.001474950026055265,0.4227676682183665,2.3653653653653652,0.02531294610392529,22.0,16.0,1.375,0.4210526315789473,0.3404255319148935,0.0167890870933893,0.2666666666666666,0.26718648473034445,0.44680851063829785
graph_063_mu_0_3_node_468,21,0.24761904761904763,0.0003159957954395732,0.4013660104459622,2.4914914914914914,0.01929996800090324,16.0,5.0,3.2000000000000006,0.2380952380952381,0.053763440860215034,0.005512679162072765,0.13513513513513511,0.13529757300265086,0.17204301075268816
graph_063_mu_0_3_node_469,24,0.11594202898550725,0.0006974905311387143,0.4095940959409594,2.4414414414414414,0.018794453378246874,12.0,12.0,1.0,0.5,0.12244897959183672,0.013303769401330377,0.33333333333333326,0.33372299432826763,0.12244897959183672
graph_063_mu_0_3_node_470,25,0.1383399209486166,0.0005325046841113529,0.42601279317697227,2.3473473473473474,0.023728325281498493,15.0,10.0,1.5,0.4000000000000001,0.10204081632653059,0.011086474501108648,0.25,0.2503248018708587,0.1428571428571428
graph_063_mu_0_3_node_471,25,0.13,0.0005953818721333141,0.4109419991772933,2.4334334334334335,0.021750612467418575,13.0,12.0,1.0833333333333335,0.4800000000000002,0.12244897959183672,0.013303769401330377,0.31578947368421056,0.31617915998673685,0.1326530612244898
graph_063_mu_0_3_node_472,17,0.19117647058823528,0.0003114154468742022,0.38992974238875877,2.5645645645645647,0.013223715450294023,11.0,6.0,1.8333333333333328,0.3529411764705881,0.06122448979591836,0.0066518847006651885,0.21428571428571427,0.2144805700924173,0.11224489795918367
graph_063_mu_0_3_node_473,18,0.10457516339869281,0.00036399754111587375,0.41607663473552686,2.4034034034034035,0.018704063942417394,9.0,9.0,1.0,0.5,0.05882352941176471,0.010625737898465168,0.33333333333333326,0.33362555061311494,0.05228758169934642
graph_063_mu_0_3_node_474,25,0.26666666666666666,0.0004921199373466213,0.4072564207093355,2.4554554554554553,0.028451378710634908,17.0,8.0,2.125,0.32,0.08510638297872337,0.00883002207505519,0.19047619047619055,0.19073608262095035,0.1808510638297873
graph_063_mu_0_3_node_475,16,0.06666666666666667,0.00029204510889987805,0.4000800961153384,2.4994994994994997,0.013451786426603099,5.0,11.0,0.45454545454545436,0.6875,0.07189542483660127,0.012987012987012988,0.5238095238095238,0.5241665623372268,0.013071895424836605
graph_063_mu_0_3_node_476,27,0.08831908831908832,0.0008919828975382585,0.436054124836316,2.2932932932932935,0.025598122934282805,11.0,16.0,0.6875,0.5925925925925926,0.16326530612244897,0.017738359201773832,0.4210526315789473,0.4215720783681168,0.11224489795918367
graph_063_mu_0_3_node_477,19,0.15789473684210525,0.0003082676770420879,0.40478119935170176,2.4704704704704703,0.020539666409055215,12.0,7.0,1.7142857142857142,0.36842105263157887,0.04827586206896551,0.008187134502923979,0.2258064516129031,0.22603379077044922,0.08275862068965514
graph_063_mu_0_3_node_478,22,0.09956709956709957,0.0005041844691612976,0.3953304313415117,2.5295295295295297,0.01613485903594594,13.0,9.0,1.444444444444444,0.4090909090909091,0.09183673469387756,0.009977827050997784,0.2571428571428571,0.2574351503454162,0.1326530612244898
graph_063_mu_0_3_node_479,22,0.11255411255411256,0.000485374803673845,0.4190436241610738,2.3863863863863863,0.023192328835256782,12.0,10.0,1.1999999999999995,0.45454545454545436,0.05319148936170215,0.012315270935960597,0.29411764705882354,0.29444238564426234,0.06382978723404255
graph_063_mu_0_3_node_480,15,0.17142857142857143,0.0002085413872354526,0.3978494623655914,2.5135135135135136,0.013857576685850099,10.0,5.0,2.0,0.33333333333333326,0.0326797385620915,0.0059031877213695395,0.20000000000000004,0.20016237456564803,0.065359477124183
graph_063_mu_0_3_node_481,25,0.17666666666666667,0.0007093463274736771,0.41764214046822745,2.3943943943943946,0.024080238335020675,14.0,11.0,1.272727272727273,0.4400000000000001,0.11827956989247307,0.012127894156560091,0.282051282051282,0.28240852929885435,0.15053763440860218
graph_063_mu_0_3_node_482,18,0.10457516339869281,0.00038996351250698776,0.40942622950819674,2.4424424424424425,0.01599095493800276,9.0,9.0,1.0,0.5,0.05882352941176471,0.010625737898465168,0.33333333333333326,0.33362555061311494,0.05882352941176471
graph_063_mu_0_3_node_483,21,0.17142857142857143,0.0005342330661577274,0.38766006984866125,2.5795795795795797,0.012356862575001286,10.0,11.0,0.9090909090909087,0.5238095238095238,0.3793103448275863,0.011328527291452116,0.3548387096774193,0.35519586413048615,0.3448275862068967
graph_063_mu_0_3_node_484,24,0.057971014492753624,0.0007757689193664487,0.4034733441033926,2.4784784784784786,0.015441677579961385,8.0,16.0,0.5,0.6666666666666665,0.5161290322580643,0.01651186790505676,0.5,0.500519345624513,0.25806451612903214
graph_063_mu_0_3_node_485,23,0.05533596837944664,0.0008759248625555746,0.43190661478599224,2.315315315315315,0.018786126073487952,8.0,15.0,0.5333333333333332,0.6521739130434784,0.09803921568627454,0.017709563164108627,0.4838709677419357,0.4843578700693287,0.04575163398692808
graph_063_mu_0_3_node_486,28,0.08994708994708994,0.0010258955489946527,0.42027766091712243,2.3793793793793796,0.019985237479916068,11.0,17.0,0.6470588235294118,0.6071428571428571,0.3617021276595746,0.01783840503672613,0.43589743589743607,0.4364493301934459,0.23404255319148948
graph_063_mu_0_3_node_487,47,0.1147086031452359,0.0020653083925182467,0.4389279437609842,2.2782782782782784,0.035064294523851694,29.0,18.0,1.6111111111111112,0.38297872340425526,0.19354838709677416,0.019845644983461967,0.2368421052631579,0.2374271286640939,0.31182795698924737
graph_063_mu_0_3_node_488,22,0.1645021645021645,0.0005298691597935528,0.4013660104459622,2.4914914914914914,0.019295796393616955,11.0,11.0,1.0,0.5,0.11827956989247307,0.012127894156560091,0.33333333333333326,0.3336905109805067,0.11827956989247307
graph_063_mu_0_3_node_489,24,0.12318840579710146,0.0006804841478542953,0.4247448979591837,2.354354354354354,0.02730048743227609,9.0,15.0,0.5999999999999998,0.625,0.15957446808510636,0.016556291390728478,0.45454545454545436,0.4550323884847502,0.09574468085106382
graph_063_mu_0_3_node_490,53,0.06095791001451379,0.003343252015237304,0.45867768595041325,2.18018018018018,0.03591957806771766,33.0,20.0,1.6499999999999995,0.37735849056603776,0.130718954248366,0.023612750885478158,0.23255813953488375,0.23320829232078835,0.20915032679738568
graph_063_mu_0_3_node_491,23,0.09486166007905138,0.0007491851958493836,0.4267407090986758,2.3433433433433435,0.020228326705359814,7.0,16.0,0.4375,0.6956521739130432,0.45714285714285724,0.01658031088082901,0.5333333333333332,0.53385264524505,0.20000000000000004
graph_063_mu_0_3_node_492,17,0.22058823529411764,0.00021701729995363556,0.4227676682183665,2.3653653653653652,0.02770948686988556,11.0,6.0,1.8333333333333328,0.3529411764705881,0.04137931034482757,0.0070175438596491195,0.21428571428571427,0.2144805700924173,0.07586206896551724
graph_063_mu_0_3_node_493,29,0.08620689655172414,0.0009250461531840956,0.42912371134020616,2.33033033033033,0.02675603079786494,13.0,16.0,0.8125,0.5517241379310346,0.16326530612244897,0.017738359201773832,0.3809523809523811,0.3814718952065534,0.12244897959183672
graph_063_mu_0_3_node_494,26,0.12923076923076923,0.0007142410103273234,0.4188679245283019,2.3873873873873874,0.02920302271889408,12.0,14.0,0.8571428571428571,0.5384615384615384,0.09655172413793102,0.016374269005847958,0.36842105263157887,0.36887562760397963,0.08275862068965514
graph_063_mu_0_3_node_495,16,0.10833333333333334,0.0002864058113402077,0.4171189979123173,2.3973973973973974,0.018276575163968998,6.0,10.0,0.5999999999999998,0.625,0.065359477124183,0.011806375442739079,0.45454545454545436,0.45487006663400886,0.03921568627450979
graph_063_mu_0_3_node_496,49,0.07142857142857142,0.002960644367821522,0.4618585298196949,2.165165165165165,0.03990928974279952,27.0,22.0,1.227272727272727,0.4489795918367347,0.11702127659574474,0.02709359605911331,0.28947368421052644,0.29018852694512465,0.14361702127659579
graph_063_mu_0_3_node_497,22,0.19480519480519481,0.00038663143655161345,0.43246753246753245,2.3123123123123124,0.034322982831690066,12.0,10.0,1.1999999999999995,0.45454545454545436,0.06896551724137932,0.011695906432748536,0.29411764705882354,0.29444238564426234,0.08275862068965514
graph_063_mu_0_3_node_498,20,0.18421052631578946,0.0004340701494268579,0.41729323308270677,2.3963963963963963,0.028121544715469255,10.0,10.0,1.0,0.5,0.06896551724137932,0.011695906432748536,0.33333333333333326,0.333658029742191,0.06896551724137932
graph_063_mu_0_3_node_499,25,0.14333333333333334,0.0007331372467526554,0.41469489414694893,2.4114114114114114,0.021221483899528507,13.0,12.0,1.0833333333333335,0.4800000000000002,0.12903225806451607,0.013230429988974642,0.31578947368421056,0.31617915998673685,0.13978494623655904
graph_063_mu_0_3_node_500,40,0.14102564102564102,0.0016236573198097274,0.45,2.2222222222222223,0.04854575423480501,22.0,18.0,1.2222222222222217,0.4500000000000001,0.12413793103448276,0.02105263157894738,0.29032258064516125,0.2909073379708712,0.15172413793103448
graph_063_mu_0_3_node_501,18,0.0457516339869281,0.0003959748714952605,0.39470564994073487,2.5335335335335336,0.012645666473789353,7.0,11.0,0.6363636363636365,0.6111111111111108,0.07189542483660127,0.012987012987012988,0.4400000000000001,0.4403570848888166,0.03921568627450979
graph_063_mu_0_3_node_502,15,0.12380952380952381,0.0002784958801300036,0.4020120724346076,2.4874874874874875,0.01688105742481029,7.0,8.0,0.875,0.5333333333333332,0.04255319148936169,0.009852216748768471,0.36363636363636365,0.3638960870309483,0.0372340425531915
graph_063_mu_0_3_node_503,63,0.09016393442622951,0.0039003714913934374,0.4666043904717422,2.1431431431431434,0.04636658684306359,38.0,25.0,1.5199999999999998,0.3968253968253969,0.25510204081632665,0.027716186252771616,0.24752475247524763,0.24833757557242864,0.37755102040816324
graph_063_mu_0_3_node_504,45,0.1303030303030303,0.001984233446930247,0.4424269264836138,2.26026026026026,0.03552294231457833,27.0,18.0,1.5,0.4000000000000001,0.1836734693877551,0.019955654101995568,0.25,0.2505849473547381,0.2755102040816326
graph_063_mu_0_3_node_505,19,0.3157894736842105,0.0001805742538744457,0.39721669980119284,2.5175175175175175,0.023120949495782014,15.0,4.0,3.75,0.21052631578947364,0.04255319148936169,0.004415011037527595,0.11764705882352942,0.11777700489590942,0.15957446808510636
graph_063_mu_0_3_node_506,22,0.1471861471861472,0.00044282854192967543,0.42619453924914674,2.3463463463463463,0.031632810751924124,11.0,11.0,1.0,0.5,0.07586206896551724,0.012865497076023386,0.33333333333333326,0.3336905109805067,0.07586206896551724
graph_063_mu_0_3_node_507,16,0.125,0.0003052240720288723,0.4167709637046308,2.3993993993993996,0.02205860461555298,7.0,9.0,0.777777777777778,0.5625,0.04787234042553191,0.011083743842364536,0.3913043478260869,0.3915965271592689,0.0372340425531915
graph_063_mu_0_3_node_508,28,0.08994708994708994,0.0009247345783467566,0.4102669404517454,2.4374374374374375,0.019434680897223527,16.0,12.0,1.333333333333333,0.42857142857142855,0.07843137254901958,0.0141676505312869,0.2727272727272726,0.2731170349723033,0.10457516339869284
graph_063_mu_0_3_node_509,68,0.0684811237928007,0.005246516562792473,0.4814457831325301,2.0770770770770772,0.05380612288157828,41.0,27.0,1.5185185185185186,0.3970588235294119,0.14361702127659579,0.03325123152709359,0.24770642201834867,0.24858438514389736,0.21808510638297873
graph_063_mu_0_3_node_510,24,0.12318840579710146,0.000741612324211169,0.43989431968295906,2.2732732732732734,0.02308777986448898,10.0,14.0,0.7142857142857141,0.5833333333333334,0.09150326797385616,0.01652892561983471,0.41176470588235303,0.4122192218228762,0.065359477124183
graph_063_mu_0_3_node_511,32,0.10685483870967742,0.0010058741700534034,0.42366412213740456,2.3603603603603602,0.028259453416648515,17.0,15.0,1.133333333333333,0.46875,0.15957446808510636,0.016556291390728478,0.3061224489795918,0.3066096359619558,0.1808510638297873
graph_063_mu_0_3_node_512,116,0.10314842578710645,0.011751106260011772,0.5045454545454545,1.981981981981982,0.0963020673578971,77.0,39.0,1.9743589743589745,0.33620689655172414,0.4148936170212767,0.04304635761589404,0.20207253886010357,0.20334318689059924,0.8191489361702131
graph_063_mu_0_3_node_513,30,0.08275862068965517,0.001135507765914494,0.4300473525613431,2.325325325325325,0.024609308630068806,14.0,16.0,0.875,0.5333333333333332,0.10457516339869284,0.018890200708382526,0.36363636363636365,0.3641559116296094,0.08496732026143788
graph_063_mu_0_3_node_514,34,0.14717741935483872,0.001100155397135578,0.4366258741258741,2.29029029029029,0.03508944218158899,18.0,16.0,1.125,0.4705882352941177,0.17021276595744675,0.01766004415011038,0.3076923076923076,0.30821199068568184,0.1808510638297873
graph_063_mu_0_3_node_515,38,0.12091038406827881,0.0014658131807369114,0.4428191489361702,2.2582582582582584,0.03423451133972833,20.0,18.0,1.1111111111111112,0.4736842105263158,0.19354838709677416,0.019845644983461967,0.31034482758620696,0.31092950893487187,0.21505376344086014
graph_063_mu_0_3_node_516,26,0.12923076923076923,0.000628910012098408,0.4276541095890411,2.3383383383383385,0.027353275000408607,15.0,11.0,1.3636363636363635,0.4230769230769231,0.05851063829787237,0.013546798029556655,0.26829268292682934,0.2686499533805628,0.07978723404255318
graph_063_mu_0_3_node_517,53,0.055152394775036286,0.003478606236103106,0.46638655462184875,2.144144144144144,0.038005438819158355,31.0,22.0,1.4090909090909096,0.41509433962264164,0.14379084967320255,0.025974025974025976,0.2619047619047619,0.26261979050590595,0.19607843137254907
graph_063_mu_0_3_node_518,21,0.1619047619047619,0.0005612809396581905,0.392226148409894,2.5495495495495497,0.013565083247138359,10.0,11.0,0.9090909090909087,0.5238095238095238,0.3793103448275863,0.011328527291452116,0.3548387096774193,0.35519586413048615,0.3448275862068967
graph_063_mu_0_3_node_519,21,0.07142857142857142,0.0006519206297003274,0.40675895765472314,2.4584584584584586,0.0157353298718312,10.0,11.0,0.9090909090909087,0.5238095238095238,0.07189542483660127,0.012987012987012988,0.3548387096774193,0.35519586413048615,0.05882352941176471
graph_063_mu_0_3_node_520,26,0.08,0.0008507084713522566,0.42169691853102576,2.3713713713713713,0.022745207992622696,14.0,12.0,1.1666666666666667,0.4615384615384616,0.06382978723404255,0.014778325123152712,0.2999999999999999,0.3003897116134061,0.074468085106383
graph_063_mu_0_3_node_521,31,0.2832512315270936,0.0007540270382977183,0.3939274447949527,2.5385385385385386,0.01414158182189306,23.0,8.0,2.875,0.25806451612903214,0.2666666666666666,0.00824742268041237,0.14814814814814814,0.14840814164831068,0.7333333333333332
graph_063_mu_0_3_node_522,21,0.1,0.0005578322170708524,0.42986230636833045,2.3263263263263263,0.025241732526159678,9.0,12.0,0.75,0.5714285714285712,0.06382978723404255,0.014778325123152712,0.4000000000000001,0.40038958509187705,0.04787234042553191
graph_063_mu_0_3_node_523,28,0.20634920634920634,0.000885145016208611,0.41764214046822745,2.3943943943943946,0.020258559879752447,17.0,11.0,1.5454545454545454,0.39285714285714296,0.23404255319148948,0.011542497376705143,0.24444444444444444,0.24480176131954592,0.3617021276595746
graph_063_mu_0_3_node_524,35,0.20168067226890757,0.0008632816294022349,0.42045454545454547,2.3783783783783785,0.03390164410353585,26.0,9.0,2.888888888888888,0.2571428571428571,0.09574468085106382,0.009933774834437085,0.14754098360655735,0.1478335238308382,0.27659574468085113
graph_063_mu_0_3_node_525,31,0.12688172043010754,0.0009893427414288422,0.43359375,2.3063063063063063,0.028863270924373984,18.0,13.0,1.3846153846153846,0.4193548387096773,0.13978494623655904,0.014332965821389201,0.2653061224489796,0.26572840602864506,0.19354838709677416
graph_063_mu_0_3_node_526,28,0.082010582010582,0.0009215497249563062,0.42169691853102576,2.3713713713713713,0.02394116716255097,16.0,12.0,1.333333333333333,0.42857142857142855,0.06382978723404255,0.014778325123152712,0.2727272727272726,0.2731170349723033,0.08510638297872337
graph_063_mu_0_3_node_527,35,0.05378151260504202,0.0014150514521385994,0.4278372591006424,2.3373373373373374,0.02538031405804813,20.0,15.0,1.333333333333333,0.42857142857142855,0.07978723404255318,0.018472906403940885,0.2727272727272726,0.2732145546686039,0.09042553191489365
graph_063_mu_0_3_node_528,22,0.12631578947368421,0.0004896514700050439,0.4102669404517454,2.4374374374374375,0.020902361063775535,13.0,9.0,1.444444444444444,0.4090909090909091,0.04787234042553191,0.011083743842364536,0.2571428571428571,0.2574351503454162,0.06382978723404255
graph_063_mu_0_3_node_529,29,0.10098522167487685,0.000980095558912248,0.43415906127770537,2.3033033033033035,0.02866636145905839,19.0,10.0,1.8999999999999995,0.3448275862068967,0.05319148936170215,0.012315270935960597,0.20833333333333337,0.2086582196231319,0.101063829787234
graph_063_mu_0_3_node_530,32,0.15524193548387097,0.0009067235053124949,0.4243840271877655,2.3563563563563563,0.03192509452631709,19.0,13.0,1.461538461538461,0.40625,0.13978494623655904,0.014332965821389201,0.2549019607843137,0.2553242718001342,0.20430107526881716
graph_063_mu_0_3_node_531,40,0.1,0.0017505165772889499,0.42169691853102576,2.3713713713713713,0.026532078645999352,24.0,16.0,1.5,0.4000000000000001,0.16326530612244897,0.017738359201773832,0.25,0.25051988562516236,0.24489795918367344
graph_063_mu_0_3_node_532,28,0.16307692307692306,0.0008494219521139934,0.3881118881118881,2.5765765765765765,0.010991023335541375,18.0,10.0,1.8000000000000005,0.35714285714285704,0.3225806451612903,0.010319917440660475,0.2173913043478261,0.21771616952877604,0.5483870967741937
graph_063_mu_0_3_node_533,26,0.12307692307692308,0.0008614366001776979,0.44008810572687224,2.2722722722722724,0.02574934541579209,16.0,10.0,1.6000000000000003,0.38461538461538475,0.05319148936170215,0.012315270935960597,0.2380952380952381,0.2384200610667185,0.08510638297872337
graph_063_mu_0_3_node_534,24,0.06884057971014493,0.0007540909967005329,0.4143508917461634,2.4134134134134135,0.017987787661485257,15.0,9.0,1.666666666666667,0.375,0.05882352941176471,0.010625737898465168,0.2307692307692308,0.2310615619479751,0.08496732026143788
graph_063_mu_0_3_node_535,38,0.09815078236130868,0.0019275765283088221,0.43228039809606233,2.3133133133133135,0.023690330379608826,21.0,17.0,1.2352941176470587,0.4473684210526317,0.4857142857142857,0.01761658031088082,0.28813559322033905,0.28868784608718107,0.5999999999999998
graph_063_mu_0_3_node_536,53,0.07982583454281568,0.0032863603226394797,0.46923438233912634,2.131131131131131,0.0465370529902694,29.0,24.0,1.2083333333333333,0.45283018867924524,0.1276595744680851,0.029556650246305424,0.2926829268292682,0.293462805948005,0.15425531914893617
graph_063_mu_0_3_node_537,22,0.1645021645021645,0.0004806243540484624,0.43378202344767697,2.305305305305305,0.027838717763528913,11.0,11.0,1.0,0.5,0.05851063829787237,0.013546798029556655,0.33333333333333326,0.3336905109805067,0.05851063829787237
graph_063_mu_0_3_node_538,34,0.1586452762923351,0.0009284966887269284,0.42528735632183906,2.3513513513513513,0.02822418868038574,24.0,10.0,2.399999999999999,0.29411764705882354,0.10204081632653059,0.011086474501108648,0.17241379310344834,0.17273878497865142,0.24489795918367344
graph_063_mu_0_3_node_539,43,0.16219512195121952,0.001634137932972029,0.43397046046915727,2.304304304304304,0.0389372261566136,29.0,14.0,2.0714285714285725,0.3255813953488372,0.148936170212766,0.015452538631346576,0.1944444444444445,0.19489952180759618,0.297872340425532
graph_063_mu_0_3_node_540,53,0.13333333333333333,0.0023086800401874996,0.4465802413947251,2.239239239239239,0.04500516769067153,35.0,18.0,1.944444444444444,0.33962264150943405,0.19148936170212763,0.01986754966887417,0.20454545454545456,0.20513070620366755,0.3617021276595746
graph_063_mu_0_3_node_541,28,0.03968253968253968,0.0010032321592460603,0.4143508917461634,2.4134134134134135,0.018314224050233346,15.0,13.0,1.1538461538461535,0.4642857142857144,0.08496732026143788,0.015348288075560797,0.3023255813953489,0.30274778268793423,0.065359477124183
graph_063_mu_0_3_node_542,53,0.08490566037735849,0.0029512300591235724,0.46036866359447004,2.1721721721721723,0.044236686739011516,36.0,17.0,2.1176470588235294,0.3207547169811321,0.09042553191489365,0.020935960591133004,0.19101123595505612,0.19156402755262383,0.19148936170212763
graph_063_mu_0_3_node_543,26,0.08695652173913043,0.0008701306914856743,0.4534725374489333,2.205205205205205,0.03372281609545028,12.0,14.0,0.8571428571428571,0.5384615384615384,0.09655172413793102,0.016374269005847958,0.36842105263157887,0.36887562760397963,0.07586206896551724
graph_063_mu_0_3_node_544,41,0.1073170731707317,0.0017610622842399758,0.4393139841688654,2.2762762762762763,0.03057710638630541,26.0,15.0,1.7333333333333338,0.36585365853658547,0.1530612244897959,0.01662971175166297,0.2238805970149254,0.22436806898528705,0.2653061224489796
graph_063_mu_0_3_node_545,29,0.16748768472906403,0.0008322667665702435,0.4269230769230769,2.3423423423423424,0.02880018792499268,19.0,10.0,1.8999999999999995,0.3448275862068967,0.1063829787234043,0.011037527593818985,0.20833333333333337,0.2086582196231319,0.202127659574468
graph_063_mu_0_3_node_546,26,0.1076923076923077,0.0009063145758214101,0.4300473525613431,2.325325325325325,0.029253055356604905,11.0,15.0,0.7333333333333332,0.5769230769230768,0.10344827586206896,0.017543859649122806,0.4054054054054053,0.4058924025808218,0.07586206896551724
graph_063_mu_0_3_node_547,32,0.1028225806451613,0.0011564947707324322,0.41555740432612315,2.4064064064064064,0.02414601533350451,19.0,13.0,1.461538461538461,0.40625,0.13978494623655904,0.014332965821389201,0.2549019607843137,0.2553242718001342,0.20430107526881716
graph_063_mu_0_3_node_548,31,0.16989247311827957,0.0008921289553391875,0.4410596026490066,2.2672672672672673,0.04262433155054396,18.0,13.0,1.3846153846153846,0.4193548387096773,0.08965517241379309,0.015204678362573101,0.2653061224489796,0.26572840602864506,0.12413793103448276
graph_063_mu_0_3_node_549,36,0.16825396825396827,0.001297768358561303,0.4300473525613431,2.325325325325325,0.036164689060841713,21.0,15.0,1.3999999999999997,0.41666666666666674,0.15957446808510636,0.016556291390728478,0.2631578947368421,0.26364520833938915,0.22340425531914893
graph_063_mu_0_3_node_550,23,0.12648221343873517,0.0005406158628165258,0.41400745959386653,2.4154154154154153,0.02408104310949706,10.0,13.0,0.7692307692307695,0.5652173913043478,0.13829787234042556,0.014348785871964677,0.39393939393939387,0.3943614581580882,0.1063829787234043
graph_063_mu_0_3_node_551,31,0.12473118279569892,0.0008970087744350104,0.42728828058169377,2.34034034034034,0.027167051099029657,20.0,11.0,1.8181818181818175,0.3548387096774193,0.11224489795918367,0.012195121951219514,0.21568627450980402,0.21604366103958084,0.20408163265306117
graph_063_mu_0_3_node_552,30,0.15402298850574714,0.0009224828999205317,0.4169449081803005,2.3983983983983985,0.028182551929077714,18.0,12.0,1.5,0.4000000000000001,0.1276595744680851,0.013245033112582785,0.25,0.25038981288981293,0.19148936170212763
graph_063_mu_0_3_node_553,27,0.10541310541310542,0.0009493305124861927,0.43302990897269183,2.309309309309309,0.02448067672343832,14.0,13.0,1.0769230769230769,0.4814814814814816,0.13978494623655904,0.014332965821389201,0.3170731707317073,0.31749534460239215,0.15053763440860218
graph_063_mu_0_3_node_554,30,0.10114942528735632,0.001244465433503748,0.4469798657718121,2.2372372372372373,0.029376148942996727,13.0,17.0,0.7647058823529413,0.5666666666666665,0.18279569892473116,0.018743109151047408,0.3953488372093022,0.3959008031822233,0.13978494623655904
graph_063_mu_0_3_node_555,28,0.17724867724867724,0.0006989267937114274,0.43190661478599224,2.315315315315315,0.03735794531280504,18.0,10.0,1.8000000000000005,0.35714285714285704,0.06896551724137932,0.011695906432748536,0.2173913043478261,0.21771616952877604,0.12413793103448276
graph_063_mu_0_3_node_556,27,0.13333333333333333,0.0007936525469973854,0.3953304313415117,2.5295295295295297,0.014255398176469576,15.0,12.0,1.25,0.4444444444444446,0.3870967741935483,0.012383900928792572,0.2857142857142856,0.2861040226418596,0.4516129032258062
graph_063_mu_0_3_node_557,23,0.23333333333333334,0.000465309374981684,0.4185169669040637,2.3893893893893896,0.024058120568254626,15.0,8.0,1.875,0.3478260869565216,0.08602150537634408,0.00882028665931643,0.21052631578947364,0.2107861741666581,0.15053763440860218
graph_063_mu_0_3_node_558,28,0.1693121693121693,0.0007329426032607683,0.43190661478599224,2.315315315315315,0.03252079847250915,16.0,12.0,1.333333333333333,0.42857142857142855,0.1276595744680851,0.013245033112582785,0.2727272727272726,0.2731170349723033,0.17021276595744675
graph_063_mu_0_3_node_559,20,0.11578947368421053,0.0004952726129285847,0.43246753246753245,2.3123123123123124,0.02585226813912602,9.0,11.0,0.8181818181818182,0.5499999999999999,0.05851063829787237,0.013546798029556655,0.3793103448275863,0.3796674760895583,0.04787234042553191
graph_063_mu_0_3_node_560,36,0.12222222222222222,0.0014020070726927572,0.4278372591006424,2.3373373373373374,0.028396925041696976,22.0,14.0,1.5714285714285718,0.388888888888889,0.15053763440860218,0.01543550165380375,0.2413793103448275,0.24183418070677443,0.23655913978494614
graph_063_mu_0_3_node_561,23,0.1,0.0005651234501111319,0.3914576802507837,2.5545545545545547,0.012645882521606575,11.0,12.0,0.9166666666666664,0.5217391304347825,0.5217391304347825,0.01228249744114637,0.3529411764705881,0.35333081216121764,0.4347826086956522
graph_063_mu_0_3_node_562,38,0.08095238095238096,0.001451562724726838,0.44223107569721115,2.2612612612612613,0.03174174445072121,23.0,15.0,1.5333333333333337,0.3947368421052631,0.07978723404255318,0.018472906403940885,0.24590163934426232,0.2463890162815856,0.11702127659574474
graph_063_mu_0_3_node_563,23,0.08095238095238096,0.0005650316689488873,0.4128099173553719,2.4224224224224224,0.018581219374943458,13.0,10.0,1.3000000000000005,0.4347826086956522,0.065359477124183,0.011806375442739079,0.2777777777777778,0.27810253745561614,0.07843137254901958
graph_063_mu_0_3_node_564,29,0.18226600985221675,0.0007475454461602736,0.4192194712547209,2.3853853853853852,0.028306206482624975,18.0,11.0,1.6363636363636365,0.3793103448275863,0.11702127659574474,0.012141280353200888,0.23404255319148948,0.23439989328179897,0.19148936170212763
graph_063_mu_0_3_node_565,55,0.1378809869375907,0.0026113838823105273,0.42912371134020616,2.33033033033033,0.032494267931059605,34.0,21.0,1.6190476190476195,0.38181818181818183,0.44680851063829785,0.022035676810073453,0.23595505617977522,0.2366377387973754,0.7021276595744682
graph_063_mu_0_3_node_566,111,0.1019367991845056,0.01103464482430485,0.49850299401197606,2.006006006006006,0.07813136588882247,75.0,36.0,2.083333333333333,0.3243243243243245,0.3870967741935483,0.039691289966923934,0.19354838709677416,0.19472125475820645,0.7956989247311828
graph_063_mu_0_3_node_567,30,0.16551724137931034,0.0010368818886157824,0.40314769975786924,2.4804804804804803,0.016371144553214412,16.0,14.0,1.1428571428571423,0.46666666666666673,0.482758620689655,0.01441812564366632,0.3043478260869565,0.3048025191691261,0.5517241379310346
graph_063_mu_0_3_node_568,42,0.16492450638792103,0.0014321877897613398,0.4459821428571429,2.2422422422422423,0.050387847497383106,30.0,12.0,2.5,0.2857142857142856,0.08275862068965514,0.014035087719298239,0.16666666666666663,0.16705678370177723,0.20689655172413793
graph_063_mu_0_3_node_569,45,0.13737373737373737,0.001979148520469502,0.43681679055531264,2.289289289289289,0.03980287543436105,27.0,18.0,1.5,0.4000000000000001,0.19148936170212763,0.01986754966887417,0.25,0.2505849473547381,0.28723404255319157
graph_063_mu_0_3_node_570,33,0.16856060606060605,0.0010376743694289526,0.42420382165605097,2.3573573573573574,0.031561249339952024,19.0,14.0,1.3571428571428577,0.42424242424242414,0.148936170212766,0.015452538631346576,0.2692307692307692,0.26968555093555097,0.202127659574468
graph_063_mu_0_3_node_571,19,0.029239766081871343,0.0005935333985678178,0.4034733441033926,2.4784784784784786,0.0137469032640758,6.0,13.0,0.4615384615384616,0.6842105263157895,0.722222222222222,0.013238289205702643,0.5199999999999998,0.520421954623649,0.2777777777777778
graph_063_mu_0_3_node_572,33,0.0928030303030303,0.001268507579296827,0.4294926913155632,2.3283283283283285,0.027521244404886125,21.0,12.0,1.75,0.36363636363636365,0.06382978723404255,0.014778325123152712,0.2222222222222223,0.22261211110389087,0.1063829787234043
graph_063_mu_0_3_node_573,34,0.06951871657754011,0.001414418968817971,0.4465802413947251,2.239239239239239,0.03085815196529652,21.0,13.0,1.6153846153846159,0.3823529411764707,0.06914893617021278,0.016009852216748773,0.2363636363636364,0.23678600226246352,0.101063829787234
graph_063_mu_0_3_node_574,28,0.2275132275132275,0.0008122687438934649,0.39721669980119284,2.5175175175175175,0.015330894934848424,16.0,12.0,1.333333333333333,0.42857142857142855,0.4000000000000001,0.01237113402061856,0.2727272727272726,0.2731170349723033,0.5333333333333332
graph_063_mu_0_3_node_575,27,0.08831908831908832,0.0010149482626288276,0.41992433795712486,2.3813813813813813,0.020069849020643037,11.0,16.0,0.6875,0.5925925925925926,0.45714285714285724,0.01658031088082901,0.4210526315789473,0.4215720783681168,0.3142857142857142
graph_063_mu_0_3_node_576,24,0.2644927536231884,0.0005766971909042075,0.3911511354737666,2.5565565565565564,0.012647386992315076,16.0,8.0,2.0,0.33333333333333326,0.2666666666666666,0.00824742268041237,0.20000000000000004,0.20025987525987524,0.5333333333333332
graph_063_mu_0_3_node_577,36,0.10317460317460317,0.0014484129493897793,0.4393139841688654,2.2762762762762763,0.028975873238797557,21.0,15.0,1.3999999999999997,0.41666666666666674,0.1530612244897959,0.01662971175166297,0.2631578947368421,0.26364520833938915,0.21428571428571427
graph_063_mu_0_3_node_578,92,0.054706163401815576,0.009048621663267978,0.499000999000999,2.004004004004004,0.07041045455399454,56.0,36.0,1.555555555555556,0.3913043478260869,0.19148936170212763,0.04433497536945814,0.24324324324324328,0.2444146606583155,0.29255319148936165
graph_063_mu_0_3_node_579,26,0.11692307692307692,0.0007928415095357363,0.4117889530090684,2.4284284284284285,0.021622138355408826,14.0,12.0,1.1666666666666667,0.4615384615384616,0.12903225806451607,0.013230429988974642,0.2999999999999999,0.3003897116134061,0.15053763440860218
graph_063_mu_0_3_node_580,27,0.1794871794871795,0.0006655861759638814,0.4034733441033926,2.4784784784784786,0.020267351434118185,19.0,8.0,2.375,0.2962962962962963,0.08163265306122448,0.008869179600886916,0.1739130434782608,0.17417296939937335,0.19387755102040807
graph_063_mu_0_3_node_581,66,0.057342657342657345,0.005232959059933867,0.46923438233912634,2.131131131131131,0.04134138254377904,41.0,25.0,1.6400000000000003,0.37878787878787884,0.1633986928104575,0.029515938606847703,0.23364485981308417,0.23445784150473645,0.2679738562091503
graph_063_mu_0_3_node_582,26,0.10153846153846154,0.0007343616732192123,0.4007220216606498,2.4954954954954953,0.019190447547179176,15.0,11.0,1.3636363636363635,0.4230769230769231,0.11827956989247307,0.012127894156560091,0.26829268292682934,0.2686499533805628,0.16129032258064516
graph_063_mu_0_3_node_583,19,0.14035087719298245,0.00041600416326120326,0.3716517857142857,2.690690690690691,0.008242749516587726,9.0,10.0,0.9000000000000002,0.5263157894736842,0.5555555555555556,0.010183299389002034,0.35714285714285704,0.3574675324675326,0.5
graph_063_mu_0_3_node_584,28,0.13756613756613756,0.00089824840852633,0.43246753246753245,2.3123123123123124,0.027606067118695562,19.0,9.0,2.111111111111111,0.32142857142857145,0.04787234042553191,0.011083743842364536,0.19148936170212763,0.1917817688628541,0.101063829787234
graph_063_mu_0_3_node_585,25,0.12333333333333334,0.0007395258474687418,0.4428191489361702,2.2582582582582584,0.029658841498040385,12.0,13.0,0.9230769230769232,0.5199999999999998,0.06914893617021278,0.016009852216748773,0.3513513513513515,0.3517734703889201,0.06382978723404255
graph_063_mu_0_3_node_586,22,0.1341991341991342,0.0005379755475558013,0.4117889530090684,2.4284284284284285,0.01980351116437447,12.0,10.0,1.1999999999999995,0.45454545454545436,0.065359477124183,0.011806375442739079,0.29411764705882354,0.29444238564426234,0.07843137254901958
graph_063_mu_0_3_node_587,27,0.18233618233618235,0.0006526238862404243,0.4274711168164313,2.339339339339339,0.03581696774923615,16.0,11.0,1.4545454545454546,0.4074074074074074,0.07586206896551724,0.012865497076023386,0.2558139534883721,0.25617124715128176,0.1103448275862069
graph_063_mu_0_3_node_588,29,0.1724137931034483,0.0008406815587718116,0.41659716430358634,2.4004004004004003,0.02536906664484673,20.0,9.0,2.2222222222222223,0.31034482758620696,0.09677419354838708,0.009922822491730984,0.1836734693877551,0.18396589555014917,0.21505376344086014
graph_063_mu_0_3_node_589,35,0.09411764705882353,0.0012720907277079775,0.4245643858903527,2.3553553553553552,0.025962713391426598,20.0,15.0,1.333333333333333,0.42857142857142855,0.09803921568627454,0.017709563164108627,0.2727272727272726,0.2732145546686039,0.12418300653594773
graph_063_mu_0_3_node_590,33,0.17803030303030304,0.0009607694941936624,0.4377738825591586,2.284284284284284,0.041113310256779986,21.0,12.0,1.75,0.36363636363636365,0.08275862068965514,0.014035087719298239,0.2222222222222223,0.22261211110389087,0.1448275862068966
graph_063_mu_0_3_node_591,23,0.07905138339920949,0.0005713208230509201,0.408923454768727,2.4454454454454453,0.016170101694565103,15.0,8.0,1.875,0.3478260869565216,0.05228758169934642,0.009445100354191263,0.21052631578947364,0.2107861741666581,0.08496732026143788
graph_063_mu_0_3_node_592,33,0.13257575757575757,0.0011945708812590604,0.44618133095131757,2.2412412412412412,0.03447646117747753,18.0,15.0,1.1999999999999995,0.45454545454545436,0.15957446808510636,0.016556291390728478,0.29411764705882354,0.294604865690064,0.19148936170212763
graph_063_mu_0_3_node_593,29,0.17980295566502463,0.0011485783681457772,0.42875536480686693,2.3323323323323324,0.026838347544970644,13.0,16.0,0.8125,0.5517241379310346,0.5517241379310346,0.0164778578784758,0.3809523809523811,0.3814718952065534,0.44827586206896536
graph_063_mu_0_3_node_594,98,0.07090258783925941,0.00948638509963066,0.5096938775510204,1.961961961961962,0.07776716870718865,69.0,29.0,2.3793103448275867,0.2959183673469389,0.15425531914893617,0.0357142857142857,0.1736526946107784,0.17459735078850405,0.36702127659574474
graph_063_mu_0_3_node_595,21,0.10952380952380952,0.0004764345056230912,0.42986230636833045,2.3263263263263263,0.02397623578269853,10.0,11.0,0.9090909090909087,0.5238095238095238,0.05851063829787237,0.013546798029556655,0.3548387096774193,0.35519586413048615,0.04787234042553191
graph_063_mu_0_3_node_596,66,0.09603729603729604,0.00454890958187482,0.4694548872180451,2.13013013013013,0.04824491746491776,41.0,25.0,1.6400000000000003,0.37878787878787884,0.25510204081632665,0.027716186252771616,0.23364485981308417,0.23445784150473645,0.4183673469387755
graph_063_mu_0_3_node_597,78,0.10421052631578948,0.0056411964587758864,0.4694548872180451,2.13013013013013,0.05257894954015118,53.0,25.0,2.120000000000001,0.32051282051282054,0.25510204081632665,0.027716186252771616,0.19083969465648865,0.19165331134539404,0.5306122448979592
graph_063_mu_0_3_node_598,97,0.05433848797250859,0.009569458712257355,0.4977578475336323,2.009009009009009,0.06949372964520253,65.0,32.0,2.03125,0.3298969072164948,0.17021276595744675,0.039408866995073885,0.19753086419753083,0.19857287005881383,0.34574468085106397
graph_063_mu_0_3_node_599,26,0.18461538461538463,0.0007606520000184752,0.4121287128712871,2.4264264264264264,0.018570474612758774,13.0,13.0,1.0,0.5,0.27659574468085113,0.013641133263378801,0.33333333333333326,0.3337554797856796,0.27659574468085113
graph_063_mu_0_3_node_600,54,0.0957372466806429,0.003178855055764859,0.46769662921348315,2.1381381381381384,0.045769428122606794,35.0,19.0,1.8421052631578938,0.35185185185185197,0.101063829787234,0.023399014778325122,0.2134831460674157,0.2141008916212734,0.18617021276595744
graph_063_mu_0_3_node_601,24,0.09956709956709957,0.0007627131604317715,0.4188679245283019,2.3873873873873874,0.018640373741829575,9.0,15.0,0.5999999999999998,0.625,0.8333333333333335,0.01527494908350305,0.45454545454545436,0.4550323884847502,0.4444444444444446
graph_063_mu_0_3_node_602,23,0.18181818181818182,0.0005038447807857461,0.4245643858903527,2.3553553553553552,0.027118227554334486,15.0,8.0,1.875,0.3478260869565216,0.04255319148936169,0.009852216748768471,0.21052631578947364,0.2107861741666581,0.07978723404255318
graph_063_mu_0_3_node_603,25,0.07666666666666666,0.0008630744486228059,0.3991210547343188,2.5055055055055053,0.01385682997590345,10.0,15.0,0.6666666666666665,0.5999999999999998,0.8333333333333335,0.01527494908350305,0.42857142857142855,0.4290583941267316,0.5555555555555556
graph_063_mu_0_3_node_604,15,0.09523809523809523,0.0003122919293288921,0.38173481085212074,2.6196196196196198,0.009524846489530506,7.0,8.0,0.875,0.5333333333333332,0.3478260869565216,0.00818833162743091,0.36363636363636365,0.3638960870309483,0.3043478260869565
graph_063_mu_0_3_node_605,26,0.15384615384615385,0.0005934979101652829,0.40875613747954176,2.4464464464464464,0.022489480634254117,16.0,10.0,1.6000000000000003,0.38461538461538475,0.10752688172043007,0.01102535832414553,0.2380952380952381,0.2384200610667185,0.17204301075268816
graph_063_mu_0_3_node_606,30,0.19310344827586207,0.0010884011102122815,0.40842191332788225,2.4484484484484486,0.017696195029907272,16.0,14.0,1.1428571428571423,0.46666666666666673,0.482758620689655,0.01441812564366632,0.3043478260869565,0.3048025191691261,0.5517241379310346
graph_063_mu_0_3_node_607,19,0.16374269005847952,0.0003420921073625146,0.4111111111111111,2.4324324324324325,0.020327894822459263,12.0,7.0,1.7142857142857142,0.36842105263157887,0.0372340425531915,0.008620689655172415,0.2258064516129031,0.22603379077044922,0.06382978723404255
graph_063_mu_0_3_node_608,19,0.14619883040935672,0.0004924696891871766,0.43302990897269183,2.309309309309309,0.0252620079668266,10.0,9.0,1.1111111111111112,0.4736842105263158,0.04787234042553191,0.011083743842364536,0.31034482758620696,0.31063706384298506,0.05319148936170215
graph_063_mu_0_3_node_609,47,0.18282828282828284,0.0021050318706714944,0.43190661478599224,2.315315315315315,0.029001791389566607,28.0,19.0,1.4736842105263155,0.404255319148936,0.6551724137931033,0.01956745623069001,0.25333333333333335,0.2539507978291248,0.9310344827586208
graph_063_mu_0_3_node_610,34,0.07308377896613191,0.0015305480333533468,0.4567901234567901,2.189189189189189,0.03505896433912152,14.0,20.0,0.6999999999999998,0.5882352941176471,0.1063829787234043,0.024630541871921194,0.41666666666666674,0.41731601731601753,0.06914893617021278
graph_063_mu_0_3_node_611,18,0.09803921568627451,0.0004044446300309064,0.4074225122349103,2.4544544544544546,0.015722331654793895,9.0,9.0,1.0,0.5,0.05882352941176471,0.010625737898465168,0.33333333333333326,0.33362555061311494,0.05882352941176471
graph_063_mu_0_3_node_612,28,0.12169312169312169,0.0008601019566471728,0.42857142857142855,2.3333333333333335,0.027550347429246964,15.0,13.0,1.1538461538461535,0.4642857142857144,0.13829787234042556,0.014348785871964677,0.3023255813953489,0.30274778268793423,0.15957446808510636
graph_063_mu_0_3_node_613,34,0.09090909090909091,0.0013163370541848345,0.43321769297484825,2.3083083083083085,0.025454675913093843,20.0,14.0,1.4285714285714282,0.41176470588235303,0.09150326797385616,0.01652892561983471,0.2592592592592592,0.25971407051258916,0.130718954248366
graph_063_mu_0_3_node_614,32,0.1693548387096774,0.0009658233164333929,0.44203539823008847,2.2622622622622623,0.029799344504664538,19.0,13.0,1.461538461538461,0.40625,0.1326530612244898,0.014412416851441236,0.2549019607843137,0.2553242718001342,0.19387755102040807
graph_063_mu_0_3_node_615,22,0.09956709956709957,0.0006354412305154129,0.42241014799154336,2.3673673673673674,0.023468519699264032,9.0,13.0,0.6923076923076923,0.5909090909090909,0.06914893617021278,0.016009852216748773,0.4193548387096773,0.4197768755242733,0.04787234042553191
graph_063_mu_0_3_node_616,95,0.05442329227323628,0.008995200815433054,0.5017579105976896,1.992992992992993,0.07424093799858461,61.0,34.0,1.7941176470588232,0.3578947368421054,0.1808510638297873,0.04187192118226601,0.21794871794871803,0.21905548878205128,0.3191489361702127
graph_063_mu_0_3_node_617,37,0.14564564564564564,0.0014473488548642395,0.4375821287779238,2.285285285285285,0.03650138324647197,21.0,16.0,1.3125,0.4324324324324325,0.17021276595744675,0.01766004415011038,0.2758620689655173,0.2763818532550371,0.22340425531914893
graph_063_mu_0_3_node_618,37,0.05555555555555555,0.001589697617805342,0.43510452961672474,2.2982982982982985,0.027940531732387874,22.0,15.0,1.4666666666666663,0.4054054054054053,0.07978723404255318,0.018472906403940885,0.2542372881355933,0.2547246334034706,0.1063829787234043
graph_063_mu_0_3_node_619,28,0.164021164021164,0.0009565246534008787,0.41298057048367093,2.4214214214214214,0.020041614112631542,13.0,15.0,0.8666666666666669,0.5357142857142857,0.5,0.015463917525773198,0.36585365853658547,0.3663407189645492,0.43333333333333346
graph_063_mu_0_3_node_620,27,0.17663817663817663,0.0008692549582678492,0.4192194712547209,2.3853853853853852,0.01871302986242904,15.0,12.0,1.25,0.4444444444444446,0.4000000000000001,0.01237113402061856,0.2857142857142856,0.2861040226418596,0.5
graph_063_mu_0_3_node_621,136,0.07559912854030501,0.0161954130864392,0.5208550573514077,1.91991991991992,0.1250489089411781,93.0,43.0,2.162790697674418,0.31617647058823534,0.29655172413793107,0.050292397660818715,0.18777292576419216,0.18917517588648144,0.6413793103448276
graph_063_mu_0_3_node_622,18,0.09803921568627451,0.00042281538240859556,0.41263940520446096,2.4234234234234235,0.017830688094782783,6.0,12.0,0.5,0.6666666666666665,0.06382978723404255,0.014778325123152712,0.5,0.5003895092183849,0.026595744680851074
graph_063_mu_0_3_node_623,51,0.08470588235294117,0.002604483225315108,0.4547109695038689,2.199199199199199,0.04260107770052075,35.0,16.0,2.1875,0.3137254901960783,0.08510638297872337,0.019704433497536943,0.18604651162790692,0.18656676915538298,0.18617021276595744
graph_063_mu_0_3_node_624,22,0.14210526315789473,0.0004582556816141053,0.3754227733934611,2.6636636636636637,0.009286946031118007,13.0,9.0,1.444444444444444,0.4090909090909091,0.29032258064516125,0.009287925696594425,0.2571428571428571,0.2574351503454162,0.3870967741935483
graph_063_mu_0_3_node_625,23,0.1422924901185771,0.0005655305610454458,0.44498886414253896,2.2472472472472473,0.03048981538201526,11.0,12.0,0.9166666666666664,0.5217391304347825,0.06382978723404255,0.014778325123152712,0.3529411764705881,0.35333081216121764,0.05851063829787237
graph_063_mu_0_3_node_626,16,0.1,0.00036907735427912637,0.4109419991772933,2.4334334334334335,0.015425195215676792,6.0,10.0,0.5999999999999998,0.625,0.05319148936170215,0.012315270935960597,0.45454545454545436,0.45487006663400886,0.026595744680851074
graph_063_mu_0_3_node_627,28,0.11375661375661375,0.0007444576569008976,0.4074225122349103,2.4544544544544546,0.020455312754622854,18.0,10.0,1.8000000000000005,0.35714285714285704,0.10204081632653059,0.011086474501108648,0.2173913043478261,0.21771616952877604,0.17346938775510207
graph_063_mu_0_3_node_628,33,0.11612903225806452,0.0010602775162861702,0.432842287694974,2.31031031031031,0.030984245045899708,20.0,13.0,1.538461538461539,0.39393939393939387,0.06914893617021278,0.016009852216748773,0.24528301886792456,0.24570535732346518,0.101063829787234
graph_063_mu_0_3_node_629,30,0.11954022988505747,0.0008264882216292498,0.40675895765472314,2.4584584584584586,0.024607220978813342,20.0,10.0,2.0,0.33333333333333326,0.1063829787234043,0.011037527593818985,0.20000000000000004,0.2003249074013906,0.2127659574468086
graph_063_mu_0_3_node_630,56,0.11558441558441558,0.0032323215733036483,0.4679156908665105,2.1371371371371373,0.052837224029675826,31.0,25.0,1.24,0.44642857142857134,0.2659574468085106,0.027593818984547446,0.28735632183908055,0.28816877512301664,0.3297872340425531
graph_063_mu_0_3_node_631,31,0.0967741935483871,0.0010839949459267924,0.41263940520446096,2.4234234234234235,0.022388441475381993,17.0,14.0,1.2142857142857142,0.4516129032258062,0.1428571428571428,0.015521064301552112,0.2916666666666667,0.2921213892858691,0.17346938775510207
graph_063_mu_0_3_node_632,26,0.16923076923076924,0.0005928890213776838,0.4016887816646562,2.4894894894894897,0.021806113192754602,17.0,9.0,1.8888888888888888,0.34615384615384615,0.09677419354838708,0.009922822491730984,0.2093023255813953,0.20959469474619408,0.18279569892473116
graph_063_mu_0_3_node_633,24,0.11956521739130435,0.0007393295110372499,0.43950725912890454,2.275275275275275,0.026628806680742204,11.0,13.0,0.8461538461538461,0.5416666666666667,0.06914893617021278,0.016009852216748773,0.37142857142857155,0.371850663054923,0.05851063829787237
graph_063_mu_0_3_node_634,49,0.15731292517006804,0.002187555033931722,0.4475806451612903,2.234234234234234,0.04122363257774225,32.0,17.0,1.8823529411764708,0.34693877551020413,0.18279569892473116,0.018743109151047408,0.20987654320987656,0.21042919104317193,0.3440860215053763
graph_063_mu_0_3_node_635,28,0.08994708994708994,0.001109501301855643,0.4148671096345515,2.4104104104104103,0.020978173364843106,11.0,17.0,0.6470588235294118,0.6071428571428571,0.5483870967741937,0.017543859649122806,0.43589743589743607,0.4364493301934459,0.3548387096774193
graph_063_mu_0_3_node_636,26,0.14461538461538462,0.0008370757140065212,0.4274711168164313,2.339339339339339,0.03366885014861603,15.0,11.0,1.3636363636363635,0.4230769230769231,0.07586206896551724,0.012865497076023386,0.26829268292682934,0.2686499533805628,0.10344827586206896
graph_063_mu_0_3_node_637,39,0.12010796221322537,0.0018522661645051137,0.44717994628469115,2.2362362362362362,0.03028176093993817,20.0,19.0,1.0526315789473684,0.48717948717948717,0.404255319148936,0.019937040923399783,0.3220338983050847,0.3226510419046561,0.4255319148936172
graph_063_mu_0_3_node_638,30,0.13333333333333333,0.001266629554330335,0.4046172539489672,2.4714714714714714,0.015823231300966165,16.0,14.0,1.1428571428571423,0.46666666666666673,0.4516129032258062,0.014447884416924663,0.3043478260869565,0.3048025191691261,0.5161290322580643
graph_063_mu_0_3_node_639,21,0.22857142857142856,0.00035128266618493,0.4300473525613431,2.325325325325325,0.028232119760555632,15.0,6.0,2.5,0.2857142857142856,0.031914893617021274,0.007389162561576356,0.16666666666666663,0.16686157311157307,0.07978723404255318
graph_063_mu_0_3_node_640,16,0.058333333333333334,0.0003460942865762319,0.4033104561970125,2.4794794794794797,0.014663762762946286,7.0,9.0,0.777777777777778,0.5625,0.04787234042553191,0.011083743842364536,0.3913043478260869,0.3915965271592689,0.0372340425531915
graph_063_mu_0_3_node_641,20,0.1,0.00042990842137529176,0.4026602176541717,2.4834834834834836,0.014992046651415715,14.0,6.0,2.3333333333333335,0.2999999999999999,0.03921568627450979,0.00708382526564345,0.17647058823529405,0.17666548201818252,0.08496732026143788
graph_063_mu_0_3_node_642,22,0.11255411255411256,0.0006285846230218524,0.3978494623655914,2.5135135135135136,0.016772659455981713,11.0,11.0,1.0,0.5,0.11827956989247307,0.012127894156560091,0.33333333333333326,0.3336905109805067,0.11827956989247307
graph_063_mu_0_3_node_643,30,0.18518518518518517,0.0008833899278164817,0.40120481927710844,2.4924924924924925,0.015994958799563395,18.0,12.0,1.5,0.4000000000000001,0.4000000000000001,0.01237113402061856,0.25,0.25038981288981293,0.5666666666666665
graph_063_mu_0_3_node_644,31,0.24086021505376345,0.0008450172497680049,0.4013660104459622,2.4914914914914914,0.017120750872293873,20.0,11.0,1.8181818181818175,0.3548387096774193,0.3793103448275863,0.011328527291452116,0.21568627450980402,0.21604366103958084,0.6896551724137934
graph_063_mu_0_3_node_645,24,0.08695652173913043,0.0008559980576673961,0.40976210008203445,2.4404404404404403,0.01758630677665813,10.0,14.0,0.7142857142857141,0.5833333333333334,0.608695652173913,0.0143295803480041,0.41176470588235303,0.4122192218228762,0.4347826086956522
graph_063_mu_0_3_node_646,25,0.31,0.0004917682032699305,0.3994402239104358,2.5035035035035036,0.01623154452067671,17.0,8.0,2.125,0.32,0.2666666666666666,0.00824742268041237,0.19047619047619055,0.19073608262095035,0.5666666666666665
graph_063_mu_0_3_node_647,24,0.09057971014492754,0.0007410993892461036,0.42080876158382474,2.3763763763763763,0.023066463083187414,11.0,13.0,0.8461538461538461,0.5416666666666667,0.06914893617021278,0.016009852216748773,0.37142857142857155,0.371850663054923,0.05319148936170215
graph_063_mu_0_3_node_648,25,0.07666666666666666,0.0008459739205595838,0.4143508917461634,2.4134134134134135,0.018398277855389136,10.0,15.0,0.6666666666666665,0.5999999999999998,0.09803921568627454,0.017709563164108627,0.42857142857142855,0.4290583941267316,0.065359477124183
graph_063_mu_0_3_node_649,39,0.10796221322537113,0.0016643881857008936,0.4536784741144414,2.204204204204204,0.03793797331642466,25.0,14.0,1.7857142857142854,0.3589743589743588,0.074468085106383,0.01724137931034483,0.21875,0.21920495905368517,0.1329787234042553
graph_063_mu_0_3_node_650,39,0.12685560053981107,0.0013162509591753788,0.4304179233089186,2.3233233233233235,0.031178537718263205,26.0,13.0,2.0,0.33333333333333326,0.1326530612244898,0.014412416851441236,0.20000000000000004,0.20042250316877383,0.2653061224489796
graph_063_mu_0_3_node_651,29,0.09852216748768473,0.0009608420690800433,0.432842287694974,2.31031031031031,0.026466946864715638,16.0,13.0,1.2307692307692304,0.44827586206896536,0.13978494623655904,0.014332965821389201,0.2888888888888888,0.2893111176069375,0.17204301075268816
graph_063_mu_0_3_node_652,25,0.11857707509881422,0.0007905110404002854,0.4117889530090684,2.4284284284284285,0.016391105900086533,13.0,12.0,1.0833333333333335,0.4800000000000002,0.3870967741935483,0.012383900928792572,0.31578947368421056,0.31617915998673685,0.3870967741935483
graph_063_mu_0_3_node_653,38,0.16073968705547653,0.001447200428286034,0.44717994628469115,2.2362362362362362,0.04506053041640971,23.0,15.0,1.5333333333333337,0.3947368421052631,0.10344827586206896,0.017543859649122806,0.24590163934426232,0.2463890162815856,0.15862068965517245
graph_063_mu_0_3_node_654,29,0.14039408866995073,0.0009348748948254596,0.42223161453930685,2.3683683683683685,0.02533984815721142,16.0,13.0,1.2307692307692304,0.44827586206896536,0.13978494623655904,0.014332965821389201,0.2888888888888888,0.2893111176069375,0.17204301075268816
graph_063_mu_0_3_node_655,19,0.13450292397660818,0.0005125681901923467,0.3939274447949527,2.5385385385385386,0.012708145136062141,9.0,10.0,0.9000000000000002,0.5263157894736842,0.5555555555555556,0.010183299389002034,0.35714285714285704,0.3574675324675326,0.5
graph_063_mu_0_3_node_656,33,0.15151515151515152,0.001382736019363193,0.4304179233089186,2.3233233233233235,0.023629427112140475,16.0,17.0,0.9411764705882354,0.5151515151515154,0.5666666666666665,0.017525773195876282,0.34693877551020413,0.3474908490334074,0.5333333333333332
graph_063_mu_0_3_node_657,18,0.10457516339869281,0.00029206043481309516,0.42027766091712243,2.3793793793793796,0.02101992758790277,9.0,9.0,1.0,0.5,0.04787234042553191,0.011083743842364536,0.33333333333333326,0.33362555061311494,0.026595744680851074
graph_063_mu_0_3_node_658,31,0.15698924731182795,0.0010308352955339015,0.4178168130489335,2.3933933933933935,0.027316289415686323,20.0,11.0,1.8181818181818175,0.3548387096774193,0.11702127659574474,0.012141280353200888,0.21568627450980402,0.21604366103958084,0.2127659574468086
graph_063_mu_0_3_node_659,32,0.14022988505747128,0.001046251715402937,0.41992433795712486,2.3813813813813813,0.02424943162150384,15.0,17.0,0.8823529411764709,0.53125,0.5862068965517241,0.01750772399588054,0.3617021276595746,0.3622541653280272,0.482758620689655
graph_063_mu_0_3_node_660,41,0.1632928475033738,0.0014545565618880453,0.40942622950819674,2.4424424424424425,0.021579964186023974,23.0,18.0,1.2777777777777783,0.43902439024390266,0.5999999999999998,0.01855670103092783,0.28125,0.2818347953216374,0.7333333333333332
graph_063_mu_0_3_node_661,86,0.11545827633378933,0.007116383146849369,0.49455445544554455,2.022022022022022,0.06734667965589147,54.0,32.0,1.6875,0.37209302325581384,0.3440860215053763,0.03528114663726572,0.22857142857142862,0.22961268849593716,0.5806451612903225
graph_063_mu_0_3_node_662,35,0.0907563025210084,0.0013253969639649944,0.42802056555269924,2.3363363363363363,0.026659385096986288,18.0,17.0,1.0588235294117647,0.4857142857142857,0.17346938775510207,0.018847006651884705,0.3207547169811321,0.3213068622278111,0.17346938775510207
graph_063_mu_0_3_node_663,25,0.08,0.0008837066930318232,0.43321769297484825,2.3083083083083085,0.024594533767260698,9.0,16.0,0.5625,0.64,0.08510638297872337,0.019704433497536943,0.4705882352941177,0.4711076146358044,0.04787234042553191
graph_063_mu_0_3_node_664,19,0.04678362573099415,0.00038482529906208157,0.4111111111111111,2.4324324324324325,0.017832312462403473,7.0,12.0,0.5833333333333334,0.6315789473684211,0.1276595744680851,0.013245033112582785,0.4615384615384616,0.4619279960447267,0.06382978723404255
graph_063_mu_0_3_node_665,33,0.11553030303030302,0.0011887511992523634,0.4479820627802691,2.2322322322322323,0.03637093873774694,21.0,12.0,1.75,0.36363636363636365,0.06382978723404255,0.014778325123152712,0.2222222222222223,0.22261211110389087,0.11170212765957446
graph_063_mu_0_3_node_666,24,0.25,0.0003687190717288319,0.41195876288659794,2.4274274274274275,0.03129553408549831,19.0,5.0,3.799999999999999,0.20833333333333337,0.03448275862068966,0.005847953216374268,0.11627906976744187,0.11644153930440365,0.1310344827586207
graph_063_mu_0_3_node_667,32,0.07661290322580645,0.0012785482690994062,0.44818304172274565,2.2312312312312312,0.029468053421272435,12.0,20.0,0.5999999999999998,0.625,0.1063829787234043,0.024630541871921194,0.45454545454545436,0.45519472087450275,0.06382978723404255
graph_063_mu_0_3_node_668,16,0.13333333333333333,0.0003348798376901165,0.4107730263157895,2.4344344344344346,0.01999223332430665,10.0,6.0,1.666666666666667,0.375,0.031914893617021274,0.007389162561576356,0.2307692307692308,0.23096407392049392,0.05319148936170215
graph_063_mu_0_3_node_669,24,0.15942028985507245,0.0008272699086515235,0.4381578947368421,2.2822822822822824,0.022345408901760355,10.0,14.0,0.7142857142857141,0.5833333333333334,0.46666666666666673,0.014432989690721652,0.41176470588235303,0.4122192218228762,0.33333333333333326
graph_063_mu_0_3_node_670,29,0.10591133004926108,0.0008878168128611723,0.4148671096345515,2.4104104104104103,0.024203591745905095,17.0,12.0,1.4166666666666667,0.41379310344827586,0.12903225806451607,0.013230429988974642,0.26086956521739124,0.261259352783168,0.18279569892473116
graph_063_mu_0_3_node_671,59,0.12781954887218044,0.0034028792496620134,0.4653004191895668,2.149149149149149,0.05460864442360679,36.0,23.0,1.5652173913043477,0.3898305084745762,0.24468085106382984,0.02538631346578367,0.24210526315789468,0.24285301178431296,0.3723404255319149
graph_063_mu_0_3_node_672,24,0.13043478260869565,0.0007680018373256383,0.43624454148471614,2.2922922922922924,0.02790389075857288,13.0,11.0,1.1818181818181819,0.4583333333333332,0.05851063829787237,0.013546798029556655,0.29729729729729737,0.2976545213417231,0.06914893617021278
graph_063_mu_0_3_node_673,24,0.07792207792207792,0.0006890964039408607,0.4015273311897106,2.4904904904904903,0.01685510615550984,7.0,17.0,0.41176470588235303,0.7083333333333334,1.0625,0.017276422764227643,0.5483870967741937,0.5489388477722139,0.375
graph_063_mu_0_3_node_674,30,0.12873563218390804,0.0011484044796687852,0.39564356435643566,2.5275275275275275,0.014168379759229386,16.0,14.0,1.1428571428571423,0.46666666666666673,0.4000000000000001,0.014507772020725394,0.3043478260869565,0.3048025191691261,0.45714285714285724
graph_063_mu_0_3_node_675,17,0.09558823529411764,0.00045631085930356084,0.4141791044776119,2.4144144144144146,0.01472206001958241,6.0,11.0,0.5454545454545452,0.6470588235294118,0.3142857142857142,0.011398963730569948,0.4782608695652175,0.47861793127197233,0.17142857142857137
graph_063_mu_0_3_node_676,76,0.07578947368421053,0.005804223091369631,0.48779296875,2.05005005005005,0.06305620849831615,48.0,28.0,1.7142857142857142,0.36842105263157887,0.148936170212766,0.03448275862068966,0.2258064516129031,0.2267173169349591,0.2553191489361702
graph_063_mu_0_3_node_677,17,0.051470588235294115,0.00046087501038669066,0.40217391304347827,2.4864864864864864,0.013157301581034845,5.0,12.0,0.41666666666666674,0.7058823529411762,0.06382978723404255,0.014778325123152712,0.5454545454545452,0.5458440293883333,0.026595744680851074
graph_063_mu_0_3_node_678,18,0.12418300653594772,0.0004996483297078965,0.4138359569179785,2.4164164164164164,0.0204781826738192,8.0,10.0,0.8000000000000002,0.5555555555555556,0.05319148936170215,0.012315270935960597,0.38461538461538475,0.3849400388586156,0.04255319148936169
graph_063_mu_0_3_node_679,15,0.14285714285714285,0.00029967573677042885,0.42098609355246525,2.3753753753753752,0.020159088887578096,7.0,8.0,0.875,0.5333333333333332,0.04255319148936169,0.009852216748768471,0.36363636363636365,0.3638960870309483,0.0372340425531915
graph_063_mu_0_3_node_680,78,0.08456140350877193,0.005056569709601205,0.47480988593155893,2.106106106106106,0.07267109023552346,52.0,26.0,2.0,0.33333333333333326,0.17931034482758618,0.030409356725146202,0.20000000000000004,0.20084607875040683,0.35172413793103446
graph_063_mu_0_3_node_681,20,0.12631578947368421,0.00041117754694210335,0.4000800961153384,2.4994994994994997,0.016915266919363993,10.0,10.0,1.0,0.5,0.10752688172043007,0.01102535832414553,0.33333333333333326,0.333658029742191,0.10752688172043007
graph_063_mu_0_3_node_682,40,0.2034139402560455,0.0015292299898121068,0.4102669404517454,2.4374374374374375,0.019586848143347334,26.0,14.0,1.8571428571428577,0.3499999999999999,0.482758620689655,0.01441812564366632,0.21212121212121207,0.21257620074649652,0.8620689655172417
graph_063_mu_0_3_node_683,21,0.14761904761904762,0.0005038076716937464,0.4243840271877655,2.3563563563563563,0.02588590109749698,12.0,9.0,1.333333333333333,0.42857142857142855,0.04787234042553191,0.011083743842364536,0.2727272727272726,0.27301954694543923,0.06382978723404255
graph_063_mu_0_3_node_684,16,0.10833333333333334,0.000326117449938915,0.4034733441033926,2.4784784784784786,0.016249318760855058,10.0,6.0,1.666666666666667,0.375,0.031914893617021274,0.007389162561576356,0.2307692307692308,0.23096407392049392,0.05319148936170215
graph_063_mu_0_3_node_685,20,0.04736842105263158,0.0005037867090752137,0.4148671096345515,2.4104104104104103,0.01939413099927151,7.0,13.0,0.5384615384615384,0.6500000000000002,0.06914893617021278,0.016009852216748773,0.4814814814814816,0.4819034634985558,0.031914893617021274
graph_063_mu_0_3_node_686,28,0.1746031746031746,0.0007637056492932605,0.43265482893027285,2.3113113113113113,0.03395515804526947,14.0,14.0,1.0,0.5,0.148936170212766,0.015452538631346576,0.33333333333333326,0.3337879673529474,0.148936170212766
graph_063_mu_0_3_node_687,22,0.23157894736842105,0.000564997086260182,0.3864603481624758,2.5875875875875876,0.010607255002551347,14.0,8.0,1.75,0.36363636363636365,0.5,0.008130081300813009,0.2222222222222223,0.22248206371890913,0.8125
graph_063_mu_0_3_node_688,46,0.1178743961352657,0.0021730719544380593,0.4445927903871829,2.249249249249249,0.03937929596718067,27.0,19.0,1.4210526315789476,0.4130434782608694,0.202127659574468,0.02097130242825607,0.26027397260273977,0.2608913969682548,0.28723404255319157
graph_063_mu_0_3_node_689,25,0.11333333333333333,0.0008730970252568575,0.40396279822078446,2.4754754754754753,0.014491147220481537,14.0,11.0,1.272727272727273,0.4400000000000001,0.3142857142857142,0.011398963730569948,0.282051282051282,0.28240852929885435,0.4000000000000001
graph_063_mu_0_3_node_690,22,0.1038961038961039,0.0007258219772381911,0.4233050847457627,2.3623623623623624,0.018176603925124248,9.0,13.0,0.6923076923076923,0.5909090909090909,0.37142857142857155,0.013471502590673581,0.4193548387096773,0.4197768755242733,0.2571428571428571
graph_063_mu_0_3_node_691,17,0.19852941176470587,0.00026803213816929195,0.4293081220455522,2.329329329329329,0.02517239743526211,10.0,7.0,1.4285714285714282,0.41176470588235303,0.0372340425531915,0.008620689655172415,0.2592592592592592,0.2594865688874456,0.05319148936170215
graph_063_mu_0_3_node_692,21,0.13333333333333333,0.0005339272279294008,0.4258312020460358,2.3483483483483485,0.021947973146525544,10.0,11.0,0.9090909090909087,0.5238095238095238,0.11827956989247307,0.012127894156560091,0.3548387096774193,0.35519586413048615,0.10752688172043007
graph_063_mu_0_3_node_693,40,0.13205128205128205,0.0015587934146406334,0.4402820625826355,2.2712712712712713,0.03207797476722268,24.0,16.0,1.5,0.4000000000000001,0.16326530612244897,0.017738359201773832,0.25,0.25051988562516236,0.24489795918367344
graph_063_mu_0_3_node_694,28,0.17195767195767195,0.0008740292821880584,0.4167709637046308,2.3993993993993996,0.020849365978853174,13.0,15.0,0.8666666666666669,0.5357142857142857,0.5172413793103449,0.015447991761071062,0.36585365853658547,0.3663407189645492,0.44827586206896536
graph_063_mu_0_3_node_695,17,0.125,0.0004467428724001766,0.4178168130489335,2.3933933933933935,0.019542866571688456,9.0,8.0,1.125,0.4705882352941177,0.04255319148936169,0.009852216748768471,0.3076923076923076,0.3079520648193939,0.04787234042553191
graph_063_mu_0_3_node_696,26,0.18461538461538463,0.000665701012034652,0.4514234071396295,2.215215215215215,0.03225795722566343,13.0,13.0,1.0,0.5,0.13829787234042556,0.014348785871964677,0.33333333333333326,0.3337554797856796,0.13829787234042556
graph_063_mu_0_3_node_697,21,0.18095238095238095,0.0005447630784626925,0.408255006129955,2.4494494494494496,0.015534572005201018,10.0,11.0,0.9090909090909087,0.5238095238095238,0.3793103448275863,0.011328527291452116,0.3548387096774193,0.35519586413048615,0.3448275862068967
graph_063_mu_0_3_node_698,37,0.15765765765765766,0.0015886899172841483,0.43023255813953487,2.324324324324324,0.02861914723166063,18.0,19.0,0.9473684210526316,0.5135135135135133,0.404255319148936,0.019937040923399783,0.3454545454545456,0.34607160888217037,0.38297872340425526
graph_063_mu_0_3_node_699,21,0.16666666666666666,0.00042832034288106896,0.38144329896907214,2.6216216216216215,0.01112527990978171,14.0,7.0,2.0,0.33333333333333326,0.20000000000000004,0.007253886010362697,0.20000000000000004,0.20022736869457886,0.4000000000000001
graph_063_mu_0_3_node_700,20,0.06842105263157895,0.0005463309191587397,0.41659716430358634,2.4004004004004003,0.018901392683041817,7.0,13.0,0.5384615384615384,0.6500000000000002,0.06914893617021278,0.016009852216748773,0.4814814814814816,0.4819034634985558,0.026595744680851074
graph_063_mu_0_3_node_701,19,0.14619883040935672,0.0003180775045353988,0.39880239520958083,2.5075075075075075,0.0149329438451842,13.0,6.0,2.166666666666667,0.31578947368421056,0.03921568627450979,0.00708382526564345,0.1875,0.18769488112251528,0.08496732026143788
graph_063_mu_0_3_node_702,20,0.11052631578947368,0.0004409611280406715,0.3799923925446938,2.6316316316316315,0.01106699806638042,10.0,10.0,1.0,0.5,0.2857142857142856,0.010362694300518137,0.33333333333333326,0.333658029742191,0.2857142857142856
graph_063_mu_0_3_node_703,18,0.1503267973856209,0.0003252650370533414,0.4090909090909091,2.4444444444444446,0.021563015595654527,11.0,7.0,1.5714285714285718,0.388888888888889,0.0372340425531915,0.008620689655172415,0.2413793103448275,0.2416066347367348,0.05851063829787237
graph_063_mu_0_3_node_704,36,0.06507936507936508,0.0016846514535417102,0.45,2.2222222222222223,0.030610064702107333,19.0,17.0,1.1176470588235292,0.4722222222222222,0.11111111111111115,0.020070838252656438,0.309090909090909,0.30964309020631486,0.11764705882352942
graph_063_mu_0_3_node_705,18,0.13725490196078433,0.0004783409482849518,0.42366412213740456,2.3603603603603602,0.02245522602046869,8.0,10.0,0.8000000000000002,0.5555555555555556,0.05319148936170215,0.012315270935960597,0.38461538461538475,0.3849400388586156,0.04255319148936169
graph_063_mu_0_3_node_706,22,0.1038961038961039,0.0006339773734493606,0.43190661478599224,2.315315315315315,0.026252764613082628,12.0,10.0,1.1999999999999995,0.45454545454545436,0.05319148936170215,0.012315270935960597,0.29411764705882354,0.29444238564426234,0.05851063829787237
graph_063_mu_0_3_node_707,35,0.07563025210084033,0.0012442906629182681,0.4247448979591837,2.354354354354354,0.023519396477244044,22.0,13.0,1.6923076923076923,0.37142857142857155,0.08496732026143788,0.015348288075560797,0.22807017543859642,0.22849256878427673,0.13725490196078427
graph_063_mu_0_3_node_708,32,0.06048387096774194,0.001311179553174069,0.42348452734209413,2.3613613613613613,0.021305872321460567,17.0,15.0,1.133333333333333,0.46875,0.09803921568627454,0.017709563164108627,0.3061224489795918,0.3066096359619558,0.10457516339869284
graph_063_mu_0_3_node_709,21,0.10952380952380952,0.000701990038221218,0.3967434471803018,2.5205205205205203,0.01216897378682938,9.0,12.0,0.75,0.5714285714285712,0.6666666666666665,0.012219959266802444,0.4000000000000001,0.40038958509187705,0.5
graph_063_mu_0_3_node_710,21,0.11428571428571428,0.0004895857211710173,0.40428976123027116,2.4734734734734736,0.01762978372489982,12.0,9.0,1.333333333333333,0.42857142857142855,0.09677419354838708,0.009922822491730984,0.2727272727272726,0.27301954694543923,0.12903225806451607
graph_063_mu_0_3_node_711,41,0.0951219512195122,0.002137357853872605,0.44919064748201437,2.2262262262262262,0.03492641583024339,24.0,17.0,1.4117647058823524,0.41463414634146356,0.09042553191489365,0.020935960591133004,0.26153846153846155,0.262090822067428,0.1276595744680851
graph_063_mu_0_3_node_712,24,0.04710144927536232,0.0007851930221123923,0.41799163179916315,2.3923923923923924,0.01793893461086668,12.0,12.0,1.0,0.5,0.07843137254901958,0.0141676505312869,0.33333333333333326,0.33372299432826763,0.05228758169934642
graph_063_mu_0_3_node_713,30,0.1839080459770115,0.0010766318347209584,0.4192194712547209,2.3853853853853852,0.020993762952619892,15.0,15.0,1.0,0.5,0.5,0.015463917525773198,0.33333333333333326,0.3338204570302775,0.5
graph_063_mu_0_3_node_714,22,0.1341991341991342,0.0005776220996081835,0.4143508917461634,2.4134134134134135,0.019460077300553796,9.0,13.0,0.6923076923076923,0.5909090909090909,0.27659574468085113,0.013641133263378801,0.4193548387096773,0.4197768755242733,0.19148936170212763
graph_063_mu_0_3_node_715,21,0.16666666666666666,0.0004057163363150413,0.40396279822078446,2.4754754754754753,0.01587702288436097,13.0,8.0,1.625,0.3809523809523811,0.17021276595744675,0.00839454354669465,0.23529411764705885,0.23555394226544143,0.27659574468085113
graph_063_mu_0_3_node_716,54,0.12594268476621417,0.0032246896662987672,0.4506089309878214,2.219219219219219,0.0368267161353193,29.0,25.0,1.1599999999999997,0.4629629629629628,0.5319148936170212,0.026232948583420786,0.3012048192771085,0.3020171669619175,0.595744680851064
graph_063_mu_0_3_node_717,21,0.18095238095238095,0.0004485880885719056,0.4245643858903527,2.3553553553553552,0.028578241412323267,13.0,8.0,1.625,0.3809523809523811,0.05517241379310345,0.00935672514619883,0.23529411764705885,0.23555394226544143,0.08965517241379309
graph_063_mu_0_3_node_718,28,0.2751322751322751,0.0005720212006434223,0.4247448979591837,2.354354354354354,0.041309829762258304,20.0,8.0,2.5,0.2857142857142856,0.05517241379310345,0.00935672514619883,0.16666666666666663,0.16692660947924792,0.13793103448275865
graph_063_mu_0_3_node_719,24,0.1341991341991342,0.0007836367689806239,0.3929976396538159,2.5445445445445447,0.012173506704429966,12.0,12.0,1.0,0.5,0.75,0.012195121951219514,0.33333333333333326,0.33372299432826763,0.6875
graph_063_mu_0_3_node_720,27,0.2022792022792023,0.0007964489076724105,0.3978494623655914,2.5135135135135136,0.0155757005201061,15.0,12.0,1.25,0.4444444444444446,0.41379310344827586,0.012358393408856852,0.2857142857142856,0.2861040226418596,0.5172413793103449
graph_063_mu_0_3_node_721,16,0.15,0.0002782931456889504,0.42528735632183906,2.3513513513513513,0.022994754003108162,9.0,7.0,1.2857142857142858,0.4375,0.0372340425531915,0.008620689655172415,0.28000000000000014,0.280227294866383,0.04255319148936169
graph_063_mu_0_3_node_722,30,0.04597701149425287,0.001002648054244539,0.42601279317697227,2.3473473473473474,0.02301181895931852,14.0,16.0,0.875,0.5333333333333332,0.10457516339869284,0.018890200708382526,0.36363636363636365,0.3641559116296094,0.09150326797385616
graph_063_mu_0_3_node_723,169,0.06593406593406594,0.025369426885382164,0.5365198711063373,1.8638638638638638,0.14882612749464236,116.0,53.0,2.1886792452830193,0.31360946745562124,0.36551724137931024,0.06198830409356725,0.18596491228070175,0.18769529851596897,0.8000000000000002
graph_063_mu_0_3_node_724,24,0.05434782608695652,0.0007758994361352583,0.4233050847457627,2.3623623623623624,0.018842070175957924,7.0,17.0,0.41176470588235303,0.7083333333333334,0.09042553191489365,0.020935960591133004,0.5483870967741937,0.5489388477722139,0.031914893617021274
graph_063_mu_0_3_node_725,25,0.05928853754940711,0.0007446565126997787,0.4157303370786517,2.4054054054054053,0.019157811651482722,10.0,15.0,0.6666666666666665,0.5999999999999998,0.09803921568627454,0.017709563164108627,0.42857142857142855,0.4290583941267316,0.05882352941176471
graph_063_mu_0_3_node_726,38,0.06825396825396825,0.001688429587132222,0.4467799642218247,2.2382382382382384,0.028203340655929866,22.0,16.0,1.375,0.4210526315789473,0.10457516339869284,0.018890200708382526,0.2666666666666666,0.26718648473034445,0.13725490196078427
graph_063_mu_0_3_node_727,81,0.10185185185185185,0.005651242087356384,0.47844827586206895,2.09009009009009,0.07931622509374164,56.0,25.0,2.240000000000001,0.3086419753086419,0.17241379310344834,0.029239766081871343,0.1824817518248176,0.18329552741806,0.3862068965517241
graph_063_mu_0_3_node_728,34,0.11229946524064172,0.0012278252442178771,0.43529411764705883,2.2972972972972974,0.03643127181257556,17.0,17.0,1.0,0.5,0.11724137931034483,0.019883040935672513,0.33333333333333326,0.3338854427159452,0.11724137931034483
graph_063_mu_0_3_node_729,19,0.18128654970760233,0.00030300364155888787,0.444,2.2522522522522523,0.029763556631506604,10.0,9.0,1.1111111111111112,0.4736842105263158,0.04787234042553191,0.011083743842364536,0.31034482758620696,0.31063706384298506,0.05319148936170215
graph_063_mu_0_3_node_730,21,0.09523809523809523,0.0005347413213363746,0.42893945899527697,2.3313313313313313,0.021006215989041385,9.0,12.0,0.75,0.5714285714285712,0.07843137254901958,0.0141676505312869,0.4000000000000001,0.40038958509187705,0.05882352941176471
graph_063_mu_0_3_node_731,39,0.06606606606606606,0.0015005202158840094,0.42875536480686693,2.3323323323323324,0.025971362074258438,24.0,15.0,1.6000000000000003,0.38461538461538475,0.1530612244897959,0.01662971175166297,0.2380952380952381,0.23858264670612347,0.23469387755102036
graph_063_mu_0_3_node_732,58,0.16688311688311688,0.0027336714234957125,0.4599447513812155,2.174174174174174,0.057766664071677826,38.0,20.0,1.8999999999999995,0.3448275862068967,0.2127659574468086,0.02207505518763797,0.20833333333333337,0.20898369753728752,0.39361702127659565
graph_063_mu_0_3_node_733,76,0.10921880784894483,0.005597878130991615,0.47867752755150933,2.089089089089089,0.0544863133129238,49.0,27.0,1.8148148148148158,0.3552631578947369,0.2755102040816326,0.029933481152993338,0.21600000000000005,0.21687842014510203,0.48979591836734687
graph_063_mu_0_3_node_734,29,0.14285714285714285,0.000789833842841414,0.43153347732181424,2.3173173173173174,0.03443408550101144,18.0,11.0,1.6363636363636365,0.3793103448275863,0.07586206896551724,0.012865497076023386,0.23404255319148948,0.23439989328179897,0.12413793103448276
graph_063_mu_0_3_node_735,21,0.0761904761904762,0.0005513332908051638,0.408255006129955,2.4494494494494496,0.0157589298279721,10.0,11.0,0.9090909090909087,0.5238095238095238,0.07189542483660127,0.012987012987012988,0.3548387096774193,0.35519586413048615,0.05882352941176471
graph_063_mu_0_3_node_736,43,0.12073170731707317,0.0016702473559409357,0.44498886414253896,2.2472472472472473,0.04463223789680094,27.0,16.0,1.6875,0.37209302325581384,0.1103448275862069,0.01871345029239766,0.22857142857142862,0.2290914155717535,0.17931034482758618
graph_063_mu_0_3_node_737,18,0.16993464052287582,0.00041475514359709184,0.42420382165605097,2.3573573573573574,0.024443953467816578,10.0,8.0,1.25,0.4444444444444446,0.04255319148936169,0.009852216748768471,0.2857142857142856,0.2859740597109086,0.05319148936170215
graph_063_mu_0_3_node_738,25,0.17786561264822134,0.0005227645151341591,0.4377738825591586,2.284284284284284,0.03465796776537372,16.0,9.0,1.7777777777777783,0.36,0.06206896551724138,0.01052631578947369,0.21951219512195133,0.21980454529248886,0.10344827586206896
graph_063_mu_0_3_node_739,19,0.1111111111111111,0.00033406969607441885,0.4085889570552147,2.4474474474474475,0.01923968573311074,8.0,11.0,0.7272727272727273,0.5789473684210529,0.05851063829787237,0.013546798029556655,0.4074074074074074,0.4077645154812962,0.04255319148936169
graph_063_mu_0_3_node_740,20,0.08421052631578947,0.0004964693044655391,0.41298057048367093,2.4214214214214214,0.01698614287798292,8.0,12.0,0.6666666666666665,0.5999999999999998,0.07843137254901958,0.0141676505312869,0.42857142857142855,0.4289609883688573,0.05228758169934642
graph_063_mu_0_3_node_741,51,0.14980392156862746,0.002434713038266383,0.46400371574547145,2.155155155155155,0.059553813035559386,34.0,17.0,2.0,0.33333333333333326,0.11724137931034483,0.019883040935672513,0.20000000000000004,0.2005527197060832,0.23448275862068965
graph_063_mu_0_3_node_742,29,0.1724137931034483,0.0007533084262816148,0.4383501535761299,2.2812812812812813,0.03833766686179316,18.0,11.0,1.6363636363636365,0.3793103448275863,0.07586206896551724,0.012865497076023386,0.23404255319148948,0.23439989328179897,0.12413793103448276
graph_063_mu_0_3_node_743,19,0.1695906432748538,0.00041033229257436893,0.41957160856782866,2.3833833833833835,0.021529414259850062,10.0,9.0,1.1111111111111112,0.4736842105263158,0.04787234042553191,0.011083743842364536,0.31034482758620696,0.31063706384298506,0.05319148936170215
graph_063_mu_0_3_node_744,110,0.10458715596330276,0.011218417629625941,0.515214027849407,1.940940940940941,0.1135739605170822,71.0,39.0,1.8205128205128207,0.35454545454545455,0.26896551724137924,0.045614035087719315,0.2154696132596685,0.21673976470080183,0.48965517241379314
graph_063_mu_0_3_node_745,30,0.12643678160919541,0.0009089979095307298,0.3994402239104358,2.5035035035035036,0.01692673651387461,17.0,13.0,1.3076923076923077,0.43333333333333346,0.27659574468085113,0.013641133263378801,0.27659574468085113,0.2770180008279261,0.3617021276595746
graph_063_mu_0_3_node_746,33,0.07765151515151515,0.0011848500911864693,0.4174676138737986,2.3953953953953953,0.021479066187139857,22.0,11.0,2.0,0.33333333333333326,0.07189542483660127,0.012987012987012988,0.20000000000000004,0.200357432981316,0.13725490196078427
graph_063_mu_0_3_node_747,31,0.08387096774193549,0.0011807494394309277,0.43548387096774194,2.2962962962962963,0.027434509645715168,15.0,16.0,0.9375,0.5161290322580643,0.08510638297872337,0.019704433497536943,0.3478260869565216,0.34834566869322364,0.07978723404255318
graph_063_mu_0_3_node_748,20,0.21052631578947367,0.0003755245454213549,0.4201009251471825,2.3803803803803802,0.02925360470313917,12.0,8.0,1.5,0.4000000000000001,0.05517241379310345,0.00935672514619883,0.25,0.2502598077422707,0.08275862068965514
graph_063_mu_0_3_node_749,23,0.09486166007905138,0.000692035340898455,0.41195876288659794,2.4274274274274275,0.01786230895265353,9.0,14.0,0.6428571428571429,0.608695652173913,0.4516129032258062,0.014447884416924663,0.4375,0.43795448643033374,0.29032258064516125
graph_063_mu_0_3_node_750,30,0.11494252873563218,0.0009784468673016374,0.42619453924914674,2.3463463463463463,0.031687142214365895,18.0,12.0,1.5,0.4000000000000001,0.08275862068965514,0.014035087719298239,0.25,0.25038981288981293,0.12413793103448276
graph_063_mu_0_3_node_751,19,0.12280701754385964,0.0007093184826510419,0.43491510666086197,2.299299299299299,0.022418267374506622,6.0,13.0,0.4615384615384616,0.6842105263157895,0.06914893617021278,0.016009852216748773,0.5199999999999998,0.520421954623649,0.031914893617021274
graph_063_mu_0_3_node_752,19,0.23976608187134502,0.00033459216266806455,0.390234375,2.5625625625625625,0.017767502277755743,13.0,6.0,2.166666666666667,0.31578947368421056,0.06451612903225803,0.006615214994487321,0.1875,0.18769488112251528,0.13978494623655904
graph_063_mu_0_3_node_753,25,0.1,0.0007596811398973272,0.4178168130489335,2.3933933933933935,0.020271421538546254,11.0,14.0,0.7857142857142859,0.5600000000000003,0.15053763440860218,0.01543550165380375,0.388888888888889,0.38934343434343427,0.11827956989247307
graph_063_mu_0_3_node_754,25,0.16333333333333333,0.000562983575904771,0.43873517786561267,2.279279279279279,0.027616166118096405,12.0,13.0,0.9230769230769232,0.5199999999999998,0.13978494623655904,0.014332965821389201,0.3513513513513515,0.3517734703889201,0.12903225806451607
graph_063_mu_0_3_node_755,22,0.15584415584415584,0.0005535328055425508,0.4049452776651804,2.4694694694694697,0.022330175540705887,12.0,10.0,1.1999999999999995,0.45454545454545436,0.1063829787234043,0.011037527593818985,0.29411764705882354,0.29444238564426234,0.1276595744680851
graph_063_mu_0_3_node_756,52,0.08069381598793364,0.0029931017650804905,0.46228597871355853,2.1631631631631634,0.04156772751710505,33.0,19.0,1.7368421052631577,0.36538461538461525,0.101063829787234,0.023399014778325122,0.22352941176470595,0.22414707699015368,0.17553191489361705
graph_063_mu_0_3_node_757,19,0.09941520467836257,0.0005039860484741104,0.42402376910016976,2.3583583583583585,0.02059439120380874,7.0,12.0,0.5833333333333334,0.6315789473684211,0.06382978723404255,0.014778325123152712,0.4615384615384616,0.4619279960447267,0.031914893617021274
graph_063_mu_0_3_node_758,19,0.1695906432748538,0.0004120172063709537,0.42045454545454547,2.3783783783783785,0.02376875165461374,11.0,8.0,1.375,0.4210526315789473,0.04255319148936169,0.009852216748768471,0.2666666666666666,0.2669264575350177,0.05851063829787237
graph_063_mu_0_3_node_759,28,0.12962962962962962,0.0009310755446589669,0.4426229508196721,2.259259259259259,0.03296315126331744,14.0,14.0,1.0,0.5,0.09655172413793102,0.016374269005847958,0.33333333333333326,0.3337879673529474,0.09655172413793102
graph_063_mu_0_3_node_760,23,0.16205533596837945,0.0006022149169673827,0.4190436241610738,2.3863863863863863,0.027521761430285136,13.0,10.0,1.3000000000000005,0.4347826086956522,0.06896551724137932,0.011695906432748536,0.2777777777777778,0.27810253745561614,0.08965517241379309
graph_063_mu_0_3_node_761,34,0.1586452762923351,0.0009494968166735457,0.4304179233089186,2.3233233233233235,0.03775850264688172,23.0,11.0,2.09090909090909,0.3235294117647059,0.07586206896551724,0.012865497076023386,0.1929824561403509,0.193339912351965,0.15862068965517245
graph_063_mu_0_3_node_762,19,0.07602339181286549,0.0005804799510306389,0.4269230769230769,2.3423423423423424,0.02183125918066538,7.0,12.0,0.5833333333333334,0.6315789473684211,0.06382978723404255,0.014778325123152712,0.4615384615384616,0.4619279960447267,0.031914893617021274
graph_063_mu_0_3_node_763,25,0.23666666666666666,0.0005947903817472693,0.43246753246753245,2.3123123123123124,0.03685021461429271,16.0,9.0,1.7777777777777783,0.36,0.06206896551724138,0.01052631578947369,0.21951219512195133,0.21980454529248886,0.1103448275862069
graph_063_mu_0_3_node_764,27,0.1623931623931624,0.0007675338925485071,0.4171189979123173,2.3973973973973974,0.02084867542043823,14.0,13.0,1.0769230769230769,0.4814814814814816,0.27659574468085113,0.013641133263378801,0.3170731707317073,0.31749534460239215,0.297872340425532
graph_063_mu_0_3_node_765,19,0.10526315789473684,0.0004531321206927748,0.3872093023255814,2.5825825825825826,0.012086954959390382,8.0,11.0,0.7272727272727273,0.5789473684210529,0.23404255319148948,0.011542497376705143,0.4074074074074074,0.4077645154812962,0.17021276595744675
graph_063_mu_0_3_node_766,28,0.08994708994708994,0.0011487747445956102,0.42223161453930685,2.3683683683683685,0.01983715838632959,10.0,18.0,0.5555555555555556,0.6428571428571429,1.0,0.018329938900203673,0.4736842105263158,0.4742685122857131,0.5555555555555556
graph_063_mu_0_3_node_767,34,0.19153225806451613,0.0010637599358248857,0.408923454768727,2.4454454454454453,0.020630412905635522,21.0,13.0,1.6153846153846159,0.3823529411764707,0.44827586206896536,0.013388259526261582,0.2363636363636364,0.23678600226246352,0.6896551724137934
graph_063_mu_0_3_node_768,18,0.08496732026143791,0.00045081362856363896,0.43265482893027285,2.3113113113113113,0.02391168122377262,7.0,11.0,0.6363636363636365,0.6111111111111108,0.05851063829787237,0.013546798029556655,0.4400000000000001,0.4403570848888166,0.031914893617021274
graph_063_mu_0_3_node_769,29,0.09852216748768473,0.0012224932833546393,0.4069246435845214,2.4574574574574575,0.015895082597021225,13.0,16.0,0.8125,0.5517241379310346,0.5161290322580643,0.01651186790505676,0.3809523809523811,0.3814718952065534,0.4193548387096773
graph_063_mu_0_3_node_770,18,0.05228758169934641,0.0004539154774350132,0.4107730263157895,2.4344344344344346,0.01636131740764541,4.0,14.0,0.2857142857142856,0.777777777777778,0.074468085106383,0.01724137931034483,0.6363636363636365,0.6368179753004831,0.015957446808510637
graph_063_mu_0_3_node_771,37,0.057057057057057055,0.001603075851989878,0.42098609355246525,2.3753753753753752,0.022086433699488872,24.0,13.0,1.8461538461538465,0.3513513513513515,0.08496732026143788,0.015348288075560797,0.21311475409836064,0.21353720234845006,0.14379084967320255
graph_063_mu_0_3_node_772,35,0.07058823529411765,0.0013552875349367162,0.4373905429071804,2.2862862862862863,0.025087155756809417,21.0,14.0,1.5,0.4000000000000001,0.09150326797385616,0.01652892561983471,0.25,0.25045484080571795,0.13725490196078427
graph_063_mu_0_3_node_773,22,0.05627705627705628,0.0008162676592529305,0.40976210008203445,2.4404404404404403,0.014866067916709918,8.0,14.0,0.5714285714285712,0.6363636363636365,0.4000000000000001,0.014507772020725394,0.46666666666666673,0.46712112359064234,0.22857142857142862
graph_063_mu_0_3_node_774,25,0.1,0.000765803994414159,0.4383501535761299,2.2812812812812813,0.02796605950219808,13.0,12.0,1.0833333333333335,0.4800000000000002,0.06382978723404255,0.014778325123152712,0.31578947368421056,0.31617915998673685,0.06914893617021278
graph_063_mu_0_3_node_775,21,0.02857142857142857,0.0007028402763982764,0.41298057048367093,2.4214214214214214,0.015512246615633824,8.0,13.0,0.6153846153846152,0.6190476190476188,0.08496732026143788,0.015348288075560797,0.44827586206896536,0.4486978714830218,0.04575163398692808
graph_063_mu_0_3_node_776,22,0.12554112554112554,0.0005956952480334248,0.43415906127770537,2.3033033033033035,0.029884613460770926,10.0,12.0,0.8333333333333335,0.5454545454545452,0.08275862068965514,0.014035087719298239,0.375,0.3753896103896103,0.06896551724137932
graph_063_mu_0_3_node_777,26,0.09230769230769231,0.0006548377988350019,0.4243840271877655,2.3563563563563563,0.02558558598594159,13.0,13.0,1.0,0.5,0.08496732026143788,0.015348288075560797,0.33333333333333326,0.3337554797856796,0.07843137254901958
graph_063_mu_0_3_node_778,20,0.05263157894736842,0.0005387811773164598,0.40104375752709753,2.4934934934934936,0.014269804313252825,10.0,10.0,1.0,0.5,0.065359477124183,0.011806375442739079,0.33333333333333326,0.333658029742191,0.05882352941176471
graph_063_mu_0_3_node_779,33,0.05113636363636364,0.0012748454921262776,0.42241014799154336,2.3673673673673674,0.023860528168330758,14.0,19.0,0.7368421052631577,0.5757575757575759,0.19387755102040807,0.021064301552106424,0.404255319148936,0.40487222229514236,0.1326530612244898
graph_063_mu_0_3_node_780,114,0.06113256113256113,0.01360369819967571,0.5096938775510204,1.961961961961962,0.07826434647081125,75.0,39.0,1.9230769230769231,0.34210526315789475,0.2549019607843137,0.04604486422668241,0.2063492063492064,0.20761968880677542,0.48366013071895425
graph_063_mu_0_3_node_781,25,0.09666666666666666,0.0007598930238783872,0.4072564207093355,2.4554554554554553,0.0207057306823243,11.0,14.0,0.7857142857142859,0.5600000000000003,0.15053763440860218,0.01543550165380375,0.388888888888889,0.38934343434343427,0.11827956989247307
graph_063_mu_0_3_node_782,37,0.15465465465465467,0.001313108954407275,0.45825688073394494,2.1821821821821823,0.048282831253715845,21.0,16.0,1.3125,0.4324324324324325,0.1103448275862069,0.01871345029239766,0.2758620689655173,0.2763818532550371,0.1448275862068966
graph_063_mu_0_3_node_783,32,0.07258064516129033,0.001471885944984386,0.44878706199460916,2.2282282282282284,0.027718733254680362,14.0,18.0,0.777777777777778,0.5625,0.11764705882352942,0.021251475796930337,0.3913043478260869,0.3918888013620308,0.08496732026143788
graph_063_mu_0_3_node_784,17,0.17647058823529413,0.00032759386636961954,0.4220532319391635,2.369369369369369,0.025992832872719772,9.0,8.0,1.125,0.4705882352941177,0.04255319148936169,0.009852216748768471,0.3076923076923076,0.3079520648193939,0.04787234042553191
graph_063_mu_0_3_node_785,27,0.07122507122507123,0.0007931446512620408,0.39454976303317535,2.5345345345345347,0.01558762201081117,16.0,11.0,1.4545454545454546,0.4074074074074074,0.11224489795918367,0.012195121951219514,0.2558139534883721,0.25617124715128176,0.1428571428571428
graph_063_mu_0_3_node_786,32,0.09879032258064516,0.0010763865268147133,0.42802056555269924,2.3363363363363363,0.02472294447312489,17.0,15.0,1.133333333333333,0.46875,0.1530612244897959,0.01662971175166297,0.3061224489795918,0.3066096359619558,0.17346938775510207
graph_063_mu_0_3_node_787,20,0.11052631578947368,0.0005635568728969196,0.4171189979123173,2.3973973973973974,0.019462232990426064,8.0,12.0,0.6666666666666665,0.5999999999999998,0.06382978723404255,0.014778325123152712,0.42857142857142855,0.4289609883688573,0.04255319148936169
graph_063_mu_0_3_node_788,24,0.1956521739130435,0.0004701105507750452,0.44419742107603377,2.2512512512512513,0.03268359669278205,16.0,8.0,2.0,0.33333333333333326,0.04255319148936169,0.009852216748768471,0.20000000000000004,0.20025987525987524,0.08510638297872337
graph_063_mu_0_3_node_789,37,0.1111111111111111,0.00160362713390668,0.4559561843906892,2.1931931931931934,0.037902417511616,20.0,17.0,1.1764705882352942,0.4594594594594596,0.09042553191489365,0.020935960591133004,0.29824561403508765,0.29879783102388097,0.1063829787234043
graph_063_mu_0_3_node_790,22,0.05194805194805195,0.0006047873731547242,0.40942622950819674,2.4424424424424425,0.016146373913151976,11.0,11.0,1.0,0.5,0.07189542483660127,0.012987012987012988,0.33333333333333326,0.3336905109805067,0.05228758169934642
graph_063_mu_0_3_node_791,26,0.06769230769230769,0.0007939508304557088,0.41263940520446096,2.4234234234234235,0.018247695963592037,13.0,13.0,1.0,0.5,0.08496732026143788,0.015348288075560797,0.33333333333333326,0.3337554797856796,0.07189542483660127
graph_063_mu_0_3_node_792,88,0.06269592476489028,0.0087702995890921,0.4921182266009852,2.032032032032032,0.05883637615341924,57.0,31.0,1.8387096774193554,0.3522727272727274,0.20261437908496738,0.036599763872491135,0.21379310344827593,0.21480205381442727,0.3725490196078432
graph_063_mu_0_3_node_793,26,0.11231884057971014,0.0008663072579425567,0.3994402239104358,2.5035035035035036,0.01383475292002974,13.0,13.0,1.0,0.5,0.4193548387096773,0.013415892672858616,0.33333333333333326,0.3337554797856796,0.3870967741935483
graph_063_mu_0_3_node_794,32,0.1350806451612903,0.0009843880732077973,0.42312579415501905,2.3633633633633635,0.03465425749725325,20.0,12.0,1.666666666666667,0.375,0.08275862068965514,0.014035087719298239,0.2307692307692308,0.2311590943169891,0.13793103448275865
graph_063_mu_0_3_node_795,83,0.10123456790123457,0.00617698743616906,0.4835430784123911,2.068068068068068,0.08096570951860792,52.0,31.0,1.6774193548387093,0.37349397590361455,0.21379310344827593,0.03625730994152047,0.22962962962962952,0.23063825172170704,0.35172413793103446
graph_063_mu_0_3_node_796,138,0.056100217864923745,0.02118536957261709,0.5263435194942044,1.8998998998999,0.09000043530569088,91.0,47.0,1.9361702127659581,0.34057971014492766,0.30718954248366004,0.05548996458087366,0.20524017467248912,0.20677246691648218,0.5882352941176471
graph_063_mu_0_3_node_797,28,0.11904761904761904,0.0008260490246260388,0.4347258485639687,2.3003003003003,0.03214648729156318,16.0,12.0,1.333333333333333,0.42857142857142855,0.08275862068965514,0.014035087719298239,0.2727272727272726,0.2731170349723033,0.1103448275862069
graph_063_mu_0_3_node_798,23,0.14761904761904762,0.0006990221339330851,0.4100985221674877,2.4384384384384385,0.01548310457825967,11.0,12.0,0.9166666666666664,0.5217391304347825,0.75,0.012195121951219514,0.3529411764705881,0.35333081216121764,0.625
graph_063_mu_0_3_node_799,34,0.12121212121212122,0.0017350832707921104,0.436054124836316,2.2932932932932935,0.02232928475957548,16.0,18.0,0.8888888888888892,0.5294117647058824,0.5142857142857142,0.01865284974093264,0.36,0.3605845294537895,0.45714285714285724
graph_063_mu_0_3_node_800,33,0.12878787878787878,0.0014087570401371701,0.4406704896338774,2.269269269269269,0.03160743917138254,17.0,16.0,1.0625,0.48484848484848464,0.17204301075268816,0.01764057331863286,0.32,0.3205196492367651,0.18279569892473116
graph_063_mu_0_3_node_801,92,0.09292881032011467,0.007389060073809939,0.4992503748125937,2.003003003003003,0.09102755209750114,60.0,32.0,1.875,0.3478260869565216,0.2206896551724138,0.03742690058479532,0.21052631578947364,0.2115679824561404,0.41379310344827586
graph_063_mu_0_3_node_802,20,0.10526315789473684,0.000479044744058856,0.41764214046822745,2.3943943943943946,0.023599041332003988,9.0,11.0,0.8181818181818182,0.5499999999999999,0.07586206896551724,0.012865497076023386,0.3793103448275863,0.3796674760895583,0.06206896551724138
graph_063_mu_0_3_node_803,32,0.08064516129032258,0.0012039647139494957,0.44878706199460916,2.2282282282282284,0.029782399282066323,14.0,18.0,0.777777777777778,0.5625,0.11764705882352942,0.021251475796930337,0.3913043478260869,0.3918888013620308,0.09150326797385616
graph_063_mu_0_3_node_804,39,0.04723346828609987,0.0019260691495995763,0.43510452961672474,2.2982982982982985,0.025197738366532572,22.0,17.0,1.2941176470588236,0.43589743589743607,0.11111111111111115,0.020070838252656438,0.27868852459016397,0.2792408133397172,0.130718954248366
graph_063_mu_0_3_node_805,24,0.1645021645021645,0.0006839655670625306,0.39161113288906313,2.5535535535535536,0.012328252191389714,15.0,9.0,1.666666666666667,0.375,0.3913043478260869,0.009211873080859774,0.2307692307692308,0.2310615619479751,0.608695652173913
graph_063_mu_0_3_node_806,21,0.1761904761904762,0.0003997497613425865,0.4227676682183665,2.3653653653653652,0.03192158201624787,13.0,8.0,1.625,0.3809523809523811,0.05517241379310345,0.00935672514619883,0.23529411764705885,0.23555394226544143,0.08965517241379309
graph_063_mu_0_3_node_807,21,0.12857142857142856,0.0006117092840438621,0.383199079401611,2.6096096096096097,0.009762177839168355,9.0,12.0,0.75,0.5714285714285712,0.75,0.012195121951219514,0.4000000000000001,0.40038958509187705,0.5625
graph_063_mu_0_3_node_808,26,0.04923076923076923,0.0009167390919476709,0.4245643858903527,2.3553553553553552,0.01960555162197062,10.0,16.0,0.625,0.6153846153846152,0.10457516339869284,0.018890200708382526,0.4444444444444446,0.444963857507683,0.065359477124183
graph_063_mu_0_3_node_809,20,0.11052631578947368,0.00043963350137661366,0.4100985221674877,2.4384384384384385,0.02343656251305048,10.0,10.0,1.0,0.5,0.06896551724137932,0.011695906432748536,0.33333333333333326,0.333658029742191,0.06206896551724138
graph_063_mu_0_3_node_810,28,0.10052910052910052,0.0008590094212675317,0.40808823529411764,2.4504504504504503,0.01863179254587772,17.0,11.0,1.5454545454545454,0.39285714285714296,0.11224489795918367,0.012195121951219514,0.24444444444444444,0.24480176131954592,0.17346938775510207
graph_063_mu_0_3_node_811,13,0.1794871794871795,0.00012515599774657381,0.3909980430528376,2.5575575575575575,0.0136221899532873,8.0,5.0,1.6000000000000003,0.38461538461538475,0.026595744680851074,0.0061576354679802985,0.2380952380952381,0.23825759157122606,0.04255319148936169
graph_063_mu_0_3_node_812,21,0.1,0.0004652967562614864,0.4046172539489672,2.4714714714714714,0.015437561453150417,12.0,9.0,1.333333333333333,0.42857142857142855,0.05882352941176471,0.010625737898465168,0.2727272727272726,0.27301954694543923,0.07843137254901958
graph_063_mu_0_3_node_813,27,0.07977207977207977,0.0011010516446691673,0.42241014799154336,2.3673673673673674,0.019308084792116764,9.0,18.0,0.5,0.6666666666666665,0.7826086956521738,0.01842374616171955,0.5,0.5005842638275774,0.3913043478260869
graph_063_mu_0_3_node_814,18,0.026143790849673203,0.00037900782582800364,0.4085889570552147,2.4474474474474475,0.016398912306829105,7.0,11.0,0.6363636363636365,0.6111111111111108,0.07189542483660127,0.012987012987012988,0.4400000000000001,0.4403570848888166,0.0326797385620915
graph_063_mu_0_3_node_815,24,0.07971014492753623,0.0006489485129036145,0.421875,2.3703703703703702,0.021483577807072017,12.0,12.0,1.0,0.5,0.07843137254901958,0.0141676505312869,0.33333333333333326,0.33372299432826763,0.07189542483660127
graph_063_mu_0_3_node_816,27,0.17663817663817663,0.0006226013513808771,0.43873517786561267,2.279279279279279,0.037133403385685194,15.0,12.0,1.25,0.4444444444444446,0.08275862068965514,0.014035087719298239,0.2857142857142856,0.2861040226418596,0.10344827586206896
graph_063_mu_0_3_node_817,15,0.1523809523809524,0.00029595938566373943,0.40120481927710844,2.4924924924924925,0.01699247713866201,10.0,5.0,2.0,0.33333333333333326,0.026595744680851074,0.0061576354679802985,0.20000000000000004,0.20016237456564803,0.04787234042553191
graph_063_mu_0_3_node_818,40,0.03717948717948718,0.0022498583709335994,0.444,2.2522522522522523,0.0260352426775736,19.0,21.0,0.904761904761905,0.5250000000000002,0.13725490196078427,0.02479338842975207,0.35593220338983056,0.3566142208624686,0.08496732026143788
graph_063_mu_0_3_node_819,27,0.09401709401709402,0.0010849999496547209,0.42546848381601365,2.3503503503503502,0.021183054717692967,12.0,15.0,0.8000000000000002,0.5555555555555556,0.42857142857142855,0.0155440414507772,0.38461538461538475,0.3851024134150211,0.34285714285714275
graph_063_mu_0_3_node_820,25,0.14,0.0005942639446551591,0.40120481927710844,2.4924924924924925,0.019572825608636785,15.0,10.0,1.5,0.4000000000000001,0.10752688172043007,0.01102535832414553,0.25,0.2503248018708587,0.15053763440860218
graph_063_mu_0_3_node_821,43,0.16341463414634147,0.0016080592473210475,0.42619453924914674,2.3463463463463463,0.028381592534504757,28.0,15.0,1.866666666666667,0.34883720930232553,0.3191489361702127,0.01573976915005246,0.21126760563380287,0.2117551409801154,0.5744680851063831
graph_063_mu_0_3_node_822,21,0.15714285714285714,0.00047499087882425865,0.42045454545454547,2.3783783783783785,0.02799358744089406,13.0,8.0,1.625,0.3809523809523811,0.05517241379310345,0.00935672514619883,0.23529411764705885,0.23555394226544143,0.08965517241379309
graph_063_mu_0_3_node_823,25,0.10666666666666667,0.000686075509661173,0.42258883248730966,2.3663663663663663,0.021054631972001334,15.0,10.0,1.5,0.4000000000000001,0.065359477124183,0.011806375442739079,0.25,0.2503248018708587,0.09150326797385616
graph_063_mu_0_3_node_824,35,0.09411764705882353,0.0013107814627833052,0.4473802060008957,2.235235235235235,0.03414421772858607,19.0,16.0,1.1875,0.45714285714285724,0.08510638297872337,0.019704433497536943,0.2962962962962963,0.2968160130506652,0.101063829787234
graph_063_mu_0_3_node_825,18,0.2222222222222222,0.0003052557880474484,0.4134933774834437,2.4184184184184185,0.023568925576777346,12.0,6.0,2.0,0.33333333333333326,0.031914893617021274,0.007389162561576356,0.20000000000000004,0.2001948684637869,0.06382978723404255
graph_063_mu_0_3_node_826,21,0.14619883040935672,0.0004767501592328084,0.4100985221674877,2.4384384384384385,0.02449984877414544,12.0,9.0,1.333333333333333,0.42857142857142855,0.06206896551724138,0.01052631578947369,0.2727272727272726,0.27301954694543923,0.07586206896551724
graph_063_mu_0_3_node_827,35,0.09915966386554621,0.001452989615028235,0.4502027940513745,2.2212212212212212,0.03147575997449784,18.0,17.0,1.0588235294117647,0.4857142857142857,0.17346938775510207,0.018847006651884705,0.3207547169811321,0.3213068622278111,0.1836734693877551
graph_063_mu_0_3_node_828,74,0.10070344316919659,0.0048302751747127245,0.48214285714285715,2.074074074074074,0.07681750451460317,47.0,27.0,1.7407407407407407,0.36486486486486486,0.18620689655172418,0.03157894736842105,0.22314049586776855,0.22401880171338195,0.3241379310344828
graph_063_mu_0_3_node_829,30,0.10574712643678161,0.0011671000443209342,0.40379951495553756,2.4764764764764764,0.01654017557167114,15.0,15.0,1.0,0.5,0.6521739130434784,0.015353121801432952,0.33333333333333326,0.3338204570302775,0.6521739130434784
graph_063_mu_0_3_node_830,17,0.16911764705882354,0.00025980741802673023,0.4247448979591837,2.354354354354354,0.026741898550219276,8.0,9.0,0.8888888888888892,0.5294117647058824,0.06206896551724138,0.01052631578947369,0.36,0.36029219830524983,0.05517241379310345
graph_063_mu_0_3_node_831,27,0.2222222222222222,0.0005400595531686729,0.428204029147021,2.335335335335335,0.03655683295184144,18.0,9.0,2.0,0.33333333333333326,0.06206896551724138,0.01052631578947369,0.20000000000000004,0.20029238816152828,0.12413793103448276
graph_063_mu_0_3_node_832,34,0.11586452762923351,0.001306350925819778,0.4317199654278306,2.3163163163163163,0.02579540426829172,17.0,17.0,1.0,0.5,0.3617021276595746,0.01783840503672613,0.33333333333333326,0.3338854427159452,0.3617021276595746
graph_063_mu_0_3_node_833,17,0.0661764705882353,0.00042318864117936726,0.38886726352666406,2.5715715715715715,0.011254069400215151,5.0,12.0,0.41666666666666674,0.7058823529411762,0.5217391304347825,0.01228249744114637,0.5454545454545452,0.5458440293883333,0.2173913043478261
graph_063_mu_0_3_node_834,28,0.10461538461538461,0.0008673420205040353,0.4377738825591586,2.284284284284284,0.027708798432913195,13.0,15.0,0.8666666666666669,0.5357142857142857,0.07978723404255318,0.018472906403940885,0.36585365853658547,0.3663407189645492,0.06382978723404255
graph_063_mu_0_3_node_835,22,0.14285714285714285,0.0006426255566333053,0.42241014799154336,2.3673673673673674,0.024876309108852055,10.0,12.0,0.8333333333333335,0.5454545454545452,0.1276595744680851,0.013245033112582785,0.375,0.3753896103896103,0.1063829787234043
graph_063_mu_0_3_node_836,18,0.20261437908496732,0.0002646961408720834,0.40445344129554656,2.4724724724724725,0.026080274800498595,12.0,6.0,2.0,0.33333333333333326,0.04137931034482757,0.0070175438596491195,0.20000000000000004,0.2001948684637869,0.08275862068965514
graph_063_mu_0_3_node_837,27,0.06666666666666667,0.0007487107998757997,0.42528735632183906,2.3513513513513513,0.026606641826188153,13.0,14.0,0.9285714285714288,0.5185185185185184,0.09655172413793102,0.016374269005847958,0.3499999999999999,0.35045460449409005,0.08275862068965514
graph_063_mu_0_3_node_838,19,0.38011695906432746,0.0002351368888447256,0.4138359569179785,2.4164164164164164,0.033920289396707805,15.0,4.0,3.75,0.21052631578947364,0.027586206896551724,0.004678362573099415,0.11764705882352942,0.11777700489590942,0.10344827586206896
graph_063_mu_0_3_node_839,25,0.15333333333333332,0.000719275537380405,0.4391208791208791,2.2772772772772774,0.03288697749356267,14.0,11.0,1.272727272727273,0.4400000000000001,0.07586206896551724,0.012865497076023386,0.282051282051282,0.28240852929885435,0.09655172413793102
graph_063_mu_0_3_node_840,24,0.13852813852813853,0.0004908330635395212,0.4049452776651804,2.4694694694694697,0.01853775217405427,15.0,9.0,1.666666666666667,0.375,0.09677419354838708,0.009922822491730984,0.2307692307692308,0.2310615619479751,0.15053763440860218
graph_063_mu_0_3_node_841,24,0.14855072463768115,0.0007077309538641715,0.42802056555269924,2.3363363363363363,0.026705390610393367,11.0,13.0,0.8461538461538461,0.5416666666666667,0.13978494623655904,0.014332965821389201,0.37142857142857155,0.371850663054923,0.11827956989247307
graph_063_mu_0_3_node_842,16,0.2,0.0002798861133783412,0.40976210008203445,2.4404404404404403,0.020969496312897278,10.0,6.0,1.666666666666667,0.375,0.031914893617021274,0.007389162561576356,0.2307692307692308,0.23096407392049392,0.05319148936170215
graph_063_mu_0_3_node_843,24,0.09057971014492754,0.0008167169774565116,0.4057676685621446,2.4644644644644647,0.01533018182161911,11.0,13.0,0.8461538461538461,0.5416666666666667,0.37142857142857155,0.013471502590673581,0.37142857142857155,0.371850663054923,0.2857142857142856
graph_063_mu_0_3_node_844,33,0.04924242424242424,0.00136977783016759,0.42223161453930685,2.3683683683683685,0.02124634244320515,20.0,13.0,1.538461538461539,0.39393939393939387,0.08496732026143788,0.015348288075560797,0.24528301886792456,0.24570535732346518,0.09803921568627454
graph_063_mu_0_3_node_845,24,0.10869565217391304,0.0006973628627280822,0.41263940520446096,2.4234234234234235,0.019391163094502034,13.0,11.0,1.1818181818181819,0.4583333333333332,0.11827956989247307,0.012127894156560091,0.29729729729729737,0.2976545213417231,0.13978494623655904
graph_063_mu_0_3_node_846,18,0.0718954248366013,0.0003593984091225863,0.40120481927710844,2.4924924924924925,0.014420309725161852,8.0,10.0,0.8000000000000002,0.5555555555555556,0.065359477124183,0.011806375442739079,0.38461538461538475,0.3849400388586156,0.02614379084967321
graph_063_mu_0_3_node_847,54,0.0573025856044724,0.0034269178041640034,0.4553327256153145,2.196196196196196,0.036788007951589125,33.0,21.0,1.5714285714285718,0.388888888888889,0.13725490196078427,0.02479338842975207,0.2413793103448275,0.24206194857907,0.20261437908496738
graph_063_mu_0_3_node_848,50,0.11346938775510204,0.0025302390052918742,0.45554035567715456,2.195195195195195,0.03898667984542506,32.0,18.0,1.7777777777777783,0.36,0.19354838709677416,0.019845644983461967,0.21951219512195133,0.22009733262926545,0.3440860215053763
graph_063_mu_0_3_node_849,28,0.12962962962962962,0.0008483255653498157,0.428204029147021,2.335335335335335,0.03391767863729725,14.0,14.0,1.0,0.5,0.09655172413793102,0.016374269005847958,0.33333333333333326,0.3337879673529474,0.09655172413793102
graph_063_mu_0_3_node_850,17,0.11764705882352941,0.0004173605838864444,0.42027766091712243,2.3793793793793796,0.021325131466380938,8.0,9.0,0.8888888888888892,0.5294117647058824,0.04787234042553191,0.011083743842364536,0.36,0.36029219830524983,0.04255319148936169
graph_063_mu_0_3_node_851,29,0.12315270935960591,0.0009897976311367322,0.45846718678292797,2.181181181181181,0.03593737484906128,13.0,16.0,0.8125,0.5517241379310346,0.17021276595744675,0.01766004415011038,0.3809523809523811,0.3814718952065534,0.13829787234042556
graph_063_mu_0_3_node_852,21,0.07142857142857142,0.0006729909239043172,0.4148671096345515,2.4104104104104103,0.017934206134873433,9.0,12.0,0.75,0.5714285714285712,0.07843137254901958,0.0141676505312869,0.4000000000000001,0.40038958509187705,0.05228758169934642
graph_063_mu_0_3_node_853,45,0.11313131313131314,0.0019667812447215407,0.4443950177935943,2.25025025025025,0.045123424797089105,28.0,17.0,1.6470588235294121,0.3777777777777778,0.11724137931034483,0.019883040935672513,0.23287671232876717,0.2334292164725481,0.19310344827586204
graph_063_mu_0_3_node_854,30,0.19080459770114944,0.001172327623752886,0.4251063829787234,2.3523523523523524,0.021281216938504096,16.0,14.0,1.1428571428571423,0.46666666666666673,0.46666666666666673,0.014432989690721652,0.3043478260869565,0.3048025191691261,0.5333333333333332
graph_063_mu_0_3_node_855,18,0.22875816993464052,0.00023912162171041358,0.41400745959386653,2.4154154154154153,0.027472267150439867,12.0,6.0,2.0,0.33333333333333326,0.04137931034482757,0.0070175438596491195,0.20000000000000004,0.2001948684637869,0.08275862068965514
graph_063_mu_0_3_node_856,26,0.15076923076923077,0.0008481658750351192,0.40875613747954176,2.4464464464464464,0.016945857099616973,12.0,14.0,0.8571428571428571,0.5384615384615384,0.482758620689655,0.01441812564366632,0.36842105263157887,0.36887562760397963,0.41379310344827586
graph_063_mu_0_3_node_857,50,0.08081632653061224,0.0032801906801799815,0.48191027496382055,2.075075075075075,0.04658212104508248,23.0,27.0,0.8518518518518517,0.54,0.17647058823529405,0.03187721369539552,0.36986301369863017,0.37073995026688505,0.15032679738562088
graph_063_mu_0_3_node_858,36,0.16031746031746033,0.0013001897281883729,0.43586387434554974,2.294294294294294,0.041560319097835176,23.0,13.0,1.76923076923077,0.361111111111111,0.08965517241379309,0.015204678362573101,0.22033898305084743,0.2207614038469482,0.15862068965517245
graph_063_mu_0_3_node_859,16,0.08333333333333333,0.0004547896879311746,0.4249255635899617,2.3533533533533535,0.01841727711411449,6.0,10.0,0.5999999999999998,0.625,0.5555555555555556,0.010183299389002034,0.45454545454545436,0.45487006663400886,0.33333333333333326
graph_063_mu_0_3_node_860,14,0.054945054945054944,0.00021695045997820704,0.38735944164404806,2.5815815815815815,0.012515106505170166,4.0,10.0,0.4000000000000001,0.7142857142857141,0.1063829787234043,0.011037527593818985,0.5555555555555556,0.5558801255003785,0.04255319148936169
graph_063_mu_0_3_node_861,26,0.16666666666666666,0.0006933855724094372,0.404126213592233,2.4744744744744747,0.01661585260766071,15.0,11.0,1.3636363636363635,0.4230769230769231,0.3142857142857142,0.011398963730569948,0.26829268292682934,0.2686499533805628,0.4000000000000001
graph_063_mu_0_3_node_862,17,0.1323529411764706,0.0003861599179184525,0.4016887816646562,2.4894894894894897,0.020477895880655208,8.0,9.0,0.8888888888888892,0.5294117647058824,0.06206896551724138,0.01052631578947369,0.36,0.36029219830524983,0.05517241379310345
graph_063_mu_0_3_node_863,19,0.1111111111111111,0.0004508176936458836,0.38261202604366146,2.6136136136136137,0.010522824402291612,9.0,10.0,0.9000000000000002,0.5263157894736842,0.2857142857142856,0.010362694300518137,0.35714285714285704,0.3574675324675326,0.2571428571428571
graph_063_mu_0_3_node_864,49,0.058673469387755105,0.00296755383883776,0.46443514644351463,2.1531531531531534,0.034895216506302035,29.0,20.0,1.4499999999999995,0.40816326530612235,0.130718954248366,0.023612750885478158,0.2564102564102564,0.2570602401606626,0.17647058823529405
graph_063_mu_0_3_node_865,24,0.050724637681159424,0.0007117325709489046,0.408255006129955,2.4494494494494496,0.016539187740427785,14.0,10.0,1.3999999999999997,0.41666666666666674,0.065359477124183,0.011806375442739079,0.2631578947368421,0.26348267550982035,0.07843137254901958
graph_063_mu_0_3_node_866,23,0.17786561264822134,0.0006005574862437747,0.4197478991596639,2.3823823823823824,0.03283443227458468,13.0,10.0,1.3000000000000005,0.4347826086956522,0.06896551724137932,0.011695906432748536,0.2777777777777778,0.27810253745561614,0.08965517241379309
graph_063_mu_0_3_node_867,26,0.1753846153846154,0.0007406554627393381,0.3929976396538159,2.5445445445445447,0.013724879945344843,13.0,13.0,1.0,0.5,0.44827586206896536,0.013388259526261582,0.33333333333333326,0.3337554797856796,0.44827586206896536
graph_063_mu_0_3_node_868,13,0.038461538461538464,0.00026941082421651246,0.39361702127659576,2.5405405405405403,0.011287004530486871,6.0,7.0,0.8571428571428571,0.5384615384615384,0.04575163398692808,0.008264462809917356,0.36842105263157887,0.36864830322405356,0.02614379084967321
graph_063_mu_0_3_node_869,18,0.13071895424836602,0.00047138436987555584,0.40120481927710844,2.4924924924924925,0.013084213268961625,9.0,9.0,1.0,0.5,0.2571428571428571,0.00932642487046632,0.33333333333333326,0.33362555061311494,0.2571428571428571
graph_063_mu_0_3_node_870,18,0.0457516339869281,0.00041303538657523235,0.4109419991772933,2.4334334334334335,0.016208978149096626,8.0,10.0,0.8000000000000002,0.5555555555555556,0.065359477124183,0.011806375442739079,0.38461538461538475,0.3849400388586156,0.03921568627450979
graph_063_mu_0_3_node_871,14,0.17582417582417584,0.00025850680965656785,0.4072564207093355,2.4554554554554553,0.018899586667567015,7.0,7.0,1.0,0.5,0.0372340425531915,0.008620689655172415,0.33333333333333326,0.3335605986818609,0.0372340425531915
graph_063_mu_0_3_node_872,25,0.1383399209486166,0.000733040657978994,0.3875096974398759,2.5805805805805804,0.011077989163230583,14.0,11.0,1.272727272727273,0.4400000000000001,0.6111111111111108,0.011201629327902243,0.282051282051282,0.28240852929885435,0.722222222222222
graph_063_mu_0_3_node_873,34,0.16934046345811052,0.0010978291690432762,0.4495949594959496,2.224224224224224,0.045967445720962834,19.0,15.0,1.2666666666666662,0.44117647058823545,0.10344827586206896,0.017543859649122806,0.2830188679245283,0.2835061182087576,0.1310344827586207
graph_063_mu_0_3_node_874,36,0.1873015873015873,0.0010466481827230189,0.43190661478599224,2.315315315315315,0.034688646505838444,24.0,12.0,2.0,0.33333333333333326,0.1276595744680851,0.013245033112582785,0.20000000000000004,0.20038996490315866,0.2553191489361702
graph_063_mu_0_3_node_875,22,0.1471861471861472,0.0005585365470204587,0.4079216006533279,2.4514514514514514,0.024732317001236435,13.0,9.0,1.444444444444444,0.4090909090909091,0.06206896551724138,0.01052631578947369,0.2571428571428571,0.2574351503454162,0.08965517241379309
graph_063_mu_0_3_node_876,25,0.25666666666666665,0.0005071738539389849,0.40758873929008566,2.4534534534534536,0.027171362103998717,17.0,8.0,2.125,0.32,0.08510638297872337,0.00883002207505519,0.19047619047619055,0.19073608262095035,0.1808510638297873
graph_063_mu_0_3_node_877,38,0.1337126600284495,0.001444666179279996,0.4410596026490066,2.2672672672672673,0.04257528928261868,21.0,17.0,1.2352941176470587,0.4473684210526317,0.11724137931034483,0.019883040935672513,0.28813559322033905,0.28868784608718107,0.1448275862068966
graph_063_mu_0_3_node_878,37,0.12773109243697478,0.0013261555499393953,0.4428191489361702,2.2582582582582584,0.037947571215671466,19.0,18.0,1.0555555555555556,0.48648648648648657,0.19148936170212763,0.01986754966887417,0.32142857142857145,0.3220132147961173,0.19148936170212763
graph_063_mu_0_3_node_879,29,0.1625615763546798,0.000939739433347462,0.4114497528830313,2.4304304304304303,0.018780303634650403,14.0,15.0,0.9333333333333335,0.5172413793103449,0.5,0.015463917525773198,0.34883720930232553,0.34932430136272513,0.46666666666666673
graph_063_mu_0_3_node_880,28,0.1111111111111111,0.0009058258108644226,0.41469489414694893,2.4114114114114114,0.02181282508803066,11.0,17.0,0.6470588235294118,0.6071428571428571,0.3617021276595746,0.01783840503672613,0.43589743589743607,0.4364493301934459,0.23404255319148948
graph_063_mu_0_3_node_881,128,0.1100952380952381,0.012950672076343676,0.5099540581929556,1.960960960960961,0.10649545554027544,86.0,42.0,2.0476190476190474,0.328125,0.44680851063829785,0.046357615894039736,0.19626168224299068,0.19763074150369864,0.9042553191489359
graph_063_mu_0_3_node_882,22,0.05627705627705628,0.0007613529219637098,0.4227676682183665,2.3653653653653652,0.022100113191132847,6.0,16.0,0.375,0.7272727272727273,0.08510638297872337,0.019704433497536943,0.5714285714285712,0.5719478496318687,0.031914893617021274
graph_063_mu_0_3_node_883,23,0.1380952380952381,0.000633333611623578,0.4028225806451613,2.4824824824824825,0.01519581905395122,13.0,10.0,1.3000000000000005,0.4347826086956522,0.3225806451612903,0.010319917440660475,0.2777777777777778,0.27810253745561614,0.3870967741935483
graph_063_mu_0_3_node_884,19,0.07602339181286549,0.0004844091367314943,0.41992433795712486,2.3813813813813813,0.018081678893777615,6.0,13.0,0.4615384615384616,0.6842105263157895,0.08496732026143788,0.015348288075560797,0.5199999999999998,0.520421954623649,0.03921568627450979
graph_063_mu_0_3_node_885,46,0.20869565217391303,0.0019227616333221211,0.43134715025906734,2.3183183183183185,0.02889772039055068,31.0,15.0,2.0666666666666664,0.3260869565217392,0.3191489361702127,0.01573976915005246,0.1948051948051948,0.19529282524633773,0.6595744680851062
graph_063_mu_0_3_node_886,20,0.21578947368421053,0.00046459781872058164,0.41366459627329194,2.4174174174174174,0.02104366792113046,12.0,8.0,1.5,0.4000000000000001,0.08602150537634408,0.00882028665931643,0.25,0.2502598077422707,0.12903225806451607
graph_063_mu_0_3_node_887,13,0.19230769230769232,0.00023702709330442222,0.4004008016032064,2.4974974974974975,0.015615000282518273,8.0,5.0,1.6000000000000003,0.38461538461538475,0.026595744680851074,0.0061576354679802985,0.2380952380952381,0.23825759157122606,0.04255319148936169
graph_063_mu_0_3_node_888,45,0.11818181818181818,0.002194979803788978,0.45450409463148317,2.2002002002002,0.036431042227347436,28.0,17.0,1.6470588235294121,0.3777777777777778,0.17346938775510207,0.018847006651884705,0.23287671232876717,0.2334292164725481,0.2857142857142856
graph_063_mu_0_3_node_889,25,0.10276679841897234,0.0005548031903187083,0.4215189873417722,2.3723723723723724,0.022905272364774125,13.0,12.0,1.0833333333333335,0.4800000000000002,0.12244897959183672,0.013303769401330377,0.31578947368421056,0.31617915998673685,0.12244897959183672
graph_063_mu_0_3_node_890,29,0.18719211822660098,0.0007765571874578062,0.43719912472647704,2.2872872872872874,0.03833285363222049,20.0,9.0,2.2222222222222223,0.31034482758620696,0.06206896551724138,0.01052631578947369,0.1836734693877551,0.18396589555014917,0.13793103448275865
graph_063_mu_0_3_node_891,23,0.21739130434782608,0.0005063310924112493,0.42258883248730966,2.3663663663663663,0.03277635672830084,14.0,9.0,1.555555555555556,0.3913043478260869,0.06206896551724138,0.01052631578947369,0.24324324324324328,0.2435355554326616,0.09655172413793102
graph_063_mu_0_3_node_892,17,0.21323529411764705,0.00015141131295165936,0.4294926913155632,2.3283283283283285,0.026934125662706292,12.0,5.0,2.399999999999999,0.29411764705882354,0.026595744680851074,0.0061576354679802985,0.17241379310344834,0.1725761887642362,0.06382978723404255
graph_063_mu_0_3_node_893,29,0.08866995073891626,0.0009729370083476018,0.4206315789473684,2.3773773773773774,0.025739812612765024,13.0,16.0,0.8125,0.5517241379310346,0.17021276595744675,0.01766004415011038,0.3809523809523811,0.3814718952065534,0.13829787234042556
graph_063_mu_0_3_node_894,57,0.07644110275689223,0.0037965276688616428,0.46335807050092764,2.1581581581581584,0.039043009448239616,37.0,20.0,1.8500000000000005,0.35087719298245623,0.130718954248366,0.023612750885478158,0.2127659574468086,0.21341627935615373,0.24183006535947713
graph_063_mu_0_3_node_895,47,0.15541165587419056,0.002031261866647476,0.44321206743566993,2.2562562562562563,0.04331427865924297,29.0,18.0,1.6111111111111112,0.38297872340425526,0.19148936170212763,0.01986754966887417,0.2368421052631579,0.2374271286640939,0.30851063829787234
graph_063_mu_0_3_node_896,30,0.09655172413793103,0.0011751482414447958,0.4393139841688654,2.2762762762762763,0.026211588560123348,14.0,16.0,0.875,0.5333333333333332,0.16326530612244897,0.017738359201773832,0.36363636363636365,0.3641559116296094,0.1428571428571428
graph_063_mu_0_3_node_897,21,0.19047619047619047,0.00045434315702785216,0.4117889530090684,2.4284284284284285,0.02205484739257616,10.0,11.0,0.9090909090909087,0.5238095238095238,0.11827956989247307,0.012127894156560091,0.3548387096774193,0.35519586413048615,0.10752688172043007
graph_063_mu_0_3_node_898,23,0.07114624505928854,0.0009209453315289104,0.4171189979123173,2.3973973973973974,0.01815389915787678,9.0,14.0,0.6428571428571429,0.608695652173913,0.09150326797385616,0.01652892561983471,0.4375,0.43795448643033374,0.05882352941176471
graph_063_mu_0_3_node_899,30,0.10114942528735632,0.0010302091338732751,0.43586387434554974,2.294294294294294,0.03327217060596293,13.0,17.0,0.7647058823529413,0.5666666666666665,0.11724137931034483,0.019883040935672513,0.3953488372093022,0.3959008031822233,0.08965517241379309
graph_063_mu_0_3_node_900,40,0.09230769230769231,0.0016432032747246842,0.4599447513812155,2.174174174174174,0.038656182628376626,20.0,20.0,1.0,0.5,0.1063829787234043,0.024630541871921194,0.33333333333333326,0.33398293707505106,0.101063829787234
graph_063_mu_0_3_node_901,28,0.0873015873015873,0.0010475781055614944,0.42241014799154336,2.3673673673673674,0.023219549911953446,12.0,16.0,0.75,0.5714285714285712,0.16326530612244897,0.017738359201773832,0.4000000000000001,0.40051948051948044,0.12244897959183672
graph_063_mu_0_3_node_902,62,0.09774011299435029,0.0036263520096600907,0.45867768595041325,2.18018018018018,0.045291171726422046,39.0,23.0,1.6956521739130432,0.3709677419354839,0.23469387755102036,0.025498891352549898,0.22772277227722781,0.228470666791584,0.38775510204081615
graph_063_mu_0_3_node_903,15,0.09523809523809523,0.00020435249406717192,0.3867595818815331,2.5855855855855854,0.011772368512831932,10.0,5.0,2.0,0.33333333333333326,0.0326797385620915,0.0059031877213695395,0.20000000000000004,0.20016237456564803,0.05228758169934642
graph_063_mu_0_3_node_904,20,0.08421052631578947,0.0006208177319593436,0.3943939992104224,2.5355355355355353,0.011753648750508296,9.0,11.0,0.8181818181818182,0.5499999999999999,0.3548387096774193,0.011351909184726523,0.3793103448275863,0.3796674760895583,0.29032258064516125
graph_063_mu_0_3_node_905,22,0.14285714285714285,0.00045681931292695607,0.41625,2.4024024024024024,0.026592940567193194,11.0,11.0,1.0,0.5,0.07586206896551724,0.012865497076023386,0.33333333333333326,0.3336905109805067,0.07586206896551724
graph_063_mu_0_3_node_906,19,0.11695906432748537,0.00038291622036669176,0.4317199654278306,2.3163163163163163,0.02674428073235372,8.0,11.0,0.7272727272727273,0.5789473684210529,0.07586206896551724,0.012865497076023386,0.4074074074074074,0.4077645154812962,0.05517241379310345
graph_063_mu_0_3_node_907,26,0.12615384615384614,0.0007467630272928644,0.4188679245283019,2.3873873873873874,0.02788673918917887,14.0,12.0,1.1666666666666667,0.4615384615384616,0.08275862068965514,0.014035087719298239,0.2999999999999999,0.3003897116134061,0.09655172413793102
graph_063_mu_0_3_node_908,37,0.12312312312312312,0.00154457653579392,0.4434087882822903,2.255255255255255,0.030668122339765475,21.0,16.0,1.3125,0.4324324324324325,0.16326530612244897,0.017738359201773832,0.2758620689655173,0.2763818532550371,0.21428571428571427
graph_063_mu_0_3_node_909,84,0.11291779584462511,0.005800826023303261,0.5007518796992482,1.996996996996997,0.09118158560486568,56.0,28.0,2.0,0.33333333333333326,0.19310344827586204,0.032748538011695916,0.20000000000000004,0.20091133966931396,0.3793103448275863
graph_063_mu_0_3_node_910,45,0.1101010101010101,0.001990803634123846,0.4593103448275862,2.1771771771771773,0.04448698936262388,28.0,17.0,1.6470588235294121,0.3777777777777778,0.09042553191489365,0.020935960591133004,0.23287671232876717,0.2334292164725481,0.148936170212766
graph_063_mu_0_3_node_911,20,0.08947368421052632,0.000559442483602636,0.4227676682183665,2.3653653653653652,0.01935986397549635,11.0,9.0,1.2222222222222217,0.4500000000000001,0.05882352941176471,0.010625737898465168,0.29032258064516125,0.2906148358814011,0.05228758169934642
graph_063_mu_0_3_node_912,23,0.07509881422924901,0.0007875283458349214,0.40775510204081633,2.4524524524524525,0.015343975651406397,11.0,12.0,0.9166666666666664,0.5217391304347825,0.12244897959183672,0.013303769401330377,0.3529411764705881,0.35333081216121764,0.10204081632653059
graph_063_mu_0_3_node_913,19,0.27485380116959063,0.00024006287076253202,0.4000800961153384,2.4994994994994997,0.022178962346809175,13.0,6.0,2.166666666666667,0.31578947368421056,0.06382978723404255,0.0066225165562913925,0.1875,0.18769488112251528,0.13829787234042556
graph_063_mu_0_3_node_914,19,0.2046783625730994,0.00033432818261650157,0.4201009251471825,2.3803803803803802,0.021161062615127225,13.0,6.0,2.166666666666667,0.31578947368421056,0.06451612903225803,0.006615214994487321,0.1875,0.18769488112251528,0.13978494623655904
graph_063_mu_0_3_node_915,29,0.17980295566502463,0.0008306272818266358,0.4233050847457627,2.3623623623623624,0.029913092748467512,16.0,13.0,1.2307692307692304,0.44827586206896536,0.13829787234042556,0.014348785871964677,0.2888888888888888,0.2893111176069375,0.17021276595744675
graph_063_mu_0_3_node_916,26,0.10153846153846154,0.0009661318049493633,0.41816659690246966,2.3913913913913913,0.019864442566729184,11.0,15.0,0.7333333333333332,0.5769230769230768,0.42857142857142855,0.0155440414507772,0.4054054054054053,0.4058924025808218,0.3142857142857142
graph_063_mu_0_3_node_917,64,0.12956107879428874,0.0032208136155323455,0.4631432545201669,2.159159159159159,0.05562644777806431,42.0,22.0,1.9090909090909096,0.34375,0.23404255319148948,0.024282560706401776,0.20754716981132082,0.20826271004419658,0.43617021276595747
graph_063_mu_0_3_node_918,19,0.21052631578947367,0.0004026128321648131,0.4334056399132321,2.3073073073073074,0.03288230942755003,10.0,9.0,1.1111111111111112,0.4736842105263158,0.06206896551724138,0.01052631578947369,0.31034482758620696,0.31063706384298506,0.06896551724137932
graph_063_mu_0_3_node_919,22,0.14285714285714285,0.0005332487660205735,0.4215189873417722,2.3723723723723724,0.02381546732863542,11.0,11.0,1.0,0.5,0.11702127659574474,0.012141280353200888,0.33333333333333326,0.3336905109805067,0.11702127659574474
graph_063_mu_0_3_node_920,29,0.08374384236453201,0.0008949748259089987,0.4188679245283019,2.3873873873873874,0.02395942322470721,12.0,17.0,0.7058823529411762,0.5862068965517241,0.17346938775510207,0.018847006651884705,0.41463414634146356,0.41518607647360195,0.11224489795918367
graph_063_mu_0_3_node_921,48,0.1276595744680851,0.002300393039975659,0.46143187066974595,2.1671671671671673,0.04722283725647502,28.0,20.0,1.3999999999999997,0.41666666666666674,0.2127659574468086,0.02207505518763797,0.2631578947368421,0.26380783624210663,0.297872340425532
graph_063_mu_0_3_node_922,22,0.047619047619047616,0.0006828492407852169,0.41625,2.4024024024024024,0.017061338227208,8.0,14.0,0.5714285714285712,0.6363636363636365,0.09150326797385616,0.01652892561983471,0.46666666666666673,0.46712112359064234,0.03921568627450979
graph_063_mu_0_3_node_923,20,0.1631578947368421,0.00036101101225843754,0.40024038461538464,2.4984984984984986,0.018058702225414038,13.0,7.0,1.8571428571428577,0.3499999999999999,0.0714285714285714,0.007760532150776056,0.21212121212121207,0.21234856604631516,0.1326530612244898
graph_063_mu_0_3_node_924,14,0.0989010989010989,0.00040979879930463854,0.4227676682183665,2.3653653653653652,0.019722133522214923,6.0,8.0,0.75,0.5714285714285712,0.04255319148936169,0.009852216748768471,0.4000000000000001,0.4002597065316192,0.031914893617021274
graph_063_mu_0_3_node_925,18,0.0196078431372549,0.0004026044402431441,0.392688679245283,2.5465465465465464,0.011960213093086805,4.0,14.0,0.2857142857142856,0.777777777777778,0.09150326797385616,0.01652892561983471,0.6363636363636365,0.6368179753004831,0.0
graph_063_mu_0_3_node_926,17,0.11764705882352941,0.0003327526604229713,0.41590341382181517,2.4044044044044046,0.022226764274694357,7.0,10.0,0.6999999999999998,0.5882352941176471,0.06896551724137932,0.011695906432748536,0.41666666666666674,0.41699129983119065,0.04827586206896551
graph_063_mu_0_3_node_927,42,0.13008130081300814,0.0021379993393863452,0.46835443037974683,2.135135135135135,0.04158320563503446,22.0,20.0,1.0999999999999999,0.4761904761904762,0.20408163265306117,0.022172949002217297,0.3125,0.31314968814968813,0.22448979591836735
graph_063_mu_0_3_node_928,18,0.1111111111111111,0.0003857980143605154,0.40976210008203445,2.4404404404404403,0.017891777123478843,9.0,9.0,1.0,0.5,0.04787234042553191,0.011083743842364536,0.33333333333333326,0.33362555061311494,0.04787234042553191
graph_063_mu_0_3_node_929,17,0.16911764705882354,0.00028068439504477474,0.4026602176541717,2.4834834834834836,0.01764524165806884,10.0,7.0,1.4285714285714282,0.41176470588235303,0.04575163398692808,0.008264462809917356,0.2592592592592592,0.2594865688874456,0.065359477124183
graph_063_mu_0_3_node_930,34,0.09803921568627451,0.0011727403185246724,0.4381578947368421,2.2822822822822824,0.03566087272288909,16.0,18.0,0.8888888888888892,0.5294117647058824,0.12413793103448276,0.02105263157894738,0.36,0.3605845294537895,0.1103448275862069
graph_063_mu_0_3_node_931,25,0.15333333333333332,0.0008538523574572368,0.43681679055531264,2.289289289289289,0.03524233486602255,14.0,11.0,1.272727272727273,0.4400000000000001,0.07586206896551724,0.012865497076023386,0.282051282051282,0.28240852929885435,0.09655172413793102
graph_063_mu_0_3_node_932,23,0.16205533596837945,0.000624993166003119,0.4269230769230769,2.3423423423423424,0.026406292114805007,13.0,10.0,1.3000000000000005,0.4347826086956522,0.05319148936170215,0.012315270935960597,0.2777777777777778,0.27810253745561614,0.06914893617021278
graph_063_mu_0_3_node_933,16,0.1,0.00032075397486747484,0.39721669980119284,2.5175175175175175,0.013205150560906565,8.0,8.0,1.0,0.5,0.05228758169934642,0.009445100354191263,0.33333333333333326,0.3335930735930735,0.05228758169934642
graph_063_mu_0_3_node_934,14,0.0989010989010989,0.00022992756676196938,0.41469489414694893,2.4114114114114114,0.01934771872420765,5.0,9.0,0.5555555555555556,0.6428571428571429,0.04787234042553191,0.011083743842364536,0.4736842105263158,0.47397635192275167,0.026595744680851074
graph_063_mu_0_3_node_935,26,0.15384615384615385,0.0007336926323049843,0.40675895765472314,2.4584584584584586,0.017140662333584644,14.0,12.0,1.1666666666666667,0.4615384615384616,0.2553191489361702,0.012591815320041971,0.2999999999999999,0.3003897116134061,0.297872340425532
graph_063_mu_0_3_node_936,26,0.16,0.0007641940386286631,0.43586387434554974,2.294294294294294,0.03129270309390191,12.0,14.0,0.8571428571428571,0.5384615384615384,0.148936170212766,0.015452538631346576,0.36842105263157887,0.36887562760397963,0.1276595744680851
graph_063_mu_0_3_node_937,40,0.12435897435897436,0.0015724564356538193,0.4402820625826355,2.2712712712712713,0.03295071998391185,22.0,18.0,1.2222222222222217,0.4500000000000001,0.1836734693877551,0.019955654101995568,0.29032258064516125,0.2909073379708712,0.22448979591836735
graph_063_mu_0_3_node_938,14,0.21978021978021978,0.00020608185446031137,0.4046172539489672,2.4714714714714714,0.019423489695062725,10.0,4.0,2.5,0.2857142857142856,0.021276595744680844,0.004926108374384236,0.16666666666666663,0.166796570537802,0.05319148936170215
graph_063_mu_0_3_node_939,24,0.11231884057971014,0.0008262058438114351,0.4381578947368421,2.2822822822822824,0.03138278848235389,9.0,15.0,0.5999999999999998,0.625,0.10344827586206896,0.017543859649122806,0.45454545454545436,0.4550323884847502,0.06206896551724138
graph_063_mu_0_3_node_940,16,0.058333333333333334,0.0003087296852837371,0.4052738336713996,2.4674674674674675,0.01495230778108034,6.0,10.0,0.5999999999999998,0.625,0.065359477124183,0.011806375442739079,0.45454545454545436,0.45487006663400886,0.019607843137254895
graph_063_mu_0_3_node_941,26,0.14153846153846153,0.0006131142891600689,0.451831750339213,2.2132132132132134,0.03998733674486101,13.0,13.0,1.0,0.5,0.08965517241379309,0.015204678362573101,0.33333333333333326,0.3337554797856796,0.08965517241379309
graph_063_mu_0_3_node_942,22,0.07792207792207792,0.000600231285322147,0.4015273311897106,2.4904904904904903,0.015561481125573793,9.0,13.0,0.6923076923076923,0.5909090909090909,0.37142857142857155,0.013471502590673581,0.4193548387096773,0.4197768755242733,0.2571428571428571
graph_063_mu_0_3_node_943,22,0.12554112554112554,0.0004840154045558167,0.4211635750421585,2.374374374374374,0.02980559819860263,12.0,10.0,1.1999999999999995,0.45454545454545436,0.06896551724137932,0.011695906432748536,0.29411764705882354,0.29444238564426234,0.08275862068965514
graph_063_mu_0_3_node_944,28,0.12962962962962962,0.0008569033466670086,0.42420382165605097,2.3573573573573574,0.023956938254012128,18.0,10.0,1.8000000000000005,0.35714285714285704,0.10204081632653059,0.011086474501108648,0.2173913043478261,0.21771616952877604,0.1836734693877551
graph_063_mu_0_3_node_945,53,0.13352685050798258,0.002522860928851345,0.45867768595041325,2.18018018018018,0.05056327904860136,33.0,20.0,1.6499999999999995,0.37735849056603776,0.2127659574468086,0.02207505518763797,0.23255813953488375,0.23320829232078835,0.3510638297872341
graph_063_mu_0_3_node_946,17,0.08823529411764706,0.0003470497372300252,0.4051094890510949,2.4684684684684686,0.01676239325025239,7.0,10.0,0.6999999999999998,0.5882352941176471,0.05319148936170215,0.012315270935960597,0.41666666666666674,0.41699129983119065,0.0372340425531915
graph_063_mu_0_3_node_947,19,0.13450292397660818,0.00041332287324391987,0.4128099173553719,2.4224224224224224,0.020957171402629638,12.0,7.0,1.7142857142857142,0.36842105263157887,0.0372340425531915,0.008620689655172415,0.2258064516129031,0.22603379077044922,0.06382978723404255
graph_063_mu_0_3_node_948,21,0.19047619047619047,0.0003950007712104046,0.42027766091712243,2.3793793793793796,0.029319900785172093,12.0,9.0,1.333333333333333,0.42857142857142855,0.06206896551724138,0.01052631578947369,0.2727272727272726,0.27301954694543923,0.08275862068965514
graph_063_mu_0_3_node_949,23,0.1225296442687747,0.0006819068033062943,0.4213412062420919,2.3733733733733735,0.025259099786035286,10.0,13.0,0.7692307692307695,0.5652173913043478,0.13829787234042556,0.014348785871964677,0.39393939393939387,0.3943614581580882,0.1063829787234043
graph_063_mu_0_3_node_950,16,0.20833333333333334,0.0002142279141903246,0.40976210008203445,2.4404404404404403,0.02501906007576766,9.0,7.0,1.2857142857142858,0.4375,0.04827586206896551,0.008187134502923979,0.28000000000000014,0.280227294866383,0.06206896551724138
graph_063_mu_0_3_node_951,20,0.1631578947368421,0.00048333309545810357,0.3842307692307692,2.6026026026026026,0.010644871883606636,12.0,8.0,1.5,0.4000000000000001,0.22857142857142862,0.008290155440414506,0.25,0.2502598077422707,0.34285714285714275
graph_063_mu_0_3_node_952,15,0.09523809523809523,0.00028657065056633457,0.39690107270560193,2.5195195195195197,0.012578853097682866,9.0,6.0,1.5,0.4000000000000001,0.03921568627450979,0.00708382526564345,0.25,0.2501948304974672,0.04575163398692808
graph_063_mu_0_3_node_953,19,0.19883040935672514,0.0003018903469811965,0.40217391304347827,2.4864864864864864,0.0186733988546922,12.0,7.0,1.7142857142857142,0.36842105263157887,0.07526881720430109,0.007717750826901875,0.2258064516129031,0.22603379077044922,0.12903225806451607
graph_063_mu_0_3_node_954,18,0.1568627450980392,0.00033933636139758805,0.4247448979591837,2.354354354354354,0.027550492761799415,8.0,10.0,0.8000000000000002,0.5555555555555556,0.06896551724137932,0.011695906432748536,0.38461538461538475,0.3849400388586156,0.05517241379310345
graph_063_mu_0_3_node_955,39,0.08097165991902834,0.00177959575212054,0.4293081220455522,2.329329329329329,0.025213724544547407,27.0,12.0,2.25,0.3076923076923076,0.07843137254901958,0.0141676505312869,0.18181818181818182,0.18220822277248197,0.17647058823529405
graph_063_mu_0_3_node_956,22,0.08225108225108226,0.000689493084581703,0.39330708661417324,2.5425425425425425,0.013181653026736394,10.0,12.0,0.8333333333333335,0.5454545454545452,0.3870967741935483,0.012383900928792572,0.375,0.3753896103896103,0.3225806451612903
graph_063_mu_0_3_node_957,24,0.09420289855072464,0.0006523204831344664,0.4059325477448192,2.4634634634634636,0.018632138347115676,13.0,11.0,1.1818181818181819,0.4583333333333332,0.11224489795918367,0.012195121951219514,0.29729729729729737,0.2976545213417231,0.1326530612244898
graph_063_mu_0_3_node_958,40,0.14871794871794872,0.0014823169423947196,0.4414494034467521,2.265265265265265,0.038893588304348706,23.0,17.0,1.352941176470588,0.4249999999999999,0.1808510638297873,0.018763796909492265,0.2698412698412698,0.2703935944781976,0.24468085106382984
graph_063_mu_0_3_node_959,23,0.18181818181818182,0.0005202583396366931,0.43548387096774194,2.2962962962962963,0.025989582968841532,16.0,7.0,2.2857142857142847,0.3043478260869565,0.0714285714285714,0.007760532150776056,0.1794871794871794,0.1797145777264674,0.1530612244897959
graph_063_mu_0_3_node_960,24,0.2318840579710145,0.00048502609927018306,0.4090909090909091,2.4444444444444446,0.027161600948331564,16.0,8.0,2.0,0.33333333333333326,0.08510638297872337,0.00883002207505519,0.20000000000000004,0.20025987525987524,0.17021276595744675
graph_063_mu_0_3_node_961,21,0.15714285714285714,0.0004827903106503834,0.4193954659949622,2.3843843843843846,0.027243830349586017,11.0,10.0,1.0999999999999999,0.4761904761904762,0.06896551724137932,0.011695906432748536,0.3125,0.31282471749577867,0.07586206896551724
graph_063_mu_0_3_node_962,18,0.1111111111111111,0.0004722608577320618,0.38393543428132204,2.6046046046046047,0.009938886145542367,9.0,9.0,1.0,0.5,0.5,0.009164969450101836,0.33333333333333326,0.33362555061311494,0.4444444444444446
graph_063_mu_0_3_node_963,18,0.09803921568627451,0.00048042387656980427,0.4109419991772933,2.4334334334334335,0.015362474413703295,8.0,10.0,0.8000000000000002,0.5555555555555556,0.065359477124183,0.011806375442739079,0.38461538461538475,0.3849400388586156,0.05228758169934642
graph_063_mu_0_3_node_964,78,0.08,0.005249828168602539,0.46769662921348315,2.1381381381381384,0.05381125861277833,50.0,28.0,1.7857142857142854,0.3589743589743588,0.2857142857142856,0.031042128603104225,0.21875,0.21966098386257155,0.5
graph_063_mu_0_3_node_965,38,0.155049786628734,0.0014182331975447226,0.4389279437609842,2.2782782782782784,0.03724721889872237,21.0,17.0,1.2352941176470587,0.4473684210526317,0.1808510638297873,0.018763796909492265,0.28813559322033905,0.28868784608718107,0.22340425531914893
graph_063_mu_0_3_node_966,22,0.12121212121212122,0.0005063447936952133,0.38841368584758945,2.5745745745745747,0.014964348435077903,10.0,12.0,0.8333333333333335,0.5454545454545452,0.2553191489361702,0.012591815320041971,0.375,0.3753896103896103,0.2127659574468086
graph_063_mu_0_3_node_967,26,0.1076923076923077,0.0007081102147741323,0.3978494623655914,2.5135135135135136,0.016687881952727,16.0,10.0,1.6000000000000003,0.38461538461538475,0.10204081632653059,0.011086474501108648,0.2380952380952381,0.2384200610667185,0.16326530612244897
graph_063_mu_0_3_node_968,26,0.13768115942028986,0.000817283787848232,0.4000800961153384,2.4994994994994997,0.014533790573148192,14.0,12.0,1.1666666666666667,0.4615384615384616,0.5217391304347825,0.01228249744114637,0.2999999999999999,0.3003897116134061,0.5652173913043478
graph_063_mu_0_3_node_969,68,0.09090909090909091,0.004087620350290475,0.455125284738041,2.1971971971971973,0.04458806605681583,44.0,24.0,1.8333333333333328,0.3529411764705881,0.24489795918367344,0.026607538802660754,0.21428571428571427,0.21506635441061664,0.43877551020408156
graph_063_mu_0_3_node_970,22,0.19480519480519481,0.0004464516363928748,0.42045454545454547,2.3783783783783785,0.030656837047752416,13.0,9.0,1.444444444444444,0.4090909090909091,0.06206896551724138,0.01052631578947369,0.2571428571428571,0.2574351503454162,0.08965517241379309
graph_063_mu_0_3_node_971,20,0.18421052631578946,0.0003319989993980245,0.41128036228900783,2.4314314314314314,0.027001608425971983,13.0,7.0,1.8571428571428577,0.3499999999999999,0.04827586206896551,0.008187134502923979,0.21212121212121207,0.21234856604631516,0.08275862068965514
graph_063_mu_0_3_node_972,20,0.1,0.0005445566548751977,0.43359375,2.3063063063063063,0.024686986147230406,8.0,12.0,0.6666666666666665,0.5999999999999998,0.06382978723404255,0.014778325123152712,0.42857142857142855,0.4289609883688573,0.04255319148936169
graph_063_mu_0_3_node_973,23,0.20948616600790515,0.0005342172372484953,0.4276541095890411,2.3383383383383385,0.028508807573685922,13.0,10.0,1.3000000000000005,0.4347826086956522,0.1063829787234043,0.011037527593818985,0.2777777777777778,0.27810253745561614,0.13829787234042556
graph_063_mu_0_3_node_974,17,0.058823529411764705,0.00036788230207475734,0.39611419508326723,2.5245245245245247,0.01362378396720149,6.0,11.0,0.5454545454545452,0.6470588235294118,0.07189542483660127,0.012987012987012988,0.4782608695652175,0.47861793127197233,0.03921568627450979
graph_063_mu_0_3_node_975,23,0.07905138339920949,0.0006926656887122297,0.3875096974398759,2.5805805805805804,0.011599999460390028,10.0,13.0,0.7692307692307695,0.5652173913043478,0.722222222222222,0.013238289205702643,0.39393939393939387,0.3943614581580882,0.5555555555555556
graph_063_mu_0_3_node_976,51,0.0977891156462585,0.002942532886890662,0.4366258741258741,2.29029029029029,0.027633409710764296,27.0,24.0,1.125,0.4705882352941177,0.6857142857142855,0.024870466321243515,0.3076923076923076,0.30847208545564525,0.7428571428571431
graph_063_mu_0_3_node_977,16,0.05,0.0002922003917882269,0.38901869158878505,2.5705705705705704,0.010983706957374606,7.0,9.0,0.777777777777778,0.5625,0.05882352941176471,0.010625737898465168,0.3913043478260869,0.3915965271592689,0.02614379084967321
graph_063_mu_0_3_node_978,20,0.11578947368421053,0.000524347710534806,0.3939274447949527,2.5385385385385386,0.013361520758843039,9.0,11.0,0.8181818181818182,0.5499999999999999,0.3142857142857142,0.011398963730569948,0.3793103448275863,0.3796674760895583,0.2571428571428571
graph_063_mu_0_3_node_979,27,0.150997150997151,0.0007706775846483995,0.42080876158382474,2.3763763763763763,0.02809370051891833,13.0,14.0,0.9285714285714288,0.5185185185185184,0.148936170212766,0.015452538631346576,0.3499999999999999,0.35045460449409005,0.13829787234042556
graph_063_mu_0_3_node_980,20,0.06842105263157895,0.0006278670179569164,0.39238020424194814,2.5485485485485486,0.011511953263207015,7.0,13.0,0.5384615384615384,0.6500000000000002,0.5652173913043478,0.01330603889457523,0.4814814814814816,0.4819034634985558,0.3043478260869565
graph_063_mu_0_3_node_981,22,0.1471861471861472,0.0005759946458341042,0.38962558502340094,2.5665665665665665,0.012922546231912661,11.0,11.0,1.0,0.5,0.3548387096774193,0.011351909184726523,0.33333333333333326,0.3336905109805067,0.3548387096774193
graph_063_mu_0_3_node_982,20,0.12631578947368421,0.0005623142253996404,0.3872093023255814,2.5825825825825826,0.01124501512079903,8.0,12.0,0.6666666666666665,0.5999999999999998,0.4000000000000001,0.01237113402061856,0.42857142857142855,0.4289609883688573,0.2666666666666666
graph_063_mu_0_3_node_983,47,0.10175763182238667,0.0022739539766054922,0.4465802413947251,2.239239239239239,0.037023017466615606,29.0,18.0,1.6111111111111112,0.38297872340425526,0.1836734693877551,0.019955654101995568,0.2368421052631579,0.2374271286640939,0.2959183673469389
graph_063_mu_0_3_node_984,31,0.12903225806451613,0.0011023903704379273,0.4377738825591586,2.284284284284284,0.03778046217861739,15.0,16.0,0.9375,0.5161290322580643,0.1103448275862069,0.01871345029239766,0.3478260869565216,0.34834566869322364,0.10344827586206896
graph_063_mu_0_3_node_985,22,0.22943722943722944,0.0004475893903878532,0.43359375,2.3063063063063063,0.03647495216236257,12.0,10.0,1.1999999999999995,0.45454545454545436,0.06896551724137932,0.011695906432748536,0.29411764705882354,0.29444238564426234,0.08275862068965514
graph_063_mu_0_3_node_986,33,0.09090909090909091,0.001227803614012717,0.4300473525613431,2.325325325325325,0.029698222908706086,16.0,17.0,0.9411764705882354,0.5151515151515154,0.1808510638297873,0.018763796909492265,0.34693877551020413,0.3474908490334074,0.17021276595744675
graph_063_mu_0_3_node_987,17,0.08088235294117647,0.0005278793233429323,0.4026602176541717,2.4834834834834836,0.02070411407582339,6.0,11.0,0.5454545454545452,0.6470588235294118,0.07586206896551724,0.012865497076023386,0.4782608695652175,0.47861793127197233,0.04137931034482757
graph_063_mu_0_3_node_988,26,0.17846153846153845,0.0007677656612720654,0.40775510204081633,2.4524524524524525,0.019785149647749915,17.0,9.0,1.8888888888888888,0.34615384615384615,0.09183673469387756,0.009977827050997784,0.2093023255813953,0.20959469474619408,0.17346938775510207
graph_063_mu_0_3_node_989,18,0.032679738562091505,0.0004074740280660482,0.40217391304347827,2.4864864864864864,0.013323619082766951,6.0,12.0,0.5,0.6666666666666665,0.07843137254901958,0.0141676505312869,0.5,0.5003895092183849,0.02614379084967321
graph_063_mu_0_3_node_990,18,0.13071895424836602,0.00026846561982497754,0.42223161453930685,2.3683683683683685,0.02229431804824487,9.0,9.0,1.0,0.5,0.04787234042553191,0.011083743842364536,0.33333333333333326,0.33362555061311494,0.04787234042553191
graph_063_mu_0_3_node_991,24,0.17391304347826086,0.0008465661207475881,0.41298057048367093,2.4214214214214214,0.016922394560931798,11.0,13.0,0.8461538461538461,0.5416666666666667,0.43333333333333346,0.013402061855670106,0.37142857142857155,0.371850663054923,0.3666666666666666
graph_063_mu_0_3_node_992,30,0.135632183908046,0.0010829807232618234,0.45450409463148317,2.2002002002002,0.04021326833274559,15.0,15.0,1.0,0.5,0.10344827586206896,0.017543859649122806,0.33333333333333326,0.3338204570302775,0.10344827586206896
graph_063_mu_0_3_node_993,30,0.1632183908045977,0.0009581662387382229,0.45720823798627,2.1871871871871873,0.03837959883277437,16.0,14.0,1.1428571428571423,0.46666666666666673,0.148936170212766,0.015452538631346576,0.3043478260869565,0.3048025191691261,0.17021276595744675
graph_063_mu_0_3_node_994,20,0.2789473684210526,0.0002597473536969169,0.4122988031366075,2.4254254254254253,0.03200985815506292,13.0,7.0,1.8571428571428577,0.3499999999999999,0.04827586206896551,0.008187134502923979,0.21212121212121207,0.21234856604631516,0.08965517241379309
graph_063_mu_0_3_node_995,25,0.15333333333333332,0.0006089987674304341,0.415211970074813,2.4084084084084085,0.02512413717251017,13.0,12.0,1.0833333333333335,0.4800000000000002,0.1276595744680851,0.013245033112582785,0.31578947368421056,0.31617915998673685,0.13829787234042556
graph_063_mu_0_3_node_996,43,0.06341463414634146,0.001869219508255674,0.43415906127770537,2.3033033033033035,0.027145964466128304,27.0,16.0,1.6875,0.37209302325581384,0.10457516339869284,0.018890200708382526,0.22857142857142862,0.2290914155717535,0.16993464052287577
graph_063_mu_0_3_node_997,38,0.1379800853485064,0.0015006698971090605,0.4646511627906977,2.1521521521521523,0.048891179348930426,20.0,18.0,1.1111111111111112,0.4736842105263158,0.12413793103448276,0.02105263157894738,0.31034482758620696,0.31092950893487187,0.13793103448275865
graph_063_mu_0_3_node_998,20,0.19473684210526315,0.0003087723670533387,0.4065934065934066,2.4594594594594597,0.022636905819446666,10.0,10.0,1.0,0.5,0.1063829787234043,0.011037527593818985,0.33333333333333326,0.333658029742191,0.1063829787234043
graph_063_mu_0_3_node_999,19,0.07602339181286549,0.0005170601164998581,0.3964285714285714,2.5225225225225225,0.013231026663384226,10.0,9.0,1.1111111111111112,0.4736842105263158,0.05882352941176471,0.010625737898465168,0.31034482758620696,0.31063706384298506,0.05228758169934642
