,Degree,Clustering Coefficient,Betweenness,Closeness,Shortest Path,Eigenvector,E In,E Out,E In Over E Out,ODF,Expansion,Cut Ratio,Conductance,Normalised Cut,Triangle Participation
graph_0101_mu_0_2_node_0,27,0.3732193732193732,0.001519677809217767,0.3786959818043973,2.640640640640641,0.01704863349006671,20.0,7.0,2.8571428571428563,0.2592592592592592,0.2592592592592592,0.0071942446043165445,0.148936170212766,0.14920798320542697,0.7407407407407407
graph_0101_mu_0_2_node_1,27,0.33618233618233617,0.001340569848580757,0.383199079401611,2.6096096096096097,0.02156467436344417,20.0,7.0,2.8571428571428563,0.2592592592592592,0.20000000000000004,0.007253886010362697,0.148936170212766,0.14920798320542697,0.5714285714285712
graph_0101_mu_0_2_node_2,17,0.20952380952380953,0.000688009151960348,0.35551601423487544,2.8128128128128127,0.009876983124879526,12.0,5.0,2.399999999999999,0.29411764705882354,0.3125,0.005081300813008131,0.17241379310344834,0.1726078397522626,0.6875
graph_0101_mu_0_2_node_3,28,0.2037037037037037,0.0024727179469335885,0.3906922174423152,2.5595595595595597,0.025780946451407702,15.0,13.0,1.1538461538461535,0.4642857142857144,0.5199999999999998,0.013333333333333334,0.3023255813953489,0.30283006352503955,0.5999999999999998
graph_0101_mu_0_2_node_4,19,0.2867647058823529,0.0009864755041410099,0.35250529287226534,2.8368368368368366,0.005843701232019267,13.0,6.0,2.166666666666667,0.31578947368421056,0.42857142857142855,0.006085192697768763,0.1875,0.18773286501591238,0.8571428571428571
graph_0101_mu_0_2_node_5,27,0.20333333333333334,0.0020693144283010327,0.37855248200075786,2.6416416416416415,0.014510470030892005,18.0,9.0,2.0,0.33333333333333326,0.34615384615384615,0.009240246406570842,0.20000000000000004,0.20034939244535893,0.6538461538461539
graph_0101_mu_0_2_node_6,19,0.3742690058479532,0.0006840439573801518,0.3607800650054171,2.7717717717717716,0.01073072389288367,15.0,4.0,3.75,0.21052631578947364,0.14814814814814814,0.0041109969167523125,0.11764705882352942,0.11780233832663495,0.5555555555555556
graph_0101_mu_0_2_node_7,22,0.29473684210526313,0.0010837267837681755,0.3636694575900983,2.74974974974975,0.010384018878544905,16.0,6.0,2.666666666666666,0.2727272727272726,0.2857142857142856,0.0061287027579162425,0.15789473684210528,0.1581276560967636,0.7142857142857141
graph_0101_mu_0_2_node_8,22,0.38095238095238093,0.0012871898019280183,0.36633663366336633,2.72972972972973,0.010465291357689043,16.0,6.0,2.666666666666666,0.2727272727272726,0.2999999999999999,0.006122448979591837,0.15789473684210528,0.1581276560967636,0.8000000000000002
graph_0101_mu_0_2_node_9,20,0.20915032679738563,0.0009897552171843546,0.36849870896348214,2.7137137137137137,0.013502747546051339,12.0,8.0,1.5,0.4000000000000001,0.4210526315789473,0.00815494393476045,0.25,0.2503104384943732,0.5789473684210529
graph_0101_mu_0_2_node_10,24,0.33766233766233766,0.0012407923217820768,0.3672794117647059,2.7227227227227226,0.02270276948880386,18.0,6.0,3.0,0.25,0.15789473684210528,0.006237006237006238,0.1428571428571428,0.14309009828500435,0.4473684210526317
graph_0101_mu_0_2_node_11,21,0.4142857142857143,0.0009292698362735974,0.36849870896348214,2.7137137137137137,0.012414904602052721,16.0,5.0,3.2000000000000006,0.2380952380952381,0.20000000000000004,0.005128205128205127,0.13513513513513511,0.13532924204922342,0.64
graph_0101_mu_0_2_node_12,30,0.5080459770114942,0.0012498697251640514,0.375,2.6666666666666665,0.025634596428565835,24.0,6.0,4.0,0.20000000000000004,0.21428571428571427,0.006172839506172838,0.11111111111111115,0.11134417512602718,0.8571428571428571
graph_0101_mu_0_2_node_13,17,0.27941176470588236,0.0012370509389968806,0.35742397137745974,2.7977977977977977,0.006717333337612952,10.0,7.0,1.4285714285714282,0.41176470588235303,0.5,0.007099391480730219,0.2592592592592592,0.259530861323435,0.7142857142857141
graph_0101_mu_0_2_node_14,24,0.33766233766233766,0.0012257009977631778,0.37151357381926364,2.6916916916916915,0.01571137829193209,17.0,7.0,2.4285714285714284,0.2916666666666667,0.2916666666666667,0.00717213114754098,0.17073170731707318,0.17100345699679678,0.6666666666666665
graph_0101_mu_0_2_node_15,25,0.43333333333333335,0.0010984657109743446,0.3724832214765101,2.684684684684685,0.01750620587956698,20.0,5.0,4.0,0.20000000000000004,0.20000000000000004,0.005128205128205127,0.11111111111111115,0.11130527832791824,0.8000000000000002
graph_0101_mu_0_2_node_16,21,0.3216374269005848,0.0007373853296542833,0.3609104046242775,2.770770770770771,0.012382262309616811,16.0,5.0,3.2000000000000006,0.2380952380952381,0.2631578947368421,0.00509683995922528,0.13513513513513511,0.13532924204922342,0.7894736842105262
graph_0101_mu_0_2_node_17,26,0.3076923076923077,0.001343417206196369,0.37826580840590684,2.6436436436436437,0.018966582710964835,19.0,7.0,2.7142857142857153,0.2692307692307692,0.20000000000000004,0.007253886010362697,0.1555555555555555,0.15582734744062646,0.5428571428571429
graph_0101_mu_0_2_node_18,28,0.26153846153846155,0.0018867579594722406,0.3824655436447167,2.6146146146146148,0.018556123010611804,18.0,10.0,1.8000000000000005,0.35714285714285704,0.45454545454545436,0.010224948875255628,0.2173913043478261,0.21777950310559016,0.7727272727272727
graph_0101_mu_0_2_node_19,26,0.3076923076923077,0.0016952188876206546,0.3824655436447167,2.6146146146146148,0.018707028107433712,17.0,9.0,1.8888888888888888,0.34615384615384615,0.34615384615384615,0.009240246406570842,0.2093023255813953,0.20965169090106456,0.6538461538461539
graph_0101_mu_0_2_node_20,24,0.4805194805194805,0.0010403155739236365,0.364067055393586,2.7467467467467466,0.011794255675034736,19.0,5.0,3.799999999999999,0.20833333333333337,0.22727272727272718,0.005112474437627814,0.11627906976744187,0.11647322190505688,0.8181818181818182
graph_0101_mu_0_2_node_21,39,0.3049932523616734,0.0029651063389379206,0.40217391304347827,2.4864864864864864,0.04428901896771661,27.0,12.0,2.25,0.3076923076923076,0.31578947368421056,0.012474012474012476,0.18181818181818182,0.182284309848014,0.7105263157894738
graph_0101_mu_0_2_node_22,20,0.22105263157894736,0.001697598680162011,0.3757051523128996,2.6616616616616615,0.012486636873563158,11.0,9.0,1.2222222222222217,0.4500000000000001,0.6428571428571429,0.009127789046653149,0.29032258064516125,0.29067178329910154,0.7857142857142859
graph_0101_mu_0_2_node_23,40,0.2332859174964438,0.0039966069640258685,0.39627132090440303,2.5235235235235236,0.027639742229725813,25.0,15.0,1.666666666666667,0.375,0.42857142857142855,0.0155440414507772,0.2307692307692308,0.23135173241965215,0.6857142857142855
graph_0101_mu_0_2_node_24,22,0.33157894736842103,0.0010619425175380716,0.37443778110944526,2.670670670670671,0.015569331062394411,15.0,7.0,2.142857142857143,0.31818181818181823,0.2916666666666667,0.00717213114754098,0.1891891891891892,0.1894608966766712,0.5833333333333334
graph_0101_mu_0_2_node_25,34,0.43548387096774194,0.0019982666582808433,0.3872093023255814,2.5825825825825826,0.030860152657267832,26.0,8.0,3.25,0.23529411764705885,0.2857142857142856,0.008230452674897122,0.1333333333333333,0.13364410949680156,0.8928571428571427
graph_0101_mu_0_2_node_26,22,0.34210526315789475,0.0010291493727710873,0.37,2.7027027027027026,0.01276200792020838,15.0,7.0,2.142857142857143,0.31818181818181823,0.31818181818181823,0.007157464212678935,0.1891891891891892,0.1894608966766712,0.6363636363636365
graph_0101_mu_0_2_node_27,28,0.3941798941798942,0.0010882436721821457,0.3786959818043973,2.640640640640641,0.029894906046132787,23.0,5.0,4.6,0.17857142857142852,0.11363636363636359,0.005230125523012551,0.09803921568627454,0.09823342815471502,0.5227272727272725
graph_0101_mu_0_2_node_28,25,0.33666666666666667,0.001587917402584347,0.37373737373737376,2.675675675675676,0.015696425760598095,16.0,9.0,1.7777777777777783,0.36,0.375,0.009221311475409834,0.21951219512195133,0.2198615333201425,0.6666666666666665
graph_0101_mu_0_2_node_29,20,0.4117647058823529,0.0007631906734313781,0.36156351791530944,2.765765765765766,0.009936398297721631,15.0,5.0,3.0,0.25,0.22727272727272718,0.005112474437627814,0.1428571428571428,0.14305123470140352,0.6363636363636365
graph_0101_mu_0_2_node_30,30,0.2751322751322751,0.002398553463208312,0.38158899923605805,2.6206206206206204,0.015569894998736622,19.0,11.0,1.7272727272727268,0.3666666666666666,0.5,0.011247443762781187,0.22448979591836735,0.22491683112936164,0.8181818181818182
graph_0101_mu_0_2_node_31,32,0.30443548387096775,0.002676197446806093,0.3872093023255814,2.5825825825825826,0.02099977142661672,21.0,11.0,1.9090909090909096,0.34375,0.4583333333333332,0.011270491803278687,0.20754716981132082,0.20797427134500351,0.875
graph_0101_mu_0_2_node_32,23,0.38095238095238093,0.0008064296520732631,0.376271186440678,2.6576576576576576,0.02256779526279916,17.0,6.0,2.8333333333333335,0.26086956521739124,0.17647058823529405,0.006211180124223602,0.14999999999999994,0.15023293733985557,0.4705882352941177
graph_0101_mu_0_2_node_33,23,0.3523809523809524,0.0012367534209310987,0.3671444321940463,2.7237237237237237,0.010148758403664422,16.0,7.0,2.2857142857142847,0.3043478260869565,0.3499999999999999,0.007142857142857144,0.1794871794871794,0.17975890806914444,0.75
graph_0101_mu_0_2_node_34,23,0.33201581027667987,0.0013733641787197107,0.3774083868530412,2.6496496496496498,0.01634047536228641,15.0,8.0,1.875,0.3478260869565216,0.33333333333333326,0.008196721311475407,0.21052631578947364,0.21083682657972366,0.625
graph_0101_mu_0_2_node_35,26,0.36923076923076925,0.0015814700352494286,0.38086160884483417,2.625625625625626,0.02537622880083996,17.0,9.0,1.8888888888888888,0.34615384615384615,0.32142857142857145,0.009259259259259259,0.2093023255813953,0.20965169090106456,0.6071428571428571
graph_0101_mu_0_2_node_36,26,0.3323076923076923,0.0017969135598334782,0.3801369863013699,2.630630630630631,0.01887527052828935,17.0,9.0,1.8888888888888888,0.34615384615384615,0.4090909090909091,0.009202453987730062,0.2093023255813953,0.20965169090106456,0.7727272727272727
graph_0101_mu_0_2_node_37,28,0.3412698412698413,0.001880232816090084,0.38129770992366413,2.6226226226226226,0.018625308815675024,20.0,8.0,2.5,0.2857142857142856,0.2962962962962963,0.008221993833504625,0.16666666666666663,0.16697729802490227,0.7407407407407407
graph_0101_mu_0_2_node_38,23,0.2845849802371542,0.0014849031360051521,0.37970353477765106,2.6336336336336337,0.02340779081579225,14.0,9.0,1.555555555555556,0.3913043478260869,0.2647058823529412,0.009316770186335404,0.24324324324324328,0.24359252721110905,0.41176470588235303
graph_0101_mu_0_2_node_39,35,0.3378151260504202,0.0024181972726784865,0.3903868698710434,2.5615615615615615,0.03457401370941812,25.0,10.0,2.5,0.2857142857142856,0.2777777777777778,0.010373443983402487,0.16666666666666663,0.16705507651674043,0.6944444444444444
graph_0101_mu_0_2_node_40,26,0.24307692307692308,0.0016790810731205702,0.38616157711635096,2.5895895895895897,0.027943653048040595,16.0,10.0,1.6000000000000003,0.38461538461538475,0.22727272727272718,0.010460251046025102,0.2380952380952381,0.23848337658305052,0.36363636363636365
graph_0101_mu_0_2_node_41,30,0.2735632183908046,0.0025257579495122817,0.3830521472392638,2.6106106106106104,0.022026217558780096,18.0,12.0,1.5,0.4000000000000001,0.5454545454545452,0.012269938650306752,0.25,0.25046580234453847,0.8181818181818182
graph_0101_mu_0_2_node_42,32,0.3286290322580645,0.0020447617418182435,0.3929976396538159,2.5445445445445447,0.0672032365582136,23.0,9.0,2.5555555555555567,0.28125,0.19148936170212763,0.00944386149003148,0.16363636363636364,0.1639858917733787,0.48936170212765967
graph_0101_mu_0_2_node_43,23,0.319047619047619,0.001160484109599713,0.36849870896348214,2.7137137137137137,0.012831163778050346,17.0,6.0,2.8333333333333335,0.26086956521739124,0.31578947368421056,0.0061162079510703364,0.14999999999999994,0.15023293733985557,0.8421052631578946
graph_0101_mu_0_2_node_44,34,0.21568627450980393,0.003074850882950012,0.3919183993723029,2.5515515515515514,0.03001921891293919,21.0,13.0,1.6153846153846159,0.3823529411764707,0.29545454545454547,0.013598326359832632,0.2363636363636364,0.2368683535279024,0.4772727272727274
graph_0101_mu_0_2_node_45,22,0.34210526315789475,0.0010301153797170435,0.37471867966991745,2.6686686686686687,0.01758223614697011,15.0,7.0,2.142857142857143,0.31818181818181823,0.20588235294117652,0.007246376811594205,0.1891891891891892,0.1894608966766712,0.41176470588235303
graph_0101_mu_0_2_node_46,20,0.23529411764705882,0.0009437264720364447,0.36633663366336633,2.72972972972973,0.01121628268036676,14.0,6.0,2.3333333333333335,0.2999999999999999,0.2307692307692308,0.006160164271047226,0.17647058823529405,0.17670347132798161,0.5
graph_0101_mu_0_2_node_47,45,0.25359911406423036,0.003312669950498107,0.39705882352941174,2.5185185185185186,0.041999526269609795,33.0,12.0,2.75,0.2666666666666666,0.2727272727272726,0.012552301255230129,0.1538461538461538,0.15431249925265164,0.7272727272727273
graph_0101_mu_0_2_node_48,20,0.4052631578947368,0.0009653732649261899,0.3710995542347697,2.694694694694695,0.013171112716419927,15.0,5.0,3.0,0.25,0.25,0.00510204081632653,0.1428571428571428,0.14305123470140352,0.75
graph_0101_mu_0_2_node_49,26,0.3569230769230769,0.0011966171965986034,0.3735976065818998,2.6766766766766765,0.02266872474106097,20.0,6.0,3.333333333333334,0.2307692307692308,0.16666666666666663,0.006224066390041495,0.13043478260869562,0.13066777422099762,0.5555555555555556
graph_0101_mu_0_2_node_50,19,0.38235294117647056,0.0008461531618219474,0.3626134301270417,2.7577577577577577,0.011143718628267846,14.0,5.0,2.7999999999999994,0.2631578947368421,0.3125,0.005081300813008131,0.15151515151515152,0.15170922829192438,0.8125
graph_0101_mu_0_2_node_51,21,0.3333333333333333,0.0010216768769243465,0.3662023460410557,2.730730730730731,0.011892425124983902,15.0,6.0,2.5,0.2857142857142856,0.2999999999999999,0.006122448979591837,0.16666666666666663,0.16689956783893584,0.6999999999999998
graph_0101_mu_0_2_node_52,22,0.26842105263157895,0.001434250211347909,0.36660550458715596,2.7277277277277276,0.009242931124590533,14.0,8.0,1.75,0.36363636363636365,0.4000000000000001,0.008163265306122451,0.2222222222222223,0.22253270891010546,0.6500000000000002
graph_0101_mu_0_2_node_53,43,0.34146341463414637,0.003124076584158526,0.3908450704225352,2.5585585585585586,0.03663109196322492,33.0,10.0,3.299999999999999,0.23255813953488375,0.2777777777777778,0.010373443983402487,0.13157894736842105,0.13196759874813344,0.8888888888888892
graph_0101_mu_0_2_node_54,19,0.25146198830409355,0.0010428613661498437,0.37855248200075786,2.6416416416416415,0.026819129877232922,11.0,8.0,1.375,0.4210526315789473,0.18181818181818182,0.00836820083682008,0.2666666666666666,0.266977081069895,0.25
graph_0101_mu_0_2_node_55,15,0.10476190476190476,0.0009188277456310466,0.3590941768511862,2.784784784784785,0.008121279718954091,7.0,8.0,0.875,0.5333333333333332,0.5714285714285712,0.008113590263691683,0.36363636363636365,0.3639466817123917,0.5
graph_0101_mu_0_2_node_56,28,0.37566137566137564,0.0015225768852492594,0.3755639097744361,2.6626626626626626,0.016250950696674725,22.0,6.0,3.6666666666666656,0.21428571428571427,0.2307692307692308,0.006160164271047226,0.12000000000000005,0.12023302780798509,0.8461538461538461
graph_0101_mu_0_2_node_57,30,0.2777777777777778,0.002585162543674756,0.38796116504854367,2.5775775775775776,0.018160120045831462,19.0,11.0,1.7272727272727268,0.3666666666666666,0.4583333333333332,0.011270491803278687,0.22448979591836735,0.22491683112936164,0.75
graph_0101_mu_0_2_node_58,20,0.4789473684210526,0.0008355790892064372,0.3647316538882804,2.7417417417417416,0.013542873405851329,15.0,5.0,3.0,0.25,0.25,0.00510204081632653,0.1428571428571428,0.14305123470140352,0.75
graph_0101_mu_0_2_node_59,21,0.29523809523809524,0.0013760796342057128,0.3731789316398954,2.67967967967968,0.015538241824902403,13.0,8.0,1.625,0.3809523809523811,0.33333333333333326,0.008196721311475407,0.23529411764705885,0.2356045802363167,0.5416666666666667
graph_0101_mu_0_2_node_60,20,0.33986928104575165,0.0008167466533432412,0.35526315789473684,2.814814814814815,0.007435494143868847,15.0,5.0,3.0,0.25,0.22727272727272718,0.005112474437627814,0.1428571428571428,0.14305123470140352,0.6363636363636365
graph_0101_mu_0_2_node_61,22,0.36796536796536794,0.0011177570200330356,0.3645985401459854,2.7427427427427427,0.010748232671428742,16.0,6.0,2.666666666666666,0.2727272727272726,0.2307692307692308,0.006160164271047226,0.15789473684210528,0.1581276560967636,0.6153846153846152
graph_0101_mu_0_2_node_62,31,0.3226600985221675,0.002520409812797921,0.3804265041888804,2.6286286286286287,0.02005273762930717,20.0,11.0,1.8181818181818175,0.3548387096774193,0.5499999999999999,0.011224489795918367,0.21568627450980402,0.21611334287956743,0.9499999999999997
graph_0101_mu_0_2_node_63,37,0.34384384384384387,0.002070975305615007,0.3986432561851556,2.5085085085085086,0.08413912069881797,28.0,9.0,3.111111111111112,0.24324324324324328,0.19148936170212763,0.00944386149003148,0.1384615384615384,0.13881120239564623,0.595744680851064
graph_0101_mu_0_2_node_64,24,0.2554112554112554,0.0014509320643523933,0.37387724550898205,2.674674674674675,0.01634851507056948,15.0,9.0,1.666666666666667,0.375,0.4090909090909091,0.009202453987730062,0.2307692307692308,0.23111854185015449,0.6363636363636365
graph_0101_mu_0_2_node_65,23,0.22924901185770752,0.001771359414426397,0.37641296156744536,2.6566566566566565,0.015640191591154064,13.0,10.0,1.3000000000000005,0.4347826086956522,0.37037037037037035,0.01027749229188078,0.2777777777777778,0.27816582589574435,0.4814814814814816
graph_0101_mu_0_2_node_66,23,0.41106719367588934,0.0007963294224042565,0.37331838565022424,2.6786786786786787,0.04192794684168846,18.0,5.0,3.600000000000001,0.2173913043478261,0.11363636363636359,0.005230125523012551,0.12195121951219516,0.12214535657296001,0.4090909090909091
graph_0101_mu_0_2_node_67,26,0.3630769230769231,0.0011855036156064066,0.37726586102719034,2.650650650650651,0.02855433247093247,19.0,7.0,2.7142857142857153,0.2692307692307692,0.18421052631578944,0.007276507276507276,0.1555555555555555,0.15582734744062646,0.5
graph_0101_mu_0_2_node_68,19,0.14705882352941177,0.0013640038853002887,0.3602596465921385,2.775775775775776,0.00701727704087245,11.0,8.0,1.375,0.4210526315789473,0.5333333333333332,0.008121827411167511,0.2666666666666666,0.266977081069895,0.6666666666666665
graph_0101_mu_0_2_node_69,16,0.275,0.0007980981349427121,0.3647316538882804,2.7417417417417416,0.01183267388138793,10.0,6.0,1.666666666666667,0.375,0.31578947368421056,0.0061162079510703364,0.2307692307692308,0.23100204157165202,0.5263157894736842
graph_0101_mu_0_2_node_70,28,0.2676923076923077,0.0016999788795029923,0.3757051523128996,2.6616616616616615,0.016128965918582,18.0,10.0,1.8000000000000005,0.35714285714285704,0.38461538461538475,0.010266940451745378,0.2173913043478261,0.21777950310559016,0.6538461538461539
graph_0101_mu_0_2_node_71,25,0.23,0.0017179632354358922,0.388715953307393,2.5725725725725725,0.025904551250381956,14.0,11.0,1.272727272727273,0.4400000000000001,0.3235294117647059,0.011387163561076604,0.282051282051282,0.28247815154563577,0.41176470588235303
graph_0101_mu_0_2_node_72,37,0.25675675675675674,0.003339635586894307,0.4023358840112767,2.4854854854854853,0.07036421822971382,24.0,13.0,1.8461538461538465,0.3513513513513515,0.27659574468085113,0.013641133263378801,0.21311475409836064,0.21361958886205915,0.5106382978723404
graph_0101_mu_0_2_node_73,18,0.19607843137254902,0.0012850941149298027,0.3651315789473684,2.7387387387387387,0.010450243768444731,10.0,8.0,1.25,0.4444444444444446,0.5,0.008130081300813009,0.2857142857142856,0.2860246760301078,0.625
graph_0101_mu_0_2_node_74,31,0.35913978494623655,0.001758578530188855,0.3908450704225352,2.5585585585585586,0.0698723564750179,23.0,8.0,2.875,0.25806451612903214,0.17021276595744675,0.00839454354669465,0.14814814814814814,0.14845885189212824,0.48936170212765967
graph_0101_mu_0_2_node_75,33,0.2709677419354839,0.0029790737785947738,0.392688679245283,2.5465465465465464,0.026641198767703052,22.0,11.0,2.0,0.33333333333333326,0.3235294117647059,0.011387163561076604,0.20000000000000004,0.20042713470275314,0.6176470588235293
graph_0101_mu_0_2_node_76,19,0.15789473684210525,0.0014958198930759775,0.3776937618147448,2.6476476476476476,0.014747907543146845,9.0,10.0,0.9000000000000002,0.5263157894736842,0.45454545454545436,0.010224948875255628,0.35714285714285704,0.35753078483313566,0.4090909090909091
graph_0101_mu_0_2_node_77,28,0.36,0.0015360663041957417,0.37082405345211583,2.6966966966966965,0.013516388226789786,21.0,7.0,3.0,0.25,0.2692307692307692,0.007186858316221764,0.1428571428571428,0.14312897696067278,0.7692307692307695
graph_0101_mu_0_2_node_78,18,0.29411764705882354,0.0010965046541092356,0.3675496688741722,2.720720720720721,0.009990419811456779,11.0,7.0,1.5714285714285718,0.388888888888889,0.4375,0.00711382113821138,0.2413793103448275,0.2416509334871194,0.6875
graph_0101_mu_0_2_node_79,29,0.31339031339031337,0.0016858143982695156,0.384526558891455,2.6006006006006004,0.05554226204273818,20.0,9.0,2.2222222222222223,0.31034482758620696,0.19565217391304346,0.009433962264150943,0.1836734693877551,0.18402291609713195,0.4130434782608694
graph_0101_mu_0_2_node_80,19,0.2647058823529412,0.0009814499478395466,0.3649981731823164,2.73973973973974,0.013675932541738616,12.0,7.0,1.7142857142857142,0.36842105263157887,0.33333333333333326,0.007150153217568952,0.2258064516129031,0.22607809583658287,0.5238095238095238
graph_0101_mu_0_2_node_81,38,0.26031746031746034,0.003258532782564633,0.3978494623655914,2.5135135135135136,0.03858355353028329,25.0,13.0,1.9230769230769231,0.34210526315789475,0.34210526315789475,0.013513513513513516,0.2063492063492064,0.20685408032489466,0.6315789473684211
graph_0101_mu_0_2_node_82,21,0.4142857142857143,0.0006819479704769489,0.3724832214765101,2.684684684684685,0.023682725321333208,16.0,5.0,3.2000000000000006,0.2380952380952381,0.1388888888888889,0.005186721991701244,0.13513513513513511,0.13532924204922342,0.4444444444444446
graph_0101_mu_0_2_node_83,20,0.4105263157894737,0.0008104257454823757,0.3697261287934863,2.704704704704705,0.023474736211021793,15.0,5.0,3.0,0.25,0.13157894736842105,0.005197505197505198,0.1428571428571428,0.14305123470140352,0.3947368421052631
graph_0101_mu_0_2_node_84,26,0.16615384615384615,0.0024942715109938533,0.39330708661417324,2.5425425425425425,0.027278530434142387,12.0,14.0,0.8571428571428571,0.5384615384615384,0.5600000000000003,0.014358974358974354,0.36842105263157887,0.36896419353784826,0.4800000000000002
graph_0101_mu_0_2_node_85,38,0.36984126984126986,0.002973766400057417,0.390234375,2.5625625625625625,0.031883978246538804,26.0,12.0,2.166666666666667,0.31578947368421056,0.42857142857142855,0.012345679012345677,0.1875,0.18796609182008858,0.8928571428571427
graph_0101_mu_0_2_node_86,17,0.29411764705882354,0.0009576370688875844,0.3614327062228654,2.7667667667667666,0.01004063309375861,11.0,6.0,1.8333333333333328,0.3529411764705881,0.2999999999999999,0.006122448979591837,0.21428571428571427,0.21451854315649432,0.5499999999999999
graph_0101_mu_0_2_node_87,20,0.21578947368421053,0.0012153241640410707,0.3694526627218935,2.7067067067067065,0.014369628240918005,12.0,8.0,1.5,0.4000000000000001,0.2962962962962963,0.008221993833504625,0.25,0.2503104384943732,0.4444444444444446
graph_0101_mu_0_2_node_88,23,0.3438735177865613,0.0011835773586998796,0.3735976065818998,2.6766766766766765,0.01964703168368797,16.0,7.0,2.2857142857142847,0.3043478260869565,0.1944444444444445,0.007261410788381744,0.1794871794871794,0.17975890806914444,0.4444444444444446
graph_0101_mu_0_2_node_89,25,0.38,0.0011498971016766426,0.3799923925446938,2.6316316316316315,0.05286287076193451,18.0,7.0,2.5714285714285716,0.28000000000000014,0.15217391304347824,0.007337526205450736,0.1627906976744186,0.1630624684551773,0.3913043478260869
graph_0101_mu_0_2_node_90,24,0.2608695652173913,0.0016704284977188731,0.3716517857142857,2.690690690690691,0.01186856955982506,16.0,8.0,2.0,0.33333333333333326,0.2962962962962963,0.008221993833504625,0.20000000000000004,0.20031053489635905,0.5925925925925926
graph_0101_mu_0_2_node_91,20,0.3157894736842105,0.001243721254947909,0.3682270549207519,2.715715715715716,0.01267885578219261,13.0,7.0,1.8571428571428577,0.3499999999999999,0.33333333333333326,0.007150153217568952,0.21212121212121207,0.2123928774295523,0.6190476190476188
graph_0101_mu_0_2_node_92,18,0.5620915032679739,0.0004060543116876628,0.3647316538882804,2.7417417417417416,0.019098857482294472,15.0,3.0,5.0,0.16666666666666663,0.08333333333333331,0.0031120331950207475,0.09090909090909091,0.09102555505754385,0.41666666666666674
graph_0101_mu_0_2_node_93,24,0.2898550724637681,0.0012966935337858222,0.3801369863013699,2.630630630630631,0.025223460530299287,17.0,7.0,2.4285714285714284,0.2916666666666667,0.15909090909090912,0.007322175732217575,0.17073170731707318,0.17100345699679678,0.38636363636363635
graph_0101_mu_0_2_node_94,18,0.29411764705882354,0.001267020939127656,0.3653986832479883,2.7367367367367366,0.01162732063725292,11.0,7.0,1.5714285714285718,0.388888888888889,0.4375,0.00711382113821138,0.2413793103448275,0.2416509334871194,0.6875
graph_0101_mu_0_2_node_95,19,0.34502923976608185,0.0009741214600433197,0.3660681568340051,2.7317317317317316,0.009722915106869356,14.0,5.0,2.7999999999999994,0.2631578947368421,0.22727272727272718,0.005112474437627814,0.15151515151515152,0.15170922829192438,0.6363636363636365
graph_0101_mu_0_2_node_96,24,0.2246376811594203,0.0014672539373740848,0.38261202604366146,2.6136136136136137,0.04497271665657107,15.0,9.0,1.666666666666667,0.375,0.19148936170212763,0.00944386149003148,0.2307692307692308,0.23111854185015449,0.3191489361702127
graph_0101_mu_0_2_node_97,23,0.466403162055336,0.001181998877168555,0.3687707641196013,2.7117117117117115,0.020525472209090203,17.0,6.0,2.8333333333333335,0.26086956521739124,0.21428571428571427,0.006172839506172838,0.14999999999999994,0.15023293733985557,0.6071428571428571
graph_0101_mu_0_2_node_98,21,0.17142857142857143,0.0016329109545314873,0.37641296156744536,2.6566566566566565,0.012506089668318338,10.0,11.0,0.9090909090909087,0.5238095238095238,0.4074074074074074,0.011305241521068855,0.3548387096774193,0.3552654466910362,0.37037037037037035
graph_0101_mu_0_2_node_99,18,0.19607843137254902,0.0012399660094693813,0.36958934517203107,2.705705705705706,0.01279747967763051,10.0,8.0,1.25,0.4444444444444446,0.3809523809523811,0.008171603677221655,0.2857142857142856,0.2860246760301078,0.4761904761904762
graph_0101_mu_0_2_node_100,26,0.5015384615384615,0.00109979115157075,0.36863468634686347,2.7127127127127126,0.021359401477735615,20.0,6.0,3.333333333333334,0.2307692307692308,0.21428571428571427,0.006172839506172838,0.13043478260869562,0.13066777422099762,0.7142857142857141
graph_0101_mu_0_2_node_101,14,0.26373626373626374,0.0006872328284724481,0.35742397137745974,2.7977977977977977,0.008077576458472022,9.0,5.0,1.8000000000000005,0.35714285714285704,0.29411764705882354,0.005086469989827062,0.2173913043478261,0.21758530582223734,0.5294117647058824
graph_0101_mu_0_2_node_102,30,0.2751322751322751,0.0016812754275343168,0.3837879369957741,2.6056056056056054,0.03079640375036716,20.0,10.0,2.0,0.33333333333333326,0.2777777777777778,0.010373443983402487,0.20000000000000004,0.20038825904643573,0.5277777777777778
graph_0101_mu_0_2_node_103,30,0.25925925925925924,0.0018438687482463234,0.3799923925446938,2.6316316316316315,0.02648229225746774,21.0,9.0,2.3333333333333335,0.2999999999999999,0.20454545454545456,0.009414225941422593,0.17647058823529405,0.1768200620830012,0.45454545454545436
graph_0101_mu_0_2_node_104,25,0.30434782608695654,0.0015806930835629818,0.3758465011286682,2.660660660660661,0.0171199516013415,16.0,9.0,1.7777777777777783,0.36,0.375,0.009221311475409834,0.21951219512195133,0.2198615333201425,0.625
graph_0101_mu_0_2_node_105,44,0.24841437632135308,0.004715949306919918,0.4052738336713996,2.4674674674674675,0.03170880896709558,30.0,14.0,2.142857142857143,0.31818181818181823,0.41176470588235303,0.01449275362318841,0.1891891891891892,0.18973308973308975,0.8823529411764709
graph_0101_mu_0_2_node_106,41,0.2807017543859649,0.0032542476251151034,0.40104375752709753,2.4934934934934936,0.03163106728828134,30.0,11.0,2.727272727272727,0.26829268292682934,0.3235294117647059,0.011387163561076604,0.15492957746478872,0.15535697770568702,0.8529411764705883
graph_0101_mu_0_2_node_107,32,0.37298387096774194,0.00195288256705005,0.38977760436987907,2.5655655655655654,0.05547305656985233,24.0,8.0,3.0,0.25,0.18181818181818182,0.00836820083682008,0.1428571428571428,0.14316787073720189,0.5454545454545452
graph_0101_mu_0_2_node_108,26,0.391304347826087,0.0011645116581449147,0.3824655436447167,2.6146146146146148,0.02816958648922572,18.0,8.0,2.25,0.3076923076923076,0.2857142857142856,0.008230452674897122,0.18181818181818182,0.1821287649379893,0.6071428571428571
graph_0101_mu_0_2_node_109,17,0.15441176470588236,0.0011385158651335625,0.3694526627218935,2.7067067067067065,0.012422542977383318,9.0,8.0,1.125,0.4705882352941177,0.3076923076923076,0.008213552361396302,0.3076923076923076,0.3080026739244615,0.34615384615384615
graph_0101_mu_0_2_node_110,29,0.30295566502463056,0.001907067091585408,0.38841368584758945,2.5745745745745747,0.028832791338537854,20.0,9.0,2.2222222222222223,0.31034482758620696,0.25,0.009336099585062239,0.1836734693877551,0.18402291609713195,0.5555555555555556
graph_0101_mu_0_2_node_111,14,0.15384615384615385,0.0009635457011994495,0.3594818279956819,2.7817817817817816,0.006550835774940751,6.0,8.0,0.75,0.5714285714285712,0.4210526315789473,0.00815494393476045,0.4000000000000001,0.4003102940035683,0.31578947368421056
graph_0101_mu_0_2_node_112,26,0.3323076923076923,0.0016118202064965687,0.38071646341463417,2.6266266266266265,0.018691819568418727,17.0,9.0,1.8888888888888888,0.34615384615384615,0.4090909090909091,0.009202453987730062,0.2093023255813953,0.20965169090106456,0.7727272727272727
graph_0101_mu_0_2_node_113,22,0.3463203463203463,0.000982428298988333,0.3766968325791855,2.6546546546546548,0.02569931245880825,16.0,6.0,2.666666666666666,0.2727272727272726,0.15789473684210528,0.006237006237006238,0.15789473684210528,0.1581276560967636,0.4210526315789473
graph_0101_mu_0_2_node_114,29,0.3903133903133903,0.0013753757322673887,0.3776937618147448,2.6476476476476476,0.03011964954494494,23.0,6.0,3.8333333333333344,0.20689655172413793,0.15789473684210528,0.006237006237006238,0.1153846153846154,0.11561766129465971,0.5789473684210529
graph_0101_mu_0_2_node_115,30,0.23908045977011494,0.002438282855861856,0.390539483971853,2.5605605605605604,0.05538672036265469,19.0,11.0,1.7272727272727268,0.3666666666666666,0.23913043478260876,0.011530398322851156,0.22448979591836735,0.22491683112936164,0.4130434782608694
graph_0101_mu_0_2_node_116,23,0.21904761904761905,0.001435610945335777,0.37855248200075786,2.6416416416416415,0.018849044412286475,13.0,10.0,1.3000000000000005,0.4347826086956522,0.5263157894736842,0.01019367991845056,0.2777777777777778,0.27816582589574435,0.6315789473684211
graph_0101_mu_0_2_node_117,34,0.3165322580645161,0.0019555187876203663,0.3925343811394892,2.5475475475475475,0.05634306649131497,25.0,9.0,2.7777777777777777,0.2647058823529412,0.20454545454545456,0.009414225941422593,0.15254237288135597,0.15289195532454875,0.5454545454545452
graph_0101_mu_0_2_node_118,25,0.20553359683794467,0.001863504475229959,0.3769811320754717,2.6526526526526526,0.016087755430487297,15.0,10.0,1.5,0.4000000000000001,0.4000000000000001,0.010256410256410255,0.25,0.2503881083598541,0.5600000000000003
graph_0101_mu_0_2_node_119,26,0.2536231884057971,0.001965890609866905,0.3823191733639495,2.6156156156156154,0.017920981047083222,15.0,11.0,1.3636363636363635,0.4230769230769231,0.5499999999999999,0.011224489795918367,0.26829268292682934,0.268719585554221,0.6999999999999998
graph_0101_mu_0_2_node_120,17,0.44761904761904764,0.0005466246750945318,0.35742397137745974,2.7977977977977977,0.008659744066623684,13.0,4.0,3.25,0.23529411764705885,0.19047619047619055,0.0040858018386108275,0.1333333333333333,0.13348858872845826,0.5714285714285712
graph_0101_mu_0_2_node_121,23,0.3241106719367589,0.0013043220642414155,0.3758465011286682,2.660660660660661,0.018214332269664225,15.0,8.0,1.875,0.3478260869565216,0.2962962962962963,0.008221993833504625,0.21052631578947364,0.21083682657972366,0.5555555555555556
graph_0101_mu_0_2_node_122,15,0.2761904761904762,0.0007681477670815835,0.35857860732232594,2.7887887887887888,0.012154466145047413,9.0,6.0,1.5,0.4000000000000001,0.2727272727272726,0.006134969325153376,0.25,0.2502327927368667,0.4090909090909091
graph_0101_mu_0_2_node_123,14,0.4725274725274725,0.0004385022195013368,0.34954513645906227,2.860860860860861,0.0065399311892738515,12.0,2.0,6.0,0.1428571428571428,0.0869565217391304,0.0020470829068577273,0.0769230769230769,0.0770007046206394,0.5217391304347825
graph_0101_mu_0_2_node_124,20,0.3473684210526316,0.0008630493553728333,0.37276119402985075,2.6826826826826826,0.016784104367330275,14.0,6.0,2.3333333333333335,0.2999999999999999,0.17142857142857137,0.006217616580310879,0.17647058823529405,0.17670347132798161,0.4000000000000001
graph_0101_mu_0_2_node_125,15,0.14102564102564102,0.0006911384498473842,0.3579362235757793,2.793793793793794,0.008300246449361948,8.0,7.0,1.1428571428571423,0.46666666666666673,0.5,0.007099391480730219,0.3043478260869565,0.30461938600471267,0.5
graph_0101_mu_0_2_node_126,29,0.29310344827586204,0.002127236197611213,0.3852680293096799,2.5955955955955954,0.02461707651443536,18.0,11.0,1.6363636363636365,0.3793103448275863,0.4583333333333332,0.011270491803278687,0.23404255319148948,0.23446955524886284,0.75
graph_0101_mu_0_2_node_127,28,0.37566137566137564,0.0016036751874902494,0.3842307692307692,2.6026026026026026,0.02859056884653632,20.0,8.0,2.5,0.2857142857142856,0.2222222222222223,0.00829875518672199,0.16666666666666663,0.16697729802490227,0.5555555555555556
graph_0101_mu_0_2_node_128,26,0.21739130434782608,0.0021351900823988086,0.376271186440678,2.6576576576576576,0.01182865106102945,17.0,9.0,1.8888888888888888,0.34615384615384615,0.4736842105263158,0.009174311926605505,0.2093023255813953,0.20965169090106456,0.8421052631578946
graph_0101_mu_0_2_node_129,20,0.4263157894736842,0.0010149154568273927,0.36580007323324787,2.7337337337337337,0.011901154982935416,15.0,5.0,3.0,0.25,0.3125,0.005081300813008131,0.1428571428571428,0.14305123470140352,0.9375
graph_0101_mu_0_2_node_130,31,0.35053763440860214,0.0022708225961660497,0.37826580840590684,2.6436436436436437,0.016863268352462314,22.0,9.0,2.4444444444444433,0.29032258064516125,0.375,0.009221311475409834,0.16981132075471703,0.17016082174496977,0.9166666666666664
graph_0101_mu_0_2_node_131,34,0.22281639928698752,0.0036111366824876693,0.39737470167064437,2.5165165165165164,0.031405992525047575,20.0,14.0,1.4285714285714282,0.41176470588235303,0.4000000000000001,0.014507772020725394,0.2592592592592592,0.25980273752012895,0.5714285714285712
graph_0101_mu_0_2_node_132,35,0.2935606060606061,0.002607069060314627,0.38144329896907214,2.6216216216216215,0.02208621105628306,26.0,9.0,2.888888888888888,0.2571428571428571,0.2647058823529412,0.009316770186335404,0.14754098360655735,0.14789059320916784,0.7352941176470587
graph_0101_mu_0_2_node_133,40,0.37051282051282053,0.002234932174958716,0.39548693586698336,2.5285285285285286,0.0818063151818388,32.0,8.0,4.0,0.20000000000000004,0.1739130434782608,0.008385744234800842,0.11111111111111115,0.11142203221488106,0.6956521739130432
graph_0101_mu_0_2_node_134,23,0.44664031620553357,0.0008725289403948244,0.3679558011049724,2.7177177177177176,0.01381738256919462,18.0,5.0,3.600000000000001,0.2173913043478261,0.22727272727272718,0.005112474437627814,0.12195121951219516,0.12214535657296001,0.8181818181818182
graph_0101_mu_0_2_node_135,28,0.2246153846153846,0.0027181499241408537,0.38796116504854367,2.5775775775775776,0.02042035971460174,16.0,12.0,1.333333333333333,0.42857142857142855,0.75,0.012195121951219514,0.2727272727272726,0.2731930027590976,0.9375
graph_0101_mu_0_2_node_136,25,0.39666666666666667,0.0013705808322498744,0.38086160884483417,2.625625625625626,0.017495429287169587,18.0,7.0,2.5714285714285716,0.28000000000000014,0.2916666666666667,0.00717213114754098,0.1627906976744186,0.1630624684551773,0.75
graph_0101_mu_0_2_node_137,18,0.3333333333333333,0.0008258219310604024,0.3570407433881344,2.800800800800801,0.008230704662306782,13.0,5.0,2.600000000000001,0.2777777777777778,0.35714285714285704,0.005070993914807303,0.16129032258064516,0.1614843842922695,0.8571428571428571
graph_0101_mu_0_2_node_138,25,0.3466666666666667,0.0014012664887347148,0.3704115684093437,2.6996996996997,0.014428446794621626,18.0,7.0,2.5714285714285716,0.28000000000000014,0.2592592592592592,0.0071942446043165445,0.1627906976744186,0.1630624684551773,0.6666666666666665
graph_0101_mu_0_2_node_139,18,0.23529411764705882,0.0013679117001002023,0.3668747704737422,2.725725725725726,0.008609329852749861,11.0,7.0,1.5714285714285718,0.388888888888889,0.5,0.007099391480730219,0.2413793103448275,0.2416509334871194,0.7857142857142859
graph_0101_mu_0_2_node_140,29,0.33251231527093594,0.0017918346348568598,0.3903868698710434,2.5615615615615615,0.036010847644350114,19.0,10.0,1.8999999999999995,0.3448275862068967,0.2631578947368421,0.010395010395010396,0.20833333333333337,0.20872156223309263,0.5
graph_0101_mu_0_2_node_141,32,0.26411290322580644,0.0029892385469133106,0.388715953307393,2.5725725725725725,0.02023214814309182,20.0,12.0,1.666666666666667,0.375,0.4444444444444446,0.012332990750256935,0.2307692307692308,0.2312351054489419,0.7407407407407407
graph_0101_mu_0_2_node_142,24,0.3722943722943723,0.0009745066551391078,0.3602596465921385,2.775775775775776,0.00974482123309333,19.0,5.0,3.799999999999999,0.20833333333333337,0.22727272727272718,0.005112474437627814,0.11627906976744187,0.11647322190505688,0.8181818181818182
graph_0101_mu_0_2_node_143,25,0.30434782608695654,0.0016540203631290366,0.3679558011049724,2.7177177177177176,0.010142466774989554,18.0,7.0,2.5714285714285716,0.28000000000000014,0.36842105263157887,0.007135575942915391,0.1627906976744186,0.1630624684551773,0.8947368421052634
graph_0101_mu_0_2_node_144,20,0.40522875816993464,0.0006753928193167592,0.35627674750356636,2.8068068068068066,0.008864619691688181,16.0,4.0,4.0,0.20000000000000004,0.19047619047619055,0.0040858018386108275,0.11111111111111115,0.11126640267101483,0.7142857142857141
graph_0101_mu_0_2_node_145,19,0.3742690058479532,0.000955425426324532,0.3649981731823164,2.73973973973974,0.013240184797191117,14.0,5.0,2.7999999999999994,0.2631578947368421,0.22727272727272718,0.005112474437627814,0.15151515151515152,0.15170922829192438,0.6363636363636365
graph_0101_mu_0_2_node_146,19,0.45588235294117646,0.0005638426456522371,0.3616944243301955,2.764764764764765,0.014885002626752443,15.0,4.0,3.75,0.21052631578947364,0.11428571428571431,0.004145077720207253,0.11764705882352942,0.11780233832663495,0.4000000000000001
graph_0101_mu_0_2_node_147,52,0.3159183673469388,0.0043796788705747335,0.41195876288659794,2.4274274274274275,0.08996894613670393,39.0,13.0,3.0,0.25,0.29545454545454547,0.013598326359832632,0.1428571428571428,0.14336256644098483,0.8636363636363634
graph_0101_mu_0_2_node_148,20,0.3202614379084967,0.0009246464615219825,0.36314067611777534,2.7537537537537538,0.010096866143534902,13.0,7.0,1.8571428571428577,0.3499999999999999,0.3499999999999999,0.007142857142857144,0.21212121212121207,0.2123928774295523,0.5999999999999998
graph_0101_mu_0_2_node_149,40,0.3157894736842105,0.0030083583458849423,0.40379951495553756,2.4764764764764764,0.04150991172976677,29.0,11.0,2.6363636363636362,0.27499999999999997,0.3055555555555554,0.011410788381742733,0.15942028985507245,0.15984765688564861,0.777777777777778
graph_0101_mu_0_2_node_150,49,0.3135985198889917,0.004253685227712115,0.40775510204081633,2.4524524524524525,0.07808610182386692,36.0,13.0,2.769230769230769,0.2653061224489796,0.29545454545454547,0.013598326359832632,0.1529411764705882,0.15344648218054277,0.7954545454545452
graph_0101_mu_0_2_node_151,30,0.30952380952380953,0.0017039771283790188,0.3842307692307692,2.6026026026026026,0.02177906022002642,22.0,8.0,2.75,0.2666666666666666,0.22857142857142862,0.008290155440414506,0.1538461538461538,0.15415683345780434,0.5999999999999998
graph_0101_mu_0_2_node_152,36,0.26559714795008915,0.0034025055549978425,0.3978494623655914,2.5135135135135136,0.024909150364065224,24.0,12.0,2.0,0.33333333333333326,0.4444444444444446,0.012332990750256935,0.20000000000000004,0.20046601941747572,0.8518518518518517
graph_0101_mu_0_2_node_153,15,0.10256410256410256,0.0007946156916969144,0.3538788522848034,2.825825825825826,0.006197007431345197,8.0,7.0,1.1428571428571423,0.46666666666666673,0.46666666666666673,0.007106598984771575,0.3043478260869565,0.30461938600471267,0.46666666666666673
graph_0101_mu_0_2_node_154,24,0.3593073593073593,0.0013126719820282305,0.3724832214765101,2.684684684684685,0.0139170197189249,17.0,7.0,2.4285714285714284,0.2916666666666667,0.3499999999999999,0.007142857142857144,0.17073170731707318,0.17100345699679678,0.8000000000000002
graph_0101_mu_0_2_node_155,17,0.10294117647058823,0.0016099460892229633,0.3726221559119731,2.6836836836836837,0.011007071874695393,7.0,10.0,0.6999999999999998,0.5882352941176471,0.7142857142857141,0.010141987829614606,0.41666666666666674,0.4170545341711271,0.5
graph_0101_mu_0_2_node_156,27,0.41333333333333333,0.0010365299521510726,0.3758465011286682,2.660660660660661,0.027158959938981587,21.0,6.0,3.5,0.2222222222222223,0.16666666666666663,0.006224066390041495,0.125,0.1252330097087379,0.5555555555555556
graph_0101_mu_0_2_node_157,14,0.17582417582417584,0.0007490281353174355,0.3576799140708915,2.795795795795796,0.01332049838283766,7.0,7.0,1.0,0.5,0.46666666666666673,0.007106598984771575,0.33333333333333326,0.3336048721827843,0.46666666666666673
graph_0101_mu_0_2_node_158,23,0.2924901185770751,0.0009922249857001455,0.375,2.6666666666666665,0.027326224385157593,17.0,6.0,2.8333333333333335,0.26086956521739124,0.1363636363636363,0.006276150627615064,0.14999999999999994,0.15023293733985557,0.38636363636363635
graph_0101_mu_0_2_node_159,27,0.26495726495726496,0.0024702452733590865,0.3759879563417388,2.65965965965966,0.014491975424538565,17.0,10.0,1.6999999999999995,0.37037037037037035,0.41666666666666674,0.010245901639344265,0.22727272727272718,0.22766089589317592,0.7083333333333334
graph_0101_mu_0_2_node_160,26,0.31384615384615383,0.0018611995967007535,0.3791271347248577,2.6376376376376376,0.02154560181536545,17.0,9.0,1.8888888888888888,0.34615384615384615,0.33333333333333326,0.009249743062692701,0.2093023255813953,0.20965169090106456,0.6296296296296297
graph_0101_mu_0_2_node_161,29,0.47293447293447294,0.0013649624497648922,0.3702742772424018,2.700700700700701,0.02271338508793648,22.0,7.0,3.1428571428571437,0.2413793103448275,0.25,0.007201646090534978,0.13725490196078427,0.13752675717846266,0.75
graph_0101_mu_0_2_node_162,25,0.22529644268774704,0.0019463517403399226,0.37220566318926973,2.6866866866866865,0.014226175918438588,16.0,9.0,1.7777777777777783,0.36,0.3913043478260869,0.009211873080859774,0.21951219512195133,0.2198615333201425,0.6521739130434784
graph_0101_mu_0_2_node_163,47,0.20606060606060606,0.004897436380906537,0.4107730263157895,2.4344344344344346,0.04507256318905889,32.0,15.0,2.133333333333333,0.3191489361702127,0.3409090909090909,0.015690376569037656,0.18987341772151906,0.19045623623183489,0.7045454545454548
graph_0101_mu_0_2_node_164,51,0.24064625850340135,0.005294206174891986,0.4095940959409594,2.4414414414414414,0.04544856929815325,38.0,13.0,2.923076923076922,0.2549019607843137,0.29545454545454547,0.013598326359832632,0.14606741573033707,0.14657280001677336,0.8409090909090913
graph_0101_mu_0_2_node_165,49,0.2821461609620722,0.005033785834442424,0.4134933774834437,2.4184184184184185,0.0976169724837137,34.0,15.0,2.266666666666666,0.3061224489795918,0.3191489361702127,0.01573976915005246,0.1807228915662651,0.18130580067130528,0.7021276595744682
graph_0101_mu_0_2_node_166,40,0.30440967283072545,0.0028962797620325606,0.3964285714285714,2.5225225225225225,0.03147551186713886,30.0,10.0,3.0,0.25,0.29411764705882354,0.010351966873706004,0.1428571428571428,0.14324570362804742,0.8529411764705883
graph_0101_mu_0_2_node_167,22,0.3526315789473684,0.0009288120453476168,0.3679558011049724,2.7177177177177176,0.015084400704427235,16.0,6.0,2.666666666666666,0.2727272727272726,0.17647058823529405,0.006211180124223602,0.15789473684210528,0.1581276560967636,0.44117647058823545
graph_0101_mu_0_2_node_168,37,0.3813813813813814,0.001966929460801143,0.39721669980119284,2.5175175175175175,0.06971312121281319,29.0,8.0,3.625,0.21621621621621626,0.18181818181818182,0.00836820083682008,0.12121212121212116,0.1215229698288449,0.6590909090909091
graph_0101_mu_0_2_node_169,15,0.07692307692307693,0.0008858097336045948,0.3580645161290323,2.7927927927927927,0.007719844623282827,7.0,8.0,0.875,0.5333333333333332,0.5333333333333332,0.008121827411167511,0.36363636363636365,0.3639466817123917,0.4000000000000001
graph_0101_mu_0_2_node_170,17,0.21323529411764705,0.0010483956289706613,0.3634048744998181,2.7517517517517516,0.010992775125060682,9.0,8.0,1.125,0.4705882352941177,0.5714285714285712,0.008113590263691683,0.3076923076923076,0.3080026739244615,0.6428571428571429
graph_0101_mu_0_2_node_171,30,0.3412698412698413,0.0018191658156718625,0.38071646341463417,2.6266266266266265,0.027598737062326482,22.0,8.0,2.75,0.2666666666666666,0.2222222222222223,0.00829875518672199,0.1538461538461538,0.15415683345780434,0.5833333333333334
graph_0101_mu_0_2_node_172,20,0.4,0.0008912386518373705,0.3706864564007421,2.6976976976976976,0.016146921408513377,14.0,6.0,2.3333333333333335,0.2999999999999999,0.17142857142857137,0.006217616580310879,0.17647058823529405,0.17670347132798161,0.4000000000000001
graph_0101_mu_0_2_node_173,15,0.22857142857142856,0.0010819527016192412,0.3590941768511862,2.784784784784785,0.007136391918013638,9.0,6.0,1.5,0.4000000000000001,0.42857142857142855,0.006085192697768763,0.25,0.2502327927368667,0.6428571428571429
graph_0101_mu_0_2_node_174,26,0.2971014492753623,0.001558651353545951,0.3704115684093437,2.6996996996997,0.01222785084707936,18.0,8.0,2.25,0.3076923076923076,0.36363636363636365,0.0081799591002045,0.18181818181818182,0.1821287649379893,0.7727272727272727
graph_0101_mu_0_2_node_175,31,0.32019704433497537,0.0023306409369198175,0.38129770992366413,2.6226226226226226,0.021281584284793903,21.0,10.0,2.100000000000001,0.3225806451612903,0.45454545454545436,0.010224948875255628,0.19230769230769237,0.19269598150548678,0.9090909090909087
graph_0101_mu_0_2_node_176,26,0.24615384615384617,0.001551356293521754,0.3792710706150342,2.6366366366366365,0.02490183839499916,18.0,8.0,2.25,0.3076923076923076,0.18181818181818182,0.00836820083682008,0.18181818181818182,0.1821287649379893,0.4090909090909091
graph_0101_mu_0_2_node_177,23,0.12380952380952381,0.00171061111115693,0.36931608133086874,2.7077077077077076,0.01009195422397978,12.0,11.0,1.0909090909090904,0.4782608695652175,0.6470588235294118,0.011190233977619533,0.3142857142857142,0.31471251752941887,0.6470588235294118
graph_0101_mu_0_2_node_178,22,0.3246753246753247,0.0011301331360851477,0.37,2.7027027027027026,0.016748037582165306,16.0,6.0,2.666666666666666,0.2727272727272726,0.26086956521739124,0.006141248720573185,0.15789473684210528,0.1581276560967636,0.6956521739130432
graph_0101_mu_0_2_node_179,28,0.25925925925925924,0.0015002302240314273,0.37955927051671734,2.6346346346346348,0.026857840962813514,22.0,6.0,3.6666666666666656,0.21428571428571427,0.1363636363636363,0.006276150627615064,0.12000000000000005,0.12023302780798509,0.5
graph_0101_mu_0_2_node_180,28,0.2553846153846154,0.0019739333568348657,0.37984790874524715,2.6326326326326326,0.018719108072684246,18.0,10.0,1.8000000000000005,0.35714285714285704,0.45454545454545436,0.010224948875255628,0.2173913043478261,0.21777950310559016,0.7727272727272727
graph_0101_mu_0_2_node_181,34,0.3333333333333333,0.0022823794995855476,0.38901869158878505,2.5705705705705704,0.030259702268731557,25.0,9.0,2.7777777777777777,0.2647058823529412,0.25,0.009336099585062239,0.15254237288135597,0.15289195532454875,0.6944444444444444
graph_0101_mu_0_2_node_182,49,0.28656462585034015,0.004642684483446435,0.41332230037236245,2.4194194194194196,0.09481702292104616,36.0,13.0,2.769230769230769,0.2653061224489796,0.27659574468085113,0.013641133263378801,0.1529411764705882,0.15344648218054277,0.7659574468085105
graph_0101_mu_0_2_node_183,20,0.38562091503267976,0.000785531162246758,0.3634048744998181,2.7517517517517516,0.01293554753416546,15.0,5.0,3.0,0.25,0.14705882352941177,0.005175983436853002,0.1428571428571428,0.14305123470140352,0.41176470588235303
graph_0101_mu_0_2_node_184,21,0.2857142857142857,0.0014797160237210595,0.36486486486486486,2.740740740740741,0.01017468660422665,14.0,7.0,2.0,0.33333333333333326,0.3043478260869565,0.00716479017400205,0.20000000000000004,0.20027168639627393,0.608695652173913
graph_0101_mu_0_2_node_185,28,0.3835978835978836,0.001995082054030578,0.38334612432847276,2.6086086086086087,0.023520529781312888,19.0,9.0,2.111111111111111,0.32142857142857145,0.32142857142857145,0.009259259259259259,0.19148936170212763,0.19183878127738876,0.6785714285714288
graph_0101_mu_0_2_node_186,26,0.2572463768115942,0.0018972969436168554,0.3697261287934863,2.704704704704705,0.012151010303666616,16.0,10.0,1.6000000000000003,0.38461538461538475,0.5,0.01020408163265306,0.2380952380952381,0.23848337658305052,0.75
graph_0101_mu_0_2_node_187,34,0.37298387096774194,0.0016531058700984874,0.3882627283326856,2.5755755755755754,0.06859218602938223,26.0,8.0,3.25,0.23529411764705885,0.1739130434782608,0.008385744234800842,0.1333333333333333,0.13364410949680156,0.5434782608695653
graph_0101_mu_0_2_node_188,21,0.29523809523809524,0.0012031244765119036,0.3731789316398954,2.67967967967968,0.01631991753047745,13.0,8.0,1.625,0.3809523809523811,0.32,0.008205128205128202,0.23529411764705885,0.2356045802363167,0.5199999999999998
graph_0101_mu_0_2_node_189,21,0.3,0.00146759085014599,0.3710995542347697,2.694694694694695,0.011270134845601677,14.0,7.0,2.0,0.33333333333333326,0.3499999999999999,0.007142857142857144,0.20000000000000004,0.20027168639627393,0.6999999999999998
graph_0101_mu_0_2_node_190,19,0.16911764705882354,0.0010906830707654196,0.3614327062228654,2.7667667667667666,0.008116918616554872,12.0,7.0,1.7142857142857142,0.36842105263157887,0.4375,0.00711382113821138,0.2258064516129031,0.22607809583658287,0.6875
graph_0101_mu_0_2_node_191,21,0.2807017543859649,0.0012238198095531785,0.3649981731823164,2.73973973973974,0.010168082905141611,14.0,7.0,2.0,0.33333333333333326,0.33333333333333326,0.007150153217568952,0.20000000000000004,0.20027168639627393,0.6190476190476188
graph_0101_mu_0_2_node_192,16,0.25,0.0008850700450976763,0.35538954108858056,2.813813813813814,0.007819258180266478,11.0,5.0,2.1999999999999997,0.3125,0.33333333333333326,0.005076142131979697,0.18518518518518517,0.18537921677352773,0.7333333333333332
graph_0101_mu_0_2_node_193,33,0.3371212121212121,0.0020322152068670066,0.38992974238875877,2.5645645645645647,0.07529428740668095,24.0,9.0,2.666666666666666,0.2727272727272726,0.19148936170212763,0.00944386149003148,0.15789473684210528,0.15824429213009994,0.5106382978723404
graph_0101_mu_0_2_node_194,29,0.27635327635327633,0.0019349046749988798,0.3804265041888804,2.6286286286286287,0.019684833800123487,19.0,10.0,1.8999999999999995,0.3448275862068967,0.37037037037037035,0.01027749229188078,0.20833333333333337,0.20872156223309263,0.6666666666666665
graph_0101_mu_0_2_node_195,19,0.38011695906432746,0.0008941285438489372,0.3602596465921385,2.775775775775776,0.010179045628966705,13.0,6.0,2.166666666666667,0.31578947368421056,0.2999999999999999,0.006122448979591837,0.1875,0.18773286501591238,0.6500000000000002
graph_0101_mu_0_2_node_196,19,0.25146198830409355,0.0014926532374644566,0.3639344262295082,2.7477477477477477,0.009502887673966115,11.0,8.0,1.375,0.4210526315789473,0.5714285714285712,0.008113590263691683,0.2666666666666666,0.266977081069895,0.7857142857142859
graph_0101_mu_0_2_node_197,45,0.3089700996677741,0.0035910356160568763,0.404126213592233,2.4744744744744747,0.05001444098002643,33.0,12.0,2.75,0.2666666666666666,0.31578947368421056,0.012474012474012476,0.1538461538461538,0.15431249925265164,0.8421052631578946
graph_0101_mu_0_2_node_198,29,0.3374384236453202,0.0021493971724928255,0.3757051523128996,2.6616616616616615,0.015291646954784004,18.0,11.0,1.6363636363636365,0.3793103448275863,0.5499999999999999,0.011224489795918367,0.23404255319148948,0.23446955524886284,0.9000000000000002
graph_0101_mu_0_2_node_199,21,0.26900584795321636,0.0011035761177070537,0.37303958177744584,2.680680680680681,0.017953459132618865,13.0,8.0,1.625,0.3809523809523811,0.3809523809523811,0.008171603677221655,0.23529411764705885,0.2356045802363167,0.5714285714285712
graph_0101_mu_0_2_node_200,23,0.35177865612648224,0.0012284908502507952,0.3723443906075289,2.685685685685686,0.012376492203540845,17.0,6.0,2.8333333333333335,0.26086956521739124,0.2307692307692308,0.006160164271047226,0.14999999999999994,0.15023293733985557,0.6538461538461539
graph_0101_mu_0_2_node_201,40,0.35704125177809387,0.0021764707558633916,0.3953304313415117,2.5295295295295297,0.07886704917018847,31.0,9.0,3.4444444444444433,0.22500000000000006,0.19565217391304346,0.009433962264150943,0.12676056338028172,0.12711030884330585,0.6521739130434784
graph_0101_mu_0_2_node_202,15,0.1523809523809524,0.001123085301961693,0.3635371179039301,2.750750750750751,0.009630616526690632,8.0,7.0,1.1428571428571423,0.46666666666666673,0.46666666666666673,0.007106598984771575,0.3043478260869565,0.30461938600471267,0.5333333333333332
graph_0101_mu_0_2_node_203,22,0.33766233766233766,0.0011516646479497767,0.376271186440678,2.6576576576576576,0.0450527905868878,15.0,7.0,2.142857142857143,0.31818181818181823,0.15217391304347824,0.007337526205450736,0.1891891891891892,0.1894608966766712,0.3260869565217392
graph_0101_mu_0_2_node_204,20,0.2631578947368421,0.0010097712762003363,0.3713754646840149,2.6926926926926926,0.014586119888639212,12.0,8.0,1.5,0.4000000000000001,0.3076923076923076,0.008213552361396302,0.25,0.2503104384943732,0.4615384615384616
graph_0101_mu_0_2_node_205,15,0.20952380952380953,0.0007681612065837843,0.3614327062228654,2.7667667667667666,0.011461624332722312,9.0,6.0,1.5,0.4000000000000001,0.31578947368421056,0.0061162079510703364,0.25,0.2502327927368667,0.4736842105263158
graph_0101_mu_0_2_node_206,18,0.4117647058823529,0.0007110087423982053,0.359740727403673,2.77977977977978,0.01126766656559043,14.0,4.0,3.5,0.2222222222222223,0.1739130434782608,0.004094165813715455,0.125,0.12515526744817948,0.608695652173913
graph_0101_mu_0_2_node_207,42,0.3128205128205128,0.0032951449980195627,0.39800796812749006,2.5125125125125125,0.029410356567501426,32.0,10.0,3.2000000000000006,0.2380952380952381,0.2857142857142856,0.010362694300518137,0.13513513513513511,0.1355237563072166,0.885714285714286
graph_0101_mu_0_2_node_208,19,0.22058823529411764,0.0009683662516827972,0.36809137803979364,2.7167167167167166,0.012854059209964734,12.0,7.0,1.7142857142857142,0.36842105263157887,0.36842105263157887,0.007135575942915391,0.2258064516129031,0.22607809583658287,0.5789473684210529
graph_0101_mu_0_2_node_209,28,0.23692307692307693,0.0025585767876995,0.3751408186256102,2.665665665665666,0.01801930978520496,18.0,10.0,1.8000000000000005,0.35714285714285704,0.4347826086956522,0.01023541453428864,0.2173913043478261,0.21777950310559016,0.7391304347826088
graph_0101_mu_0_2_node_210,24,0.26406926406926406,0.0014558981100345446,0.3734579439252336,2.6776776776776776,0.014285040946124332,15.0,9.0,1.666666666666667,0.375,0.42857142857142855,0.009193054136874363,0.2307692307692308,0.23111854185015449,0.6666666666666665
graph_0101_mu_0_2_node_211,30,0.23015873015873015,0.002456546715745434,0.3824655436447167,2.6146146146146148,0.01964955070535265,19.0,11.0,1.7272727272727268,0.3666666666666666,0.4400000000000001,0.011282051282051285,0.22448979591836735,0.22491683112936164,0.72
graph_0101_mu_0_2_node_212,17,0.20588235294117646,0.0010146623048811068,0.3647316538882804,2.7417417417417416,0.011022983115924366,10.0,7.0,1.4285714285714282,0.41176470588235303,0.2692307692307692,0.007186858316221764,0.2592592592592592,0.259530861323435,0.38461538461538475
graph_0101_mu_0_2_node_213,37,0.36134453781512604,0.0022092686632361825,0.3854166666666667,2.5945945945945947,0.039413068160139446,29.0,8.0,3.625,0.21621621621621626,0.21052631578947364,0.008316008316008316,0.12121212121212116,0.1215229698288449,0.7368421052631577
graph_0101_mu_0_2_node_214,19,0.52046783625731,0.0004975650781544121,0.3626134301270417,2.7577577577577577,0.022772863773282144,16.0,3.0,5.333333333333332,0.15789473684210528,0.07894736842105264,0.003118503118503119,0.08571428571428569,0.08583075890603942,0.4210526315789473
graph_0101_mu_0_2_node_215,16,0.20833333333333334,0.001235470343400793,0.3607800650054171,2.7717717717717716,0.008882226214476742,9.0,7.0,1.2857142857142858,0.4375,0.5,0.007099391480730219,0.28000000000000014,0.28027158098933075,0.6428571428571429
graph_0101_mu_0_2_node_216,20,0.2631578947368421,0.001547225771359181,0.3662023460410557,2.730730730730731,0.01054625640229048,13.0,7.0,1.8571428571428577,0.3499999999999999,0.31818181818181823,0.007157464212678935,0.21212121212121207,0.2123928774295523,0.5909090909090909
graph_0101_mu_0_2_node_217,39,0.2631578947368421,0.003805205521464073,0.4034733441033926,2.4784784784784786,0.02982012448755298,26.0,13.0,2.0,0.33333333333333326,0.37142857142857155,0.013471502590673581,0.20000000000000004,0.20050491319377006,0.7428571428571431
graph_0101_mu_0_2_node_218,22,0.2510822510822511,0.0016115304229530377,0.37898330804248864,2.6386386386386387,0.020067660752122247,13.0,9.0,1.444444444444444,0.4090909090909091,0.25,0.009336099585062239,0.2571428571428571,0.25749211400187383,0.361111111111111
graph_0101_mu_0_2_node_219,35,0.2784090909090909,0.0025122828353229894,0.3920722135007849,2.5505505505505504,0.032460823800230944,25.0,10.0,2.5,0.2857142857142856,0.22727272727272718,0.010460251046025102,0.16666666666666663,0.16705507651674043,0.5454545454545452
graph_0101_mu_0_2_node_220,20,0.16842105263157894,0.0014029009685587524,0.3768389287061486,2.6536536536536537,0.018627101606349495,10.0,10.0,1.0,0.5,0.29411764705882354,0.010351966873706004,0.33333333333333326,0.33372129112352583,0.29411764705882354
graph_0101_mu_0_2_node_221,24,0.33695652173913043,0.0009715607740014811,0.3881118881118881,2.5765765765765765,0.056505181451049775,17.0,7.0,2.4285714285714284,0.2916666666666667,0.15217391304347824,0.007337526205450736,0.17073170731707318,0.17100345699679678,0.3695652173913044
graph_0101_mu_0_2_node_222,28,0.42153846153846153,0.001491702075217885,0.36849870896348214,2.7137137137137137,0.013633415503169103,23.0,5.0,4.6,0.17857142857142852,0.20833333333333337,0.0051229508196721325,0.09803921568627454,0.09823342815471502,0.9166666666666664
graph_0101_mu_0_2_node_223,21,0.27485380116959063,0.0009210476574499865,0.36958934517203107,2.705705705705706,0.01774862711618752,15.0,6.0,2.5,0.2857142857142856,0.16666666666666663,0.006224066390041495,0.16666666666666663,0.16689956783893584,0.388888888888889
graph_0101_mu_0_2_node_224,44,0.2854122621564482,0.003854669411821541,0.4070904645476773,2.4564564564564564,0.08757771144767007,31.0,13.0,2.3846153846153846,0.29545454545454547,0.2826086956521739,0.013626834381551357,0.1733333333333333,0.17383844270894047,0.6739130434782611
graph_0101_mu_0_2_node_225,29,0.270935960591133,0.0019810692974947587,0.388715953307393,2.5725725725725725,0.022815768271190372,19.0,10.0,1.8999999999999995,0.3448275862068967,0.37037037037037035,0.01027749229188078,0.20833333333333337,0.20872156223309263,0.7037037037037039
graph_0101_mu_0_2_node_226,30,0.37471264367816093,0.0020683565510767332,0.388715953307393,2.5725725725725725,0.02870071425696683,20.0,10.0,2.0,0.33333333333333326,0.35714285714285704,0.0102880658436214,0.20000000000000004,0.20038825904643573,0.7142857142857141
graph_0101_mu_0_2_node_227,20,0.39215686274509803,0.0010070557445900654,0.3614327062228654,2.7667667667667666,0.009616004588544967,15.0,5.0,3.0,0.25,0.3125,0.005081300813008131,0.1428571428571428,0.14305123470140352,0.875
graph_0101_mu_0_2_node_228,27,0.301994301994302,0.002120564682807791,0.38173481085212074,2.6196196196196198,0.016813933818247334,18.0,9.0,2.0,0.33333333333333326,0.4090909090909091,0.009202453987730062,0.20000000000000004,0.20034939244535893,0.8181818181818182
graph_0101_mu_0_2_node_229,37,0.2987987987987988,0.002601858582470091,0.39737470167064437,2.5165165165165164,0.06008438154723745,27.0,10.0,2.7000000000000006,0.27027027027027023,0.22727272727272718,0.010460251046025102,0.15625,0.15663847020433536,0.6136363636363635
graph_0101_mu_0_2_node_230,14,0.4945054945054945,0.00038835068686950364,0.346875,2.8828828828828827,0.007756724906651883,12.0,2.0,6.0,0.1428571428571428,0.0869565217391304,0.0020470829068577273,0.0769230769230769,0.0770007046206394,0.5217391304347825
graph_0101_mu_0_2_node_231,19,0.23391812865497075,0.0013675819416138803,0.37276119402985075,2.6826826826826826,0.014399565759626351,11.0,8.0,1.375,0.4210526315789473,0.36363636363636365,0.0081799591002045,0.2666666666666666,0.266977081069895,0.5
graph_0101_mu_0_2_node_232,25,0.38735177865612647,0.001211461351836501,0.37096175269216486,2.695695695695696,0.019030932672395303,17.0,8.0,2.125,0.32,0.4000000000000001,0.008163265306122451,0.19047619047619055,0.19078674948240162,0.8000000000000002
graph_0101_mu_0_2_node_233,17,0.2761904761904762,0.0006780477894614172,0.35325318246110327,2.830830830830831,0.008347554168824198,12.0,5.0,2.399999999999999,0.29411764705882354,0.20833333333333337,0.0051229508196721325,0.17241379310344834,0.1726078397522626,0.4583333333333332
graph_0101_mu_0_2_node_234,18,0.2222222222222222,0.0013052455152419314,0.369179600886918,2.7087087087087087,0.011405232174240757,10.0,8.0,1.25,0.4444444444444446,0.3809523809523811,0.008171603677221655,0.2857142857142856,0.2860246760301078,0.4761904761904762
graph_0101_mu_0_2_node_235,25,0.28063241106719367,0.0014881304381430237,0.36782032400589104,2.7187187187187187,0.01079878991139982,17.0,8.0,2.125,0.32,0.3809523809523811,0.008171603677221655,0.19047619047619055,0.19078674948240162,0.7619047619047622
graph_0101_mu_0_2_node_236,19,0.17543859649122806,0.0013776302592773775,0.374578177727784,2.66966966966967,0.011102272603508512,9.0,10.0,0.9000000000000002,0.5263157894736842,0.5263157894736842,0.01019367991845056,0.35714285714285704,0.35753078483313566,0.4736842105263158
graph_0101_mu_0_2_node_237,23,0.4308300395256917,0.0008340641149834455,0.3601297764960346,2.7767767767767766,0.011674037917585428,19.0,4.0,4.75,0.1739130434782608,0.18181818181818182,0.00408997955010225,0.09523809523809527,0.09539342297962983,0.8636363636363634
graph_0101_mu_0_2_node_238,21,0.30994152046783624,0.0008124698866917612,0.3659340659340659,2.7327327327327327,0.010903097706570398,15.0,6.0,2.5,0.2857142857142856,0.2307692307692308,0.006160164271047226,0.16666666666666663,0.16689956783893584,0.5384615384615384
graph_0101_mu_0_2_node_239,20,0.23684210526315788,0.0013500599701013337,0.37528174305033807,2.664664664664665,0.013696622811171143,11.0,9.0,1.2222222222222217,0.4500000000000001,0.375,0.009221311475409834,0.29032258064516125,0.29067178329910154,0.4583333333333332
graph_0101_mu_0_2_node_240,21,0.38596491228070173,0.0008726155188768137,0.3651315789473684,2.7387387387387387,0.013022950789987761,16.0,5.0,3.2000000000000006,0.2380952380952381,0.20833333333333337,0.0051229508196721325,0.13513513513513511,0.13532924204922342,0.625
graph_0101_mu_0_2_node_241,30,0.3724137931034483,0.0017311095746670403,0.3801369863013699,2.630630630630631,0.020507732576991625,23.0,7.0,3.2857142857142847,0.23333333333333336,0.2592592592592592,0.0071942446043165445,0.1320754716981132,0.1323473480332202,0.8518518518518517
graph_0101_mu_0_2_node_242,45,0.3333333333333333,0.003421190600294354,0.39832535885167464,2.5105105105105103,0.03745108682200378,35.0,10.0,3.5,0.2222222222222223,0.2777777777777778,0.010373443983402487,0.125,0.1253887118090647,0.9444444444444444
graph_0101_mu_0_2_node_243,23,0.1541501976284585,0.0023432390327361072,0.3791271347248577,2.6376376376376376,0.012055006274387737,10.0,13.0,0.7692307692307695,0.5652173913043478,0.8125,0.013211382113821137,0.39393939393939387,0.3944436803740888,0.625
graph_0101_mu_0_2_node_244,37,0.27058823529411763,0.0036918211223093585,0.3953304313415117,2.5295295295295297,0.031599049818688295,22.0,15.0,1.4666666666666663,0.4054054054054053,0.5357142857142857,0.015432098765432105,0.2542372881355933,0.2548196540943617,0.75
graph_0101_mu_0_2_node_245,42,0.28846153846153844,0.0037569761992521976,0.40104375752709753,2.4934934934934936,0.039552675675200544,29.0,13.0,2.23076923076923,0.3095238095238094,0.361111111111111,0.013485477178423242,0.18309859154929584,0.18360362243387676,0.777777777777778
graph_0101_mu_0_2_node_246,19,0.30994152046783624,0.0011099140914079286,0.3635371179039301,2.750750750750751,0.011060282875842783,12.0,7.0,1.7142857142857142,0.36842105263157887,0.36842105263157887,0.007135575942915391,0.2258064516129031,0.22607809583658287,0.6315789473684211
graph_0101_mu_0_2_node_247,22,0.2,0.0014406211309733801,0.37373737373737376,2.675675675675676,0.014043684672141746,13.0,9.0,1.444444444444444,0.4090909090909091,0.375,0.009221311475409834,0.2571428571428571,0.25749211400187383,0.5
graph_0101_mu_0_2_node_248,32,0.30344827586206896,0.0024542317015894474,0.3842307692307692,2.6026026026026026,0.01991876726803785,21.0,11.0,1.9090909090909096,0.34375,0.4583333333333332,0.011270491803278687,0.20754716981132082,0.20797427134500351,0.8333333333333335
graph_0101_mu_0_2_node_249,26,0.19692307692307692,0.0024273113020330654,0.3768389287061486,2.6536536536536537,0.014287010120672943,14.0,12.0,1.1666666666666667,0.4615384615384616,0.4444444444444446,0.012332990750256935,0.2999999999999999,0.3004656577415599,0.5185185185185184
graph_0101_mu_0_2_node_250,20,0.4052631578947368,0.0009401590015668852,0.3635371179039301,2.750750750750751,0.012430406350205427,13.0,7.0,1.8571428571428577,0.3499999999999999,0.3499999999999999,0.007142857142857144,0.21212121212121207,0.2123928774295523,0.6500000000000002
graph_0101_mu_0_2_node_251,23,0.39920948616600793,0.0011448183774533792,0.3694526627218935,2.7067067067067065,0.014427122550537129,17.0,6.0,2.8333333333333335,0.26086956521739124,0.2222222222222223,0.0061664953751284675,0.14999999999999994,0.15023293733985557,0.6296296296296297
graph_0101_mu_0_2_node_252,35,0.39327731092436974,0.0018192759269697796,0.39346199291059475,2.5415415415415414,0.07723990281351949,27.0,8.0,3.375,0.22857142857142862,0.1739130434782608,0.008385744234800842,0.12903225806451607,0.1293430583753164,0.5869565217391305
graph_0101_mu_0_2_node_253,20,0.7210526315789474,0.00030613841565330584,0.3579362235757793,2.793793793793794,0.018249618288571277,18.0,2.0,9.0,0.10000000000000002,0.0714285714285714,0.0020576131687242804,0.05263157894736841,0.05270924281813572,0.6428571428571429
graph_0101_mu_0_2_node_254,30,0.2857142857142857,0.0022162201690935418,0.3870592793490895,2.5835835835835836,0.021901969203100242,20.0,10.0,2.0,0.33333333333333326,0.38461538461538475,0.010266940451745378,0.20000000000000004,0.20038825904643573,0.7307692307692305
graph_0101_mu_0_2_node_255,22,0.22077922077922077,0.0012908775386072028,0.3836405529953917,2.6066066066066065,0.02664321863769219,12.0,10.0,1.1999999999999995,0.45454545454545436,0.22727272727272718,0.010460251046025102,0.29411764705882354,0.29450566506285897,0.2727272727272726
graph_0101_mu_0_2_node_256,20,0.35947712418300654,0.0008845006934102015,0.3639344262295082,2.7477477477477477,0.012032048346541356,14.0,6.0,2.3333333333333335,0.2999999999999999,0.2400000000000001,0.006153846153846153,0.17647058823529405,0.17670347132798161,0.5199999999999998
graph_0101_mu_0_2_node_257,26,0.36923076923076925,0.0013859807165382486,0.38202676864244745,2.6176176176176176,0.05515936860033922,19.0,7.0,2.7142857142857153,0.2692307692307692,0.15217391304347824,0.007337526205450736,0.1555555555555555,0.15582734744062646,0.4130434782608694
graph_0101_mu_0_2_node_258,18,0.275,0.0009005883463055532,0.3576799140708915,2.795795795795796,0.006975703994850294,12.0,6.0,2.0,0.33333333333333326,0.375,0.006097560975609757,0.20000000000000004,0.2002328469419435,0.6875
graph_0101_mu_0_2_node_259,29,0.30049261083743845,0.002159227153737956,0.38408304498269896,2.6036036036036037,0.026120916043442848,20.0,9.0,2.2222222222222223,0.31034482758620696,0.25,0.009336099585062239,0.1836734693877551,0.18402291609713195,0.5555555555555556
graph_0101_mu_0_2_node_260,41,0.31585365853658537,0.0033015315252881306,0.40396279822078446,2.4754754754754753,0.06804348063894348,30.0,11.0,2.727272727272727,0.26829268292682934,0.25,0.011506276150627614,0.15492957746478872,0.15535697770568702,0.6818181818181818
graph_0101_mu_0_2_node_261,23,0.2924901185770751,0.0013822359063367065,0.3758465011286682,2.660660660660661,0.01783272297991835,16.0,7.0,2.2857142857142847,0.3043478260869565,0.28000000000000014,0.007179487179487177,0.1794871794871794,0.17975890806914444,0.64
graph_0101_mu_0_2_node_262,21,0.3904761904761905,0.0008888487110519953,0.36486486486486486,2.740740740740741,0.011741727257747175,16.0,5.0,3.2000000000000006,0.2380952380952381,0.20000000000000004,0.005128205128205127,0.13513513513513511,0.13532924204922342,0.64
graph_0101_mu_0_2_node_263,15,0.21904761904761905,0.0009454554613994005,0.3618254255704455,2.7637637637637638,0.010352491129057978,9.0,6.0,1.5,0.4000000000000001,0.42857142857142855,0.006085192697768763,0.25,0.2502327927368667,0.6428571428571429
graph_0101_mu_0_2_node_264,28,0.3230769230769231,0.001763744875183661,0.3755639097744361,2.6626626626626626,0.015980307891574296,19.0,9.0,2.111111111111111,0.32142857142857145,0.4500000000000001,0.009183673469387756,0.19148936170212763,0.19183878127738876,0.9000000000000002
graph_0101_mu_0_2_node_265,34,0.3084677419354839,0.0024424368334576593,0.3858632676709154,2.5915915915915915,0.023720755491829965,24.0,10.0,2.399999999999999,0.29411764705882354,0.2857142857142856,0.010362694300518137,0.17241379310344834,0.17280217278342347,0.6571428571428573
graph_0101_mu_0_2_node_266,29,0.3251231527093596,0.0022511417061632268,0.3855654187572366,2.5935935935935936,0.020108730068678846,19.0,10.0,1.8999999999999995,0.3448275862068967,0.41666666666666674,0.010245901639344265,0.20833333333333337,0.20872156223309263,0.7916666666666665
graph_0101_mu_0_2_node_267,25,0.1976284584980237,0.0020228590740483114,0.3765548435733132,2.655655655655656,0.013823270883708787,14.0,11.0,1.272727272727273,0.4400000000000001,0.5789473684210529,0.01121304791029562,0.282051282051282,0.28247815154563577,0.6842105263157895
graph_0101_mu_0_2_node_268,22,0.3333333333333333,0.0010752826210648945,0.37054896142433236,2.6986986986986987,0.015016154330702228,16.0,6.0,2.666666666666666,0.2727272727272726,0.2222222222222223,0.0061664953751284675,0.15789473684210528,0.1581276560967636,0.5925925925925926
graph_0101_mu_0_2_node_269,26,0.4461538461538462,0.0012917852808449423,0.3765548435733132,2.655655655655656,0.018978587717821994,19.0,7.0,2.7142857142857153,0.2692307692307692,0.3499999999999999,0.007142857142857144,0.1555555555555555,0.15582734744062646,0.9499999999999997
graph_0101_mu_0_2_node_270,38,0.3485064011379801,0.0025024659356972607,0.3914576802507837,2.5545545545545547,0.03312975412711874,29.0,9.0,3.2222222222222223,0.2368421052631579,0.25,0.009336099585062239,0.1343283582089552,0.13467804931514474,0.8055555555555556
graph_0101_mu_0_2_node_271,32,0.27586206896551724,0.002481585418185917,0.38202676864244745,2.6176176176176176,0.021349421127741533,22.0,10.0,2.1999999999999997,0.3125,0.4000000000000001,0.010256410256410255,0.18518518518518517,0.18557350453902183,0.84
graph_0101_mu_0_2_node_272,44,0.31010452961672474,0.0034464776000614904,0.40024038461538464,2.4984984984984986,0.041977908119421606,32.0,12.0,2.666666666666666,0.2727272727272726,0.33333333333333326,0.01244813278008299,0.15789473684210528,0.15836104600508033,0.8611111111111108
graph_0101_mu_0_2_node_273,28,0.3230769230769231,0.0016625766604157026,0.38188073394495414,2.6186186186186187,0.021586789694860286,19.0,9.0,2.111111111111111,0.32142857142857145,0.4090909090909091,0.009202453987730062,0.19148936170212763,0.19183878127738876,0.8181818181818182
graph_0101_mu_0_2_node_274,16,0.15,0.001476785855735742,0.36863468634686347,2.7127127127127126,0.010593656992737953,7.0,9.0,0.777777777777778,0.5625,0.6428571428571429,0.009127789046653149,0.3913043478260869,0.39165344212033476,0.5
graph_0101_mu_0_2_node_275,19,0.2867647058823529,0.0010762882821846753,0.3596112311015119,2.780780780780781,0.008190376464835673,13.0,6.0,2.166666666666667,0.31578947368421056,0.42857142857142855,0.006085192697768763,0.1875,0.18773286501591238,0.8571428571428571
graph_0101_mu_0_2_node_276,21,0.4142857142857143,0.0010338598980123058,0.3698630136986301,2.7037037037037037,0.015875341455072897,15.0,6.0,2.5,0.2857142857142856,0.2727272727272726,0.006134969325153376,0.16666666666666663,0.16689956783893584,0.6818181818181818
graph_0101_mu_0_2_node_277,31,0.3849462365591398,0.0015970927596991738,0.38275862068965516,2.6126126126126126,0.033630577193437254,24.0,7.0,3.4285714285714284,0.2258064516129031,0.18421052631578944,0.007276507276507276,0.12727272727272723,0.12754462472854391,0.6315789473684211
graph_0101_mu_0_2_node_278,23,0.30039525691699603,0.001583157751577759,0.36849870896348214,2.7137137137137137,0.012222745274648436,16.0,7.0,2.2857142857142847,0.3043478260869565,0.2916666666666667,0.00717213114754098,0.1794871794871794,0.17975890806914444,0.6666666666666665
graph_0101_mu_0_2_node_279,29,0.25071225071225073,0.002155385550764609,0.37984790874524715,2.6326326326326326,0.0181819345305509,19.0,10.0,1.8999999999999995,0.3448275862068967,0.37037037037037035,0.01027749229188078,0.20833333333333337,0.20872156223309263,0.6666666666666665
graph_0101_mu_0_2_node_280,37,0.2747747747747748,0.0034190401104515593,0.4026602176541717,2.4834834834834836,0.07280140205731127,24.0,13.0,1.8461538461538465,0.3513513513513515,0.27659574468085113,0.013641133263378801,0.21311475409836064,0.21361958886205915,0.5106382978723404
graph_0101_mu_0_2_node_281,17,0.17142857142857143,0.0010093105135571586,0.3636694575900983,2.74974974974975,0.00919811004165393,10.0,7.0,1.4285714285714282,0.41176470588235303,0.5,0.007099391480730219,0.2592592592592592,0.259530861323435,0.6428571428571429
graph_0101_mu_0_2_node_282,24,0.20346320346320346,0.0016220286553057207,0.3734579439252336,2.6776776776776776,0.014583754167896916,15.0,9.0,1.666666666666667,0.375,0.4736842105263158,0.009174311926605505,0.2307692307692308,0.23111854185015449,0.7368421052631577
graph_0101_mu_0_2_node_283,19,0.391812865497076,0.0007822179479046966,0.3635371179039301,2.750750750750751,0.011886119803610451,14.0,5.0,2.7999999999999994,0.2631578947368421,0.2631578947368421,0.00509683995922528,0.15151515151515152,0.15170922829192438,0.7368421052631577
graph_0101_mu_0_2_node_284,15,0.06666666666666667,0.001015240437104641,0.37303958177744584,2.680680680680681,0.014318515721893877,5.0,10.0,0.5,0.6666666666666665,0.7142857142857141,0.010141987829614606,0.5,0.5003878073373149,0.35714285714285704
graph_0101_mu_0_2_node_285,24,0.4166666666666667,0.000799186201356928,0.3754227733934611,2.6636636636636637,0.02378754534383208,20.0,4.0,5.0,0.16666666666666663,0.09090909090909091,0.00418410041841004,0.09090909090909091,0.09106443071491617,0.45454545454545436
graph_0101_mu_0_2_node_286,18,0.27450980392156865,0.0010737302907855254,0.3601297764960346,2.7767767767767766,0.011450210809753949,12.0,6.0,2.0,0.33333333333333326,0.31578947368421056,0.0061162079510703364,0.20000000000000004,0.2002328469419435,0.6315789473684211
graph_0101_mu_0_2_node_287,23,0.41106719367588934,0.0009129600473353884,0.3751408186256102,2.665665665665666,0.025365947671403998,17.0,6.0,2.8333333333333335,0.26086956521739124,0.16666666666666663,0.006224066390041495,0.14999999999999994,0.15023293733985557,0.4722222222222222
graph_0101_mu_0_2_node_288,24,0.40942028985507245,0.0012744049352318982,0.37179010048381095,2.68968968968969,0.013885837497187064,18.0,6.0,3.0,0.25,0.2999999999999999,0.006122448979591837,0.1428571428571428,0.14309009828500435,0.9000000000000002
graph_0101_mu_0_2_node_289,22,0.4155844155844156,0.0007221628532600494,0.369179600886918,2.7087087087087087,0.015392367886354263,17.0,5.0,3.399999999999999,0.22727272727272718,0.18518518518518517,0.00513874614594039,0.1282051282051282,0.1283992501913844,0.6296296296296297
graph_0101_mu_0_2_node_290,23,0.22529644268774704,0.0014805687661769813,0.36836283185840707,2.714714714714715,0.011160600153702823,15.0,8.0,1.875,0.3478260869565216,0.3076923076923076,0.008213552361396302,0.21052631578947364,0.21083682657972366,0.5769230769230768
graph_0101_mu_0_2_node_291,40,0.26600284495021337,0.0029285214098120024,0.39595719381688466,2.5255255255255253,0.03293173002799885,29.0,11.0,2.6363636363636362,0.27499999999999997,0.3235294117647059,0.011387163561076604,0.15942028985507245,0.15984765688564861,0.8235294117647061
graph_0101_mu_0_2_node_292,24,0.15942028985507245,0.0022523547714838033,0.3766968325791855,2.6546546546546548,0.012184083420401705,13.0,11.0,1.1818181818181819,0.4583333333333332,0.4230769230769231,0.011293634496919919,0.29729729729729737,0.2977241336637557,0.5
graph_0101_mu_0_2_node_293,47,0.24848484848484848,0.00422825986053236,0.40217391304347827,2.4864864864864864,0.08335561210929317,34.0,13.0,2.6153846153846154,0.27659574468085113,0.2826086956521739,0.013626834381551357,0.16049382716049382,0.16099905431839676,0.7173913043478262
graph_0101_mu_0_2_node_294,21,0.3523809523809524,0.0010895044582062596,0.3704115684093437,2.6996996996997,0.011830800784667224,16.0,5.0,3.2000000000000006,0.2380952380952381,0.18518518518518517,0.00513874614594039,0.13513513513513511,0.13532924204922342,0.5925925925925926
graph_0101_mu_0_2_node_295,23,0.25691699604743085,0.0013881899707725495,0.3734579439252336,2.6776776776776776,0.015541838590563836,15.0,8.0,1.875,0.3478260869565216,0.23529411764705885,0.008281573498964802,0.21052631578947364,0.21083682657972366,0.44117647058823545
graph_0101_mu_0_2_node_296,26,0.213768115942029,0.0022636031621785205,0.3852680293096799,2.5955955955955954,0.01787592977840233,14.0,12.0,1.1666666666666667,0.4615384615384616,0.6315789473684211,0.012232415902140673,0.2999999999999999,0.3004656577415599,0.6842105263157895
graph_0101_mu_0_2_node_297,34,0.39750445632798576,0.0023787756389194547,0.38601236476043277,2.5905905905905904,0.03021476430016422,24.0,10.0,2.399999999999999,0.29411764705882354,0.35714285714285704,0.0102880658436214,0.17241379310344834,0.17280217278342347,0.8571428571428571
graph_0101_mu_0_2_node_298,27,0.2222222222222222,0.0022350601005559816,0.3903868698710434,2.5615615615615615,0.02356551680813803,17.0,10.0,1.6999999999999995,0.37037037037037035,0.29411764705882354,0.010351966873706004,0.22727272727272718,0.22766089589317592,0.5
graph_0101_mu_0_2_node_299,21,0.40476190476190477,0.0008169777504365335,0.3653986832479883,2.7367367367367366,0.019006823255659493,16.0,5.0,3.2000000000000006,0.2380952380952381,0.1388888888888889,0.005186721991701244,0.13513513513513511,0.13532924204922342,0.4444444444444446
graph_0101_mu_0_2_node_300,33,0.4559139784946237,0.001199758659736108,0.3821729150726855,2.6166166166166165,0.07165360465261544,28.0,5.0,5.599999999999999,0.15151515151515152,0.10869565217391305,0.005241090146750523,0.08196721311475412,0.08216150104947337,0.5869565217391305
graph_0101_mu_0_2_node_301,32,0.20362903225806453,0.002997953100011849,0.39176470588235296,2.5525525525525525,0.023412796633607753,19.0,13.0,1.461538461538461,0.40625,0.37142857142857155,0.013471502590673581,0.2549019607843137,0.2554065995793916,0.5428571428571429
graph_0101_mu_0_2_node_302,37,0.3899159663865546,0.0020603119479462887,0.3928430987023201,2.5455455455455454,0.0753644160509415,29.0,8.0,3.625,0.21621621621621626,0.1739130434782608,0.008385744234800842,0.12121212121212116,0.1215229698288449,0.608695652173913
graph_0101_mu_0_2_node_303,31,0.32903225806451614,0.0019479545724921058,0.3863109048723898,2.5885885885885886,0.029528880469829506,23.0,8.0,2.875,0.25806451612903214,0.18181818181818182,0.00836820083682008,0.14814814814814814,0.14845885189212824,0.5227272727272725
graph_0101_mu_0_2_node_304,24,0.21645021645021645,0.0019969838546198115,0.3754227733934611,2.6636636636636637,0.013756983608719438,13.0,11.0,1.1818181818181819,0.4583333333333332,0.5499999999999999,0.011224489795918367,0.29729729729729737,0.2977241336637557,0.5999999999999998
graph_0101_mu_0_2_node_305,32,0.3264367816091954,0.0024426342734889207,0.3855654187572366,2.5935935935935936,0.019572753149946453,22.0,10.0,2.1999999999999997,0.3125,0.41666666666666674,0.010245901639344265,0.18518518518518517,0.18557350453902183,0.875
graph_0101_mu_0_2_node_306,21,0.2619047619047619,0.0012464605147882641,0.3723443906075289,2.685685685685686,0.011930086390574057,13.0,8.0,1.625,0.3809523809523811,0.2962962962962963,0.008221993833504625,0.23529411764705885,0.2356045802363167,0.4814814814814816
graph_0101_mu_0_2_node_307,16,0.125,0.0013515740818700415,0.3660681568340051,2.7317317317317316,0.007870694632321595,7.0,9.0,0.777777777777778,0.5625,0.5999999999999998,0.009137055837563452,0.3913043478260869,0.39165344212033476,0.46666666666666673
graph_0101_mu_0_2_node_308,22,0.23684210526315788,0.0012348753556011088,0.3675496688741722,2.720720720720721,0.011058698289613372,14.0,8.0,1.75,0.36363636363636365,0.2962962962962963,0.008221993833504625,0.2222222222222223,0.22253270891010546,0.4814814814814816
graph_0101_mu_0_2_node_309,29,0.4188034188034188,0.0017792535924468947,0.37641296156744536,2.6566566566566565,0.01876185152549479,21.0,8.0,2.625,0.2758620689655173,0.4000000000000001,0.008163265306122451,0.16,0.16031065548306928,1.0
graph_0101_mu_0_2_node_310,23,0.17391304347826086,0.0018223571323238048,0.3757051523128996,2.6616616616616615,0.014027704016195354,14.0,9.0,1.555555555555556,0.3913043478260869,0.3913043478260869,0.009211873080859774,0.24324324324324328,0.24359252721110905,0.608695652173913
graph_0101_mu_0_2_node_311,33,0.375,0.0015153377320273886,0.390539483971853,2.5605605605605604,0.06053948753836327,25.0,8.0,3.125,0.24242424242424232,0.18181818181818182,0.00836820083682008,0.13793103448275865,0.1382417865026468,0.5681818181818182
graph_0101_mu_0_2_node_312,43,0.29878048780487804,0.0031462087360646577,0.3996,2.5025025025025025,0.06997194047890316,32.0,11.0,2.909090909090909,0.2558139534883721,0.25,0.011506276150627614,0.1466666666666667,0.14709413334369617,0.7045454545454548
graph_0101_mu_0_2_node_313,15,0.1619047619047619,0.0009029559384560838,0.36130198915009043,2.7677677677677677,0.008131138183768013,8.0,7.0,1.1428571428571423,0.46666666666666673,0.4375,0.00711382113821138,0.3043478260869565,0.30461938600471267,0.5
graph_0101_mu_0_2_node_314,37,0.3078078078078078,0.0023778813871611825,0.3882627283326856,2.5755755755755754,0.032949859699432676,29.0,8.0,3.625,0.21621621621621626,0.18181818181818182,0.00836820083682008,0.12121212121212116,0.1215229698288449,0.6590909090909091
graph_0101_mu_0_2_node_315,49,0.23214285714285715,0.005147666572600848,0.4124690338563171,2.4244244244244246,0.04421121100205056,35.0,14.0,2.5,0.2857142857142856,0.31818181818181823,0.01464435146443515,0.16666666666666663,0.16721077859826397,0.7954545454545452
graph_0101_mu_0_2_node_316,34,0.2281639928698752,0.00240349217356999,0.39627132090440303,2.5235235235235236,0.03594890787352809,24.0,10.0,2.399999999999999,0.29411764705882354,0.22727272727272718,0.010460251046025102,0.17241379310344834,0.17280217278342347,0.5454545454545452
graph_0101_mu_0_2_node_317,15,0.2,0.0009653870502482414,0.35987031700288186,2.7787787787787788,0.008310891355590978,8.0,7.0,1.1428571428571423,0.46666666666666673,0.5,0.007099391480730219,0.3043478260869565,0.30461938600471267,0.5714285714285712
graph_0101_mu_0_2_node_318,23,0.2608695652173913,0.001670005571248753,0.37220566318926973,2.6866866866866865,0.013580742321699039,14.0,9.0,1.555555555555556,0.3913043478260869,0.34615384615384615,0.009240246406570842,0.24324324324324328,0.24359252721110905,0.5384615384615384
graph_0101_mu_0_2_node_319,19,0.33088235294117646,0.0010490691956345287,0.3594818279956819,2.7817817817817816,0.0078060956831275995,13.0,6.0,2.166666666666667,0.31578947368421056,0.375,0.006097560975609757,0.1875,0.18773286501591238,0.75
graph_0101_mu_0_2_node_320,26,0.3569230769230769,0.001623761262816332,0.37471867966991745,2.6686686686686687,0.017714099111460147,19.0,7.0,2.7142857142857153,0.2692307692307692,0.2592592592592592,0.0071942446043165445,0.1555555555555555,0.15582734744062646,0.7037037037037039
graph_0101_mu_0_2_node_321,24,0.42391304347826086,0.0009134624796910552,0.37826580840590684,2.6436436436436437,0.04823532157375677,18.0,6.0,3.0,0.25,0.1363636363636363,0.006276150627615064,0.1428571428571428,0.14309009828500435,0.4090909090909091
graph_0101_mu_0_2_node_322,23,0.1976284584980237,0.0019261235596139624,0.3765548435733132,2.655655655655656,0.018576293396457798,12.0,11.0,1.0909090909090904,0.4782608695652175,0.5238095238095238,0.011235955056179775,0.3142857142857142,0.31471251752941887,0.5714285714285712
graph_0101_mu_0_2_node_323,31,0.3053763440860215,0.0018684264621017955,0.38962558502340094,2.5665665665665665,0.03804434998687654,21.0,10.0,2.100000000000001,0.3225806451612903,0.2631578947368421,0.010395010395010396,0.19230769230769237,0.19269598150548678,0.5526315789473684
graph_0101_mu_0_2_node_324,18,0.19607843137254902,0.0012212178936905332,0.3660681568340051,2.7317317317317316,0.012519084680410911,10.0,8.0,1.25,0.4444444444444446,0.4705882352941177,0.008138351983723298,0.2857142857142856,0.2860246760301078,0.5882352941176471
graph_0101_mu_0_2_node_325,21,0.2222222222222222,0.0011490790702334212,0.3627450980392157,2.7567567567567566,0.009545808800093281,15.0,6.0,2.5,0.2857142857142856,0.2307692307692308,0.006160164271047226,0.16666666666666663,0.16689956783893584,0.5384615384615384
graph_0101_mu_0_2_node_326,28,0.2275132275132275,0.0020343671784482887,0.3867595818815331,2.5855855855855854,0.02420150573403154,16.0,12.0,1.333333333333333,0.42857142857142855,0.5454545454545452,0.012269938650306752,0.2727272727272726,0.2731930027590976,0.7272727272727273
graph_0101_mu_0_2_node_327,23,0.20476190476190476,0.0015162752982805306,0.37096175269216486,2.695695695695696,0.014550711890033697,13.0,10.0,1.3000000000000005,0.4347826086956522,0.5,0.01020408163265306,0.2777777777777778,0.27816582589574435,0.5999999999999998
graph_0101_mu_0_2_node_328,26,0.27076923076923076,0.0020500069812365374,0.38202676864244745,2.6176176176176176,0.018676385406816435,16.0,10.0,1.6000000000000003,0.38461538461538475,0.5263157894736842,0.01019367991845056,0.2380952380952381,0.23848337658305052,0.8421052631578946
graph_0101_mu_0_2_node_329,17,0.3382352941176471,0.0009172686054662414,0.3538788522848034,2.825825825825826,0.0066751808038907,12.0,5.0,2.399999999999999,0.29411764705882354,0.2380952380952381,0.005107252298263534,0.17241379310344834,0.1726078397522626,0.5714285714285712
graph_0101_mu_0_2_node_330,16,0.075,0.001037557173390241,0.3649981731823164,2.73973973973974,0.010189387971702463,7.0,9.0,0.777777777777778,0.5625,0.34615384615384615,0.009240246406570842,0.3913043478260869,0.39165344212033476,0.2692307692307692
graph_0101_mu_0_2_node_331,41,0.31585365853658537,0.003128877661839532,0.39800796812749006,2.5125125125125125,0.04555338669740976,29.0,12.0,2.4166666666666665,0.2926829268292682,0.33333333333333326,0.01244813278008299,0.17142857142857137,0.17189477189477195,0.8055555555555556
graph_0101_mu_0_2_node_332,24,0.2597402597402597,0.0013950170693697388,0.3710995542347697,2.694694694694695,0.013017527078132135,16.0,8.0,2.0,0.33333333333333326,0.32,0.008205128205128202,0.20000000000000004,0.20031053489635905,0.5999999999999998
graph_0101_mu_0_2_node_333,20,0.32105263157894737,0.0010148525375592895,0.36931608133086874,2.7077077077077076,0.010822933334095706,14.0,6.0,2.3333333333333335,0.2999999999999999,0.2307692307692308,0.006160164271047226,0.17647058823529405,0.17670347132798161,0.5384615384615384
graph_0101_mu_0_2_node_334,27,0.39,0.0015228382477648881,0.3726221559119731,2.6836836836836837,0.01529686442446202,20.0,7.0,2.8571428571428563,0.2592592592592592,0.31818181818181823,0.007157464212678935,0.148936170212766,0.14920798320542697,0.8636363636363634
graph_0101_mu_0_2_node_335,19,0.4444444444444444,0.0005801535897467325,0.3594818279956819,2.7817817817817816,0.009546502140548373,16.0,3.0,5.333333333333332,0.15789473684210528,0.11111111111111115,0.0030832476875642337,0.08571428571428569,0.08583075890603942,0.5925925925925926
graph_0101_mu_0_2_node_336,21,0.24761904761904763,0.0009899395296144818,0.3702742772424018,2.700700700700701,0.01923654413367691,15.0,6.0,2.5,0.2857142857142856,0.1363636363636363,0.006276150627615064,0.16666666666666663,0.16689956783893584,0.3409090909090909
graph_0101_mu_0_2_node_337,17,0.22857142857142856,0.0007744023670618758,0.3527542372881356,2.834834834834835,0.006501920552974751,12.0,5.0,2.399999999999999,0.29411764705882354,0.19230769230769237,0.005133470225872689,0.17241379310344834,0.1726078397522626,0.4230769230769231
graph_0101_mu_0_2_node_338,28,0.25846153846153846,0.00222471789671794,0.37276119402985075,2.6826826826826826,0.012527197941315555,18.0,10.0,1.8000000000000005,0.35714285714285704,0.45454545454545436,0.010224948875255628,0.2173913043478261,0.21777950310559016,0.7727272727272727
graph_0101_mu_0_2_node_339,26,0.31384615384615383,0.0017577829661191765,0.3870592793490895,2.5835835835835836,0.026179743337200214,17.0,9.0,1.8888888888888888,0.34615384615384615,0.25,0.009336099585062239,0.2093023255813953,0.20965169090106456,0.4722222222222222
graph_0101_mu_0_2_node_340,18,0.24183006535947713,0.0009916954357626984,0.36768494663231505,2.71971971971972,0.015956291409494016,11.0,7.0,1.5714285714285718,0.388888888888889,0.15909090909090912,0.007322175732217575,0.2413793103448275,0.2416509334871194,0.25
graph_0101_mu_0_2_node_341,21,0.2573099415204678,0.0011806880835099076,0.3716517857142857,2.690690690690691,0.017804309787567366,13.0,8.0,1.625,0.3809523809523811,0.4210526315789473,0.00815494393476045,0.23529411764705885,0.2356045802363167,0.6315789473684211
graph_0101_mu_0_2_node_342,21,0.34285714285714286,0.0009567139769965644,0.3754227733934611,2.6636636636636637,0.017797375868399065,14.0,7.0,2.0,0.33333333333333326,0.31818181818181823,0.007157464212678935,0.20000000000000004,0.20027168639627393,0.6363636363636365
graph_0101_mu_0_2_node_343,20,0.30718954248366015,0.0006122351270121006,0.3698630136986301,2.7037037037037037,0.01685906928273423,15.0,5.0,3.0,0.25,0.1428571428571428,0.005181347150259068,0.1428571428571428,0.14305123470140352,0.4000000000000001
graph_0101_mu_0_2_node_344,15,0.2692307692307692,0.0006212403443730596,0.344364012409514,2.903903903903904,0.005096902449650755,10.0,5.0,2.0,0.33333333333333326,0.29411764705882354,0.005086469989827062,0.20000000000000004,0.2001940165302084,0.5294117647058824
graph_0101_mu_0_2_node_345,50,0.32358156028368795,0.004177504467901687,0.40942622950819674,2.4424424424424425,0.08061419082096359,38.0,12.0,3.166666666666666,0.2400000000000001,0.2727272727272726,0.012552301255230129,0.1363636363636363,0.13683016307229043,0.8409090909090913
graph_0101_mu_0_2_node_346,24,0.322463768115942,0.0014710934451362741,0.37,2.7027027027027026,0.014136407164591351,16.0,8.0,2.0,0.33333333333333326,0.36363636363636365,0.0081799591002045,0.20000000000000004,0.20031053489635905,0.7272727272727273
graph_0101_mu_0_2_node_347,21,0.3619047619047619,0.0010373304510644054,0.3649981731823164,2.73973973973974,0.011970152972349291,15.0,6.0,2.5,0.2857142857142856,0.2857142857142856,0.0061287027579162425,0.16666666666666663,0.16689956783893584,0.7142857142857141
graph_0101_mu_0_2_node_348,20,0.42483660130718953,0.0006432248299763005,0.3671444321940463,2.7237237237237237,0.01830625872764326,15.0,5.0,3.0,0.25,0.1388888888888889,0.005186721991701244,0.1428571428571428,0.14305123470140352,0.388888888888889
graph_0101_mu_0_2_node_349,32,0.34022988505747126,0.0020087207757271608,0.38408304498269896,2.6036036036036037,0.02944639275758428,23.0,9.0,2.5555555555555567,0.28125,0.25,0.009336099585062239,0.16363636363636364,0.1639858917733787,0.6111111111111108
graph_0101_mu_0_2_node_350,17,0.3047619047619048,0.0009050823607070314,0.35844994617868675,2.78978978978979,0.009728543832811772,11.0,6.0,1.8333333333333328,0.3529411764705881,0.375,0.006097560975609757,0.21428571428571427,0.21451854315649432,0.625
graph_0101_mu_0_2_node_351,21,0.319047619047619,0.001094061617200696,0.37429748969651555,2.6716716716716715,0.017925429473153096,14.0,7.0,2.0,0.33333333333333326,0.28000000000000014,0.007179487179487177,0.20000000000000004,0.20027168639627393,0.5600000000000003
graph_0101_mu_0_2_node_352,19,0.3742690058479532,0.0009950530311389038,0.35844994617868675,2.78978978978979,0.010202069689054393,15.0,4.0,3.75,0.21052631578947364,0.1739130434782608,0.004094165813715455,0.11764705882352942,0.11780233832663495,0.6521739130434784
graph_0101_mu_0_2_node_353,17,0.3014705882352941,0.0009984374623381628,0.35589597434983966,2.80980980980981,0.007923430401206294,11.0,6.0,1.8333333333333328,0.3529411764705881,0.2857142857142856,0.0061287027579162425,0.21428571428571427,0.21451854315649432,0.5238095238095238
graph_0101_mu_0_2_node_354,24,0.3442028985507246,0.0019092077095932808,0.3724832214765101,2.684684684684685,0.013606811169419803,15.0,9.0,1.666666666666667,0.375,0.4500000000000001,0.009183673469387756,0.2307692307692308,0.23111854185015449,0.75
graph_0101_mu_0_2_node_355,24,0.16666666666666666,0.0021721664170808687,0.3943939992104224,2.5355355355355353,0.023345014538531522,11.0,13.0,0.8461538461538461,0.5416666666666667,0.37142857142857155,0.013471502590673581,0.37142857142857155,0.3719328969901187,0.3142857142857142
graph_0101_mu_0_2_node_356,26,0.27384615384615385,0.0016013065703996121,0.38349328214971207,2.6076076076076076,0.025297009475308368,18.0,8.0,2.25,0.3076923076923076,0.18181818181818182,0.00836820083682008,0.18181818181818182,0.1821287649379893,0.4090909090909091
graph_0101_mu_0_2_node_357,22,0.19473684210526315,0.0013385065568678207,0.3689069423929099,2.710710710710711,0.017678029832200987,14.0,8.0,1.75,0.36363636363636365,0.3076923076923076,0.008213552361396302,0.2222222222222223,0.22253270891010546,0.5
graph_0101_mu_0_2_node_358,32,0.24367816091954023,0.002834974539513652,0.38601236476043277,2.5905905905905904,0.020033380786684193,21.0,11.0,1.9090909090909096,0.34375,0.4400000000000001,0.011282051282051285,0.20754716981132082,0.20797427134500351,0.8000000000000002
graph_0101_mu_0_2_node_359,16,0.15833333333333333,0.0012651541927026573,0.36130198915009043,2.7677677677677677,0.006896774394133163,9.0,7.0,1.2857142857142858,0.4375,0.4375,0.00711382113821138,0.28000000000000014,0.28027158098933075,0.5625
graph_0101_mu_0_2_node_360,26,0.24923076923076923,0.0020659815830031437,0.38467462456680784,2.5995995995995997,0.01760046344128036,15.0,11.0,1.3636363636363635,0.4230769230769231,0.4400000000000001,0.011282051282051285,0.26829268292682934,0.268719585554221,0.5999999999999998
graph_0101_mu_0_2_node_361,24,0.30735930735930733,0.0016891412999310894,0.3734579439252336,2.6776776776776776,0.01312897594896057,17.0,7.0,2.4285714285714284,0.2916666666666667,0.31818181818181823,0.007157464212678935,0.17073170731707318,0.17100345699679678,0.7272727272727273
graph_0101_mu_0_2_node_362,19,0.30409356725146197,0.001144940932172565,0.37429748969651555,2.6716716716716715,0.016074724803116402,12.0,7.0,1.7142857142857142,0.36842105263157887,0.33333333333333326,0.007150153217568952,0.2258064516129031,0.22607809583658287,0.5714285714285712
graph_0101_mu_0_2_node_363,17,0.5514705882352942,0.0004940803577395165,0.3556425774296903,2.8118118118118116,0.009812593304702777,14.0,3.0,4.666666666666667,0.17647058823529405,0.125,0.0030737704918032795,0.09677419354838708,0.09689064865494348,0.5833333333333334
graph_0101_mu_0_2_node_364,16,0.44166666666666665,0.0005093216703443407,0.3616944243301955,2.764764764764765,0.013884344159611957,12.0,4.0,3.0,0.25,0.11764705882352942,0.004140786749482401,0.1428571428571428,0.14301238620108456,0.3529411764705881
graph_0101_mu_0_2_node_365,22,0.36796536796536794,0.0012422076820459435,0.36849870896348214,2.7137137137137137,0.013719991561098682,15.0,7.0,2.142857142857143,0.31818181818181823,0.3499999999999999,0.007142857142857144,0.1891891891891892,0.1894608966766712,0.75
graph_0101_mu_0_2_node_366,50,0.25443262411347517,0.0051868200670390305,0.4062627084180561,2.4614614614614614,0.04743585173384944,34.0,16.0,2.125,0.32,0.4210526315789473,0.016632016632016633,0.19047619047619055,0.19109793602682382,0.8684210526315789
graph_0101_mu_0_2_node_367,29,0.26354679802955666,0.0021820353954781105,0.38349328214971207,2.6076076076076076,0.020630810814046958,20.0,9.0,2.2222222222222223,0.31034482758620696,0.2571428571428571,0.00932642487046632,0.1836734693877551,0.18402291609713195,0.5714285714285712
graph_0101_mu_0_2_node_368,22,0.3116883116883117,0.001493736846890239,0.364067055393586,2.7467467467467466,0.00841361693298635,15.0,7.0,2.142857142857143,0.31818181818181823,0.31818181818181823,0.007157464212678935,0.1891891891891892,0.1894608966766712,0.6818181818181818
graph_0101_mu_0_2_node_369,19,0.5321637426900585,0.00048221080131585374,0.3627450980392157,2.7567567567567566,0.01703051198191627,16.0,3.0,5.333333333333332,0.15789473684210528,0.08333333333333331,0.0031120331950207475,0.08571428571428569,0.08583075890603942,0.4444444444444446
graph_0101_mu_0_2_node_370,16,0.0989010989010989,0.0008256878965308136,0.3624818577648766,2.7587587587587588,0.01059315216391836,7.0,9.0,0.777777777777778,0.5625,0.5625,0.009146341463414632,0.3913043478260869,0.39165344212033476,0.375
graph_0101_mu_0_2_node_371,17,0.5073529411764706,0.000448347638673458,0.36,2.7777777777777777,0.013763159755118763,14.0,3.0,4.666666666666667,0.17647058823529405,0.11111111111111115,0.0030832476875642337,0.09677419354838708,0.09689064865494348,0.5185185185185184
graph_0101_mu_0_2_node_372,31,0.22167487684729065,0.0022707585680523403,0.38202676864244745,2.6176176176176176,0.01931213692282964,21.0,10.0,2.100000000000001,0.3225806451612903,0.37037037037037035,0.01027749229188078,0.19230769230769237,0.19269598150548678,0.7407407407407407
graph_0101_mu_0_2_node_373,22,0.5281385281385281,0.0005296182605476873,0.36836283185840707,2.714714714714715,0.042884578320680856,19.0,3.0,6.333333333333332,0.1363636363636363,0.06818181818181815,0.003138075313807532,0.07317073170731705,0.07328723203740137,0.4318181818181817
graph_0101_mu_0_2_node_374,30,0.3201058201058201,0.0020666936253622716,0.3823191733639495,2.6156156156156154,0.01997507067239664,21.0,9.0,2.3333333333333335,0.2999999999999999,0.33333333333333326,0.009249743062692701,0.17647058823529405,0.1768200620830012,0.7407407407407407
graph_0101_mu_0_2_node_375,16,0.2916666666666667,0.000531202239385877,0.3601297764960346,2.7767767767767766,0.013808297318859169,12.0,4.0,3.0,0.25,0.09090909090909091,0.00418410041841004,0.1428571428571428,0.14301238620108456,0.2727272727272726
graph_0101_mu_0_2_node_376,23,0.22380952380952382,0.0014780279308975624,0.36931608133086874,2.7077077077077076,0.013716474375007512,14.0,9.0,1.555555555555556,0.3913043478260869,0.4090909090909091,0.009202453987730062,0.24324324324324328,0.24359252721110905,0.5909090909090909
graph_0101_mu_0_2_node_377,37,0.28739495798319326,0.0027436614913059687,0.38796116504854367,2.5775775775775776,0.03196549784476376,25.0,12.0,2.083333333333333,0.3243243243243245,0.33333333333333326,0.01244813278008299,0.19354838709677416,0.19401444271274437,0.6666666666666665
graph_0101_mu_0_2_node_378,19,0.25735294117647056,0.0009450397410394312,0.3605196679898953,2.7737737737737738,0.013000789729084342,12.0,7.0,1.7142857142857142,0.36842105263157887,0.33333333333333326,0.007150153217568952,0.2258064516129031,0.22607809583658287,0.5238095238095238
graph_0101_mu_0_2_node_379,20,0.2789473684210526,0.0011233813376030535,0.3735976065818998,2.6766766766766765,0.019414927038123826,13.0,7.0,1.8571428571428577,0.3499999999999999,0.1944444444444445,0.007261410788381744,0.21212121212121207,0.2123928774295523,0.361111111111111
graph_0101_mu_0_2_node_380,17,0.1619047619047619,0.0008489987769975617,0.3639344262295082,2.7477477477477477,0.008679063064131316,11.0,6.0,1.8333333333333328,0.3529411764705881,0.2307692307692308,0.006160164271047226,0.21428571428571427,0.21451854315649432,0.38461538461538475
graph_0101_mu_0_2_node_381,25,0.25691699604743085,0.0017924841662477521,0.37429748969651555,2.6716716716716715,0.015305772370803898,15.0,10.0,1.5,0.4000000000000001,0.4761904761904762,0.010214504596527068,0.25,0.2503881083598541,0.6666666666666665
graph_0101_mu_0_2_node_382,17,0.3897058823529412,0.0006109204608542478,0.36433260393873085,2.744744744744745,0.015502197915095342,13.0,4.0,3.25,0.23529411764705885,0.11428571428571431,0.004145077720207253,0.1333333333333333,0.13348858872845826,0.37142857142857155
graph_0101_mu_0_2_node_383,30,0.28735632183908044,0.0020791164417518536,0.3908450704225352,2.5585585585585586,0.026065359738102756,20.0,10.0,2.0,0.33333333333333326,0.2857142857142856,0.010362694300518137,0.20000000000000004,0.20038825904643573,0.5714285714285712
graph_0101_mu_0_2_node_384,31,0.34838709677419355,0.002045331570789731,0.37970353477765106,2.6336336336336337,0.017413158530853283,23.0,8.0,2.875,0.25806451612903214,0.3076923076923076,0.008213552361396302,0.14814814814814814,0.14845885189212824,0.884615384615385
graph_0101_mu_0_2_node_385,28,0.3253968253968254,0.0013608708528921063,0.3792710706150342,2.6366366366366365,0.027045239355026708,22.0,6.0,3.6666666666666656,0.21428571428571427,0.1363636363636363,0.006276150627615064,0.12000000000000005,0.12023302780798509,0.5
graph_0101_mu_0_2_node_386,27,0.3789173789173789,0.0013130494754365995,0.3769811320754717,2.6526526526526526,0.022424056322994344,20.0,7.0,2.8571428571428563,0.2592592592592592,0.1944444444444445,0.007261410788381744,0.148936170212766,0.14920798320542697,0.5555555555555556
graph_0101_mu_0_2_node_387,22,0.1736842105263158,0.0018576144202040747,0.36580007323324787,2.7337337337337337,0.008437673202664243,13.0,9.0,1.444444444444444,0.4090909090909091,0.6428571428571429,0.009127789046653149,0.2571428571428571,0.25749211400187383,0.8571428571428571
graph_0101_mu_0_2_node_388,25,0.3438735177865613,0.0015375435546849023,0.3689069423929099,2.710710710710711,0.0120518374929939,19.0,6.0,3.166666666666666,0.2400000000000001,0.2727272727272726,0.006134969325153376,0.1363636363636363,0.13659660988231306,0.8181818181818182
graph_0101_mu_0_2_node_389,32,0.33064516129032256,0.0022383558018132612,0.3837879369957741,2.6056056056056054,0.025239746344833842,24.0,8.0,3.0,0.25,0.2222222222222223,0.00829875518672199,0.1428571428571428,0.14316787073720189,0.6666666666666665
graph_0101_mu_0_2_node_390,31,0.43596059113300495,0.0012747738196296344,0.38202676864244745,2.6176176176176176,0.03581188057843941,26.0,5.0,5.200000000000002,0.16129032258064516,0.13157894736842105,0.005197505197505198,0.08771929824561406,0.08791355598678499,0.6578947368421054
graph_0101_mu_0_2_node_391,26,0.2923076923076923,0.001484259715038378,0.3784090909090909,2.6426426426426426,0.022390437202867323,18.0,8.0,2.25,0.3076923076923076,0.23529411764705885,0.008281573498964802,0.18181818181818182,0.1821287649379893,0.5294117647058824
graph_0101_mu_0_2_node_392,25,0.2966666666666667,0.0019142602599176199,0.38261202604366146,2.6136136136136137,0.02332171299396203,15.0,10.0,1.5,0.4000000000000001,0.45454545454545436,0.010224948875255628,0.25,0.2503881083598541,0.6818181818181818
graph_0101_mu_0_2_node_393,22,0.48947368421052634,0.0007457241522116082,0.3610408384531984,2.76976976976977,0.011982153391247799,17.0,5.0,3.399999999999999,0.22727272727272718,0.25,0.00510204081632653,0.1282051282051282,0.1283992501913844,0.8000000000000002
graph_0101_mu_0_2_node_394,49,0.2303422756706753,0.005543159246609578,0.41607663473552686,2.4034034034034035,0.03902455263042647,32.0,17.0,1.8823529411764708,0.34693877551020413,0.4857142857142857,0.01761658031088082,0.20987654320987656,0.21053701952985784,0.885714285714286
graph_0101_mu_0_2_node_395,23,0.22924901185770752,0.0015974239953017945,0.3768389287061486,2.6536536536536537,0.015978267591088592,15.0,8.0,1.875,0.3478260869565216,0.23529411764705885,0.008281573498964802,0.21052631578947364,0.21083682657972366,0.44117647058823545
graph_0101_mu_0_2_node_396,24,0.31521739130434784,0.0013640768066624297,0.37612951807228917,2.6586586586586587,0.018851816547576745,17.0,7.0,2.4285714285714284,0.2916666666666667,0.20000000000000004,0.007253886010362697,0.17073170731707318,0.17100345699679678,0.4857142857142857
graph_0101_mu_0_2_node_397,29,0.2792022792022792,0.0016837472091262738,0.3854166666666667,2.5945945945945947,0.04565449157294906,20.0,9.0,2.2222222222222223,0.31034482758620696,0.20454545454545456,0.009414225941422593,0.1836734693877551,0.18402291609713195,0.4318181818181817
graph_0101_mu_0_2_node_398,27,0.3162393162393162,0.0019765627105763485,0.38202676864244745,2.6176176176176176,0.018094073130783588,18.0,9.0,2.0,0.33333333333333326,0.33333333333333326,0.009249743062692701,0.20000000000000004,0.20034939244535893,0.6666666666666665
graph_0101_mu_0_2_node_399,26,0.4057971014492754,0.0012241327762876153,0.3697261287934863,2.704704704704705,0.014336852317039787,21.0,5.0,4.200000000000002,0.19230769230769237,0.2380952380952381,0.005107252298263534,0.1063829787234043,0.10657716102174593,0.9523809523809524
graph_0101_mu_0_2_node_400,52,0.26621417797888386,0.005190341381943438,0.41729323308270677,2.3963963963963963,0.09646107668438723,36.0,16.0,2.25,0.3076923076923076,0.3478260869565216,0.016771488469601685,0.18181818181818182,0.1824400240257216,0.7826086956521738
graph_0101_mu_0_2_node_401,24,0.33766233766233766,0.0013166125984012335,0.3659340659340659,2.7327327327327327,0.010847519131200665,17.0,7.0,2.4285714285714284,0.2916666666666667,0.36842105263157887,0.007135575942915391,0.17073170731707318,0.17100345699679678,0.8421052631578946
graph_0101_mu_0_2_node_402,28,0.27692307692307694,0.0020744476853321045,0.37220566318926973,2.6866866866866865,0.01378737654971737,19.0,9.0,2.111111111111111,0.32142857142857145,0.375,0.009221311475409834,0.19148936170212763,0.19183878127738876,0.75
graph_0101_mu_0_2_node_403,31,0.41625615763546797,0.0016761159061490498,0.3765548435733132,2.655655655655656,0.017643239642036748,24.0,7.0,3.4285714285714284,0.2258064516129031,0.2916666666666667,0.00717213114754098,0.12727272727272723,0.12754462472854391,0.9583333333333336
graph_0101_mu_0_2_node_404,36,0.26916221033868093,0.002158180599204912,0.392226148409894,2.5495495495495497,0.036474713620953815,28.0,8.0,3.5,0.2222222222222223,0.18181818181818182,0.00836820083682008,0.125,0.12531082446188518,0.6136363636363635
graph_0101_mu_0_2_node_405,22,0.3203463203463203,0.001645669033035616,0.3716517857142857,2.690690690690691,0.012703832148083603,15.0,7.0,2.142857142857143,0.31818181818181823,0.33333333333333326,0.007150153217568952,0.1891891891891892,0.1894608966766712,0.7142857142857141
graph_0101_mu_0_2_node_406,27,0.32,0.001536192869787414,0.38057142857142856,2.6276276276276276,0.018685626716492723,19.0,8.0,2.375,0.2962962962962963,0.4210526315789473,0.00815494393476045,0.1739130434782608,0.17422365071540954,0.9473684210526316
graph_0101_mu_0_2_node_407,22,0.3157894736842105,0.0014348190503905088,0.37054896142433236,2.6986986986986987,0.010059024091873616,15.0,7.0,2.142857142857143,0.31818181818181823,0.4375,0.00711382113821138,0.1891891891891892,0.1894608966766712,0.875
graph_0101_mu_0_2_node_408,30,0.3724137931034483,0.0013783328692254298,0.38766006984866125,2.5795795795795797,0.06621243768939494,24.0,6.0,4.0,0.20000000000000004,0.1276595744680851,0.006295907660020986,0.11111111111111115,0.11134417512602718,0.5106382978723404
graph_0101_mu_0_2_node_409,14,0.25274725274725274,0.0007883779546827164,0.35551601423487544,2.8128128128128127,0.009085901372359657,8.0,6.0,1.333333333333333,0.42857142857142855,0.42857142857142855,0.006085192697768763,0.2727272727272726,0.27296004740138813,0.5714285714285712
graph_0101_mu_0_2_node_410,54,0.3220211161387632,0.004598184192992587,0.4134933774834437,2.4184184184184185,0.11391527359139926,41.0,13.0,3.1538461538461537,0.2407407407407408,0.27659574468085113,0.013641133263378801,0.13684210526315793,0.13734760746014826,0.8510638297872344
graph_0101_mu_0_2_node_411,26,0.39855072463768115,0.0013768578184163445,0.37276119402985075,2.6826826826826826,0.017782009010897337,20.0,6.0,3.333333333333334,0.2307692307692308,0.2999999999999999,0.006122448979591837,0.13043478260869562,0.13066777422099762,0.9499999999999997
graph_0101_mu_0_2_node_412,40,0.30641025641025643,0.0031649255586487356,0.3978494623655914,2.5135135135135136,0.07632585826837142,27.0,13.0,2.076923076923077,0.3250000000000001,0.2826086956521739,0.013626834381551357,0.1940298507462686,0.19453480316421384,0.5869565217391305
graph_0101_mu_0_2_node_413,19,0.391812865497076,0.0008572468546413519,0.36,2.7777777777777777,0.00998427138010353,14.0,5.0,2.7999999999999994,0.2631578947368421,0.3125,0.005081300813008131,0.15151515151515152,0.15170922829192438,0.875
graph_0101_mu_0_2_node_414,39,0.2897897897897898,0.0026870315865471397,0.3997599039615846,2.5015015015015014,0.08199688353188501,28.0,11.0,2.545454545454546,0.282051282051282,0.23404255319148948,0.011542497376705143,0.16417910447761194,0.16460643830302665,0.5744680851063831
graph_0101_mu_0_2_node_415,26,0.28307692307692306,0.0018343420913330894,0.3794151158374478,2.635635635635636,0.018337433364188888,18.0,8.0,2.25,0.3076923076923076,0.2962962962962963,0.008221993833504625,0.18181818181818182,0.1821287649379893,0.6666666666666665
graph_0101_mu_0_2_node_416,17,0.44761904761904764,0.0005815019393765954,0.3480836236933798,2.8728728728728727,0.006841845638285121,13.0,4.0,3.25,0.23529411764705885,0.25,0.0040650406504065045,0.1333333333333333,0.13348858872845826,0.75
graph_0101_mu_0_2_node_417,17,0.25735294117647056,0.000998288810083162,0.355136864557412,2.815815815815816,0.006270889036432405,11.0,6.0,1.8333333333333328,0.3529411764705881,0.42857142857142855,0.006085192697768763,0.21428571428571427,0.21451854315649432,0.7857142857142859
graph_0101_mu_0_2_node_418,23,0.2761904761904762,0.001710909121341105,0.3671444321940463,2.7237237237237237,0.01174106114820471,14.0,9.0,1.555555555555556,0.3913043478260869,0.4500000000000001,0.009183673469387756,0.24324324324324328,0.24359252721110905,0.6500000000000002
graph_0101_mu_0_2_node_419,14,0.24175824175824176,0.0007227173626825276,0.35163674762407604,2.843843843843844,0.0063459294965395145,9.0,5.0,1.8000000000000005,0.35714285714285704,0.35714285714285704,0.005070993914807303,0.2173913043478261,0.21758530582223734,0.6428571428571429
graph_0101_mu_0_2_node_420,30,0.25517241379310346,0.0022771553305161924,0.38962558502340094,2.5665665665665665,0.024220347207843555,20.0,10.0,2.0,0.33333333333333326,0.2857142857142856,0.010362694300518137,0.20000000000000004,0.20038825904643573,0.5714285714285712
graph_0101_mu_0_2_node_421,23,0.5019762845849802,0.0005715649964623256,0.37,2.7027027027027026,0.053888810908710484,19.0,4.0,4.75,0.1739130434782608,0.0869565217391304,0.004192872117400421,0.09523809523809527,0.09539342297962983,0.4130434782608694
graph_0101_mu_0_2_node_422,27,0.2966666666666667,0.001781828990281561,0.374578177727784,2.66966966966967,0.015334233063201488,18.0,9.0,2.0,0.33333333333333326,0.4090909090909091,0.009202453987730062,0.20000000000000004,0.20034939244535893,0.7727272727272727
graph_0101_mu_0_2_node_423,39,0.3535762483130904,0.0024027397317179138,0.39737470167064437,2.5165165165165164,0.06923583747378759,29.0,10.0,2.899999999999999,0.2564102564102564,0.22727272727272718,0.010460251046025102,0.14705882352941177,0.14744735410676815,0.6590909090909091
graph_0101_mu_0_2_node_424,43,0.3001107419712071,0.003739957907449776,0.40445344129554656,2.4724724724724725,0.08402375992103858,31.0,12.0,2.5833333333333335,0.2790697674418605,0.2553191489361702,0.012591815320041971,0.16216216216216225,0.1626284350872476,0.6595744680851062
graph_0101_mu_0_2_node_425,30,0.31264367816091954,0.001866106953570328,0.3836405529953917,2.6066066066066065,0.02658666448910023,23.0,7.0,3.2857142857142847,0.23333333333333336,0.15909090909090912,0.007322175732217575,0.1320754716981132,0.1323473480332202,0.5227272727272725
graph_0101_mu_0_2_node_426,30,0.3386243386243386,0.0018863497062007121,0.38886726352666406,2.5715715715715715,0.050590064568789124,21.0,9.0,2.3333333333333335,0.2999999999999999,0.20454545454545456,0.009414225941422593,0.17647058823529405,0.1768200620830012,0.45454545454545436
graph_0101_mu_0_2_node_427,28,0.3439153439153439,0.0017196749268126742,0.38571428571428573,2.5925925925925926,0.04905254121543282,19.0,9.0,2.111111111111111,0.32142857142857145,0.20454545454545456,0.009414225941422593,0.19148936170212763,0.19183878127738876,0.4318181818181817
graph_0101_mu_0_2_node_428,31,0.3956989247311828,0.0014788000836487712,0.38202676864244745,2.6176176176176176,0.06364890752503972,25.0,6.0,4.166666666666666,0.19354838709677416,0.13043478260869562,0.006289308176100628,0.10714285714285714,0.10737593926545831,0.5434782608695653
graph_0101_mu_0_2_node_429,19,0.27205882352941174,0.0009562299931040173,0.35653104925053536,2.804804804804805,0.007063191808214435,12.0,7.0,1.7142857142857142,0.36842105263157887,0.4375,0.00711382113821138,0.2258064516129031,0.22607809583658287,0.6875
graph_0101_mu_0_2_node_430,50,0.2783687943262411,0.004615072237668439,0.4107730263157895,2.4344344344344346,0.07832579354318422,35.0,15.0,2.3333333333333335,0.2999999999999999,0.3409090909090909,0.015690376569037656,0.17647058823529405,0.17705354264825912,0.7727272727272727
graph_0101_mu_0_2_node_431,16,0.37362637362637363,0.00045760786627687197,0.3502805049088359,2.854854854854855,0.010100175000511077,13.0,3.0,4.333333333333334,0.1875,0.20000000000000004,0.0030456852791878176,0.10344827586206896,0.10356472192813265,0.8000000000000002
graph_0101_mu_0_2_node_432,17,0.3382352941176471,0.0008616227401722405,0.3607800650054171,2.7717717717717716,0.010196512610848711,11.0,6.0,1.8333333333333328,0.3529411764705881,0.375,0.006097560975609757,0.21428571428571427,0.21451854315649432,0.6875
graph_0101_mu_0_2_node_433,31,0.2645161290322581,0.0027050864776275935,0.39423835832675613,2.5365365365365364,0.04996541528382319,20.0,11.0,1.8181818181818175,0.3548387096774193,0.25,0.011506276150627614,0.21568627450980402,0.21611334287956743,0.45454545454545436
graph_0101_mu_0_2_node_434,29,0.3768472906403941,0.0016997889287086267,0.38100686498855835,2.6246246246246248,0.02769139165844875,22.0,7.0,3.1428571428571437,0.2413793103448275,0.1944444444444445,0.007261410788381744,0.13725490196078427,0.13752675717846266,0.6111111111111108
graph_0101_mu_0_2_node_435,27,0.2336182336182336,0.0019099686296311748,0.38616157711635096,2.5895895895895897,0.028116295052629477,17.0,10.0,1.6999999999999995,0.37037037037037035,0.22727272727272718,0.010460251046025102,0.22727272727272718,0.22766089589317592,0.38636363636363635
graph_0101_mu_0_2_node_436,20,0.34210526315789475,0.0007939903260689726,0.3710995542347697,2.694694694694695,0.020275767470534195,15.0,5.0,3.0,0.25,0.11363636363636359,0.005230125523012551,0.1428571428571428,0.14305123470140352,0.3409090909090909
graph_0101_mu_0_2_node_437,29,0.3669950738916256,0.0013751170757588798,0.3893219017926734,2.5685685685685686,0.055804030593449704,22.0,7.0,3.1428571428571437,0.2413793103448275,0.15909090909090912,0.007322175732217575,0.13725490196078427,0.13752675717846266,0.5
graph_0101_mu_0_2_node_438,17,0.42857142857142855,0.0006394278321144011,0.354004252303331,2.824824824824825,0.010474378151257225,13.0,4.0,3.25,0.23529411764705885,0.25,0.0040650406504065045,0.1333333333333333,0.13348858872845826,0.75
graph_0101_mu_0_2_node_439,52,0.2922448979591837,0.0045022173118968185,0.4124690338563171,2.4244244244244246,0.10220846120236061,39.0,13.0,3.0,0.25,0.2826086956521739,0.013626834381551357,0.1428571428571428,0.14336256644098483,0.8260869565217388
graph_0101_mu_0_2_node_440,30,0.36772486772486773,0.0016193971935892348,0.3906922174423152,2.5595595595595597,0.05523414197203355,22.0,8.0,2.75,0.2666666666666666,0.18181818181818182,0.00836820083682008,0.1538461538461538,0.15415683345780434,0.4772727272727274
graph_0101_mu_0_2_node_441,23,0.20476190476190476,0.0017159141963170883,0.3731789316398954,2.67967967967968,0.012988595839992323,14.0,9.0,1.555555555555556,0.3913043478260869,0.3913043478260869,0.009211873080859774,0.24324324324324328,0.24359252721110905,0.5652173913043478
graph_0101_mu_0_2_node_442,24,0.21014492753623187,0.0018493620509406926,0.3821729150726855,2.6166166166166165,0.020007226824471428,14.0,10.0,1.3999999999999997,0.41666666666666674,0.37037037037037035,0.01027749229188078,0.2631578947368421,0.2635459729734146,0.5185185185185184
graph_0101_mu_0_2_node_443,29,0.37606837606837606,0.0018814346444042329,0.37970353477765106,2.6336336336336337,0.018857226480739578,20.0,9.0,2.2222222222222223,0.31034482758620696,0.4500000000000001,0.009183673469387756,0.1836734693877551,0.18402291609713195,0.9499999999999997
graph_0101_mu_0_2_node_444,38,0.30440967283072545,0.0031361988382047727,0.4036363636363636,2.4774774774774775,0.04301182996504945,26.0,12.0,2.166666666666667,0.31578947368421056,0.31578947368421056,0.012474012474012476,0.1875,0.18796609182008858,0.6842105263157895
graph_0101_mu_0_2_node_445,30,0.3701149425287356,0.0012663549770437408,0.388715953307393,2.5725725725725725,0.06611818884928156,22.0,8.0,2.75,0.2666666666666666,0.1739130434782608,0.008385744234800842,0.1538461538461538,0.15415683345780434,0.4782608695652175
graph_0101_mu_0_2_node_446,32,0.21839080459770116,0.0026929621410464277,0.38796116504854367,2.5775775775775776,0.02568872534300143,19.0,13.0,1.461538461538461,0.40625,0.37142857142857155,0.013471502590673581,0.2549019607843137,0.2554065995793916,0.5142857142857142
graph_0101_mu_0_2_node_447,18,0.29411764705882354,0.0009430047911849115,0.36633663366336633,2.72972972972973,0.014039708395227191,11.0,7.0,1.5714285714285718,0.388888888888889,0.36842105263157887,0.007135575942915391,0.2413793103448275,0.2416509334871194,0.5789473684210529
graph_0101_mu_0_2_node_448,29,0.3732193732193732,0.0018486334456720484,0.3801369863013699,2.630630630630631,0.018167979966135332,20.0,9.0,2.2222222222222223,0.31034482758620696,0.4500000000000001,0.009183673469387756,0.1836734693877551,0.18402291609713195,0.9499999999999997
graph_0101_mu_0_2_node_449,25,0.3675889328063241,0.0013851754400047373,0.3672794117647059,2.7227227227227226,0.012184200324042006,18.0,7.0,2.5714285714285716,0.28000000000000014,0.3499999999999999,0.007142857142857144,0.1627906976744186,0.1630624684551773,0.8499999999999998
graph_0101_mu_0_2_node_450,22,0.21578947368421053,0.001541636983350111,0.3659340659340659,2.7327327327327327,0.009728111932893479,13.0,9.0,1.444444444444444,0.4090909090909091,0.5294117647058824,0.00915564598168871,0.2571428571428571,0.25749211400187383,0.7058823529411762
graph_0101_mu_0_2_node_451,17,0.17142857142857143,0.0010264141101948999,0.3653986832479883,2.7367367367367366,0.014070049587242875,10.0,7.0,1.4285714285714282,0.41176470588235303,0.4375,0.00711382113821138,0.2592592592592592,0.259530861323435,0.5625
graph_0101_mu_0_2_node_452,23,0.34782608695652173,0.001140362658819665,0.378839590443686,2.6396396396396398,0.04727072721892842,16.0,7.0,2.2857142857142847,0.3043478260869565,0.15217391304347824,0.007337526205450736,0.1794871794871794,0.17975890806914444,0.3478260869565216
graph_0101_mu_0_2_node_453,21,0.3523809523809524,0.0009494960126210044,0.3734579439252336,2.6776776776776776,0.025253554437360427,15.0,6.0,2.5,0.2857142857142856,0.15789473684210528,0.006237006237006238,0.16666666666666663,0.16689956783893584,0.3947368421052631
graph_0101_mu_0_2_node_454,28,0.29894179894179895,0.0018658493124061534,0.3867595818815331,2.5855855855855854,0.04947361364045607,19.0,9.0,2.111111111111111,0.32142857142857145,0.20454545454545456,0.009414225941422593,0.19148936170212763,0.19183878127738876,0.4318181818181817
graph_0101_mu_0_2_node_455,23,0.3794466403162055,0.0011904848055237025,0.3765548435733132,2.655655655655656,0.018191148019973024,16.0,7.0,2.2857142857142847,0.3043478260869565,0.2916666666666667,0.00717213114754098,0.1794871794871794,0.17975890806914444,0.6666666666666665
graph_0101_mu_0_2_node_456,26,0.3230769230769231,0.0019133942484897354,0.3754227733934611,2.6636636636636637,0.0157960940052253,17.0,9.0,1.8888888888888888,0.34615384615384615,0.4090909090909091,0.009202453987730062,0.2093023255813953,0.20965169090106456,0.7727272727272727
graph_0101_mu_0_2_node_457,21,0.48095238095238096,0.0004992711425727694,0.3651315789473684,2.7387387387387387,0.02054652296122068,18.0,3.0,6.0,0.1428571428571428,0.08333333333333331,0.0031120331950207475,0.0769230769230769,0.07703956820564593,0.5
graph_0101_mu_0_2_node_458,28,0.36615384615384616,0.0014887631870251486,0.36958934517203107,2.705705705705706,0.012927361958729488,22.0,6.0,3.6666666666666656,0.21428571428571427,0.2727272727272726,0.006134969325153376,0.12000000000000005,0.12023302780798509,0.9545454545454548
graph_0101_mu_0_2_node_459,18,0.36666666666666664,0.0010454514548664372,0.3566583363084613,2.803803803803804,0.007740844210644333,13.0,5.0,2.600000000000001,0.2777777777777778,0.35714285714285704,0.005070993914807303,0.16129032258064516,0.1614843842922695,0.8571428571428571
graph_0101_mu_0_2_node_460,20,0.3105263157894737,0.001180226879030506,0.36958934517203107,2.705705705705706,0.010696014093952502,13.0,7.0,1.8571428571428577,0.3499999999999999,0.2692307692307692,0.007186858316221764,0.21212121212121207,0.2123928774295523,0.5
graph_0101_mu_0_2_node_461,27,0.2733333333333333,0.0019740250338681907,0.3716517857142857,2.690690690690691,0.013344681712037575,19.0,8.0,2.375,0.2962962962962963,0.3478260869565216,0.00818833162743091,0.1739130434782608,0.17422365071540954,0.7826086956521738
graph_0101_mu_0_2_node_462,21,0.36257309941520466,0.0009688187903794091,0.3659340659340659,2.7327327327327327,0.012417156257469484,15.0,6.0,2.5,0.2857142857142856,0.2857142857142856,0.0061287027579162425,0.16666666666666663,0.16689956783893584,0.6666666666666665
graph_0101_mu_0_2_node_463,36,0.35294117647058826,0.002113658961362892,0.38275862068965516,2.6126126126126126,0.03238040647905572,28.0,8.0,3.5,0.2222222222222223,0.2222222222222223,0.00829875518672199,0.125,0.12531082446188518,0.75
graph_0101_mu_0_2_node_464,14,0.1978021978021978,0.0007368917851263825,0.35488454706927175,2.8178178178178177,0.007022913994776985,8.0,6.0,1.333333333333333,0.42857142857142855,0.31578947368421056,0.0061162079510703364,0.2727272727272726,0.27296004740138813,0.4210526315789473
graph_0101_mu_0_2_node_465,49,0.2967687074829932,0.003915771724694995,0.41128036228900783,2.4314314314314314,0.1000401627897692,36.0,13.0,2.769230769230769,0.2653061224489796,0.27659574468085113,0.013641133263378801,0.1529411764705882,0.15344648218054277,0.7659574468085105
graph_0101_mu_0_2_node_466,21,0.42105263157894735,0.0006941451707848957,0.3614327062228654,2.7667667667667666,0.011204194601943985,17.0,4.0,4.25,0.19047619047619055,0.1538461538461538,0.004106776180698151,0.10526315789473682,0.10541846151331116,0.6153846153846152
graph_0101_mu_0_2_node_467,16,0.225,0.000876803475523049,0.3647316538882804,2.7417417417417416,0.01038863010505973,9.0,7.0,1.2857142857142858,0.4375,0.3043478260869565,0.00716479017400205,0.28000000000000014,0.28027158098933075,0.3913043478260869
graph_0101_mu_0_2_node_468,27,0.25925925925925924,0.002118603108924409,0.3852680293096799,2.5955955955955954,0.026869495614896585,16.0,11.0,1.4545454545454546,0.4074074074074074,0.3055555555555554,0.011410788381742733,0.2558139534883721,0.25624088925394556,0.4444444444444446
graph_0101_mu_0_2_node_469,38,0.28253968253968254,0.0022858024681965635,0.39880239520958083,2.5075075075075075,0.07575703206566506,29.0,9.0,3.2222222222222223,0.2368421052631579,0.19148936170212763,0.00944386149003148,0.1343283582089552,0.13467804931514474,0.595744680851064
graph_0101_mu_0_2_node_470,15,0.18095238095238095,0.0009488384199506346,0.3566583363084613,2.803803803803804,0.006168368549864191,8.0,7.0,1.1428571428571423,0.46666666666666673,0.5,0.007099391480730219,0.3043478260869565,0.30461938600471267,0.5714285714285712
graph_0101_mu_0_2_node_471,18,0.2833333333333333,0.0007461535164484911,0.35627674750356636,2.8068068068068066,0.008847386730194152,13.0,5.0,2.600000000000001,0.2777777777777778,0.35714285714285704,0.005070993914807303,0.16129032258064516,0.1614843842922695,0.8571428571428571
graph_0101_mu_0_2_node_472,27,0.2962962962962963,0.0017704928403305695,0.38158899923605805,2.6206206206206204,0.024206254865068156,18.0,9.0,2.0,0.33333333333333326,0.33333333333333326,0.009249743062692701,0.20000000000000004,0.20034939244535893,0.6666666666666665
graph_0101_mu_0_2_node_473,20,0.28421052631578947,0.001238651872880468,0.3653986832479883,2.7367367367367366,0.011550145811486952,12.0,8.0,1.5,0.4000000000000001,0.4210526315789473,0.00815494393476045,0.25,0.2503104384943732,0.6315789473684211
graph_0101_mu_0_2_node_474,16,0.25,0.0009771026445379422,0.3624818577648766,2.7587587587587588,0.010083264776007935,9.0,7.0,1.2857142857142858,0.4375,0.5,0.007099391480730219,0.28000000000000014,0.28027158098933075,0.6428571428571429
graph_0101_mu_0_2_node_475,23,0.3238095238095238,0.001051411964402532,0.36433260393873085,2.744744744744745,0.012206565431089278,17.0,6.0,2.8333333333333335,0.26086956521739124,0.26086956521739124,0.006141248720573185,0.14999999999999994,0.15023293733985557,0.6956521739130432
graph_0101_mu_0_2_node_476,19,0.2867647058823529,0.0011024534774577528,0.3607800650054171,2.7717717717717716,0.008480947969059863,12.0,7.0,1.7142857142857142,0.36842105263157887,0.4375,0.00711382113821138,0.2258064516129031,0.22607809583658287,0.6875
graph_0101_mu_0_2_node_477,22,0.2813852813852814,0.001591316730691288,0.37429748969651555,2.6716716716716715,0.012910153957080709,14.0,8.0,1.75,0.36363636363636365,0.36363636363636365,0.0081799591002045,0.2222222222222223,0.22253270891010546,0.6363636363636365
graph_0101_mu_0_2_node_478,23,0.3675889328063241,0.0012444258297295231,0.35987031700288186,2.7787787787787788,0.010736132239660419,18.0,5.0,3.600000000000001,0.2173913043478261,0.2173913043478261,0.00511770726714432,0.12195121951219516,0.12214535657296001,0.7826086956521738
graph_0101_mu_0_2_node_479,39,0.2732732732732733,0.0034828636474413966,0.39737470167064437,2.5165165165165164,0.03530102983125179,26.0,13.0,2.0,0.33333333333333326,0.361111111111111,0.013485477178423242,0.20000000000000004,0.20050491319377006,0.6944444444444444
graph_0101_mu_0_2_node_480,19,0.4093567251461988,0.0008032233009853903,0.3510189739985945,2.848848848848849,0.008286668628314908,15.0,4.0,3.75,0.21052631578947364,0.16666666666666663,0.004098360655737703,0.11764705882352942,0.11780233832663495,0.625
graph_0101_mu_0_2_node_481,34,0.3326612903225806,0.002028374185192381,0.3843786071565987,2.6016016016016015,0.02815284492143365,25.0,9.0,2.7777777777777777,0.2647058823529412,0.25,0.009336099585062239,0.15254237288135597,0.15289195532454875,0.6666666666666665
graph_0101_mu_0_2_node_482,16,0.25833333333333336,0.0008545188541944718,0.35896514552641035,2.785785785785786,0.007720321628929101,10.0,6.0,1.666666666666667,0.375,0.31578947368421056,0.0061162079510703364,0.2307692307692308,0.23100204157165202,0.5263157894736842
graph_0101_mu_0_2_node_483,26,0.35507246376811596,0.0013218827336631933,0.3724832214765101,2.684684684684685,0.014293029316070925,19.0,7.0,2.7142857142857153,0.2692307692307692,0.3499999999999999,0.007142857142857144,0.1555555555555555,0.15582734744062646,0.9000000000000002
graph_0101_mu_0_2_node_484,29,0.34472934472934474,0.0011770647608317678,0.37429748969651555,2.6716716716716715,0.02698049807136912,23.0,6.0,3.8333333333333344,0.20689655172413793,0.1363636363636363,0.006276150627615064,0.1153846153846154,0.11561766129465971,0.5
graph_0101_mu_0_2_node_485,22,0.2736842105263158,0.0013419862326001612,0.3729003359462486,2.6816816816816815,0.01443182373066698,14.0,8.0,1.75,0.36363636363636365,0.36363636363636365,0.0081799591002045,0.2222222222222223,0.22253270891010546,0.5909090909090909
graph_0101_mu_0_2_node_486,24,0.31601731601731603,0.0012625230597950086,0.36380189366351057,2.7487487487487487,0.01047555074039245,18.0,6.0,3.0,0.25,0.2857142857142856,0.0061287027579162425,0.1428571428571428,0.14309009828500435,0.8095238095238098
graph_0101_mu_0_2_node_487,15,0.47619047619047616,0.0004396627657006151,0.35755189692197564,2.7967967967967966,0.015100865916422256,12.0,3.0,4.0,0.20000000000000004,0.08333333333333331,0.0031120331950207475,0.11111111111111115,0.11122754813808572,0.33333333333333326
graph_0101_mu_0_2_node_488,15,0.3238095238095238,0.0008533692061005099,0.36700955180014694,2.724724724724725,0.011927560278863453,9.0,6.0,1.5,0.4000000000000001,0.31578947368421056,0.0061162079510703364,0.25,0.2502327927368667,0.4736842105263158
graph_0101_mu_0_2_node_489,26,0.3230769230769231,0.0019944421977673454,0.37276119402985075,2.6826826826826826,0.011528910906238025,18.0,8.0,2.25,0.3076923076923076,0.36363636363636365,0.0081799591002045,0.18181818181818182,0.1821287649379893,0.8181818181818182
graph_0101_mu_0_2_node_490,46,0.273784355179704,0.003914096397516401,0.4018503620273532,2.4884884884884886,0.04374487792941135,35.0,11.0,3.1818181818181808,0.23913043478260876,0.25,0.011506276150627614,0.13580246913580243,0.13623003550576399,0.7727272727272727
graph_0101_mu_0_2_node_491,24,0.1774891774891775,0.0019102321609648437,0.3786959818043973,2.640640640640641,0.012466386097130907,14.0,10.0,1.3999999999999997,0.41666666666666674,0.5263157894736842,0.01019367991845056,0.2631578947368421,0.2635459729734146,0.6842105263157895
graph_0101_mu_0_2_node_492,40,0.27311522048364156,0.0030891252426614555,0.40314769975786924,2.4804804804804803,0.0794522973075987,29.0,11.0,2.6363636363636362,0.27499999999999997,0.23404255319148948,0.011542497376705143,0.15942028985507245,0.15984765688564861,0.595744680851064
graph_0101_mu_0_2_node_493,24,0.2536231884057971,0.0017833306211011927,0.37528174305033807,2.664664664664665,0.013329851471378548,14.0,10.0,1.3999999999999997,0.41666666666666674,0.5,0.01020408163265306,0.2631578947368421,0.2635459729734146,0.6999999999999998
graph_0101_mu_0_2_node_494,16,0.15,0.0010706847331928377,0.3660681568340051,2.7317317317317316,0.01059118346615517,7.0,9.0,0.777777777777778,0.5625,0.3913043478260869,0.009211873080859774,0.3913043478260869,0.39165344212033476,0.3043478260869565
graph_0101_mu_0_2_node_495,39,0.22941970310391363,0.004005129453230851,0.40298507462686567,2.4814814814814814,0.02999821508507298,25.0,14.0,1.7857142857142854,0.3589743589743588,0.4000000000000001,0.014507772020725394,0.21875,0.21929368932038829,0.7142857142857141
graph_0101_mu_0_2_node_496,43,0.375609756097561,0.0024212531989773506,0.39928057553956836,2.5045045045045047,0.0771929265757812,34.0,9.0,3.7777777777777777,0.2093023255813953,0.20454545454545456,0.009414225941422593,0.11688311688311685,0.11723294391308542,0.75
graph_0101_mu_0_2_node_497,28,0.2676923076923077,0.002259221091316646,0.38290532771176694,2.6116116116116115,0.01623756951208268,18.0,10.0,1.8000000000000005,0.35714285714285704,0.4761904761904762,0.010214504596527068,0.2173913043478261,0.21777950310559016,0.8095238095238098
graph_0101_mu_0_2_node_498,26,0.20923076923076922,0.0023322538061939517,0.38086160884483417,2.625625625625626,0.017452661380842775,14.0,12.0,1.1666666666666667,0.4615384615384616,0.3529411764705881,0.012422360248447204,0.2999999999999999,0.3004656577415599,0.41176470588235303
graph_0101_mu_0_2_node_499,22,0.23376623376623376,0.0013696904190616049,0.37984790874524715,2.6326326326326326,0.04148555348615191,13.0,9.0,1.444444444444444,0.4090909090909091,0.19148936170212763,0.00944386149003148,0.2571428571428571,0.25749211400187383,0.27659574468085113
graph_0101_mu_0_2_node_500,22,0.48484848484848486,0.000707737059634875,0.3741573033707865,2.6726726726726726,0.053942010533802674,18.0,4.0,4.5,0.18181818181818182,0.08510638297872337,0.004197271773347325,0.10000000000000002,0.10015531567911778,0.38297872340425526
graph_0101_mu_0_2_node_501,23,0.4743083003952569,0.0007406114985664741,0.37331838565022424,2.6786786786786787,0.04521228361271483,19.0,4.0,4.75,0.1739130434782608,0.09090909090909091,0.00418410041841004,0.09523809523809527,0.09539342297962983,0.4318181818181817
graph_0101_mu_0_2_node_502,23,0.39920948616600793,0.0011543788369328572,0.37303958177744584,2.680680680680681,0.01636508599331007,16.0,7.0,2.2857142857142847,0.3043478260869565,0.2916666666666667,0.00717213114754098,0.1794871794871794,0.17975890806914444,0.6666666666666665
graph_0101_mu_0_2_node_503,26,0.3323076923076923,0.0017965598485955305,0.37612951807228917,2.6586586586586587,0.016963681496754077,18.0,8.0,2.25,0.3076923076923076,0.23529411764705885,0.008281573498964802,0.18181818181818182,0.1821287649379893,0.5294117647058824
graph_0101_mu_0_2_node_504,33,0.2731182795698925,0.0020550883704099653,0.3837879369957741,2.6056056056056054,0.020966170217427797,24.0,9.0,2.666666666666666,0.2727272727272726,0.33333333333333326,0.009249743062692701,0.15789473684210528,0.15824429213009994,0.8518518518518517
graph_0101_mu_0_2_node_505,28,0.3723076923076923,0.0015981045953628596,0.37054896142433236,2.6986986986986987,0.014690922121957831,21.0,7.0,3.0,0.25,0.2916666666666667,0.00717213114754098,0.1428571428571428,0.14312897696067278,0.8333333333333335
graph_0101_mu_0_2_node_506,16,0.3333333333333333,0.0007354729281289015,0.36038961038961037,2.774774774774775,0.010561362104740646,10.0,6.0,1.666666666666667,0.375,0.2999999999999999,0.006122448979591837,0.2307692307692308,0.23100204157165202,0.5
graph_0101_mu_0_2_node_507,32,0.3125,0.00226231535020817,0.3882627283326856,2.5755755755755754,0.02459155039952302,21.0,11.0,1.9090909090909096,0.34375,0.4074074074074074,0.011305241521068855,0.20754716981132082,0.20797427134500351,0.777777777777778
graph_0101_mu_0_2_node_508,19,0.47368421052631576,0.0006912195917427117,0.3697261287934863,2.704704704704705,0.02332366887336659,14.0,5.0,2.7999999999999994,0.2631578947368421,0.1388888888888889,0.005186721991701244,0.15151515151515152,0.15170922829192438,0.388888888888889
graph_0101_mu_0_2_node_509,33,0.2878787878787879,0.0025846264755232883,0.39737470167064437,2.5165165165165164,0.05511280764201405,20.0,13.0,1.538461538461539,0.39393939393939387,0.29545454545454547,0.013598326359832632,0.24528301886792456,0.24578769684455407,0.45454545454545436
graph_0101_mu_0_2_node_510,29,0.27832512315270935,0.0028163613421091833,0.39658594680428744,2.5215215215215214,0.023590385102753852,17.0,12.0,1.4166666666666667,0.41379310344827586,0.5454545454545452,0.012269938650306752,0.26086956521739124,0.2613353314027663,0.7727272727272727
graph_0101_mu_0_2_node_511,26,0.2463768115942029,0.0016551814992099966,0.3794151158374478,2.635635635635636,0.0162313406218256,15.0,11.0,1.3636363636363635,0.4230769230769231,0.5,0.011247443762781187,0.26829268292682934,0.268719585554221,0.6363636363636365
graph_0101_mu_0_2_node_512,27,0.4985754985754986,0.0010233685589319248,0.375,2.6666666666666665,0.025007110862959352,21.0,6.0,3.5,0.2222222222222223,0.21428571428571427,0.006172839506172838,0.125,0.1252330097087379,0.75
graph_0101_mu_0_2_node_513,21,0.5380116959064327,0.0005957525661033192,0.3547585227272727,2.818818818818819,0.009453183723678867,18.0,3.0,6.0,0.1428571428571428,0.125,0.0030737704918032795,0.0769230769230769,0.07703956820564593,0.7083333333333334
graph_0101_mu_0_2_node_514,30,0.34656084656084657,0.0019206976000128038,0.37179010048381095,2.68968968968969,0.016639769761844347,22.0,8.0,2.75,0.2666666666666666,0.33333333333333326,0.008196721311475407,0.1538461538461538,0.15415683345780434,0.875
graph_0101_mu_0_2_node_515,38,0.39829302987197723,0.003075623106404311,0.39658594680428744,2.5215215215215214,0.03935667969729052,27.0,11.0,2.454545454545454,0.28947368421052644,0.39285714285714296,0.01131687242798354,0.16923076923076918,0.16965806985618195,0.964285714285714
graph_0101_mu_0_2_node_516,29,0.31339031339031337,0.0019669257945045767,0.3776937618147448,2.6476476476476476,0.01563717443392059,19.0,10.0,1.8999999999999995,0.3448275862068967,0.5,0.01020408163265306,0.20833333333333337,0.20872156223309263,0.9000000000000002
graph_0101_mu_0_2_node_517,22,0.3246753246753247,0.0010010486714067954,0.37443778110944526,2.670670670670671,0.01857157135289228,16.0,6.0,2.666666666666666,0.2727272727272726,0.17647058823529405,0.006211180124223602,0.15789473684210528,0.1581276560967636,0.4705882352941177
graph_0101_mu_0_2_node_518,49,0.3080481036077706,0.004269334338916249,0.4134933774834437,2.4184184184184185,0.05142769641954365,37.0,12.0,3.083333333333334,0.24489795918367344,0.31578947368421056,0.012474012474012476,0.13953488372093026,0.14000137415787628,0.9473684210526316
graph_0101_mu_0_2_node_519,33,0.27956989247311825,0.002355597408678323,0.38690937257939584,2.5845845845845847,0.021024718741135092,22.0,11.0,2.0,0.33333333333333326,0.4074074074074074,0.011305241521068855,0.20000000000000004,0.20042713470275314,0.777777777777778
graph_0101_mu_0_2_node_520,26,0.3115942028985507,0.0013588249604847154,0.3741573033707865,2.6726726726726726,0.02144731618090256,18.0,8.0,2.25,0.3076923076923076,0.32,0.008205128205128202,0.18181818181818182,0.1821287649379893,0.6799999999999998
graph_0101_mu_0_2_node_521,28,0.4430769230769231,0.0013720672430860806,0.374578177727784,2.66966966966967,0.020643107559931435,21.0,7.0,3.0,0.25,0.3499999999999999,0.007142857142857144,0.1428571428571428,0.14312897696067278,1.0
graph_0101_mu_0_2_node_522,32,0.3689516129032258,0.0017479082699004458,0.38992974238875877,2.5645645645645647,0.05785322183604569,24.0,8.0,3.0,0.25,0.18181818181818182,0.00836820083682008,0.1428571428571428,0.14316787073720189,0.5454545454545452
graph_0101_mu_0_2_node_523,17,0.23809523809523808,0.0009219406178679412,0.3570407433881344,2.800800800800801,0.010510947923350627,10.0,7.0,1.4285714285714282,0.41176470588235303,0.31818181818181823,0.007157464212678935,0.2592592592592592,0.259530861323435,0.4090909090909091
graph_0101_mu_0_2_node_524,15,0.20952380952380953,0.0009715250201186939,0.35602280826799715,2.808808808808809,0.00906875917958763,8.0,7.0,1.1428571428571423,0.46666666666666673,0.5,0.007099391480730219,0.3043478260869565,0.30461938600471267,0.5714285714285712
graph_0101_mu_0_2_node_525,33,0.3181818181818182,0.002416696440468628,0.39595719381688466,2.5255255255255253,0.03923223402912046,23.0,10.0,2.3,0.30303030303030304,0.2631578947368421,0.010395010395010396,0.17857142857142852,0.17895977808599164,0.6052631578947368
graph_0101_mu_0_2_node_526,42,0.3282051282051282,0.0030705711181029135,0.3994402239104358,2.5035035035035036,0.04061702656564063,30.0,12.0,2.5,0.2857142857142856,0.33333333333333326,0.01244813278008299,0.16666666666666663,0.16713290335949438,0.8055555555555556
graph_0101_mu_0_2_node_527,21,0.24285714285714285,0.0016398138905676777,0.37303958177744584,2.680680680680681,0.011628459759293944,12.0,9.0,1.333333333333333,0.42857142857142855,0.5625,0.009146341463414632,0.2727272727272726,0.27307650248164783,0.75
graph_0101_mu_0_2_node_528,27,0.27666666666666667,0.0019231993599106805,0.376271186440678,2.6576576576576576,0.016725454787938267,17.0,10.0,1.6999999999999995,0.37037037037037035,0.5,0.01020408163265306,0.22727272727272718,0.22766089589317592,0.8000000000000002
graph_0101_mu_0_2_node_529,28,0.5079365079365079,0.001225982116394651,0.3751408186256102,2.665665665665666,0.02380484205879068,22.0,6.0,3.6666666666666656,0.21428571428571427,0.21428571428571427,0.006172839506172838,0.12000000000000005,0.12023302780798509,0.7857142857142859
graph_0101_mu_0_2_node_530,30,0.3954022988505747,0.0016704442611724275,0.37826580840590684,2.6436436436436437,0.018425930094009366,23.0,7.0,3.2857142857142847,0.23333333333333336,0.2592592592592592,0.0071942446043165445,0.1320754716981132,0.1323473480332202,0.8518518518518517
graph_0101_mu_0_2_node_531,39,0.2987987987987988,0.002898659315022025,0.3939274447949527,2.5385385385385386,0.03654574104600636,28.0,11.0,2.545454545454546,0.282051282051282,0.3055555555555554,0.011410788381742733,0.16417910447761194,0.16460643830302665,0.75
graph_0101_mu_0_2_node_532,28,0.4123076923076923,0.0014393357590188746,0.37387724550898205,2.674674674674675,0.015408913410657829,22.0,6.0,3.6666666666666656,0.21428571428571427,0.2222222222222223,0.0061664953751284675,0.12000000000000005,0.12023302780798509,0.777777777777778
graph_0101_mu_0_2_node_533,45,0.33665559246954596,0.002970703285973835,0.4018503620273532,2.4884884884884886,0.08906063997697806,36.0,9.0,4.0,0.20000000000000004,0.19565217391304346,0.009433962264150943,0.11111111111111115,0.11146099254018238,0.7608695652173912
graph_0101_mu_0_2_node_534,43,0.3875968992248062,0.002652371936934144,0.40217391304347827,2.4864864864864864,0.09351213777055385,35.0,8.0,4.375,0.18604651162790692,0.17021276595744675,0.00839454354669465,0.1025641025641026,0.10287509618873324,0.7446808510638298
graph_0101_mu_0_2_node_535,30,0.25925925925925924,0.0030330959283892817,0.3852680293096799,2.5955955955955954,0.017518388610601926,20.0,10.0,2.0,0.33333333333333326,0.4761904761904762,0.010214504596527068,0.20000000000000004,0.20038825904643573,0.904761904761905
graph_0101_mu_0_2_node_536,14,0.2857142857142857,0.0007467320481398551,0.35488454706927175,2.8178178178178177,0.0057106102286117325,9.0,5.0,1.8000000000000005,0.35714285714285704,0.35714285714285704,0.005070993914807303,0.2173913043478261,0.21758530582223734,0.6428571428571429
graph_0101_mu_0_2_node_537,23,0.46190476190476193,0.0009931549006973138,0.3662023460410557,2.730730730730731,0.01153857173335224,17.0,6.0,2.8333333333333335,0.26086956521739124,0.2999999999999999,0.006122448979591837,0.14999999999999994,0.15023293733985557,0.8000000000000002
graph_0101_mu_0_2_node_538,16,0.175,0.001212299899232337,0.35844994617868675,2.78978978978979,0.0064807588533336595,8.0,8.0,1.0,0.5,0.5714285714285712,0.008113590263691683,0.33333333333333326,0.3336436754855561,0.5714285714285712
graph_0101_mu_0_2_node_539,26,0.38153846153846155,0.0013864830358388694,0.37528174305033807,2.664664664664665,0.01728888259812385,19.0,7.0,2.7142857142857153,0.2692307692307692,0.33333333333333326,0.007150153217568952,0.1555555555555555,0.15582734744062646,0.904761904761905
graph_0101_mu_0_2_node_540,26,0.3007246376811594,0.0014159975019734491,0.3766968325791855,2.6546546546546548,0.016896749194831338,18.0,8.0,2.25,0.3076923076923076,0.2962962962962963,0.008221993833504625,0.18181818181818182,0.1821287649379893,0.6296296296296297
graph_0101_mu_0_2_node_541,23,0.24110671936758893,0.0016250825257090105,0.378839590443686,2.6396396396396398,0.016836782216991808,14.0,9.0,1.555555555555556,0.3913043478260869,0.4736842105263158,0.009174311926605505,0.24324324324324328,0.24359252721110905,0.7368421052631577
graph_0101_mu_0_2_node_542,32,0.3286290322580645,0.0019130420604060662,0.3925343811394892,2.5475475475475475,0.06786135227383623,23.0,9.0,2.5555555555555567,0.28125,0.19148936170212763,0.00944386149003148,0.16363636363636364,0.1639858917733787,0.48936170212765967
graph_0101_mu_0_2_node_543,30,0.4417989417989418,0.0010137089110342505,0.3801369863013699,2.630630630630631,0.0348610888666347,25.0,5.0,5.0,0.16666666666666663,0.13157894736842105,0.005197505197505198,0.09090909090909091,0.09110333355700667,0.6315789473684211
graph_0101_mu_0_2_node_544,24,0.2857142857142857,0.0012142916482604865,0.3652650822669104,2.7377377377377377,0.010004373434838834,19.0,5.0,3.799999999999999,0.20833333333333337,0.19230769230769237,0.005133470225872689,0.11627906976744187,0.11647322190505688,0.6923076923076923
graph_0101_mu_0_2_node_545,22,0.22631578947368422,0.0014069651584693033,0.37,2.7027027027027026,0.01334099014793328,14.0,8.0,1.75,0.36363636363636365,0.3478260869565216,0.00818833162743091,0.2222222222222223,0.22253270891010546,0.5652173913043478
graph_0101_mu_0_2_node_546,21,0.28095238095238095,0.0011755488631140013,0.3723443906075289,2.685685685685686,0.016105100349618665,13.0,8.0,1.625,0.3809523809523811,0.2962962962962963,0.008221993833504625,0.23529411764705885,0.2356045802363167,0.4814814814814816
graph_0101_mu_0_2_node_547,24,0.22077922077922077,0.0016629015193883902,0.37013708781030014,2.7017017017017015,0.01111878971914734,15.0,9.0,1.666666666666667,0.375,0.34615384615384615,0.009240246406570842,0.2307692307692308,0.23111854185015449,0.5384615384615384
graph_0101_mu_0_2_node_548,17,0.3142857142857143,0.0007280270549439097,0.35589597434983966,2.80980980980981,0.008003358278673928,12.0,5.0,2.399999999999999,0.29411764705882354,0.35714285714285704,0.005070993914807303,0.17241379310344834,0.1726078397522626,0.7857142857142859
graph_0101_mu_0_2_node_549,39,0.39039039039039036,0.003008579273640285,0.38992974238875877,2.5645645645645647,0.031499285075937085,28.0,11.0,2.545454545454546,0.282051282051282,0.39285714285714296,0.01131687242798354,0.16417910447761194,0.16460643830302665,0.964285714285714
graph_0101_mu_0_2_node_550,18,0.125,0.0012943481624907605,0.3645985401459854,2.7427427427427427,0.011074770815544048,10.0,8.0,1.25,0.4444444444444446,0.5714285714285712,0.008113590263691683,0.2857142857142856,0.2860246760301078,0.6428571428571429
graph_0101_mu_0_2_node_551,35,0.35984848484848486,0.0021019786519893644,0.39377217185652347,2.5395395395395397,0.07366076180700297,27.0,8.0,3.375,0.22857142857142862,0.17021276595744675,0.00839454354669465,0.12903225806451607,0.1293430583753164,0.5531914893617023
graph_0101_mu_0_2_node_552,19,0.3684210526315789,0.0007290082319678045,0.37276119402985075,2.6826826826826826,0.04140115482829225,13.0,6.0,2.166666666666667,0.31578947368421056,0.13043478260869562,0.006289308176100628,0.1875,0.18773286501591238,0.2826086956521739
graph_0101_mu_0_2_node_553,21,0.24285714285714285,0.0015921794217575844,0.37054896142433236,2.6986986986986987,0.015377557530841229,13.0,8.0,1.625,0.3809523809523811,0.3478260869565216,0.00818833162743091,0.23529411764705885,0.2356045802363167,0.5652173913043478
graph_0101_mu_0_2_node_554,21,0.3742690058479532,0.0013095151719816024,0.36300872093023256,2.754754754754755,0.008482626906850125,15.0,6.0,2.5,0.2857142857142856,0.375,0.006097560975609757,0.16666666666666663,0.16689956783893584,0.875
graph_0101_mu_0_2_node_555,28,0.32,0.0014300797521228012,0.37955927051671734,2.6346346346346348,0.018772502662828174,20.0,8.0,2.5,0.2857142857142856,0.2962962962962963,0.008221993833504625,0.16666666666666663,0.16697729802490227,0.7037037037037039
graph_0101_mu_0_2_node_556,17,0.19047619047619047,0.0009095862225424553,0.36130198915009043,2.7677677677677677,0.010459522264116776,10.0,7.0,1.4285714285714282,0.41176470588235303,0.5,0.007099391480730219,0.2592592592592592,0.259530861323435,0.6428571428571429
graph_0101_mu_0_2_node_557,15,0.3142857142857143,0.0007238085562160945,0.3602596465921385,2.775775775775776,0.009635967590574931,10.0,5.0,2.0,0.33333333333333326,0.35714285714285704,0.005070993914807303,0.20000000000000004,0.2001940165302084,0.7142857142857141
graph_0101_mu_0_2_node_558,25,0.22333333333333333,0.0019252408621361198,0.37712344280860705,2.6516516516516515,0.018199402458801923,16.0,9.0,1.7777777777777783,0.36,0.2647058823529412,0.009316770186335404,0.21951219512195133,0.2198615333201425,0.4705882352941177
graph_0101_mu_0_2_node_559,28,0.2953846153846154,0.0018688996439583559,0.3731789316398954,2.67967967967968,0.014682620791552622,19.0,9.0,2.111111111111111,0.32142857142857145,0.4736842105263158,0.009174311926605505,0.19148936170212763,0.19183878127738876,0.9473684210526316
graph_0101_mu_0_2_node_560,21,0.3333333333333333,0.0009003855875110421,0.3652650822669104,2.7377377377377377,0.01809295219864645,16.0,5.0,3.2000000000000006,0.2380952380952381,0.11363636363636359,0.005230125523012551,0.13513513513513511,0.13532924204922342,0.36363636363636365
graph_0101_mu_0_2_node_561,15,0.1619047619047619,0.0009567305394614395,0.36,2.7777777777777777,0.008309712011598571,8.0,7.0,1.1428571428571423,0.46666666666666673,0.5,0.007099391480730219,0.3043478260869565,0.30461938600471267,0.5714285714285712
graph_0101_mu_0_2_node_562,25,0.24666666666666667,0.0021774912530267486,0.37898330804248864,2.6386386386386387,0.018334897953398443,14.0,11.0,1.272727272727273,0.4400000000000001,0.6875,0.011178861788617886,0.282051282051282,0.28247815154563577,0.875
graph_0101_mu_0_2_node_563,19,0.3382352941176471,0.0008006669402381408,0.35425531914893615,2.8228228228228227,0.006514856637349437,15.0,4.0,3.75,0.21052631578947364,0.23529411764705885,0.004069175991861649,0.11764705882352942,0.11780233832663495,0.8235294117647061
graph_0101_mu_0_2_node_564,32,0.22379032258064516,0.003179643504921678,0.4007220216606498,2.4954954954954953,0.031160252709777507,18.0,14.0,1.2857142857142858,0.4375,0.388888888888889,0.014522821576763488,0.28000000000000014,0.2805433938829375,0.5
graph_0101_mu_0_2_node_565,23,0.308300395256917,0.0013191446204357984,0.3804265041888804,2.6286286286286287,0.02236519275780875,15.0,8.0,1.875,0.3478260869565216,0.18181818181818182,0.00836820083682008,0.21052631578947364,0.21083682657972366,0.3409090909090909
graph_0101_mu_0_2_node_566,21,0.3380952380952381,0.0008828964232963152,0.36580007323324787,2.7337337337337337,0.013358026285518031,15.0,6.0,2.5,0.2857142857142856,0.2222222222222223,0.0061664953751284675,0.16666666666666663,0.16689956783893584,0.5555555555555556
graph_0101_mu_0_2_node_567,35,0.2773109243697479,0.002507456288788165,0.4007220216606498,2.4954954954954953,0.07021709364514395,24.0,11.0,2.1818181818181808,0.3142857142857142,0.23404255319148948,0.011542497376705143,0.18644067796610167,0.1868678790224534,0.5106382978723404
graph_0101_mu_0_2_node_568,32,0.271264367816092,0.0023829342212184483,0.38290532771176694,2.6116116116116115,0.022504027417312535,22.0,10.0,2.1999999999999997,0.3125,0.37037037037037035,0.01027749229188078,0.18518518518518517,0.18557350453902183,0.777777777777778
graph_0101_mu_0_2_node_569,14,0.07692307692307693,0.001030529495831423,0.36287686160552124,2.755755755755756,0.00887995543831026,5.0,9.0,0.5555555555555556,0.6428571428571429,0.6428571428571429,0.009127789046653149,0.4736842105263158,0.47403325066593194,0.35714285714285704
graph_0101_mu_0_2_node_570,18,0.1830065359477124,0.0013002322432922226,0.37151357381926364,2.6916916916916915,0.01286855221542476,11.0,7.0,1.5714285714285718,0.388888888888889,0.2692307692307692,0.007186858316221764,0.2413793103448275,0.2416509334871194,0.4230769230769231
graph_0101_mu_0_2_node_571,21,0.19883040935672514,0.001463309312741375,0.37471867966991745,2.6686686686686687,0.012509887557430268,13.0,8.0,1.625,0.3809523809523811,0.4705882352941177,0.008138351983723298,0.23529411764705885,0.2356045802363167,0.7058823529411762
graph_0101_mu_0_2_node_572,28,0.24867724867724866,0.0022499290446118653,0.38571428571428573,2.5925925925925926,0.02182974016470121,16.0,12.0,1.333333333333333,0.42857142857142855,0.4444444444444446,0.012332990750256935,0.2727272727272726,0.2731930027590976,0.5925925925925926
graph_0101_mu_0_2_node_573,33,0.3541666666666667,0.002075379981940273,0.39238020424194814,2.5485485485485486,0.03910492829015362,25.0,8.0,3.125,0.24242424242424232,0.21052631578947364,0.008316008316008316,0.13793103448275865,0.1382417865026468,0.6578947368421054
graph_0101_mu_0_2_node_574,34,0.3185483870967742,0.00207675399286041,0.3878105590062112,2.5785785785785786,0.062159267907383756,26.0,8.0,3.25,0.23529411764705885,0.1739130434782608,0.008385744234800842,0.1333333333333333,0.13364410949680156,0.5434782608695653
graph_0101_mu_0_2_node_575,21,0.45714285714285713,0.0006741836177436003,0.36836283185840707,2.714714714714715,0.020951358611592738,17.0,4.0,4.25,0.19047619047619055,0.11111111111111115,0.004149377593360995,0.10526315789473682,0.10541846151331116,0.4722222222222222
graph_0101_mu_0_2_node_576,26,0.3476923076923077,0.0013450963756220134,0.3824655436447167,2.6146146146146148,0.05617085696246159,19.0,7.0,2.7142857142857153,0.2692307692307692,0.148936170212766,0.007345225603357818,0.1555555555555555,0.15582734744062646,0.404255319148936
graph_0101_mu_0_2_node_577,27,0.38461538461538464,0.0010900011358452534,0.38482280431432975,2.5985985985985987,0.05106403141638937,20.0,7.0,2.8571428571428563,0.2592592592592592,0.15909090909090912,0.007322175732217575,0.148936170212766,0.14920798320542697,0.45454545454545436
graph_0101_mu_0_2_node_578,17,0.19852941176470587,0.0010086605859780469,0.36782032400589104,2.7187187187187187,0.012926296477642488,10.0,7.0,1.4285714285714282,0.41176470588235303,0.2592592592592592,0.0071942446043165445,0.2592592592592592,0.259530861323435,0.37037037037037035
graph_0101_mu_0_2_node_579,37,0.2987987987987988,0.003143554956045181,0.39361702127659576,2.5405405405405403,0.05895116931130094,25.0,12.0,2.083333333333333,0.3243243243243245,0.2727272727272726,0.012552301255230129,0.19354838709677416,0.19401444271274437,0.5681818181818182
graph_0101_mu_0_2_node_580,54,0.31447963800904977,0.004460571786949304,0.4145228215767635,2.4124124124124124,0.08951939135167401,40.0,14.0,2.8571428571428563,0.2592592592592592,0.31818181818181823,0.01464435146443515,0.148936170212766,0.1494804936964362,0.8863636363636366
graph_0101_mu_0_2_node_581,23,0.19047619047619047,0.0016077484051044318,0.3712374581939799,2.6936936936936937,0.010694671060094066,14.0,9.0,1.555555555555556,0.3913043478260869,0.34615384615384615,0.009240246406570842,0.24324324324324328,0.24359252721110905,0.5
graph_0101_mu_0_2_node_582,21,0.30952380952380953,0.001243320369464087,0.3682270549207519,2.715715715715716,0.013522029572857598,14.0,7.0,2.0,0.33333333333333326,0.2592592592592592,0.0071942446043165445,0.20000000000000004,0.20027168639627393,0.5185185185185184
graph_0101_mu_0_2_node_583,20,0.2894736842105263,0.0010444464886573718,0.36700955180014694,2.724724724724725,0.015210402983088364,14.0,6.0,2.3333333333333335,0.2999999999999999,0.2222222222222223,0.0061664953751284675,0.17647058823529405,0.17670347132798161,0.5185185185185184
graph_0101_mu_0_2_node_584,26,0.3442028985507246,0.0014921038525843584,0.375,2.6666666666666665,0.0156895006824828,18.0,8.0,2.25,0.3076923076923076,0.36363636363636365,0.0081799591002045,0.18181818181818182,0.1821287649379893,0.7727272727272727
graph_0101_mu_0_2_node_585,20,0.14736842105263157,0.002015077531410851,0.37641296156744536,2.6566566566566565,0.011791734724425448,11.0,9.0,1.2222222222222217,0.4500000000000001,0.5625,0.009146341463414632,0.29032258064516125,0.29067178329910154,0.6875
graph_0101_mu_0_2_node_586,20,0.3,0.0011227423353374186,0.3694526627218935,2.7067067067067065,0.014685605187231244,12.0,8.0,1.5,0.4000000000000001,0.36363636363636365,0.0081799591002045,0.25,0.2503104384943732,0.5454545454545452
graph_0101_mu_0_2_node_587,18,0.40522875816993464,0.0009094997713475769,0.35857860732232594,2.7887887887887888,0.007698937252832431,13.0,5.0,2.600000000000001,0.2777777777777778,0.22727272727272718,0.005112474437627814,0.16129032258064516,0.1614843842922695,0.5909090909090909
graph_0101_mu_0_2_node_588,20,0.19473684210526315,0.0014804220124676282,0.36836283185840707,2.714714714714715,0.010843583209734168,11.0,9.0,1.2222222222222217,0.4500000000000001,0.5294117647058824,0.00915564598168871,0.29032258064516125,0.29067178329910154,0.6470588235294118
graph_0101_mu_0_2_node_589,26,0.42391304347826086,0.0013401823149988875,0.3735976065818998,2.6766766766766765,0.017904727754247046,19.0,7.0,2.7142857142857153,0.2692307692307692,0.3499999999999999,0.007142857142857144,0.1555555555555555,0.15582734744062646,0.9000000000000002
graph_0101_mu_0_2_node_590,26,0.2923076923076923,0.0021221975894742165,0.38482280431432975,2.5985985985985987,0.018489925687084,17.0,9.0,1.8888888888888888,0.34615384615384615,0.42857142857142855,0.009193054136874363,0.2093023255813953,0.20965169090106456,0.8095238095238098
graph_0101_mu_0_2_node_591,25,0.30333333333333334,0.0011961543961394787,0.3779795686719637,2.645645645645646,0.0264913988979253,18.0,7.0,2.5714285714285716,0.28000000000000014,0.15909090909090912,0.007322175732217575,0.1627906976744186,0.1630624684551773,0.4090909090909091
graph_0101_mu_0_2_node_592,17,0.3523809523809524,0.0006353176267449081,0.34917860887801466,2.863863863863864,0.005454371671667071,13.0,4.0,3.25,0.23529411764705885,0.2857142857142856,0.004056795131845842,0.1333333333333333,0.13348858872845826,0.8571428571428571
graph_0101_mu_0_2_node_593,27,0.2633333333333333,0.002018844675091642,0.3858632676709154,2.5915915915915915,0.019117914348219075,17.0,10.0,1.6999999999999995,0.37037037037037035,0.45454545454545436,0.010224948875255628,0.22727272727272718,0.22766089589317592,0.7272727272727273
graph_0101_mu_0_2_node_594,28,0.24615384615384617,0.001968418789176698,0.3801369863013699,2.630630630630631,0.017898503153002013,17.0,11.0,1.5454545454545454,0.39285714285714296,0.4074074074074074,0.011305241521068855,0.24444444444444444,0.24487141335334472,0.5925925925925926
graph_0101_mu_0_2_node_595,27,0.30333333333333334,0.0016376877251011793,0.3731789316398954,2.67967967967968,0.02033874223674866,19.0,8.0,2.375,0.2962962962962963,0.2222222222222223,0.00829875518672199,0.1739130434782608,0.17422365071540954,0.5
graph_0101_mu_0_2_node_596,24,0.30434782608695654,0.0012104623978610816,0.3779795686719637,2.645645645645646,0.051782236430135374,17.0,7.0,2.4285714285714284,0.2916666666666667,0.148936170212766,0.007345225603357818,0.17073170731707318,0.17100345699679678,0.3617021276595746
graph_0101_mu_0_2_node_597,24,0.36796536796536794,0.0012282014845470593,0.36553238199780463,2.735735735735736,0.0102709249808179,18.0,6.0,3.0,0.25,0.31578947368421056,0.0061162079510703364,0.1428571428571428,0.14309009828500435,0.8947368421052634
graph_0101_mu_0_2_node_598,27,0.2905982905982906,0.0016457549209489498,0.38173481085212074,2.6196196196196198,0.04336874698048555,18.0,9.0,2.0,0.33333333333333326,0.20454545454545456,0.009414225941422593,0.20000000000000004,0.20034939244535893,0.4090909090909091
graph_0101_mu_0_2_node_599,23,0.24110671936758893,0.001843838609367007,0.3724832214765101,2.684684684684685,0.01204891644406037,13.0,10.0,1.3000000000000005,0.4347826086956522,0.625,0.010162601626016262,0.2777777777777778,0.27816582589574435,0.8125
graph_0101_mu_0_2_node_600,17,0.17647058823529413,0.0010083881725238197,0.36660550458715596,2.7277277277277276,0.012160522811664808,10.0,7.0,1.4285714285714282,0.41176470588235303,0.31818181818181823,0.007157464212678935,0.2592592592592592,0.259530861323435,0.45454545454545436
graph_0101_mu_0_2_node_601,30,0.3632183908045977,0.001633495082078817,0.3864603481624758,2.5875875875875876,0.0648878893662165,23.0,7.0,3.2857142857142847,0.23333333333333336,0.148936170212766,0.007345225603357818,0.1320754716981132,0.1323473480332202,0.48936170212765967
graph_0101_mu_0_2_node_602,25,0.3,0.0019741682334786692,0.376271186440678,2.6576576576576576,0.01391489029925021,16.0,9.0,1.7777777777777783,0.36,0.42857142857142855,0.009193054136874363,0.21951219512195133,0.2198615333201425,0.7619047619047622
graph_0101_mu_0_2_node_603,17,0.34285714285714286,0.0006683654040744643,0.35755189692197564,2.7967967967967966,0.007624523784077421,12.0,5.0,2.399999999999999,0.29411764705882354,0.3125,0.005081300813008131,0.17241379310344834,0.1726078397522626,0.6875
graph_0101_mu_0_2_node_604,29,0.27635327635327633,0.0022388201190248376,0.3801369863013699,2.630630630630631,0.01593527540254675,20.0,9.0,2.2222222222222223,0.31034482758620696,0.36,0.009230769230769233,0.1836734693877551,0.18402291609713195,0.7599999999999999
graph_0101_mu_0_2_node_605,22,0.15584415584415584,0.002112155141902539,0.3830521472392638,2.6106106106106104,0.01958666815820239,10.0,12.0,0.8333333333333335,0.5454545454545452,0.75,0.012195121951219514,0.375,0.3754655132283343,0.625
graph_0101_mu_0_2_node_606,26,0.3046153846153846,0.001640703757659115,0.3781226343679031,2.6446446446446448,0.017060009141471377,17.0,9.0,1.8888888888888888,0.34615384615384615,0.36,0.009230769230769233,0.2093023255813953,0.20965169090106456,0.6799999999999998
graph_0101_mu_0_2_node_607,48,0.3058510638297872,0.00365443955979661,0.408255006129955,2.4494494494494496,0.09287011632804804,36.0,12.0,3.0,0.25,0.26086956521739124,0.012578616352201257,0.1428571428571428,0.14332359702802053,0.7826086956521738
graph_0101_mu_0_2_node_608,25,0.2633333333333333,0.0014834360319345918,0.3804265041888804,2.6286286286286287,0.025891375792803824,17.0,8.0,2.125,0.32,0.21052631578947364,0.008316008316008316,0.19047619047619055,0.19078674948240162,0.4473684210526317
graph_0101_mu_0_2_node_609,20,0.2736842105263158,0.0011436548194243554,0.378839590443686,2.6396396396396398,0.021321699776587426,12.0,8.0,1.5,0.4000000000000001,0.22857142857142862,0.008290155440414506,0.25,0.2503104384943732,0.34285714285714275
graph_0101_mu_0_2_node_610,28,0.28307692307692306,0.0018730860236578406,0.37855248200075786,2.6416416416416415,0.01789158750528694,18.0,10.0,1.8000000000000005,0.35714285714285704,0.45454545454545436,0.010224948875255628,0.2173913043478261,0.21777950310559016,0.7727272727272727
graph_0101_mu_0_2_node_611,31,0.22167487684729065,0.002265841754910576,0.38086160884483417,2.625625625625626,0.01732101083299816,21.0,10.0,2.100000000000001,0.3225806451612903,0.38461538461538475,0.010266940451745378,0.19230769230769237,0.19269598150548678,0.7692307692307695
graph_0101_mu_0_2_node_612,19,0.2647058823529412,0.0011160639018899644,0.36419978126139263,2.745745745745746,0.009875900171758274,12.0,7.0,1.7142857142857142,0.36842105263157887,0.33333333333333326,0.007150153217568952,0.2258064516129031,0.22607809583658287,0.5238095238095238
graph_0101_mu_0_2_node_613,25,0.27,0.0017005145051820318,0.3768389287061486,2.6536536536536537,0.01685991918700957,16.0,9.0,1.7777777777777783,0.36,0.2647058823529412,0.009316770186335404,0.21951219512195133,0.2198615333201425,0.4705882352941177
graph_0101_mu_0_2_node_614,21,0.41904761904761906,0.0006838137008693462,0.3734579439252336,2.6776776776776776,0.048790420070744904,16.0,5.0,3.2000000000000006,0.2380952380952381,0.10869565217391305,0.005241090146750523,0.13513513513513511,0.13532924204922342,0.3478260869565216
graph_0101_mu_0_2_node_615,26,0.39076923076923076,0.001418451357478501,0.3824655436447167,2.6146146146146148,0.01901504602658813,19.0,7.0,2.7142857142857153,0.2692307692307692,0.2916666666666667,0.00717213114754098,0.1555555555555555,0.15582734744062646,0.7916666666666665
graph_0101_mu_0_2_node_616,18,0.49019607843137253,0.0005486714555929319,0.3712374581939799,2.6936936936936937,0.021453761694010042,14.0,4.0,3.5,0.2222222222222223,0.11111111111111115,0.004149377593360995,0.125,0.12515526744817948,0.388888888888889
graph_0101_mu_0_2_node_617,28,0.24,0.002050306616276957,0.37712344280860705,2.6516516516516515,0.015496410294220225,18.0,10.0,1.8000000000000005,0.35714285714285704,0.38461538461538475,0.010266940451745378,0.2173913043478261,0.21777950310559016,0.6538461538461539
graph_0101_mu_0_2_node_618,23,0.2619047619047619,0.0014455813752061817,0.3757051523128996,2.6616616616616615,0.014261783870976104,14.0,9.0,1.555555555555556,0.3913043478260869,0.4736842105263158,0.009174311926605505,0.24324324324324328,0.24359252721110905,0.6842105263157895
graph_0101_mu_0_2_node_619,21,0.39766081871345027,0.0007628791044006746,0.3571683947086164,2.7997997997998,0.00932983071778531,16.0,5.0,3.2000000000000006,0.2380952380952381,0.2380952380952381,0.005107252298263534,0.13513513513513511,0.13532924204922342,0.7142857142857141
graph_0101_mu_0_2_node_620,20,0.26842105263157895,0.0011917124413630728,0.37276119402985075,2.6826826826826826,0.015052768837308807,12.0,8.0,1.5,0.4000000000000001,0.36363636363636365,0.0081799591002045,0.25,0.2503104384943732,0.5454545454545452
graph_0101_mu_0_2_node_621,18,0.35294117647058826,0.000940566299220235,0.35844994617868675,2.78978978978979,0.007670653153714958,13.0,5.0,2.600000000000001,0.2777777777777778,0.25,0.00510204081632653,0.16129032258064516,0.1614843842922695,0.6500000000000002
graph_0101_mu_0_2_node_622,20,0.22631578947368422,0.0012788949724139935,0.3774083868530412,2.6496496496496498,0.015758343236011413,12.0,8.0,1.5,0.4000000000000001,0.22857142857142862,0.008290155440414506,0.25,0.2503104384943732,0.34285714285714275
graph_0101_mu_0_2_node_623,17,0.4264705882352941,0.0005661543384522746,0.3652650822669104,2.7377377377377377,0.014495639650996654,13.0,4.0,3.25,0.23529411764705885,0.11428571428571431,0.004145077720207253,0.1333333333333333,0.13348858872845826,0.37142857142857155
graph_0101_mu_0_2_node_624,18,0.36666666666666664,0.0010766435473682414,0.35176056338028167,2.8428428428428427,0.005479648954823354,13.0,5.0,2.600000000000001,0.2777777777777778,0.35714285714285704,0.005070993914807303,0.16129032258064516,0.1614843842922695,0.8571428571428571
graph_0101_mu_0_2_node_625,22,0.24675324675324675,0.0015806787100501852,0.3765548435733132,2.655655655655656,0.01651417431020032,12.0,10.0,1.1999999999999995,0.45454545454545436,0.5263157894736842,0.01019367991845056,0.29411764705882354,0.29450566506285897,0.6315789473684211
graph_0101_mu_0_2_node_626,20,0.16842105263157894,0.001512770031948499,0.3765548435733132,2.655655655655656,0.013918248585713831,10.0,10.0,1.0,0.5,0.5882352941176471,0.010172939979654124,0.33333333333333326,0.33372129112352583,0.5882352941176471
graph_0101_mu_0_2_node_627,27,0.41025641025641024,0.0011801061952553518,0.38028169014084506,2.6296296296296298,0.032789214864722485,22.0,5.0,4.3999999999999995,0.18518518518518517,0.13157894736842105,0.005197505197505198,0.10204081632653059,0.10223501370874993,0.5789473684210529
graph_0101_mu_0_2_node_628,15,0.3904761904761905,0.0005083919150892866,0.3570407433881344,2.800800800800801,0.009083388321445693,11.0,4.0,2.75,0.2666666666666666,0.1538461538461538,0.004106776180698151,0.1538461538461538,0.15400138514078285,0.4230769230769231
graph_0101_mu_0_2_node_629,27,0.37,0.001360744592201536,0.37206703910614525,2.6876876876876876,0.014458294621461787,21.0,6.0,3.5,0.2222222222222223,0.2400000000000001,0.006153846153846153,0.125,0.1252330097087379,0.8000000000000002
graph_0101_mu_0_2_node_630,14,0.23076923076923078,0.0007378080073610003,0.3536283185840708,2.8278278278278277,0.0068656915646920875,8.0,6.0,1.333333333333333,0.42857142857142855,0.42857142857142855,0.006085192697768763,0.2727272727272726,0.27296004740138813,0.5714285714285712
graph_0101_mu_0_2_node_631,28,0.44,0.0014973488437689387,0.3729003359462486,2.6816816816816815,0.014577992722784145,22.0,6.0,3.6666666666666656,0.21428571428571427,0.2727272727272726,0.006134969325153376,0.12000000000000005,0.12023302780798509,0.9545454545454548
graph_0101_mu_0_2_node_632,21,0.14285714285714285,0.0017352678593517076,0.3741573033707865,2.6726726726726726,0.016268338916331143,10.0,11.0,0.9090909090909087,0.5238095238095238,0.5,0.011247443762781187,0.3548387096774193,0.3552654466910362,0.45454545454545436
graph_0101_mu_0_2_node_633,23,0.33992094861660077,0.0014649390740675153,0.3792710706150342,2.6366366366366365,0.021162969072265347,14.0,9.0,1.555555555555556,0.3913043478260869,0.32142857142857145,0.009259259259259259,0.24324324324324328,0.24359252721110905,0.5
graph_0101_mu_0_2_node_634,19,0.3567251461988304,0.0007586743888619419,0.3726221559119731,2.6836836836836837,0.04357812072326818,13.0,6.0,2.166666666666667,0.31578947368421056,0.1276595744680851,0.006295907660020986,0.1875,0.18773286501591238,0.27659574468085113
graph_0101_mu_0_2_node_635,14,0.16483516483516483,0.0008310421865494435,0.3618254255704455,2.7637637637637638,0.015781419049473906,6.0,8.0,0.75,0.5714285714285712,0.5714285714285712,0.008113590263691683,0.4000000000000001,0.4003102940035683,0.42857142857142855
graph_0101_mu_0_2_node_636,48,0.2579710144927536,0.0047221874228837064,0.4141791044776119,2.4144144144144146,0.09243387911885997,33.0,15.0,2.1999999999999997,0.3125,0.3191489361702127,0.01573976915005246,0.18518518518518517,0.18576804898934288,0.680851063829787
graph_0101_mu_0_2_node_637,20,0.35789473684210527,0.000816104684459568,0.375,2.6666666666666665,0.04337135507132766,14.0,6.0,2.3333333333333335,0.2999999999999999,0.13043478260869562,0.006289308176100628,0.17647058823529405,0.17670347132798161,0.3043478260869565
graph_0101_mu_0_2_node_638,29,0.2849002849002849,0.0024895738341610277,0.3781226343679031,2.6446446446446448,0.014902727866352522,19.0,10.0,1.8999999999999995,0.3448275862068967,0.5,0.01020408163265306,0.20833333333333337,0.20872156223309263,0.9000000000000002
graph_0101_mu_0_2_node_639,24,0.31521739130434784,0.0011612489844400053,0.38028169014084506,2.6296296296296298,0.03321870909954479,16.0,8.0,2.0,0.33333333333333326,0.21052631578947364,0.008316008316008316,0.20000000000000004,0.20031053489635905,0.4210526315789473
graph_0101_mu_0_2_node_640,40,0.27692307692307694,0.004169305050227537,0.4056029232643118,2.4654654654654653,0.033324225824430204,27.0,13.0,2.076923076923077,0.3250000000000001,0.361111111111111,0.013485477178423242,0.1940298507462686,0.19453480316421384,0.75
graph_0101_mu_0_2_node_641,17,0.3161764705882353,0.0008079797602876787,0.355136864557412,2.815815815815816,0.0075396794585571945,12.0,5.0,2.399999999999999,0.29411764705882354,0.18518518518518517,0.00513874614594039,0.17241379310344834,0.1726078397522626,0.4444444444444446
graph_0101_mu_0_2_node_642,32,0.3870967741935484,0.0017994972636591149,0.38290532771176694,2.6116116116116115,0.03072666757923222,25.0,7.0,3.5714285714285707,0.21875,0.1944444444444445,0.007261410788381744,0.1228070175438596,0.12307893612366773,0.6944444444444444
graph_0101_mu_0_2_node_643,20,0.39473684210526316,0.0007589289282650124,0.37,2.7027027027027026,0.019743658243528632,15.0,5.0,3.0,0.25,0.1388888888888889,0.005186721991701244,0.1428571428571428,0.14305123470140352,0.41666666666666674
graph_0101_mu_0_2_node_644,18,0.36666666666666664,0.001031288511609517,0.35250529287226534,2.8368368368368366,0.00556833812275001,13.0,5.0,2.600000000000001,0.2777777777777778,0.35714285714285704,0.005070993914807303,0.16129032258064516,0.1614843842922695,0.8571428571428571
graph_0101_mu_0_2_node_645,24,0.2536231884057971,0.001840171619600978,0.376271186440678,2.6576576576576576,0.016785299587231992,16.0,8.0,2.0,0.33333333333333326,0.3076923076923076,0.008213552361396302,0.20000000000000004,0.20031053489635905,0.6153846153846152
graph_0101_mu_0_2_node_646,20,0.3202614379084967,0.0009086736456730966,0.3578080229226361,2.794794794794795,0.006951862453937113,15.0,5.0,3.0,0.25,0.22727272727272718,0.005112474437627814,0.1428571428571428,0.14305123470140352,0.6363636363636365
graph_0101_mu_0_2_node_647,16,0.225,0.0012141115079050417,0.3636694575900983,2.74974974974975,0.007206422768343276,10.0,6.0,1.666666666666667,0.375,0.42857142857142855,0.006085192697768763,0.2307692307692308,0.23100204157165202,0.7142857142857141
graph_0101_mu_0_2_node_648,23,0.3952569169960474,0.0012468744827958402,0.3634048744998181,2.7517517517517516,0.01494824894540301,18.0,5.0,3.600000000000001,0.2173913043478261,0.20833333333333337,0.0051229508196721325,0.12195121951219516,0.12214535657296001,0.75
graph_0101_mu_0_2_node_649,26,0.3507692307692308,0.0013770521091121272,0.37898330804248864,2.6386386386386387,0.021191020682789205,19.0,7.0,2.7142857142857153,0.2692307692307692,0.20000000000000004,0.007253886010362697,0.1555555555555555,0.15582734744062646,0.5428571428571429
graph_0101_mu_0_2_node_650,41,0.3657219973009447,0.00244303181375906,0.3994402239104358,2.5035035035035036,0.08899427641699721,32.0,9.0,3.5555555555555567,0.21951219512195133,0.19148936170212763,0.00944386149003148,0.12328767123287675,0.12363744388065562,0.6595744680851062
graph_0101_mu_0_2_node_651,34,0.35685483870967744,0.0018520459758410066,0.3878105590062112,2.5785785785785786,0.03804058349595647,26.0,8.0,3.25,0.23529411764705885,0.21052631578947364,0.008316008316008316,0.1333333333333333,0.13364410949680156,0.6578947368421054
graph_0101_mu_0_2_node_652,27,0.3333333333333333,0.001515809914104716,0.3872093023255814,2.5825825825825826,0.03321359506658192,19.0,8.0,2.375,0.2962962962962963,0.21052631578947364,0.008316008316008316,0.1739130434782608,0.17422365071540954,0.5
graph_0101_mu_0_2_node_653,43,0.32195121951219513,0.003222060554976235,0.39880239520958083,2.5075075075075075,0.0309042712809291,34.0,9.0,3.7777777777777777,0.2093023255813953,0.2571428571428571,0.00932642487046632,0.11688311688311685,0.11723294391308542,0.9428571428571428
graph_0101_mu_0_2_node_654,22,0.3684210526315789,0.0010407382111690764,0.3668747704737422,2.725725725725726,0.011996950695657276,16.0,6.0,2.666666666666666,0.2727272727272726,0.2727272727272726,0.006134969325153376,0.15789473684210528,0.1581276560967636,0.6818181818181818
graph_0101_mu_0_2_node_655,25,0.38666666666666666,0.0013608188557123538,0.37955927051671734,2.6346346346346348,0.018311486875369362,17.0,8.0,2.125,0.32,0.33333333333333326,0.008196721311475407,0.19047619047619055,0.19078674948240162,0.7083333333333334
graph_0101_mu_0_2_node_656,55,0.2772133526850508,0.005562879074861871,0.4213412062420919,2.3733733733733735,0.09322151711811265,39.0,16.0,2.4375,0.29090909090909095,0.36363636363636365,0.01673640167364016,0.17021276595744675,0.17083475320670827,0.8636363636363634
graph_0101_mu_0_2_node_657,25,0.1976284584980237,0.002238544593082431,0.37429748969651555,2.6716716716716715,0.011129322969195284,15.0,10.0,1.5,0.4000000000000001,0.5263157894736842,0.01019367991845056,0.25,0.2503881083598541,0.7368421052631577
graph_0101_mu_0_2_node_658,23,0.2964426877470356,0.001345788961368397,0.37855248200075786,2.6416416416416415,0.016520714173629433,15.0,8.0,1.875,0.3478260869565216,0.22857142857142862,0.008290155440414506,0.21052631578947364,0.21083682657972366,0.42857142857142855
graph_0101_mu_0_2_node_659,22,0.4789473684210526,0.0005496690229786088,0.367414490621552,2.7217217217217216,0.04662220616988701,19.0,3.0,6.333333333333332,0.1363636363636363,0.06521739130434781,0.003144654088050314,0.07317073170731705,0.07328723203740137,0.3913043478260869
graph_0101_mu_0_2_node_660,39,0.3633633633633634,0.0021606461166272053,0.3882627283326856,2.5755755755755754,0.03172014741648425,31.0,8.0,3.875,0.2051282051282052,0.2222222222222223,0.00829875518672199,0.11428571428571431,0.1145966112233794,0.8333333333333335
graph_0101_mu_0_2_node_661,23,0.20476190476190476,0.001569139047443123,0.37192851824274015,2.6886886886886887,0.012633117515179829,14.0,9.0,1.555555555555556,0.3913043478260869,0.4736842105263158,0.009174311926605505,0.24324324324324328,0.24359252721110905,0.6842105263157895
graph_0101_mu_0_2_node_662,23,0.30039525691699603,0.0014614736143379683,0.38129770992366413,2.6226226226226226,0.017673463158851085,15.0,8.0,1.875,0.3478260869565216,0.22857142857142862,0.008290155440414506,0.21052631578947364,0.21083682657972366,0.42857142857142855
graph_0101_mu_0_2_node_663,17,0.1323529411764706,0.001345508369155911,0.37179010048381095,2.68968968968969,0.013617918507199114,6.0,11.0,0.5454545454545452,0.6470588235294118,0.7857142857142859,0.011156186612576061,0.4782608695652175,0.4786874741803038,0.42857142857142855
graph_0101_mu_0_2_node_664,35,0.2746212121212121,0.002864634128005401,0.39315230224321135,2.5435435435435436,0.028611847363301357,23.0,12.0,1.9166666666666672,0.34285714285714275,0.4444444444444446,0.012332990750256935,0.20689655172413793,0.20736253494874188,0.8148148148148148
graph_0101_mu_0_2_node_665,25,0.26877470355731226,0.0015405450358447331,0.3757051523128996,2.6616616616616615,0.015567246959988271,16.0,9.0,1.7777777777777783,0.36,0.4090909090909091,0.009202453987730062,0.21951219512195133,0.2198615333201425,0.6818181818181818
graph_0101_mu_0_2_node_666,17,0.26666666666666666,0.000889548749032837,0.3588362068965517,2.7867867867867866,0.01111320471207342,12.0,5.0,2.399999999999999,0.29411764705882354,0.35714285714285704,0.005070993914807303,0.17241379310344834,0.1726078397522626,0.7857142857142859
graph_0101_mu_0_2_node_667,23,0.4308300395256917,0.0008443253248453139,0.36221899927483686,2.760760760760761,0.011519514490951621,19.0,4.0,4.75,0.1739130434782608,0.19047619047619055,0.0040858018386108275,0.09523809523809527,0.09539342297962983,0.904761904761905
graph_0101_mu_0_2_node_668,27,0.2849002849002849,0.0013717080915560498,0.3855654187572366,2.5935935935935936,0.05324158457857338,18.0,9.0,2.0,0.33333333333333326,0.19565217391304346,0.009433962264150943,0.20000000000000004,0.20034939244535893,0.3913043478260869
graph_0101_mu_0_2_node_669,23,0.24761904761904763,0.0012005873231958073,0.3759879563417388,2.65965965965966,0.020280333581538676,14.0,9.0,1.555555555555556,0.3913043478260869,0.36,0.009230769230769233,0.24324324324324328,0.24359252721110905,0.5199999999999998
graph_0101_mu_0_2_node_670,23,0.2964426877470356,0.0012935466846459593,0.3794151158374478,2.635635635635636,0.02538597028385288,14.0,9.0,1.555555555555556,0.3913043478260869,0.2368421052631579,0.009355509355509356,0.24324324324324328,0.24359252721110905,0.36842105263157887
graph_0101_mu_0_2_node_671,22,0.4421052631578947,0.0007023769800517059,0.3735976065818998,2.6766766766766765,0.025505545885191768,17.0,5.0,3.399999999999999,0.22727272727272718,0.1388888888888889,0.005186721991701244,0.1282051282051282,0.1283992501913844,0.4444444444444446
graph_0101_mu_0_2_node_672,31,0.4043010752688172,0.0016206073993794816,0.38086160884483417,2.625625625625626,0.0264823076508505,25.0,6.0,4.166666666666666,0.19354838709677416,0.16666666666666663,0.006224066390041495,0.10714285714285714,0.10737593926545831,0.6944444444444444
graph_0101_mu_0_2_node_673,24,0.2987012987012987,0.0018350598250242494,0.3710995542347697,2.694694694694695,0.012391707626934347,16.0,8.0,2.0,0.33333333333333326,0.5,0.008130081300813009,0.20000000000000004,0.20031053489635905,0.9375
graph_0101_mu_0_2_node_674,32,0.41330645161290325,0.0019901232792601435,0.3842307692307692,2.6026026026026026,0.02794357588336209,23.0,9.0,2.5555555555555567,0.28125,0.32142857142857145,0.009259259259259259,0.16363636363636364,0.1639858917733787,0.8214285714285712
graph_0101_mu_0_2_node_675,34,0.49193548387096775,0.0008739446933549942,0.38086160884483417,2.625625625625626,0.07800501025811094,30.0,4.0,7.5,0.11764705882352942,0.08510638297872337,0.004197271773347325,0.0625,0.06265546055188496,0.6170212765957447
graph_0101_mu_0_2_node_676,33,0.36129032258064514,0.002087472452375054,0.38188073394495414,2.6186186186186187,0.01779832762328436,24.0,9.0,2.666666666666666,0.2727272727272726,0.375,0.009221311475409834,0.15789473684210528,0.15824429213009994,0.9583333333333336
graph_0101_mu_0_2_node_677,20,0.19607843137254902,0.001163318045799284,0.36287686160552124,2.755755755755756,0.010233368442710994,13.0,7.0,1.8571428571428577,0.3499999999999999,0.36842105263157887,0.007135575942915391,0.21212121212121207,0.2123928774295523,0.6315789473684211
graph_0101_mu_0_2_node_678,29,0.2792022792022792,0.002045792985564884,0.3755639097744361,2.6626626626626626,0.013081198239731943,19.0,10.0,1.8999999999999995,0.3448275862068967,0.5263157894736842,0.01019367991845056,0.20833333333333337,0.20872156223309263,0.9473684210526316
graph_0101_mu_0_2_node_679,22,0.23376623376623376,0.0016106295859464248,0.37970353477765106,2.6336336336336337,0.01484482033558889,12.0,10.0,1.1999999999999995,0.45454545454545436,0.41666666666666674,0.010245901639344265,0.29411764705882354,0.29450566506285897,0.5
graph_0101_mu_0_2_node_680,27,0.33618233618233617,0.0016927129345876936,0.37826580840590684,2.6436436436436437,0.019004358119089612,18.0,9.0,2.0,0.33333333333333326,0.4090909090909091,0.009202453987730062,0.20000000000000004,0.20034939244535893,0.8181818181818182
graph_0101_mu_0_2_node_681,16,0.19166666666666668,0.001225635203013413,0.3579362235757793,2.793793793793794,0.006669139078880355,9.0,7.0,1.2857142857142858,0.4375,0.5,0.007099391480730219,0.28000000000000014,0.28027158098933075,0.6428571428571429
graph_0101_mu_0_2_node_682,25,0.33666666666666667,0.0014556672222829964,0.38202676864244745,2.6176176176176176,0.04533167226257158,17.0,8.0,2.125,0.32,0.18181818181818182,0.00836820083682008,0.19047619047619055,0.19078674948240162,0.38636363636363635
graph_0101_mu_0_2_node_683,26,0.31521739130434784,0.0012384403416100824,0.3706864564007421,2.6976976976976976,0.014222160515473387,20.0,6.0,3.333333333333334,0.2307692307692308,0.2222222222222223,0.0061664953751284675,0.13043478260869562,0.13066777422099762,0.7037037037037039
graph_0101_mu_0_2_node_684,38,0.31746031746031744,0.0021958406420924084,0.38334612432847276,2.6086086086086087,0.023750093120897632,30.0,8.0,3.75,0.21052631578947364,0.23529411764705885,0.008281573498964802,0.11764705882352942,0.11795793159884614,0.8529411764705883
graph_0101_mu_0_2_node_685,36,0.37076648841354726,0.0018828569514617655,0.38841368584758945,2.5745745745745747,0.07094650623907511,28.0,8.0,3.5,0.2222222222222223,0.1739130434782608,0.008385744234800842,0.125,0.12531082446188518,0.5869565217391305
graph_0101_mu_0_2_node_686,18,0.35294117647058826,0.0009598437314836423,0.359740727403673,2.77977977977978,0.00795464914686013,13.0,5.0,2.600000000000001,0.2777777777777778,0.25,0.00510204081632653,0.16129032258064516,0.1614843842922695,0.6500000000000002
graph_0101_mu_0_2_node_687,18,0.28104575163398693,0.0011100011868717256,0.3605196679898953,2.7737737737737738,0.008447342995773717,12.0,6.0,2.0,0.33333333333333326,0.3529411764705881,0.006103763987792472,0.20000000000000004,0.2002328469419435,0.7058823529411762
graph_0101_mu_0_2_node_688,31,0.2857142857142857,0.002177850729624806,0.3792710706150342,2.6366366366366365,0.019297318309061083,21.0,10.0,2.100000000000001,0.3225806451612903,0.37037037037037035,0.01027749229188078,0.19230769230769237,0.19269598150548678,0.7407407407407407
graph_0101_mu_0_2_node_689,39,0.24696356275303644,0.004145052921650105,0.3994402239104358,2.5035035035035036,0.02792425125093415,26.0,13.0,2.0,0.33333333333333326,0.3823529411764707,0.013457556935817802,0.20000000000000004,0.20050491319377006,0.7647058823529413
graph_0101_mu_0_2_node_690,25,0.48616600790513836,0.0008011846153713284,0.37373737373737376,2.675675675675676,0.046595802005861636,21.0,4.0,5.25,0.16,0.09090909090909091,0.00418410041841004,0.0869565217391304,0.08711187361112051,0.45454545454545436
graph_0101_mu_0_2_node_691,27,0.42735042735042733,0.000963368043890307,0.38202676864244745,2.6176176176176176,0.05210799215459023,21.0,6.0,3.5,0.2222222222222223,0.1363636363636363,0.006276150627615064,0.125,0.1252330097087379,0.4772727272727274
graph_0101_mu_0_2_node_692,31,0.3054187192118227,0.0017299518934351446,0.3837879369957741,2.6056056056056054,0.05805138009134181,23.0,8.0,2.875,0.25806451612903214,0.1739130434782608,0.008385744234800842,0.14814814814814814,0.14845885189212824,0.4782608695652175
graph_0101_mu_0_2_node_693,19,0.3567251461988304,0.0008333555885697903,0.3679558011049724,2.7177177177177176,0.014716401610369306,14.0,5.0,2.7999999999999994,0.2631578947368421,0.14705882352941177,0.005175983436853002,0.15151515151515152,0.15170922829192438,0.41176470588235303
graph_0101_mu_0_2_node_694,40,0.29445234708392604,0.00321409291574726,0.4026602176541717,2.4834834834834836,0.06766870374286431,27.0,13.0,2.076923076923077,0.3250000000000001,0.29545454545454547,0.013598326359832632,0.1940298507462686,0.19453480316421384,0.5909090909090909
graph_0101_mu_0_2_node_695,19,0.391812865497076,0.0008232106493689895,0.36130198915009043,2.7677677677677677,0.011620631241193294,14.0,5.0,2.7999999999999994,0.2631578947368421,0.18518518518518517,0.00513874614594039,0.15151515151515152,0.15170922829192438,0.5185185185185184
graph_0101_mu_0_2_node_696,29,0.396011396011396,0.0013666244713657237,0.3784090909090909,2.6426426426426426,0.020222430808840973,22.0,7.0,3.1428571428571437,0.2413793103448275,0.2592592592592592,0.0071942446043165445,0.13725490196078427,0.13752675717846266,0.777777777777778
graph_0101_mu_0_2_node_697,23,0.3438735177865613,0.0012570080486846947,0.37984790874524715,2.6326326326326326,0.046662532992508075,16.0,7.0,2.2857142857142847,0.3043478260869565,0.15217391304347824,0.007337526205450736,0.1794871794871794,0.17975890806914444,0.3478260869565216
graph_0101_mu_0_2_node_698,30,0.31746031746031744,0.0014448180434016664,0.3863109048723898,2.5885885885885886,0.05042391740032078,22.0,8.0,2.75,0.2666666666666666,0.18181818181818182,0.00836820083682008,0.1538461538461538,0.15415683345780434,0.4772727272727274
graph_0101_mu_0_2_node_699,28,0.16137566137566137,0.0031070793722489092,0.391304347826087,2.5555555555555554,0.016331004175356392,14.0,14.0,1.0,0.5,0.5185185185185184,0.014388489208633089,0.33333333333333326,0.3338765585389828,0.5185185185185184
graph_0101_mu_0_2_node_700,36,0.31194295900178254,0.0022137359082671903,0.39880239520958083,2.5075075075075075,0.07432026281072318,25.0,11.0,2.272727272727273,0.3055555555555554,0.23913043478260876,0.011530398322851156,0.180327868852459,0.18075510309334147,0.5217391304347825
graph_0101_mu_0_2_node_701,23,0.5019762845849802,0.0010183273065133417,0.36195652173913045,2.7627627627627627,0.009855151068292862,19.0,4.0,4.75,0.1739130434782608,0.20000000000000004,0.004081632653061226,0.09523809523809527,0.09539342297962983,0.9499999999999997
graph_0101_mu_0_2_node_702,20,0.1736842105263158,0.00162000572488087,0.38028169014084506,2.6296296296296298,0.01693589109394278,10.0,10.0,1.0,0.5,0.38461538461538475,0.010266940451745378,0.33333333333333326,0.33372129112352583,0.38461538461538475
graph_0101_mu_0_2_node_703,19,0.40350877192982454,0.0009465341018805499,0.3679558011049724,2.7177177177177176,0.015013967713716382,13.0,6.0,2.166666666666667,0.31578947368421056,0.2999999999999999,0.006122448979591837,0.1875,0.18773286501591238,0.6500000000000002
graph_0101_mu_0_2_node_704,21,0.1871345029239766,0.001475472810100548,0.3645985401459854,2.7427427427427427,0.009167308613612505,14.0,7.0,2.0,0.33333333333333326,0.2692307692307692,0.007186858316221764,0.20000000000000004,0.20027168639627393,0.5
graph_0101_mu_0_2_node_705,19,0.34558823529411764,0.0007634853765414243,0.3605196679898953,2.7737737737737738,0.013062161700259135,14.0,5.0,2.7999999999999994,0.2631578947368421,0.20833333333333337,0.0051229508196721325,0.15151515151515152,0.15170922829192438,0.5416666666666667
graph_0101_mu_0_2_node_706,39,0.37237237237237236,0.0018825602540936976,0.392688679245283,2.5465465465465464,0.07698160981182824,31.0,8.0,3.875,0.2051282051282052,0.1739130434782608,0.008385744234800842,0.11428571428571431,0.1145966112233794,0.6521739130434784
graph_0101_mu_0_2_node_707,19,0.21637426900584794,0.00140062650911234,0.367414490621552,2.7217217217217216,0.00940507079791863,11.0,8.0,1.375,0.4210526315789473,0.4210526315789473,0.00815494393476045,0.2666666666666666,0.266977081069895,0.5789473684210529
graph_0101_mu_0_2_node_708,20,0.19473684210526315,0.0013096804088760822,0.369179600886918,2.7087087087087087,0.012596004474126154,12.0,8.0,1.5,0.4000000000000001,0.4210526315789473,0.00815494393476045,0.25,0.2503104384943732,0.6315789473684211
graph_0101_mu_0_2_node_709,22,0.1774891774891775,0.0017288662806567842,0.3823191733639495,2.6156156156156154,0.024335686058798392,12.0,10.0,1.1999999999999995,0.45454545454545436,0.22727272727272718,0.010460251046025102,0.29411764705882354,0.29450566506285897,0.2727272727272726
graph_0101_mu_0_2_node_710,17,0.25735294117647056,0.0008967737446340336,0.36300872093023256,2.754754754754755,0.010563383367572936,11.0,6.0,1.8333333333333328,0.3529411764705881,0.31578947368421056,0.0061162079510703364,0.21428571428571427,0.21451854315649432,0.5789473684210529
graph_0101_mu_0_2_node_711,26,0.3442028985507246,0.0015515536996553094,0.3723443906075289,2.685685685685686,0.014944468003756763,18.0,8.0,2.25,0.3076923076923076,0.36363636363636365,0.0081799591002045,0.18181818181818182,0.1821287649379893,0.7727272727272727
graph_0101_mu_0_2_node_712,24,0.3695652173913043,0.0013120553371685634,0.3768389287061486,2.6536536536536537,0.016617629521165227,16.0,8.0,2.0,0.33333333333333326,0.4000000000000001,0.008163265306122451,0.20000000000000004,0.20031053489635905,0.8000000000000002
graph_0101_mu_0_2_node_713,26,0.39855072463768115,0.0016007301308117046,0.3778366111951589,2.6466466466466465,0.017605610645178762,18.0,8.0,2.25,0.3076923076923076,0.4000000000000001,0.008163265306122451,0.18181818181818182,0.1821287649379893,0.8499999999999998
graph_0101_mu_0_2_node_714,19,0.2867647058823529,0.0007770674760588525,0.36633663366336633,2.72972972972973,0.013371539636904036,13.0,6.0,2.166666666666667,0.31578947368421056,0.2222222222222223,0.0061664953751284675,0.1875,0.18773286501591238,0.4444444444444446
graph_0101_mu_0_2_node_715,16,0.16666666666666666,0.0010643103606584044,0.3624818577648766,2.7587587587587588,0.008468202762537687,9.0,7.0,1.2857142857142858,0.4375,0.2692307692307692,0.007186858316221764,0.28000000000000014,0.28027158098933075,0.34615384615384615
graph_0101_mu_0_2_node_716,20,0.13725490196078433,0.0015447888166481608,0.3671444321940463,2.7237237237237237,0.013762667654526228,10.0,10.0,1.0,0.5,0.6666666666666665,0.010152284263959394,0.33333333333333326,0.33372129112352583,0.5999999999999998
graph_0101_mu_0_2_node_717,22,0.3368421052631579,0.0012375179533372558,0.3634048744998181,2.7517517517517516,0.01056649398015625,14.0,8.0,1.75,0.36363636363636365,0.4000000000000001,0.008163265306122451,0.2222222222222223,0.22253270891010546,0.6500000000000002
graph_0101_mu_0_2_node_718,18,0.375,0.0007823797815827428,0.3594818279956819,2.7817817817817816,0.00982901747479985,13.0,5.0,2.600000000000001,0.2777777777777778,0.3125,0.005081300813008131,0.16129032258064516,0.1614843842922695,0.75
graph_0101_mu_0_2_node_719,27,0.31339031339031337,0.0018561941981610607,0.3779795686719637,2.645645645645646,0.017264369437592086,17.0,10.0,1.6999999999999995,0.37037037037037035,0.41666666666666674,0.010245901639344265,0.22727272727272718,0.22766089589317592,0.7083333333333334
graph_0101_mu_0_2_node_720,28,0.30952380952380953,0.0020547385292001463,0.3823191733639495,2.6156156156156154,0.019848113490427737,19.0,9.0,2.111111111111111,0.32142857142857145,0.33333333333333326,0.009249743062692701,0.19148936170212763,0.19183878127738876,0.7037037037037039
graph_0101_mu_0_2_node_721,23,0.24110671936758893,0.0018476140739772807,0.3794151158374478,2.635635635635636,0.016152599057922434,13.0,10.0,1.3000000000000005,0.4347826086956522,0.37037037037037035,0.01027749229188078,0.2777777777777778,0.27816582589574435,0.4814814814814816
graph_0101_mu_0_2_node_722,20,0.11764705882352941,0.0016896636261981477,0.3729003359462486,2.6816816816816815,0.011874391026445105,11.0,9.0,1.2222222222222217,0.4500000000000001,0.5625,0.009146341463414632,0.29032258064516125,0.29067178329910154,0.625
graph_0101_mu_0_2_node_723,19,0.25735294117647056,0.000998221851358519,0.36287686160552124,2.755755755755756,0.009687333384893988,12.0,7.0,1.7142857142857142,0.36842105263157887,0.4375,0.00711382113821138,0.2258064516129031,0.22607809583658287,0.6875
graph_0101_mu_0_2_node_724,28,0.24074074074074073,0.0022958221255243057,0.3799923925446938,2.6316316316316315,0.015401837948340224,18.0,10.0,1.8000000000000005,0.35714285714285704,0.37037037037037035,0.01027749229188078,0.2173913043478261,0.21777950310559016,0.6666666666666665
graph_0101_mu_0_2_node_725,18,0.43137254901960786,0.0006752896010141035,0.3605196679898953,2.7737737737737738,0.01136253360242307,14.0,4.0,3.5,0.2222222222222223,0.19047619047619055,0.0040858018386108275,0.125,0.12515526744817948,0.6666666666666665
graph_0101_mu_0_2_node_726,18,0.32679738562091504,0.0009099845503904851,0.36064981949458486,2.7727727727727727,0.009127066521634253,12.0,6.0,2.0,0.33333333333333326,0.2727272727272726,0.006134969325153376,0.20000000000000004,0.2002328469419435,0.5454545454545452
graph_0101_mu_0_2_node_727,31,0.30752688172043013,0.0019777642990951192,0.3903868698710434,2.5615615615615615,0.039791200896995775,21.0,10.0,2.100000000000001,0.3225806451612903,0.2631578947368421,0.010395010395010396,0.19230769230769237,0.19269598150548678,0.5526315789473684
graph_0101_mu_0_2_node_728,29,0.2621082621082621,0.0023516195915077817,0.3794151158374478,2.635635635635636,0.016158846354747923,20.0,9.0,2.2222222222222223,0.31034482758620696,0.4090909090909091,0.009202453987730062,0.1836734693877551,0.18402291609713195,0.8636363636363634
graph_0101_mu_0_2_node_729,37,0.28907563025210087,0.002688458265047987,0.39346199291059475,2.5415415415415414,0.04678204552018647,25.0,12.0,2.083333333333333,0.3243243243243245,0.31578947368421056,0.012474012474012476,0.19354838709677416,0.19401444271274437,0.6315789473684211
graph_0101_mu_0_2_node_730,31,0.23399014778325122,0.0026621215610911166,0.38497109826589593,2.5975975975975976,0.02054025476040215,18.0,13.0,1.3846153846153846,0.4193548387096773,0.6190476190476188,0.013278855975485193,0.2653061224489796,0.265810722068589,0.8095238095238098
graph_0101_mu_0_2_node_731,32,0.38306451612903225,0.002264596350499505,0.38841368584758945,2.5745745745745747,0.02865780317437664,22.0,10.0,2.1999999999999997,0.3125,0.35714285714285704,0.0102880658436214,0.18518518518518517,0.18557350453902183,0.7857142857142859
graph_0101_mu_0_2_node_732,22,0.3722943722943723,0.0010233968297131547,0.369179600886918,2.7087087087087087,0.012514938429174498,16.0,6.0,2.666666666666666,0.2727272727272726,0.2307692307692308,0.006160164271047226,0.15789473684210528,0.1581276560967636,0.6153846153846152
graph_0101_mu_0_2_node_733,16,0.3,0.000656071028964929,0.35589597434983966,2.80980980980981,0.009602128396827976,11.0,5.0,2.1999999999999997,0.3125,0.2631578947368421,0.00509683995922528,0.18518518518518517,0.18537921677352773,0.5789473684210529
graph_0101_mu_0_2_node_734,31,0.22580645161290322,0.0029744271638360974,0.39627132090440303,2.5235235235235236,0.029377298498845444,19.0,12.0,1.583333333333333,0.3870967741935483,0.33333333333333326,0.01244813278008299,0.2400000000000001,0.24046583850931671,0.5277777777777778
graph_0101_mu_0_2_node_735,38,0.319047619047619,0.0026030560193328043,0.3981666002391391,2.5115115115115114,0.04262674188000744,27.0,11.0,2.454545454545454,0.28947368421052644,0.28947368421052644,0.011434511434511435,0.16923076923076918,0.16965806985618195,0.6842105263157895
graph_0101_mu_0_2_node_736,18,0.5163398692810458,0.00042814022950492096,0.36419978126139263,2.745745745745746,0.01443760277467174,15.0,3.0,5.0,0.16666666666666663,0.08571428571428569,0.0031088082901554394,0.09090909090909091,0.09102555505754385,0.42857142857142855
graph_0101_mu_0_2_node_737,17,0.3088235294117647,0.0009164493162969685,0.35857860732232594,2.7887887887887888,0.00918353858091894,11.0,6.0,1.8333333333333328,0.3529411764705881,0.26086956521739124,0.006141248720573185,0.21428571428571427,0.21451854315649432,0.4782608695652175
graph_0101_mu_0_2_node_738,29,0.2621082621082621,0.0018871998350335907,0.3821729150726855,2.6166166166166165,0.02972278598178594,20.0,9.0,2.2222222222222223,0.31034482758620696,0.20454545454545456,0.009414225941422593,0.1836734693877551,0.18402291609713195,0.4318181818181817
graph_0101_mu_0_2_node_739,20,0.5157894736842106,0.0005541588927514771,0.3682270549207519,2.715715715715716,0.04878612995898132,17.0,3.0,5.666666666666667,0.14999999999999994,0.06382978723404255,0.003147953830010493,0.08108108108108113,0.08119756331754005,0.3617021276595746
graph_0101_mu_0_2_node_740,25,0.33,0.0014266017419641884,0.38173481085212074,2.6196196196196198,0.021014476784427947,17.0,8.0,2.125,0.32,0.23529411764705885,0.008281573498964802,0.19047619047619055,0.19078674948240162,0.5
graph_0101_mu_0_2_node_741,28,0.32275132275132273,0.0013843506560369495,0.3867595818815331,2.5855855855855854,0.062132371759382944,18.0,10.0,1.8000000000000005,0.35714285714285704,0.2127659574468086,0.010493179433368307,0.2173913043478261,0.21777950310559016,0.38297872340425526
graph_0101_mu_0_2_node_742,27,0.3933333333333333,0.0014928904260887283,0.37151357381926364,2.6916916916916915,0.014085129866146384,20.0,7.0,2.8571428571428563,0.2592592592592592,0.31818181818181823,0.007157464212678935,0.148936170212766,0.14920798320542697,0.8636363636363634
graph_0101_mu_0_2_node_743,16,0.24175824175824176,0.0007201749004451856,0.35438098616530683,2.8218218218218216,0.0067272799920622675,12.0,4.0,3.0,0.25,0.2666666666666666,0.004060913705583756,0.1428571428571428,0.14301238620108456,0.7333333333333332
graph_0101_mu_0_2_node_744,19,0.13970588235294118,0.0012831609018772775,0.37013708781030014,2.7017017017017015,0.010741016072522702,9.0,10.0,0.9000000000000002,0.5263157894736842,0.5263157894736842,0.01019367991845056,0.35714285714285704,0.35753078483313566,0.4210526315789473
graph_0101_mu_0_2_node_745,25,0.5466666666666666,0.0007220760913269381,0.3704115684093437,2.6996996996997,0.023567188990904295,20.0,5.0,4.0,0.20000000000000004,0.17857142857142852,0.0051440329218107,0.11111111111111115,0.11130527832791824,0.7142857142857141
graph_0101_mu_0_2_node_746,34,0.3629032258064516,0.001978853198333811,0.3870592793490895,2.5835835835835836,0.06827270008605348,26.0,8.0,3.25,0.23529411764705885,0.1739130434782608,0.008385744234800842,0.1333333333333333,0.13364410949680156,0.5434782608695653
graph_0101_mu_0_2_node_747,19,0.27205882352941174,0.0009196638713605429,0.3588362068965517,2.7867867867867866,0.009907660724866712,13.0,6.0,2.166666666666667,0.31578947368421056,0.2400000000000001,0.006153846153846153,0.1875,0.18773286501591238,0.4800000000000002
graph_0101_mu_0_2_node_748,22,0.2987012987012987,0.0013639583159669377,0.3755639097744361,2.6626626626626626,0.02348380608650072,14.0,8.0,1.75,0.36363636363636365,0.2222222222222223,0.00829875518672199,0.2222222222222223,0.22253270891010546,0.388888888888889
graph_0101_mu_0_2_node_749,16,0.35,0.000762447026817892,0.35755189692197564,2.7967967967967966,0.007463578897685086,11.0,5.0,2.1999999999999997,0.3125,0.2631578947368421,0.00509683995922528,0.18518518518518517,0.18537921677352773,0.5789473684210529
graph_0101_mu_0_2_node_750,29,0.3078817733990148,0.0018616093624896771,0.38886726352666406,2.5715715715715715,0.05958508110776241,20.0,9.0,2.2222222222222223,0.31034482758620696,0.19148936170212763,0.00944386149003148,0.1836734693877551,0.18402291609713195,0.4255319148936172
graph_0101_mu_0_2_node_751,21,0.34502923976608185,0.0007712771243687162,0.36064981949458486,2.7727727727727727,0.010283708850340386,17.0,4.0,4.25,0.19047619047619055,0.14814814814814814,0.0041109969167523125,0.10526315789473682,0.10541846151331116,0.5925925925925926
graph_0101_mu_0_2_node_752,29,0.36182336182336183,0.0017205392717077703,0.37276119402985075,2.6826826826826826,0.015047564715481526,22.0,7.0,3.1428571428571437,0.2413793103448275,0.28000000000000014,0.007179487179487177,0.13725490196078427,0.13752675717846266,0.84
graph_0101_mu_0_2_node_753,45,0.3292929292929293,0.0029882190310899404,0.4065934065934066,2.4594594594594597,0.09631364817783936,34.0,11.0,3.090909090909091,0.24444444444444444,0.23404255319148948,0.011542497376705143,0.13924050632911394,0.13966803946293174,0.7234042553191492
graph_0101_mu_0_2_node_754,52,0.27677224736048267,0.004846181053430578,0.41607663473552686,2.4034034034034035,0.09731140056159857,37.0,15.0,2.4666666666666677,0.2884615384615384,0.3260869565217392,0.015723270440251572,0.16853932584269668,0.1691223708926442,0.8043478260869569
graph_0101_mu_0_2_node_755,23,0.30434782608695654,0.0017187544079053131,0.37641296156744536,2.6566566566566565,0.014225931424328644,14.0,9.0,1.555555555555556,0.3913043478260869,0.4090909090909091,0.009202453987730062,0.24324324324324328,0.24359252721110905,0.6363636363636365
graph_0101_mu_0_2_node_756,31,0.27586206896551724,0.002639090131078394,0.3757051523128996,2.6616616616616615,0.013956726204105149,21.0,10.0,2.100000000000001,0.3225806451612903,0.41666666666666674,0.010245901639344265,0.19230769230769237,0.19269598150548678,0.8333333333333335
graph_0101_mu_0_2_node_757,35,0.3125,0.002464054801318269,0.3885647607934656,2.5735735735735736,0.024098086852026947,24.0,11.0,2.1818181818181808,0.3142857142857142,0.4074074074074074,0.011305241521068855,0.18644067796610167,0.1868678790224534,0.8518518518518517
graph_0101_mu_0_2_node_758,27,0.2336182336182336,0.00201651801168727,0.38349328214971207,2.6076076076076076,0.019233795914593118,16.0,11.0,1.4545454545454546,0.4074074074074074,0.3142857142857142,0.011398963730569948,0.2558139534883721,0.25624088925394556,0.45714285714285724
graph_0101_mu_0_2_node_759,16,0.5666666666666667,0.0002681335359058707,0.34820494945974206,2.8718718718718717,0.008370250442726877,14.0,2.0,7.0,0.125,0.08333333333333331,0.0020491803278688517,0.06666666666666665,0.06674430641821948,0.5833333333333334
graph_0101_mu_0_2_node_760,38,0.2332859174964438,0.0035444609184200095,0.4095940959409594,2.4414414414414414,0.04520914456954315,23.0,15.0,1.5333333333333337,0.3947368421052631,0.3947368421052631,0.015592515592515593,0.24590163934426232,0.24648405052655695,0.6052631578947368
graph_0101_mu_0_2_node_761,25,0.36666666666666664,0.0013290267288865087,0.37612951807228917,2.6586586586586587,0.018482039109113644,18.0,7.0,2.5714285714285716,0.28000000000000014,0.31818181818181823,0.007157464212678935,0.1627906976744186,0.1630624684551773,0.8181818181818182
graph_0101_mu_0_2_node_762,15,0.3142857142857143,0.0007226843512780265,0.3513893774182202,2.845845845845846,0.0061809035732609385,10.0,5.0,2.0,0.33333333333333326,0.35714285714285704,0.005070993914807303,0.20000000000000004,0.2001940165302084,0.7142857142857141
graph_0101_mu_0_2_node_763,35,0.4166666666666667,0.0019603579000465566,0.38482280431432975,2.5985985985985987,0.029305677067227996,26.0,9.0,2.888888888888888,0.2571428571428571,0.32142857142857145,0.009259259259259259,0.14754098360655735,0.14789059320916784,0.8928571428571427
graph_0101_mu_0_2_node_764,26,0.1956521739130435,0.0019768320269386566,0.3751408186256102,2.665665665665666,0.012928324705074386,17.0,9.0,1.8888888888888888,0.34615384615384615,0.34615384615384615,0.009240246406570842,0.2093023255813953,0.20965169090106456,0.6153846153846152
graph_0101_mu_0_2_node_765,20,0.2578947368421053,0.0013858068548426071,0.3651315789473684,2.7387387387387387,0.008837596382433368,12.0,8.0,1.5,0.4000000000000001,0.36363636363636365,0.0081799591002045,0.25,0.2503104384943732,0.5454545454545452
graph_0101_mu_0_2_node_766,27,0.4066666666666667,0.0014186982589850835,0.37528174305033807,2.664664664664665,0.015799355948991994,19.0,8.0,2.375,0.2962962962962963,0.4000000000000001,0.008163265306122451,0.1739130434782608,0.17422365071540954,0.9000000000000002
graph_0101_mu_0_2_node_767,28,0.2222222222222222,0.0024346594342230968,0.3882627283326856,2.5755755755755754,0.024331583170814627,16.0,12.0,1.333333333333333,0.42857142857142855,0.33333333333333326,0.01244813278008299,0.2727272727272726,0.2731930027590976,0.4444444444444446
graph_0101_mu_0_2_node_768,31,0.3399014778325123,0.0016490074705133879,0.3851195065535852,2.5965965965965965,0.02301553269747293,24.0,7.0,3.4285714285714284,0.2258064516129031,0.20000000000000004,0.007253886010362697,0.12727272727272723,0.12754462472854391,0.6571428571428573
graph_0101_mu_0_2_node_769,22,0.3473684210526316,0.0009764184326255204,0.3647316538882804,2.7417417417417416,0.013187206510431412,16.0,6.0,2.666666666666666,0.2727272727272726,0.25,0.006147540983606559,0.15789473684210528,0.1581276560967636,0.625
graph_0101_mu_0_2_node_770,21,0.4857142857142857,0.0007230692038219761,0.36208771293947084,2.7617617617617616,0.009924420097222986,17.0,4.0,4.25,0.19047619047619055,0.20000000000000004,0.004081632653061226,0.10526315789473682,0.10541846151331116,0.8499999999999998
graph_0101_mu_0_2_node_771,24,0.3246753246753247,0.0015202875051488895,0.3698630136986301,2.7037037037037037,0.012067049917380853,16.0,8.0,2.0,0.33333333333333326,0.3809523809523811,0.008171603677221655,0.20000000000000004,0.20031053489635905,0.7142857142857141
graph_0101_mu_0_2_node_772,30,0.30687830687830686,0.0020742635406874213,0.3894736842105263,2.5675675675675675,0.02328320762939333,21.0,9.0,2.3333333333333335,0.2999999999999999,0.33333333333333326,0.009249743062692701,0.17647058823529405,0.1768200620830012,0.7407407407407407
graph_0101_mu_0_2_node_773,27,0.23666666666666666,0.0019286916272158697,0.3858632676709154,2.5915915915915915,0.019884526045921926,17.0,10.0,1.6999999999999995,0.37037037037037035,0.37037037037037035,0.01027749229188078,0.22727272727272718,0.22766089589317592,0.5925925925925926
graph_0101_mu_0_2_node_774,49,0.35892691951896394,0.0034865347930910034,0.40808823529411764,2.4504504504504503,0.08494048522992426,39.0,10.0,3.899999999999999,0.20408163265306117,0.22727272727272718,0.010460251046025102,0.11363636363636359,0.11402519636052569,0.8636363636363634
graph_0101_mu_0_2_node_775,51,0.28656462585034015,0.004109478916082337,0.40925850061450225,2.4434434434434436,0.09890797137734057,38.0,13.0,2.923076923076922,0.2549019607843137,0.27659574468085113,0.013641133263378801,0.14606741573033707,0.14657280001677336,0.7872340425531913
graph_0101_mu_0_2_node_776,28,0.30423280423280424,0.002362214641066671,0.3830521472392638,2.6106106106106104,0.015785676967043732,18.0,10.0,1.8000000000000005,0.35714285714285704,0.45454545454545436,0.010224948875255628,0.2173913043478261,0.21777950310559016,0.8181818181818182
graph_0101_mu_0_2_node_777,25,0.2964426877470356,0.0013924842189675364,0.3697261287934863,2.704704704704705,0.01639041953970408,17.0,8.0,2.125,0.32,0.4210526315789473,0.00815494393476045,0.19047619047619055,0.19078674948240162,0.8421052631578946
graph_0101_mu_0_2_node_778,21,0.26666666666666666,0.0013044794684794313,0.37712344280860705,2.6516516516516515,0.02152691611186012,12.0,9.0,1.333333333333333,0.42857142857142855,0.2647058823529412,0.009316770186335404,0.2727272727272726,0.27307650248164783,0.3529411764705881
graph_0101_mu_0_2_node_779,17,0.3523809523809524,0.0007019194013449332,0.3545067423704755,2.820820820820821,0.009180114704145882,12.0,5.0,2.399999999999999,0.29411764705882354,0.35714285714285704,0.005070993914807303,0.17241379310344834,0.1726078397522626,0.7857142857142859
graph_0101_mu_0_2_node_780,26,0.29347826086956524,0.0016994147159089055,0.37612951807228917,2.6586586586586587,0.014362416070392946,17.0,9.0,1.8888888888888888,0.34615384615384615,0.4500000000000001,0.009183673469387756,0.2093023255813953,0.20965169090106456,0.8000000000000002
graph_0101_mu_0_2_node_781,20,0.20526315789473684,0.0015887294831846825,0.37641296156744536,2.6566566566566565,0.012486228438341232,11.0,9.0,1.2222222222222217,0.4500000000000001,0.34615384615384615,0.009240246406570842,0.29032258064516125,0.29067178329910154,0.4230769230769231
graph_0101_mu_0_2_node_782,17,0.4264705882352941,0.0005854652506511258,0.35844994617868675,2.78978978978979,0.014043885565107177,13.0,4.0,3.25,0.23529411764705885,0.16666666666666663,0.004098360655737703,0.1333333333333333,0.13348858872845826,0.5416666666666667
graph_0101_mu_0_2_node_783,20,0.22875816993464052,0.0012377135720560099,0.3594818279956819,2.7817817817817816,0.008474870915749323,13.0,7.0,1.8571428571428577,0.3499999999999999,0.4375,0.00711382113821138,0.21212121212121207,0.2123928774295523,0.75
graph_0101_mu_0_2_node_784,33,0.32575757575757575,0.0021804653108838013,0.38901869158878505,2.5705705705705704,0.03640939183223539,24.0,9.0,2.666666666666666,0.2727272727272726,0.2368421052631579,0.009355509355509356,0.15789473684210528,0.15824429213009994,0.6315789473684211
graph_0101_mu_0_2_node_785,34,0.4475806451612903,0.0018139840735924319,0.38173481085212074,2.6196196196196198,0.02796745664309737,26.0,8.0,3.25,0.23529411764705885,0.2857142857142856,0.008230452674897122,0.1333333333333333,0.13364410949680156,0.8928571428571427
graph_0101_mu_0_2_node_786,22,0.2894736842105263,0.0013603563354393467,0.3645985401459854,2.7427427427427427,0.011242483712934011,14.0,8.0,1.75,0.36363636363636365,0.5,0.008130081300813009,0.2222222222222223,0.22253270891010546,0.8125
graph_0101_mu_0_2_node_787,21,0.3761904761904762,0.0010706937588442222,0.36836283185840707,2.714714714714715,0.01279199281335489,15.0,6.0,2.5,0.2857142857142856,0.2727272727272726,0.006134969325153376,0.16666666666666663,0.16689956783893584,0.6818181818181818
graph_0101_mu_0_2_node_788,37,0.3408408408408408,0.0025381422935829064,0.3914576802507837,2.5545545545545547,0.03464477493239545,28.0,9.0,3.111111111111112,0.24324324324324328,0.25,0.009336099585062239,0.1384615384615384,0.13881120239564623,0.777777777777778
graph_0101_mu_0_2_node_789,44,0.2868757259001161,0.003571223319923001,0.4034733441033926,2.4784784784784786,0.0850642044274607,32.0,12.0,2.666666666666666,0.2727272727272726,0.2553191489361702,0.012591815320041971,0.15789473684210528,0.15836104600508033,0.6595744680851062
graph_0101_mu_0_2_node_790,19,0.19883040935672514,0.0012621346114483874,0.36958934517203107,2.705705705705706,0.011433530165199044,12.0,7.0,1.7142857142857142,0.36842105263157887,0.36842105263157887,0.007135575942915391,0.2258064516129031,0.22607809583658287,0.6315789473684211
graph_0101_mu_0_2_node_791,30,0.27586206896551724,0.002456238020833955,0.384526558891455,2.6006006006006004,0.02321401386007715,20.0,10.0,2.0,0.33333333333333326,0.2777777777777778,0.010373443983402487,0.20000000000000004,0.20038825904643573,0.5555555555555556
graph_0101_mu_0_2_node_792,23,0.32806324110671936,0.001613705741508233,0.3723443906075289,2.685685685685686,0.014660816451220011,15.0,8.0,1.875,0.3478260869565216,0.33333333333333326,0.008196721311475407,0.21052631578947364,0.21083682657972366,0.625
graph_0101_mu_0_2_node_793,20,0.2631578947368421,0.001355323201715544,0.369179600886918,2.7087087087087087,0.012724264459806572,12.0,8.0,1.5,0.4000000000000001,0.5,0.008130081300813009,0.25,0.2503104384943732,0.75
graph_0101_mu_0_2_node_794,24,0.3116883116883117,0.00130580915563214,0.3726221559119731,2.6836836836836837,0.01268635228308628,17.0,7.0,2.4285714285714284,0.2916666666666667,0.31818181818181823,0.007157464212678935,0.17073170731707318,0.17100345699679678,0.7272727272727273
graph_0101_mu_0_2_node_795,32,0.21379310344827587,0.0028449163036893036,0.3994402239104358,2.5035035035035036,0.023820573415688988,18.0,14.0,1.2857142857142858,0.4375,0.6363636363636365,0.01431492842535787,0.28000000000000014,0.2805433938829375,0.7727272727272727
graph_0101_mu_0_2_node_796,35,0.3428030303030303,0.0021113730618611973,0.3821729150726855,2.6166166166166165,0.022603261326261222,26.0,9.0,2.888888888888888,0.2571428571428571,0.33333333333333326,0.009249743062692701,0.14754098360655735,0.14789059320916784,0.9259259259259256
graph_0101_mu_0_2_node_797,19,0.20588235294117646,0.0012313629063464707,0.3690432212781677,2.70970970970971,0.009865461751139705,10.0,9.0,1.1111111111111112,0.4736842105263158,0.4090909090909091,0.009202453987730062,0.31034482758620696,0.3106940031439179,0.4090909090909091
graph_0101_mu_0_2_node_798,29,0.3669950738916256,0.0013724340633181303,0.37984790874524715,2.6326326326326326,0.02931410963485012,23.0,6.0,3.8333333333333344,0.20689655172413793,0.1363636363636363,0.006276150627615064,0.1153846153846154,0.11561766129465971,0.5227272727272725
graph_0101_mu_0_2_node_799,23,0.2924901185770751,0.001580621156511176,0.376271186440678,2.6576576576576576,0.014941214183946195,15.0,8.0,1.875,0.3478260869565216,0.3076923076923076,0.008213552361396302,0.21052631578947364,0.21083682657972366,0.5769230769230768
graph_0101_mu_0_2_node_800,17,0.12380952380952381,0.0009464829933943934,0.367414490621552,2.7217217217217216,0.012620704195699222,8.0,9.0,0.8888888888888892,0.5294117647058824,0.5294117647058824,0.00915564598168871,0.36,0.3603491213778656,0.41176470588235303
graph_0101_mu_0_2_node_801,18,0.35947712418300654,0.000744680777899272,0.36633663366336633,2.72972972972973,0.01204812056433165,14.0,4.0,3.5,0.2222222222222223,0.14814814814814814,0.0041109969167523125,0.125,0.12515526744817948,0.5185185185185184
graph_0101_mu_0_2_node_802,21,0.26900584795321636,0.0011902115840870756,0.3659340659340659,2.7327327327327327,0.011541349678461788,15.0,6.0,2.5,0.2857142857142856,0.31578947368421056,0.0061162079510703364,0.16666666666666663,0.16689956783893584,0.7368421052631577
graph_0101_mu_0_2_node_803,20,0.2,0.0014162796746742103,0.37387724550898205,2.674674674674675,0.016188937431470134,11.0,9.0,1.2222222222222217,0.4500000000000001,0.3913043478260869,0.009211873080859774,0.29032258064516125,0.29067178329910154,0.4782608695652175
graph_0101_mu_0_2_node_804,25,0.36,0.0014149134382948911,0.3755639097744361,2.6626626626626626,0.01473600079824438,18.0,7.0,2.5714285714285716,0.28000000000000014,0.2592592592592592,0.0071942446043165445,0.1627906976744186,0.1630624684551773,0.6666666666666665
graph_0101_mu_0_2_node_805,31,0.2955665024630542,0.0018050799921228767,0.38917023763147646,2.5695695695695697,0.03171405556532547,22.0,9.0,2.4444444444444433,0.29032258064516125,0.2368421052631579,0.009355509355509356,0.16981132075471703,0.17016082174496977,0.5526315789473684
graph_0101_mu_0_2_node_806,45,0.2868217054263566,0.004347059426458822,0.40775510204081633,2.4524524524524525,0.04098038262828551,31.0,14.0,2.2142857142857153,0.311111111111111,0.388888888888889,0.014522821576763488,0.18421052631578944,0.1847544691240884,0.8333333333333335
graph_0101_mu_0_2_node_807,35,0.2784090909090909,0.0025447878485133062,0.388715953307393,2.5725725725725725,0.029563450313541132,24.0,11.0,2.1818181818181808,0.3142857142857142,0.3055555555555554,0.011410788381742733,0.18644067796610167,0.1868678790224534,0.6388888888888892
graph_0101_mu_0_2_node_808,27,0.2633333333333333,0.0013280716924698572,0.3830521472392638,2.6106106106106104,0.04499606853535458,19.0,8.0,2.375,0.2962962962962963,0.18181818181818182,0.00836820083682008,0.1739130434782608,0.17422365071540954,0.4090909090909091
graph_0101_mu_0_2_node_809,21,0.20952380952380953,0.0014843185705029369,0.3706864564007421,2.6976976976976976,0.013522212221568537,12.0,9.0,1.333333333333333,0.42857142857142855,0.4736842105263158,0.009174311926605505,0.2727272727272726,0.27307650248164783,0.6315789473684211
graph_0101_mu_0_2_node_810,26,0.3569230769230769,0.00144400355359767,0.38115223197252956,2.6236236236236237,0.05661822003097546,19.0,7.0,2.7142857142857153,0.2692307692307692,0.148936170212766,0.007345225603357818,0.1555555555555555,0.15582734744062646,0.404255319148936
graph_0101_mu_0_2_node_811,18,0.1830065359477124,0.001256453079277764,0.37054896142433236,2.6986986986986987,0.011178814614009241,10.0,8.0,1.25,0.4444444444444446,0.3076923076923076,0.008213552361396302,0.2857142857142856,0.2860246760301078,0.38461538461538475
graph_0101_mu_0_2_node_812,21,0.22857142857142856,0.0013209791314575086,0.3652650822669104,2.7377377377377377,0.009077487030258033,14.0,7.0,2.0,0.33333333333333326,0.2692307692307692,0.007186858316221764,0.20000000000000004,0.20027168639627393,0.5384615384615384
graph_0101_mu_0_2_node_813,34,0.24777183600713013,0.002949346477249703,0.39705882352941174,2.5185185185185186,0.0347028225491365,22.0,12.0,1.8333333333333328,0.3529411764705881,0.2727272727272726,0.012552301255230129,0.21428571428571427,0.21475166132306767,0.5
graph_0101_mu_0_2_node_814,17,0.13970588235294118,0.0016187719562560411,0.36809137803979364,2.7167167167167166,0.009203633578315462,8.0,9.0,0.8888888888888892,0.5294117647058824,0.6428571428571429,0.009127789046653149,0.36,0.3603491213778656,0.5714285714285712
graph_0101_mu_0_2_node_815,21,0.22807017543859648,0.0012017137399944356,0.3682270549207519,2.715715715715716,0.01022029285129751,14.0,7.0,2.0,0.33333333333333326,0.41176470588235303,0.007121057985757881,0.20000000000000004,0.20027168639627393,0.7647058823529413
graph_0101_mu_0_2_node_816,18,0.20915032679738563,0.0012841947402558198,0.37192851824274015,2.6886886886886887,0.01094180333853993,10.0,8.0,1.25,0.4444444444444446,0.3076923076923076,0.008213552361396302,0.2857142857142856,0.2860246760301078,0.38461538461538475
graph_0101_mu_0_2_node_817,23,0.23809523809523808,0.0013380561194016715,0.3664710198092443,2.7287287287287287,0.011294481137559688,16.0,7.0,2.2857142857142847,0.3043478260869565,0.36842105263157887,0.007135575942915391,0.1794871794871794,0.17975890806914444,0.7894736842105262
graph_0101_mu_0_2_node_818,22,0.26842105263157895,0.0013556250777055465,0.3662023460410557,2.730730730730731,0.00933333970028977,15.0,7.0,2.142857142857143,0.31818181818181823,0.41176470588235303,0.007121057985757881,0.1891891891891892,0.1894608966766712,0.8235294117647061
graph_0101_mu_0_2_node_819,45,0.2956810631229236,0.003783477850647367,0.40396279822078446,2.4754754754754753,0.09059695698824229,33.0,12.0,2.75,0.2666666666666666,0.2553191489361702,0.012591815320041971,0.1538461538461538,0.15431249925265164,0.680851063829787
graph_0101_mu_0_2_node_820,19,0.2222222222222222,0.001240577687171419,0.3729003359462486,2.6816816816816815,0.015518915043555676,11.0,8.0,1.375,0.4210526315789473,0.23529411764705885,0.008281573498964802,0.2666666666666666,0.266977081069895,0.3235294117647059
graph_0101_mu_0_2_node_821,29,0.30049261083743845,0.0017811134775423875,0.38977760436987907,2.5655655655655654,0.05627131124727415,19.0,10.0,1.8999999999999995,0.3448275862068967,0.2173913043478261,0.010482180293501045,0.20833333333333337,0.20872156223309263,0.4130434782608694
graph_0101_mu_0_2_node_822,44,0.25667828106852497,0.0042273931828549095,0.4024979854955681,2.4844844844844847,0.032566239480648955,31.0,13.0,2.3846153846153846,0.29545454545454547,0.37142857142857155,0.013471502590673581,0.1733333333333333,0.17383844270894047,0.8571428571428571
graph_0101_mu_0_2_node_823,17,0.21323529411764705,0.0011314626596654088,0.36809137803979364,2.7167167167167166,0.011203585371617369,10.0,7.0,1.4285714285714282,0.41176470588235303,0.41176470588235303,0.007121057985757881,0.2592592592592592,0.259530861323435,0.5882352941176471
graph_0101_mu_0_2_node_824,41,0.33170731707317075,0.002858414652433198,0.40976210008203445,2.4404404404404403,0.07493883253724562,30.0,11.0,2.727272727272727,0.26829268292682934,0.25,0.011506276150627614,0.15492957746478872,0.15535697770568702,0.6818181818181818
graph_0101_mu_0_2_node_825,48,0.31980676328502416,0.003356241059667539,0.40478119935170176,2.4704704704704703,0.0970717248480845,35.0,13.0,2.692307692307693,0.27083333333333337,0.2826086956521739,0.013626834381551357,0.1566265060240964,0.1571317724549721,0.7391304347826088
graph_0101_mu_0_2_node_826,32,0.34022988505747126,0.00215062564588676,0.3774083868530412,2.6496496496496498,0.014309760838657837,24.0,8.0,3.0,0.25,0.3076923076923076,0.008213552361396302,0.1428571428571428,0.14316787073720189,0.884615384615385
graph_0101_mu_0_2_node_827,18,0.20833333333333334,0.0010239051129716454,0.36,2.7777777777777777,0.007991188417505898,11.0,7.0,1.5714285714285718,0.388888888888889,0.4375,0.00711382113821138,0.2413793103448275,0.2416509334871194,0.625
graph_0101_mu_0_2_node_828,42,0.3008130081300813,0.003625746260563304,0.40942622950819674,2.4424424424424425,0.08824831643811416,29.0,13.0,2.23076923076923,0.3095238095238094,0.27659574468085113,0.013641133263378801,0.18309859154929584,0.18360362243387676,0.6170212765957447
graph_0101_mu_0_2_node_829,26,0.2523076923076923,0.0016818201018289588,0.38086160884483417,2.625625625625626,0.019102573486474525,17.0,9.0,1.8888888888888888,0.34615384615384615,0.33333333333333326,0.009249743062692701,0.2093023255813953,0.20965169090106456,0.6296296296296297
graph_0101_mu_0_2_node_830,27,0.27,0.0019300999794028386,0.3867595818815331,2.5855855855855854,0.01978282469225898,17.0,10.0,1.6999999999999995,0.37037037037037035,0.45454545454545436,0.010224948875255628,0.22727272727272718,0.22766089589317592,0.7272727272727273
graph_0101_mu_0_2_node_831,47,0.34949494949494947,0.0029246880706841625,0.4052738336713996,2.4674674674674675,0.10330818362334435,37.0,10.0,3.700000000000001,0.2127659574468086,0.2127659574468086,0.010493179433368307,0.11904761904761905,0.1194363913048308,0.7659574468085105
graph_0101_mu_0_2_node_832,21,0.30994152046783624,0.0011435527594785542,0.3649981731823164,2.73973973973974,0.011197497270785131,14.0,7.0,2.0,0.33333333333333326,0.3499999999999999,0.007142857142857144,0.20000000000000004,0.20027168639627393,0.6500000000000002
graph_0101_mu_0_2_node_833,24,0.30735930735930733,0.001216130753471699,0.3671444321940463,2.7237237237237237,0.016415335451470656,18.0,6.0,3.0,0.25,0.26086956521739124,0.006141248720573185,0.1428571428571428,0.14309009828500435,0.7391304347826088
graph_0101_mu_0_2_node_834,23,0.2857142857142857,0.0014605084526187818,0.37013708781030014,2.7017017017017015,0.011400038937033318,15.0,8.0,1.875,0.3478260869565216,0.4000000000000001,0.008163265306122451,0.21052631578947364,0.21083682657972366,0.6999999999999998
graph_0101_mu_0_2_node_835,19,0.36764705882352944,0.0008111960236132385,0.3602596465921385,2.775775775775776,0.008345486693083586,14.0,5.0,2.7999999999999994,0.2631578947368421,0.3125,0.005081300813008131,0.15151515151515152,0.15170922829192438,0.8125
graph_0101_mu_0_2_node_836,21,0.2714285714285714,0.001449939174742523,0.3660681568340051,2.7317317317317316,0.00970853132072718,13.0,8.0,1.625,0.3809523809523811,0.4000000000000001,0.008163265306122451,0.23529411764705885,0.2356045802363167,0.6500000000000002
graph_0101_mu_0_2_node_837,46,0.2632135306553911,0.0043235205622995584,0.408255006129955,2.4494494494494496,0.05152586413352608,32.0,14.0,2.2857142857142847,0.3043478260869565,0.36842105263157887,0.014553014553014552,0.1794871794871794,0.18003116456644588,0.8157894736842105
graph_0101_mu_0_2_node_838,37,0.3226890756302521,0.002473867881116533,0.39330708661417324,2.5425425425425425,0.036156975130430806,27.0,10.0,2.7000000000000006,0.27027027027027023,0.2777777777777778,0.010373443983402487,0.15625,0.15663847020433536,0.722222222222222
graph_0101_mu_0_2_node_839,27,0.33,0.0013669102327087369,0.37641296156744536,2.6566566566566565,0.01982842760267488,19.0,8.0,2.375,0.2962962962962963,0.2962962962962963,0.008221993833504625,0.1739130434782608,0.17422365071540954,0.6666666666666665
graph_0101_mu_0_2_node_840,17,0.14285714285714285,0.0009246170494850096,0.36130198915009043,2.7677677677677677,0.009686635423171393,9.0,8.0,1.125,0.4705882352941177,0.5,0.008130081300813009,0.3076923076923076,0.3080026739244615,0.5
graph_0101_mu_0_2_node_841,26,0.28307692307692306,0.0017968415465851738,0.38467462456680784,2.5995995995995997,0.04326844479823914,17.0,9.0,1.8888888888888888,0.34615384615384615,0.20454545454545456,0.009414225941422593,0.2093023255813953,0.20965169090106456,0.38636363636363635
graph_0101_mu_0_2_node_842,30,0.42328042328042326,0.000927805939499329,0.37955927051671734,2.6346346346346348,0.06412881171645578,25.0,5.0,5.0,0.16666666666666663,0.10869565217391305,0.005241090146750523,0.09090909090909091,0.09110333355700667,0.5217391304347825
graph_0101_mu_0_2_node_843,23,0.3476190476190476,0.0012239061646843552,0.3636694575900983,2.74974974974975,0.01187171404031198,16.0,7.0,2.2857142857142847,0.3043478260869565,0.36842105263157887,0.007135575942915391,0.1794871794871794,0.17975890806914444,0.7894736842105262
graph_0101_mu_0_2_node_844,18,0.3006535947712418,0.0009838986142692372,0.36300872093023256,2.754754754754755,0.009924620428517834,12.0,6.0,2.0,0.33333333333333326,0.2727272727272726,0.006134969325153376,0.20000000000000004,0.2002328469419435,0.5454545454545452
graph_0101_mu_0_2_node_845,25,0.31666666666666665,0.0017231888628027928,0.37082405345211583,2.6966966966966965,0.011521233832783946,17.0,8.0,2.125,0.32,0.3809523809523811,0.008171603677221655,0.19047619047619055,0.19078674948240162,0.8095238095238098
graph_0101_mu_0_2_node_846,21,0.34285714285714286,0.0012007167028319037,0.36958934517203107,2.705705705705706,0.012865743230399603,15.0,6.0,2.5,0.2857142857142856,0.2727272727272726,0.006134969325153376,0.16666666666666663,0.16689956783893584,0.6818181818181818
graph_0101_mu_0_2_node_847,19,0.375,0.0007892429022194473,0.3566583363084613,2.803803803803804,0.008187498569653917,14.0,5.0,2.7999999999999994,0.2631578947368421,0.22727272727272718,0.005112474437627814,0.15151515151515152,0.15170922829192438,0.5909090909090909
graph_0101_mu_0_2_node_848,26,0.32,0.0020726694951415693,0.37984790874524715,2.6326326326326326,0.014818027088641123,17.0,9.0,1.8888888888888888,0.34615384615384615,0.4090909090909091,0.009202453987730062,0.2093023255813953,0.20965169090106456,0.7727272727272727
graph_0101_mu_0_2_node_849,26,0.32608695652173914,0.0013892486083003069,0.3679558011049724,2.7177177177177176,0.012030960613520294,19.0,7.0,2.7142857142857153,0.2692307692307692,0.33333333333333326,0.007150153217568952,0.1555555555555555,0.15582734744062646,0.8571428571428571
graph_0101_mu_0_2_node_850,39,0.28205128205128205,0.002939982699184226,0.3967434471803018,2.5205205205205203,0.063674862020329,28.0,11.0,2.545454545454546,0.282051282051282,0.25,0.011506276150627614,0.16417910447761194,0.16460643830302665,0.6363636363636365
graph_0101_mu_0_2_node_851,27,0.30484330484330485,0.00235712857660221,0.3769811320754717,2.6526526526526526,0.012404574925108783,17.0,10.0,1.6999999999999995,0.37037037037037035,0.5,0.01020408163265306,0.22727272727272718,0.22766089589317592,0.8499999999999998
graph_0101_mu_0_2_node_852,20,0.2549019607843137,0.0010297243448344415,0.3687707641196013,2.7117117117117115,0.013425196495344948,13.0,7.0,1.8571428571428577,0.3499999999999999,0.2592592592592592,0.0071942446043165445,0.21212121212121207,0.2123928774295523,0.4444444444444446
graph_0101_mu_0_2_node_853,25,0.41333333333333333,0.0012616165222325607,0.37528174305033807,2.664664664664665,0.02327735329228371,19.0,6.0,3.166666666666666,0.2400000000000001,0.16666666666666663,0.006224066390041495,0.1363636363636363,0.13659660988231306,0.5277777777777778
graph_0101_mu_0_2_node_854,36,0.2857142857142857,0.0026080645031200523,0.3964285714285714,2.5225225225225225,0.05737084693952576,25.0,11.0,2.272727272727273,0.3055555555555554,0.25,0.011506276150627614,0.180327868852459,0.18075510309334147,0.5681818181818182
graph_0101_mu_0_2_node_855,48,0.3120567375886525,0.004134627636574212,0.40925850061450225,2.4434434434434436,0.09811645428372671,35.0,13.0,2.692307692307693,0.27083333333333337,0.27659574468085113,0.013641133263378801,0.1566265060240964,0.1571317724549721,0.7446808510638298
graph_0101_mu_0_2_node_856,33,0.22727272727272727,0.0023591738280521737,0.38616157711635096,2.5895895895895897,0.030326421285300525,24.0,9.0,2.666666666666666,0.2727272727272726,0.20454545454545456,0.009414225941422593,0.15789473684210528,0.15824429213009994,0.5454545454545452
graph_0101_mu_0_2_node_857,16,0.15,0.0012247907882185847,0.3647316538882804,2.7417417417417416,0.007340338614390625,7.0,9.0,0.777777777777778,0.5625,0.6428571428571429,0.009127789046653149,0.3913043478260869,0.39165344212033476,0.5
graph_0101_mu_0_2_node_858,22,0.15584415584415584,0.0015896707528555221,0.37641296156744536,2.6566566566566565,0.017031183152460452,10.0,12.0,0.8333333333333335,0.5454545454545452,0.5714285714285712,0.012257405515832485,0.375,0.3754655132283343,0.4761904761904762
graph_0101_mu_0_2_node_859,16,0.23333333333333334,0.0009453317277867951,0.36208771293947084,2.7617617617617616,0.009398881416416451,9.0,7.0,1.2857142857142858,0.4375,0.36842105263157887,0.007135575942915391,0.28000000000000014,0.28027158098933075,0.4736842105263158
graph_0101_mu_0_2_node_860,38,0.2603129445234708,0.002772575385044517,0.3997599039615846,2.5015015015015014,0.07216155684962403,26.0,12.0,2.166666666666667,0.31578947368421056,0.26086956521739124,0.012578616352201257,0.1875,0.18796609182008858,0.5652173913043478
graph_0101_mu_0_2_node_861,26,0.29846153846153844,0.0020806172933603997,0.37855248200075786,2.6416416416416415,0.015067595610698896,17.0,9.0,1.8888888888888888,0.34615384615384615,0.42857142857142855,0.009193054136874363,0.2093023255813953,0.20965169090106456,0.8095238095238098
graph_0101_mu_0_2_node_862,20,0.22875816993464052,0.0012996800993705726,0.36958934517203107,2.705705705705706,0.01158097302229653,12.0,8.0,1.5,0.4000000000000001,0.4210526315789473,0.00815494393476045,0.25,0.2503104384943732,0.5789473684210529
graph_0101_mu_0_2_node_863,32,0.23908045977011494,0.003156823372445264,0.38408304498269896,2.6036036036036037,0.015211567725774299,21.0,11.0,1.9090909090909096,0.34375,0.4230769230769231,0.011293634496919919,0.20754716981132082,0.20797427134500351,0.7692307692307695
graph_0101_mu_0_2_node_864,27,0.33048433048433046,0.0021598596449826845,0.3851195065535852,2.5965965965965965,0.024280612910479,17.0,10.0,1.6999999999999995,0.37037037037037035,0.35714285714285704,0.0102880658436214,0.22727272727272718,0.22766089589317592,0.6071428571428571
graph_0101_mu_0_2_node_865,27,0.3566666666666667,0.0013030496374194039,0.38290532771176694,2.6116116116116115,0.022129155075714873,20.0,7.0,2.8571428571428563,0.2592592592592592,0.20000000000000004,0.007253886010362697,0.148936170212766,0.14920798320542697,0.5428571428571429
graph_0101_mu_0_2_node_866,18,0.46405228758169936,0.0004854251455560027,0.36958934517203107,2.705705705705706,0.022777764709961363,14.0,4.0,3.5,0.2222222222222223,0.11111111111111115,0.004149377593360995,0.125,0.12515526744817948,0.388888888888889
graph_0101_mu_0_2_node_867,14,0.14285714285714285,0.0008825406577143232,0.35602280826799715,2.808808808808809,0.007808383882442264,7.0,7.0,1.0,0.5,0.4375,0.00711382113821138,0.33333333333333326,0.3336048721827843,0.4375
graph_0101_mu_0_2_node_868,23,0.3238095238095238,0.0012129468526006762,0.3659340659340659,2.7327327327327327,0.014702573075619063,17.0,6.0,2.8333333333333335,0.26086956521739124,0.26086956521739124,0.006141248720573185,0.14999999999999994,0.15023293733985557,0.6956521739130432
graph_0101_mu_0_2_node_869,25,0.37,0.0012130542391223724,0.3786959818043973,2.640640640640641,0.017656316948615,18.0,7.0,2.5714285714285716,0.28000000000000014,0.2592592592592592,0.0071942446043165445,0.1627906976744186,0.1630624684551773,0.6666666666666665
graph_0101_mu_0_2_node_870,20,0.34210526315789475,0.0010499623833726101,0.3713754646840149,2.6926926926926926,0.017170151427344807,13.0,7.0,1.8571428571428577,0.3499999999999999,0.20588235294117652,0.007246376811594205,0.21212121212121207,0.2123928774295523,0.3823529411764707
graph_0101_mu_0_2_node_871,19,0.21323529411764705,0.0011451825464269207,0.3645985401459854,2.7427427427427427,0.008630390354617438,11.0,8.0,1.375,0.4210526315789473,0.3809523809523811,0.008171603677221655,0.2666666666666666,0.266977081069895,0.4761904761904762
graph_0101_mu_0_2_node_872,29,0.3333333333333333,0.0016763454632322075,0.37898330804248864,2.6386386386386387,0.025112074115041533,21.0,8.0,2.625,0.2758620689655173,0.2222222222222223,0.00829875518672199,0.16,0.16031065548306928,0.5555555555555556
graph_0101_mu_0_2_node_873,19,0.29239766081871343,0.0010686662747408612,0.3702742772424018,2.700700700700701,0.011221466223369541,12.0,7.0,1.7142857142857142,0.36842105263157887,0.36842105263157887,0.007135575942915391,0.2258064516129031,0.22607809583658287,0.6315789473684211
graph_0101_mu_0_2_node_874,23,0.4142857142857143,0.0007062513858053337,0.3704115684093437,2.6996996996997,0.024594204134552863,18.0,5.0,3.600000000000001,0.2173913043478261,0.1388888888888889,0.005186721991701244,0.12195121951219516,0.12214535657296001,0.4722222222222222
graph_0101_mu_0_2_node_875,15,0.2,0.000974446622574582,0.3626134301270417,2.7577577577577577,0.010988171992633763,8.0,7.0,1.1428571428571423,0.46666666666666673,0.41176470588235303,0.007121057985757881,0.3043478260869565,0.30461938600471267,0.4705882352941177
graph_0101_mu_0_2_node_876,36,0.32620320855614976,0.0022628203872577532,0.3909980430528376,2.5575575575575575,0.040575096068885354,26.0,10.0,2.600000000000001,0.2777777777777778,0.2631578947368421,0.010395010395010396,0.16129032258064516,0.16167876260550532,0.6578947368421054
graph_0101_mu_0_2_node_877,15,0.3717948717948718,0.0004535833989177203,0.3465140478668054,2.885885885885886,0.0050040640180843915,12.0,3.0,4.0,0.20000000000000004,0.1875,0.0030487804878048786,0.11111111111111115,0.11122754813808572,0.6875
graph_0101_mu_0_2_node_878,22,0.20526315789473684,0.0016096049324465828,0.3667400881057269,2.7267267267267266,0.008792877096311243,13.0,9.0,1.444444444444444,0.4090909090909091,0.42857142857142855,0.009193054136874363,0.2571428571428571,0.25749211400187383,0.5714285714285712
graph_0101_mu_0_2_node_879,17,0.18382352941176472,0.0009772546372760899,0.374578177727784,2.66966966966967,0.017183305894115257,9.0,8.0,1.125,0.4705882352941177,0.4210526315789473,0.00815494393476045,0.3076923076923076,0.3080026739244615,0.4736842105263158
graph_0101_mu_0_2_node_880,20,0.3684210526315789,0.0006558588978056211,0.3758465011286682,2.660660660660661,0.043514051578848,15.0,5.0,3.0,0.25,0.10869565217391305,0.005241090146750523,0.1428571428571428,0.14305123470140352,0.3260869565217392
graph_0101_mu_0_2_node_881,22,0.21645021645021645,0.0016601970831945066,0.378839590443686,2.6396396396396398,0.014215469000476478,12.0,10.0,1.1999999999999995,0.45454545454545436,0.5,0.01020408163265306,0.29411764705882354,0.29450566506285897,0.5999999999999998
graph_0101_mu_0_2_node_882,30,0.36772486772486773,0.0016092178579717896,0.37387724550898205,2.674674674674675,0.016142711545548562,23.0,7.0,3.2857142857142847,0.23333333333333336,0.28000000000000014,0.007179487179487177,0.1320754716981132,0.1323473480332202,0.8800000000000002
graph_0101_mu_0_2_node_883,44,0.29152148664343785,0.004322400222396172,0.40775510204081633,2.4524524524524525,0.04103484149567423,30.0,14.0,2.142857142857143,0.31818181818181823,0.388888888888889,0.014522821576763488,0.1891891891891892,0.18973308973308975,0.8055555555555556
graph_0101_mu_0_2_node_884,28,0.3261538461538461,0.0016088870064765062,0.37712344280860705,2.6516516516516515,0.0209527441953163,20.0,8.0,2.5,0.2857142857142856,0.3076923076923076,0.008213552361396302,0.16666666666666663,0.16697729802490227,0.7307692307692305
graph_0101_mu_0_2_node_885,38,0.25873015873015875,0.003084088079175493,0.40478119935170176,2.4704704704704703,0.061335578169566946,25.0,13.0,1.9230769230769231,0.34210526315789475,0.29545454545454547,0.013598326359832632,0.2063492063492064,0.20685408032489466,0.5454545454545452
graph_0101_mu_0_2_node_886,45,0.28349944629014395,0.004260644823326849,0.40104375752709753,2.4934934934934936,0.03639051576577656,32.0,13.0,2.461538461538461,0.2888888888888888,0.361111111111111,0.013485477178423242,0.16883116883116883,0.16933631746143887,0.8611111111111108
graph_0101_mu_0_2_node_887,32,0.3629032258064516,0.0017065913856892751,0.3882627283326856,2.5755755755755754,0.07092167632594078,24.0,8.0,3.0,0.25,0.17021276595744675,0.00839454354669465,0.1428571428571428,0.14316787073720189,0.5106382978723404
graph_0101_mu_0_2_node_888,25,0.34782608695652173,0.0010500482941479864,0.3731789316398954,2.67967967967968,0.021570348793506944,19.0,6.0,3.166666666666666,0.2400000000000001,0.16666666666666663,0.006224066390041495,0.1363636363636363,0.13659660988231306,0.5
graph_0101_mu_0_2_node_889,24,0.32971014492753625,0.0016079588683052487,0.3766968325791855,2.6546546546546548,0.014489009567895143,16.0,8.0,2.0,0.33333333333333326,0.4000000000000001,0.008163265306122451,0.20000000000000004,0.20031053489635905,0.8000000000000002
graph_0101_mu_0_2_node_890,30,0.2328042328042328,0.0024400342054712275,0.3908450704225352,2.5585585585585586,0.021416883710935156,17.0,13.0,1.3076923076923077,0.43333333333333346,0.5416666666666667,0.01331967213114754,0.27659574468085113,0.27710030513107414,0.6666666666666665
graph_0101_mu_0_2_node_891,20,0.5578947368421052,0.00028933174557218714,0.3660681568340051,2.7317317317317316,0.05045158246073276,18.0,2.0,9.0,0.10000000000000002,0.04255319148936169,0.0020986358866736626,0.05263157894736841,0.05270924281813572,0.38297872340425526
graph_0101_mu_0_2_node_892,26,0.2523076923076923,0.0021469012628822044,0.3867595818815331,2.5855855855855854,0.01763070814394643,15.0,11.0,1.3636363636363635,0.4230769230769231,0.5,0.011247443762781187,0.26829268292682934,0.268719585554221,0.6818181818181818
graph_0101_mu_0_2_node_893,31,0.3655913978494624,0.0018388021913033562,0.38571428571428573,2.5925925925925926,0.031188879563624608,22.0,9.0,2.4444444444444433,0.29032258064516125,0.25,0.009336099585062239,0.16981132075471703,0.17016082174496977,0.6111111111111108
graph_0101_mu_0_2_node_894,14,0.15384615384615385,0.001028872843093657,0.3527542372881356,2.834834834834835,0.005090031397628744,7.0,7.0,1.0,0.5,0.46666666666666673,0.007106598984771575,0.33333333333333326,0.3336048721827843,0.46666666666666673
graph_0101_mu_0_2_node_895,28,0.3323076923076923,0.0017950963792262894,0.37429748969651555,2.6716716716716715,0.017710770415964854,20.0,8.0,2.5,0.2857142857142856,0.33333333333333326,0.008196721311475407,0.16666666666666663,0.16697729802490227,0.7916666666666665
graph_0101_mu_0_2_node_896,30,0.4045977011494253,0.0017092416948979012,0.38482280431432975,2.5985985985985987,0.030182937815800052,23.0,7.0,3.2857142857142847,0.23333333333333336,0.1944444444444445,0.007261410788381744,0.1320754716981132,0.1323473480332202,0.6388888888888892
graph_0101_mu_0_2_node_897,21,0.28095238095238095,0.0011981439788970182,0.3647316538882804,2.7417417417417416,0.01031744211147892,16.0,5.0,3.2000000000000006,0.2380952380952381,0.19230769230769237,0.005133470225872689,0.13513513513513511,0.13532924204922342,0.6153846153846152
graph_0101_mu_0_2_node_898,34,0.32056451612903225,0.001939834720048942,0.38349328214971207,2.6076076076076076,0.02306436158369429,27.0,7.0,3.857142857142856,0.20588235294117652,0.20588235294117652,0.007246376811594205,0.11475409836065568,0.11502605919829506,0.7647058823529413
graph_0101_mu_0_2_node_899,16,0.14285714285714285,0.001069873156189839,0.35844994617868675,2.78978978978979,0.007929556320757964,9.0,7.0,1.2857142857142858,0.4375,0.5,0.007099391480730219,0.28000000000000014,0.28027158098933075,0.5714285714285712
graph_0101_mu_0_2_node_900,22,0.2597402597402597,0.0014221360324709748,0.36768494663231505,2.71971971971972,0.010880843731572519,14.0,8.0,1.75,0.36363636363636365,0.4210526315789473,0.00815494393476045,0.2222222222222223,0.22253270891010546,0.7368421052631577
graph_0101_mu_0_2_node_901,26,0.2923076923076923,0.0019105003720076372,0.3698630136986301,2.7037037037037037,0.015459006139178905,17.0,9.0,1.8888888888888888,0.34615384615384615,0.375,0.009221311475409834,0.2093023255813953,0.20965169090106456,0.7083333333333334
graph_0101_mu_0_2_node_902,21,0.3047619047619048,0.0011597149993539451,0.3735976065818998,2.6766766766766765,0.017407439524318735,13.0,8.0,1.625,0.3809523809523811,0.2962962962962963,0.008221993833504625,0.23529411764705885,0.2356045802363167,0.4814814814814816
graph_0101_mu_0_2_node_903,34,0.4959677419354839,0.0014793646465049784,0.38173481085212074,2.6196196196196198,0.029387192293897635,27.0,7.0,3.857142857142856,0.20588235294117652,0.25,0.007201646090534978,0.11475409836065568,0.11502605919829506,0.9285714285714288
graph_0101_mu_0_2_node_904,39,0.3225371120107962,0.003227893899510803,0.39176470588235296,2.5525525525525525,0.033915835412294336,29.0,10.0,2.899999999999999,0.2564102564102564,0.2777777777777778,0.010373443983402487,0.14705882352941177,0.14744735410676815,0.8055555555555556
graph_0101_mu_0_2_node_905,21,0.3391812865497076,0.0010135737994593458,0.36327272727272725,2.7527527527527527,0.010627451739730063,15.0,6.0,2.5,0.2857142857142856,0.2727272727272726,0.006134969325153376,0.16666666666666663,0.16689956783893584,0.6363636363636365
graph_0101_mu_0_2_node_906,27,0.3933333333333333,0.0012342870991084707,0.3758465011286682,2.660660660660661,0.019001069238225813,20.0,7.0,2.8571428571428563,0.2592592592592592,0.31818181818181823,0.007157464212678935,0.148936170212766,0.14920798320542697,0.8636363636363634
graph_0101_mu_0_2_node_907,30,0.296551724137931,0.0021458112246560018,0.38100686498855835,2.6246246246246248,0.019507959664903183,20.0,10.0,2.0,0.33333333333333326,0.37037037037037035,0.01027749229188078,0.20000000000000004,0.20038825904643573,0.7407407407407407
graph_0101_mu_0_2_node_908,26,0.36,0.0014553798246863601,0.37726586102719034,2.650650650650651,0.016717485899391767,18.0,8.0,2.25,0.3076923076923076,0.33333333333333326,0.008196721311475407,0.18181818181818182,0.1821287649379893,0.75
graph_0101_mu_0_2_node_909,27,0.3933333333333333,0.0012158917986364807,0.37612951807228917,2.6586586586586587,0.02396644532347511,21.0,6.0,3.5,0.2222222222222223,0.16666666666666663,0.006224066390041495,0.125,0.1252330097087379,0.5555555555555556
graph_0101_mu_0_2_node_910,32,0.4274193548387097,0.002125513663273742,0.38616157711635096,2.5895895895895897,0.028193893881337428,24.0,8.0,3.0,0.25,0.2857142857142856,0.008230452674897122,0.1428571428571428,0.14316787073720189,0.8571428571428571
graph_0101_mu_0_2_node_911,23,0.2450592885375494,0.001583335150933878,0.3792710706150342,2.6366366366366365,0.01824910117441593,14.0,9.0,1.555555555555556,0.3913043478260869,0.33333333333333326,0.009249743062692701,0.24324324324324328,0.24359252721110905,0.5185185185185184
graph_0101_mu_0_2_node_912,18,0.09166666666666666,0.0012258825071306161,0.37429748969651555,2.6716716716716715,0.016044225655335084,7.0,11.0,0.6363636363636365,0.6111111111111108,0.7857142857142859,0.011156186612576061,0.4400000000000001,0.4404266377070163,0.42857142857142855
graph_0101_mu_0_2_node_913,21,0.4095238095238095,0.0008269339818472241,0.364067055393586,2.7467467467467466,0.012286158736234667,16.0,5.0,3.2000000000000006,0.2380952380952381,0.20000000000000004,0.005128205128205127,0.13513513513513511,0.13532924204922342,0.64
graph_0101_mu_0_2_node_914,28,0.3169230769230769,0.0016420701602377745,0.37898330804248864,2.6386386386386387,0.01774604744662882,20.0,8.0,2.5,0.2857142857142856,0.32,0.008205128205128202,0.16666666666666663,0.16697729802490227,0.7599999999999999
graph_0101_mu_0_2_node_915,41,0.2982456140350877,0.003115016403337171,0.3991210547343188,2.5055055055055053,0.04866361069485908,28.0,13.0,2.1538461538461537,0.3170731707317073,0.34210526315789475,0.013513513513513516,0.18840579710144925,0.1889107887496643,0.7105263157894738
graph_0101_mu_0_2_node_916,27,0.4033333333333333,0.0014389080151417275,0.37471867966991745,2.6686686686686687,0.01610061360850124,19.0,8.0,2.375,0.2962962962962963,0.4000000000000001,0.008163265306122451,0.1739130434782608,0.17422365071540954,0.9000000000000002
graph_0101_mu_0_2_node_917,28,0.3261538461538461,0.0021532265877770252,0.38129770992366413,2.6226226226226226,0.01781450673412691,18.0,10.0,1.8000000000000005,0.35714285714285704,0.41666666666666674,0.010245901639344265,0.2173913043478261,0.21777950310559016,0.7083333333333334
graph_0101_mu_0_2_node_918,15,0.20952380952380953,0.0009394097453747852,0.3571683947086164,2.7997997997998,0.006628951412035012,9.0,6.0,1.5,0.4000000000000001,0.42857142857142855,0.006085192697768763,0.25,0.2502327927368667,0.6428571428571429
graph_0101_mu_0_2_node_919,23,0.38571428571428573,0.0010402622314991778,0.36809137803979364,2.7167167167167166,0.013847077573870397,17.0,6.0,2.8333333333333335,0.26086956521739124,0.2222222222222223,0.0061664953751284675,0.14999999999999994,0.15023293733985557,0.5925925925925926
graph_0101_mu_0_2_node_920,23,0.38735177865612647,0.0011862382392869276,0.3689069423929099,2.710710710710711,0.015197320954536202,17.0,6.0,2.8333333333333335,0.26086956521739124,0.2222222222222223,0.0061664953751284675,0.14999999999999994,0.15023293733985557,0.6296296296296297
graph_0101_mu_0_2_node_921,26,0.2028985507246377,0.002188454874787725,0.3765548435733132,2.655655655655656,0.01493418335806527,17.0,9.0,1.8888888888888888,0.34615384615384615,0.34615384615384615,0.009240246406570842,0.2093023255813953,0.20965169090106456,0.6153846153846152
graph_0101_mu_0_2_node_922,20,0.22875816993464052,0.0012297395918785148,0.3649981731823164,2.73973973973974,0.009129515808371652,13.0,7.0,1.8571428571428577,0.3499999999999999,0.36842105263157887,0.007135575942915391,0.21212121212121207,0.2123928774295523,0.6315789473684211
graph_0101_mu_0_2_node_923,20,0.4263157894736842,0.0009789875064526645,0.3627450980392157,2.7567567567567566,0.011791344781679746,15.0,5.0,3.0,0.25,0.20833333333333337,0.0051229508196721325,0.1428571428571428,0.14305123470140352,0.625
graph_0101_mu_0_2_node_924,23,0.4505928853754941,0.0006892508436563099,0.37387724550898205,2.674674674674675,0.05754332271704843,19.0,4.0,4.75,0.1739130434782608,0.08510638297872337,0.004197271773347325,0.09523809523809527,0.09539342297962983,0.404255319148936
graph_0101_mu_0_2_node_925,22,0.20346320346320346,0.0019179528049305236,0.3794151158374478,2.635635635635636,0.01677429094321989,11.0,11.0,1.0,0.5,0.5789473684210529,0.01121304791029562,0.33333333333333326,0.33376010345942464,0.5789473684210529
graph_0101_mu_0_2_node_926,21,0.38596491228070173,0.000940809508052196,0.3614327062228654,2.7667667667667666,0.00961757948849743,16.0,5.0,3.2000000000000006,0.2380952380952381,0.22727272727272718,0.005112474437627814,0.13513513513513511,0.13532924204922342,0.6818181818181818
graph_0101_mu_0_2_node_927,14,0.0989010989010989,0.0010880066444999379,0.3635371179039301,2.750750750750751,0.006333992838743436,5.0,9.0,0.5555555555555556,0.6428571428571429,0.6428571428571429,0.009127789046653149,0.4736842105263158,0.47403325066593194,0.35714285714285704
graph_0101_mu_0_2_node_928,23,0.22529644268774704,0.001992191643098237,0.37179010048381095,2.68968968968969,0.01236660055452026,13.0,10.0,1.3000000000000005,0.4347826086956522,0.4761904761904762,0.010214504596527068,0.2777777777777778,0.27816582589574435,0.6190476190476188
graph_0101_mu_0_2_node_929,25,0.1976284584980237,0.0018202592778214744,0.3855654187572366,2.5935935935935936,0.022028786051160768,14.0,11.0,1.272727272727273,0.4400000000000001,0.5,0.011247443762781187,0.282051282051282,0.28247815154563577,0.5909090909090909
graph_0101_mu_0_2_node_930,54,0.29034690799396684,0.0050944244179335395,0.4122988031366075,2.4254254254254253,0.09834602203151471,40.0,14.0,2.8571428571428563,0.2592592592592592,0.3043478260869565,0.014675052410901472,0.148936170212766,0.1494804936964362,0.8478260869565216
graph_0101_mu_0_2_node_931,22,0.24242424242424243,0.0014947927648436756,0.3716517857142857,2.690690690690691,0.012033147857633677,15.0,7.0,2.142857142857143,0.31818181818181823,0.2692307692307692,0.007186858316221764,0.1891891891891892,0.1894608966766712,0.5769230769230768
graph_0101_mu_0_2_node_932,22,0.13157894736842105,0.0019377219308131736,0.3769811320754717,2.6526526526526526,0.01832412513212663,12.0,10.0,1.1999999999999995,0.45454545454545436,0.6666666666666665,0.010152284263959394,0.29411764705882354,0.29450566506285897,0.7333333333333332
graph_0101_mu_0_2_node_933,24,0.20652173913043478,0.0019385936609944564,0.3794151158374478,2.635635635635636,0.01651338082043239,14.0,10.0,1.3999999999999997,0.41666666666666674,0.37037037037037035,0.01027749229188078,0.2631578947368421,0.2635459729734146,0.5185185185185184
graph_0101_mu_0_2_node_934,17,0.14285714285714285,0.000995179539100471,0.3605196679898953,2.7737737737737738,0.008917421957767617,11.0,6.0,1.8333333333333328,0.3529411764705881,0.4000000000000001,0.006091370558375635,0.21428571428571427,0.21451854315649432,0.6666666666666665
graph_0101_mu_0_2_node_935,24,0.19927536231884058,0.0021103417166346834,0.375,2.6666666666666665,0.013346593887160007,14.0,10.0,1.3999999999999997,0.41666666666666674,0.4347826086956522,0.01023541453428864,0.2631578947368421,0.2635459729734146,0.608695652173913
graph_0101_mu_0_2_node_936,19,0.29239766081871343,0.0011315290900555921,0.36863468634686347,2.7127127127127126,0.012879939663254248,12.0,7.0,1.7142857142857142,0.36842105263157887,0.31818181818181823,0.007157464212678935,0.2258064516129031,0.22607809583658287,0.5454545454545452
graph_0101_mu_0_2_node_937,28,0.26461538461538464,0.0017525923367187634,0.3755639097744361,2.6626626626626626,0.015422249114758398,20.0,8.0,2.5,0.2857142857142856,0.2962962962962963,0.008221993833504625,0.16666666666666663,0.16697729802490227,0.7037037037037039
graph_0101_mu_0_2_node_938,46,0.23044397463002114,0.0038182251672637213,0.4000800961153384,2.4994994994994997,0.045035359365600755,33.0,13.0,2.538461538461539,0.2826086956521739,0.29545454545454547,0.013598326359832632,0.16455696202531647,0.1650621499163513,0.7272727272727273
graph_0101_mu_0_2_node_939,22,0.29473684210526313,0.0014411926509910766,0.36782032400589104,2.7187187187187187,0.012364604290907112,14.0,8.0,1.75,0.36363636363636365,0.5,0.008130081300813009,0.2222222222222223,0.22253270891010546,0.8125
graph_0101_mu_0_2_node_940,33,0.3087121212121212,0.0019961238823875266,0.38735944164404806,2.5815815815815815,0.06720903826245038,25.0,8.0,3.125,0.24242424242424232,0.17021276595744675,0.00839454354669465,0.13793103448275865,0.1382417865026468,0.5319148936170212
graph_0101_mu_0_2_node_941,37,0.2907563025210084,0.0028149207206851013,0.392226148409894,2.5495495495495497,0.07116123650266584,26.0,11.0,2.3636363636363638,0.29729729729729737,0.23404255319148948,0.011542497376705143,0.17460317460317454,0.17503044203374354,0.5319148936170212
graph_0101_mu_0_2_node_942,54,0.2948717948717949,0.004435745625196854,0.4171189979123173,2.3973973973973974,0.10454848128625487,40.0,14.0,2.8571428571428563,0.2592592592592592,0.3043478260869565,0.014675052410901472,0.148936170212766,0.1494804936964362,0.8478260869565216
graph_0101_mu_0_2_node_943,21,0.3333333333333333,0.0008454887791888484,0.37096175269216486,2.695695695695696,0.020469588459997218,15.0,6.0,2.5,0.2857142857142856,0.1363636363636363,0.006276150627615064,0.16666666666666663,0.16689956783893584,0.3409090909090909
graph_0101_mu_0_2_node_944,17,0.21904761904761905,0.0006843518998287184,0.36419978126139263,2.745745745745746,0.012456869200063246,10.0,7.0,1.4285714285714282,0.41176470588235303,0.20588235294117652,0.007246376811594205,0.2592592592592592,0.259530861323435,0.2647058823529412
graph_0101_mu_0_2_node_945,22,0.18614718614718614,0.0017293145697111743,0.3754227733934611,2.6636636636636637,0.015383762220393392,12.0,10.0,1.1999999999999995,0.45454545454545436,0.37037037037037035,0.01027749229188078,0.29411764705882354,0.29450566506285897,0.4444444444444446
graph_0101_mu_0_2_node_946,23,0.13438735177865613,0.0019463164784032884,0.374859287054409,2.6676676676676676,0.015419852183790678,13.0,10.0,1.3000000000000005,0.4347826086956522,0.38461538461538475,0.010266940451745378,0.2777777777777778,0.27816582589574435,0.5
graph_0101_mu_0_2_node_947,29,0.43103448275862066,0.001213720047358922,0.3842307692307692,2.6026026026026026,0.06401369994517105,23.0,6.0,3.8333333333333344,0.20689655172413793,0.13043478260869562,0.006289308176100628,0.1153846153846154,0.11561766129465971,0.5
graph_0101_mu_0_2_node_948,37,0.35135135135135137,0.0020591063408420688,0.3964285714285714,2.5225225225225225,0.07566828442976736,29.0,8.0,3.625,0.21621621621621626,0.1739130434782608,0.008385744234800842,0.12121212121212116,0.1215229698288449,0.6304347826086956
graph_0101_mu_0_2_node_949,20,0.2679738562091503,0.0010632618714642697,0.36327272727272725,2.7527527527527527,0.009507071399512722,14.0,6.0,2.3333333333333335,0.2999999999999999,0.3529411764705881,0.006103763987792472,0.17647058823529405,0.17670347132798161,0.7647058823529413
graph_0101_mu_0_2_node_950,28,0.2830687830687831,0.002171161913390565,0.3855654187572366,2.5935935935935936,0.01902468396635853,18.0,10.0,1.8000000000000005,0.35714285714285704,0.37037037037037035,0.01027749229188078,0.2173913043478261,0.21777950310559016,0.6666666666666665
graph_0101_mu_0_2_node_951,21,0.17543859649122806,0.0014369995536630408,0.37096175269216486,2.695695695695696,0.013915522439393365,11.0,10.0,1.0999999999999999,0.4761904761904762,0.625,0.010162601626016262,0.3125,0.31288798789477756,0.625
graph_0101_mu_0_2_node_952,22,0.29473684210526313,0.0011409128345657698,0.36314067611777534,2.7537537537537538,0.009815543008249114,15.0,7.0,2.142857142857143,0.31818181818181823,0.36842105263157887,0.007135575942915391,0.1891891891891892,0.1894608966766712,0.7368421052631577
graph_0101_mu_0_2_node_953,17,0.11764705882352941,0.0012548308473325808,0.3734579439252336,2.6776776776776776,0.014254271802977263,7.0,10.0,0.6999999999999998,0.5882352941176471,0.38461538461538475,0.010266940451745378,0.41666666666666674,0.4170545341711271,0.2692307692307692
graph_0101_mu_0_2_node_954,23,0.31225296442687744,0.0013994764419446011,0.384526558891455,2.6006006006006004,0.02505562126594278,15.0,8.0,1.875,0.3478260869565216,0.2222222222222223,0.00829875518672199,0.21052631578947364,0.21083682657972366,0.41666666666666674
graph_0101_mu_0_2_node_955,17,0.17647058823529413,0.0015378666406325174,0.3634048744998181,2.7517517517517516,0.0063211347938033815,9.0,8.0,1.125,0.4705882352941177,0.5714285714285712,0.008113590263691683,0.3076923076923076,0.3080026739244615,0.6428571428571429
graph_0101_mu_0_2_node_956,18,0.275,0.0008081150008674172,0.3594818279956819,2.7817817817817816,0.009645298946868391,12.0,6.0,2.0,0.33333333333333326,0.3529411764705881,0.006103763987792472,0.20000000000000004,0.2002328469419435,0.6470588235294118
graph_0101_mu_0_2_node_957,19,0.17647058823529413,0.0010916833240187536,0.3605196679898953,2.7737737737737738,0.011887362245553215,12.0,7.0,1.7142857142857142,0.36842105263157887,0.4375,0.00711382113821138,0.2258064516129031,0.22607809583658287,0.6875
graph_0101_mu_0_2_node_958,19,0.2647058823529412,0.0010241699976897335,0.3596112311015119,2.780780780780781,0.008508570928149451,13.0,6.0,2.166666666666667,0.31578947368421056,0.26086956521739124,0.006141248720573185,0.1875,0.18773286501591238,0.5217391304347825
graph_0101_mu_0_2_node_959,23,0.14624505928853754,0.0019309211403622027,0.3776937618147448,2.6476476476476476,0.013238458597886046,12.0,11.0,1.0909090909090904,0.4782608695652175,0.4074074074074074,0.011305241521068855,0.3142857142857142,0.31471251752941887,0.4444444444444446
graph_0101_mu_0_2_node_960,21,0.2904761904761905,0.0012257938895121857,0.3716517857142857,2.690690690690691,0.012361402475345576,13.0,8.0,1.625,0.3809523809523811,0.4000000000000001,0.008163265306122451,0.23529411764705885,0.2356045802363167,0.6500000000000002
graph_0101_mu_0_2_node_961,20,0.2789473684210526,0.0016684377191535664,0.3706864564007421,2.6976976976976976,0.012093123762402642,12.0,8.0,1.5,0.4000000000000001,0.5714285714285712,0.008113590263691683,0.25,0.2503104384943732,0.8571428571428571
graph_0101_mu_0_2_node_962,18,0.21568627450980393,0.0010560965845744245,0.3697261287934863,2.704704704704705,0.01591528488016363,9.0,9.0,1.0,0.5,0.4736842105263158,0.009174311926605505,0.33333333333333326,0.33368248179901977,0.4736842105263158
graph_0101_mu_0_2_node_963,15,0.11428571428571428,0.0009226306891767948,0.3659340659340659,2.7327327327327327,0.013345303912829228,7.0,8.0,0.875,0.5333333333333332,0.5333333333333332,0.008121827411167511,0.36363636363636365,0.3639466817123917,0.46666666666666673
graph_0101_mu_0_2_node_964,21,0.20952380952380953,0.0017726564319743158,0.37712344280860705,2.6516516516516515,0.015190038793184896,11.0,10.0,1.0999999999999999,0.4761904761904762,0.45454545454545436,0.010224948875255628,0.3125,0.31288798789477756,0.5
graph_0101_mu_0_2_node_965,30,0.2206896551724138,0.0029369070429884256,0.3928430987023201,2.5455455455455454,0.01974034417773827,18.0,12.0,1.5,0.4000000000000001,0.4444444444444446,0.012332990750256935,0.25,0.25046580234453847,0.6666666666666665
graph_0101_mu_0_2_node_966,25,0.28,0.0014156739050290089,0.378839590443686,2.6396396396396398,0.023621843443012346,17.0,8.0,2.125,0.32,0.18181818181818182,0.00836820083682008,0.19047619047619055,0.19078674948240162,0.38636363636363635
graph_0101_mu_0_2_node_967,24,0.17391304347826086,0.0020451846738443616,0.3837879369957741,2.6056056056056054,0.02303078933586099,12.0,12.0,1.0,0.5,0.31578947368421056,0.012474012474012476,0.33333333333333326,0.33379891880706664,0.31578947368421056
graph_0101_mu_0_2_node_968,20,0.35789473684210527,0.001071389624056908,0.3660681568340051,2.7317317317317316,0.013620179019195855,15.0,5.0,3.0,0.25,0.2380952380952381,0.005107252298263534,0.1428571428571428,0.14305123470140352,0.7142857142857141
graph_0101_mu_0_2_node_969,29,0.3078817733990148,0.0016821884250937758,0.3929976396538159,2.5445445445445447,0.06333211236632351,19.0,10.0,1.8999999999999995,0.3448275862068967,0.2127659574468086,0.010493179433368307,0.20833333333333337,0.20872156223309263,0.404255319148936
graph_0101_mu_0_2_node_970,21,0.4666666666666667,0.0007039652331029441,0.3639344262295082,2.7477477477477477,0.014003288944556254,16.0,5.0,3.2000000000000006,0.2380952380952381,0.22727272727272718,0.005112474437627814,0.13513513513513511,0.13532924204922342,0.7272727272727273
graph_0101_mu_0_2_node_971,38,0.26825396825396824,0.003013302689841114,0.39008199921905506,2.5635635635635636,0.02654267314619559,26.0,12.0,2.166666666666667,0.31578947368421056,0.3529411764705881,0.012422360248447204,0.1875,0.18796609182008858,0.7352941176470587
graph_0101_mu_0_2_node_972,19,0.30409356725146197,0.0009584959498488718,0.3689069423929099,2.710710710710711,0.015683690911411842,13.0,6.0,2.166666666666667,0.31578947368421056,0.17647058823529405,0.006211180124223602,0.1875,0.18773286501591238,0.3823529411764707
graph_0101_mu_0_2_node_973,20,0.4444444444444444,0.0005134618493437471,0.3636694575900983,2.74974974974975,0.021402241045602555,16.0,4.0,4.0,0.20000000000000004,0.10526315789473682,0.004158004158004158,0.11111111111111115,0.11126640267101483,0.3947368421052631
graph_0101_mu_0_2_node_974,22,0.3,0.0010459154327657812,0.36782032400589104,2.7187187187187187,0.013176800792555378,15.0,7.0,2.142857142857143,0.31818181818181823,0.31818181818181823,0.007157464212678935,0.1891891891891892,0.1894608966766712,0.6363636363636365
graph_0101_mu_0_2_node_975,27,0.30484330484330485,0.0018765511276973934,0.38144329896907214,2.6216216216216215,0.025105546075743435,19.0,8.0,2.375,0.2962962962962963,0.18181818181818182,0.00836820083682008,0.1739130434782608,0.17422365071540954,0.4318181818181817
graph_0101_mu_0_2_node_976,44,0.2748414376321353,0.003789165193623368,0.4079216006533279,2.4514514514514514,0.0817476343642142,30.0,14.0,2.142857142857143,0.31818181818181823,0.3043478260869565,0.014675052410901472,0.1891891891891892,0.18973308973308975,0.6521739130434784
graph_0101_mu_0_2_node_977,25,0.16205533596837945,0.002086536905833119,0.3769811320754717,2.6526526526526526,0.015483111514047425,13.0,12.0,1.0833333333333335,0.4800000000000002,0.5999999999999998,0.012244897959183675,0.31578947368421056,0.316255095289053,0.5999999999999998
graph_0101_mu_0_2_node_978,21,0.42857142857142855,0.0008617133959267516,0.36809137803979364,2.7167167167167166,0.019894681348045878,15.0,6.0,2.5,0.2857142857142856,0.16666666666666663,0.006224066390041495,0.16666666666666663,0.16689956783893584,0.41666666666666674
graph_0101_mu_0_2_node_979,26,0.358695652173913,0.0015853100689675363,0.3675496688741722,2.720720720720721,0.010679395235579201,20.0,6.0,3.333333333333334,0.2307692307692308,0.2727272727272726,0.006134969325153376,0.13043478260869562,0.13066777422099762,0.8636363636363634
graph_0101_mu_0_2_node_980,20,0.1736842105263158,0.0012872871895338138,0.37898330804248864,2.6386386386386387,0.026577525512413942,10.0,10.0,1.0,0.5,0.22727272727272718,0.010460251046025102,0.33333333333333326,0.33372129112352583,0.22727272727272718
graph_0101_mu_0_2_node_981,19,0.3897058823529412,0.0007923685659414855,0.3596112311015119,2.780780780780781,0.01017552981536274,14.0,5.0,2.7999999999999994,0.2631578947368421,0.3125,0.005081300813008131,0.15151515151515152,0.15170922829192438,0.8125
graph_0101_mu_0_2_node_982,19,0.1323529411764706,0.0013754795739045636,0.36314067611777534,2.7537537537537538,0.009693808122067733,10.0,9.0,1.1111111111111112,0.4736842105263158,0.5625,0.009146341463414632,0.31034482758620696,0.3106940031439179,0.5625
graph_0101_mu_0_2_node_983,21,0.11428571428571428,0.0021036176934949146,0.37855248200075786,2.6416416416416415,0.01138108799911077,9.0,12.0,0.75,0.5714285714285712,0.4444444444444446,0.012332990750256935,0.4000000000000001,0.40046547711404207,0.33333333333333326
graph_0101_mu_0_2_node_984,16,0.12087912087912088,0.0008272193077037125,0.3635371179039301,2.750750750750751,0.013672282698198559,9.0,7.0,1.2857142857142858,0.4375,0.46666666666666673,0.007106598984771575,0.28000000000000014,0.28027158098933075,0.5333333333333332
graph_0101_mu_0_2_node_985,23,0.308300395256917,0.0012408148692907058,0.3741573033707865,2.6726726726726726,0.016343638849154782,16.0,7.0,2.2857142857142847,0.3043478260869565,0.20000000000000004,0.007253886010362697,0.1794871794871794,0.17975890806914444,0.45714285714285724
graph_0101_mu_0_2_node_986,18,0.2679738562091503,0.001052512938154878,0.36700955180014694,2.724724724724725,0.01446710036251744,11.0,7.0,1.5714285714285718,0.388888888888889,0.33333333333333326,0.007150153217568952,0.2413793103448275,0.2416509334871194,0.5238095238095238
graph_0101_mu_0_2_node_987,22,0.23376623376623376,0.0018369335883862286,0.37331838565022424,2.6786786786786787,0.014217386466412433,13.0,9.0,1.444444444444444,0.4090909090909091,0.4090909090909091,0.009202453987730062,0.2571428571428571,0.25749211400187383,0.5909090909090909
graph_0101_mu_0_2_node_988,15,0.22857142857142856,0.0009033381770609473,0.3651315789473684,2.7387387387387387,0.010048634421458145,9.0,6.0,1.5,0.4000000000000001,0.42857142857142855,0.006085192697768763,0.25,0.2502327927368667,0.6428571428571429
graph_0101_mu_0_2_node_989,22,0.3105263157894737,0.0013158702661682671,0.36931608133086874,2.7077077077077076,0.012439212253728172,14.0,8.0,1.75,0.36363636363636365,0.4000000000000001,0.008163265306122451,0.2222222222222223,0.22253270891010546,0.6500000000000002
graph_0101_mu_0_2_node_990,28,0.2777777777777778,0.0018062207612854777,0.38482280431432975,2.5985985985985987,0.044505114399308786,19.0,9.0,2.111111111111111,0.32142857142857145,0.20454545454545456,0.009414225941422593,0.19148936170212763,0.19183878127738876,0.4318181818181817
graph_0101_mu_0_2_node_991,15,0.3717948717948718,0.00047603651636626745,0.3502805049088359,2.854854854854855,0.006736329571046527,11.0,4.0,2.75,0.2666666666666666,0.18181818181818182,0.00408997955010225,0.1538461538461538,0.15400138514078285,0.45454545454545436
graph_0101_mu_0_2_node_992,19,0.35294117647058826,0.0007786908606526416,0.3610408384531984,2.76976976976977,0.011207744159480807,14.0,5.0,2.7999999999999994,0.2631578947368421,0.22727272727272718,0.005112474437627814,0.15151515151515152,0.15170922829192438,0.5909090909090909
graph_0101_mu_0_2_node_993,41,0.3738191632928475,0.0032308412666544424,0.39737470167064437,2.5165165165165164,0.03603885151987809,29.0,12.0,2.4166666666666665,0.2926829268292682,0.42857142857142855,0.012345679012345677,0.17142857142857137,0.17189477189477195,1.0
graph_0101_mu_0_2_node_994,33,0.38064516129032255,0.0020231421703003015,0.39454976303317535,2.5345345345345347,0.03313242457411681,23.0,10.0,2.3,0.30303030303030304,0.35714285714285704,0.0102880658436214,0.17857142857142852,0.17895977808599164,0.7857142857142859
graph_0101_mu_0_2_node_995,28,0.28923076923076924,0.0015254286586884993,0.3799923925446938,2.6316316316316315,0.026684782640303217,20.0,8.0,2.5,0.2857142857142856,0.18181818181818182,0.00836820083682008,0.16666666666666663,0.16697729802490227,0.4318181818181817
graph_0101_mu_0_2_node_996,17,0.41904761904761906,0.0006611604964330397,0.35653104925053536,2.804804804804805,0.009744778505786967,13.0,4.0,3.25,0.23529411764705885,0.2857142857142856,0.004056795131845842,0.1333333333333333,0.13348858872845826,0.8571428571428571
graph_0101_mu_0_2_node_997,23,0.3715415019762846,0.0009301106981048853,0.3778366111951589,2.6466466466466465,0.05077602850107133,17.0,6.0,2.8333333333333335,0.26086956521739124,0.1276595744680851,0.006295907660020986,0.14999999999999994,0.15023293733985557,0.3617021276595746
graph_0101_mu_0_2_node_998,21,0.2571428571428571,0.0013171915620088257,0.37826580840590684,2.6436436436436437,0.01719010934366315,12.0,9.0,1.333333333333333,0.42857142857142855,0.4090909090909091,0.009202453987730062,0.2727272727272726,0.27307650248164783,0.5454545454545452
graph_0101_mu_0_2_node_999,14,0.17582417582417584,0.0007545355537615791,0.3634048744998181,2.7517517517517516,0.011305404964345402,7.0,7.0,1.0,0.5,0.2692307692307692,0.007186858316221764,0.33333333333333326,0.3336048721827843,0.2692307692307692
