,Degree,Clustering Coefficient,Betweenness,Closeness,Shortest Path,Eigenvector,E In,E Out,E In Over E Out,ODF,Expansion,Cut Ratio,Conductance,Normalised Cut,Triangle Participation
graph_082_mu_0_3_node_0,41,0.19146341463414634,0.0012494715144710975,0.45,2.2222222222222223,0.05020449984337771,29.0,12.0,2.4166666666666665,0.2926829268292682,0.07741935483870967,0.014201183431952667,0.17142857142857137,0.1718207795603534,0.18709677419354837
graph_082_mu_0_3_node_1,18,0.05228758169934641,0.0007633292071695371,0.3976910828025478,2.5145145145145147,0.011848230366260188,5.0,13.0,0.38461538461538475,0.722222222222222,0.9285714285714288,0.01318458417849899,0.5652173913043478,0.5656416040633624,0.35714285714285704
graph_082_mu_0_3_node_2,17,0.0661764705882353,0.0005937614813725625,0.40104375752709753,2.4934934934934936,0.01237257064946255,3.0,14.0,0.21428571428571427,0.8235294117647061,0.3589743589743588,0.014568158168574402,0.6999999999999998,0.7004567699836868,0.0769230769230769
graph_082_mu_0_3_node_3,18,0.0457516339869281,0.0006031899221116831,0.4095940959409594,2.4414414414414414,0.014523921220917954,3.0,15.0,0.20000000000000004,0.8333333333333335,0.8333333333333335,0.01527494908350305,0.7142857142857141,0.714775094730072,0.0
graph_082_mu_0_3_node_4,42,0.13356562137049943,0.002047138873148447,0.4245643858903527,2.3553553553553552,0.019483184719846367,27.0,15.0,1.8000000000000005,0.35714285714285704,0.29411764705882354,0.015806111696522657,0.2173913043478261,0.21788145237252945,0.5294117647058824
graph_082_mu_0_3_node_5,63,0.11147540983606558,0.0036746236639189386,0.4532667876588022,2.206206206206206,0.03482915553626387,42.0,21.0,2.0,0.33333333333333326,0.21875,0.023230088495575223,0.20000000000000004,0.20068674580594517,0.42708333333333326
graph_082_mu_0_3_node_6,66,0.09137529137529138,0.00382246503366095,0.4718941898913557,2.119119119119119,0.05915335372730001,44.0,22.0,2.0,0.33333333333333326,0.11827956989247307,0.027027027027027032,0.20000000000000004,0.20071951857666148,0.23655913978494614
graph_082_mu_0_3_node_7,20,0.09473684210526316,0.0004036660221060061,0.4072564207093355,2.4554554554554553,0.015236833304631816,8.0,12.0,0.6666666666666665,0.5999999999999998,0.13186813186813184,0.013201320132013196,0.42857142857142855,0.42896309904600277,0.08791208791208788
graph_082_mu_0_3_node_8,39,0.12762762762762764,0.0018278905803320994,0.4229466553767993,2.364364364364364,0.017914934858566163,24.0,15.0,1.6000000000000003,0.38461538461538475,0.375,0.015625,0.2380952380952381,0.23858529004074433,0.575
graph_082_mu_0_3_node_9,30,0.07816091954022988,0.0012677724709819018,0.4064279902359642,2.4604604604604603,0.014855149441309787,12.0,18.0,0.6666666666666665,0.5999999999999998,0.4615384615384616,0.018730489073881373,0.42857142857142855,0.42915897263723335,0.3076923076923076
graph_082_mu_0_3_node_10,38,0.12375533428165007,0.0015037666062356566,0.4475806451612903,2.234234234234234,0.03993822125333912,23.0,15.0,1.5333333333333337,0.3947368421052631,0.09677419354838708,0.017751479289940832,0.24590163934426232,0.24639165927173942,0.14838709677419357
graph_082_mu_0_3_node_11,30,0.09425287356321839,0.0013063899008398361,0.4215189873417722,2.3723723723723724,0.017016527182814684,14.0,16.0,0.875,0.5333333333333332,0.5,0.01652892561983471,0.36363636363636365,0.3641587273320868,0.40625
graph_082_mu_0_3_node_12,43,0.11951219512195121,0.0021101071029562685,0.42986230636833045,2.3263263263263263,0.021100204132735254,23.0,20.0,1.15,0.4651162790697675,0.5,0.02083333333333333,0.30303030303030304,0.3036835562312437,0.5499999999999999
graph_082_mu_0_3_node_13,28,0.21164021164021163,0.0006603746462451391,0.4383501535761299,2.2812812812812813,0.037843388467133865,19.0,9.0,2.111111111111111,0.32142857142857145,0.05806451612903227,0.010650887573964493,0.19148936170212763,0.1917833544503065,0.12258064516129032
graph_082_mu_0_3_node_14,19,0.04411764705882353,0.0005884477609686658,0.38349328214971207,2.6076076076076076,0.008603819332065788,7.0,12.0,0.5833333333333334,0.6315789473684211,0.8571428571428571,0.012170385395537525,0.4615384615384616,0.4619301064470776,0.42857142857142855
graph_082_mu_0_3_node_15,32,0.17540322580645162,0.0013273516224383472,0.4445927903871829,2.249249249249249,0.03978963030858872,19.0,13.0,1.461538461538461,0.40625,0.08387096774193552,0.015384615384615387,0.2549019607843137,0.25532656149633637,0.12258064516129032
graph_082_mu_0_3_node_16,28,0.10317460317460317,0.0011424063057324265,0.4247448979591837,2.354354354354354,0.018425451444791116,11.0,17.0,0.6470588235294118,0.6071428571428571,0.22077922077922085,0.01841820151679307,0.43589743589743607,0.43645232051407584,0.1428571428571428
graph_082_mu_0_3_node_17,14,0.054945054945054944,0.00036482391519380536,0.4059325477448192,2.4634634634634636,0.011985454405234578,2.0,12.0,0.16666666666666663,0.8571428571428571,0.8571428571428571,0.012170385395537525,0.75,0.7503915171288746,0.0714285714285714
graph_082_mu_0_3_node_18,41,0.18414634146341463,0.0015039417362211998,0.4597330878969167,2.175175175175175,0.052269484927152804,27.0,14.0,1.928571428571428,0.34146341463414637,0.09032258064516129,0.016568047337278104,0.20588235294117652,0.20633983937997125,0.17419354838709683
graph_082_mu_0_3_node_19,31,0.08387096774193549,0.0011316131266185731,0.4157303370786517,2.4054054054054053,0.016793996667175088,17.0,14.0,1.2142857142857142,0.4516129032258062,0.1538461538461538,0.0154015401540154,0.2916666666666667,0.2921238543095378,0.17582417582417575
graph_082_mu_0_3_node_20,38,0.15789473684210525,0.001253238600541454,0.4451871657754011,2.2462462462462462,0.04012968208668113,26.0,12.0,2.166666666666667,0.31578947368421056,0.06451612903225803,0.014742014742014746,0.1875,0.18789213123325277,0.13978494623655904
graph_082_mu_0_3_node_21,30,0.10114942528735632,0.0012538057340264592,0.40942622950819674,2.4424424424424425,0.017040150658859287,13.0,17.0,0.7647058823529413,0.5666666666666665,0.7727272727272727,0.017382413087934562,0.3953488372093022,0.39590379428174055,0.5909090909090909
graph_082_mu_0_3_node_22,31,0.11827956989247312,0.0009354717782788219,0.43681679055531264,2.289289289289289,0.030223146702065308,20.0,11.0,1.8181818181818175,0.3548387096774193,0.059139784946236534,0.013513513513513516,0.21568627450980402,0.21604559897980027,0.10752688172043007
graph_082_mu_0_3_node_23,19,0.05263157894736842,0.0005670291524601327,0.38901869158878505,2.5705705705705704,0.009835706867395684,5.0,14.0,0.35714285714285704,0.7368421052631577,1.0,0.014198782961460437,0.5833333333333334,0.5837901629358917,0.2857142857142856
graph_082_mu_0_3_node_24,22,0.09523809523809523,0.0007378794303583932,0.4265584970111016,2.344344344344344,0.01892296772432877,6.0,16.0,0.375,0.7272727272727273,0.5,0.01652892561983471,0.5714285714285712,0.5719506624029236,0.1875
graph_082_mu_0_3_node_25,22,0.10822510822510822,0.0006526925393187051,0.40056134723336007,2.4964964964964964,0.012324188015494663,10.0,12.0,0.8333333333333335,0.5454545454545452,0.375,0.012396694214876035,0.375,0.3753917216165046,0.3125
graph_082_mu_0_3_node_26,21,0.09047619047619047,0.0005902405944223612,0.40758873929008566,2.4534534534534536,0.015499470269989329,7.0,14.0,0.5,0.6666666666666665,0.3499999999999999,0.014583333333333335,0.5,0.5004568892369949,0.17499999999999996
graph_082_mu_0_3_node_27,21,0.12857142857142856,0.0004900153491231931,0.38886726352666406,2.5715715715715715,0.01080477987351623,12.0,9.0,1.333333333333333,0.42857142857142855,0.22500000000000006,0.009374999999999996,0.2727272727272726,0.27302113108754306,0.2999999999999999
graph_082_mu_0_3_node_28,17,0.04411764705882353,0.0004906611425477918,0.4079216006533279,2.4514514514514514,0.015866412060521445,3.0,14.0,0.21428571428571427,0.8235294117647061,0.777777777777778,0.014256619144602854,0.6999999999999998,0.7004567699836868,0.0
graph_082_mu_0_3_node_29,34,0.15508021390374332,0.0008871781867119398,0.44008810572687224,2.2722722722722724,0.0377499332086584,24.0,10.0,2.399999999999999,0.29411764705882354,0.053763440860215034,0.012285012285012283,0.17241379310344834,0.1727405477760402,0.12903225806451607
graph_082_mu_0_3_node_30,58,0.09800362976406533,0.00335700831194488,0.4666043904717422,2.1431431431431434,0.03832986775976786,39.0,19.0,2.052631578947369,0.32758620689655166,0.19791666666666663,0.02101769911504425,0.19587628865979387,0.1964975488370165,0.40625
graph_082_mu_0_3_node_31,21,0.06432748538011696,0.0006315995734369462,0.39658594680428744,2.5215215215215214,0.012285317089966026,8.0,13.0,0.6153846153846152,0.6190476190476188,0.5909090909090909,0.013292433537832306,0.44827586206896536,0.4487001579010749,0.31818181818181823
graph_082_mu_0_3_node_32,19,0.125,0.00051288364491686,0.38158899923605805,2.6206206206206204,0.00810166236961211,11.0,8.0,1.375,0.4210526315789473,0.2051282051282052,0.008324661810613946,0.2666666666666666,0.26692786556963133,0.2564102564102564
graph_082_mu_0_3_node_33,26,0.043076923076923075,0.001313538747378097,0.41607663473552686,2.4034034034034035,0.015558571636612705,9.0,17.0,0.5294117647058824,0.6538461538461539,0.43589743589743607,0.01768990634755463,0.4857142857142857,0.4862690978940449,0.1538461538461538
graph_082_mu_0_3_node_34,22,0.09523809523809523,0.0006678763331153786,0.3953304313415117,2.5295295295295297,0.011888915186504204,10.0,12.0,0.8333333333333335,0.5454545454545452,0.6666666666666665,0.012219959266802444,0.375,0.3753917216165046,0.5555555555555556
graph_082_mu_0_3_node_35,21,0.06666666666666667,0.0005852444371926192,0.4020120724346076,2.4874874874874875,0.015356303642584768,7.0,14.0,0.5,0.6666666666666665,0.3589743589743588,0.014568158168574402,0.5,0.5004568892369949,0.1282051282051282
graph_082_mu_0_3_node_36,48,0.10195035460992907,0.0024565478537798124,0.45720823798627,2.1871871871871873,0.034540243280145884,29.0,19.0,1.5263157894736845,0.39583333333333326,0.19791666666666663,0.02101769911504425,0.24675324675324678,0.24737410091787113,0.3020833333333333
graph_082_mu_0_3_node_37,17,0.1323529411764706,0.00034792696707011754,0.3821729150726855,2.6166166166166165,0.008721059849534396,8.0,9.0,0.8888888888888892,0.5294117647058824,0.2307692307692308,0.009365244536940686,0.36,0.36029378162232734,0.2051282051282052
graph_082_mu_0_3_node_38,38,0.14509246088193456,0.0013765271101547985,0.45121951219512196,2.2162162162162162,0.04145879902188533,24.0,14.0,1.7142857142857142,0.36842105263157887,0.07526881720430109,0.0171990171990172,0.2258064516129031,0.2262638483719205,0.12903225806451607
graph_082_mu_0_3_node_39,103,0.07824100513992005,0.009844952002054161,0.5109974424552429,1.956956956956957,0.09009151548611087,65.0,38.0,1.7105263157894732,0.36893203883495135,0.20430107526881716,0.04668304668304668,0.22619047619047625,0.22743433871093452,0.3494623655913979
graph_082_mu_0_3_node_40,26,0.10461538461538461,0.0009891336207854757,0.408923454768727,2.4454454454454453,0.016111985281438812,10.0,16.0,0.625,0.6153846153846152,0.4102564102564104,0.016649323621227893,0.4444444444444446,0.4449666717438765,0.2564102564102564
graph_082_mu_0_3_node_41,26,0.14153846153846153,0.0009349461723261789,0.40298507462686567,2.4814814814814814,0.012635907946394704,13.0,13.0,1.0,0.5,0.40625,0.013429752066115706,0.33333333333333326,0.33375776769292725,0.40625
graph_082_mu_0_3_node_42,25,0.07,0.0009988014466432381,0.43567378979502835,2.295295295295295,0.020274895998962678,5.0,20.0,0.25,0.8000000000000002,0.625,0.020661157024793382,0.6666666666666665,0.6673191526382182,0.15625
graph_082_mu_0_3_node_43,38,0.07396870554765292,0.0021100164728842306,0.42875536480686693,2.3323323323323324,0.01757037178862505,19.0,19.0,1.0,0.5,0.2794117647058823,0.020386266094420607,0.33333333333333326,0.3339537820156962,0.2647058823529412
graph_082_mu_0_3_node_44,94,0.09173435260391782,0.008023168987937661,0.5010030090270813,1.995995995995996,0.0808108607504011,64.0,30.0,2.133333333333333,0.3191489361702127,0.16129032258064516,0.03685503685503687,0.18987341772151906,0.19085560734959647,0.3387096774193549
graph_082_mu_0_3_node_45,36,0.1,0.0017117871571600677,0.41195876288659794,2.4274274274274275,0.01585463882579982,23.0,13.0,1.76923076923077,0.361111111111111,0.19117647058823534,0.013948497854077256,0.22033898305084743,0.2207636947369528,0.338235294117647
graph_082_mu_0_3_node_46,23,0.1225296442687747,0.0007469671975717486,0.39627132090440303,2.5235235235235236,0.011056701552639799,14.0,9.0,1.555555555555556,0.3913043478260869,0.11688311688311685,0.009750812567713976,0.24324324324324328,0.24353713998752047,0.18181818181818182
graph_082_mu_0_3_node_47,36,0.10338680926916222,0.0016886327240828918,0.415211970074813,2.4084084084084085,0.018177450775962268,18.0,18.0,1.0,0.5,0.8181818181818182,0.018404907975460124,0.33333333333333326,0.33392110762800414,0.7727272727272727
graph_082_mu_0_3_node_48,15,0.12380952380952381,0.00045583022569104116,0.38690937257939584,2.5845845845845847,0.009373629875233049,6.0,9.0,0.6666666666666665,0.5999999999999998,0.2307692307692308,0.009365244536940686,0.42857142857142855,0.4288651718398118,0.1538461538461538
graph_082_mu_0_3_node_49,25,0.08333333333333333,0.0009390546157043833,0.4064279902359642,2.4604604604604603,0.013648792571292223,10.0,15.0,0.6666666666666665,0.5999999999999998,0.6818181818181818,0.015337423312883432,0.42857142857142855,0.42906103264493456,0.45454545454545436
graph_082_mu_0_3_node_50,43,0.08414634146341464,0.0021705444044942093,0.43359375,2.3063063063063063,0.02337585565970292,21.0,22.0,0.9545454545454548,0.5116279069767442,0.6875,0.022727272727272728,0.34375,0.3444684377245118,0.625
graph_082_mu_0_3_node_51,28,0.07936507936507936,0.0010382637509493877,0.4174676138737986,2.3953953953953953,0.017188080188992448,11.0,17.0,0.6470588235294118,0.6071428571428571,0.53125,0.01756198347107438,0.43589743589743607,0.43645232051407584,0.34375
graph_082_mu_0_3_node_52,18,0.08496732026143791,0.0004755676563232214,0.4024979854955681,2.4844844844844847,0.01343470070346567,5.0,13.0,0.38461538461538475,0.722222222222222,0.722222222222222,0.013238289205702643,0.5652173913043478,0.5656416040633624,0.2222222222222223
graph_082_mu_0_3_node_53,35,0.12773109243697478,0.001305233205911976,0.43415906127770537,2.3033033033033035,0.024171813844358132,19.0,16.0,1.1875,0.45714285714285724,0.16666666666666663,0.017699115044247787,0.2962962962962963,0.2968188305876092,0.19791666666666663
graph_082_mu_0_3_node_54,31,0.09462365591397849,0.001367878621527705,0.42986230636833045,2.3263263263263263,0.02286239756146864,15.0,16.0,0.9375,0.5161290322580643,0.23529411764705885,0.017167381974248934,0.3478260869565216,0.3483484847624511,0.22058823529411772
graph_082_mu_0_3_node_55,30,0.14022988505747128,0.0006071341510877914,0.4206315789473684,2.3773773773773774,0.029845708086321397,20.0,10.0,2.0,0.33333333333333326,0.06451612903225803,0.011834319526627222,0.20000000000000004,0.20032666928002085,0.12903225806451607
graph_082_mu_0_3_node_56,23,0.09486166007905138,0.0008213761629670331,0.4026602176541717,2.4834834834834836,0.011291080041319231,11.0,12.0,0.9166666666666664,0.5217391304347825,0.13186813186813184,0.013201320132013196,0.3529411764705881,0.3533329236630669,0.12087912087912088
graph_082_mu_0_3_node_57,25,0.19666666666666666,0.0005392010146903654,0.40758873929008566,2.4534534534534536,0.016220228861125813,18.0,7.0,2.5714285714285716,0.28000000000000014,0.07291666666666667,0.007743362831858405,0.1627906976744186,0.16301935870077994,0.1875
graph_082_mu_0_3_node_58,23,0.11857707509881422,0.0006295885332054032,0.3967434471803018,2.5205205205205203,0.011932147218180256,10.0,13.0,0.7692307692307695,0.5652173913043478,0.40625,0.013429752066115706,0.39393939393939387,0.39436374517164463,0.3125
graph_082_mu_0_3_node_59,30,0.14942528735632185,0.0008245499947124354,0.4190436241610738,2.3863863863863863,0.021322206599548213,18.0,12.0,1.5,0.4000000000000001,0.125,0.013274336283185835,0.25,0.25039192631785223,0.1875
graph_082_mu_0_3_node_60,72,0.084472049689441,0.005797389566611102,0.4694548872180451,2.13013013013013,0.03812495988111421,45.0,27.0,1.666666666666667,0.375,0.3506493506493506,0.029252437703141936,0.2307692307692308,0.23165218966258902,0.5714285714285712
graph_082_mu_0_3_node_61,16,0.06666666666666667,0.0004035380972282377,0.3852680293096799,2.5955955955955954,0.008336167573249603,4.0,12.0,0.33333333333333326,0.75,0.8000000000000002,0.01218274111675127,0.5999999999999998,0.6003915682307641,0.2666666666666666
graph_082_mu_0_3_node_62,44,0.1638477801268499,0.0018447440468881769,0.4532667876588022,2.206206206206206,0.03144864474798286,29.0,15.0,1.9333333333333336,0.3409090909090909,0.15625,0.016592920353982302,0.20547945205479448,0.205969664153229,0.3020833333333333
graph_082_mu_0_3_node_63,29,0.1748768472906404,0.0007283573665847613,0.4307891332470893,2.3213213213213213,0.035025030527040465,21.0,8.0,2.625,0.2758620689655173,0.04301075268817204,0.009828009828009828,0.16,0.16026136957658127,0.11290322580645155
graph_082_mu_0_3_node_64,14,0.045454545454545456,0.0002651148426933712,0.37303958177744584,2.680680680680681,0.006092511331436234,4.0,10.0,0.4000000000000001,0.7142857142857141,0.7142857142857141,0.010141987829614606,0.5555555555555556,0.5558818837111489,0.21428571428571427
graph_082_mu_0_3_node_65,24,0.10869565217391304,0.0008537203972466885,0.40024038461538464,2.4984984984984986,0.010117020364901586,13.0,11.0,1.1818181818181819,0.4583333333333332,0.34375,0.011363636363636364,0.29729729729729737,0.2976564575154056,0.40625
graph_082_mu_0_3_node_66,30,0.09885057471264368,0.0011782667544293557,0.4171189979123173,2.3973973973973974,0.015687542373292094,16.0,14.0,1.1428571428571423,0.46666666666666673,0.20588235294117652,0.01502145922746781,0.3043478260869565,0.30480498387170046,0.23529411764705885
graph_082_mu_0_3_node_67,31,0.0967741935483871,0.0011701699387317748,0.415211970074813,2.4084084084084085,0.015207434099781404,22.0,9.0,2.4444444444444433,0.29032258064516125,0.11688311688311685,0.009750812567713976,0.16981132075471703,0.17010537113534877,0.2857142857142856
graph_082_mu_0_3_node_68,92,0.09388437649307214,0.007614758086860033,0.5027679919476598,1.988988988988989,0.08408114854347722,64.0,28.0,2.2857142857142847,0.3043478260869565,0.15053763440860218,0.0343980343980344,0.1794871794871794,0.18040394983620708,0.3440860215053763
graph_082_mu_0_3_node_69,33,0.13825757575757575,0.001061524959720614,0.44321206743566993,2.2562562562562563,0.03720774355394025,23.0,10.0,2.3,0.30303030303030304,0.053763440860215034,0.012285012285012283,0.17857142857142852,0.17889816189169258,0.12365591397849457
graph_082_mu_0_3_node_70,29,0.14285714285714285,0.0009605225236661718,0.40024038461538464,2.4984984984984986,0.012996888203752083,19.0,10.0,1.8999999999999995,0.3448275862068967,0.19607843137254907,0.010537407797681772,0.20833333333333337,0.20865998127218477,0.3725490196078432
graph_082_mu_0_3_node_71,24,0.15217391304347827,0.0009240495859482367,0.4283876500857633,2.334334334334334,0.01839701514166406,10.0,14.0,0.7142857142857141,0.5833333333333334,0.1538461538461538,0.0154015401540154,0.41176470588235303,0.41222168460020125,0.10989010989010993
graph_082_mu_0_3_node_72,30,0.1793103448275862,0.0009551440924825189,0.44321206743566993,2.2562562562562563,0.03599322562803048,19.0,11.0,1.7272727272727268,0.3666666666666666,0.059139784946236534,0.013513513513513516,0.22448979591836735,0.22484909691461097,0.10215053763440858
graph_082_mu_0_3_node_73,17,0.058823529411764705,0.0004896406588997132,0.3765548435733132,2.655655655655656,0.007196458063827896,7.0,10.0,0.6999999999999998,0.5882352941176471,0.7692307692307695,0.010131712259371834,0.41666666666666674,0.41699305872881176,0.4615384615384616
graph_082_mu_0_3_node_74,18,0.11764705882352941,0.0005326282880866812,0.4015273311897106,2.4904904904904903,0.01174675631983366,7.0,11.0,0.6363636363636365,0.6111111111111108,0.6111111111111108,0.011201629327902243,0.4400000000000001,0.4403590195502464,0.388888888888889
graph_082_mu_0_3_node_75,16,0.08333333333333333,0.00039093453215267377,0.41816659690246966,2.3913913913913913,0.016369849983325083,6.0,10.0,0.5999999999999998,0.625,0.14705882352941177,0.010729613733905578,0.45454545454545436,0.45487182530263487,0.07352941176470588
graph_082_mu_0_3_node_76,18,0.1437908496732026,0.0003803851749085735,0.39832535885167464,2.5105105105105103,0.013527483090309015,8.0,10.0,0.8000000000000002,0.5555555555555556,0.3125,0.010330578512396691,0.38461538461538475,0.3849417979852764,0.25
graph_082_mu_0_3_node_77,31,0.13978494623655913,0.0010383037221146179,0.4036363636363636,2.4774774774774775,0.014568260592576645,19.0,12.0,1.583333333333333,0.3870967741935483,0.375,0.012396694214876035,0.2400000000000001,0.2403919519205644,0.59375
graph_082_mu_0_3_node_78,22,0.0735930735930736,0.0006856768326630896,0.4018503620273532,2.4884884884884886,0.012202310173722263,8.0,14.0,0.5714285714285712,0.6363636363636365,0.4375,0.014462809917355378,0.46666666666666673,0.46712358572671875,0.25
graph_082_mu_0_3_node_79,40,0.15512820512820513,0.001397334881349872,0.4457831325301205,2.2432432432432434,0.031334578670769844,26.0,14.0,1.8571428571428577,0.3499999999999999,0.14583333333333334,0.01548672566371681,0.21212121212121207,0.2125786686628407,0.27083333333333337
graph_082_mu_0_3_node_80,16,0.14166666666666666,0.00031925466002106985,0.37220566318926973,2.6866866866866865,0.006502537962825172,9.0,7.0,1.2857142857142858,0.4375,0.21875,0.007231404958677689,0.28000000000000014,0.2802285266560021,0.28125
graph_082_mu_0_3_node_81,26,0.1076923076923077,0.0009839321494102165,0.4114497528830313,2.4304304304304303,0.016787978318663722,13.0,13.0,1.0,0.5,0.1428571428571428,0.0143014301430143,0.33333333333333326,0.33375776769292725,0.1428571428571428
graph_082_mu_0_3_node_82,58,0.1191772534785239,0.0031405729359385904,0.4504057709648332,2.22022022022022,0.033566085048726366,38.0,20.0,1.8999999999999995,0.3448275862068967,0.20833333333333337,0.02212389380530973,0.20833333333333337,0.20898722727173655,0.39583333333333326
graph_082_mu_0_3_node_83,24,0.15579710144927536,0.0006063913301398536,0.43700787401574803,2.2882882882882885,0.03138127902677706,14.0,10.0,1.3999999999999997,0.41666666666666674,0.053763440860215034,0.012285012285012283,0.2631578947368421,0.2634844360116592,0.07526881720430109
graph_082_mu_0_3_node_84,38,0.09682539682539683,0.0019716385856562895,0.43548387096774194,2.2962962962962963,0.022452157947951985,20.0,18.0,1.1111111111111112,0.4736842105263158,0.2647058823529412,0.019313304721030045,0.31034482758620696,0.31093267866393387,0.2794117647058823
graph_082_mu_0_3_node_85,16,0.058333333333333334,0.00043134804004521196,0.38144329896907214,2.6216216216216215,0.008671294497513143,5.0,11.0,0.45454545454545436,0.6875,0.7333333333333332,0.011167512690355328,0.5238095238095238,0.5241684964949658,0.33333333333333326
graph_082_mu_0_3_node_86,32,0.08045977011494253,0.0010228494313065475,0.4015273311897106,2.4904904904904903,0.014501665216043748,21.0,11.0,1.9090909090909096,0.34375,0.16176470588235295,0.011802575107296133,0.20754716981132082,0.2079065177581372,0.29411764705882354
graph_082_mu_0_3_node_87,42,0.12195121951219512,0.002038312576251301,0.4366258741258741,2.29029029029029,0.02311532350381837,27.0,15.0,1.8000000000000005,0.35714285714285704,0.1648351648351648,0.016501650165016504,0.2173913043478261,0.21788145237252945,0.2967032967032967
graph_082_mu_0_3_node_88,113,0.07980404551201012,0.0110264539666063,0.5157459989674755,1.9389389389389389,0.09537790346007252,79.0,34.0,2.323529411764706,0.30088495575221236,0.18279569892473116,0.04176904176904176,0.17708333333333334,0.17819742993206195,0.42473118279569894
graph_082_mu_0_3_node_89,91,0.07008547008547009,0.009154642797747341,0.4809821858449687,2.079079079079079,0.04554253632979927,58.0,33.0,1.7575757575757576,0.3626373626373625,0.3626373626373625,0.036303630363036306,0.22147651006711408,0.22255638833538205,0.6373626373626371
graph_082_mu_0_3_node_90,32,0.10804597701149425,0.0010526795478735106,0.4109419991772933,2.4334334334334335,0.0162141173832572,19.0,13.0,1.461538461538461,0.40625,0.19117647058823534,0.013948497854077256,0.2549019607843137,0.25532656149633637,0.2647058823529412
graph_082_mu_0_3_node_91,27,0.1111111111111111,0.0008962094326636542,0.4249255635899617,2.3533533533533535,0.019257663561288132,16.0,11.0,1.4545454545454546,0.4074074074074074,0.1145833333333333,0.012168141592920354,0.2558139534883721,0.2561731840817556,0.16666666666666663
graph_082_mu_0_3_node_92,31,0.17634408602150536,0.0011518064302620298,0.4016887816646562,2.4894894894894897,0.016087970609083672,18.0,13.0,1.3846153846153846,0.4193548387096773,0.5909090909090909,0.013292433537832306,0.2653061224489796,0.26573069542654254,0.8181818181818182
graph_082_mu_0_3_node_93,19,0.11695906432748537,0.0004538224122007995,0.41263940520446096,2.4234234234234235,0.014891095386875178,8.0,11.0,0.7272727272727273,0.5789473684210529,0.16176470588235295,0.011802575107296133,0.4074074074074074,0.40776645039464493,0.11764705882352942
graph_082_mu_0_3_node_94,32,0.09475806451612903,0.0013619143314655584,0.4201009251471825,2.3803803803803802,0.017388518791812465,17.0,15.0,1.133333333333333,0.46875,0.22058823529411772,0.016094420600858365,0.3061224489795918,0.30661227688672044,0.25
graph_082_mu_0_3_node_95,24,0.17391304347826086,0.0006236923673488164,0.4104354971240756,2.4364364364364364,0.015357093528172711,14.0,10.0,1.3999999999999997,0.41666666666666674,0.19607843137254907,0.010537407797681772,0.2631578947368421,0.2634844360116592,0.27450980392156854
graph_082_mu_0_3_node_96,38,0.08961593172119488,0.001616438246607222,0.4185169669040637,2.3893893893893896,0.019233709269526972,24.0,14.0,1.7142857142857142,0.36842105263157887,0.14583333333333334,0.01548672566371681,0.2258064516129031,0.2262638483719205,0.25
graph_082_mu_0_3_node_97,22,0.08225108225108226,0.000629382069795427,0.41400745959386653,2.4154154154154153,0.01637475686775711,8.0,14.0,0.5714285714285712,0.6363636363636365,0.1538461538461538,0.0154015401540154,0.46666666666666673,0.46712358572671875,0.08791208791208788
graph_082_mu_0_3_node_98,19,0.23529411764705882,0.0003986399037078811,0.399919935948759,2.5005005005005003,0.013087304500440546,12.0,7.0,1.7142857142857142,0.36842105263157887,0.0769230769230769,0.0077007700770077,0.2258064516129031,0.22603502304147463,0.12087912087912088
graph_082_mu_0_3_node_99,23,0.09881422924901186,0.0006052998688079934,0.4128099173553719,2.4224224224224224,0.01623140588290185,10.0,13.0,0.7692307692307695,0.5652173913043478,0.1428571428571428,0.0143014301430143,0.39393939393939387,0.39436374517164463,0.10989010989010993
graph_082_mu_0_3_node_100,50,0.05851063829787234,0.003096120778975001,0.4389279437609842,2.2782782782782784,0.024005826729612982,29.0,21.0,1.3809523809523807,0.42,0.2307692307692308,0.0231023102310231,0.2658227848101266,0.26650894720189255,0.3076923076923076
graph_082_mu_0_3_node_101,16,0.09166666666666666,0.00032429421218873407,0.40120481927710844,2.4924924924924925,0.01296785234262108,7.0,9.0,0.777777777777778,0.5625,0.09890109890109892,0.009900990099009901,0.3913043478260869,0.3915981102701905,0.06593406593406592
graph_082_mu_0_3_node_102,36,0.12222222222222222,0.0014531718060317809,0.4436056838365897,2.254254254254254,0.02711342804635264,21.0,15.0,1.3999999999999997,0.41666666666666674,0.15625,0.016592920353982302,0.2631578947368421,0.2636478506408108,0.21875
graph_082_mu_0_3_node_103,14,0.045454545454545456,0.0002322215959137664,0.3611713665943601,2.7687687687687688,0.005223688754609994,6.0,8.0,0.75,0.5714285714285712,0.6153846153846152,0.008105369807497471,0.4000000000000001,0.4002611136497159,0.38461538461538475
graph_082_mu_0_3_node_104,20,0.11052631578947368,0.0005094554307281686,0.39800796812749006,2.5125125125125125,0.012839491189803539,10.0,10.0,1.0,0.5,0.25,0.010416666666666664,0.33333333333333326,0.33365978932706525,0.22500000000000006
graph_082_mu_0_3_node_105,34,0.18181818181818182,0.0008651035233403101,0.43586387434554974,2.294294294294294,0.04155274344171137,25.0,9.0,2.7777777777777777,0.2647058823529412,0.05806451612903227,0.010650887573964493,0.15254237288135597,0.15283648091704105,0.16129032258064516
graph_082_mu_0_3_node_106,27,0.1111111111111111,0.000881909247056926,0.4099302421009438,2.4394394394394396,0.01631596620779165,11.0,16.0,0.6875,0.5925925925925926,0.3137254901960783,0.016859852476290824,0.4210526315789473,0.4215748929707741,0.21568627450980402
graph_082_mu_0_3_node_107,25,0.12666666666666668,0.0007586982645873897,0.4157303370786517,2.4054054054054053,0.01719221179696491,14.0,11.0,1.272727272727273,0.4400000000000001,0.12087912087912088,0.012101210121012097,0.282051282051282,0.28241046572475137,0.1538461538461538
graph_082_mu_0_3_node_108,40,0.12179487179487179,0.001781393148550949,0.43989431968295906,2.2732732732732734,0.026801724286950216,22.0,18.0,1.2222222222222217,0.4500000000000001,0.19780219780219785,0.019801980198019802,0.29032258064516125,0.2909105085260079,0.24175824175824176
graph_082_mu_0_3_node_109,34,0.1265597147950089,0.0011598963302644953,0.43796580447172295,2.2832832832832834,0.03595397653530732,20.0,14.0,1.4285714285714282,0.41176470588235303,0.09032258064516129,0.016568047337278104,0.2592592592592592,0.25971653649991777,0.12903225806451607
graph_082_mu_0_3_node_110,38,0.12698412698412698,0.001590160508281168,0.4138359569179785,2.4164164164164164,0.016878742294833497,22.0,16.0,1.375,0.4210526315789473,0.3137254901960783,0.016859852476290824,0.2666666666666666,0.26718930336882896,0.41176470588235303
graph_082_mu_0_3_node_111,34,0.1051693404634581,0.0012230923939701454,0.41729323308270677,2.3963963963963963,0.019450454458249403,20.0,14.0,1.4285714285714282,0.41176470588235303,0.14583333333333334,0.01548672566371681,0.2592592592592592,0.25971653649991777,0.20833333333333337
graph_082_mu_0_3_node_112,29,0.0960591133004926,0.0014115990581174667,0.42366412213740456,2.3603603603603602,0.016643815590531186,11.0,18.0,0.6111111111111108,0.6206896551724139,0.5625,0.018595041322314047,0.4500000000000001,0.4505875057118613,0.34375
graph_082_mu_0_3_node_113,32,0.15725806451612903,0.0011630347680796345,0.43228039809606233,2.3133133133133135,0.03394337002016798,23.0,9.0,2.5555555555555567,0.28125,0.04838709677419354,0.011056511056511056,0.16363636363636364,0.1639304332328348,0.11827956989247307
graph_082_mu_0_3_node_114,25,0.12,0.0008061391665386296,0.4215189873417722,2.3723723723723724,0.01888909980105187,13.0,12.0,1.0833333333333335,0.4800000000000002,0.17647058823529405,0.012875536480686699,0.31578947368421056,0.31618127203865753,0.19117647058823534
graph_082_mu_0_3_node_115,19,0.05847953216374269,0.0005823403799032069,0.39800796812749006,2.5125125125125125,0.011778531640375607,7.0,12.0,0.5833333333333334,0.6315789473684211,0.17647058823529405,0.012875536480686699,0.4615384615384616,0.4619301064470776,0.10294117647058826
graph_082_mu_0_3_node_116,16,0.10833333333333334,0.00032121421508348006,0.38086160884483417,2.625625625625626,0.007888053794704607,6.0,10.0,0.5999999999999998,0.625,0.14705882352941177,0.010729613733905578,0.45454545454545436,0.45487182530263487,0.08823529411764702
graph_082_mu_0_3_node_117,18,0.08333333333333333,0.000397391598301212,0.3729003359462486,2.6816816816816815,0.006637605173023381,8.0,10.0,0.8000000000000002,0.5555555555555556,0.3125,0.010330578512396691,0.38461538461538475,0.3849417979852764,0.21875
graph_082_mu_0_3_node_118,20,0.08421052631578947,0.0004647538112616972,0.4117889530090684,2.4284284284284285,0.014697578241197164,8.0,12.0,0.6666666666666665,0.5999999999999998,0.17647058823529405,0.012875536480686699,0.42857142857142855,0.42896309904600277,0.11764705882352942
graph_082_mu_0_3_node_119,28,0.1746031746031746,0.0009699605357543575,0.4095940959409594,2.4414414414414414,0.015849286237628782,18.0,10.0,1.8000000000000005,0.35714285714285704,0.12987012987012989,0.010834236186348859,0.2173913043478261,0.2177179309482965,0.2337662337662337
graph_082_mu_0_3_node_120,15,0.0761904761904762,0.0003557498141773691,0.3784090909090909,2.6426426426426426,0.006086465053708266,5.0,10.0,0.5,0.6666666666666665,0.5263157894736842,0.01019367991845056,0.5,0.5003263494549967,0.2631578947368421
graph_082_mu_0_3_node_121,23,0.1541501976284585,0.0005722493632224561,0.39595719381688466,2.5255255255255253,0.012488882862154571,13.0,10.0,1.3000000000000005,0.4347826086956522,0.12987012987012989,0.010834236186348859,0.2777777777777778,0.27810429772814677,0.16883116883116883
graph_082_mu_0_3_node_122,24,0.09420289855072464,0.0006578234378205094,0.4258312020460358,2.3483483483483485,0.021911326967082454,14.0,10.0,1.3999999999999997,0.41666666666666674,0.053763440860215034,0.012285012285012283,0.2631578947368421,0.2634844360116592,0.07526881720430109
graph_082_mu_0_3_node_123,32,0.18346774193548387,0.0009547570534656388,0.4304179233089186,2.3233233233233235,0.03456677049967929,21.0,11.0,1.9090909090909096,0.34375,0.059139784946236534,0.013513513513513516,0.20754716981132082,0.2079065177581372,0.11290322580645155
graph_082_mu_0_3_node_124,23,0.10276679841897234,0.000721684543675325,0.413151364764268,2.4204204204204203,0.01472506220621525,10.0,13.0,0.7692307692307695,0.5652173913043478,0.1428571428571428,0.0143014301430143,0.39393939393939387,0.39436374517164463,0.10989010989010993
graph_082_mu_0_3_node_125,74,0.09033691225472047,0.004771698234359784,0.47662213740458015,2.098098098098098,0.06722801754438502,48.0,26.0,1.8461538461538465,0.3513513513513515,0.16774193548387104,0.030769230769230774,0.21311475409836064,0.21396520549179246,0.30967741935483867
graph_082_mu_0_3_node_126,15,0.10476190476190476,0.0004327775612612364,0.41128036228900783,2.4314314314314314,0.013036454493988863,5.0,10.0,0.5,0.6666666666666665,0.7142857142857141,0.010141987829614606,0.5,0.5003263494549967,0.2857142857142856
graph_082_mu_0_3_node_127,16,0.15,0.0002457945983079389,0.40675895765472314,2.4584584584584586,0.018184103593436404,5.0,11.0,0.45454545454545436,0.6875,0.21568627450980402,0.011591148577449946,0.5238095238095238,0.5241684964949658,0.09803921568627454
graph_082_mu_0_3_node_128,41,0.10526315789473684,0.0021135401264160735,0.421875,2.3703703703703702,0.018163467437149722,21.0,20.0,1.0500000000000005,0.48780487804878064,0.625,0.020661157024793382,0.3225806451612903,0.3232338130254314,0.625
graph_082_mu_0_3_node_129,41,0.1592442645074224,0.0014256907599187066,0.4553327256153145,2.196196196196196,0.04626217102246487,30.0,11.0,2.727272727272727,0.26829268292682934,0.059139784946236534,0.013513513513513516,0.15492957746478872,0.15528913684111664,0.15591397849462368
graph_082_mu_0_3_node_130,19,0.09941520467836257,0.0004656207718515138,0.41957160856782866,2.3833833833833835,0.01951062403805249,7.0,12.0,0.5833333333333334,0.6315789473684211,0.17647058823529405,0.012875536480686699,0.4615384615384616,0.4619301064470776,0.08823529411764702
graph_082_mu_0_3_node_131,31,0.1206896551724138,0.0013837092526707802,0.43153347732181424,2.3173173173173174,0.021111374950830094,12.0,19.0,0.6315789473684211,0.6129032258064517,1.0555555555555556,0.019348268839103868,0.44186046511627897,0.4424806302760533,0.6111111111111108
graph_082_mu_0_3_node_132,92,0.066167290886392,0.01053153030557166,0.4793666026871401,2.086086086086086,0.04017317685066274,55.0,37.0,1.4864864864864864,0.40217391304347844,0.5441176470588235,0.03969957081545063,0.25170068027210885,0.2529110567973469,0.7941176470588238
graph_082_mu_0_3_node_133,81,0.11419753086419752,0.005694819148596587,0.4894659480646742,2.043043043043043,0.07832153662763083,56.0,25.0,2.240000000000001,0.3086419753086419,0.16129032258064516,0.029585798816568032,0.1824817518248176,0.18329994851930292,0.36129032258064514
graph_082_mu_0_3_node_134,48,0.13120567375886524,0.0023626364645563695,0.42875536480686693,2.3323323323323324,0.02560748948438892,32.0,16.0,2.0,0.33333333333333326,0.16666666666666663,0.017699115044247787,0.20000000000000004,0.20052297836177024,0.33333333333333326
graph_082_mu_0_3_node_135,23,0.15714285714285714,0.0005935325251254112,0.398961661341853,2.5065065065065064,0.01184860879082289,12.0,11.0,1.0909090909090904,0.4782608695652175,0.6111111111111108,0.011201629327902243,0.3142857142857142,0.3146448510515245,0.6111111111111108
graph_082_mu_0_3_node_136,25,0.16333333333333333,0.0006103491456533528,0.4347258485639687,2.3003003003003,0.031434492533225174,14.0,11.0,1.272727272727273,0.4400000000000001,0.059139784946236534,0.013513513513513516,0.282051282051282,0.28241046572475137,0.07526881720430109
graph_082_mu_0_3_node_137,30,0.09425287356321839,0.0012539301167728619,0.4201009251471825,2.3803803803803802,0.01697752572915524,13.0,17.0,0.7647058823529413,0.5666666666666665,0.22077922077922085,0.01841820151679307,0.3953488372093022,0.39590379428174055,0.16883116883116883
graph_082_mu_0_3_node_138,17,0.0,0.00048248451949542713,0.38188073394495414,2.6186186186186187,0.008259447665630628,4.0,13.0,0.3076923076923076,0.7647058823529413,0.8666666666666669,0.013197969543147205,0.6190476190476188,0.6194718041228302,0.0
graph_082_mu_0_3_node_139,143,0.07933130699088146,0.01697531438463977,0.5291313559322034,1.88988988988989,0.1280023409273013,96.0,47.0,2.0425531914893615,0.32867132867132864,0.25268817204301086,0.05773955773955774,0.19665271966527206,0.19819385485889762,0.510752688172043
graph_082_mu_0_3_node_140,30,0.07126436781609195,0.00116757068109254,0.43491510666086197,2.299299299299299,0.02220289257902595,14.0,16.0,0.875,0.5333333333333332,0.16666666666666663,0.017699115044247787,0.36363636363636365,0.3641587273320868,0.13541666666666669
graph_082_mu_0_3_node_141,19,0.07602339181286549,0.000595683592794677,0.3781226343679031,2.6446446446446448,0.007930382153038856,9.0,10.0,0.9000000000000002,0.5263157894736842,0.2564102564102564,0.010405827263267432,0.35714285714285704,0.3574692918232776,0.2051282051282052
graph_082_mu_0_3_node_142,16,0.05,0.00042319628161432494,0.4124690338563171,2.4244244244244246,0.014223827979893494,4.0,12.0,0.33333333333333326,0.75,0.17647058823529405,0.012875536480686699,0.5999999999999998,0.6003915682307641,0.029411764705882356
graph_082_mu_0_3_node_143,62,0.09994711792702274,0.0034052451566918378,0.46121883656509693,2.1681681681681684,0.055663010483848085,42.0,20.0,2.100000000000001,0.3225806451612903,0.12903225806451607,0.023668639053254444,0.19230769230769237,0.1929617573217547,0.2709677419354839
graph_082_mu_0_3_node_144,20,0.03684210526315789,0.0006907534941198411,0.4141791044776119,2.4144144144144146,0.014120330409067103,6.0,14.0,0.42857142857142855,0.6999999999999998,0.27450980392156854,0.014752370916754472,0.5384615384615384,0.5389183978793692,0.07843137254901958
graph_082_mu_0_3_node_145,28,0.12169312169312169,0.0008567306859499961,0.4079216006533279,2.4514514514514514,0.01590806859117014,17.0,11.0,1.5454545454545454,0.39285714285714296,0.1145833333333333,0.012168141592920354,0.24444444444444444,0.24480369850238232,0.17708333333333334
graph_082_mu_0_3_node_146,31,0.12688172043010754,0.0011061341782925137,0.4410596026490066,2.2672672672672673,0.03194073830682167,18.0,13.0,1.3846153846153846,0.4193548387096773,0.06989247311827952,0.015970515970515964,0.2653061224489796,0.26573069542654254,0.09677419354838708
graph_082_mu_0_3_node_147,15,0.0380952380952381,0.00031375265970051534,0.3858632676709154,2.5915915915915915,0.009709527562041976,2.0,13.0,0.1538461538461538,0.8666666666666669,0.8666666666666669,0.013197969543147205,0.7647058823529413,0.7651300120713843,0.06666666666666665
graph_082_mu_0_3_node_148,30,0.07936507936507936,0.001154715769038425,0.4033104561970125,2.4794794794794797,0.012826292799868641,18.0,12.0,1.5,0.4000000000000001,0.17647058823529405,0.012875536480686699,0.25,0.25039192631785223,0.25
graph_082_mu_0_3_node_149,19,0.16374269005847952,0.00046179855120394276,0.39346199291059475,2.5415415415415414,0.010515989321077116,11.0,8.0,1.375,0.4210526315789473,0.2051282051282052,0.008324661810613946,0.2666666666666666,0.26692786556963133,0.282051282051282
graph_082_mu_0_3_node_150,48,0.11594202898550725,0.0024543969731259966,0.4294926913155632,2.3283283283283285,0.021151146979851463,28.0,20.0,1.3999999999999997,0.41666666666666674,0.39215686274509814,0.021074815595363543,0.2631578947368421,0.2638113613773702,0.5294117647058824
graph_082_mu_0_3_node_151,44,0.10993657505285412,0.0023698111979712755,0.46164510166358597,2.166166166166166,0.034682594290948124,24.0,20.0,1.1999999999999995,0.45454545454545436,0.20833333333333337,0.02212389380530973,0.29411764705882354,0.29477094293652656,0.25
graph_082_mu_0_3_node_152,21,0.11428571428571428,0.0006117979753154406,0.40808823529411764,2.4504504504504503,0.013246403426689143,10.0,11.0,0.9090909090909087,0.5238095238095238,0.21568627450980402,0.011591148577449946,0.3548387096774193,0.35519779954782044,0.19607843137254907
graph_082_mu_0_3_node_153,19,0.1695906432748538,0.0004378349074359944,0.42366412213740456,2.3603603603603602,0.01691884098912335,10.0,9.0,1.1111111111111112,0.4736842105263158,0.11688311688311685,0.009750812567713976,0.31034482758620696,0.31063864757249526,0.12987012987012989
graph_082_mu_0_3_node_154,22,0.09523809523809523,0.0007373557103027505,0.42080876158382474,2.3763763763763763,0.013517391145412373,7.0,15.0,0.46666666666666673,0.6818181818181818,0.29411764705882354,0.015806111696522657,0.5172413793103449,0.517730887517766,0.13725490196078427
graph_082_mu_0_3_node_155,34,0.19964349376114082,0.0009023201210620383,0.44618133095131757,2.2412412412412412,0.04344138770500547,22.0,12.0,1.8333333333333328,0.3529411764705881,0.07741935483870967,0.014201183431952667,0.21428571428571427,0.21467774303448917,0.1419354838709677
graph_082_mu_0_3_node_156,27,0.1282051282051282,0.0010066993553120482,0.43681679055531264,2.289289289289289,0.023435100629563957,13.0,14.0,0.9285714285714288,0.5185185185185184,0.1538461538461538,0.0154015401540154,0.3499999999999999,0.3504570682337578,0.1428571428571428
graph_082_mu_0_3_node_157,16,0.19166666666666668,0.00026679107425354,0.3867595818815331,2.5855855855855854,0.010098449443617583,8.0,8.0,1.0,0.5,0.15686274509803916,0.008429926238145412,0.33333333333333326,0.3335944810776698,0.15686274509803916
graph_082_mu_0_3_node_158,37,0.16816816816816818,0.0012277092738857745,0.4473802060008957,2.235235235235235,0.04457726395680615,23.0,14.0,1.6428571428571423,0.3783783783783784,0.09032258064516129,0.016568047337278104,0.23333333333333336,0.23379070020690398,0.14838709677419357
graph_082_mu_0_3_node_159,25,0.13,0.0008598597923110931,0.42728828058169377,2.34034034034034,0.02667699420407468,14.0,11.0,1.272727272727273,0.4400000000000001,0.059139784946236534,0.013513513513513516,0.282051282051282,0.28241046572475137,0.07526881720430109
graph_082_mu_0_3_node_160,29,0.1724137931034483,0.0007656621091872751,0.4293081220455522,2.329329329329329,0.0319854730394721,20.0,9.0,2.2222222222222223,0.31034482758620696,0.04838709677419354,0.011056511056511056,0.1836734693877551,0.18396748134424132,0.10752688172043007
graph_082_mu_0_3_node_161,23,0.1541501976284585,0.0006121385924685759,0.3948616600790514,2.5325325325325325,0.011538062954654866,12.0,11.0,1.0909090909090904,0.4782608695652175,0.27499999999999997,0.01145833333333333,0.3142857142857142,0.3146448510515245,0.2999999999999999
graph_082_mu_0_3_node_162,119,0.07765988800471559,0.014013575028530303,0.5040363269424823,1.983983983983984,0.06825493458867166,79.0,40.0,1.9750000000000005,0.3361344537815125,0.4395604395604397,0.044004400440044014,0.20202020202020202,0.20333064626079966,0.8571428571428571
graph_082_mu_0_3_node_163,19,0.14619883040935672,0.0004686076798630126,0.4150394682176984,2.4094094094094096,0.01570438351294657,8.0,11.0,0.7272727272727273,0.5789473684210529,0.1428571428571428,0.011917659804983743,0.4074074074074074,0.40776645039464493,0.1038961038961039
graph_082_mu_0_3_node_164,30,0.09195402298850575,0.0012087435331640552,0.4391208791208791,2.2772772772772774,0.025521704646627254,10.0,20.0,0.5,0.6666666666666665,0.21978021978021986,0.022002200220022007,0.5,0.5006526989099928,0.10989010989010993
graph_082_mu_0_3_node_165,36,0.09047619047619047,0.0019145482209169474,0.4294926913155632,2.3283283283283285,0.01911917125781561,18.0,18.0,1.0,0.5,0.2647058823529412,0.019313304721030045,0.33333333333333326,0.33392110762800414,0.2647058823529412
graph_082_mu_0_3_node_166,39,0.13663663663663664,0.0013890167086165626,0.44618133095131757,2.2412412412412412,0.04282250430942791,23.0,16.0,1.4375,0.4102564102564104,0.08602150537634408,0.019656019656019656,0.25806451612903214,0.2585871869770657,0.11827956989247307
graph_082_mu_0_3_node_167,24,0.09782608695652174,0.0006587363518719226,0.4107730263157895,2.4344344344344346,0.01565464467567565,13.0,11.0,1.1818181818181819,0.4583333333333332,0.1145833333333333,0.012168141592920354,0.29729729729729737,0.2976564575154056,0.13541666666666669
graph_082_mu_0_3_node_168,33,0.1534090909090909,0.001257281672195401,0.4185169669040637,2.3893893893893896,0.017276412213590633,17.0,16.0,1.0625,0.48484848484848464,0.4000000000000001,0.016666666666666663,0.32,0.3205224660397074,0.4249999999999999
graph_082_mu_0_3_node_169,32,0.12096774193548387,0.0010697013250096595,0.4410596026490066,2.2672672672672673,0.03174026397418929,19.0,13.0,1.461538461538461,0.40625,0.06989247311827952,0.015970515970515964,0.2549019607843137,0.25532656149633637,0.10215053763440858
graph_082_mu_0_3_node_170,29,0.19950738916256158,0.0007054318031050186,0.4278372591006424,2.3373373373373374,0.036062688406469076,20.0,9.0,2.2222222222222223,0.31034482758620696,0.05806451612903227,0.010650887573964493,0.1836734693877551,0.18396748134424132,0.12903225806451607
graph_082_mu_0_3_node_171,20,0.031578947368421054,0.0006525009056986996,0.404126213592233,2.4744744744744747,0.011176837490374113,5.0,15.0,0.33333333333333326,0.75,0.22058823529411772,0.016094420600858365,0.5999999999999998,0.6004894443175514,0.05882352941176471
graph_082_mu_0_3_node_172,16,0.1,0.0004652669533534957,0.36931608133086874,2.7077077077077076,0.005581301452770493,7.0,9.0,0.777777777777778,0.5625,0.2307692307692308,0.009365244536940686,0.3913043478260869,0.3915981102701905,0.1794871794871794
graph_082_mu_0_3_node_173,33,0.17992424242424243,0.0011129636544280376,0.43796580447172295,2.2832832832832834,0.040980261877316564,22.0,11.0,2.0,0.33333333333333326,0.07096774193548384,0.013017751479289939,0.20000000000000004,0.20035937142670465,0.1419354838709677
graph_082_mu_0_3_node_174,29,0.1625615763546798,0.0008671680646436386,0.4402820625826355,2.2712712712712713,0.03306139866040556,19.0,10.0,1.8999999999999995,0.3448275862068967,0.053763440860215034,0.012285012285012283,0.20833333333333337,0.20865998127218477,0.10215053763440858
graph_082_mu_0_3_node_175,111,0.08157248157248158,0.010230532494016458,0.5068493150684932,1.972972972972973,0.0952487691159397,77.0,34.0,2.2647058823529416,0.3063063063063063,0.18279569892473116,0.04176904176904176,0.1808510638297873,0.18196501442280202,0.41397849462365593
graph_082_mu_0_3_node_176,16,0.06666666666666667,0.00034979608837171363,0.38571428571428573,2.5925925925925926,0.010265567396171096,5.0,11.0,0.45454545454545436,0.6875,0.6111111111111108,0.011201629327902243,0.5238095238095238,0.5241684964949658,0.2777777777777778
graph_082_mu_0_3_node_177,29,0.24630541871921183,0.0007559839896327043,0.43415906127770537,2.3033033033033035,0.03973179640924014,21.0,8.0,2.625,0.2758620689655173,0.05161290322580647,0.009467455621301775,0.16,0.16026136957658127,0.13548387096774195
graph_082_mu_0_3_node_178,21,0.05714285714285714,0.0007383856379246918,0.4167709637046308,2.3993993993993996,0.014724334989900702,8.0,13.0,0.6153846153846152,0.6190476190476188,0.3250000000000001,0.01354166666666667,0.44827586206896536,0.4487001579010749,0.17499999999999996
graph_082_mu_0_3_node_179,24,0.14492753623188406,0.0006935612580859403,0.4274711168164313,2.339339339339339,0.0276156345523414,15.0,9.0,1.666666666666667,0.375,0.04838709677419354,0.011056511056511056,0.2307692307692308,0.231063146709272,0.08064516129032258
graph_082_mu_0_3_node_180,31,0.16989247311827957,0.0008274085928451844,0.440864960282436,2.2682682682682684,0.03805214865196977,19.0,12.0,1.583333333333333,0.3870967741935483,0.07741935483870967,0.014201183431952667,0.2400000000000001,0.2403919519205644,0.12258064516129032
graph_082_mu_0_3_node_181,38,0.12233285917496443,0.0015584127475252682,0.43529411764705883,2.2972972972972974,0.02642874208081096,25.0,13.0,1.9230769230769231,0.34210526315789475,0.13541666666666669,0.014380530973451324,0.2063492063492064,0.2067739735441091,0.26041666666666663
graph_082_mu_0_3_node_182,20,0.08421052631578947,0.00045758191053440664,0.40314769975786924,2.4804804804804803,0.01395337539862736,8.0,12.0,0.6666666666666665,0.5999999999999998,0.23529411764705885,0.01264488935721813,0.42857142857142855,0.42896309904600277,0.13725490196078427
graph_082_mu_0_3_node_183,20,0.07368421052631578,0.0006699522570558162,0.39928057553956836,2.5045045045045047,0.01256820600671755,5.0,15.0,0.33333333333333326,0.75,0.38461538461538475,0.01560874089490114,0.5999999999999998,0.6004894443175514,0.1282051282051282
graph_082_mu_0_3_node_184,20,0.12418300653594772,0.000505615111966709,0.37151357381926364,2.6916916916916915,0.005982387928338982,11.0,9.0,1.2222222222222217,0.4500000000000001,0.6428571428571429,0.009127789046653149,0.29032258064516125,0.29061641981718783,0.7142857142857141
graph_082_mu_0_3_node_185,54,0.1243885394828791,0.003826906167536941,0.4567901234567901,2.189189189189189,0.029480776179183526,31.0,23.0,1.3478260869565222,0.4259259259259259,0.575,0.02395833333333334,0.27058823529411763,0.27133979559866284,0.7750000000000002
graph_082_mu_0_3_node_186,46,0.10338164251207729,0.0028801607221322326,0.4366258741258741,2.29029029029029,0.021257550689619147,23.0,23.0,1.0,0.5,0.45098039215686286,0.024236037934668067,0.33333333333333326,0.3340845009090216,0.45098039215686286
graph_082_mu_0_3_node_187,27,0.08262108262108261,0.0009820577132086993,0.43023255813953487,2.324324324324324,0.02124873538837301,12.0,15.0,0.8000000000000002,0.5555555555555556,0.22058823529411772,0.016094420600858365,0.38461538461538475,0.3851050526204772,0.17647058823529405
graph_082_mu_0_3_node_188,26,0.10153846153846154,0.0008288863807970497,0.432842287694974,2.31031031031031,0.02977092204125509,12.0,14.0,0.8571428571428571,0.5384615384615384,0.09032258064516129,0.016568047337278104,0.36842105263157887,0.3688780910228039,0.07741935483870967
graph_082_mu_0_3_node_189,29,0.10344827586206896,0.0012490558976886433,0.4111111111111111,2.4324324324324325,0.013432559235629539,16.0,13.0,1.2307692307692304,0.44827586206896536,0.16883116883116883,0.014084507042253523,0.2888888888888888,0.2893134064084003,0.2077922077922078
graph_082_mu_0_3_node_190,17,0.13970588235294118,0.0005371585632360057,0.39377217185652347,2.5395395395395397,0.010881544878302939,7.0,10.0,0.6999999999999998,0.5882352941176471,0.45454545454545436,0.010224948875255628,0.41666666666666674,0.41699305872881176,0.31818181818181823
graph_082_mu_0_3_node_191,21,0.1523809523809524,0.0004044532227898329,0.4145228215767635,2.4124124124124124,0.017823152822392566,11.0,10.0,1.0999999999999999,0.4761904761904762,0.10989010989010993,0.011001100110011004,0.3125,0.31282647730982693,0.12087912087912088
graph_082_mu_0_3_node_192,16,0.075,0.0003579093564978991,0.3908450704225352,2.5585585585585586,0.01172658291823556,4.0,12.0,0.33333333333333326,0.75,0.6666666666666665,0.012219959266802444,0.5999999999999998,0.6003915682307641,0.2222222222222223
graph_082_mu_0_3_node_193,21,0.1523809523809524,0.0005473569713202868,0.40104375752709753,2.4934934934934936,0.013216555678211705,12.0,9.0,1.333333333333333,0.42857142857142855,0.4090909090909091,0.009202453987730062,0.2727272727272726,0.27302113108754306,0.5454545454545452
graph_082_mu_0_3_node_194,21,0.12857142857142856,0.0005393267992305954,0.4033104561970125,2.4794794794794797,0.013708295597643437,8.0,13.0,0.6153846153846152,0.6190476190476188,0.3250000000000001,0.01354166666666667,0.44827586206896536,0.4487001579010749,0.20000000000000004
graph_082_mu_0_3_node_195,21,0.09523809523809523,0.0006300981828855262,0.4265584970111016,2.344344344344344,0.017741302408039,6.0,15.0,0.4000000000000001,0.7142857142857141,0.1948051948051948,0.016251354279523293,0.5555555555555556,0.5560450318159569,0.07792207792207793
graph_082_mu_0_3_node_196,20,0.13157894736842105,0.0004346085002747897,0.40298507462686567,2.4814814814814814,0.014116199382342808,11.0,9.0,1.2222222222222217,0.4500000000000001,0.1323529411764706,0.009656652360515022,0.29032258064516125,0.29061641981718783,0.16176470588235295
graph_082_mu_0_3_node_197,26,0.13846153846153847,0.0008350944748288924,0.3940828402366864,2.5375375375375375,0.01121480887992697,15.0,11.0,1.3636363636363635,0.4230769230769231,0.34375,0.011363636363636364,0.26829268292682934,0.26865189005872364,0.46875
graph_082_mu_0_3_node_198,34,0.08377896613190731,0.0017975622849200259,0.43246753246753245,2.3123123123123124,0.020349699617604022,14.0,20.0,0.6999999999999998,0.5882352941176471,0.29411764705882354,0.021459227467811155,0.41666666666666674,0.41731953602750765,0.20588235294117652
graph_082_mu_0_3_node_199,19,0.09941520467836257,0.0006074136963115945,0.3824655436447167,2.6146146146146148,0.007861966336444592,8.0,11.0,0.7272727272727273,0.5789473684210529,0.34375,0.011363636363636364,0.4074074074074074,0.40776645039464493,0.21875
graph_082_mu_0_3_node_200,20,0.09803921568627451,0.0005504299811438626,0.3791271347248577,2.6376376376376376,0.007974506462841308,12.0,8.0,1.5,0.4000000000000001,0.5714285714285712,0.008113590263691683,0.25,0.2502612159602951,0.7857142857142859
graph_082_mu_0_3_node_201,31,0.11827956989247312,0.0011037069802962104,0.43228039809606233,2.3133133133133135,0.030727921121140745,20.0,11.0,1.8181818181818175,0.3548387096774193,0.059139784946236534,0.013513513513513516,0.21568627450980402,0.21604559897980027,0.10215053763440858
graph_082_mu_0_3_node_202,31,0.14838709677419354,0.0012432274596623045,0.42169691853102576,2.3713713713713713,0.017759950506802045,19.0,12.0,1.583333333333333,0.3870967741935483,0.13186813186813184,0.013201320132013196,0.2400000000000001,0.2403919519205644,0.20879120879120883
graph_082_mu_0_3_node_203,33,0.11174242424242424,0.0012884090321267163,0.4391208791208791,2.2772772772772774,0.031023160923713617,19.0,14.0,1.3571428571428577,0.42424242424242414,0.07526881720430109,0.0171990171990172,0.2692307692307692,0.26968801660159686,0.10215053763440858
graph_082_mu_0_3_node_204,19,0.07602339181286549,0.0004414426559996417,0.3984842441164739,2.5095095095095097,0.011802717711674248,7.0,12.0,0.5833333333333334,0.6315789473684211,0.17647058823529405,0.012875536480686699,0.4615384615384616,0.4619301064470776,0.10294117647058826
graph_082_mu_0_3_node_205,16,0.19166666666666668,0.00024772996710326664,0.38616157711635096,2.5895895895895897,0.009672934242021333,9.0,7.0,1.2857142857142858,0.4375,0.13725490196078427,0.007376185458377236,0.28000000000000014,0.2802285266560021,0.17647058823529405
graph_082_mu_0_3_node_206,26,0.11594202898550725,0.0007820748759597665,0.41128036228900783,2.4314314314314314,0.01476900904767849,12.0,14.0,0.8571428571428571,0.5384615384615384,0.777777777777778,0.014256619144602854,0.36842105263157887,0.3688780910228039,0.6111111111111108
graph_082_mu_0_3_node_207,33,0.07575757575757576,0.0015652268468771347,0.43415906127770537,2.3033033033033035,0.02182661025827447,13.0,20.0,0.6500000000000002,0.6060606060606061,0.39215686274509814,0.021074815595363543,0.4347826086956522,0.43543543543543534,0.2549019607843137
graph_082_mu_0_3_node_208,20,0.2,0.0003075277900274985,0.42027766091712243,2.3793793793793796,0.02772643330269979,13.0,7.0,1.8571428571428577,0.3499999999999999,0.037634408602150546,0.0085995085995086,0.21212121212121207,0.21234979847787214,0.06989247311827952
graph_082_mu_0_3_node_209,29,0.10837438423645321,0.001078303286487112,0.4269230769230769,2.3423423423423424,0.029266612875120692,17.0,12.0,1.4166666666666667,0.41379310344827586,0.06451612903225803,0.014742014742014746,0.26086956521739124,0.2612614659358759,0.09139784946236558
graph_082_mu_0_3_node_210,23,0.12380952380952381,0.0005805647564096552,0.3984842441164739,2.5095095095095097,0.014184737457212103,13.0,10.0,1.3000000000000005,0.4347826086956522,0.5555555555555556,0.010183299389002034,0.2777777777777778,0.27810429772814677,0.6666666666666665
graph_082_mu_0_3_node_211,67,0.10945273631840796,0.004217841845544986,0.47959673547767645,2.085085085085085,0.05774092090100946,46.0,21.0,2.1904761904761902,0.31343283582089565,0.11290322580645155,0.0257985257985258,0.18584070796460178,0.1865276334822492,0.24731182795698914
graph_082_mu_0_3_node_212,70,0.11281826163301141,0.004156526614555393,0.4757142857142857,2.1021021021021022,0.06497366095658977,48.0,22.0,2.1818181818181808,0.3142857142857142,0.11827956989247307,0.027027027027027032,0.18644067796610167,0.18716038484911662,0.25268817204301086
graph_082_mu_0_3_node_213,19,0.12280701754385964,0.0005357329449211131,0.3939274447949527,2.5385385385385386,0.01034296902269819,9.0,10.0,0.9000000000000002,0.5263157894736842,0.19607843137254907,0.010537407797681772,0.35714285714285704,0.3574692918232776,0.17647058823529405
graph_082_mu_0_3_node_214,26,0.16,0.0007531244317256329,0.4274711168164313,2.339339339339339,0.03115224128212719,16.0,10.0,1.6000000000000003,0.38461538461538475,0.06451612903225803,0.011834319526627222,0.2380952380952381,0.23842182202730866,0.10322580645161294
graph_082_mu_0_3_node_215,20,0.14210526315789473,0.0006584599323435863,0.43681679055531264,2.289289289289289,0.027676670147039832,10.0,10.0,1.0,0.5,0.053763440860215034,0.012285012285012283,0.33333333333333326,0.33365978932706525,0.053763440860215034
graph_082_mu_0_3_node_216,47,0.07400555041628122,0.002888165995209933,0.4514234071396295,2.215215215215215,0.02636031963325016,24.0,23.0,1.043478260869565,0.48936170212765967,0.338235294117647,0.024678111587982835,0.323943661971831,0.32469487861617885,0.338235294117647
graph_082_mu_0_3_node_217,44,0.14904862579281183,0.002112862793131822,0.46573426573426574,2.1471471471471473,0.048516350046721564,27.0,17.0,1.5882352941176476,0.38636363636363635,0.10967741935483866,0.020118343195266276,0.23943661971830987,0.23999208451164433,0.17419354838709683
graph_082_mu_0_3_node_218,18,0.075,0.0005576163186886466,0.40808823529411764,2.4504504504504503,0.013663662547875552,7.0,11.0,0.6363636363636365,0.6111111111111108,0.5789473684210529,0.01121304791029562,0.4400000000000001,0.4403590195502464,0.31578947368421056
graph_082_mu_0_3_node_219,40,0.18076923076923077,0.0014103208293123498,0.4434087882822903,2.255255255255255,0.04611280038119277,28.0,12.0,2.3333333333333335,0.2999999999999999,0.07741935483870967,0.014201183431952667,0.17647058823529405,0.17686277073088208,0.18064516129032257
graph_082_mu_0_3_node_220,34,0.19073083778966132,0.0009646369250468851,0.43624454148471614,2.2922922922922924,0.03977119558496513,23.0,11.0,2.09090909090909,0.3235294117647059,0.07096774193548384,0.013017751479289939,0.1929824561403509,0.19334185105001203,0.14838709677419357
graph_082_mu_0_3_node_221,25,0.20666666666666667,0.00063413591795474,0.4317199654278306,2.3163163163163163,0.03410007294415802,17.0,8.0,2.125,0.32,0.04301075268817204,0.009828009828009828,0.19047619047619055,0.19073749175656668,0.09139784946236558
graph_082_mu_0_3_node_222,21,0.10952380952380952,0.0005945421232737995,0.38482280431432975,2.5985985985985987,0.00881820153993945,12.0,9.0,1.333333333333333,0.42857142857142855,0.1323529411764706,0.009656652360515022,0.2727272727272726,0.27302113108754306,0.17647058823529405
graph_082_mu_0_3_node_223,25,0.11,0.0009481368078086352,0.39737470167064437,2.5165165165165164,0.011206660222456049,11.0,14.0,0.7857142857142859,0.5600000000000003,0.7368421052631577,0.014271151885830781,0.388888888888889,0.38934589744147746,0.5789473684210529
graph_082_mu_0_3_node_224,23,0.11904761904761904,0.0007633502370995461,0.40428976123027116,2.4734734734734736,0.012841331514303892,11.0,12.0,0.9166666666666664,0.5217391304347825,0.5454545454545452,0.012269938650306752,0.3529411764705881,0.3533329236630669,0.45454545454545436
graph_082_mu_0_3_node_225,13,0.0641025641025641,0.00035515203889248327,0.4069246435845214,2.4574574574574575,0.012286466986336356,3.0,10.0,0.2999999999999999,0.7692307692307695,0.7142857142857141,0.010141987829614606,0.625,0.6253263068589702,0.1428571428571428
graph_082_mu_0_3_node_226,40,0.10256410256410256,0.0015355752869403974,0.43134715025906734,2.3183183183183185,0.023465790169996174,26.0,14.0,1.8571428571428577,0.3499999999999999,0.14583333333333334,0.01548672566371681,0.21212121212121207,0.2125786686628407,0.27083333333333337
graph_082_mu_0_3_node_227,53,0.1328011611030479,0.002609769025908562,0.4679156908665105,2.1371371371371373,0.0549428066854028,35.0,18.0,1.944444444444444,0.33962264150943405,0.11612903225806454,0.021301775147928987,0.20454545454545456,0.20513388213617045,0.2258064516129031
graph_082_mu_0_3_node_228,19,0.11695906432748537,0.0004581131814777688,0.37206703910614525,2.6876876876876876,0.007383202314471488,10.0,9.0,1.1111111111111112,0.4736842105263158,0.4736842105263158,0.009174311926605505,0.31034482758620696,0.31063864757249526,0.5263157894736842
graph_082_mu_0_3_node_229,19,0.07017543859649122,0.0004918527131633056,0.4026602176541717,2.4834834834834836,0.01176514357978575,8.0,11.0,0.7272727272727273,0.5789473684210529,0.16176470588235295,0.011802575107296133,0.4074074074074074,0.40776645039464493,0.10294117647058826
graph_082_mu_0_3_node_230,30,0.135632183908046,0.001059197998777402,0.42857142857142855,2.3333333333333335,0.021293160789748244,14.0,16.0,0.875,0.5333333333333332,0.4000000000000001,0.016666666666666663,0.36363636363636365,0.3641587273320868,0.3499999999999999
graph_082_mu_0_3_node_231,37,0.15798319327731092,0.0014477855106643728,0.44979738856371004,2.2232232232232234,0.044139848929601634,23.0,14.0,1.6428571428571423,0.3783783783783784,0.09032258064516129,0.016568047337278104,0.23333333333333336,0.23379070020690398,0.1419354838709677
graph_082_mu_0_3_node_232,20,0.19473684210526315,0.00026930765448027476,0.4197478991596639,2.3823823823823824,0.026463450247523047,12.0,8.0,1.5,0.4000000000000001,0.04301075268817204,0.009828009828009828,0.25,0.2502612159602951,0.06451612903225803
graph_082_mu_0_3_node_233,33,0.13636363636363635,0.0011225151545855604,0.40445344129554656,2.4724724724724725,0.01613170642627336,21.0,12.0,1.75,0.36363636363636365,0.15584415584415587,0.013001083423618635,0.2222222222222223,0.2226142253582473,0.2727272727272726
graph_082_mu_0_3_node_234,20,0.08421052631578947,0.0006205496124688419,0.4145228215767635,2.4124124124124124,0.016924843436324503,10.0,10.0,1.0,0.5,0.2564102564102564,0.010405827263267432,0.33333333333333326,0.33365978932706525,0.2307692307692308
graph_082_mu_0_3_node_235,19,0.05847953216374269,0.0006297899867353424,0.39658594680428744,2.5215215215215214,0.010345062268807078,6.0,13.0,0.4615384615384616,0.6842105263157895,0.9285714285714288,0.01318458417849899,0.5199999999999998,0.5204242404464317,0.42857142857142855
graph_082_mu_0_3_node_236,25,0.1383399209486166,0.0008265722321444181,0.3939274447949527,2.5385385385385386,0.009875526266490407,14.0,11.0,1.272727272727273,0.4400000000000001,0.6111111111111108,0.011201629327902243,0.282051282051282,0.28241046572475137,0.722222222222222
graph_082_mu_0_3_node_237,24,0.17391304347826086,0.0006399387086980596,0.4054383116883117,2.4664664664664664,0.01397137723820707,14.0,10.0,1.3999999999999997,0.41666666666666674,0.10989010989010993,0.011001100110011004,0.2631578947368421,0.2634844360116592,0.1538461538461538
graph_082_mu_0_3_node_238,59,0.08007013442431327,0.0031973931975253795,0.45825688073394494,2.1821821821821823,0.04799866064042471,40.0,19.0,2.1052631578947367,0.3220338983050847,0.10215053763440858,0.02334152334152334,0.1919191919191919,0.19254049272688298,0.20967741935483866
graph_082_mu_0_3_node_239,19,0.08187134502923976,0.0006435002167804738,0.4052738336713996,2.4674674674674675,0.013025725027987673,7.0,12.0,0.5833333333333334,0.6315789473684211,0.6315789473684211,0.012232415902140673,0.4615384615384616,0.4619301064470776,0.36842105263157887
graph_082_mu_0_3_node_240,26,0.07384615384615385,0.0009262161939210166,0.43397046046915727,2.304304304304304,0.018852809310020584,9.0,17.0,0.5294117647058824,0.6538461538461539,0.25,0.01824034334763949,0.4857142857142857,0.4862690978940449,0.1323529411764706
graph_082_mu_0_3_node_241,21,0.1523809523809524,0.0005187067426041164,0.3984842441164739,2.5095095095095097,0.012005533607221765,12.0,9.0,1.333333333333333,0.42857142857142855,0.11688311688311685,0.009750812567713976,0.2727272727272726,0.27302113108754306,0.15584415584415587
graph_082_mu_0_3_node_242,22,0.15584415584415584,0.00044518341378152384,0.4114497528830313,2.4304304304304303,0.021641184059689813,16.0,6.0,2.666666666666666,0.2727272727272726,0.03225806451612902,0.007371007371007373,0.15789473684210528,0.15809071280238743,0.08602150537634408
graph_082_mu_0_3_node_243,14,0.054945054945054944,0.00029479394101191667,0.38115223197252956,2.6236236236236237,0.007727176427869442,2.0,12.0,0.16666666666666663,0.8571428571428571,0.8571428571428571,0.012170385395537525,0.75,0.7503915171288746,0.1428571428571428
graph_082_mu_0_3_node_244,16,0.13333333333333333,0.0005628414434282676,0.40120481927710844,2.4924924924924925,0.011158953640666401,6.0,10.0,0.5999999999999998,0.625,0.5263157894736842,0.01019367991845056,0.45454545454545436,0.45487182530263487,0.31578947368421056
graph_082_mu_0_3_node_245,19,0.0935672514619883,0.0006703447019903698,0.3953304313415117,2.5295295295295297,0.013434422147693657,5.0,14.0,0.35714285714285704,0.7368421052631577,1.0,0.014198782961460437,0.5833333333333334,0.5837901629358917,0.35714285714285704
graph_082_mu_0_3_node_246,18,0.0915032679738562,0.0006588948260910719,0.4000800961153384,2.4994994994994997,0.01224824992089525,6.0,12.0,0.5,0.6666666666666665,0.8571428571428571,0.012170385395537525,0.5,0.5003916193459956,0.42857142857142855
graph_082_mu_0_3_node_247,22,0.07792207792207792,0.0007145205489963207,0.4114497528830313,2.4304304304304303,0.015006389008964177,7.0,15.0,0.46666666666666673,0.6818181818181818,0.29411764705882354,0.015806111696522657,0.5172413793103449,0.517730887517766,0.13725490196078427
graph_082_mu_0_3_node_248,33,0.07575757575757576,0.0015239585838362022,0.41195876288659794,2.4274274274274275,0.015048242124538834,15.0,18.0,0.8333333333333335,0.5454545454545452,0.2647058823529412,0.019313304721030045,0.375,0.37558765915768866,0.22058823529411772
graph_082_mu_0_3_node_249,35,0.14789915966386555,0.0011630848766062166,0.4443950177935943,2.25025025025025,0.04054427580760459,20.0,15.0,1.333333333333333,0.42857142857142855,0.09677419354838708,0.017751479289940832,0.2727272727272726,0.27321719662576044,0.12903225806451607
graph_082_mu_0_3_node_250,35,0.13949579831932774,0.0013301452856155824,0.4143508917461634,2.4134134134134135,0.016670441078002078,21.0,14.0,1.5,0.4000000000000001,0.27450980392156854,0.014752370916754472,0.25,0.2504573071143921,0.41176470588235303
graph_082_mu_0_3_node_251,14,0.08791208791208792,0.00024398663404374068,0.3914576802507837,2.5545545545545547,0.010648818616320617,4.0,10.0,0.4000000000000001,0.7142857142857141,0.5555555555555556,0.010183299389002034,0.5555555555555556,0.5558818837111489,0.2222222222222223
graph_082_mu_0_3_node_252,36,0.1140819964349376,0.0017220350940957989,0.4300473525613431,2.325325325325325,0.018377643051794512,17.0,19.0,0.8947368421052634,0.5277777777777778,0.47499999999999987,0.01979166666666666,0.3584905660377358,0.35911093368719543,0.4000000000000001
graph_082_mu_0_3_node_253,16,0.16666666666666666,0.00029188474183554483,0.38796116504854367,2.5775775775775776,0.008839767348815163,10.0,6.0,1.666666666666667,0.375,0.08823529411764702,0.006437768240343349,0.2307692307692308,0.23096512994645435,0.14705882352941177
graph_082_mu_0_3_node_254,46,0.1536231884057971,0.0017636660726433426,0.46335807050092764,2.1581581581581584,0.05536215330613834,30.0,16.0,1.875,0.3478260869565216,0.10322580645161294,0.01893491124260355,0.21052631578947364,0.21104922578359095,0.19354838709677416
graph_082_mu_0_3_node_255,21,0.1761904761904762,0.0002873681227828019,0.39658594680428744,2.5215215215215214,0.015272952973732795,14.0,7.0,2.0,0.33333333333333326,0.07291666666666667,0.007743362831858405,0.20000000000000004,0.2002286012866987,0.14583333333333334
graph_082_mu_0_3_node_256,22,0.08658008658008658,0.0007674125089303108,0.3943939992104224,2.5355355355355353,0.010207971704078273,10.0,12.0,0.8333333333333335,0.5454545454545452,0.3076923076923076,0.012486992715920913,0.375,0.3753917216165046,0.2564102564102564
graph_082_mu_0_3_node_257,38,0.1166429587482219,0.0012514382591043774,0.45909926470588236,2.1781781781781784,0.040628583539311355,23.0,15.0,1.5333333333333337,0.3947368421052631,0.08064516129032258,0.018427518427518434,0.24590163934426232,0.24639165927173942,0.12365591397849457
graph_082_mu_0_3_node_258,23,0.16996047430830039,0.0005314204168055726,0.4267407090986758,2.3433433433433435,0.028689741349969017,14.0,9.0,1.555555555555556,0.3913043478260869,0.04838709677419354,0.011056511056511056,0.24324324324324328,0.24353713998752047,0.07526881720430109
graph_082_mu_0_3_node_259,30,0.1724137931034483,0.0008850121295621719,0.4389279437609842,2.2782782782782784,0.03934223065101452,17.0,13.0,1.3076923076923077,0.43333333333333346,0.08387096774193552,0.015384615384615387,0.27659574468085113,0.2770202899275772,0.10967741935483866
graph_082_mu_0_3_node_260,27,0.1168091168091168,0.0007118802190201984,0.4249255635899617,2.3533533533533535,0.025965529428123062,16.0,11.0,1.4545454545454546,0.4074074074074074,0.059139784946236534,0.013513513513513516,0.2558139534883721,0.2561731840817556,0.08602150537634408
graph_082_mu_0_3_node_261,29,0.11822660098522167,0.0009539619155495852,0.4373905429071804,2.2862862862862863,0.032465014001408284,15.0,14.0,1.0714285714285714,0.482758620689655,0.09032258064516129,0.016568047337278104,0.31818181818181823,0.3186389461123348,0.09677419354838708
graph_082_mu_0_3_node_262,39,0.1659919028340081,0.0014840431152546559,0.4397007042253521,2.274274274274274,0.04370250594760522,25.0,14.0,1.7857142857142854,0.3589743589743588,0.09032258064516129,0.016568047337278104,0.21875,0.21920742664836956,0.16129032258064516
graph_082_mu_0_3_node_263,22,0.2943722943722944,0.00024366817558557573,0.42258883248730966,2.3663663663663663,0.03132841842586841,18.0,4.0,4.5,0.18181818181818182,0.02150537634408602,0.004914004914004914,0.10000000000000002,0.10013067624959165,0.09677419354838708
graph_082_mu_0_3_node_264,140,0.08082090341690469,0.01610973652647504,0.5244094488188976,1.906906906906907,0.11926945382635928,97.0,43.0,2.2558139534883717,0.30714285714285705,0.23118279569892464,0.05282555282555282,0.18143459915611812,0.18284485136168707,0.5161290322580643
graph_082_mu_0_3_node_265,26,0.13405797101449277,0.0006668418359726509,0.41729323308270677,2.3963963963963963,0.019919416332073916,15.0,11.0,1.3636363636363635,0.4230769230769231,0.1145833333333333,0.012168141592920354,0.26829268292682934,0.26865189005872364,0.14583333333333334
graph_082_mu_0_3_node_266,20,0.15789473684210525,0.000459895647956357,0.41366459627329194,2.4174174174174174,0.023252849660953867,12.0,8.0,1.5,0.4000000000000001,0.04301075268817204,0.009828009828009828,0.25,0.2502612159602951,0.06451612903225803
graph_082_mu_0_3_node_267,28,0.13227513227513227,0.0008870914229697672,0.4193954659949622,2.3843843843843846,0.018843275007475836,13.0,15.0,0.8666666666666669,0.5357142857142857,0.1948051948051948,0.016251354279523293,0.36585365853658547,0.36634335851373273,0.16883116883116883
graph_082_mu_0_3_node_268,17,0.12380952380952381,0.000324399810269887,0.399919935948759,2.5005005005005003,0.014248405086633512,8.0,9.0,0.8888888888888892,0.5294117647058824,0.5,0.009164969450101836,0.36,0.36029378162232734,0.388888888888889
graph_082_mu_0_3_node_269,24,0.12681159420289856,0.0005134014014249673,0.4251063829787234,2.3523523523523524,0.02763349427838896,14.0,10.0,1.3999999999999997,0.41666666666666674,0.053763440860215034,0.012285012285012283,0.2631578947368421,0.2634844360116592,0.07526881720430109
graph_082_mu_0_3_node_270,17,0.17647058823529413,0.0002921181440298771,0.38497109826589593,2.5975975975975976,0.010511327921261235,10.0,7.0,1.4285714285714282,0.41176470588235303,0.09090909090909091,0.007583965330444201,0.2592592592592592,0.25948780083750217,0.12987012987012989
graph_082_mu_0_3_node_271,16,0.08333333333333333,0.0004921023569486109,0.3925343811394892,2.5475475475475475,0.008958898498047346,6.0,10.0,0.5999999999999998,0.625,0.7692307692307695,0.010131712259371834,0.45454545454545436,0.45487182530263487,0.4615384615384616
graph_082_mu_0_3_node_272,21,0.1761904761904762,0.00033812452211862484,0.436054124836316,2.2932932932932935,0.030625451923552822,12.0,9.0,1.333333333333333,0.42857142857142855,0.04838709677419354,0.011056511056511056,0.2727272727272726,0.27302113108754306,0.06451612903225803
graph_082_mu_0_3_node_273,17,0.11764705882352941,0.0004578163009595633,0.3867595818815331,2.5855855855855854,0.008438248315307526,7.0,10.0,0.6999999999999998,0.5882352941176471,0.5555555555555556,0.010183299389002034,0.41666666666666674,0.41699305872881176,0.388888888888889
graph_082_mu_0_3_node_274,26,0.11692307692307692,0.0007026854128960396,0.4036363636363636,2.4774774774774775,0.01598172974634652,16.0,10.0,1.6000000000000003,0.38461538461538475,0.10989010989010993,0.011001100110011004,0.2380952380952381,0.23842182202730866,0.17582417582417575
graph_082_mu_0_3_node_275,33,0.2196969696969697,0.000814630660115995,0.4567901234567901,2.189189189189189,0.04973231481278589,23.0,10.0,2.3,0.30303030303030304,0.06451612903225803,0.011834319526627222,0.17857142857142852,0.17889816189169258,0.14838709677419357
graph_082_mu_0_3_node_276,18,0.13071895424836602,0.0003698915537838578,0.3801369863013699,2.630630630630631,0.009405854212264983,8.0,10.0,0.8000000000000002,0.5555555555555556,0.45454545454545436,0.010224948875255628,0.38461538461538475,0.3849417979852764,0.36363636363636365
graph_082_mu_0_3_node_277,41,0.11585365853658537,0.0018724445898550017,0.4495949594959496,2.224224224224224,0.04348411621159841,23.0,18.0,1.2777777777777783,0.43902439024390266,0.11612903225806454,0.021301775147928987,0.28125,0.28183796628993274,0.14838709677419357
graph_082_mu_0_3_node_278,24,0.08695652173913043,0.0007999535655900275,0.40379951495553756,2.4764764764764764,0.013895318636856434,9.0,15.0,0.5999999999999998,0.625,0.8333333333333335,0.01527494908350305,0.45454545454545436,0.45503502665942697,0.5
graph_082_mu_0_3_node_279,49,0.08418367346938775,0.0032733556235241238,0.4618585298196949,2.165165165165165,0.031249295079155835,23.0,26.0,0.884615384615385,0.5306122448979592,0.33766233766233766,0.028169014084507046,0.361111111111111,0.36196017387644314,0.2987012987012987
graph_082_mu_0_3_node_280,31,0.09247311827956989,0.001298990916688855,0.4054383116883117,2.4664664664664664,0.0137232435284789,20.0,11.0,1.8181818181818175,0.3548387096774193,0.16176470588235295,0.011802575107296133,0.21568627450980402,0.21604559897980027,0.2794117647058823
graph_082_mu_0_3_node_281,29,0.12561576354679804,0.0008711647738569398,0.43453675511091777,2.3013013013013013,0.030659369701716937,17.0,12.0,1.4166666666666667,0.41379310344827586,0.07741935483870967,0.014201183431952667,0.26086956521739124,0.2612614659358759,0.10967741935483866
graph_082_mu_0_3_node_282,16,0.06666666666666667,0.00034030690115487,0.39928057553956836,2.5045045045045047,0.01105861427406375,5.0,11.0,0.45454545454545436,0.6875,0.282051282051282,0.011446409989594173,0.5238095238095238,0.5241684964949658,0.1282051282051282
graph_082_mu_0_3_node_283,22,0.10822510822510822,0.0005072551864649251,0.41607663473552686,2.4034034034034035,0.02230433112556204,14.0,8.0,1.75,0.36363636363636365,0.04301075268817204,0.009828009828009828,0.2222222222222223,0.2224834723038628,0.07526881720430109
graph_082_mu_0_3_node_284,26,0.13538461538461538,0.0010169722846469513,0.40379951495553756,2.4764764764764764,0.013742264534473449,13.0,13.0,1.0,0.5,0.722222222222222,0.013238289205702643,0.33333333333333326,0.33375776769292725,0.722222222222222
graph_082_mu_0_3_node_285,25,0.09,0.0008585212819772182,0.4104354971240756,2.4364364364364364,0.014750422085856372,10.0,15.0,0.6666666666666665,0.5999999999999998,0.8333333333333335,0.01527494908350305,0.42857142857142855,0.42906103264493456,0.5555555555555556
graph_082_mu_0_3_node_286,18,0.20915032679738563,0.00020635747544134843,0.4109419991772933,2.4334334334334335,0.024427744810425346,14.0,4.0,3.5,0.2222222222222223,0.02150537634408602,0.004914004914004914,0.125,0.12513064210595076,0.07526881720430109
graph_082_mu_0_3_node_287,20,0.08421052631578947,0.0005718563027733676,0.43153347732181424,2.3173173173173174,0.02364843321470231,4.0,16.0,0.25,0.8000000000000002,0.23529411764705885,0.017167381974248934,0.6666666666666665,0.667188689505166,0.05882352941176471
graph_082_mu_0_3_node_288,39,0.1902834008097166,0.0012463096605930027,0.4473802060008957,2.235235235235235,0.04657465152765321,26.0,13.0,2.0,0.33333333333333326,0.08387096774193552,0.015384615384615387,0.20000000000000004,0.200424794954743,0.16774193548387104
graph_082_mu_0_3_node_289,23,0.14624505928853754,0.00043643596423797076,0.41590341382181517,2.4044044044044046,0.024193665187782817,16.0,7.0,2.2857142857142847,0.3043478260869565,0.037634408602150546,0.0085995085995086,0.1794871794871794,0.1797158106398071,0.08602150537634408
graph_082_mu_0_3_node_290,21,0.10952380952380952,0.0006355189025521515,0.38144329896907214,2.6216216216216215,0.008072905102745154,11.0,10.0,1.0999999999999999,0.4761904761904762,0.45454545454545436,0.010224948875255628,0.3125,0.31282647730982693,0.5
graph_082_mu_0_3_node_291,18,0.1111111111111111,0.0006065307649407976,0.3976910828025478,2.5145145145145147,0.012812188647494002,7.0,11.0,0.6363636363636365,0.6111111111111108,0.6111111111111108,0.011201629327902243,0.4400000000000001,0.4403590195502464,0.388888888888889
graph_082_mu_0_3_node_292,22,0.10526315789473684,0.0006468962791887717,0.4085889570552147,2.4474474474474475,0.017279963863864448,9.0,13.0,0.6923076923076923,0.5909090909090909,0.33333333333333326,0.013527575442247662,0.4193548387096773,0.41977916224004913,0.2051282051282052
graph_082_mu_0_3_node_293,18,0.12418300653594772,0.00033782419079237373,0.4169449081803005,2.3983983983983985,0.019637260293456082,9.0,9.0,1.0,0.5,0.04838709677419354,0.011056511056511056,0.33333333333333326,0.3336271341363889,0.04301075268817204
graph_082_mu_0_3_node_294,23,0.11904761904761904,0.0006039848065779626,0.38057142857142856,2.6276276276276276,0.008327092300121195,13.0,10.0,1.3000000000000005,0.4347826086956522,0.5555555555555556,0.010183299389002034,0.2777777777777778,0.27810429772814677,0.6666666666666665
graph_082_mu_0_3_node_295,21,0.18095238095238095,0.0005184169015015955,0.390234375,2.5625625625625625,0.01225953243982454,11.0,10.0,1.0999999999999999,0.4761904761904762,0.25,0.010416666666666664,0.3125,0.31282647730982693,0.27499999999999997
graph_082_mu_0_3_node_296,18,0.1111111111111111,0.0004690986839330497,0.3794151158374478,2.635635635635636,0.0078089892155066365,8.0,10.0,0.8000000000000002,0.5555555555555556,0.45454545454545436,0.010224948875255628,0.38461538461538475,0.3849417979852764,0.36363636363636365
graph_082_mu_0_3_node_297,35,0.14962121212121213,0.0014638053707021405,0.41555740432612315,2.4064064064064064,0.01604117716226399,21.0,14.0,1.5,0.4000000000000001,0.4375,0.014462809917355378,0.25,0.2504573071143921,0.625
graph_082_mu_0_3_node_298,17,0.04411764705882353,0.0005064415225369053,0.4100985221674877,2.4384384384384385,0.013305592927610802,4.0,13.0,0.3076923076923076,0.7647058823529413,0.33333333333333326,0.013527575442247662,0.6190476190476188,0.6194718041228302,0.0769230769230769
graph_082_mu_0_3_node_299,33,0.12878787878787878,0.0015615671763276166,0.42080876158382474,2.3763763763763763,0.017784945087339507,16.0,17.0,0.9411764705882354,0.5151515151515154,0.53125,0.01756198347107438,0.34693877551020413,0.3474938413018259,0.5
graph_082_mu_0_3_node_300,23,0.09881422924901186,0.0006889334241607413,0.3882627283326856,2.5755755755755754,0.0101656276041113,10.0,13.0,0.7692307692307695,0.5652173913043478,0.33333333333333326,0.013527575442247662,0.39393939393939387,0.39436374517164463,0.2564102564102564
graph_082_mu_0_3_node_301,62,0.11634056054997356,0.0035106585710226457,0.4809821858449687,2.079079079079079,0.06620907019185106,37.0,25.0,1.4800000000000002,0.40322580645161293,0.16129032258064516,0.029585798816568032,0.25252525252525254,0.25334243292599773,0.23870967741935484
graph_082_mu_0_3_node_302,22,0.07792207792207792,0.0006390217388889122,0.39454976303317535,2.5345345345345347,0.011339415954591014,11.0,11.0,1.0,0.5,0.34375,0.011363636363636364,0.33333333333333326,0.3336924466499081,0.34375
graph_082_mu_0_3_node_303,33,0.13257575757575757,0.0011069197448619452,0.4465802413947251,2.239239239239239,0.03768558255099003,21.0,12.0,1.75,0.36363636363636365,0.07741935483870967,0.014201183431952667,0.2222222222222223,0.2226142253582473,0.13548387096774195
graph_082_mu_0_3_node_304,27,0.13675213675213677,0.0009966376957170333,0.440864960282436,2.2682682682682684,0.028964406448526724,13.0,14.0,0.9285714285714288,0.5185185185185184,0.07526881720430109,0.0171990171990172,0.3499999999999999,0.3504570682337578,0.06989247311827952
graph_082_mu_0_3_node_305,29,0.06403940886699508,0.0009456451822456888,0.4245643858903527,2.3553553553553552,0.024671497155990155,14.0,15.0,0.9333333333333335,0.5172413793103449,0.08064516129032258,0.018427518427518434,0.34883720930232553,0.3493269412557032,0.06989247311827952
graph_082_mu_0_3_node_306,36,0.11904761904761904,0.0012796958130305656,0.4410596026490066,2.2672672672672673,0.036507308024836725,18.0,18.0,1.0,0.5,0.11612903225806454,0.021301775147928987,0.33333333333333326,0.33392110762800414,0.11612903225806454
graph_082_mu_0_3_node_307,20,0.18947368421052632,0.00047709970937529064,0.4238438693254137,2.359359359359359,0.029178575369861813,12.0,8.0,1.5,0.4000000000000001,0.04301075268817204,0.009828009828009828,0.25,0.2502612159602951,0.06451612903225803
graph_082_mu_0_3_node_308,17,0.06666666666666667,0.00040620783062831364,0.3768389287061486,2.6536536536536537,0.007208388908403114,7.0,10.0,0.6999999999999998,0.5882352941176471,0.7142857142857141,0.010141987829614606,0.41666666666666674,0.41699305872881176,0.42857142857142855
graph_082_mu_0_3_node_309,19,0.1111111111111111,0.0005844720818339418,0.39161113288906313,2.5535535535535536,0.011043117213788256,8.0,11.0,0.7272727272727273,0.5789473684210529,0.6111111111111108,0.011201629327902243,0.4074074074074074,0.40776645039464493,0.4444444444444446
graph_082_mu_0_3_node_310,39,0.13900134952766532,0.0014521541812317742,0.46079335793357934,2.17017017017017,0.04412706905264786,22.0,17.0,1.2941176470588236,0.43589743589743607,0.09139784946236558,0.02088452088452088,0.27868852459016397,0.2792438079479949,0.11827956989247307
graph_082_mu_0_3_node_311,16,0.14166666666666666,0.00038298682235974056,0.3751408186256102,2.665665665665666,0.006255596682329738,10.0,6.0,1.666666666666667,0.375,0.07792207792207793,0.0065005417118093175,0.2307692307692308,0.23096512994645435,0.12987012987012989
graph_082_mu_0_3_node_312,41,0.14390243902439023,0.0015212761801594577,0.4547109695038689,2.199199199199199,0.04547367839740541,26.0,15.0,1.7333333333333338,0.36585365853658547,0.09677419354838708,0.017751479289940832,0.2238805970149254,0.2243707130090441,0.16774193548387104
graph_082_mu_0_3_node_313,24,0.14855072463768115,0.0007952210479622889,0.41128036228900783,2.4314314314314314,0.016015915264402693,11.0,13.0,0.8461538461538461,0.5416666666666667,0.1428571428571428,0.0143014301430143,0.37142857142857155,0.3718529503663184,0.12087912087912088
graph_082_mu_0_3_node_314,18,0.11764705882352941,0.0004580394477287798,0.3976910828025478,2.5145145145145147,0.011084978114188232,8.0,10.0,0.8000000000000002,0.5555555555555556,0.12987012987012989,0.010834236186348859,0.38461538461538475,0.3849417979852764,0.1038961038961039
graph_082_mu_0_3_node_315,47,0.12950971322849214,0.0020817525865019105,0.4534725374489333,2.205205205205205,0.04746458018312294,30.0,17.0,1.7647058823529418,0.3617021276595746,0.10967741935483866,0.020118343195266276,0.22077922077922085,0.22133479449077997,0.19354838709677416
graph_082_mu_0_3_node_316,25,0.06666666666666667,0.0009977976779040544,0.40942622950819674,2.4424424424424425,0.013886842875740359,9.0,16.0,0.5625,0.64,0.5,0.01652892561983471,0.4705882352941177,0.4711104285056058,0.28125
graph_082_mu_0_3_node_317,18,0.12418300653594772,0.0005140904782078601,0.3908450704225352,2.5585585585585586,0.009303312911929004,8.0,10.0,0.8000000000000002,0.5555555555555556,0.2564102564102564,0.010405827263267432,0.38461538461538475,0.3849417979852764,0.2051282051282052
graph_082_mu_0_3_node_318,28,0.1164021164021164,0.0011337353902480362,0.440864960282436,2.2682682682682684,0.03041344137243568,10.0,18.0,0.5555555555555556,0.6428571428571429,0.09677419354838708,0.022113022113022112,0.4736842105263158,0.4742716778892399,0.053763440860215034
graph_082_mu_0_3_node_319,28,0.17724867724867724,0.0006581584536886845,0.4383501535761299,2.2812812812812813,0.03615906066898311,17.0,11.0,1.5454545454545454,0.39285714285714296,0.07096774193548384,0.013017751479289939,0.24444444444444444,0.24480369850238232,0.10967741935483866
graph_082_mu_0_3_node_320,17,0.029411764705882353,0.00045872555801255906,0.3821729150726855,2.6166166166166165,0.007879737583007444,8.0,9.0,0.8888888888888892,0.5294117647058824,0.1323529411764706,0.009656652360515022,0.36,0.36029378162232734,0.05882352941176471
graph_082_mu_0_3_node_321,37,0.15465465465465467,0.001108113277632952,0.44498886414253896,2.2472472472472473,0.0436754163513648,23.0,14.0,1.6428571428571423,0.3783783783783784,0.09032258064516129,0.016568047337278104,0.23333333333333336,0.23379070020690398,0.14838709677419357
graph_082_mu_0_3_node_322,21,0.16374269005847952,0.0004563540102397469,0.3939274447949527,2.5385385385385386,0.011404014386181414,11.0,10.0,1.0999999999999999,0.4761904761904762,0.2564102564102564,0.010405827263267432,0.3125,0.31282647730982693,0.2564102564102564
graph_082_mu_0_3_node_323,26,0.12307692307692308,0.0007762543832468237,0.45081227436823107,2.2182182182182184,0.03367386716239497,13.0,13.0,1.0,0.5,0.08387096774193552,0.015384615384615387,0.33333333333333326,0.33375776769292725,0.08387096774193552
graph_082_mu_0_3_node_324,28,0.09523809523809523,0.0010766908764114802,0.41195876288659794,2.4274274274274275,0.014199292672989096,13.0,15.0,0.8666666666666669,0.5357142857142857,0.38461538461538475,0.01560874089490114,0.36585365853658547,0.36634335851373273,0.33333333333333326
graph_082_mu_0_3_node_325,16,0.11666666666666667,0.000389021686065633,0.38100686498855835,2.6246246246246248,0.006899441262824578,8.0,8.0,1.0,0.5,0.11764705882352942,0.008583690987124467,0.33333333333333326,0.3335944810776698,0.10294117647058826
graph_082_mu_0_3_node_326,22,0.11688311688311688,0.0008430206627277292,0.4023358840112767,2.4854854854854853,0.011603452329506077,9.0,13.0,0.6923076923076923,0.5909090909090909,0.722222222222222,0.013238289205702643,0.4193548387096773,0.41977916224004913,0.5
graph_082_mu_0_3_node_327,43,0.10077519379844961,0.002215371529038058,0.4283876500857633,2.334334334334334,0.02164611644877793,23.0,20.0,1.15,0.4651162790697675,0.39215686274509814,0.021074815595363543,0.30303030303030304,0.3036835562312437,0.45098039215686286
graph_082_mu_0_3_node_328,63,0.1530977982590886,0.003384403878592132,0.4828419526341228,2.071071071071071,0.07231048239235564,40.0,23.0,1.7391304347826089,0.36507936507936495,0.14838709677419357,0.027218934911242606,0.22330097087378636,0.22405297348944767,0.25806451612903214
graph_082_mu_0_3_node_329,21,0.06666666666666667,0.0006431580912406792,0.40775510204081633,2.4524524524524525,0.014259298026260449,7.0,14.0,0.5,0.6666666666666665,0.4375,0.014462809917355378,0.5,0.5004568892369949,0.21875
graph_082_mu_0_3_node_330,37,0.08108108108108109,0.002006554454212762,0.43510452961672474,2.2982982982982985,0.02162900280325599,18.0,19.0,0.9473684210526316,0.5135135135135133,0.2794117647058823,0.020386266094420607,0.3454545454545456,0.3460749536178109,0.2647058823529412
graph_082_mu_0_3_node_331,50,0.10612244897959183,0.0024219391689851034,0.47368421052631576,2.111111111111111,0.05090990287590746,31.0,19.0,1.631578947368421,0.37999999999999995,0.10215053763440858,0.02334152334152334,0.23456790123456794,0.23518883655925163,0.16666666666666663
graph_082_mu_0_3_node_332,22,0.21645021645021645,0.0003461588395631615,0.42986230636833045,2.3263263263263263,0.032256977934367624,13.0,9.0,1.444444444444444,0.4090909090909091,0.05806451612903227,0.010650887573964493,0.2571428571428571,0.2574367346938775,0.08387096774193552
graph_082_mu_0_3_node_333,23,0.1067193675889328,0.0007245532988662299,0.42986230636833045,2.3263263263263263,0.02613327200291409,9.0,14.0,0.6428571428571429,0.608695652173913,0.07526881720430109,0.0171990171990172,0.4375,0.43795694888700326,0.04838709677419354
graph_082_mu_0_3_node_334,19,0.15204678362573099,0.0003034322938855681,0.41625,2.4024024024024024,0.02275563325825854,11.0,8.0,1.375,0.4210526315789473,0.04301075268817204,0.009828009828009828,0.2666666666666666,0.26692786556963133,0.059139784946236534
graph_082_mu_0_3_node_335,25,0.19333333333333333,0.0007658127940312132,0.44321206743566993,2.2562562562562563,0.03369859873370351,16.0,9.0,1.7777777777777783,0.36,0.05806451612903227,0.010650887573964493,0.21951219512195133,0.21980613026026405,0.10322580645161294
graph_082_mu_0_3_node_336,19,0.07017543859649122,0.0005968438460249931,0.39595719381688466,2.5255255255255253,0.010366982451945901,4.0,15.0,0.2666666666666666,0.7894736842105262,0.7894736842105262,0.015290519877675844,0.6521739130434784,0.6526633254223488,0.21052631578947364
graph_082_mu_0_3_node_337,28,0.12615384615384614,0.0008433289028719511,0.4024979854955681,2.4844844844844847,0.01313471491987205,17.0,11.0,1.5454545454545454,0.39285714285714296,0.34375,0.011363636363636364,0.24444444444444444,0.24480369850238232,0.5
graph_082_mu_0_3_node_338,33,0.13446969696969696,0.0012468632413550557,0.44498886414253896,2.2472472472472473,0.037639693921988966,17.0,16.0,1.0625,0.48484848484848464,0.10322580645161294,0.01893491124260355,0.32,0.3205224660397074,0.10967741935483866
graph_082_mu_0_3_node_339,21,0.14285714285714285,0.0006570642988200646,0.4192194712547209,2.3853853853853852,0.017221628932710488,10.0,11.0,0.9090909090909087,0.5238095238095238,0.12087912087912088,0.012101210121012097,0.3548387096774193,0.35519779954782044,0.10989010989010993
graph_082_mu_0_3_node_340,23,0.09523809523809523,0.0006655789348792578,0.3801369863013699,2.630630630630631,0.008519420316937696,12.0,11.0,1.0909090909090904,0.4782608695652175,0.5789473684210529,0.01121304791029562,0.3142857142857142,0.3146448510515245,0.5789473684210529
graph_082_mu_0_3_node_341,17,0.08823529411764706,0.0004277808839971737,0.4197478991596639,2.3823823823823824,0.015244391824122199,6.0,11.0,0.5454545454545452,0.6470588235294118,0.16176470588235295,0.011802575107296133,0.4782608695652175,0.478619865681532,0.08823529411764702
graph_082_mu_0_3_node_342,51,0.11989795918367346,0.0026176067250442392,0.45846718678292797,2.181181181181181,0.05006874303704218,30.0,21.0,1.4285714285714282,0.41176470588235303,0.13548387096774195,0.024852071005917152,0.2592592592592592,0.25994546649384404,0.18709677419354837
graph_082_mu_0_3_node_343,17,0.16176470588235295,0.0002845938391262252,0.39658594680428744,2.5215215215215214,0.013366719613491831,9.0,8.0,1.125,0.4705882352941177,0.08791208791208788,0.008800880088008802,0.3076923076923076,0.30795347248729327,0.09890109890109892
graph_082_mu_0_3_node_344,21,0.16666666666666666,0.0005206083856125521,0.4016887816646562,2.4894894894894897,0.013017619269121363,10.0,11.0,0.9090909090909087,0.5238095238095238,0.12087912087912088,0.012101210121012097,0.3548387096774193,0.35519779954782044,0.10989010989010993
graph_082_mu_0_3_node_345,17,0.0661764705882353,0.00041090795962467737,0.4004008016032064,2.4974974974974975,0.012544271235669249,7.0,10.0,0.6999999999999998,0.5882352941176471,0.14705882352941177,0.010729613733905578,0.41666666666666674,0.41699305872881176,0.10294117647058826
graph_082_mu_0_3_node_346,20,0.1736842105263158,0.0002795363998635517,0.4124690338563171,2.4244244244244246,0.02505238726874169,14.0,6.0,2.3333333333333335,0.2999999999999999,0.038709677419354833,0.007100591715976334,0.17647058823529405,0.1766665385945365,0.09032258064516129
graph_082_mu_0_3_node_347,23,0.2648221343873518,0.0005753942164262697,0.421875,2.3703703703703702,0.03019093270216044,17.0,6.0,2.8333333333333335,0.26086956521739124,0.03225806451612902,0.007371007371007373,0.14999999999999994,0.15019598876331092,0.09139784946236558
graph_082_mu_0_3_node_348,16,0.20833333333333334,0.00029338766253325166,0.39548693586698336,2.5285285285285286,0.011625290339578232,9.0,7.0,1.2857142857142858,0.4375,0.0769230769230769,0.0077007700770077,0.28000000000000014,0.2802285266560021,0.09890109890109892
graph_082_mu_0_3_node_349,54,0.11740041928721175,0.0035528108239619906,0.44979738856371004,2.2232232232232234,0.025345602038449155,33.0,21.0,1.5714285714285718,0.388888888888889,0.41176470588235303,0.022128556375131718,0.2413793103448275,0.242065652143043,0.6470588235294118
graph_082_mu_0_3_node_350,67,0.09633649932157395,0.005076515935153379,0.4725638599810785,2.116116116116116,0.04206534582279884,41.0,26.0,1.5769230769230769,0.3880597014925372,0.2857142857142856,0.0286028602860286,0.2407407407407408,0.2415908028606649,0.45054945054945067
graph_082_mu_0_3_node_351,16,0.05,0.0005408524978539876,0.39611419508326723,2.5245245245245247,0.009838151513458545,4.0,12.0,0.33333333333333326,0.75,0.6315789473684211,0.012232415902140673,0.5999999999999998,0.6003915682307641,0.21052631578947364
graph_082_mu_0_3_node_352,22,0.06060606060606061,0.0008582615560873,0.39470564994073487,2.5335335335335336,0.009219624586287684,11.0,11.0,1.0,0.5,0.16176470588235295,0.011802575107296133,0.33333333333333326,0.3336924466499081,0.11764705882352942
graph_082_mu_0_3_node_353,18,0.0718954248366013,0.0006445586552366439,0.41469489414694893,2.4114114114114114,0.016295208472527377,5.0,13.0,0.38461538461538475,0.722222222222222,0.1428571428571428,0.0143014301430143,0.5652173913043478,0.5656416040633624,0.054945054945054965
graph_082_mu_0_3_node_354,17,0.14705882352941177,0.00031707150336353145,0.40445344129554656,2.4724724724724725,0.013764423683036724,8.0,9.0,0.8888888888888892,0.5294117647058824,0.09890109890109892,0.009900990099009901,0.36,0.36029378162232734,0.08791208791208788
graph_082_mu_0_3_node_355,18,0.12418300653594772,0.00046839962963616573,0.384526558891455,2.6006006006006004,0.008998005471859692,7.0,11.0,0.6363636363636365,0.6111111111111108,0.6111111111111108,0.011201629327902243,0.4400000000000001,0.4403590195502464,0.388888888888889
graph_082_mu_0_3_node_356,78,0.11322011322011322,0.005226958710705273,0.4930898321816387,2.028028028028028,0.08010293325971518,52.0,26.0,2.0,0.33333333333333326,0.16774193548387104,0.030769230769230774,0.20000000000000004,0.2008506739955504,0.33548387096774207
graph_082_mu_0_3_node_357,23,0.18972332015810275,0.000646218130945605,0.4249255635899617,2.3533533533533535,0.029119775837669757,13.0,10.0,1.3000000000000005,0.4347826086956522,0.06451612903225803,0.011834319526627222,0.2777777777777778,0.27810429772814677,0.08387096774193552
graph_082_mu_0_3_node_358,22,0.12121212121212122,0.0006499520446883598,0.39315230224321135,2.5435435435435436,0.011372543782751144,11.0,11.0,1.0,0.5,0.21568627450980402,0.011591148577449946,0.33333333333333326,0.3336924466499081,0.19607843137254907
graph_082_mu_0_3_node_359,29,0.18472906403940886,0.0010351352536009497,0.4467799642218247,2.2382382382382384,0.039189409581027096,18.0,11.0,1.6363636363636365,0.3793103448275863,0.059139784946236534,0.013513513513513516,0.23404255319148948,0.23440183071704712,0.09677419354838708
graph_082_mu_0_3_node_360,20,0.13157894736842105,0.0005647578179913504,0.4085889570552147,2.4474474474474475,0.014262116307184554,8.0,12.0,0.6666666666666665,0.5999999999999998,0.13186813186813184,0.013201320132013196,0.42857142857142855,0.42896309904600277,0.08791208791208788
graph_082_mu_0_3_node_361,16,0.13333333333333333,0.0005474770590411038,0.3894736842105263,2.5675675675675675,0.009441678002832292,8.0,8.0,1.0,0.5,0.6153846153846152,0.008105369807497471,0.33333333333333326,0.3335944810776698,0.6153846153846152
graph_082_mu_0_3_node_362,16,0.13186813186813187,0.0003536663698932533,0.3689069423929099,2.710710710710711,0.0051695829764733265,9.0,7.0,1.2857142857142858,0.4375,0.5,0.007099391480730219,0.28000000000000014,0.2802285266560021,0.5714285714285712
graph_082_mu_0_3_node_363,45,0.13434343434343435,0.0017923961751345912,0.4653004191895668,2.149149149149149,0.05323213304474264,27.0,18.0,1.5,0.4000000000000001,0.11612903225806454,0.021301775147928987,0.25,0.2505881199764751,0.17419354838709683
graph_082_mu_0_3_node_364,31,0.1010752688172043,0.0012661225328411887,0.4036363636363636,2.4774774774774775,0.013374054460572677,14.0,17.0,0.8235294117647061,0.5483870967741937,0.53125,0.01756198347107438,0.3777777777777778,0.37833277108521135,0.4375
graph_082_mu_0_3_node_365,17,0.10294117647058823,0.0005582346180400836,0.4104354971240756,2.4364364364364364,0.01430440160041452,5.0,12.0,0.41666666666666674,0.7058823529411762,0.8571428571428571,0.012170385395537525,0.5454545454545452,0.5458461392412576,0.35714285714285704
graph_082_mu_0_3_node_366,14,0.045454545454545456,0.00024125319329368968,0.3734579439252336,2.6776776776776776,0.00812782476940396,5.0,9.0,0.5555555555555556,0.6428571428571429,0.6923076923076923,0.009118541033434652,0.4736842105263158,0.47397793462148224,0.3076923076923076
graph_082_mu_0_3_node_367,15,0.17142857142857143,0.0001997688906307037,0.3791271347248577,2.6376376376376376,0.008352018965162957,9.0,6.0,1.5,0.4000000000000001,0.08823529411764702,0.006437768240343349,0.25,0.25019588638589607,0.1323529411764706
graph_082_mu_0_3_node_368,15,0.13333333333333333,0.0003274226438849162,0.4186923721709975,2.3883883883883885,0.016561865751312053,8.0,7.0,1.1428571428571423,0.46666666666666673,0.0769230769230769,0.0077007700770077,0.3043478260869565,0.3045763378226664,0.08791208791208788
graph_082_mu_0_3_node_369,40,0.11153846153846154,0.0020261949936111905,0.4215189873417722,2.3723723723723724,0.0186126928849884,21.0,19.0,1.1052631578947367,0.47499999999999987,0.59375,0.019628099173553723,0.31147540983606564,0.31209593957250364,0.65625
graph_082_mu_0_3_node_370,18,0.06535947712418301,0.000509355631294397,0.40808823529411764,2.4504504504504503,0.012107616144998813,6.0,12.0,0.5,0.6666666666666665,0.13186813186813184,0.013201320132013196,0.5,0.5003916193459956,0.054945054945054965
graph_082_mu_0_3_node_371,16,0.05,0.00038457069165653515,0.38071646341463417,2.6266266266266265,0.007312842810504019,6.0,10.0,0.5999999999999998,0.625,0.5263157894736842,0.01019367991845056,0.45454545454545436,0.45487182530263487,0.2631578947368421
graph_082_mu_0_3_node_372,23,0.1067193675889328,0.0010853406020291645,0.4100985221674877,2.4384384384384385,0.013002186250189902,10.0,13.0,0.7692307692307695,0.5652173913043478,0.6842105263157895,0.013251783893985734,0.39393939393939387,0.39436374517164463,0.5263157894736842
graph_082_mu_0_3_node_373,24,0.11956521739130435,0.0006603938596335731,0.42912371134020616,2.33033033033033,0.027120933597140677,7.0,17.0,0.41176470588235303,0.7083333333333334,0.18681318681318687,0.01870187018701869,0.5483870967741937,0.5489418365359818,0.0769230769230769
graph_082_mu_0_3_node_374,26,0.08307692307692308,0.0007666871305717895,0.4028225806451613,2.4824824824824825,0.015142273339887932,15.0,11.0,1.3636363636363635,0.4230769230769231,0.1145833333333333,0.012168141592920354,0.26829268292682934,0.26865189005872364,0.15625
graph_082_mu_0_3_node_375,41,0.11951219512195121,0.0015587607616949924,0.4347258485639687,2.3003003003003,0.02558272552735637,25.0,16.0,1.5625,0.39024390243902446,0.16666666666666663,0.017699115044247787,0.24242424242424232,0.242946981577405,0.26041666666666663
graph_082_mu_0_3_node_376,44,0.1331923890063425,0.0022559251607896886,0.4506089309878214,2.219219219219219,0.043666514271784036,28.0,16.0,1.75,0.36363636363636365,0.08602150537634408,0.019656019656019656,0.2222222222222223,0.22274506386655923,0.15053763440860218
graph_082_mu_0_3_node_377,20,0.16842105263157894,0.0004935807018463905,0.38057142857142856,2.6276276276276276,0.008600382728436013,12.0,8.0,1.5,0.4000000000000001,0.25,0.008264462809917356,0.25,0.2502612159602951,0.375
graph_082_mu_0_3_node_378,25,0.09666666666666666,0.0007291890096244204,0.4317199654278306,2.3163163163163163,0.027741441752727095,11.0,14.0,0.7857142857142859,0.5600000000000003,0.09032258064516129,0.016568047337278104,0.388888888888889,0.38934589744147746,0.07096774193548384
graph_082_mu_0_3_node_379,30,0.12643678160919541,0.0009279797485350663,0.42169691853102576,2.3713713713713713,0.01957106298464669,17.0,13.0,1.3076923076923077,0.43333333333333346,0.13541666666666669,0.014380530973451324,0.27659574468085113,0.2770202899275772,0.17708333333333334
graph_082_mu_0_3_node_380,23,0.19367588932806323,0.000515293035089854,0.4258312020460358,2.3483483483483485,0.030493602536727605,13.0,10.0,1.3000000000000005,0.4347826086956522,0.06451612903225803,0.011834319526627222,0.2777777777777778,0.27810429772814677,0.08387096774193552
graph_082_mu_0_3_node_381,27,0.14245014245014245,0.0008216438210279777,0.440864960282436,2.2682682682682684,0.026161661887118492,11.0,16.0,0.6875,0.5925925925925926,0.17582417582417575,0.017601760176017604,0.4210526315789473,0.4215748929707741,0.12087912087912088
graph_082_mu_0_3_node_382,35,0.10588235294117647,0.0013966015462903868,0.44638069705093836,2.24024024024024,0.03342299368807157,19.0,16.0,1.1875,0.45714285714285724,0.08602150537634408,0.019656019656019656,0.2962962962962963,0.2968188305876092,0.10215053763440858
graph_082_mu_0_3_node_383,94,0.09059711736444749,0.008494993316655975,0.499000999000999,2.004004004004004,0.08123543714247605,63.0,31.0,2.0322580645161286,0.3297872340425531,0.16666666666666663,0.03808353808353808,0.1974522292993631,0.19846705890619848,0.3387096774193549
graph_082_mu_0_3_node_384,26,0.15692307692307692,0.0006375214952760977,0.4265584970111016,2.344344344344344,0.03324156199060413,15.0,11.0,1.3636363636363635,0.4230769230769231,0.07096774193548384,0.013017751479289939,0.26829268292682934,0.26865189005872364,0.09677419354838708
graph_082_mu_0_3_node_385,20,0.14210526315789473,0.00047699108098511815,0.4007220216606498,2.4954954954954953,0.01300048990745203,9.0,11.0,0.8181818181818182,0.5499999999999999,0.1428571428571428,0.011917659804983743,0.3793103448275863,0.37966941125487524,0.11688311688311685
graph_082_mu_0_3_node_386,18,0.23529411764705882,0.0002224175336898678,0.41607663473552686,2.4034034034034035,0.027817945447309065,13.0,5.0,2.600000000000001,0.2777777777777778,0.026881720430107517,0.006142506142506141,0.16129032258064516,0.16145360921400134,0.06989247311827952
graph_082_mu_0_3_node_387,144,0.09189891119768255,0.01543525942535896,0.5235849056603774,1.90990990990991,0.13356784666251054,97.0,47.0,2.063829787234042,0.3263888888888889,0.3032258064516129,0.055621301775147916,0.19502074688796686,0.19656198315620754,0.6193548387096773
graph_082_mu_0_3_node_388,70,0.10559006211180125,0.005315188526791302,0.4703389830508475,2.126126126126126,0.03971695828564881,45.0,25.0,1.8000000000000005,0.35714285714285704,0.26041666666666663,0.027654867256637183,0.2173913043478261,0.21820891235384374,0.46875
graph_082_mu_0_3_node_389,26,0.31076923076923074,0.0005331190566848163,0.42420382165605097,2.3573573573573574,0.038024694347952734,21.0,5.0,4.200000000000002,0.19230769230769237,0.03225806451612902,0.005917159763313611,0.1063829787234043,0.10654635072144376,0.13548387096774195
graph_082_mu_0_3_node_390,25,0.10333333333333333,0.001168401288503903,0.43510452961672474,2.2982982982982985,0.02016113986686476,10.0,15.0,0.6666666666666665,0.5999999999999998,0.38461538461538475,0.01560874089490114,0.42857142857142855,0.42906103264493456,0.2564102564102564
graph_082_mu_0_3_node_391,34,0.13725490196078433,0.0010352545171364155,0.42893945899527697,2.3313313313313313,0.023750033055163135,23.0,11.0,2.09090909090909,0.3235294117647059,0.1145833333333333,0.012168141592920354,0.1929824561403509,0.19334185105001203,0.2395833333333334
graph_082_mu_0_3_node_392,22,0.19047619047619047,0.0005000878113669315,0.4201009251471825,2.3803803803803802,0.030046394899140773,12.0,10.0,1.1999999999999995,0.45454545454545436,0.06451612903225803,0.011834319526627222,0.29411764705882354,0.2944441456875292,0.07096774193548384
graph_082_mu_0_3_node_393,27,0.11965811965811966,0.0008703946547147372,0.408923454768727,2.4454454454454453,0.016365035178723553,14.0,13.0,1.0769230769230769,0.4814814814814816,0.40625,0.013429752066115706,0.3170731707317073,0.3174976328076534,0.4375
graph_082_mu_0_3_node_394,22,0.13852813852813853,0.0006160213139675385,0.40775510204081633,2.4524524524524525,0.01492041908995423,13.0,9.0,1.444444444444444,0.4090909090909091,0.09375,0.009955752212389377,0.2571428571428571,0.2574367346938775,0.13541666666666669
graph_082_mu_0_3_node_395,14,0.02197802197802198,0.00026624102337654545,0.3765548435733132,2.655655655655656,0.007626218941909926,6.0,8.0,0.75,0.5714285714285712,0.11764705882352942,0.008583690987124467,0.4000000000000001,0.4002611136497159,0.029411764705882356
graph_082_mu_0_3_node_396,153,0.09713024282560706,0.018639801951895924,0.5328,1.8768768768768769,0.14671948706105173,103.0,50.0,2.0599999999999996,0.326797385620915,0.3225806451612903,0.059171597633136064,0.1953125,0.19695259709374796,0.6580645161290322
graph_082_mu_0_3_node_397,23,0.11857707509881422,0.0006682443497556388,0.4193954659949622,2.3843843843843846,0.018914905497961775,14.0,9.0,1.555555555555556,0.3913043478260869,0.09375,0.009955752212389377,0.24324324324324328,0.24353713998752047,0.14583333333333334
graph_082_mu_0_3_node_398,37,0.14114114114114115,0.0014366854169620014,0.43265482893027285,2.3113113113113113,0.024311785551483514,24.0,13.0,1.8461538461538465,0.3513513513513515,0.13541666666666669,0.014380530973451324,0.21311475409836064,0.21353949353705115,0.25
graph_082_mu_0_3_node_399,19,0.1286549707602339,0.0004682490523961702,0.399919935948759,2.5005005005005003,0.013449298516369834,9.0,10.0,0.9000000000000002,0.5263157894736842,0.19607843137254907,0.010537407797681772,0.35714285714285704,0.3574692918232776,0.17647058823529405
graph_082_mu_0_3_node_400,16,0.10833333333333334,0.0004189587689345443,0.3978494623655914,2.5135135135135136,0.012017225862015526,7.0,9.0,0.777777777777778,0.5625,0.09890109890109892,0.009900990099009901,0.3913043478260869,0.3915981102701905,0.0769230769230769
graph_082_mu_0_3_node_401,15,0.09523809523809523,0.0003195076795801327,0.40104375752709753,2.4934934934934936,0.011516495941732277,6.0,9.0,0.6666666666666665,0.5999999999999998,0.09890109890109892,0.009900990099009901,0.42857142857142855,0.4288651718398118,0.06593406593406592
graph_082_mu_0_3_node_402,51,0.14901960784313725,0.0025367359590825474,0.46901408450704224,2.1321321321321323,0.05703231181186297,31.0,20.0,1.5500000000000005,0.39215686274509814,0.12903225806451607,0.023668639053254444,0.24390243902439032,0.24455603379563218,0.20000000000000004
graph_082_mu_0_3_node_403,18,0.08496732026143791,0.00040469266164331816,0.41332230037236245,2.4194194194194196,0.014480856060190136,5.0,13.0,0.38461538461538475,0.722222222222222,0.1428571428571428,0.0143014301430143,0.5652173913043478,0.5656416040633624,0.054945054945054965
graph_082_mu_0_3_node_404,30,0.05057471264367816,0.0013426833693115786,0.4293081220455522,2.329329329329329,0.01982825508296796,11.0,19.0,0.5789473684210529,0.6333333333333331,0.2794117647058823,0.020386266094420607,0.46341463414634165,0.46403475882403983,0.14705882352941177
graph_082_mu_0_3_node_405,17,0.08823529411764706,0.00048181783713158345,0.39008199921905506,2.5635635635635636,0.009818613253958577,3.0,14.0,0.21428571428571427,0.8235294117647061,0.9333333333333335,0.01421319796954315,0.6999999999999998,0.7004567699836868,0.20000000000000004
graph_082_mu_0_3_node_406,17,0.13970588235294118,0.0003084754542302302,0.41060419235511714,2.4354354354354353,0.014970233545969762,7.0,10.0,0.6999999999999998,0.5882352941176471,0.10989010989010993,0.011001100110011004,0.41666666666666674,0.41699305872881176,0.0769230769230769
graph_082_mu_0_3_node_407,18,0.17647058823529413,0.0002865421265267983,0.38841368584758945,2.5745745745745747,0.011171449270553782,9.0,9.0,1.0,0.5,0.17647058823529405,0.009483667017913594,0.33333333333333326,0.3336271341363889,0.17647058823529405
graph_082_mu_0_3_node_408,27,0.19943019943019943,0.0005287522835218869,0.42546848381601365,2.3503503503503502,0.034453096366274444,19.0,8.0,2.375,0.2962962962962963,0.05161290322580647,0.009467455621301775,0.1739130434782608,0.17417437890227752,0.12258064516129032
graph_082_mu_0_3_node_409,22,0.1645021645021645,0.0004725361908122406,0.40298507462686567,2.4814814814814814,0.01508342730273746,14.0,8.0,1.75,0.36363636363636365,0.08333333333333331,0.008849557522123894,0.2222222222222223,0.2224834723038628,0.14583333333333334
graph_082_mu_0_3_node_410,24,0.06521739130434782,0.0009792249755662997,0.4193954659949622,2.3843843843843846,0.015774273038364286,6.0,18.0,0.33333333333333326,0.75,0.2647058823529412,0.019313304721030045,0.5999999999999998,0.6005873140172279,0.08823529411764702
graph_082_mu_0_3_node_411,23,0.2134387351778656,0.0006446119022880611,0.4220532319391635,2.369369369369369,0.03059258005369748,15.0,8.0,1.875,0.3478260869565216,0.05161290322580647,0.009467455621301775,0.21052631578947364,0.2107875829351302,0.09677419354838708
graph_082_mu_0_3_node_412,39,0.09446693657219973,0.0015558428927966118,0.436054124836316,2.2932932932932935,0.026884982575638084,21.0,18.0,1.1666666666666667,0.4615384615384616,0.1875,0.019911504424778754,0.2999999999999999,0.30058788947677834,0.20833333333333337
graph_082_mu_0_3_node_413,25,0.24,0.00047792815990253546,0.43265482893027285,2.3113113113113113,0.03614363008039445,16.0,9.0,1.7777777777777783,0.36,0.05806451612903227,0.010650887573964493,0.21951219512195133,0.21980613026026405,0.10322580645161294
graph_082_mu_0_3_node_414,82,0.10253164556962026,0.006708583263495646,0.47867752755150933,2.089089089089089,0.04732286786213972,54.0,28.0,1.928571428571428,0.34146341463414637,0.2916666666666667,0.03097345132743362,0.20588235294117652,0.20679852334887233,0.5520833333333333
graph_082_mu_0_3_node_415,24,0.15217391304347827,0.000513936101090532,0.4033104561970125,2.4794794794794797,0.015681835340663784,16.0,8.0,2.0,0.33333333333333326,0.08333333333333331,0.008849557522123894,0.20000000000000004,0.20026128421190148,0.16666666666666663
graph_082_mu_0_3_node_416,28,0.24074074074074073,0.0005977530598932828,0.43415906127770537,2.3033033033033035,0.03673964311611456,22.0,6.0,3.6666666666666656,0.21428571428571427,0.03225806451612902,0.007371007371007373,0.12000000000000005,0.12019605280355508,0.11827956989247307
graph_082_mu_0_3_node_417,31,0.11397849462365592,0.0009160008856845074,0.4169449081803005,2.3983983983983985,0.02035981516444589,18.0,13.0,1.3846153846153846,0.4193548387096773,0.13541666666666669,0.014380530973451324,0.2653061224489796,0.26573069542654254,0.1875
graph_082_mu_0_3_node_418,45,0.12181616832779624,0.002317202794951405,0.44618133095131757,2.2412412412412412,0.029568754497237965,26.0,19.0,1.368421052631579,0.4222222222222223,0.24675324675324678,0.020585048754062838,0.2676056338028169,0.2682263662671248,0.3246753246753248
graph_082_mu_0_3_node_419,22,0.13852813852813853,0.0005710609564901644,0.3882627283326856,2.5755755755755754,0.010469777501722502,12.0,10.0,1.1999999999999995,0.45454545454545436,0.12987012987012989,0.010834236186348859,0.29411764705882354,0.2944441456875292,0.15584415584415587
graph_082_mu_0_3_node_420,23,0.1857707509881423,0.0005591755149757705,0.4201009251471825,2.3803803803803802,0.02929477550755044,13.0,10.0,1.3000000000000005,0.4347826086956522,0.06451612903225803,0.011834319526627222,0.2777777777777778,0.27810429772814677,0.08387096774193552
graph_082_mu_0_3_node_421,14,0.18681318681318682,0.00017347347366656162,0.40808823529411764,2.4504504504504503,0.014279613701773474,7.0,7.0,1.0,0.5,0.0769230769230769,0.0077007700770077,0.33333333333333326,0.33356183015069896,0.0769230769230769
graph_082_mu_0_3_node_422,23,0.30039525691699603,0.000265670536981905,0.43116098403107467,2.319319319319319,0.03448022263277318,20.0,3.0,6.666666666666668,0.13043478260869562,0.01612903225806451,0.0036855036855036865,0.06976744186046513,0.06986546505928883,0.10752688172043007
graph_082_mu_0_3_node_423,59,0.0929281122150789,0.003895131927294737,0.46228597871355853,2.1631631631631634,0.03584850148403952,35.0,24.0,1.458333333333333,0.40677966101694896,0.25,0.02654867256637167,0.2553191489361702,0.25610356519973404,0.36458333333333326
graph_082_mu_0_3_node_424,23,0.04743083003952569,0.0008404999301727759,0.40875613747954176,2.4464464464464464,0.0145378557951763,7.0,16.0,0.4375,0.6956521739130432,0.17582417582417575,0.017601760176017604,0.5333333333333332,0.5338554583822824,0.06593406593406592
graph_082_mu_0_3_node_425,28,0.10052910052910052,0.00104120133226587,0.42027766091712243,2.3793793793793796,0.01811821028903008,13.0,15.0,0.8666666666666669,0.5357142857142857,0.15625,0.016592920353982302,0.36585365853658547,0.36634335851373273,0.13541666666666669
graph_082_mu_0_3_node_426,19,0.07602339181286549,0.0005018019057130393,0.4013660104459622,2.4914914914914914,0.011977887086656298,7.0,12.0,0.5833333333333334,0.6315789473684211,0.15584415584415587,0.013001083423618635,0.4615384615384616,0.4619301064470776,0.09090909090909091
graph_082_mu_0_3_node_427,25,0.11333333333333333,0.0009478812892355306,0.39611419508326723,2.5245245245245247,0.011751730704902078,13.0,12.0,1.0833333333333335,0.4800000000000002,0.15584415584415587,0.013001083423618635,0.31578947368421056,0.31618127203865753,0.16883116883116883
graph_082_mu_0_3_node_428,22,0.09956709956709957,0.0006741983364827127,0.42169691853102576,2.3713713713713713,0.017698606677680435,12.0,10.0,1.1999999999999995,0.45454545454545436,0.10416666666666669,0.011061946902654865,0.29411764705882354,0.2944441456875292,0.125
graph_082_mu_0_3_node_429,19,0.14619883040935672,0.0004533166434263232,0.4024979854955681,2.4844844844844847,0.012877058740969304,10.0,9.0,1.1111111111111112,0.4736842105263158,0.11688311688311685,0.009750812567713976,0.31034482758620696,0.31063864757249526,0.12987012987012989
graph_082_mu_0_3_node_430,45,0.09494949494949495,0.0019503510777606717,0.451831750339213,2.2132132132132134,0.042412286702761835,25.0,20.0,1.25,0.4444444444444446,0.12903225806451607,0.023668639053254444,0.2857142857142856,0.2863676242743275,0.16129032258064516
graph_082_mu_0_3_node_431,16,0.06666666666666667,0.00044602772077155235,0.38917023763147646,2.5695695695695697,0.009495614852620142,5.0,11.0,0.45454545454545436,0.6875,0.282051282051282,0.011446409989594173,0.5238095238095238,0.5241684964949658,0.1282051282051282
graph_082_mu_0_3_node_432,24,0.12681159420289856,0.0007691687942158225,0.4233050847457627,2.3623623623623624,0.019399501493859314,13.0,11.0,1.1818181818181819,0.4583333333333332,0.1145833333333333,0.012168141592920354,0.29729729729729737,0.2976564575154056,0.13541666666666669
graph_082_mu_0_3_node_433,31,0.14838709677419354,0.0012260964869629468,0.4293081220455522,2.329329329329329,0.020567746503575495,17.0,14.0,1.2142857142857142,0.4516129032258062,0.14583333333333334,0.01548672566371681,0.2916666666666667,0.2921238543095378,0.17708333333333334
graph_082_mu_0_3_node_434,18,0.0784313725490196,0.0005077963376531603,0.3964285714285714,2.5225225225225225,0.011084060911131701,6.0,12.0,0.5,0.6666666666666665,0.13186813186813184,0.013201320132013196,0.5,0.5003916193459956,0.06593406593406592
graph_082_mu_0_3_node_435,22,0.14285714285714285,0.00044786944992920326,0.4406704896338774,2.269269269269269,0.029432809850236486,14.0,8.0,1.75,0.36363636363636365,0.04301075268817204,0.009828009828009828,0.2222222222222223,0.2224834723038628,0.07526881720430109
graph_082_mu_0_3_node_436,27,0.16524216524216523,0.0007457623654243279,0.45554035567715456,2.195195195195195,0.03665741837778754,15.0,12.0,1.25,0.4444444444444446,0.07741935483870967,0.014201183431952667,0.2857142857142856,0.2861061352440663,0.09677419354838708
graph_082_mu_0_3_node_437,37,0.09009009009009009,0.001260188556057441,0.44979738856371004,2.2232232232232234,0.038592843652591635,21.0,16.0,1.3125,0.4324324324324325,0.08602150537634408,0.019656019656019656,0.2758620689655173,0.27638467152626983,0.11290322580645155
graph_082_mu_0_3_node_438,19,0.022058823529411766,0.0005642977983135697,0.38992974238875877,2.5645645645645647,0.009718103116567726,6.0,13.0,0.4615384615384616,0.6842105263157895,0.8666666666666669,0.013197969543147205,0.5199999999999998,0.5204242404464317,0.33333333333333326
graph_082_mu_0_3_node_439,19,0.12280701754385964,0.00044714590474536416,0.4138359569179785,2.4164164164164164,0.01451035962053915,8.0,11.0,0.7272727272727273,0.5789473684210529,0.1428571428571428,0.011917659804983743,0.4074074074074074,0.40776645039464493,0.1038961038961039
graph_082_mu_0_3_node_440,19,0.07602339181286549,0.0005392564030887,0.4157303370786517,2.4054054054054053,0.014650789460432327,6.0,13.0,0.4615384615384616,0.6842105263157895,0.16883116883116883,0.014084507042253523,0.5199999999999998,0.5204242404464317,0.07792207792207793
graph_082_mu_0_3_node_441,23,0.09881422924901186,0.0005564015254902228,0.39705882352941174,2.5185185185185186,0.013216296806484127,12.0,11.0,1.0909090909090904,0.4782608695652175,0.1145833333333333,0.012168141592920354,0.3142857142857142,0.3146448510515245,0.1145833333333333
graph_082_mu_0_3_node_442,21,0.10952380952380952,0.0006494002107439712,0.41195876288659794,2.4274274274274275,0.016516520898597495,10.0,11.0,0.9090909090909087,0.5238095238095238,0.1428571428571428,0.011917659804983743,0.3548387096774193,0.35519779954782044,0.12987012987012989
graph_082_mu_0_3_node_443,50,0.08734693877551021,0.0028114824776696934,0.4631432545201669,2.159159159159159,0.043682678110361785,27.0,23.0,1.173913043478261,0.4600000000000001,0.12365591397849457,0.02825552825552825,0.2987012987012987,0.2994526625900969,0.14516129032258063
graph_082_mu_0_3_node_444,21,0.09047619047619047,0.000443369533553683,0.39423835832675613,2.5365365365365364,0.01268222272219854,11.0,10.0,1.0999999999999999,0.4761904761904762,0.10416666666666669,0.011061946902654865,0.3125,0.31282647730982693,0.1145833333333333
graph_082_mu_0_3_node_445,32,0.11693548387096774,0.001094837829377142,0.43060344827586206,2.3223223223223224,0.022395559207671365,15.0,17.0,0.8823529411764709,0.53125,0.17708333333333334,0.018805309734513272,0.3617021276595746,0.3622571572067358,0.15625
graph_082_mu_0_3_node_446,25,0.15333333333333332,0.0006883617741597305,0.4307891332470893,2.3213213213213213,0.028941961641817074,14.0,11.0,1.272727272727273,0.4400000000000001,0.059139784946236534,0.013513513513513516,0.282051282051282,0.28241046572475137,0.07526881720430109
graph_082_mu_0_3_node_447,57,0.10526315789473684,0.003514058607184519,0.4576271186440678,2.185185185185185,0.03319311449043945,34.0,23.0,1.4782608695652175,0.40350877192982454,0.2395833333333334,0.025442477876106203,0.25274725274725274,0.25349896043101255,0.3541666666666667
graph_082_mu_0_3_node_448,21,0.09047619047619047,0.0006558312622823216,0.4016887816646562,2.4894894894894897,0.011028192559898876,9.0,12.0,0.75,0.5714285714285712,0.2999999999999999,0.012500000000000002,0.4000000000000001,0.4003916960438698,0.22500000000000006
graph_082_mu_0_3_node_449,16,0.075,0.00021048955417437196,0.40445344129554656,2.4724724724724725,0.015268076055149255,5.0,11.0,0.45454545454545436,0.6875,0.12087912087912088,0.012101210121012097,0.5238095238095238,0.5241684964949658,0.04395604395604394
graph_082_mu_0_3_node_450,34,0.1354723707664884,0.001117572008253666,0.4402820625826355,2.2712712712712713,0.03646722595669341,21.0,13.0,1.6153846153846159,0.3823529411764707,0.08387096774193552,0.015384615384615387,0.2363636363636364,0.2367882925554503,0.13548387096774195
graph_082_mu_0_3_node_451,18,0.2549019607843137,0.00038543385634987065,0.4072564207093355,2.4554554554554553,0.025587144952060367,12.0,6.0,2.0,0.33333333333333326,0.038709677419354833,0.007100591715976334,0.20000000000000004,0.20019592476489032,0.07741935483870967
graph_082_mu_0_3_node_452,18,0.17647058823529413,0.0003703250107297367,0.4054383116883117,2.4664664664664664,0.012849108467258386,10.0,8.0,1.25,0.4444444444444446,0.08791208791208788,0.008800880088008802,0.2857142857142856,0.28597546756214726,0.10989010989010993
graph_082_mu_0_3_node_453,38,0.10953058321479374,0.0015639708276757194,0.43624454148471614,2.2922922922922924,0.025296465099377153,22.0,16.0,1.375,0.4210526315789473,0.16666666666666663,0.017699115044247787,0.2666666666666666,0.26718930336882896,0.2291666666666666
graph_082_mu_0_3_node_454,17,0.1323529411764706,0.00041704673107983325,0.3824655436447167,2.6146146146146148,0.00943285296957249,8.0,9.0,0.8888888888888892,0.5294117647058824,0.09890109890109892,0.009900990099009901,0.36,0.36029378162232734,0.08791208791208788
graph_082_mu_0_3_node_455,19,0.14619883040935672,0.00046347598657141455,0.4274711168164313,2.339339339339339,0.021925783181329397,5.0,14.0,0.35714285714285704,0.7368421052631577,0.1538461538461538,0.0154015401540154,0.5833333333333334,0.5837901629358917,0.054945054945054965
graph_082_mu_0_3_node_456,18,0.13725490196078433,0.00043736384879054373,0.41332230037236245,2.4194194194194196,0.014317084119686014,8.0,10.0,0.8000000000000002,0.5555555555555556,0.10989010989010993,0.011001100110011004,0.38461538461538475,0.3849417979852764,0.08791208791208788
graph_082_mu_0_3_node_457,28,0.11692307692307692,0.0008652143119473432,0.4145228215767635,2.4124124124124124,0.017655202432187808,14.0,14.0,1.0,0.5,0.1538461538461538,0.0154015401540154,0.33333333333333326,0.3337904314135213,0.1428571428571428
graph_082_mu_0_3_node_458,37,0.11561561561561562,0.0012550369063677805,0.4213412062420919,2.3733733733733735,0.021465655267487758,23.0,14.0,1.6428571428571423,0.3783783783783784,0.14583333333333334,0.01548672566371681,0.23333333333333336,0.23379070020690398,0.2395833333333334
graph_082_mu_0_3_node_459,17,0.07352941176470588,0.00042508583695501285,0.39737470167064437,2.5165165165165164,0.012716736951063833,3.0,14.0,0.21428571428571427,0.8235294117647061,0.7368421052631577,0.014271151885830781,0.6999999999999998,0.7004567699836868,0.15789473684210528
graph_082_mu_0_3_node_460,243,0.06912171507607193,0.04757564231449752,0.5663265306122449,1.7657657657657657,0.19898726346869658,167.0,76.0,2.197368421052631,0.3127572016460905,0.4086021505376343,0.09336609336609336,0.18536585365853658,0.18786717014089577,0.8924731182795698
graph_082_mu_0_3_node_461,25,0.24,0.00047248257093904933,0.4385425812115891,2.28028028028028,0.03988632185850406,18.0,7.0,2.5714285714285716,0.28000000000000014,0.04516129032258064,0.008284023668639052,0.1627906976744186,0.16301935870077994,0.11612903225806454
graph_082_mu_0_3_node_462,22,0.1774891774891775,0.0004888245629061449,0.404126213592233,2.4744744744744747,0.013776919324229954,13.0,9.0,1.444444444444444,0.4090909090909091,0.11688311688311685,0.009750812567713976,0.2571428571428571,0.2574367346938775,0.16883116883116883
graph_082_mu_0_3_node_463,18,0.0915032679738562,0.0004173842649434724,0.3778366111951589,2.6466466466466465,0.008961963184439972,7.0,11.0,0.6363636363636365,0.6111111111111108,0.8461538461538461,0.011144883485309013,0.4400000000000001,0.4403590195502464,0.5384615384615384
graph_082_mu_0_3_node_464,21,0.09523809523809523,0.0005486825462551323,0.40217391304347827,2.4864864864864864,0.013721842801864339,10.0,11.0,0.9090909090909087,0.5238095238095238,0.1428571428571428,0.011917659804983743,0.3548387096774193,0.35519779954782044,0.12987012987012989
graph_082_mu_0_3_node_465,14,0.17582417582417584,0.00019098795902760068,0.413151364764268,2.4204204204204203,0.015228455511262421,6.0,8.0,0.75,0.5714285714285712,0.08791208791208788,0.008800880088008802,0.4000000000000001,0.4002611136497159,0.06593406593406592
graph_082_mu_0_3_node_466,23,0.11857707509881422,0.0005043499099227663,0.4069246435845214,2.4574574574574575,0.015923487382109785,14.0,9.0,1.555555555555556,0.3913043478260869,0.09375,0.009955752212389377,0.24324324324324328,0.24353713998752047,0.14583333333333334
graph_082_mu_0_3_node_467,16,0.05,0.000389370359732192,0.3885647607934656,2.5735735735735736,0.01032117199820317,4.0,12.0,0.33333333333333326,0.75,0.6666666666666665,0.012219959266802444,0.5999999999999998,0.6003915682307641,0.2222222222222223
graph_082_mu_0_3_node_468,20,0.07368421052631578,0.0005648024225704345,0.4206315789473684,2.3773773773773774,0.016143618219474028,8.0,12.0,0.6666666666666665,0.5999999999999998,0.13186813186813184,0.013201320132013196,0.42857142857142855,0.42896309904600277,0.0769230769230769
graph_082_mu_0_3_node_469,32,0.09195402298850575,0.0012768580614827968,0.427105600684053,2.3413413413413413,0.020638591334141553,14.0,18.0,0.777777777777778,0.5625,0.3529411764705881,0.018967334035827187,0.3913043478260869,0.39189196861480463,0.2549019607843137
graph_082_mu_0_3_node_470,23,0.1857707509881423,0.0004038166258621978,0.42601279317697227,2.3473473473473474,0.02774410465806541,15.0,8.0,1.875,0.3478260869565216,0.04301075268817204,0.009828009828009828,0.21052631578947364,0.2107875829351302,0.08064516129032258
graph_082_mu_0_3_node_471,19,0.14619883040935672,0.0005021992069971017,0.38735944164404806,2.5815815815815815,0.009789439095180113,8.0,11.0,0.7272727272727273,0.5789473684210529,0.21568627450980402,0.011591148577449946,0.4074074074074074,0.40776645039464493,0.15686274509803916
graph_082_mu_0_3_node_472,19,0.08187134502923976,0.00046393391019679573,0.39423835832675613,2.5365365365365364,0.012718695349775686,9.0,10.0,0.9000000000000002,0.5263157894736842,0.10416666666666669,0.011061946902654865,0.35714285714285704,0.3574692918232776,0.09375
graph_082_mu_0_3_node_473,26,0.16615384615384615,0.0006540959513180836,0.4453856442264824,2.245245245245245,0.02991089455521593,11.0,15.0,0.7333333333333332,0.5769230769230768,0.1648351648351648,0.016501650165016504,0.4054054054054053,0.4058950414426176,0.12087912087912088
graph_082_mu_0_3_node_474,19,0.09558823529411764,0.00047044238363188093,0.4015273311897106,2.4904904904904903,0.013511032983181414,6.0,13.0,0.4615384615384616,0.6842105263157895,0.5909090909090909,0.013292433537832306,0.5199999999999998,0.5204242404464317,0.22727272727272718
graph_082_mu_0_3_node_475,18,0.1895424836601307,0.0003694986913999385,0.38393543428132204,2.6046046046046047,0.009043537510630847,11.0,7.0,1.5714285714285718,0.388888888888889,0.21875,0.007231404958677689,0.2413793103448275,0.24160786684725996,0.34375
graph_082_mu_0_3_node_476,24,0.17753623188405798,0.0007372981525316893,0.436054124836316,2.2932932932932935,0.030081728551242685,15.0,9.0,1.666666666666667,0.375,0.04838709677419354,0.011056511056511056,0.2307692307692308,0.231063146709272,0.08064516129032258
graph_082_mu_0_3_node_477,20,0.21578947368421053,0.00043543234656457275,0.4109419991772933,2.4334334334334335,0.025205590680623703,13.0,7.0,1.8571428571428577,0.3499999999999999,0.04516129032258064,0.008284023668639052,0.21212121212121207,0.21234979847787214,0.08387096774193552
graph_082_mu_0_3_node_478,38,0.07823613086770982,0.0017314879659344356,0.44878706199460916,2.2282282282282284,0.034538201239443296,18.0,20.0,0.9000000000000002,0.5263157894736842,0.10752688172043007,0.024570024570024565,0.35714285714285704,0.35779589704359516,0.09677419354838708
graph_082_mu_0_3_node_479,19,0.10526315789473684,0.000458407188243383,0.4057676685621446,2.4644644644644647,0.01511158311249566,8.0,11.0,0.7272727272727273,0.5789473684210529,0.1428571428571428,0.011917659804983743,0.4074074074074074,0.40776645039464493,0.1038961038961039
graph_082_mu_0_3_node_480,26,0.13230769230769232,0.0007655847199796332,0.428204029147021,2.335335335335335,0.027006481751858553,16.0,10.0,1.6000000000000003,0.38461538461538475,0.053763440860215034,0.012285012285012283,0.2380952380952381,0.23842182202730866,0.08602150537634408
graph_082_mu_0_3_node_481,21,0.1523809523809524,0.0005813675634978152,0.3964285714285714,2.5225225225225225,0.012062592613113465,12.0,9.0,1.333333333333333,0.42857142857142855,0.09375,0.009955752212389377,0.2727272727272726,0.27302113108754306,0.125
graph_082_mu_0_3_node_482,16,0.15,0.00027139736092636523,0.390539483971853,2.5605605605605604,0.011412556887584618,8.0,8.0,1.0,0.5,0.20000000000000004,0.008333333333333331,0.33333333333333326,0.3335944810776698,0.20000000000000004
graph_082_mu_0_3_node_483,24,0.06884057971014493,0.0008016899925912217,0.3997599039615846,2.5015015015015014,0.012145825327982829,8.0,16.0,0.5,0.6666666666666665,0.4000000000000001,0.016666666666666663,0.5,0.5005221591279945,0.17499999999999996
graph_082_mu_0_3_node_484,31,0.14193548387096774,0.0011506485862459819,0.44419742107603377,2.2512512512512513,0.025968934989895987,15.0,16.0,0.9375,0.5161290322580643,0.2077922077922078,0.01733477789815818,0.3478260869565216,0.3483484847624511,0.1948051948051948
graph_082_mu_0_3_node_485,21,0.2857142857142857,0.00026878131474339487,0.4294926913155632,2.3283283283283285,0.03360671300833478,16.0,5.0,3.2000000000000006,0.2380952380952381,0.03225806451612902,0.005917159763313611,0.13513513513513511,0.13529845376979135,0.10322580645161294
graph_082_mu_0_3_node_486,22,0.15584415584415584,0.0005235146343733201,0.43624454148471614,2.2922922922922924,0.02223603821231572,14.0,8.0,1.75,0.36363636363636365,0.08333333333333331,0.008849557522123894,0.2222222222222223,0.2224834723038628,0.13541666666666669
graph_082_mu_0_3_node_487,45,0.13434343434343435,0.0018645919527244584,0.45867768595041325,2.18018018018018,0.04845970723512499,29.0,16.0,1.8125,0.3555555555555554,0.10322580645161294,0.01893491124260355,0.21621621621621626,0.2167390920332096,0.18709677419354837
graph_082_mu_0_3_node_488,27,0.07122507122507123,0.0010391902785505409,0.43796580447172295,2.2832832832832834,0.020292294869105363,7.0,20.0,0.3499999999999999,0.7407407407407407,0.25974025974025977,0.021668472372697718,0.5882352941176471,0.5888878652479002,0.09090909090909091
graph_082_mu_0_3_node_489,19,0.1111111111111111,0.00044627147692504355,0.40120481927710844,2.4924924924924925,0.012981764435684745,7.0,12.0,0.5833333333333334,0.6315789473684211,0.15584415584415587,0.013001083423618635,0.4615384615384616,0.4619301064470776,0.09090909090909091
graph_082_mu_0_3_node_490,31,0.13333333333333333,0.001213811765667916,0.42223161453930685,2.3683683683683685,0.021909601241382852,16.0,15.0,1.0666666666666664,0.4838709677419357,0.1648351648351648,0.016501650165016504,0.3191489361702127,0.3196387320885801,0.17582417582417575
graph_082_mu_0_3_node_491,19,0.19298245614035087,0.00033541391593944626,0.38482280431432975,2.5985985985985987,0.01018494442447992,13.0,6.0,2.166666666666667,0.31578947368421056,0.07792207792207793,0.0065005417118093175,0.1875,0.18769593756123054,0.16883116883116883
graph_082_mu_0_3_node_492,26,0.11384615384615385,0.0008622323325490596,0.4150394682176984,2.4094094094094096,0.014842219952712137,11.0,15.0,0.7333333333333332,0.5769230769230768,0.375,0.015625,0.4054054054054053,0.4058950414426176,0.27499999999999997
graph_082_mu_0_3_node_493,18,0.13071895424836602,0.0004232015935970043,0.42366412213740456,2.3603603603603602,0.01535171097272919,8.0,10.0,0.8000000000000002,0.5555555555555556,0.10989010989010993,0.011001100110011004,0.38461538461538475,0.3849417979852764,0.08791208791208788
graph_082_mu_0_3_node_494,18,0.058333333333333334,0.0003373529896187183,0.37955927051671734,2.6346346346346348,0.009768540961653138,8.0,10.0,0.8000000000000002,0.5555555555555556,0.6666666666666665,0.010152284263959394,0.38461538461538475,0.3849417979852764,0.46666666666666673
graph_082_mu_0_3_node_495,18,0.1437908496732026,0.0003734530104173115,0.392226148409894,2.5495495495495497,0.011952045032286413,12.0,6.0,2.0,0.33333333333333326,0.0625,0.006637168141592918,0.20000000000000004,0.20019592476489032,0.125
graph_082_mu_0_3_node_496,35,0.15151515151515152,0.0012694342629021806,0.4434087882822903,2.255255255255255,0.036055254192091754,20.0,15.0,1.333333333333333,0.42857142857142855,0.08064516129032258,0.018427518427518434,0.2727272727272726,0.27321719662576044,0.10215053763440858
graph_082_mu_0_3_node_497,15,0.11428571428571428,0.0002501865943753153,0.3986432561851556,2.5085085085085086,0.011325160043045087,5.0,10.0,0.5,0.6666666666666665,0.25,0.010416666666666664,0.5,0.5003263494549967,0.125
graph_082_mu_0_3_node_498,26,0.14153846153846153,0.0008271284067617704,0.43023255813953487,2.324324324324324,0.03254213667535284,12.0,14.0,0.8571428571428571,0.5384615384615384,0.09032258064516129,0.016568047337278104,0.36842105263157887,0.3688780910228039,0.07741935483870967
graph_082_mu_0_3_node_499,15,0.047619047619047616,0.00041336988143138363,0.3893219017926734,2.5685685685685686,0.01013115907618699,3.0,12.0,0.25,0.8000000000000002,0.8571428571428571,0.012170385395537525,0.6666666666666665,0.6670582093448183,0.21428571428571427
graph_082_mu_0_3_node_500,20,0.11578947368421053,0.0005256556076848598,0.4121287128712871,2.4264264264264264,0.016354399739566452,7.0,13.0,0.5384615384615384,0.6500000000000002,0.1428571428571428,0.0143014301430143,0.4814814814814816,0.4819057496189442,0.0769230769230769
graph_082_mu_0_3_node_501,32,0.08669354838709678,0.0011459150553414143,0.4104354971240756,2.4364364364364364,0.016759361813975755,20.0,12.0,1.666666666666667,0.375,0.125,0.013274336283185835,0.2307692307692308,0.23116120829585265,0.19791666666666663
graph_082_mu_0_3_node_502,28,0.17989417989417988,0.0006875897388981798,0.4300473525613431,2.325325325325325,0.02249908443709615,19.0,9.0,2.111111111111111,0.32142857142857145,0.09375,0.009955752212389377,0.19148936170212763,0.1917833544503065,0.19791666666666663
graph_082_mu_0_3_node_503,16,0.15,0.0003260454248507704,0.39454976303317535,2.5345345345345347,0.011487577833722888,8.0,8.0,1.0,0.5,0.08791208791208788,0.008800880088008802,0.33333333333333326,0.3335944810776698,0.08791208791208788
graph_082_mu_0_3_node_504,21,0.23333333333333334,0.0004188014998946907,0.4174676138737986,2.3953953953953953,0.0288399425674552,13.0,8.0,1.625,0.3809523809523811,0.05161290322580647,0.009467455621301775,0.23529411764705885,0.23555535066691255,0.08387096774193552
graph_082_mu_0_3_node_505,53,0.08635703918722787,0.004085588803725134,0.45616438356164385,2.1921921921921923,0.026984289275332578,31.0,22.0,1.4090909090909096,0.41509433962264164,0.2857142857142856,0.023835319609967487,0.2619047619047619,0.2626236691657252,0.4025974025974026
graph_082_mu_0_3_node_506,18,0.058823529411764705,0.0004642189115604181,0.3906922174423152,2.5595595595595597,0.011053538716579438,5.0,13.0,0.38461538461538475,0.722222222222222,0.40625,0.013429752066115706,0.5652173913043478,0.5656416040633624,0.15625
graph_082_mu_0_3_node_507,14,0.07692307692307693,0.00033152829934928417,0.3830521472392638,2.6106106106106104,0.009271761115165813,5.0,9.0,0.5555555555555556,0.6428571428571429,0.6428571428571429,0.009127789046653149,0.4736842105263158,0.47397793462148224,0.35714285714285704
graph_082_mu_0_3_node_508,36,0.14603174603174604,0.001409796383873572,0.42027766091712243,2.3793793793793796,0.02096209979104143,22.0,14.0,1.5714285714285718,0.388888888888889,0.14583333333333334,0.01548672566371681,0.2413793103448275,0.24183664733685684,0.2291666666666666
graph_082_mu_0_3_node_509,42,0.12179487179487179,0.0016045768748107288,0.4307891332470893,2.3213213213213213,0.025365669338403934,25.0,17.0,1.4705882352941173,0.4047619047619049,0.17708333333333334,0.018805309734513272,0.25373134328358216,0.2542867354884892,0.25
graph_082_mu_0_3_node_510,20,0.3157894736842105,0.00016817299308971811,0.42546848381601365,2.3503503503503502,0.033640366058080844,15.0,5.0,3.0,0.25,0.03225806451612902,0.005917159763313611,0.1428571428571428,0.14302045082330545,0.09677419354838708
graph_082_mu_0_3_node_511,37,0.15915915915915915,0.0011796360033671813,0.4534725374489333,2.205205205205205,0.04522923134743916,22.0,15.0,1.4666666666666663,0.4054054054054053,0.09677419354838708,0.017751479289940832,0.2542372881355933,0.25472727604922474,0.1419354838709677
graph_082_mu_0_3_node_512,30,0.08275862068965517,0.0012971300306666323,0.4424269264836138,2.26026026026026,0.022417907261881115,12.0,18.0,0.6666666666666665,0.5999999999999998,0.2337662337662337,0.01950162513542795,0.42857142857142855,0.42915897263723335,0.15584415584415587
graph_082_mu_0_3_node_513,31,0.2129032258064516,0.0007395489585597979,0.4347258485639687,2.3003003003003,0.03919013599050618,23.0,8.0,2.875,0.25806451612903214,0.05161290322580647,0.009467455621301775,0.14814814814814814,0.14840955188622157,0.14838709677419357
graph_082_mu_0_3_node_514,18,0.05228758169934641,0.0005787331057545982,0.4062627084180561,2.4614614614614614,0.013886138359321504,2.0,16.0,0.125,0.8888888888888892,1.2307692307692304,0.016210739614994942,0.8000000000000002,0.8005219547204283,0.0769230769230769
graph_082_mu_0_3_node_515,19,0.0935672514619883,0.000634738010856263,0.374578177727784,2.66966966966967,0.005955097030486452,9.0,10.0,0.9000000000000002,0.5263157894736842,0.7692307692307695,0.010131712259371834,0.35714285714285704,0.3574692918232776,0.6153846153846152
graph_082_mu_0_3_node_516,21,0.11428571428571428,0.000629483419247393,0.4153846153846154,2.4074074074074074,0.01767976298616753,9.0,12.0,0.75,0.5714285714285712,0.13186813186813184,0.013201320132013196,0.4000000000000001,0.4003916960438698,0.09890109890109892
graph_082_mu_0_3_node_517,34,0.2281639928698752,0.0008917233297602272,0.4347258485639687,2.3003003003003,0.04314940519548794,24.0,10.0,2.399999999999999,0.29411764705882354,0.06451612903225803,0.011834319526627222,0.17241379310344834,0.1727405477760402,0.15483870967741933
graph_082_mu_0_3_node_518,24,0.06521739130434782,0.0009127953677020914,0.39800796812749006,2.5125125125125125,0.010510382279646962,11.0,13.0,0.8461538461538461,0.5416666666666667,0.33333333333333326,0.013527575442247662,0.37142857142857155,0.3718529503663184,0.2564102564102564
graph_082_mu_0_3_node_519,37,0.10810810810810811,0.0012628806728626708,0.4243840271877655,2.3563563563563563,0.02330158253973627,23.0,14.0,1.6428571428571423,0.3783783783783784,0.14583333333333334,0.01548672566371681,0.23333333333333336,0.23379070020690398,0.2395833333333334
graph_082_mu_0_3_node_520,20,0.08421052631578947,0.000558769743749662,0.37373737373737376,2.675675675675676,0.00780548455090641,9.0,11.0,0.8181818181818182,0.5499999999999999,0.282051282051282,0.011446409989594173,0.3793103448275863,0.37966941125487524,0.2307692307692308
graph_082_mu_0_3_node_521,21,0.11904761904761904,0.0005189689934591784,0.3964285714285714,2.5225225225225225,0.013339995517334278,9.0,12.0,0.75,0.5714285714285712,0.2999999999999999,0.012500000000000002,0.4000000000000001,0.4003916960438698,0.22500000000000006
graph_082_mu_0_3_node_522,32,0.10804597701149425,0.0012606137731867206,0.40314769975786924,2.4804804804804803,0.011583461238164793,18.0,14.0,1.2857142857142858,0.4375,0.3589743589743588,0.014568158168574402,0.28000000000000014,0.28045721750489877,0.43589743589743607
graph_082_mu_0_3_node_523,20,0.14736842105263157,0.0004438474488523307,0.3842307692307692,2.6026026026026026,0.01007072016748828,12.0,8.0,1.5,0.4000000000000001,0.20000000000000004,0.008333333333333331,0.25,0.2502612159602951,0.2999999999999999
graph_082_mu_0_3_node_524,27,0.17094017094017094,0.0007624699310585405,0.41400745959386653,2.4154154154154153,0.020012631572473474,18.0,9.0,2.0,0.33333333333333326,0.09890109890109892,0.009900990099009901,0.20000000000000004,0.20029397354238118,0.19780219780219785
graph_082_mu_0_3_node_525,21,0.11428571428571428,0.0004504703623281159,0.38962558502340094,2.5665665665665665,0.013180916263329597,9.0,12.0,0.75,0.5714285714285712,0.375,0.012396694214876035,0.4000000000000001,0.4003916960438698,0.28125
graph_082_mu_0_3_node_526,26,0.11076923076923077,0.0008518154927029481,0.42169691853102576,2.3713713713713713,0.01938101841798907,12.0,14.0,0.8571428571428571,0.5384615384615384,0.18181818181818182,0.015167930660888403,0.36842105263157887,0.3688780910228039,0.15584415584415587
graph_082_mu_0_3_node_527,22,0.08225108225108226,0.000695756371278469,0.4148671096345515,2.4104104104104103,0.017047569525988654,6.0,16.0,0.375,0.7272727272727273,0.8888888888888892,0.01629327902240326,0.5714285714285712,0.5719506624029236,0.2777777777777778
graph_082_mu_0_3_node_528,28,0.15079365079365079,0.0008409077854382534,0.39658594680428744,2.5215215215215214,0.012890033094880298,19.0,9.0,2.111111111111111,0.32142857142857145,0.11688311688311685,0.009750812567713976,0.19148936170212763,0.1917833544503065,0.24675324675324678
graph_082_mu_0_3_node_529,38,0.10317460317460317,0.001665897501807903,0.4201009251471825,2.3803803803803802,0.018526330546970476,22.0,16.0,1.375,0.4210526315789473,0.4102564102564104,0.016649323621227893,0.2666666666666666,0.26718930336882896,0.5384615384615384
graph_082_mu_0_3_node_530,21,0.05238095238095238,0.0007153865902766882,0.3978494623655914,2.5135135135135136,0.012599917710263727,11.0,10.0,1.0999999999999999,0.4761904761904762,0.2564102564102564,0.010405827263267432,0.3125,0.31282647730982693,0.282051282051282
graph_082_mu_0_3_node_531,18,0.11666666666666667,0.0003762474252770177,0.37151357381926364,2.6916916916916915,0.006280863331509584,9.0,9.0,1.0,0.5,0.2307692307692308,0.009365244536940686,0.33333333333333326,0.3336271341363889,0.2051282051282052
graph_082_mu_0_3_node_532,44,0.07716701902748414,0.0025397023823984775,0.44778126400717166,2.2332332332332334,0.026755856651006802,22.0,22.0,1.0,0.5,0.24175824175824176,0.024202420242024195,0.33333333333333326,0.33405181798388844,0.2307692307692308
graph_082_mu_0_3_node_533,31,0.2064516129032258,0.0008042370417794063,0.43134715025906734,2.3183183183183185,0.036724093945614086,25.0,6.0,4.166666666666666,0.19354838709677416,0.03225806451612902,0.007371007371007373,0.10714285714285714,0.10733894839065107,0.13440860215053754
graph_082_mu_0_3_node_534,36,0.11587301587301588,0.0018019338297688323,0.4294926913155632,2.3283283283283285,0.01808943519681322,24.0,12.0,2.0,0.33333333333333326,0.17647058823529405,0.012875536480686699,0.20000000000000004,0.2003920799843168,0.3529411764705881
graph_082_mu_0_3_node_535,19,0.14705882352941177,0.0003318590310136437,0.3801369863013699,2.630630630630631,0.008494331807310997,12.0,7.0,1.7142857142857142,0.36842105263157887,0.1794871794871794,0.007284079084287201,0.2258064516129031,0.22603502304147463,0.282051282051282
graph_082_mu_0_3_node_536,40,0.09615384615384616,0.0017596103370177139,0.43681679055531264,2.289289289289289,0.026219995861961626,20.0,20.0,1.0,0.5,0.21978021978021986,0.022002200220022007,0.33333333333333326,0.3339864585374349,0.21978021978021986
graph_082_mu_0_3_node_537,29,0.14039408866995073,0.0009592445335395557,0.4397007042253521,2.274274274274274,0.032786991999007274,15.0,14.0,1.0714285714285714,0.482758620689655,0.07526881720430109,0.0171990171990172,0.31818181818181823,0.3186389461123348,0.08064516129032258
graph_082_mu_0_3_node_538,20,0.15263157894736842,0.0005902098375786812,0.39832535885167464,2.5105105105105103,0.012271572927140843,9.0,11.0,0.8181818181818182,0.5499999999999999,0.282051282051282,0.011446409989594173,0.3793103448275863,0.37966941125487524,0.2307692307692308
graph_082_mu_0_3_node_539,31,0.08387096774193549,0.0014524126283710812,0.4211635750421585,2.374374374374374,0.01734716014652385,14.0,17.0,0.8235294117647061,0.5483870967741937,0.18681318681318687,0.01870187018701869,0.3777777777777778,0.37833277108521135,0.1428571428571428
graph_082_mu_0_3_node_540,24,0.13852813852813853,0.0006618329951576905,0.3903868698710434,2.5615615615615615,0.010617941669267978,13.0,11.0,1.1818181818181819,0.4583333333333332,0.5,0.011247443762781187,0.29729729729729737,0.2976564575154056,0.5454545454545452
graph_082_mu_0_3_node_541,22,0.12987012987012986,0.0006307737140881951,0.3953304313415117,2.5295295295295297,0.011279577339804472,11.0,11.0,1.0,0.5,0.1428571428571428,0.011917659804983743,0.33333333333333326,0.3336924466499081,0.1428571428571428
graph_082_mu_0_3_node_542,30,0.09885057471264368,0.0009075215718448251,0.4138359569179785,2.4164164164164164,0.018551691499731574,18.0,12.0,1.5,0.4000000000000001,0.125,0.013274336283185835,0.25,0.25039192631785223,0.17708333333333334
graph_082_mu_0_3_node_543,44,0.07716701902748414,0.002406196527742806,0.4514234071396295,2.215215215215215,0.03855930550636259,23.0,21.0,1.0952380952380951,0.4772727272727274,0.11290322580645155,0.0257985257985258,0.31343283582089565,0.3141187292787785,0.12365591397849457
graph_082_mu_0_3_node_544,19,0.07602339181286549,0.0005508079750591975,0.4185169669040637,2.3893893893893896,0.015250918423701765,10.0,9.0,1.1111111111111112,0.4736842105263158,0.17647058823529405,0.009483667017913594,0.31034482758620696,0.31063864757249526,0.17647058823529405
graph_082_mu_0_3_node_545,44,0.1521486643437863,0.0017023432190186667,0.45720823798627,2.1871871871871873,0.04856468526399318,31.0,13.0,2.3846153846153846,0.29545454545454547,0.06989247311827952,0.015970515970515964,0.1733333333333333,0.17375826714172093,0.16129032258064516
graph_082_mu_0_3_node_546,31,0.1330049261083744,0.0009709514450493506,0.4150394682176984,2.4094094094094096,0.019964708019823398,18.0,13.0,1.3846153846153846,0.4193548387096773,0.1428571428571428,0.0143014301430143,0.2653061224489796,0.26573069542654254,0.18681318681318687
graph_082_mu_0_3_node_547,32,0.15524193548387097,0.0008470649265350686,0.4493927125506073,2.225225225225225,0.03610626532912709,22.0,10.0,2.1999999999999997,0.3125,0.053763440860215034,0.012285012285012283,0.18518518518518517,0.18551189715591182,0.11827956989247307
graph_082_mu_0_3_node_548,24,0.12554112554112554,0.0006121443782567518,0.3885647607934656,2.5735735735735736,0.012237540838534322,12.0,12.0,1.0,0.5,0.5454545454545452,0.012269938650306752,0.33333333333333326,0.3337251061051258,0.5
graph_082_mu_0_3_node_549,30,0.15402298850574714,0.0008131480129569459,0.4251063829787234,2.3523523523523524,0.03200010787433458,21.0,9.0,2.3333333333333335,0.2999999999999999,0.04838709677419354,0.011056511056511056,0.17647058823529405,0.17676461940259788,0.11290322580645155
graph_082_mu_0_3_node_550,25,0.16666666666666666,0.0007827119173881676,0.3976910828025478,2.5145145145145147,0.011533946264329659,14.0,11.0,1.272727272727273,0.4400000000000001,0.34375,0.011363636363636364,0.282051282051282,0.28241046572475137,0.4375
graph_082_mu_0_3_node_551,47,0.08383838383838384,0.0026615333112477947,0.44638069705093836,2.24024024024024,0.023622778087736742,28.0,19.0,1.4736842105263155,0.404255319148936,0.24675324675324678,0.020585048754062838,0.25333333333333335,0.25395414692588364,0.3506493506493506
graph_082_mu_0_3_node_552,25,0.13,0.0009314921455864223,0.4090909090909091,2.4444444444444446,0.014014454806698039,13.0,12.0,1.0833333333333335,0.4800000000000002,0.17647058823529405,0.012875536480686699,0.31578947368421056,0.31618127203865753,0.19117647058823534
graph_082_mu_0_3_node_553,36,0.20634920634920634,0.0013146047951699753,0.45574817518248173,2.194194194194194,0.04998041847543816,24.0,12.0,2.0,0.33333333333333326,0.06451612903225803,0.014742014742014746,0.20000000000000004,0.2003920799843168,0.12903225806451607
graph_082_mu_0_3_node_554,43,0.09302325581395349,0.00219494712582967,0.41992433795712486,2.3813813813813813,0.020223681389119605,26.0,17.0,1.5294117647058827,0.3953488372093022,0.22077922077922085,0.01841820151679307,0.246376811594203,0.2469322400909521,0.33766233766233766
graph_082_mu_0_3_node_555,32,0.1693548387096774,0.0009967547583684235,0.4625,2.1621621621621623,0.04230032387947856,19.0,13.0,1.461538461538461,0.40625,0.06989247311827952,0.015970515970515964,0.2549019607843137,0.25532656149633637,0.10215053763440858
graph_082_mu_0_3_node_556,37,0.14564564564564564,0.0011076607476467031,0.42241014799154336,2.3673673673673674,0.022657904582044093,26.0,11.0,2.3636363636363638,0.29729729729729737,0.1145833333333333,0.012168141592920354,0.17460317460317454,0.174962639980123,0.27083333333333337
graph_082_mu_0_3_node_557,28,0.12433862433862433,0.0010201442012565559,0.4114497528830313,2.4304304304304303,0.014972352464482558,16.0,12.0,1.333333333333333,0.42857142857142855,0.15584415584415587,0.013001083423618635,0.2727272727272726,0.2731191478497337,0.2077922077922078
graph_082_mu_0_3_node_558,31,0.13118279569892474,0.001036196549779893,0.43719912472647704,2.2872872872872874,0.03222014728796619,17.0,14.0,1.2142857142857142,0.4516129032258062,0.07526881720430109,0.0171990171990172,0.2916666666666667,0.2921238543095378,0.09139784946236558
graph_082_mu_0_3_node_559,29,0.07389162561576355,0.0009215383635134282,0.41816659690246966,2.3913913913913913,0.024184556638208742,18.0,11.0,1.6363636363636365,0.3793103448275863,0.059139784946236534,0.013513513513513516,0.23404255319148948,0.23440183071704712,0.09139784946236558
graph_082_mu_0_3_node_560,62,0.1047065044949762,0.003601779069076702,0.47821924365725227,2.091091091091091,0.05958059266764248,38.0,24.0,1.583333333333333,0.3870967741935483,0.12903225806451607,0.029484029484029492,0.2400000000000001,0.24078457012095456,0.20430107526881716
graph_082_mu_0_3_node_561,26,0.16615384615384615,0.0007519146410139018,0.415211970074813,2.4084084084084085,0.026079527408388623,19.0,7.0,2.7142857142857153,0.2692307692307692,0.037634408602150546,0.0085995085995086,0.1555555555555555,0.15578423152171156,0.10215053763440858
graph_082_mu_0_3_node_562,34,0.14260249554367202,0.0009989953094725825,0.44498886414253896,2.2472472472472473,0.03620125412852312,21.0,13.0,1.6153846153846159,0.3823529411764707,0.06989247311827952,0.015970515970515964,0.2363636363636364,0.2367882925554503,0.11290322580645155
graph_082_mu_0_3_node_563,29,0.19950738916256158,0.0007571357818761651,0.43134715025906734,2.3183183183183185,0.03277908442129126,20.0,9.0,2.2222222222222223,0.31034482758620696,0.04838709677419354,0.011056511056511056,0.1836734693877551,0.18396748134424132,0.10752688172043007
graph_082_mu_0_3_node_564,24,0.15217391304347827,0.0009645053669940864,0.42027766091712243,2.3793793793793796,0.01661640020746504,12.0,12.0,1.0,0.5,0.375,0.012396694214876035,0.33333333333333326,0.3337251061051258,0.375
graph_082_mu_0_3_node_565,27,0.14245014245014245,0.0010766965846723039,0.40104375752709753,2.4934934934934936,0.011815545003469324,16.0,11.0,1.4545454545454546,0.4074074074074074,0.34375,0.011363636363636364,0.2558139534883721,0.2561731840817556,0.5
graph_082_mu_0_3_node_566,14,0.10989010989010989,0.00034577415294601477,0.3740172220142269,2.6736736736736737,0.007569395517267446,6.0,8.0,0.75,0.5714285714285712,0.5714285714285712,0.008113590263691683,0.4000000000000001,0.4002611136497159,0.42857142857142855
graph_082_mu_0_3_node_567,30,0.16091954022988506,0.001005171883035651,0.40875613747954176,2.4464464464464464,0.015706048751889183,20.0,10.0,2.0,0.33333333333333326,0.12987012987012989,0.010834236186348859,0.20000000000000004,0.20032666928002085,0.25974025974025977
graph_082_mu_0_3_node_568,33,0.125,0.001087503452629344,0.4377738825591586,2.284284284284284,0.025618422502522453,19.0,14.0,1.3571428571428577,0.42424242424242414,0.14583333333333334,0.01548672566371681,0.2692307692307692,0.26968801660159686,0.19791666666666663
graph_082_mu_0_3_node_569,43,0.12292358803986711,0.002205072604538603,0.46923438233912634,2.131131131131131,0.047334652563263135,26.0,17.0,1.5294117647058827,0.3953488372093022,0.09139784946236558,0.02088452088452088,0.246376811594203,0.2469322400909521,0.13978494623655904
graph_082_mu_0_3_node_570,28,0.20105820105820105,0.0005798605160588984,0.4293081220455522,2.329329329329329,0.03349833288069109,22.0,6.0,3.6666666666666656,0.21428571428571427,0.03225806451612902,0.007371007371007373,0.12000000000000005,0.12019605280355508,0.11827956989247307
graph_082_mu_0_3_node_571,27,0.19943019943019943,0.000557105484038954,0.43415906127770537,2.3033033033033035,0.03251940130143163,18.0,9.0,2.0,0.33333333333333326,0.04838709677419354,0.011056511056511056,0.20000000000000004,0.20029397354238118,0.09677419354838708
graph_082_mu_0_3_node_572,20,0.12631578947368421,0.000589007972343418,0.4124690338563171,2.4244244244244246,0.015342317248092657,8.0,12.0,0.6666666666666665,0.5999999999999998,0.375,0.012396694214876035,0.42857142857142855,0.42896309904600277,0.25
graph_082_mu_0_3_node_573,18,0.08496732026143791,0.0004008723879776262,0.4100985221674877,2.4384384384384385,0.015831799352044967,5.0,13.0,0.38461538461538475,0.722222222222222,0.5909090909090909,0.013292433537832306,0.5652173913043478,0.5656416040633624,0.22727272727272718
graph_082_mu_0_3_node_574,22,0.1645021645021645,0.0004807935603169457,0.4036363636363636,2.4774774774774775,0.014666161157627304,13.0,9.0,1.444444444444444,0.4090909090909091,0.11688311688311685,0.009750812567713976,0.2571428571428571,0.2574367346938775,0.16883116883116883
graph_082_mu_0_3_node_575,25,0.03,0.0010475950628107322,0.4238438693254137,2.359359359359359,0.01616789769248581,4.0,21.0,0.19047619047619055,0.84,0.30882352941176466,0.022532188841201728,0.7241379310344828,0.7248229742574479,0.05882352941176471
graph_082_mu_0_3_node_576,24,0.15151515151515152,0.00050082819628943,0.4186923721709975,2.3883883883883885,0.026129993647984764,17.0,7.0,2.4285714285714284,0.2916666666666667,0.037634408602150546,0.0085995085995086,0.17073170731707318,0.17096035340559187,0.08602150537634408
graph_082_mu_0_3_node_577,42,0.15098722415795587,0.001807528617052771,0.45450409463148317,2.2002002002002,0.04688250766286589,26.0,16.0,1.625,0.3809523809523811,0.10322580645161294,0.01893491124260355,0.23529411764705885,0.23581689095948113,0.16774193548387104
graph_082_mu_0_3_node_578,41,0.08414634146341464,0.0020396652417357885,0.436054124836316,2.2932932932932935,0.02420802889353917,21.0,20.0,1.0500000000000005,0.48780487804878064,0.21978021978021986,0.022002200220022007,0.3225806451612903,0.3232338130254314,0.2307692307692308
graph_082_mu_0_3_node_579,20,0.08496732026143791,0.0005866575737016799,0.3843786071565987,2.6016016016016015,0.008949962155989687,9.0,11.0,0.8181818181818182,0.5499999999999999,0.7857142857142859,0.011156186612576061,0.3793103448275863,0.37966941125487524,0.5714285714285712
graph_082_mu_0_3_node_580,19,0.14619883040935672,0.0004307108678464206,0.3967434471803018,2.5205205205205203,0.01073611611437619,9.0,10.0,0.9000000000000002,0.5263157894736842,0.25,0.010416666666666664,0.35714285714285704,0.3574692918232776,0.22500000000000006
graph_082_mu_0_3_node_581,21,0.10476190476190476,0.0007330177746919269,0.4117889530090684,2.4284284284284285,0.015605413835365959,11.0,10.0,1.0999999999999999,0.4761904761904762,0.14705882352941177,0.010729613733905578,0.3125,0.31282647730982693,0.16176470588235295
graph_082_mu_0_3_node_582,32,0.0846774193548387,0.0011433466202461031,0.4102669404517454,2.4374374374374375,0.015554958921789392,23.0,9.0,2.5555555555555567,0.28125,0.09375,0.009955752212389377,0.16363636363636364,0.1639304332328348,0.2291666666666666
graph_082_mu_0_3_node_583,20,0.15263157894736842,0.0004402463288759278,0.40298507462686567,2.4814814814814814,0.012790419640551451,10.0,10.0,1.0,0.5,0.10989010989010993,0.011001100110011004,0.33333333333333326,0.33365978932706525,0.10989010989010993
graph_082_mu_0_3_node_584,19,0.09558823529411764,0.0003442834341212227,0.3867595818815331,2.5855855855855854,0.009978236366598149,9.0,10.0,0.9000000000000002,0.5263157894736842,0.3125,0.010330578512396691,0.35714285714285704,0.3574692918232776,0.25
graph_082_mu_0_3_node_585,23,0.10476190476190476,0.0006204002658949656,0.3765548435733132,2.655655655655656,0.007070833754833845,13.0,10.0,1.3000000000000005,0.4347826086956522,0.5263157894736842,0.01019367991845056,0.2777777777777778,0.27810429772814677,0.6315789473684211
graph_082_mu_0_3_node_586,19,0.0935672514619883,0.0005613369086828854,0.3984842441164739,2.5095095095095097,0.01129408022939406,9.0,10.0,0.9000000000000002,0.5263157894736842,0.14705882352941177,0.010729613733905578,0.35714285714285704,0.3574692918232776,0.1323529411764706
graph_082_mu_0_3_node_587,60,0.13728813559322034,0.0028872288175423723,0.46835443037974683,2.135135135135135,0.06223475469004283,41.0,19.0,2.1578947368421058,0.31666666666666654,0.12258064516129032,0.022485207100591712,0.18811881188118815,0.1887401533246624,0.2645161290322582
graph_082_mu_0_3_node_588,23,0.05138339920948617,0.0007473585801330714,0.4145228215767635,2.4124124124124124,0.01713944125062786,9.0,14.0,0.6428571428571429,0.608695652173913,0.27450980392156854,0.014752370916754472,0.4375,0.43795694888700326,0.15686274509803916
graph_082_mu_0_3_node_589,20,0.04736842105263158,0.0006287305338479536,0.40875613747954176,2.4464464464464464,0.01312143029933734,6.0,14.0,0.42857142857142855,0.6999999999999998,0.27450980392156854,0.014752370916754472,0.5384615384615384,0.5389183978793692,0.07843137254901958
graph_082_mu_0_3_node_590,17,0.09558823529411764,0.0006734289881662299,0.4213412062420919,2.3733733733733735,0.014628676280636856,5.0,12.0,0.41666666666666674,0.7058823529411762,0.9230769230769232,0.0121580547112462,0.5454545454545452,0.5458461392412576,0.38461538461538475
graph_082_mu_0_3_node_591,29,0.10541310541310542,0.0009497695680770516,0.4013660104459622,2.4914914914914914,0.013685845963016616,13.0,16.0,0.8125,0.5517241379310346,0.4102564102564104,0.016649323621227893,0.3809523809523811,0.3814747105423521,0.3076923076923076
graph_082_mu_0_3_node_592,15,0.02857142857142857,0.00037175893222932463,0.37151357381926364,2.6916916916916915,0.006499614321585525,6.0,9.0,0.6666666666666665,0.5999999999999998,0.5999999999999998,0.009137055837563452,0.42857142857142855,0.4288651718398118,0.33333333333333326
graph_082_mu_0_3_node_593,24,0.15217391304347827,0.000600080741970339,0.4004008016032064,2.4974974974974975,0.013119364124336312,16.0,8.0,2.0,0.33333333333333326,0.08333333333333331,0.008849557522123894,0.20000000000000004,0.20026128421190148,0.16666666666666663
graph_082_mu_0_3_node_594,18,0.0915032679738562,0.0003711998208887777,0.38992974238875877,2.5645645645645647,0.011605293711915945,8.0,10.0,0.8000000000000002,0.5555555555555556,0.3125,0.010330578512396691,0.38461538461538475,0.3849417979852764,0.25
graph_082_mu_0_3_node_595,16,0.025,0.0002775742865315384,0.38977760436987907,2.5655655655655654,0.011413798387525088,4.0,12.0,0.33333333333333326,0.75,0.2999999999999999,0.012500000000000002,0.5999999999999998,0.6003915682307641,0.05000000000000001
graph_082_mu_0_3_node_596,32,0.08735632183908046,0.00113524611717583,0.40925850061450225,2.4434434434434436,0.014125949344229213,17.0,15.0,1.133333333333333,0.46875,0.29411764705882354,0.015806111696522657,0.3061224489795918,0.30661227688672044,0.3137254901960783
graph_082_mu_0_3_node_597,20,0.15789473684210525,0.0005062371049379719,0.4185169669040637,2.3893893893893896,0.02427696352747303,11.0,9.0,1.2222222222222217,0.4500000000000001,0.04838709677419354,0.011056511056511056,0.29032258064516125,0.29061641981718783,0.059139784946236534
graph_082_mu_0_3_node_598,16,0.1,0.0003580365988719521,0.3893219017926734,2.5685685685685686,0.010434336845761541,7.0,9.0,0.777777777777778,0.5625,0.28125,0.009297520661157023,0.3913043478260869,0.3915981102701905,0.21875
graph_082_mu_0_3_node_599,23,0.1225296442687747,0.0005285534230803951,0.3948616600790514,2.5325325325325325,0.011890532455163683,15.0,8.0,1.875,0.3478260869565216,0.08333333333333331,0.008849557522123894,0.21052631578947364,0.2107875829351302,0.14583333333333334
graph_082_mu_0_3_node_600,16,0.08333333333333333,0.000323953032220462,0.3878105590062112,2.5785785785785786,0.010570672464486503,5.0,11.0,0.45454545454545436,0.6875,0.6111111111111108,0.011201629327902243,0.5238095238095238,0.5241684964949658,0.2222222222222223
graph_082_mu_0_3_node_601,24,0.13768115942028986,0.0006188330569546029,0.4000800961153384,2.4994994994994997,0.013386755105505998,13.0,11.0,1.1818181818181819,0.4583333333333332,0.21568627450980402,0.011591148577449946,0.29729729729729737,0.2976564575154056,0.2549019607843137
graph_082_mu_0_3_node_602,25,0.18,0.0007773953265860801,0.3978494623655914,2.5135135135135136,0.012221239148773065,16.0,9.0,1.7777777777777783,0.36,0.11688311688311685,0.009750812567713976,0.21951219512195133,0.21980613026026405,0.2077922077922078
graph_082_mu_0_3_node_603,73,0.11830985915492957,0.004250682581753816,0.48167791706846674,2.076076076076076,0.07307013535543103,49.0,24.0,2.041666666666667,0.3287671232876711,0.15483870967741933,0.028402366863905334,0.1967213114754099,0.19750644625688063,0.30967741935483867
graph_082_mu_0_3_node_604,19,0.125,0.00047231157053203606,0.3799923925446938,2.6316316316316315,0.008216915601892583,10.0,9.0,1.1111111111111112,0.4736842105263158,0.6428571428571429,0.009127789046653149,0.31034482758620696,0.31063864757249526,0.6428571428571429
graph_082_mu_0_3_node_605,31,0.1053763440860215,0.0012395838635956143,0.4447907390917186,2.2482482482482484,0.03293679051854309,15.0,16.0,0.9375,0.5161290322580643,0.08602150537634408,0.019656019656019656,0.3478260869565216,0.3483484847624511,0.08064516129032258
graph_082_mu_0_3_node_606,34,0.11229946524064172,0.0012621143517366372,0.4243840271877655,2.3563563563563563,0.020681104421391962,19.0,15.0,1.2666666666666662,0.44117647058823545,0.15625,0.016592920353982302,0.2830188679245283,0.28350875982171625,0.19791666666666663
graph_082_mu_0_3_node_607,20,0.08947368421052632,0.0005867457997673407,0.39690107270560193,2.5195195195195197,0.01094328016364057,9.0,11.0,0.8181818181818182,0.5499999999999999,0.16176470588235295,0.011802575107296133,0.3793103448275863,0.37966941125487524,0.1323529411764706
graph_082_mu_0_3_node_608,19,0.07602339181286549,0.0007566147700729879,0.4099302421009438,2.4394394394394396,0.014781634076278225,7.0,12.0,0.5833333333333334,0.6315789473684211,0.13186813186813184,0.013201320132013196,0.4615384615384616,0.4619301064470776,0.06593406593406592
graph_082_mu_0_3_node_609,32,0.1975806451612903,0.0011284851680258283,0.4445927903871829,2.249249249249249,0.03891006998423601,22.0,10.0,2.1999999999999997,0.3125,0.053763440860215034,0.012285012285012283,0.18518518518518517,0.18551189715591182,0.11827956989247307
graph_082_mu_0_3_node_610,42,0.20441347270615565,0.0013270785910493462,0.4625,2.1621621621621623,0.056523535680834174,29.0,13.0,2.23076923076923,0.3095238095238094,0.08387096774193552,0.015384615384615387,0.18309859154929584,0.1835234698053339,0.18709677419354837
graph_082_mu_0_3_node_611,21,0.08571428571428572,0.000589598834624237,0.3996,2.5025025025025025,0.01430819373351796,8.0,13.0,0.6153846153846152,0.6190476190476188,0.16883116883116883,0.014084507042253523,0.44827586206896536,0.4487001579010749,0.09090909090909091
graph_082_mu_0_3_node_612,36,0.1873015873015873,0.0011740935342295419,0.44380275433140826,2.2532532532532534,0.04396612745102346,24.0,12.0,2.0,0.33333333333333326,0.07741935483870967,0.014201183431952667,0.20000000000000004,0.2003920799843168,0.15483870967741933
graph_082_mu_0_3_node_613,24,0.07246376811594203,0.0007485027133813844,0.38901869158878505,2.5705705705705704,0.010629539592187424,14.0,10.0,1.3999999999999997,0.41666666666666674,0.14705882352941177,0.010729613733905578,0.2631578947368421,0.2634844360116592,0.19117647058823534
graph_082_mu_0_3_node_614,44,0.11945031712473574,0.0017799858936330684,0.4547109695038689,2.199199199199199,0.04508989545850949,30.0,14.0,2.142857142857143,0.31818181818181823,0.07526881720430109,0.0171990171990172,0.1891891891891892,0.1896467653429347,0.16129032258064516
graph_082_mu_0_3_node_615,19,0.14619883040935672,0.0006237556687186393,0.3878105590062112,2.5785785785785786,0.008848004461628615,10.0,9.0,1.1111111111111112,0.4736842105263158,0.28125,0.009297520661157023,0.31034482758620696,0.31063864757249526,0.3125
graph_082_mu_0_3_node_616,40,0.12692307692307692,0.0014949150711310942,0.45081227436823107,2.2182182182182184,0.041921285160717116,25.0,15.0,1.666666666666667,0.375,0.08064516129032258,0.018427518427518434,0.2307692307692308,0.2312593147369505,0.13440860215053754
graph_082_mu_0_3_node_617,14,0.03296703296703297,0.0003636328213962925,0.408255006129955,2.4494494494494496,0.012693464711895001,3.0,11.0,0.2727272727272726,0.7857142857142859,0.7857142857142859,0.011156186612576061,0.6470588235294118,0.647417749362283,0.21428571428571427
graph_082_mu_0_3_node_618,26,0.1476923076923077,0.0006162222463009888,0.44380275433140826,2.2532532532532534,0.03174667550305703,17.0,9.0,1.8888888888888888,0.34615384615384615,0.04838709677419354,0.011056511056511056,0.2093023255813953,0.20959627992048804,0.09139784946236558
graph_082_mu_0_3_node_619,23,0.22134387351778656,0.0005113527571578323,0.432842287694974,2.31031031031031,0.03031051010471083,14.0,9.0,1.555555555555556,0.3913043478260869,0.04838709677419354,0.011056511056511056,0.24324324324324328,0.24353713998752047,0.07526881720430109
graph_082_mu_0_3_node_620,26,0.1753846153846154,0.0005859398884874758,0.415211970074813,2.4084084084084085,0.029031909676061295,17.0,9.0,1.8888888888888888,0.34615384615384615,0.05806451612903227,0.010650887573964493,0.2093023255813953,0.20959627992048804,0.10967741935483866
graph_082_mu_0_3_node_621,21,0.09523809523809523,0.0006075921727556989,0.4026602176541717,2.4834834834834836,0.011112212812732458,8.0,13.0,0.6153846153846152,0.6190476190476188,0.40625,0.013429752066115706,0.44827586206896536,0.4487001579010749,0.25
graph_082_mu_0_3_node_622,26,0.16307692307692306,0.0008163820777218059,0.43190661478599224,2.315315315315315,0.021546323223340023,16.0,10.0,1.6000000000000003,0.38461538461538475,0.10416666666666669,0.011061946902654865,0.2380952380952381,0.23842182202730866,0.16666666666666663
graph_082_mu_0_3_node_623,44,0.09619450317124736,0.0022823297787010603,0.43873517786561267,2.279279279279279,0.028155893484589408,24.0,20.0,1.1999999999999995,0.45454545454545436,0.25974025974025977,0.021668472372697718,0.29411764705882354,0.29477094293652656,0.31168831168831174
graph_082_mu_0_3_node_624,20,0.11578947368421053,0.00046457810010978027,0.38482280431432975,2.5985985985985987,0.009460068707331019,13.0,7.0,1.8571428571428577,0.3499999999999999,0.10294117647058826,0.007510729613733905,0.21212121212121207,0.21234979847787214,0.17647058823529405
graph_082_mu_0_3_node_625,38,0.14761904761904762,0.0013645227769798149,0.4153846153846154,2.4074074074074074,0.019543601039020784,23.0,15.0,1.5333333333333337,0.3947368421052631,0.29411764705882354,0.015806111696522657,0.24590163934426232,0.24639165927173942,0.43137254901960803
graph_082_mu_0_3_node_626,30,0.11954022988505747,0.0011763420949929954,0.43415906127770537,2.3033033033033035,0.024456936400572102,17.0,13.0,1.3076923076923077,0.43333333333333346,0.13541666666666669,0.014380530973451324,0.27659574468085113,0.2770202899275772,0.17708333333333334
graph_082_mu_0_3_node_627,19,0.1111111111111111,0.0005445615783452399,0.40217391304347827,2.4864864864864864,0.013585186626979169,8.0,11.0,0.7272727272727273,0.5789473684210529,0.21568627450980402,0.011591148577449946,0.4074074074074074,0.40776645039464493,0.13725490196078427
graph_082_mu_0_3_node_628,29,0.11822660098522167,0.0012052799487834785,0.42802056555269924,2.3363363363363363,0.021716932333214693,13.0,16.0,0.8125,0.5517241379310346,0.3137254901960783,0.016859852476290824,0.3809523809523811,0.3814747105423521,0.2549019607843137
graph_082_mu_0_3_node_629,20,0.21052631578947367,0.000385516685478995,0.40298507462686567,2.4814814814814814,0.012966394801459752,12.0,8.0,1.5,0.4000000000000001,0.15686274509803916,0.008429926238145412,0.25,0.2502612159602951,0.23529411764705885
graph_082_mu_0_3_node_630,75,0.05365296803652968,0.005082003026671359,0.4757142857142857,2.1021021021021022,0.05633609837493171,47.0,28.0,1.678571428571428,0.37333333333333324,0.15053763440860218,0.0343980343980344,0.22950819672131137,0.23042394763706234,0.24731182795698914
graph_082_mu_0_3_node_631,34,0.0748663101604278,0.001547913588530724,0.4178168130489335,2.3933933933933935,0.020278292535207475,16.0,18.0,0.8888888888888892,0.5294117647058824,0.1875,0.019911504424778754,0.36,0.36058769753167036,0.16666666666666663
graph_082_mu_0_3_node_632,21,0.09047619047619047,0.0008188826531335058,0.42728828058169377,2.34034034034034,0.021997401018690868,4.0,17.0,0.23529411764705885,0.8095238095238098,0.33333333333333326,0.01791359325605901,0.6799999999999998,0.6805546311702718,0.05882352941176471
graph_082_mu_0_3_node_633,44,0.14799154334038056,0.0017524085692451907,0.45720823798627,2.1871871871871873,0.049626158783780655,27.0,17.0,1.5882352941176476,0.38636363636363635,0.10967741935483866,0.020118343195266276,0.23943661971830987,0.23999208451164433,0.17419354838709683
graph_082_mu_0_3_node_634,17,0.07352941176470588,0.00045113055211098047,0.38735944164404806,2.5815815815815815,0.008261462306222277,6.0,11.0,0.5454545454545452,0.6470588235294118,0.5789473684210529,0.01121304791029562,0.4782608695652175,0.478619865681532,0.31578947368421056
graph_082_mu_0_3_node_635,44,0.1849894291754757,0.001624476338251251,0.46857410881801126,2.134134134134134,0.055985132666012745,28.0,16.0,1.75,0.36363636363636365,0.10322580645161294,0.01893491124260355,0.2222222222222223,0.22274506386655923,0.18064516129032257
graph_082_mu_0_3_node_636,27,0.16809116809116809,0.0007720001289520476,0.4201009251471825,2.3803803803803802,0.018045837196092936,16.0,11.0,1.4545454545454546,0.4074074074074074,0.21568627450980402,0.011591148577449946,0.2558139534883721,0.2561731840817556,0.3137254901960783
graph_082_mu_0_3_node_637,21,0.08095238095238096,0.0005969975248787613,0.43097497842968074,2.32032032032032,0.017349257887990067,7.0,14.0,0.5,0.6666666666666665,0.27450980392156854,0.014752370916754472,0.5,0.5004568892369949,0.13725490196078427
graph_082_mu_0_3_node_638,27,0.12333333333333334,0.0009233932846093397,0.3870592793490895,2.5835835835835836,0.008813241637313363,15.0,12.0,1.25,0.4444444444444446,0.375,0.012396694214876035,0.2857142857142856,0.2861061352440663,0.4375
graph_082_mu_0_3_node_639,22,0.20346320346320346,0.0004581165043595076,0.421875,2.3703703703703702,0.02048292196310697,12.0,10.0,1.1999999999999995,0.45454545454545436,0.12987012987012989,0.010834236186348859,0.29411764705882354,0.2944441456875292,0.15584415584415587
graph_082_mu_0_3_node_640,38,0.18634423897581792,0.0011235351283601991,0.45783684692942256,2.184184184184184,0.05049955982439264,25.0,13.0,1.9230769230769231,0.34210526315789475,0.08387096774193552,0.015384615384615387,0.2063492063492064,0.2067739735441091,0.16129032258064516
graph_082_mu_0_3_node_641,24,0.08658008658008658,0.0008423560387273766,0.3948616600790514,2.5325325325325325,0.011533692683181525,11.0,13.0,0.8461538461538461,0.5416666666666667,0.6842105263157895,0.013251783893985734,0.37142857142857155,0.3718529503663184,0.5263157894736842
graph_082_mu_0_3_node_642,42,0.1672473867595819,0.0016273438117859315,0.4436056838365897,2.254254254254254,0.04619288091874454,27.0,15.0,1.8000000000000005,0.35714285714285704,0.09677419354838708,0.017751479289940832,0.2173913043478261,0.21788145237252945,0.17419354838709683
graph_082_mu_0_3_node_643,46,0.1391304347826087,0.0018997541080426937,0.4631432545201669,2.159159159159159,0.05289393315317698,27.0,19.0,1.4210526315789476,0.4130434782608694,0.12258064516129032,0.022485207100591712,0.26027397260273977,0.26089474562851805,0.17419354838709683
graph_082_mu_0_3_node_644,29,0.0812807881773399,0.001425790648861019,0.43097497842968074,2.32032032032032,0.01722613763541873,10.0,19.0,0.5263157894736842,0.6551724137931033,0.20879120879120883,0.0209020902090209,0.48717948717948717,0.4877995713803945,0.10989010989010993
graph_082_mu_0_3_node_645,20,0.11052631578947368,0.0005078364800531819,0.41555740432612315,2.4064064064064064,0.017676471433786412,6.0,14.0,0.42857142857142855,0.6999999999999998,0.20588235294117652,0.01502145922746781,0.5384615384615384,0.5389183978793692,0.08823529411764702
graph_082_mu_0_3_node_646,19,0.06432748538011696,0.0006629768953375558,0.39008199921905506,2.5635635635635636,0.008766063390299204,9.0,10.0,0.9000000000000002,0.5263157894736842,0.6666666666666665,0.010152284263959394,0.35714285714285704,0.3574692918232776,0.46666666666666673
graph_082_mu_0_3_node_647,55,0.06966618287373004,0.0034205139369567266,0.4506089309878214,2.219219219219219,0.02875946669863548,31.0,24.0,1.2916666666666667,0.4363636363636365,0.31168831168831174,0.02600216684723727,0.2790697674418605,0.2798539786560808,0.3896103896103896
graph_082_mu_0_3_node_648,29,0.19950738916256158,0.0005736708868575312,0.43246753246753245,2.3123123123123124,0.03299920144375897,23.0,6.0,3.8333333333333344,0.20689655172413793,0.03225806451612902,0.007371007371007373,0.1153846153846154,0.1155806810012418,0.12365591397849457
graph_082_mu_0_3_node_649,34,0.1774193548387097,0.0012424449748293614,0.4406704896338774,2.269269269269269,0.03632228951251217,24.0,10.0,2.399999999999999,0.29411764705882354,0.053763440860215034,0.012285012285012283,0.17241379310344834,0.1727405477760402,0.12365591397849457
graph_082_mu_0_3_node_650,25,0.08666666666666667,0.000770943898882142,0.39423835832675613,2.5365365365365364,0.013136562517675825,15.0,10.0,1.5,0.4000000000000001,0.10416666666666669,0.011061946902654865,0.25,0.2503265626020509,0.15625
graph_082_mu_0_3_node_651,127,0.08451612903225807,0.014110399268788562,0.5157459989674755,1.9389389389389389,0.10795301708366166,88.0,39.0,2.256410256410256,0.3070866141732283,0.20967741935483866,0.04791154791154791,0.18139534883720926,0.18267382777508834,0.467741935483871
graph_082_mu_0_3_node_652,24,0.16666666666666666,0.0006962838404006737,0.41659716430358634,2.4004004004004003,0.016867363645434504,14.0,10.0,1.3999999999999997,0.41666666666666674,0.12987012987012989,0.010834236186348859,0.2631578947368421,0.2634844360116592,0.18181818181818182
graph_082_mu_0_3_node_653,49,0.10799319727891156,0.0024732860309217477,0.46835443037974683,2.135135135135135,0.04907503824488156,31.0,18.0,1.7222222222222217,0.3673469387755102,0.09677419354838708,0.022113022113022112,0.22500000000000006,0.2255882737433819,0.16666666666666663
graph_082_mu_0_3_node_654,35,0.22016806722689075,0.0006412192041902004,0.4540909090909091,2.2022022022022023,0.05158109556229176,25.0,10.0,2.5,0.2857142857142856,0.06451612903225803,0.011834319526627222,0.16666666666666663,0.16699344269437727,0.16129032258064516
graph_082_mu_0_3_node_655,21,0.21052631578947367,0.00035890101236163256,0.3706864564007421,2.6976976976976976,0.007649069632520816,14.0,7.0,2.0,0.33333333333333326,0.31818181818181823,0.007157464212678935,0.20000000000000004,0.2002286012866987,0.5909090909090909
graph_082_mu_0_3_node_656,30,0.14942528735632185,0.0009070736912601125,0.44638069705093836,2.24024024024024,0.03621427568073255,18.0,12.0,1.5,0.4000000000000001,0.06451612903225803,0.014742014742014746,0.25,0.25039192631785223,0.09677419354838708
graph_082_mu_0_3_node_657,23,0.1976284584980237,0.0005473235864535236,0.4263764404609475,2.3453453453453452,0.02997620364130184,15.0,8.0,1.875,0.3478260869565216,0.04301075268817204,0.009828009828009828,0.21052631578947364,0.2107875829351302,0.08064516129032258
graph_082_mu_0_3_node_658,61,0.10286382232612508,0.0047411322479667915,0.4694548872180451,2.13013013013013,0.03562028671323935,35.0,26.0,1.3461538461538465,0.4262295081967213,0.5098039215686274,0.027397260273972598,0.27083333333333337,0.27168306207377396,0.6666666666666665
graph_082_mu_0_3_node_659,22,0.13852813852813853,0.0006335689191432016,0.3875096974398759,2.5805805805805804,0.010220288522055442,13.0,9.0,1.444444444444444,0.4090909090909091,0.11688311688311685,0.009750812567713976,0.2571428571428571,0.2574367346938775,0.16883116883116883
graph_082_mu_0_3_node_660,16,0.19166666666666668,0.0003696069295075349,0.3837879369957741,2.6056056056056054,0.008600302576100024,10.0,6.0,1.666666666666667,0.375,0.33333333333333326,0.006109979633401222,0.2307692307692308,0.23096512994645435,0.5555555555555556
graph_082_mu_0_3_node_661,16,0.075,0.0003846168115617815,0.39470564994073487,2.5335335335335336,0.014102124870907866,6.0,10.0,0.5999999999999998,0.625,0.06451612903225803,0.011834319526627222,0.45454545454545436,0.45487182530263487,0.038709677419354833
graph_082_mu_0_3_node_662,49,0.08758503401360544,0.0029119181383154818,0.44979738856371004,2.2232232232232234,0.039654408481433354,32.0,17.0,1.8823529411764708,0.34693877551020413,0.09139784946236558,0.02088452088452088,0.20987654320987656,0.21043218955731902,0.17204301075268816
graph_082_mu_0_3_node_663,39,0.15789473684210525,0.0013320776667298162,0.4483842010771993,2.23023023023023,0.04309263268075308,27.0,12.0,2.25,0.3076923076923076,0.06451612903225803,0.014742014742014746,0.18181818181818182,0.18221033868092687,0.14516129032258063
graph_082_mu_0_3_node_664,17,0.13970588235294118,0.0003951441145632802,0.4033104561970125,2.4794794794794797,0.012300580525935087,8.0,9.0,0.8888888888888892,0.5294117647058824,0.09890109890109892,0.009900990099009901,0.36,0.36029378162232734,0.08791208791208788
graph_082_mu_0_3_node_665,30,0.12643678160919541,0.000862666098254777,0.436435124508519,2.2912912912912913,0.03272793648073606,18.0,12.0,1.5,0.4000000000000001,0.07741935483870967,0.014201183431952667,0.25,0.25039192631785223,0.10967741935483866
graph_082_mu_0_3_node_666,31,0.22795698924731184,0.0007081426536372515,0.43491510666086197,2.299299299299299,0.04039996003725836,22.0,9.0,2.4444444444444433,0.29032258064516125,0.05806451612903227,0.010650887573964493,0.16981132075471703,0.17010537113534877,0.1419354838709677
graph_082_mu_0_3_node_667,27,0.10826210826210826,0.0009144310353191514,0.4402820625826355,2.2712712712712713,0.03065256263476695,13.0,14.0,0.9285714285714288,0.5185185185185184,0.07526881720430109,0.0171990171990172,0.3499999999999999,0.3504570682337578,0.06989247311827952
graph_082_mu_0_3_node_668,22,0.1774891774891775,0.0003908817646086992,0.4100985221674877,2.4384384384384385,0.02301432020698654,17.0,5.0,3.399999999999999,0.22727272727272718,0.026881720430107517,0.006142506142506141,0.1282051282051282,0.128368457509672,0.09139784946236558
graph_082_mu_0_3_node_669,33,0.16856060606060605,0.0009337038173907941,0.43950725912890454,2.275275275275275,0.03958273640455062,22.0,11.0,2.0,0.33333333333333326,0.07096774193548384,0.013017751479289939,0.20000000000000004,0.20035937142670465,0.1419354838709677
graph_082_mu_0_3_node_670,33,0.0946969696969697,0.0011564560877158484,0.4406704896338774,2.269269269269269,0.030206615366797602,19.0,14.0,1.3571428571428577,0.42424242424242414,0.07526881720430109,0.0171990171990172,0.2692307692307692,0.26968801660159686,0.09677419354838708
graph_082_mu_0_3_node_671,27,0.1623931623931624,0.000903044941957972,0.4263764404609475,2.3453453453453452,0.028490303323135693,16.0,11.0,1.4545454545454546,0.4074074074074074,0.059139784946236534,0.013513513513513516,0.2558139534883721,0.2561731840817556,0.08602150537634408
graph_082_mu_0_3_node_672,25,0.14,0.0007657533548291506,0.4000800961153384,2.4994994994994997,0.013480263638878113,13.0,12.0,1.0833333333333335,0.4800000000000002,0.2999999999999999,0.012500000000000002,0.31578947368421056,0.31618127203865753,0.3250000000000001
graph_082_mu_0_3_node_673,39,0.1767881241565452,0.0013492757092276654,0.4504057709648332,2.22022022022022,0.04589045410655738,27.0,12.0,2.25,0.3076923076923076,0.07741935483870967,0.014201183431952667,0.18181818181818182,0.18221033868092687,0.16774193548387104
graph_082_mu_0_3_node_674,17,0.14705882352941177,0.0003871818259817614,0.39800796812749006,2.5125125125125125,0.01114685657229195,8.0,9.0,0.8888888888888892,0.5294117647058824,0.09890109890109892,0.009900990099009901,0.36,0.36029378162232734,0.08791208791208788
graph_082_mu_0_3_node_675,21,0.12857142857142856,0.0004992503909521281,0.39346199291059475,2.5415415415415414,0.01130902250188686,11.0,10.0,1.0999999999999999,0.4761904761904762,0.25,0.010416666666666664,0.3125,0.31282647730982693,0.27499999999999997
graph_082_mu_0_3_node_676,47,0.14801110083256244,0.002403408107028418,0.44717994628469115,2.2362362362362362,0.04936149425441831,32.0,15.0,2.133333333333333,0.3191489361702127,0.09677419354838708,0.017751479289940832,0.18987341772151906,0.19036372596196616,0.2064516129032259
graph_082_mu_0_3_node_677,24,0.11231884057971014,0.0006753430131488045,0.39690107270560193,2.5195195195195197,0.01310149075976573,12.0,12.0,1.0,0.5,0.2999999999999999,0.012500000000000002,0.33333333333333326,0.3337251061051258,0.2999999999999999
graph_082_mu_0_3_node_678,108,0.0827275874004846,0.009415991209535365,0.5078800203355364,1.968968968968969,0.0914606711279781,73.0,35.0,2.085714285714286,0.324074074074074,0.18817204301075263,0.042997542997543,0.1933701657458564,0.19451654156060197,0.39247311827956993
graph_082_mu_0_3_node_679,35,0.1411764705882353,0.0015098069286211455,0.4201009251471825,2.3803803803803802,0.019730390367569444,18.0,17.0,1.0588235294117647,0.4857142857142857,0.4249999999999999,0.01770833333333333,0.3207547169811321,0.3213098552758779,0.4500000000000001
graph_082_mu_0_3_node_680,31,0.15517241379310345,0.001035443579160026,0.41263940520446096,2.4234234234234235,0.014908585642907172,19.0,12.0,1.583333333333333,0.3870967741935483,0.2999999999999999,0.012500000000000002,0.2400000000000001,0.2403919519205644,0.4500000000000001
graph_082_mu_0_3_node_681,24,0.14492753623188406,0.0005716783826458844,0.4074225122349103,2.4544544544544546,0.01679649367587113,13.0,11.0,1.1818181818181819,0.4583333333333332,0.1428571428571428,0.011917659804983743,0.29729729729729737,0.2976564575154056,0.16883116883116883
graph_082_mu_0_3_node_682,19,0.16374269005847952,0.0004441907183434265,0.39008199921905506,2.5635635635635636,0.010922660098319244,11.0,8.0,1.375,0.4210526315789473,0.08791208791208788,0.008800880088008802,0.2666666666666666,0.26692786556963133,0.12087912087912088
graph_082_mu_0_3_node_683,41,0.11585365853658537,0.0017354105927382855,0.440864960282436,2.2682682682682684,0.03714569450482816,27.0,14.0,1.928571428571428,0.34146341463414637,0.07526881720430109,0.0171990171990172,0.20588235294117652,0.20633983937997125,0.14516129032258063
graph_082_mu_0_3_node_684,20,0.07368421052631578,0.000550837226180061,0.39315230224321135,2.5435435435435436,0.011225049746263352,6.0,14.0,0.42857142857142855,0.6999999999999998,0.4375,0.014462809917355378,0.5384615384615384,0.5389183978793692,0.1875
graph_082_mu_0_3_node_685,48,0.08985507246376812,0.0017648275218693037,0.4410596026490066,2.2672672672672673,0.042805646489823816,33.0,15.0,2.1999999999999997,0.3125,0.09677419354838708,0.017751479289940832,0.18518518518518517,0.18567552548135072,0.2064516129032259
graph_082_mu_0_3_node_686,19,0.07602339181286549,0.0004945256967762474,0.4024979854955681,2.4844844844844847,0.011902792977026235,6.0,13.0,0.4615384615384616,0.6842105263157895,0.2549019607843137,0.013698630136986299,0.5199999999999998,0.5204242404464317,0.09803921568627454
graph_082_mu_0_3_node_687,17,0.08571428571428572,0.0003533716002086544,0.3687707641196013,2.7117117117117115,0.005874879805268752,10.0,7.0,1.4285714285714282,0.41176470588235303,0.46666666666666673,0.007106598984771575,0.2592592592592592,0.25948780083750217,0.5999999999999998
graph_082_mu_0_3_node_688,31,0.23655913978494625,0.0007564146746550644,0.43228039809606233,2.3133133133133135,0.039679669266055595,23.0,8.0,2.875,0.25806451612903214,0.05161290322580647,0.009467455621301775,0.14814814814814814,0.14840955188622157,0.14838709677419357
graph_082_mu_0_3_node_689,35,0.20336134453781513,0.0007963165680733311,0.4416445623342175,2.264264264264264,0.045568290083424744,25.0,10.0,2.5,0.2857142857142856,0.06451612903225803,0.011834319526627222,0.16666666666666663,0.16699344269437727,0.16129032258064516
graph_082_mu_0_3_node_690,19,0.08088235294117647,0.00041008981427231465,0.3716517857142857,2.690690690690691,0.006384362529648829,11.0,8.0,1.375,0.4210526315789473,0.25,0.008264462809917356,0.2666666666666666,0.26692786556963133,0.3125
graph_082_mu_0_3_node_691,15,0.02857142857142857,0.0003592875103282499,0.37955927051671734,2.6346346346346348,0.007918716636993266,4.0,11.0,0.36363636363636365,0.7333333333333332,0.34375,0.011363636363636364,0.5789473684210529,0.5793063176786805,0.09375
graph_082_mu_0_3_node_692,16,0.041666666666666664,0.0003685077743162463,0.3729003359462486,2.6816816816816815,0.006905103833392267,4.0,12.0,0.33333333333333326,0.75,0.8000000000000002,0.01218274111675127,0.5999999999999998,0.6003915682307641,0.20000000000000004
graph_082_mu_0_3_node_693,20,0.13157894736842105,0.00047469610063497505,0.39611419508326723,2.5245245245245247,0.011903573228283011,9.0,11.0,0.8181818181818182,0.5499999999999999,0.21568627450980402,0.011591148577449946,0.3793103448275863,0.37966941125487524,0.17647058823529405
graph_082_mu_0_3_node_694,18,0.12418300653594772,0.00037092724411928225,0.38616157711635096,2.5895895895895897,0.010699888615907913,10.0,8.0,1.25,0.4444444444444446,0.11764705882352942,0.008583690987124467,0.2857142857142856,0.28597546756214726,0.14705882352941177
graph_082_mu_0_3_node_695,13,0.16666666666666666,0.00027740832675341565,0.390539483971853,2.5605605605605604,0.011634005657017308,6.0,7.0,0.8571428571428571,0.5384615384615384,0.31818181818181823,0.007157464212678935,0.36842105263157887,0.3686495345325484,0.2727272727272726
graph_082_mu_0_3_node_696,21,0.08095238095238096,0.0009332169877274979,0.4296774193548387,2.3273273273273274,0.020873684639284004,6.0,15.0,0.4000000000000001,0.7142857142857141,1.0,0.015228426395939085,0.5555555555555556,0.5560450318159569,0.33333333333333326
graph_082_mu_0_3_node_697,35,0.054924242424242424,0.0013990359283483603,0.42546848381601365,2.3503503503503502,0.01944191012041543,19.0,16.0,1.1875,0.45714285714285724,0.23529411764705885,0.017167381974248934,0.2962962962962963,0.2968188305876092,0.2647058823529412
graph_082_mu_0_3_node_698,23,0.09090909090909091,0.000823332021074638,0.4190436241610738,2.3863863863863863,0.015579668027246826,9.0,14.0,0.6428571428571429,0.608695652173913,0.1538461538461538,0.0154015401540154,0.4375,0.43795694888700326,0.09890109890109892
graph_082_mu_0_3_node_699,28,0.20105820105820105,0.0008909658178654406,0.4443950177935943,2.25025025025025,0.03801824503665209,17.0,11.0,1.5454545454545454,0.39285714285714296,0.059139784946236534,0.013513513513513516,0.24444444444444444,0.24480369850238232,0.09139784946236558
graph_082_mu_0_3_node_700,23,0.2015810276679842,0.0004163025773688815,0.4274711168164313,2.339339339339339,0.02866336818123652,17.0,6.0,2.8333333333333335,0.26086956521739124,0.03225806451612902,0.007371007371007373,0.14999999999999994,0.15019598876331092,0.09139784946236558
graph_082_mu_0_3_node_701,23,0.25691699604743085,0.0005322402096730226,0.42080876158382474,2.3763763763763763,0.031650898809920974,17.0,6.0,2.8333333333333335,0.26086956521739124,0.03225806451612902,0.007371007371007373,0.14999999999999994,0.15019598876331092,0.09139784946236558
graph_082_mu_0_3_node_702,31,0.14838709677419354,0.0009830672459236473,0.43989431968295906,2.2732732732732734,0.03682699703318181,20.0,11.0,1.8181818181818175,0.3548387096774193,0.07096774193548384,0.013017751479289939,0.21568627450980402,0.21604559897980027,0.12903225806451607
graph_082_mu_0_3_node_703,22,0.12987012987012986,0.00046498858313565993,0.40842191332788225,2.4484484484484486,0.02334042931726993,13.0,9.0,1.444444444444444,0.4090909090909091,0.04838709677419354,0.011056511056511056,0.2571428571428571,0.2574367346938775,0.06989247311827952
graph_082_mu_0_3_node_704,29,0.07635467980295567,0.0012474858377908664,0.4283876500857633,2.334334334334334,0.01713163113090589,11.0,18.0,0.6111111111111108,0.6206896551724139,0.2647058823529412,0.019313304721030045,0.4500000000000001,0.4505875057118613,0.14705882352941177
graph_082_mu_0_3_node_705,17,0.16911764705882354,0.0004274710318683475,0.408255006129955,2.4494494494494496,0.01336962795242098,9.0,8.0,1.125,0.4705882352941177,0.1038961038961039,0.00866738894907909,0.3076923076923076,0.30795347248729327,0.11688311688311685
graph_082_mu_0_3_node_706,20,0.08421052631578947,0.0005891530419256454,0.40808823529411764,2.4504504504504503,0.014203673811429816,9.0,11.0,0.8181818181818182,0.5499999999999999,0.16176470588235295,0.011802575107296133,0.3793103448275863,0.37966941125487524,0.11764705882352942
graph_082_mu_0_3_node_707,36,0.14761904761904762,0.0011022676159061857,0.4414494034467521,2.265265265265265,0.04239106778185635,23.0,13.0,1.76923076923077,0.361111111111111,0.08387096774193552,0.015384615384615387,0.22033898305084743,0.2207636947369528,0.14838709677419357
graph_082_mu_0_3_node_708,46,0.11400966183574879,0.0021723485524637117,0.4416445623342175,2.264264264264264,0.027573187203220967,28.0,18.0,1.555555555555556,0.3913043478260869,0.1875,0.019911504424778754,0.24324324324324328,0.24383140165390854,0.2916666666666667
graph_082_mu_0_3_node_709,18,0.10833333333333334,0.00026605809711422894,0.38886726352666406,2.5715715715715715,0.010598439784944775,10.0,8.0,1.25,0.4444444444444446,0.11764705882352942,0.008583690987124467,0.2857142857142856,0.28597546756214726,0.1323529411764706
graph_082_mu_0_3_node_710,32,0.1471264367816092,0.0009803758297563477,0.4220532319391635,2.369369369369369,0.03307443124533083,21.0,11.0,1.9090909090909096,0.34375,0.07096774193548384,0.013017751479289939,0.20754716981132082,0.2079065177581372,0.12903225806451607
graph_082_mu_0_3_node_711,29,0.10837438423645321,0.0008188910471997713,0.4018503620273532,2.4884884884884886,0.01655137159772446,19.0,10.0,1.8999999999999995,0.3448275862068967,0.10416666666666669,0.011061946902654865,0.20833333333333337,0.20865998127218477,0.1875
graph_082_mu_0_3_node_712,30,0.1724137931034483,0.0007863845304839343,0.4373905429071804,2.2862862862862863,0.038010273161967874,21.0,9.0,2.3333333333333335,0.2999999999999999,0.04838709677419354,0.011056511056511056,0.17647058823529405,0.17676461940259788,0.11290322580645155
graph_082_mu_0_3_node_713,14,0.10989010989010989,0.00022001018836836274,0.3903868698710434,2.5615615615615615,0.010263041251412471,7.0,7.0,1.0,0.5,0.10294117647058826,0.007510729613733905,0.33333333333333326,0.33356183015069896,0.10294117647058826
graph_082_mu_0_3_node_714,21,0.04678362573099415,0.0007162280622381096,0.392226148409894,2.5495495495495497,0.010353282658209619,7.0,14.0,0.5,0.6666666666666665,1.0769230769230769,0.014184397163120564,0.5,0.5004568892369949,0.4615384615384616
graph_082_mu_0_3_node_715,30,0.10804597701149425,0.0008880080721911399,0.428204029147021,2.335335335335335,0.029202929323262246,21.0,9.0,2.3333333333333335,0.2999999999999999,0.04838709677419354,0.011056511056511056,0.17647058823529405,0.17676461940259788,0.11290322580645155
graph_082_mu_0_3_node_716,15,0.14285714285714285,0.00028414692497613154,0.37443778110944526,2.670670670670671,0.0062304409479525145,10.0,5.0,2.0,0.33333333333333326,0.06493506493506494,0.005417118093174429,0.20000000000000004,0.20016325464459464,0.11688311688311685
graph_082_mu_0_3_node_717,56,0.10064935064935066,0.003527265258021754,0.47616777883698763,2.1001001001001,0.051670096354301316,35.0,21.0,1.666666666666667,0.375,0.11290322580645155,0.0257985257985258,0.2307692307692308,0.23145566230585685,0.18817204301075263
graph_082_mu_0_3_node_718,20,0.08947368421052632,0.0006017066499010694,0.39315230224321135,2.5435435435435436,0.01083833698360471,9.0,11.0,0.8181818181818182,0.5499999999999999,0.1428571428571428,0.011917659804983743,0.3793103448275863,0.37966941125487524,0.11688311688311685
graph_082_mu_0_3_node_719,38,0.1,0.001785302487367738,0.42258883248730966,2.3663663663663663,0.017486862606822893,20.0,18.0,1.1111111111111112,0.4736842105263158,0.3529411764705881,0.018967334035827187,0.31034482758620696,0.31093267866393387,0.3725490196078432
graph_082_mu_0_3_node_720,20,0.22105263157894736,0.0002764171871148069,0.42223161453930685,2.3683683683683685,0.02704065479791126,14.0,6.0,2.3333333333333335,0.2999999999999999,0.03225806451612902,0.007371007371007373,0.17647058823529405,0.1766665385945365,0.07526881720430109
graph_082_mu_0_3_node_721,55,0.1081277213352685,0.0028039646215152264,0.4473802060008957,2.235235235235235,0.03243746523229045,36.0,19.0,1.8947368421052633,0.3454545454545456,0.19791666666666663,0.02101769911504425,0.20879120879120883,0.2094123471089047,0.36458333333333326
graph_082_mu_0_3_node_722,13,0.05128205128205128,0.00033505000011588683,0.3713754646840149,2.6926926926926926,0.004764931002907216,4.0,9.0,0.4444444444444446,0.6923076923076923,0.6428571428571429,0.009127789046653149,0.5294117647058824,0.5297054696303346,0.2857142857142856
graph_082_mu_0_3_node_723,64,0.10312004230565838,0.004183572987689842,0.4714487966021708,2.121121121121121,0.0421244027066042,40.0,24.0,1.666666666666667,0.375,0.25,0.02654867256637167,0.2307692307692308,0.23155390349531452,0.40625
graph_082_mu_0_3_node_724,60,0.1152542372881356,0.003920271196561704,0.4547109695038689,2.199199199199199,0.03126171500174052,40.0,20.0,2.0,0.33333333333333326,0.25974025974025977,0.021668472372697718,0.20000000000000004,0.20065397946504487,0.5194805194805195
graph_082_mu_0_3_node_725,37,0.2012012012012012,0.0012668120601182628,0.43700787401574803,2.2882882882882885,0.044949695565184314,25.0,12.0,2.083333333333333,0.3243243243243245,0.07741935483870967,0.014201183431952667,0.19354838709677416,0.19394049270388436,0.16129032258064516
graph_082_mu_0_3_node_726,42,0.09872241579558652,0.002002333339769538,0.4631432545201669,2.159159159159159,0.04285249379733687,21.0,21.0,1.0,0.5,0.11290322580645155,0.0257985257985258,0.33333333333333326,0.33401913719342946,0.11290322580645155
graph_082_mu_0_3_node_727,17,0.08823529411764706,0.0004892366613746063,0.4122988031366075,2.4254254254254253,0.01593435717954179,5.0,12.0,0.41666666666666674,0.7058823529411762,0.17647058823529405,0.012875536480686699,0.5454545454545452,0.5458461392412576,0.07352941176470588
graph_082_mu_0_3_node_728,69,0.09803921568627451,0.0036342156110058146,0.4773053033922599,2.095095095095095,0.06715821086733827,47.0,22.0,2.1363636363636362,0.3188405797101449,0.1419354838709677,0.026035502958579877,0.18965517241379315,0.19037483221097992,0.3032258064516129
graph_082_mu_0_3_node_729,30,0.1471264367816092,0.0007142071862377259,0.4263764404609475,2.3453453453453452,0.0332420112663098,20.0,10.0,2.0,0.33333333333333326,0.06451612903225803,0.011834319526627222,0.20000000000000004,0.20032666928002085,0.12903225806451607
graph_082_mu_0_3_node_730,106,0.08756534727408513,0.01026715775015784,0.5086558044806517,1.965965965965966,0.09132916866067334,69.0,37.0,1.864864864864864,0.3490566037735849,0.1989247311827957,0.045454545454545456,0.21142857142857138,0.21264005762745167,0.3655913978494623
graph_082_mu_0_3_node_731,23,0.13333333333333333,0.0007461409087760644,0.39008199921905506,2.5635635635635636,0.009938731205113393,13.0,10.0,1.3000000000000005,0.4347826086956522,0.7142857142857141,0.010141987829614606,0.2777777777777778,0.27810429772814677,0.8571428571428571
graph_082_mu_0_3_node_732,32,0.125,0.0011072814645052193,0.43989431968295906,2.2732732732732734,0.031972967618333605,18.0,14.0,1.2857142857142858,0.4375,0.07526881720430109,0.0171990171990172,0.28000000000000014,0.28045721750489877,0.09139784946236558
graph_082_mu_0_3_node_733,23,0.1422924901185771,0.0007595667854091083,0.4192194712547209,2.3853853853853852,0.017897610622854034,9.0,14.0,0.6428571428571429,0.608695652173913,0.3499999999999999,0.014583333333333335,0.4375,0.43795694888700326,0.22500000000000006
graph_082_mu_0_3_node_734,39,0.1241565452091768,0.0017715470787834984,0.4100985221674877,2.4384384384384385,0.015948163234631548,24.0,15.0,1.6000000000000003,0.38461538461538475,0.375,0.015625,0.2380952380952381,0.23858529004074433,0.5999999999999998
graph_082_mu_0_3_node_735,17,0.08823529411764706,0.00038887656887775574,0.4056029232643118,2.4654654654654653,0.013695397230684032,6.0,11.0,0.5454545454545452,0.6470588235294118,0.16176470588235295,0.011802575107296133,0.4782608695652175,0.478619865681532,0.08823529411764702
graph_082_mu_0_3_node_736,30,0.11264367816091954,0.0010707466002297618,0.42169691853102576,2.3713713713713713,0.019525061318576876,12.0,18.0,0.6666666666666665,0.5999999999999998,0.4500000000000001,0.018749999999999992,0.42857142857142855,0.42915897263723335,0.2999999999999999
graph_082_mu_0_3_node_737,23,0.05238095238095238,0.0006843153539292686,0.391304347826087,2.5555555555555554,0.011230005438855922,8.0,15.0,0.5333333333333332,0.6521739130434784,1.0714285714285714,0.015212981744421901,0.4838709677419357,0.4843605079005464,0.5
graph_082_mu_0_3_node_738,15,0.0761904761904762,0.0003998363543242092,0.38275862068965516,2.6126126126126126,0.008379919547194725,5.0,10.0,0.5,0.6666666666666665,0.7692307692307695,0.010131712259371834,0.5,0.5003263494549967,0.38461538461538475
graph_082_mu_0_3_node_739,20,0.1111111111111111,0.0006192303338141905,0.4085889570552147,2.4474474474474475,0.013898083206245157,11.0,9.0,1.2222222222222217,0.4500000000000001,0.5999999999999998,0.009137055837563452,0.29032258064516125,0.29061641981718783,0.6666666666666665
graph_082_mu_0_3_node_740,22,0.12554112554112554,0.0007272623294222486,0.39705882352941174,2.5185185185185186,0.01077797930801819,12.0,10.0,1.1999999999999995,0.45454545454545436,0.12987012987012989,0.010834236186348859,0.29411764705882354,0.2944441456875292,0.15584415584415587
graph_082_mu_0_3_node_741,106,0.09167289021657954,0.010339356070171142,0.5128336755646817,1.94994994994995,0.0934990565234477,69.0,37.0,1.864864864864864,0.3490566037735849,0.1989247311827957,0.045454545454545456,0.21142857142857138,0.21264005762745167,0.3655913978494623
graph_082_mu_0_3_node_742,33,0.125,0.0012286294877182915,0.4416445623342175,2.264264264264264,0.03577459549970246,18.0,15.0,1.1999999999999995,0.45454545454545436,0.08064516129032258,0.018427518427518434,0.29411764705882354,0.2946075069588921,0.09677419354838708
graph_082_mu_0_3_node_743,25,0.18,0.0005608549767938425,0.4188679245283019,2.3873873873873874,0.028829787906586062,16.0,9.0,1.7777777777777783,0.36,0.05806451612903227,0.010650887573964493,0.21951219512195133,0.21980613026026405,0.10322580645161294
graph_082_mu_0_3_node_744,26,0.036923076923076927,0.0009470039879233634,0.4121287128712871,2.4264264264264264,0.016373038748347623,10.0,16.0,0.625,0.6153846153846152,0.23529411764705885,0.017167381974248934,0.4444444444444446,0.4449666717438765,0.11764705882352942
graph_082_mu_0_3_node_745,15,0.0380952380952381,0.0004757211263804358,0.4000800961153384,2.4994994994994997,0.010722949290285447,3.0,12.0,0.25,0.8000000000000002,0.8000000000000002,0.01218274111675127,0.6666666666666665,0.6670582093448183,0.20000000000000004
graph_082_mu_0_3_node_746,31,0.08387096774193549,0.0012223145923953226,0.44380275433140826,2.2532532532532534,0.02674185360312036,12.0,19.0,0.6315789473684211,0.6129032258064517,0.2794117647058823,0.020386266094420607,0.44186046511627897,0.4424806302760533,0.17647058823529405
graph_082_mu_0_3_node_747,29,0.15270935960591134,0.001114218371081277,0.408923454768727,2.4454454454454453,0.015359424349503291,17.0,12.0,1.4166666666666667,0.41379310344827586,0.2999999999999999,0.012500000000000002,0.26086956521739124,0.2612614659358759,0.4000000000000001
graph_082_mu_0_3_node_748,39,0.12280701754385964,0.0018040338105337575,0.42857142857142855,2.3333333333333335,0.02170998221454474,22.0,17.0,1.2941176470588236,0.43589743589743607,0.22077922077922085,0.01841820151679307,0.27868852459016397,0.2792438079479949,0.2857142857142856
graph_082_mu_0_3_node_749,48,0.16932624113475178,0.0021146236261964857,0.46400371574547145,2.155155155155155,0.057070321325898156,31.0,17.0,1.8235294117647063,0.3541666666666667,0.10967741935483866,0.020118343195266276,0.21518987341772144,0.21574548344484834,0.20000000000000004
graph_082_mu_0_3_node_750,44,0.1331923890063425,0.0018568527708530712,0.46573426573426574,2.1471471471471473,0.04548423989955119,28.0,16.0,1.75,0.36363636363636365,0.08602150537634408,0.019656019656019656,0.2222222222222223,0.22274506386655923,0.15053763440860218
graph_082_mu_0_3_node_751,28,0.07671957671957672,0.0009392142721098343,0.39548693586698336,2.5285285285285286,0.014099537490457342,12.0,16.0,0.75,0.5714285714285712,0.5,0.01652892561983471,0.4000000000000001,0.40052229548867285,0.375
graph_082_mu_0_3_node_752,33,0.11931818181818182,0.0012859954545902787,0.41659716430358634,2.4004004004004003,0.016933429489346473,20.0,13.0,1.538461538461539,0.39393939393939387,0.19117647058823534,0.013948497854077256,0.24528301886792456,0.24570764731803066,0.29411764705882354
graph_082_mu_0_3_node_753,18,0.06535947712418301,0.00045358990811541306,0.40314769975786924,2.4804804804804803,0.011675865013958788,7.0,11.0,0.6363636363636365,0.6111111111111108,0.16176470588235295,0.011802575107296133,0.4400000000000001,0.4403590195502464,0.08823529411764702
graph_082_mu_0_3_node_754,73,0.11549295774647887,0.004708357889358271,0.4687939934303144,2.1331331331331334,0.042330086114594205,49.0,24.0,2.041666666666667,0.3287671232876711,0.25,0.02654867256637167,0.1967213114754099,0.19750644625688063,0.5
graph_082_mu_0_3_node_755,18,0.09803921568627451,0.00033162992350459566,0.40775510204081633,2.4524524524524525,0.015962091070541216,9.0,9.0,1.0,0.5,0.09890109890109892,0.009900990099009901,0.33333333333333326,0.3336271341363889,0.09890109890109892
graph_082_mu_0_3_node_756,21,0.04678362573099415,0.000655384589160091,0.39737470167064437,2.5165165165165164,0.011220605574697074,7.0,14.0,0.5,0.6666666666666665,1.0769230769230769,0.014184397163120564,0.5,0.5004568892369949,0.4615384615384616
graph_082_mu_0_3_node_757,56,0.10272536687631027,0.0035171057545843533,0.4434087882822903,2.255255255255255,0.028140267081196043,31.0,25.0,1.24,0.44642857142857134,0.625,0.02604166666666667,0.28735632183908055,0.2881731818292782,0.75
graph_082_mu_0_3_node_758,24,0.12318840579710146,0.0005652539101871178,0.39470564994073487,2.5335335335335336,0.014013715675338222,15.0,9.0,1.666666666666667,0.375,0.09375,0.009955752212389377,0.2307692307692308,0.231063146709272,0.15625
graph_082_mu_0_3_node_759,27,0.17094017094017094,0.0006806944648152472,0.43023255813953487,2.324324324324324,0.03151246148145455,16.0,11.0,1.4545454545454546,0.4074074074074074,0.059139784946236534,0.013513513513513516,0.2558139534883721,0.2561731840817556,0.08602150537634408
graph_082_mu_0_3_node_760,34,0.10160427807486631,0.0012496388243957433,0.43246753246753245,2.3123123123123124,0.03159059226619638,22.0,12.0,1.8333333333333328,0.3529411764705881,0.06451612903225803,0.014742014742014746,0.21428571428571427,0.21467774303448917,0.11827956989247307
graph_082_mu_0_3_node_761,19,0.04678362573099415,0.0004237092729335121,0.40298507462686567,2.4814814814814814,0.015385159844473171,7.0,12.0,0.5833333333333334,0.6315789473684211,0.06451612903225803,0.014742014742014746,0.4615384615384616,0.4619301064470776,0.026881720430107517
graph_082_mu_0_3_node_762,17,0.0661764705882353,0.0004153404185836583,0.38115223197252956,2.6236236236236237,0.009860074629306454,4.0,13.0,0.3076923076923076,0.7647058823529413,1.0,0.013171225937183386,0.6190476190476188,0.6194718041228302,0.2307692307692308
graph_082_mu_0_3_node_763,24,0.15579710144927536,0.0006865287556514541,0.40445344129554656,2.4724724724724725,0.012714026682905144,15.0,9.0,1.666666666666667,0.375,0.11688311688311685,0.009750812567713976,0.2307692307692308,0.231063146709272,0.1948051948051948
graph_082_mu_0_3_node_764,22,0.12554112554112554,0.0006829921419199972,0.41555740432612315,2.4064064064064064,0.016948162990807997,9.0,13.0,0.6923076923076923,0.5909090909090909,0.19117647058823534,0.013948497854077256,0.4193548387096773,0.41977916224004913,0.1323529411764706
graph_082_mu_0_3_node_765,50,0.0946938775510204,0.0026971837457622485,0.4553327256153145,2.196196196196196,0.03482172677863943,28.0,22.0,1.272727272727273,0.4400000000000001,0.2291666666666666,0.024336283185840708,0.282051282051282,0.28277004838688047,0.2916666666666667
graph_082_mu_0_3_node_766,32,0.15120967741935484,0.0011743919046229485,0.4263764404609475,2.3453453453453452,0.020477712675494832,20.0,12.0,1.666666666666667,0.375,0.23529411764705885,0.01264488935721813,0.2307692307692308,0.23116120829585265,0.39215686274509814
graph_082_mu_0_3_node_767,26,0.09846153846153846,0.0008186850110984658,0.42857142857142855,2.3333333333333335,0.024619504293388227,14.0,12.0,1.1666666666666667,0.4615384615384616,0.06451612903225803,0.014742014742014746,0.2999999999999999,0.30039182394044267,0.07526881720430109
graph_082_mu_0_3_node_768,18,0.13333333333333333,0.00037211002274867327,0.36809137803979364,2.7167167167167166,0.006496143226902525,10.0,8.0,1.25,0.4444444444444446,0.5714285714285712,0.008113590263691683,0.2857142857142856,0.28597546756214726,0.6428571428571429
graph_082_mu_0_3_node_769,181,0.09346557027179712,0.024642774498011062,0.5426398696360674,1.842842842842843,0.16356100046654065,125.0,56.0,2.232142857142857,0.3093922651933702,0.36129032258064514,0.06627218934911241,0.18300653594771232,0.18484573720887898,0.8000000000000002
graph_082_mu_0_3_node_770,38,0.16927453769559034,0.0015652211254610058,0.45867768595041325,2.18018018018018,0.044892995048113934,24.0,14.0,1.7142857142857142,0.36842105263157887,0.07526881720430109,0.0171990171990172,0.2258064516129031,0.2262638483719205,0.12903225806451607
graph_082_mu_0_3_node_771,40,0.1294871794871795,0.001771609482738655,0.4479820627802691,2.2322322322322323,0.042373229070854515,23.0,17.0,1.352941176470588,0.4249999999999999,0.10967741935483866,0.020118343195266276,0.2698412698412698,0.27039658947671874,0.14838709677419357
graph_082_mu_0_3_node_772,40,0.08961593172119488,0.0017488347231837831,0.4426229508196721,2.259259259259259,0.03322898867427487,23.0,17.0,1.352941176470588,0.4249999999999999,0.09139784946236558,0.02088452088452088,0.2698412698412698,0.27039658947671874,0.11827956989247307
graph_082_mu_0_3_node_773,19,0.10526315789473684,0.00042937463187989953,0.41469489414694893,2.4114114114114114,0.017615969323306457,5.0,14.0,0.35714285714285704,0.7368421052631577,0.1538461538461538,0.0154015401540154,0.5833333333333334,0.5837901629358917,0.054945054945054965
graph_082_mu_0_3_node_774,35,0.1226890756302521,0.0011997975676412418,0.44380275433140826,2.2532532532532534,0.03648745763866282,19.0,16.0,1.1875,0.45714285714285724,0.08602150537634408,0.019656019656019656,0.2962962962962963,0.2968188305876092,0.10215053763440858
graph_082_mu_0_3_node_775,29,0.13793103448275862,0.0009544462506410403,0.4443950177935943,2.25025025025025,0.03563737887458368,15.0,14.0,1.0714285714285714,0.482758620689655,0.09032258064516129,0.016568047337278104,0.31818181818181823,0.3186389461123348,0.09677419354838708
graph_082_mu_0_3_node_776,22,0.17316017316017315,0.0005527569387929307,0.4243840271877655,2.3563563563563563,0.0254300544663733,14.0,8.0,1.75,0.36363636363636365,0.04301075268817204,0.009828009828009828,0.2222222222222223,0.2224834723038628,0.07526881720430109
graph_082_mu_0_3_node_777,24,0.043478260869565216,0.000828366382006917,0.4085889570552147,2.4474474474474475,0.01618892921061298,7.0,17.0,0.41176470588235303,0.7083333333333334,0.9444444444444444,0.017311608961303463,0.5483870967741937,0.5489418365359818,0.2777777777777778
graph_082_mu_0_3_node_778,39,0.145748987854251,0.001521821229402972,0.44380275433140826,2.2532532532532534,0.041446312805480744,27.0,12.0,2.25,0.3076923076923076,0.06451612903225803,0.014742014742014746,0.18181818181818182,0.18221033868092687,0.14516129032258063
graph_082_mu_0_3_node_779,40,0.09230769230769231,0.001795833922540033,0.45554035567715456,2.195195195195195,0.03878619941528036,22.0,18.0,1.2222222222222217,0.4500000000000001,0.09677419354838708,0.022113022113022112,0.29032258064516125,0.2909105085260079,0.11290322580645155
graph_082_mu_0_3_node_780,22,0.1645021645021645,0.0007225424843616583,0.42402376910016976,2.3583583583583585,0.025616307149025568,11.0,11.0,1.0,0.5,0.059139784946236534,0.013513513513513516,0.33333333333333326,0.3336924466499081,0.059139784946236534
graph_082_mu_0_3_node_781,35,0.15126050420168066,0.0013354453321619908,0.46551724137931033,2.1481481481481484,0.041835887829173274,20.0,15.0,1.333333333333333,0.42857142857142855,0.08064516129032258,0.018427518427518434,0.2727272727272726,0.27321719662576044,0.10752688172043007
graph_082_mu_0_3_node_782,17,0.0661764705882353,0.00038593351549178894,0.4062627084180561,2.4614614614614614,0.015538560915478837,3.0,14.0,0.21428571428571427,0.8235294117647061,0.777777777777778,0.014256619144602854,0.6999999999999998,0.7004567699836868,0.16666666666666663
graph_082_mu_0_3_node_783,63,0.1284153005464481,0.0029241768547227007,0.4661689220718619,2.145145145145145,0.06497820942393794,45.0,18.0,2.5,0.2857142857142856,0.11612903225806454,0.021301775147928987,0.16666666666666663,0.16725547922800124,0.2838709677419354
graph_082_mu_0_3_node_784,27,0.17094017094017094,0.0008276087576296262,0.4373905429071804,2.2862862862862863,0.03538196245512955,16.0,11.0,1.4545454545454546,0.4074074074074074,0.059139784946236534,0.013513513513513516,0.2558139534883721,0.2561731840817556,0.08602150537634408
graph_082_mu_0_3_node_785,40,0.09230769230769231,0.002120134563194578,0.4220532319391635,2.369369369369369,0.018809590166483335,19.0,21.0,0.904761904761905,0.5250000000000002,0.65625,0.021694214876033065,0.35593220338983056,0.3566179176755447,0.59375
graph_082_mu_0_3_node_786,21,0.09523809523809523,0.0006327190403610228,0.3994402239104358,2.5035035035035036,0.012593448462773278,7.0,14.0,0.5,0.6666666666666665,0.6363636363636365,0.01431492842535787,0.5,0.5004568892369949,0.31818181818181823
graph_082_mu_0_3_node_787,23,0.11428571428571428,0.0007009699787051909,0.38917023763147646,2.5695695695695697,0.010122844454405346,11.0,12.0,0.9166666666666664,0.5217391304347825,0.5454545454545452,0.012269938650306752,0.3529411764705881,0.3533329236630669,0.45454545454545436
graph_082_mu_0_3_node_788,42,0.10801393728222997,0.0016805714051526825,0.42241014799154336,2.3673673673673674,0.024010999779388358,26.0,16.0,1.625,0.3809523809523811,0.16666666666666663,0.017699115044247787,0.23529411764705885,0.23581689095948113,0.27083333333333337
graph_082_mu_0_3_node_789,33,0.14583333333333334,0.0014050270140849599,0.42986230636833045,2.3263263263263263,0.02045904582850875,19.0,14.0,1.3571428571428577,0.42424242424242414,0.14583333333333334,0.01548672566371681,0.2692307692307692,0.26968801660159686,0.19791666666666663
graph_082_mu_0_3_node_790,16,0.14166666666666666,0.00037875735342806857,0.39800796812749006,2.5125125125125125,0.012835709497341204,6.0,10.0,0.5999999999999998,0.625,0.5555555555555556,0.010183299389002034,0.45454545454545436,0.45487182530263487,0.33333333333333326
graph_082_mu_0_3_node_791,15,0.10256410256410256,0.0002759975260441278,0.3920722135007849,2.5505505505505504,0.012236241568166792,6.0,9.0,0.6666666666666665,0.5999999999999998,0.2307692307692308,0.009365244536940686,0.42857142857142855,0.4288651718398118,0.1282051282051282
graph_082_mu_0_3_node_792,38,0.15362731152204837,0.00118698542760037,0.45616438356164385,2.1921921921921923,0.04150729519734596,24.0,14.0,1.7142857142857142,0.36842105263157887,0.07526881720430109,0.0171990171990172,0.2258064516129031,0.2262638483719205,0.12903225806451607
graph_082_mu_0_3_node_793,31,0.09032258064516129,0.0011619579614556852,0.43153347732181424,2.3173173173173174,0.022169311761190934,11.0,20.0,0.5499999999999999,0.6451612903225806,0.29411764705882354,0.021459227467811155,0.4761904761904762,0.47684321770483634,0.16176470588235295
graph_082_mu_0_3_node_794,27,0.07333333333333333,0.0008664496220027149,0.4072564207093355,2.4554554554554553,0.015880050210839932,11.0,16.0,0.6875,0.5925925925925926,0.5,0.01652892561983471,0.4210526315789473,0.4215748929707741,0.3125
graph_082_mu_0_3_node_795,40,0.13086770981507823,0.00161833776077046,0.4300473525613431,2.325325325325325,0.0221171050414516,22.0,18.0,1.2222222222222217,0.4500000000000001,0.4500000000000001,0.018749999999999992,0.29032258064516125,0.2909105085260079,0.5250000000000002
graph_082_mu_0_3_node_796,54,0.09643605870020965,0.003714368529939202,0.4580467675378267,2.1831831831831834,0.0325693765826177,31.0,23.0,1.3478260869565222,0.4259259259259259,0.2987012987012987,0.024918743228602384,0.27058823529411763,0.27133979559866284,0.4025974025974026
graph_082_mu_0_3_node_797,19,0.10526315789473684,0.00047043461239736734,0.3929976396538159,2.5445445445445447,0.011019979322318872,9.0,10.0,0.9000000000000002,0.5263157894736842,0.5555555555555556,0.010183299389002034,0.35714285714285704,0.3574692918232776,0.4444444444444446
graph_082_mu_0_3_node_798,70,0.1044776119402985,0.0049364785283112144,0.48214285714285715,2.074074074074074,0.0610142160333759,43.0,27.0,1.5925925925925921,0.38571428571428584,0.14516129032258063,0.03316953316953318,0.2389380530973452,0.23982089650708263,0.2258064516129031
graph_082_mu_0_3_node_799,26,0.21846153846153846,0.0006146460791322316,0.42893945899527697,2.3313313313313313,0.037282735194389564,17.0,9.0,1.8888888888888888,0.34615384615384615,0.05806451612903227,0.010650887573964493,0.2093023255813953,0.20959627992048804,0.10967741935483866
graph_082_mu_0_3_node_800,23,0.1541501976284585,0.0005093205541923516,0.3964285714285714,2.5225225225225225,0.013147351517887628,13.0,10.0,1.3000000000000005,0.4347826086956522,0.12987012987012989,0.010834236186348859,0.2777777777777778,0.27810429772814677,0.16883116883116883
graph_082_mu_0_3_node_801,58,0.11070780399274047,0.0033468833298781553,0.4725638599810785,2.116116116116116,0.059123455621515456,36.0,22.0,1.6363636363636365,0.3793103448275863,0.11827956989247307,0.027027027027027032,0.23404255319148948,0.23476169545090364,0.19354838709677416
graph_082_mu_0_3_node_802,33,0.16287878787878787,0.0009137278810527104,0.4373905429071804,2.2862862862862863,0.04209891437956927,20.0,13.0,1.538461538461539,0.39393939393939387,0.08387096774193552,0.015384615384615387,0.24528301886792456,0.24570764731803066,0.12903225806451607
graph_082_mu_0_3_node_803,15,0.1619047619047619,0.00030168260000692663,0.3792710706150342,2.6366366366366365,0.008554490532542203,9.0,6.0,1.5,0.4000000000000001,0.07792207792207793,0.0065005417118093175,0.25,0.25019588638589607,0.11688311688311685
graph_082_mu_0_3_node_804,40,0.12802275960170698,0.0014490382096157672,0.4534725374489333,2.205205205205205,0.043241329655929694,23.0,17.0,1.352941176470588,0.4249999999999999,0.10967741935483866,0.020118343195266276,0.2698412698412698,0.27039658947671874,0.1419354838709677
graph_082_mu_0_3_node_805,33,0.1268939393939394,0.0012988611798959607,0.44638069705093836,2.24024024024024,0.036362132415009116,17.0,16.0,1.0625,0.48484848484848464,0.08602150537634408,0.019656019656019656,0.32,0.3205224660397074,0.09139784946236558
graph_082_mu_0_3_node_806,23,0.07905138339920949,0.0006292106555475534,0.4008828250401284,2.4944944944944947,0.013495051423682694,9.0,14.0,0.6428571428571429,0.608695652173913,0.20588235294117652,0.01502145922746781,0.4375,0.43795694888700326,0.1323529411764706
graph_082_mu_0_3_node_807,38,0.14935988620199148,0.0012280861943859817,0.4502027940513745,2.2212212212212212,0.04451491028518461,25.0,13.0,1.9230769230769231,0.34210526315789475,0.08387096774193552,0.015384615384615387,0.2063492063492064,0.2067739735441091,0.16129032258064516
graph_082_mu_0_3_node_808,19,0.10526315789473684,0.0007827257291796188,0.42169691853102576,2.3713713713713713,0.016795256485196117,7.0,12.0,0.5833333333333334,0.6315789473684211,0.8571428571428571,0.012170385395537525,0.4615384615384616,0.4619301064470776,0.5
graph_082_mu_0_3_node_809,70,0.09350307287093942,0.0047103404392295125,0.4847161572052402,2.063063063063063,0.06812779802217843,42.0,28.0,1.5,0.4000000000000001,0.15053763440860218,0.0343980343980344,0.25,0.25091545151376454,0.2204301075268816
graph_082_mu_0_3_node_810,16,0.10833333333333334,0.0004830917199920813,0.392226148409894,2.5495495495495497,0.011480706904333551,8.0,8.0,1.0,0.5,0.2051282051282052,0.008324661810613946,0.33333333333333326,0.3335944810776698,0.2051282051282052
graph_082_mu_0_3_node_811,102,0.08848484848484849,0.008457704675417947,0.5037821482602118,1.984984984984985,0.09027285718137847,69.0,33.0,2.09090909090909,0.3235294117647059,0.17741935483870966,0.040540540540540564,0.1929824561403509,0.19406311239342097,0.3655913978494623
graph_082_mu_0_3_node_812,59,0.14436002337814144,0.002947828032773532,0.4712264150943396,2.1221221221221223,0.06391109521785669,41.0,18.0,2.2777777777777777,0.30508474576271194,0.11612903225806454,0.021301775147928987,0.18,0.18058865851265613,0.2645161290322582
graph_082_mu_0_3_node_813,16,0.054945054945054944,0.00025316514487515784,0.37179010048381095,2.68968968968969,0.0057776536821397394,10.0,6.0,1.666666666666667,0.375,0.08823529411764702,0.006437768240343349,0.2307692307692308,0.23096512994645435,0.1323529411764706
graph_082_mu_0_3_node_814,21,0.1380952380952381,0.0006111309806565286,0.3919183993723029,2.5515515515515514,0.010183084536191133,10.0,11.0,0.9090909090909087,0.5238095238095238,0.27499999999999997,0.01145833333333333,0.3548387096774193,0.35519779954782044,0.25
graph_082_mu_0_3_node_815,34,0.0846774193548387,0.0015070376153180033,0.41625,2.4024024024024024,0.019244685781641235,15.0,19.0,0.7894736842105262,0.5588235294117646,0.8636363636363634,0.019427402862985686,0.38775510204081615,0.38837538867853627,0.6363636363636365
graph_082_mu_0_3_node_816,63,0.07731694828469023,0.004205074755296084,0.48005766458433446,2.083083083083083,0.05267862010266727,37.0,26.0,1.4230769230769231,0.4126984126984128,0.13978494623655904,0.03194103194103193,0.2599999999999999,0.26084983983787685,0.1989247311827957
graph_082_mu_0_3_node_817,37,0.1546218487394958,0.0013611515646142513,0.4375821287779238,2.285285285285285,0.038874042624489395,25.0,12.0,2.083333333333333,0.3243243243243245,0.06451612903225803,0.014742014742014746,0.19354838709677416,0.19394049270388436,0.12903225806451607
graph_082_mu_0_3_node_818,19,0.15789473684210525,0.00045150716219094234,0.4100985221674877,2.4384384384384385,0.01594714421801585,9.0,10.0,0.9000000000000002,0.5263157894736842,0.3125,0.010330578512396691,0.35714285714285704,0.3574692918232776,0.28125
graph_082_mu_0_3_node_819,15,0.05714285714285714,0.0003587489142822537,0.3679558011049724,2.7177177177177176,0.00591770453015324,6.0,9.0,0.6666666666666665,0.5999999999999998,0.2307692307692308,0.009365244536940686,0.42857142857142855,0.4288651718398118,0.1282051282051282
graph_082_mu_0_3_node_820,16,0.125,0.0003122165594988101,0.3967434471803018,2.5205205205205203,0.010653286887170666,7.0,9.0,0.777777777777778,0.5625,0.28125,0.009297520661157023,0.3913043478260869,0.3915981102701905,0.21875
graph_082_mu_0_3_node_821,21,0.10476190476190476,0.0005711459479632355,0.4034733441033926,2.4784784784784786,0.013326924361127335,9.0,12.0,0.75,0.5714285714285712,0.375,0.012396694214876035,0.4000000000000001,0.4003916960438698,0.28125
graph_082_mu_0_3_node_822,167,0.08617886178861789,0.022788935403822125,0.5376749192680301,1.85985985985986,0.14971616689338418,114.0,53.0,2.150943396226416,0.3173652694610779,0.34193548387096767,0.06272189349112425,0.18861209964412812,0.1903516867383612,0.7290322580645159
graph_082_mu_0_3_node_823,31,0.1053763440860215,0.0011860614734634908,0.42420382165605097,2.3573573573573574,0.021965354929971266,16.0,15.0,1.0666666666666664,0.4838709677419357,0.15625,0.016592920353982302,0.3191489361702127,0.3196387320885801,0.14583333333333334
graph_082_mu_0_3_node_824,19,0.07017543859649122,0.0004803088346248681,0.3967434471803018,2.5205205205205203,0.013384896074179416,5.0,14.0,0.35714285714285704,0.7368421052631577,0.3589743589743588,0.014568158168574402,0.5833333333333334,0.5837901629358917,0.1282051282051282
graph_082_mu_0_3_node_825,20,0.15789473684210525,0.0005727667048392741,0.41607663473552686,2.4034034034034035,0.02362283233921275,10.0,10.0,1.0,0.5,0.053763440860215034,0.012285012285012283,0.33333333333333326,0.33365978932706525,0.053763440860215034
graph_082_mu_0_3_node_826,25,0.17,0.0007675740851848197,0.42986230636833045,2.3263263263263263,0.027682428826005332,15.0,10.0,1.5,0.4000000000000001,0.053763440860215034,0.012285012285012283,0.25,0.2503265626020509,0.08064516129032258
graph_082_mu_0_3_node_827,184,0.0890049177341995,0.02798055462079821,0.543525571273123,1.83983983983984,0.16542209549289766,127.0,57.0,2.2280701754385963,0.3097826086956522,0.367741935483871,0.06745562130177517,0.18327974276527334,0.1851519713742403,0.8129032258064514
graph_082_mu_0_3_node_828,33,0.16098484848484848,0.0011802848818618114,0.440864960282436,2.2682682682682684,0.035372771904522295,21.0,12.0,1.75,0.36363636363636365,0.06451612903225803,0.014742014742014746,0.2222222222222223,0.2226142253582473,0.11290322580645155
graph_082_mu_0_3_node_829,31,0.18924731182795698,0.0009626555185944203,0.4637883008356546,2.156156156156156,0.04248999116826632,17.0,14.0,1.2142857142857142,0.4516129032258062,0.09032258064516129,0.016568047337278104,0.2916666666666667,0.2921238543095378,0.10967741935483866
graph_082_mu_0_3_node_830,28,0.17195767195767195,0.0006994483883687546,0.42857142857142855,2.3333333333333335,0.03391485909111327,18.0,10.0,1.8000000000000005,0.35714285714285704,0.06451612903225803,0.011834319526627222,0.2173913043478261,0.2177179309482965,0.11612903225806454
graph_082_mu_0_3_node_831,42,0.09523809523809523,0.0013957539367923815,0.4428191489361702,2.2582582582582584,0.04014335491224463,27.0,15.0,1.8000000000000005,0.35714285714285704,0.09677419354838708,0.017751479289940832,0.2173913043478261,0.21788145237252945,0.16774193548387104
graph_082_mu_0_3_node_832,71,0.12877263581488935,0.004230137686010643,0.47867752755150933,2.089089089089089,0.07332344738133066,48.0,23.0,2.08695652173913,0.323943661971831,0.14838709677419357,0.027218934911242606,0.1932773109243698,0.1940297071427609,0.30967741935483867
graph_082_mu_0_3_node_833,27,0.20512820512820512,0.0006908851324060831,0.4283876500857633,2.334334334334334,0.03538982245746455,18.0,9.0,2.0,0.33333333333333326,0.05806451612903227,0.010650887573964493,0.20000000000000004,0.20029397354238118,0.11612903225806454
graph_082_mu_0_3_node_834,21,0.1,0.0006620965196638873,0.3939274447949527,2.5385385385385386,0.010242247552960682,9.0,12.0,0.75,0.5714285714285712,0.23529411764705885,0.01264488935721813,0.4000000000000001,0.4003916960438698,0.17647058823529405
graph_082_mu_0_3_node_835,21,0.2619047619047619,0.0004967407375643327,0.4229466553767993,2.364364364364364,0.02935240961302591,16.0,5.0,3.2000000000000006,0.2380952380952381,0.026881720430107517,0.006142506142506141,0.13513513513513511,0.13529845376979135,0.08602150537634408
graph_082_mu_0_3_node_836,17,0.17647058823529413,0.0003103943697340964,0.408255006129955,2.4494494494494496,0.01597540553157698,8.0,9.0,0.8888888888888892,0.5294117647058824,0.09890109890109892,0.009900990099009901,0.36,0.36029378162232734,0.08791208791208788
graph_082_mu_0_3_node_837,17,0.2571428571428571,0.00021681362517199097,0.36314067611777534,2.7537537537537538,0.005642297366393769,12.0,5.0,2.399999999999999,0.29411764705882354,0.2631578947368421,0.00509683995922528,0.17241379310344834,0.1725770690724912,0.5789473684210529
graph_082_mu_0_3_node_838,105,0.0970873786407767,0.009848790632333803,0.5035282258064516,1.985985985985986,0.09561693293235314,66.0,39.0,1.6923076923076923,0.37142857142857155,0.2516129032258064,0.04615384615384618,0.22807017543859642,0.2293468129717399,0.4193548387096773
graph_082_mu_0_3_node_839,19,0.0935672514619883,0.0005304347001483096,0.41060419235511714,2.4354354354354353,0.017510153742101155,5.0,14.0,0.35714285714285704,0.7368421052631577,0.6363636363636365,0.01431492842535787,0.5833333333333334,0.5837901629358917,0.22727272727272718
graph_082_mu_0_3_node_840,38,0.15362731152204837,0.001472081514757973,0.44419742107603377,2.2512512512512513,0.04210754823437753,26.0,12.0,2.166666666666667,0.31578947368421056,0.06451612903225803,0.014742014742014746,0.1875,0.18789213123325277,0.13978494623655904
graph_082_mu_0_3_node_841,26,0.11692307692307692,0.0009339901861430893,0.4294926913155632,2.3283283283283285,0.0256926863934518,12.0,14.0,0.8571428571428571,0.5384615384615384,0.07526881720430109,0.0171990171990172,0.36842105263157887,0.3688780910228039,0.06451612903225803
graph_082_mu_0_3_node_842,21,0.0380952380952381,0.0007910727475302744,0.4138359569179785,2.4164164164164164,0.014091502106417879,7.0,14.0,0.5,0.6666666666666665,0.20588235294117652,0.01502145922746781,0.5,0.5004568892369949,0.029411764705882356
graph_082_mu_0_3_node_843,55,0.12053872053872054,0.0028297746481125052,0.47616777883698763,2.1001001001001,0.05794950784103348,32.0,23.0,1.3913043478260865,0.41818181818181804,0.14838709677419357,0.027218934911242606,0.26436781609195403,0.2651194255164827,0.2064516129032259
graph_082_mu_0_3_node_844,28,0.25925925925925924,0.0006901803961005709,0.42986230636833045,2.3263263263263263,0.03827946999095541,20.0,8.0,2.5,0.2857142857142856,0.05161290322580647,0.009467455621301775,0.16666666666666663,0.1669280191658499,0.12903225806451607
graph_082_mu_0_3_node_845,20,0.16842105263157894,0.0005283787217556983,0.4143508917461634,2.4134134134134135,0.01637904930917322,9.0,11.0,0.8181818181818182,0.5499999999999999,0.34375,0.011363636363636364,0.3793103448275863,0.37966941125487524,0.28125
graph_082_mu_0_3_node_846,45,0.1111111111111111,0.0022258270485206494,0.4495949594959496,2.224224224224224,0.04234885374233183,25.0,20.0,1.25,0.4444444444444446,0.12903225806451607,0.023668639053254444,0.2857142857142856,0.2863676242743275,0.16129032258064516
graph_082_mu_0_3_node_847,14,0.12087912087912088,0.000266336253888069,0.40314769975786924,2.4804804804804803,0.012927307219727752,3.0,11.0,0.2727272727272726,0.7857142857142859,0.34375,0.011363636363636364,0.6470588235294118,0.647417749362283,0.09375
graph_082_mu_0_3_node_848,26,0.15076923076923077,0.0007021049910556466,0.43378202344767697,2.305305305305305,0.0350458549293707,14.0,12.0,1.1666666666666667,0.4615384615384616,0.07741935483870967,0.014201183431952667,0.2999999999999999,0.30039182394044267,0.09032258064516129
graph_082_mu_0_3_node_849,94,0.09507883420926899,0.007989840851869935,0.506079027355623,1.975975975975976,0.08775663019652977,60.0,34.0,1.7647058823529418,0.3617021276595746,0.18279569892473116,0.04176904176904176,0.22077922077922085,0.22189193186705947,0.31720430107526887
graph_082_mu_0_3_node_850,25,0.10666666666666667,0.0008298769720789795,0.38992974238875877,2.5645645645645647,0.010523496287728338,13.0,12.0,1.0833333333333335,0.4800000000000002,0.375,0.012396694214876035,0.31578947368421056,0.31618127203865753,0.40625
graph_082_mu_0_3_node_851,30,0.09425287356321839,0.0010653804522582585,0.4373905429071804,2.2862862862862863,0.02405808915726684,13.0,17.0,0.7647058823529413,0.5666666666666665,0.22077922077922085,0.01841820151679307,0.3953488372093022,0.39590379428174055,0.16883116883116883
graph_082_mu_0_3_node_852,46,0.12077294685990338,0.002118868009582231,0.4588883785025264,2.179179179179179,0.0475955465463688,27.0,19.0,1.4210526315789476,0.4130434782608694,0.12258064516129032,0.022485207100591712,0.26027397260273977,0.26089474562851805,0.17419354838709683
graph_082_mu_0_3_node_853,31,0.15053763440860216,0.0009919795693130189,0.4447907390917186,2.2482482482482484,0.035617603548099355,17.0,14.0,1.2142857142857142,0.4516129032258062,0.07526881720430109,0.0171990171990172,0.2916666666666667,0.2921238543095378,0.09139784946236558
graph_082_mu_0_3_node_854,45,0.13636363636363635,0.0022721219470222065,0.4653004191895668,2.149149149149149,0.04816034435568647,27.0,18.0,1.5,0.4000000000000001,0.11612903225806454,0.021301775147928987,0.25,0.2505881199764751,0.17419354838709683
graph_082_mu_0_3_node_855,23,0.13043478260869565,0.0006345013781815863,0.421875,2.3703703703703702,0.027757904858212046,12.0,11.0,1.0909090909090904,0.4782608695652175,0.07096774193548384,0.013017751479289939,0.3142857142857142,0.3146448510515245,0.07741935483870967
graph_082_mu_0_3_node_856,35,0.12100840336134454,0.0014108796641286645,0.4276541095890411,2.3383383383383385,0.02188137032976666,23.0,12.0,1.9166666666666672,0.34285714285714275,0.13186813186813184,0.013201320132013196,0.20689655172413793,0.2072886060890098,0.25274725274725274
graph_082_mu_0_3_node_857,26,0.10153846153846154,0.0008630909216645375,0.4293081220455522,2.329329329329329,0.02698553787992114,13.0,13.0,1.0,0.5,0.06989247311827952,0.015970515970515964,0.33333333333333326,0.33375776769292725,0.06989247311827952
graph_082_mu_0_3_node_858,28,0.10317460317460317,0.0007320532637760585,0.4190436241610738,2.3863863863863863,0.02921863208107925,16.0,12.0,1.333333333333333,0.42857142857142855,0.07741935483870967,0.014201183431952667,0.2727272727272726,0.2731191478497337,0.10322580645161294
graph_082_mu_0_3_node_859,31,0.13793103448275862,0.0010831038259400282,0.4300473525613431,2.325325325325325,0.034363618653240405,17.0,14.0,1.2142857142857142,0.4516129032258062,0.09032258064516129,0.016568047337278104,0.2916666666666667,0.2921238543095378,0.10322580645161294
graph_082_mu_0_3_node_860,29,0.1748768472906404,0.001151833042987283,0.4393139841688654,2.2762762762762763,0.03595424730507713,16.0,13.0,1.2307692307692304,0.44827586206896536,0.08387096774193552,0.015384615384615387,0.2888888888888888,0.2893134064084003,0.10322580645161294
graph_082_mu_0_3_node_861,25,0.22666666666666666,0.000626882589500176,0.39595719381688466,2.5255255255255253,0.011612495465229838,18.0,7.0,2.5714285714285716,0.28000000000000014,0.13725490196078427,0.007376185458377236,0.1627906976744186,0.16301935870077994,0.3529411764705881
graph_082_mu_0_3_node_862,30,0.1310344827586207,0.0008490247800734984,0.43529411764705883,2.2972972972972974,0.03420301381433557,17.0,13.0,1.3076923076923077,0.43333333333333346,0.08387096774193552,0.015384615384615387,0.27659574468085113,0.2770202899275772,0.10322580645161294
graph_082_mu_0_3_node_863,26,0.1076923076923077,0.0007577644437823023,0.3997599039615846,2.5015015015015014,0.013242263234873125,15.0,11.0,1.3636363636363635,0.4230769230769231,0.21568627450980402,0.011591148577449946,0.26829268292682934,0.26865189005872364,0.27450980392156854
graph_082_mu_0_3_node_864,17,0.051470588235294115,0.0006073228457342125,0.40104375752709753,2.4934934934934936,0.012547912271693605,3.0,14.0,0.21428571428571427,0.8235294117647061,0.3589743589743588,0.014568158168574402,0.6999999999999998,0.7004567699836868,0.0769230769230769
graph_082_mu_0_3_node_865,25,0.07666666666666666,0.0008767798538453192,0.4028225806451613,2.4824824824824825,0.013466201706584574,10.0,15.0,0.6666666666666665,0.5999999999999998,0.29411764705882354,0.015806111696522657,0.42857142857142855,0.42906103264493456,0.19607843137254907
graph_082_mu_0_3_node_866,26,0.07384615384615385,0.0009163313255671985,0.4111111111111111,2.4324324324324325,0.01564922954032743,9.0,17.0,0.5294117647058824,0.6538461538461539,0.53125,0.01756198347107438,0.4857142857142857,0.4862690978940449,0.28125
graph_082_mu_0_3_node_867,17,0.27941176470588236,0.00022737366574335815,0.41469489414694893,2.4114114114114114,0.025846888721554332,13.0,4.0,3.25,0.23529411764705885,0.02150537634408602,0.004914004914004914,0.1333333333333333,0.13346396690616155,0.06989247311827952
graph_082_mu_0_3_node_868,83,0.0787037037037037,0.007253607190122697,0.4757142857142857,2.1021021021021022,0.039611151096805686,53.0,30.0,1.7666666666666662,0.3614457831325302,0.3296703296703296,0.03300330033003301,0.22058823529411772,0.22156971798730615,0.5714285714285712
graph_082_mu_0_3_node_869,27,0.1737891737891738,0.0006395068236965781,0.42893945899527697,2.3313313313313313,0.03421530156670289,15.0,12.0,1.25,0.4444444444444446,0.07741935483870967,0.014201183431952667,0.2857142857142856,0.2861061352440663,0.09677419354838708
graph_082_mu_0_3_node_870,31,0.11612903225806452,0.0014357886686754587,0.4528558476881233,2.2082082082082084,0.03566131685654751,14.0,17.0,0.8235294117647061,0.5483870967741937,0.09139784946236558,0.02088452088452088,0.3777777777777778,0.37833277108521135,0.07526881720430109
graph_082_mu_0_3_node_871,40,0.1782051282051282,0.001589355685307726,0.42223161453930685,2.3683683683683685,0.020515143215353467,27.0,13.0,2.076923076923077,0.3250000000000001,0.2549019607843137,0.013698630136986299,0.1940298507462686,0.19445467346448053,0.5294117647058824
graph_082_mu_0_3_node_872,19,0.1111111111111111,0.0006155889569834191,0.38393543428132204,2.6046046046046047,0.007996604315816438,8.0,11.0,0.7272727272727273,0.5789473684210529,0.5,0.011247443762781187,0.4074074074074074,0.40776645039464493,0.36363636363636365
graph_082_mu_0_3_node_873,27,0.07692307692307693,0.000952265534678833,0.40842191332788225,2.4484484484484486,0.013713340629184678,10.0,17.0,0.5882352941176471,0.6296296296296297,0.53125,0.01756198347107438,0.4594594594594596,0.46001430785529496,0.3125
graph_082_mu_0_3_node_874,25,0.12,0.0009827210740104956,0.4276541095890411,2.3383383383383385,0.01910113289076254,11.0,14.0,0.7857142857142859,0.5600000000000003,0.18181818181818182,0.015167930660888403,0.388888888888889,0.38934589744147746,0.1428571428571428
graph_082_mu_0_3_node_875,26,0.2,0.0006247252323933746,0.4373905429071804,2.2862862862862863,0.03560048618513749,18.0,8.0,2.25,0.3076923076923076,0.05161290322580647,0.009467455621301775,0.18181818181818182,0.18207950016926308,0.11612903225806454
graph_082_mu_0_3_node_876,23,0.20948616600790515,0.000544777591966518,0.4366258741258741,2.29029029029029,0.03280072767986979,14.0,9.0,1.555555555555556,0.3913043478260869,0.05806451612903227,0.010650887573964493,0.24324324324324328,0.24353713998752047,0.09032258064516129
graph_082_mu_0_3_node_877,22,0.15151515151515152,0.0005963300093564185,0.38735944164404806,2.5815815815815815,0.010064105204307908,11.0,11.0,1.0,0.5,0.27499999999999997,0.01145833333333333,0.33333333333333326,0.3336924466499081,0.27499999999999997
graph_082_mu_0_3_node_878,27,0.09686609686609686,0.0008432622377758403,0.4381578947368421,2.2822822822822824,0.02701550988435388,11.0,16.0,0.6875,0.5925925925925926,0.08602150537634408,0.019656019656019656,0.4210526315789473,0.4215748929707741,0.059139784946236534
graph_082_mu_0_3_node_879,23,0.11462450592885376,0.000794648166450783,0.4183417085427136,2.3903903903903903,0.015484354139629291,9.0,14.0,0.6428571428571429,0.608695652173913,0.1538461538461538,0.0154015401540154,0.4375,0.43795694888700326,0.09890109890109892
graph_082_mu_0_3_node_880,21,0.09047619047619047,0.0006050354909013985,0.40056134723336007,2.4964964964964964,0.013168366694656547,8.0,13.0,0.6153846153846152,0.6190476190476188,0.40625,0.013429752066115706,0.44827586206896536,0.4487001579010749,0.25
graph_082_mu_0_3_node_881,25,0.11666666666666667,0.0010818383701041566,0.4245643858903527,2.3553553553553552,0.019232023650058046,11.0,14.0,0.7857142857142859,0.5600000000000003,0.3499999999999999,0.014583333333333335,0.388888888888889,0.38934589744147746,0.27499999999999997
graph_082_mu_0_3_node_882,20,0.2578947368421053,0.0003402721603043565,0.4107730263157895,2.4344344344344346,0.028620375023463148,15.0,5.0,3.0,0.25,0.03225806451612902,0.005917159763313611,0.1428571428571428,0.14302045082330545,0.09677419354838708
graph_082_mu_0_3_node_883,29,0.1111111111111111,0.0010292109013676813,0.42802056555269924,2.3363363363363363,0.022016462876169266,13.0,16.0,0.8125,0.5517241379310346,0.3137254901960783,0.016859852476290824,0.3809523809523811,0.3814747105423521,0.23529411764705885
graph_082_mu_0_3_node_884,20,0.19473684210526315,0.000410191585501506,0.3925343811394892,2.5475475475475475,0.012350713983143394,13.0,7.0,1.8571428571428577,0.3499999999999999,0.07291666666666667,0.007743362831858405,0.21212121212121207,0.21234979847787214,0.13541666666666669
graph_082_mu_0_3_node_885,39,0.14564564564564564,0.0012537636214368963,0.4269230769230769,2.3423423423423424,0.024939305789512155,25.0,14.0,1.7857142857142854,0.3589743589743588,0.14583333333333334,0.01548672566371681,0.21875,0.21920742664836956,0.25
graph_082_mu_0_3_node_886,31,0.1053763440860215,0.0012504741109184189,0.43134715025906734,2.3183183183183185,0.022511620765800707,12.0,19.0,0.6315789473684211,0.6129032258064517,0.59375,0.019628099173553723,0.44186046511627897,0.4424806302760533,0.375
graph_082_mu_0_3_node_887,31,0.14193548387096774,0.0009977083985462524,0.4385425812115891,2.28028028028028,0.035691181380275425,19.0,12.0,1.583333333333333,0.3870967741935483,0.07741935483870967,0.014201183431952667,0.2400000000000001,0.2403919519205644,0.12258064516129032
graph_082_mu_0_3_node_888,26,0.07692307692307693,0.0013308230178638212,0.4263764404609475,2.3453453453453452,0.01754941580968928,10.0,16.0,0.625,0.6153846153846152,0.5,0.01652892561983471,0.4444444444444446,0.4449666717438765,0.3125
graph_082_mu_0_3_node_889,17,0.25735294117647056,0.00023140996585157417,0.3981666002391391,2.5115115115115114,0.01484875231919001,10.0,7.0,1.4285714285714282,0.41176470588235303,0.0769230769230769,0.0077007700770077,0.2592592592592592,0.25948780083750217,0.10989010989010993
graph_082_mu_0_3_node_890,19,0.16374269005847952,0.00048408027934986693,0.4190436241610738,2.3863863863863863,0.0241597165814743,11.0,8.0,1.375,0.4210526315789473,0.04301075268817204,0.009828009828009828,0.2666666666666666,0.26692786556963133,0.059139784946236534
graph_082_mu_0_3_node_891,24,0.11956521739130435,0.0008077972791885153,0.4122988031366075,2.4254254254254253,0.014538117550615987,10.0,14.0,0.7142857142857141,0.5833333333333334,0.27450980392156854,0.014752370916754472,0.41176470588235303,0.41222168460020125,0.19607843137254907
graph_082_mu_0_3_node_892,23,0.2766798418972332,0.00031960253366878694,0.421875,2.3703703703703702,0.03286341708636789,17.0,6.0,2.8333333333333335,0.26086956521739124,0.038709677419354833,0.007100591715976334,0.14999999999999994,0.15019598876331092,0.10967741935483866
graph_082_mu_0_3_node_893,24,0.14855072463768115,0.000749417005763928,0.4457831325301205,2.2432432432432434,0.03287391781761378,12.0,12.0,1.0,0.5,0.06451612903225803,0.014742014742014746,0.33333333333333326,0.3337251061051258,0.06451612903225803
graph_082_mu_0_3_node_894,19,0.10526315789473684,0.0005106864044416681,0.40104375752709753,2.4934934934934936,0.01333452187229405,7.0,12.0,0.5833333333333334,0.6315789473684211,0.2999999999999999,0.012500000000000002,0.4615384615384616,0.4619301064470776,0.17499999999999996
graph_082_mu_0_3_node_895,23,0.20553359683794467,0.0005696501271619669,0.4443950177935943,2.25025025025025,0.037042818064477775,12.0,11.0,1.0909090909090904,0.4782608695652175,0.07096774193548384,0.013017751479289939,0.3142857142857142,0.3146448510515245,0.07741935483870967
graph_082_mu_0_3_node_896,19,0.08823529411764706,0.0005558156751711917,0.376271186440678,2.6576576576576576,0.005753186373942921,10.0,9.0,1.1111111111111112,0.4736842105263158,0.2307692307692308,0.009365244536940686,0.31034482758620696,0.31063864757249526,0.2307692307692308
graph_082_mu_0_3_node_897,20,0.13157894736842105,0.000591969929255886,0.4107730263157895,2.4344344344344346,0.020873684804794825,11.0,9.0,1.2222222222222217,0.4500000000000001,0.04838709677419354,0.011056511056511056,0.29032258064516125,0.29061641981718783,0.059139784946236534
graph_082_mu_0_3_node_898,25,0.1,0.0009210855436661979,0.4056029232643118,2.4654654654654653,0.012829266799117776,13.0,12.0,1.0833333333333335,0.4800000000000002,0.13186813186813184,0.013201320132013196,0.31578947368421056,0.31618127203865753,0.1428571428571428
graph_082_mu_0_3_node_899,72,0.09194053208137715,0.005312853935322264,0.4694548872180451,2.13013013013013,0.03955321869585432,47.0,25.0,1.879999999999999,0.3472222222222222,0.2747252747252747,0.027502750275027507,0.2100840336134454,0.2109017485907129,0.5164835164835165
graph_082_mu_0_3_node_900,30,0.09885057471264368,0.0012583548942993695,0.39595719381688466,2.5255255255255253,0.011323485781574744,15.0,15.0,1.0,0.5,0.46875,0.015495867768595042,0.33333333333333326,0.3338230972671173,0.46875
graph_082_mu_0_3_node_901,24,0.09420289855072464,0.001034801434774212,0.4192194712547209,2.3853853853853852,0.018844609346328374,6.0,18.0,0.33333333333333326,0.75,0.9473684210526316,0.01834862385321101,0.5999999999999998,0.6005873140172279,0.2631578947368421
graph_082_mu_0_3_node_902,34,0.13368983957219252,0.0013188727148083245,0.4128099173553719,2.4224224224224224,0.01857442714325364,22.0,12.0,1.8333333333333328,0.3529411764705881,0.125,0.013274336283185835,0.21428571428571427,0.21467774303448917,0.2291666666666666
graph_082_mu_0_3_node_903,19,0.023391812865497075,0.0006426603261749317,0.4052738336713996,2.4674674674674675,0.012970750863988564,5.0,14.0,0.35714285714285704,0.7368421052631577,0.9333333333333335,0.01421319796954315,0.5833333333333334,0.5837901629358917,0.20000000000000004
graph_082_mu_0_3_node_904,15,0.06666666666666667,0.00031024057055371363,0.37955927051671734,2.6346346346346348,0.007459565521489906,6.0,9.0,0.6666666666666665,0.5999999999999998,0.09890109890109892,0.009900990099009901,0.42857142857142855,0.4288651718398118,0.054945054945054965
graph_082_mu_0_3_node_905,19,0.058823529411764705,0.0005919681313788413,0.39423835832675613,2.5365365365365364,0.010624759512857497,9.0,10.0,0.9000000000000002,0.5263157894736842,0.2564102564102564,0.010405827263267432,0.35714285714285704,0.3574692918232776,0.2051282051282052
graph_082_mu_0_3_node_906,16,0.11666666666666667,0.00027705591793346926,0.3842307692307692,2.6026026026026026,0.010463975313865684,6.0,10.0,0.5999999999999998,0.625,0.3125,0.010330578512396691,0.45454545454545436,0.45487182530263487,0.1875
graph_082_mu_0_3_node_907,27,0.301994301994302,0.0004938787044766911,0.42223161453930685,2.3683683683683685,0.03730408577082489,22.0,5.0,4.3999999999999995,0.18518518518518517,0.03225806451612902,0.005917159763313611,0.10204081632653059,0.10220419900143177,0.1419354838709677
graph_082_mu_0_3_node_908,20,0.15263157894736842,0.0004924942438300177,0.38482280431432975,2.5985985985985987,0.008702024890310208,12.0,8.0,1.5,0.4000000000000001,0.15686274509803916,0.008429926238145412,0.25,0.2502612159602951,0.23529411764705885
graph_082_mu_0_3_node_909,42,0.1173054587688734,0.001967773643441733,0.4465802413947251,2.239239239239239,0.026192241137559334,26.0,16.0,1.625,0.3809523809523811,0.16666666666666663,0.017699115044247787,0.23529411764705885,0.23581689095948113,0.27083333333333337
graph_082_mu_0_3_node_910,53,0.10957910014513789,0.002614541791745084,0.45783684692942256,2.184184184184184,0.048094952712047376,35.0,18.0,1.944444444444444,0.33962264150943405,0.09677419354838708,0.022113022113022112,0.20454545454545456,0.20513388213617045,0.18817204301075263
graph_082_mu_0_3_node_911,13,0.20512820512820512,0.00013283716132907986,0.38886726352666406,2.5715715715715715,0.010174169551175938,9.0,4.0,2.25,0.3076923076923076,0.04395604395604394,0.004400440044004401,0.18181818181818182,0.18194878126966416,0.09890109890109892
graph_082_mu_0_3_node_912,41,0.14268292682926828,0.0017132032300416495,0.45491803278688525,2.1981981981981984,0.04481789111997811,25.0,16.0,1.5625,0.39024390243902446,0.08602150537634408,0.019656019656019656,0.24242424242424232,0.242946981577405,0.13440860215053754
graph_082_mu_0_3_node_913,15,0.13333333333333333,0.0003522080152050568,0.4124690338563171,2.4244244244244246,0.014675521354542415,5.0,10.0,0.5,0.6666666666666665,0.10989010989010993,0.011001100110011004,0.5,0.5003263494549967,0.054945054945054965
graph_082_mu_0_3_node_914,25,0.17,0.0006733610361650234,0.43681679055531264,2.289289289289289,0.03146506989324319,14.0,11.0,1.272727272727273,0.4400000000000001,0.059139784946236534,0.013513513513513516,0.282051282051282,0.28241046572475137,0.07526881720430109
graph_082_mu_0_3_node_915,21,0.2761904761904762,0.00038264797716743113,0.4153846153846154,2.4074074074074074,0.0289651233907918,15.0,6.0,2.5,0.2857142857142856,0.038709677419354833,0.007100591715976334,0.16666666666666663,0.16686262982559277,0.09677419354838708
graph_082_mu_0_3_node_916,24,0.07246376811594203,0.0006976492893250732,0.415211970074813,2.4084084084084085,0.01800350184971994,11.0,13.0,0.8461538461538461,0.5416666666666667,0.13541666666666669,0.014380530973451324,0.37142857142857155,0.3718529503663184,0.1145833333333333
graph_082_mu_0_3_node_917,24,0.10507246376811594,0.0007053192451035535,0.42875536480686693,2.3323323323323324,0.02525721297367489,12.0,12.0,1.0,0.5,0.06451612903225803,0.014742014742014746,0.33333333333333326,0.3337251061051258,0.059139784946236534
graph_082_mu_0_3_node_918,42,0.1440185830429733,0.0015501964089957231,0.42420382165605097,2.3573573573573574,0.025040170005844502,28.0,14.0,2.0,0.33333333333333326,0.14583333333333334,0.01548672566371681,0.20000000000000004,0.20045751633986922,0.2916666666666667
graph_082_mu_0_3_node_919,18,0.0784313725490196,0.0004752615313585204,0.4114497528830313,2.4304304304304303,0.016330525039684993,3.0,15.0,0.20000000000000004,0.8333333333333335,0.8333333333333335,0.01527494908350305,0.7142857142857141,0.714775094730072,0.16666666666666663
graph_082_mu_0_3_node_920,26,0.12615384615384614,0.0008105453276427702,0.399919935948759,2.5005005005005003,0.016169591003805873,15.0,11.0,1.3636363636363635,0.4230769230769231,0.1145833333333333,0.012168141592920354,0.26829268292682934,0.26865189005872364,0.15625
graph_082_mu_0_3_node_921,24,0.08333333333333333,0.0009768926408525566,0.3951740506329114,2.5305305305305303,0.00966490729472016,9.0,15.0,0.5999999999999998,0.625,0.8333333333333335,0.01527494908350305,0.45454545454545436,0.45503502665942697,0.5
graph_082_mu_0_3_node_922,54,0.07337526205450734,0.00334202132681673,0.4455842997323818,2.244244244244244,0.027124921939925717,33.0,21.0,1.5714285714285718,0.388888888888889,0.2307692307692308,0.0231023102310231,0.2413793103448275,0.242065652143043,0.3626373626373625
graph_082_mu_0_3_node_923,30,0.16091954022988506,0.000998013291903147,0.427105600684053,2.3413413413413413,0.03234280612786378,18.0,12.0,1.5,0.4000000000000001,0.07741935483870967,0.014201183431952667,0.25,0.25039192631785223,0.11612903225806454
graph_082_mu_0_3_node_924,25,0.14,0.0007534730286538335,0.436435124508519,2.2912912912912913,0.02848610372647177,14.0,11.0,1.272727272727273,0.4400000000000001,0.059139784946236534,0.013513513513513516,0.282051282051282,0.28241046572475137,0.07526881720430109
graph_082_mu_0_3_node_925,30,0.10804597701149425,0.001109203886866571,0.43246753246753245,2.3123123123123124,0.021373297142650016,15.0,15.0,1.0,0.5,0.15625,0.016592920353982302,0.33333333333333326,0.3338230972671173,0.15625
graph_082_mu_0_3_node_926,16,0.08333333333333333,0.00034126494131081264,0.39423835832675613,2.5365365365365364,0.010215129329471278,6.0,10.0,0.5999999999999998,0.625,0.10989010989010993,0.011001100110011004,0.45454545454545436,0.45487182530263487,0.06593406593406592
graph_082_mu_0_3_node_927,16,0.19166666666666668,0.00038967872359982694,0.39361702127659576,2.5405405405405403,0.01084139381385472,8.0,8.0,1.0,0.5,0.08791208791208788,0.008800880088008802,0.33333333333333326,0.3335944810776698,0.08791208791208788
graph_082_mu_0_3_node_928,31,0.09462365591397849,0.0017056502016275076,0.4296774193548387,2.3273273273273274,0.01762275501535209,14.0,17.0,0.8235294117647061,0.5483870967741937,0.8947368421052634,0.01732925586136596,0.3777777777777778,0.37833277108521135,0.7368421052631577
graph_082_mu_0_3_node_929,27,0.10256410256410256,0.0008509911950165736,0.4247448979591837,2.354354354354354,0.020566728746242498,10.0,17.0,0.5882352941176471,0.6296296296296297,0.22077922077922085,0.01841820151679307,0.4594594594594596,0.46001430785529496,0.12987012987012989
graph_082_mu_0_3_node_930,22,0.11255411255411256,0.0006777573624602706,0.43989431968295906,2.2732732732732734,0.022708305525135572,5.0,17.0,0.29411764705882354,0.7727272727272727,0.53125,0.01756198347107438,0.6296296296296297,0.6301842969923496,0.15625
graph_082_mu_0_3_node_931,20,0.33157894736842103,0.00022825182187862037,0.43134715025906734,2.3183183183183185,0.034364861447105495,16.0,4.0,4.0,0.20000000000000004,0.02150537634408602,0.004914004914004914,0.11111111111111115,0.11124177028665172,0.08602150537634408
graph_082_mu_0_3_node_932,32,0.12903225806451613,0.001182553135871974,0.4532667876588022,2.206206206206206,0.03432444421781581,17.0,15.0,1.133333333333333,0.46875,0.08064516129032258,0.018427518427518434,0.3061224489795918,0.30661227688672044,0.09139784946236558
graph_082_mu_0_3_node_933,18,0.11764705882352941,0.00048202052009006574,0.4157303370786517,2.4054054054054053,0.019867884803914306,7.0,11.0,0.6363636363636365,0.6111111111111108,0.059139784946236534,0.013513513513513516,0.4400000000000001,0.4403590195502464,0.037634408602150546
graph_082_mu_0_3_node_934,31,0.13118279569892474,0.000997455414709783,0.40775510204081633,2.4524524524524525,0.017642727019992106,19.0,12.0,1.583333333333333,0.3870967741935483,0.125,0.013274336283185835,0.2400000000000001,0.2403919519205644,0.19791666666666663
graph_082_mu_0_3_node_935,80,0.09746835443037975,0.00598844882202192,0.4712264150943396,2.1221221221221223,0.04752834147086988,51.0,29.0,1.7586206896551717,0.3624999999999999,0.31868131868131855,0.031903190319031896,0.22137404580152661,0.22232271929428074,0.5604395604395604
graph_082_mu_0_3_node_936,29,0.0960591133004926,0.001196426949527752,0.4453856442264824,2.245245245245245,0.02541645199026155,10.0,19.0,0.5263157894736842,0.6551724137931033,0.3725490196078432,0.020021074815595362,0.48717948717948717,0.4877995713803945,0.19607843137254907
graph_082_mu_0_3_node_937,23,0.1761904761904762,0.0003946236429251142,0.43097497842968074,2.32032032032032,0.03228885309977688,12.0,11.0,1.0909090909090904,0.4782608695652175,0.07096774193548384,0.013017751479289939,0.3142857142857142,0.3146448510515245,0.07096774193548384
graph_082_mu_0_3_node_938,43,0.10365853658536585,0.002105417047149799,0.43434782608695655,2.3023023023023024,0.02503531194868867,23.0,20.0,1.15,0.4651162790697675,0.25974025974025977,0.021668472372697718,0.30303030303030304,0.3036835562312437,0.2857142857142856
graph_082_mu_0_3_node_939,25,0.13666666666666666,0.0006956235294483857,0.41799163179916315,2.3923923923923924,0.018174646877575293,13.0,12.0,1.0833333333333335,0.4800000000000002,0.125,0.013274336283185835,0.31578947368421056,0.31618127203865753,0.13541666666666669
graph_082_mu_0_3_node_940,29,0.10344827586206896,0.0009381164975350213,0.4307891332470893,2.3213213213213213,0.023771728579439426,12.0,17.0,0.7058823529411762,0.5862068965517241,0.18681318681318687,0.01870187018701869,0.41463414634146356,0.41518906718363735,0.13186813186813184
graph_082_mu_0_3_node_941,31,0.13118279569892474,0.0010470444116349768,0.43060344827586206,2.3223223223223224,0.025204729046640645,15.0,16.0,0.9375,0.5161290322580643,0.17582417582417575,0.017601760176017604,0.3478260869565216,0.3483484847624511,0.1648351648351648
graph_082_mu_0_3_node_942,19,0.29239766081871343,0.0003900288242570005,0.4143508917461634,2.4134134134134135,0.02828489315116733,12.0,7.0,1.7142857142857142,0.36842105263157887,0.04516129032258064,0.008284023668639052,0.2258064516129031,0.22603502304147463,0.07741935483870967
graph_082_mu_0_3_node_943,37,0.12312312312312312,0.0014172336359904978,0.4381578947368421,2.2822822822822824,0.028491114143555287,21.0,16.0,1.3125,0.4324324324324325,0.16666666666666663,0.017699115044247787,0.2758620689655173,0.27638467152626983,0.21875
graph_082_mu_0_3_node_944,25,0.13666666666666666,0.0006908723829830001,0.4300473525613431,2.325325325325325,0.028811827714810084,14.0,11.0,1.272727272727273,0.4400000000000001,0.059139784946236534,0.013513513513513516,0.282051282051282,0.28241046572475137,0.07526881720430109
graph_082_mu_0_3_node_945,24,0.11594202898550725,0.0007044182425428989,0.4383501535761299,2.2812812812812813,0.02997146617566372,12.0,12.0,1.0,0.5,0.06451612903225803,0.014742014742014746,0.33333333333333326,0.3337251061051258,0.06451612903225803
graph_082_mu_0_3_node_946,21,0.08095238095238096,0.0006666662169249107,0.384526558891455,2.6006006006006004,0.009171327355065139,8.0,13.0,0.6153846153846152,0.6190476190476188,0.40625,0.013429752066115706,0.44827586206896536,0.4487001579010749,0.21875
graph_082_mu_0_3_node_947,35,0.08403361344537816,0.0016419849703928908,0.41607663473552686,2.4034034034034035,0.016241224743307504,17.0,18.0,0.9444444444444444,0.5142857142857142,0.2337662337662337,0.01950162513542795,0.34615384615384615,0.34674158206451017,0.22077922077922085
graph_082_mu_0_3_node_948,23,0.20553359683794467,0.0006143710928783471,0.4215189873417722,2.3723723723723724,0.029325618762903186,13.0,10.0,1.3000000000000005,0.4347826086956522,0.06451612903225803,0.011834319526627222,0.2777777777777778,0.27810429772814677,0.08387096774193552
graph_082_mu_0_3_node_949,18,0.19607843137254902,0.0003784956824087687,0.42564976565828716,2.349349349349349,0.023089206353309452,11.0,7.0,1.5714285714285718,0.388888888888889,0.037634408602150546,0.0085995085995086,0.2413793103448275,0.24160786684725996,0.059139784946236534
graph_082_mu_0_3_node_950,20,0.15789473684210525,0.00045323732833254794,0.41799163179916315,2.3923923923923924,0.023173850914542098,12.0,8.0,1.5,0.4000000000000001,0.05161290322580647,0.009467455621301775,0.25,0.2502612159602951,0.07741935483870967
graph_082_mu_0_3_node_951,25,0.12333333333333334,0.0006487444978582861,0.44008810572687224,2.2722722722722724,0.03154894163707672,11.0,14.0,0.7857142857142859,0.5600000000000003,0.07526881720430109,0.0171990171990172,0.388888888888889,0.38934589744147746,0.059139784946236534
graph_082_mu_0_3_node_952,25,0.15666666666666668,0.0006185815957110171,0.4215189873417722,2.3723723723723724,0.02820984644751996,17.0,8.0,2.125,0.32,0.04301075268817204,0.009828009828009828,0.19047619047619055,0.19073749175656668,0.09139784946236558
graph_082_mu_0_3_node_953,19,0.21052631578947367,0.0003910294016787579,0.4249255635899617,2.3533533533533535,0.02729126750271408,12.0,7.0,1.7142857142857142,0.36842105263157887,0.037634408602150546,0.0085995085995086,0.2258064516129031,0.22603502304147463,0.06451612903225803
graph_082_mu_0_3_node_954,28,0.13756613756613756,0.001069665059606163,0.41957160856782866,2.3833833833833835,0.018315343204753677,14.0,14.0,1.0,0.5,0.4375,0.014462809917355378,0.33333333333333326,0.3337904314135213,0.4375
graph_082_mu_0_3_node_955,21,0.06666666666666667,0.0007500821085997063,0.390539483971853,2.5605605605605604,0.00970149672883545,8.0,13.0,0.6153846153846152,0.6190476190476188,0.722222222222222,0.013238289205702643,0.44827586206896536,0.4487001579010749,0.4444444444444446
graph_082_mu_0_3_node_956,13,0.0641025641025641,0.00023119768964824337,0.39176470588235296,2.5525525525525525,0.012467438015374215,2.0,11.0,0.18181818181818182,0.8461538461538461,0.7857142857142859,0.011156186612576061,0.7333333333333332,0.7336922357445048,0.1428571428571428
graph_082_mu_0_3_node_957,21,0.08095238095238096,0.000694198512630819,0.3994402239104358,2.5035035035035036,0.011627003426918268,7.0,14.0,0.5,0.6666666666666665,0.7368421052631577,0.014271151885830781,0.5,0.5004568892369949,0.36842105263157887
graph_082_mu_0_3_node_958,21,0.09047619047619047,0.0007048264465047468,0.4033104561970125,2.4794794794794797,0.013846936246128348,8.0,13.0,0.6153846153846152,0.6190476190476188,0.3250000000000001,0.01354166666666667,0.44827586206896536,0.4487001579010749,0.20000000000000004
graph_082_mu_0_3_node_959,15,0.1619047619047619,0.0003248005039913368,0.39564356435643566,2.5275275275275275,0.010002250660630253,9.0,6.0,1.5,0.4000000000000001,0.07792207792207793,0.0065005417118093175,0.25,0.25019588638589607,0.11688311688311685
graph_082_mu_0_3_node_960,37,0.1021021021021021,0.0019374480448221556,0.4197478991596639,2.3823823823823824,0.017352464200237377,16.0,21.0,0.7619047619047622,0.5675675675675675,0.65625,0.021694214876033065,0.3962264150943397,0.39691199506234587,0.5
graph_082_mu_0_3_node_961,18,0.13071895424836602,0.00043827562528897046,0.3882627283326856,2.5755755755755754,0.00932876293736474,10.0,8.0,1.25,0.4444444444444446,0.1038961038961039,0.00866738894907909,0.2857142857142856,0.28597546756214726,0.12987012987012989
graph_082_mu_0_3_node_962,21,0.3333333333333333,0.0002282959163343938,0.42402376910016976,2.3583583583583585,0.03525521577861103,17.0,4.0,4.25,0.19047619047619055,0.025806451612903236,0.004733727810650888,0.10526315789473682,0.1053938256067452,0.10967741935483866
graph_082_mu_0_3_node_963,25,0.1383399209486166,0.000565516916475328,0.4227676682183665,2.3653653653653652,0.025068120852554644,14.0,11.0,1.272727272727273,0.4400000000000001,0.059139784946236534,0.013513513513513516,0.282051282051282,0.28241046572475137,0.06989247311827952
graph_082_mu_0_3_node_964,20,0.13157894736842105,0.0004761269447884017,0.42619453924914674,2.3463463463463463,0.01782992885007622,8.0,12.0,0.6666666666666665,0.5999999999999998,0.15584415584415587,0.013001083423618635,0.42857142857142855,0.42896309904600277,0.1038961038961039
graph_082_mu_0_3_node_965,38,0.09246088193456614,0.0015396485517603091,0.4247448979591837,2.354354354354354,0.021506342959719923,22.0,16.0,1.375,0.4210526315789473,0.17582417582417575,0.017601760176017604,0.2666666666666666,0.26718930336882896,0.24175824175824176
graph_082_mu_0_3_node_966,47,0.1211840888066605,0.002302588698398148,0.46551724137931033,2.1481481481481484,0.050338107291064416,27.0,20.0,1.3500000000000003,0.4255319148936172,0.12903225806451607,0.023668639053254444,0.27027027027027023,0.2709236942117236,0.17419354838709683
graph_082_mu_0_3_node_967,18,0.13071895424836602,0.0004273992768378122,0.4059325477448192,2.4634634634634636,0.017143128838709863,6.0,12.0,0.5,0.6666666666666665,0.2999999999999999,0.012500000000000002,0.5,0.5003916193459956,0.14999999999999994
graph_082_mu_0_3_node_968,100,0.09867452135493372,0.00878463941021854,0.504800404244568,1.980980980980981,0.09556506892641965,61.0,39.0,1.5641025641025648,0.39,0.2516129032258064,0.04615384615384618,0.2422360248447206,0.24351224461630985,0.3870967741935483
graph_082_mu_0_3_node_969,15,0.11428571428571428,0.0003449737057607325,0.38992974238875877,2.5645645645645647,0.01084348327084375,7.0,8.0,0.875,0.5333333333333332,0.4444444444444446,0.00814663951120163,0.36363636363636365,0.363897494332277,0.2777777777777778
graph_082_mu_0_3_node_970,50,0.09877551020408164,0.0031949784322324844,0.46036866359447004,2.1721721721721723,0.04579233137838313,28.0,22.0,1.272727272727273,0.4400000000000001,0.11827956989247307,0.027027027027027032,0.282051282051282,0.28277004838688047,0.15053763440860218
graph_082_mu_0_3_node_971,17,0.22058823529411764,0.0002142689574007388,0.41332230037236245,2.4194194194194196,0.017124303693338012,11.0,6.0,1.8333333333333328,0.3529411764705881,0.06593406593406592,0.006600660066006598,0.21428571428571427,0.21448162625593564,0.12087912087912088
graph_082_mu_0_3_node_972,19,0.1111111111111111,0.00039780903930539927,0.4085889570552147,2.4474474474474475,0.015517454459935433,8.0,11.0,0.7272727272727273,0.5789473684210529,0.1428571428571428,0.011917659804983743,0.4074074074074074,0.40776645039464493,0.1038961038961039
graph_082_mu_0_3_node_973,46,0.14009661835748793,0.0022742058484075574,0.452445652173913,2.21021021021021,0.04964868211185471,27.0,19.0,1.4210526315789476,0.4130434782608694,0.12258064516129032,0.022485207100591712,0.26027397260273977,0.26089474562851805,0.17419354838709683
graph_082_mu_0_3_node_974,18,0.13071895424836602,0.0004963261186163479,0.3906922174423152,2.5595595595595597,0.008493838606549037,10.0,8.0,1.25,0.4444444444444446,0.20000000000000004,0.008333333333333331,0.2857142857142856,0.28597546756214726,0.25
graph_082_mu_0_3_node_975,29,0.10344827586206896,0.0010891213630880672,0.4278372591006424,2.3373373373373374,0.02299903812662896,12.0,17.0,0.7058823529411762,0.5862068965517241,0.22077922077922085,0.01841820151679307,0.41463414634146356,0.41518906718363735,0.15584415584415587
graph_082_mu_0_3_node_976,22,0.16883116883116883,0.0003947061427049269,0.43134715025906734,2.3183183183183185,0.03204029431180522,14.0,8.0,1.75,0.36363636363636365,0.04301075268817204,0.009828009828009828,0.2222222222222223,0.2224834723038628,0.07526881720430109
graph_082_mu_0_3_node_977,36,0.10952380952380952,0.0013625616255003535,0.43134715025906734,2.3183183183183185,0.025980562669466137,20.0,16.0,1.25,0.4444444444444446,0.16666666666666663,0.017699115044247787,0.2857142857142856,0.28623685413808875,0.20833333333333337
graph_082_mu_0_3_node_978,18,0.05228758169934641,0.0005366148788422755,0.39595719381688466,2.5255255255255253,0.010423241861446893,4.0,14.0,0.2857142857142856,0.777777777777778,0.777777777777778,0.014256619144602854,0.6363636363636365,0.6368204361548137,0.2222222222222223
graph_082_mu_0_3_node_979,36,0.1619047619047619,0.001511676212557007,0.45846718678292797,2.181181181181181,0.04344419256519654,22.0,14.0,1.5714285714285718,0.388888888888889,0.09032258064516129,0.016568047337278104,0.2413793103448275,0.24183664733685684,0.1419354838709677
graph_082_mu_0_3_node_980,19,0.1871345029239766,0.0002813293466181616,0.4377738825591586,2.284284284284284,0.03058985836140448,13.0,6.0,2.166666666666667,0.31578947368421056,0.03225806451612902,0.007371007371007373,0.1875,0.18769593756123054,0.06989247311827952
graph_082_mu_0_3_node_981,20,0.14736842105263157,0.0004888890883536242,0.4141791044776119,2.4144144144144146,0.024428912095606513,10.0,10.0,1.0,0.5,0.06451612903225803,0.011834319526627222,0.33333333333333326,0.33365978932706525,0.06451612903225803
graph_082_mu_0_3_node_982,29,0.11822660098522167,0.0011230156336547745,0.42528735632183906,2.3513513513513513,0.020219024421265813,14.0,15.0,0.9333333333333335,0.5172413793103449,0.1948051948051948,0.016251354279523293,0.34883720930232553,0.3493269412557032,0.18181818181818182
graph_082_mu_0_3_node_983,30,0.12873563218390804,0.000823023706666307,0.43873517786561267,2.279279279279279,0.033370026391587586,17.0,13.0,1.3076923076923077,0.43333333333333346,0.06989247311827952,0.015970515970515964,0.27659574468085113,0.2770202899275772,0.09139784946236558
graph_082_mu_0_3_node_984,21,0.12857142857142856,0.00045360033320903124,0.41263940520446096,2.4234234234234235,0.018077872086939912,10.0,11.0,0.9090909090909087,0.5238095238095238,0.12087912087912088,0.012101210121012097,0.3548387096774193,0.35519779954782044,0.10989010989010993
graph_082_mu_0_3_node_985,30,0.07586206896551724,0.0010404760048943968,0.41128036228900783,2.4314314314314314,0.01702089201686724,15.0,15.0,1.0,0.5,0.15625,0.016592920353982302,0.33333333333333326,0.3338230972671173,0.13541666666666669
graph_082_mu_0_3_node_986,15,0.18095238095238095,0.00034966347986561036,0.38901869158878505,2.5705705705705704,0.009488932151790676,8.0,7.0,1.1428571428571423,0.46666666666666673,0.09090909090909091,0.007583965330444201,0.3043478260869565,0.3045763378226664,0.1038961038961039
graph_082_mu_0_3_node_987,28,0.09523809523809523,0.0008345255827956759,0.41400745959386653,2.4154154154154153,0.018015905293189496,16.0,12.0,1.333333333333333,0.42857142857142855,0.125,0.013274336283185835,0.2727272727272726,0.2731191478497337,0.16666666666666663
graph_082_mu_0_3_node_988,34,0.1140819964349376,0.001575116984874984,0.4475806451612903,2.234234234234234,0.028146714816296818,18.0,16.0,1.125,0.4705882352941177,0.16666666666666663,0.017699115044247787,0.3076923076923076,0.308214807855589,0.1875
graph_082_mu_0_3_node_989,23,0.18181818181818182,0.000500144843038068,0.42564976565828716,2.349349349349349,0.029227010027107744,15.0,8.0,1.875,0.3478260869565216,0.04301075268817204,0.009828009828009828,0.21052631578947364,0.2107875829351302,0.08064516129032258
graph_082_mu_0_3_node_990,20,0.09473684210526316,0.0004936787503793713,0.39611419508326723,2.5245245245245247,0.012320183361863402,11.0,9.0,1.2222222222222217,0.4500000000000001,0.09375,0.009955752212389377,0.29032258064516125,0.29061641981718783,0.1145833333333333
graph_082_mu_0_3_node_991,84,0.12105565117613311,0.00661212285911533,0.49529003470500743,2.019019019019019,0.08202668040315182,57.0,27.0,2.111111111111111,0.32142857142857145,0.17419354838709683,0.031952662721893496,0.19148936170212763,0.1923730141321718,0.367741935483871
graph_082_mu_0_3_node_992,19,0.08187134502923976,0.0003933293186709904,0.3994402239104358,2.5035035035035036,0.012702552107127922,10.0,9.0,1.1111111111111112,0.4736842105263158,0.09375,0.009955752212389377,0.31034482758620696,0.31063864757249526,0.09375
graph_082_mu_0_3_node_993,23,0.1067193675889328,0.0005571638138258433,0.432842287694974,2.31031031031031,0.028059816869855463,11.0,12.0,0.9166666666666664,0.5217391304347825,0.07741935483870967,0.014201183431952667,0.3529411764705881,0.3533329236630669,0.06451612903225803
graph_082_mu_0_3_node_994,21,0.11428571428571428,0.0005230623589500148,0.4185169669040637,2.3893893893893896,0.016948792993128292,8.0,13.0,0.6153846153846152,0.6190476190476188,0.1428571428571428,0.0143014301430143,0.44827586206896536,0.4487001579010749,0.08791208791208788
graph_082_mu_0_3_node_995,66,0.11468531468531469,0.0044389394964232075,0.4679156908665105,2.1371371371371373,0.04196128921866608,42.0,24.0,1.75,0.36363636363636365,0.25,0.02654867256637167,0.2222222222222223,0.223006997580276,0.4375
graph_082_mu_0_3_node_996,106,0.08756534727408513,0.012312644344031641,0.4847161572052402,2.063063063063063,0.045708919192249356,71.0,35.0,2.0285714285714285,0.33018867924528295,0.45454545454545436,0.03791982665222103,0.19774011299435032,0.19888633863705532,0.9090909090909087
graph_082_mu_0_3_node_997,20,0.12105263157894737,0.0005935592382872173,0.42528735632183906,2.3513513513513513,0.018895726660213042,7.0,13.0,0.5384615384615384,0.6500000000000002,0.16883116883116883,0.014084507042253523,0.4814814814814816,0.4819057496189442,0.09090909090909091
graph_082_mu_0_3_node_998,16,0.14166666666666666,0.00027512954663646953,0.3870592793490895,2.5835835835835836,0.009988892271426755,9.0,7.0,1.2857142857142858,0.4375,0.09090909090909091,0.007583965330444201,0.28000000000000014,0.2802285266560021,0.11688311688311685
graph_082_mu_0_3_node_999,22,0.15151515151515152,0.0003685228792364456,0.3951740506329114,2.5305305305305303,0.013569004257750678,17.0,5.0,3.399999999999999,0.22727272727272718,0.05208333333333334,0.005530973451327433,0.1282051282051282,0.128368457509672,0.15625
