,Degree,Clustering Coefficient,Betweenness,Closeness,Shortest Path,Eigenvector,E In,E Out,E In Over E Out,ODF,Expansion,Cut Ratio,Conductance,Normalised Cut,Triangle Participation
graph_084_mu_0_4_node_0,21,0.1286549707602339,0.0007294070826565182,0.37955927051671734,2.6346346346346348,0.017138458210257328,9.0,12.0,0.75,0.5714285714285712,0.6666666666666665,0.012219959266802444,0.4000000000000001,0.4004460634897036,0.4444444444444446
graph_084_mu_0_4_node_1,33,0.03409090909090909,0.002151355574018671,0.41400745959386653,2.4154154154154153,0.03714470620272945,10.0,23.0,0.4347826086956522,0.6969696969696971,0.7931034482758619,0.023686920700308964,0.5348837209302326,0.5357383900246548,0.31034482758620696
graph_084_mu_0_4_node_2,30,0.19047619047619047,0.001165268470178983,0.40758873929008566,2.4534534534534536,0.040942914544680964,17.0,13.0,1.3076923076923077,0.43333333333333346,0.40625,0.013429752066115706,0.27659574468085113,0.2770792497204612,0.5
graph_084_mu_0_4_node_3,29,0.0812807881773399,0.0016011994515912032,0.4085889570552147,2.4474474474474475,0.031487899630600356,11.0,18.0,0.6111111111111108,0.6206896551724139,0.75,0.01844262295081967,0.4500000000000001,0.45066904549509357,0.4583333333333332
graph_084_mu_0_4_node_4,34,0.06951871657754011,0.002198164770827294,0.4245643858903527,2.3553553553553552,0.04080184620382208,8.0,26.0,0.3076923076923076,0.7647058823529413,1.1304347826086956,0.02661207778915046,0.6190476190476188,0.6200135154738022,0.3478260869565216
graph_084_mu_0_4_node_5,22,0.13157894736842105,0.0007605441548714857,0.3894736842105263,2.5675675675675675,0.02134285891321949,12.0,10.0,1.1999999999999995,0.45454545454545436,0.5882352941176471,0.010172939979654124,0.29411764705882354,0.2944894772068119,0.6470588235294118
graph_084_mu_0_4_node_6,28,0.1349206349206349,0.0014308933526701992,0.4028225806451613,2.4824824824824825,0.02794088270694479,13.0,15.0,0.8666666666666669,0.5357142857142857,0.8823529411764709,0.015259409969481184,0.36585365853658547,0.36641134154956073,0.7647058823529413
graph_084_mu_0_4_node_7,35,0.1781512605042017,0.0018552718262209316,0.4186923721709975,2.3883883883883885,0.05050098238030994,21.0,14.0,1.5,0.4000000000000001,0.2857142857142856,0.01472134595162986,0.25,0.25052083333333336,0.42857142857142855
graph_084_mu_0_4_node_8,28,0.11076923076923077,0.0014057392082331749,0.3976910828025478,2.5145145145145147,0.0247016902239553,11.0,17.0,0.6470588235294118,0.6071428571428571,1.0625,0.017276422764227643,0.43589743589743607,0.43652933568556374,0.625
graph_084_mu_0_4_node_9,19,0.08187134502923976,0.0009312201226057946,0.3872093023255814,2.5825825825825826,0.01695141847490414,7.0,12.0,0.5833333333333334,0.6315789473684211,0.75,0.012195121951219514,0.4615384615384616,0.46198445871381283,0.4375
graph_084_mu_0_4_node_10,21,0.08095238095238096,0.0009264070918988941,0.390539483971853,2.5605605605605604,0.022630414250913295,5.0,16.0,0.3125,0.7619047619047622,0.36363636363636365,0.01673640167364016,0.6153846153846152,0.6159791015256574,0.11363636363636359
graph_084_mu_0_4_node_11,21,0.05238095238095238,0.0009883787881715188,0.3863109048723898,2.5885885885885886,0.018153023807993943,6.0,15.0,0.4000000000000001,0.7142857142857141,1.0,0.015228426395939085,0.5555555555555556,0.5561129484432225,0.4000000000000001
graph_084_mu_0_4_node_12,33,0.09247311827956989,0.0019866471923542534,0.41659716430358634,2.4004004004004003,0.03401162463987113,12.0,21.0,0.5714285714285712,0.6363636363636365,0.6176470588235293,0.0217391304347826,0.46666666666666673,0.4674471907328252,0.3235294117647059
graph_084_mu_0_4_node_13,33,0.09462365591397849,0.0018833293876788443,0.4099302421009438,2.4394394394394396,0.03388298380298763,15.0,18.0,0.8333333333333335,0.5454545454545452,0.75,0.01844262295081967,0.375,0.3756692444973231,0.5833333333333334
graph_084_mu_0_4_node_14,15,0.047619047619047616,0.0005254734705667023,0.37429748969651555,2.6716716716716715,0.013876273339862348,4.0,11.0,0.36363636363636365,0.7333333333333332,0.23913043478260876,0.011530398322851156,0.5789473684210529,0.5793561232053417,0.0869565217391304
graph_084_mu_0_4_node_15,27,0.05413105413105413,0.001569538852380612,0.40478119935170176,2.4704704704704703,0.027676701709986467,8.0,19.0,0.4210526315789473,0.7037037037037039,1.1176470588235292,0.019328585961342827,0.5428571428571429,0.5435631738481873,0.4705882352941177
graph_084_mu_0_4_node_16,41,0.08367071524966262,0.0031680234933550455,0.42564976565828716,2.349349349349349,0.039999820627522255,18.0,23.0,0.7826086956521738,0.5609756097560974,0.71875,0.023760330578512394,0.3898305084745762,0.39068568601687037,0.53125
graph_084_mu_0_4_node_17,28,0.0873015873015873,0.0017915825214382495,0.4124690338563171,2.4244244244244246,0.029348530742057635,9.0,19.0,0.4736842105263158,0.6785714285714288,1.2666666666666662,0.01928934010152284,0.5135135135135133,0.5142195969800117,0.5999999999999998
graph_084_mu_0_4_node_18,19,0.04093567251461988,0.0009395116431131841,0.3893219017926734,2.5685685685685686,0.017805724083542904,3.0,16.0,0.1875,0.8421052631578946,1.0666666666666664,0.016243654822335023,0.7272727272727273,0.7278671250734553,0.20000000000000004
graph_084_mu_0_4_node_19,21,0.16666666666666666,0.0008625893569827784,0.3821729150726855,2.6166166166166165,0.016720871549132814,11.0,10.0,1.0999999999999999,0.4761904761904762,0.6666666666666665,0.010152284263959394,0.3125,0.31287180249851276,0.7333333333333332
graph_084_mu_0_4_node_20,18,0.0392156862745098,0.0007350654730956249,0.38158899923605805,2.6206206206206204,0.017103969212116828,5.0,13.0,0.38461538461538475,0.722222222222222,0.722222222222222,0.013238289205702643,0.5652173913043478,0.5657004651403257,0.16666666666666663
graph_084_mu_0_4_node_21,21,0.05263157894736842,0.000864372674230179,0.3836405529953917,2.6066066066066065,0.017359037554054952,7.0,14.0,0.5,0.6666666666666665,0.7368421052631577,0.014271151885830781,0.5,0.5005202913631634,0.31578947368421056
graph_084_mu_0_4_node_22,29,0.09852216748768473,0.0017784765403367595,0.4157303370786517,2.4054054054054053,0.03208729064466402,12.0,17.0,0.7058823529411762,0.5862068965517241,0.5862068965517241,0.01750772399588054,0.41463414634146356,0.4152660931092416,0.41379310344827586
graph_084_mu_0_4_node_23,24,0.14492753623188406,0.0010127353576870062,0.40478119935170176,2.4704704704704703,0.03492917986018351,11.0,13.0,0.8461538461538461,0.5416666666666667,0.2888888888888888,0.013612565445026177,0.37142857142857155,0.37191186077018273,0.24444444444444444
graph_084_mu_0_4_node_24,21,0.12280701754385964,0.0006805652987167844,0.38071646341463417,2.6266266266266265,0.01878268918703619,11.0,10.0,1.0999999999999999,0.4761904761904762,0.38461538461538475,0.010266940451745378,0.3125,0.31287180249851276,0.38461538461538475
graph_084_mu_0_4_node_25,29,0.07881773399014778,0.001705349668693138,0.411619283065513,2.4294294294294296,0.03047566151228687,12.0,17.0,0.7058823529411762,0.5862068965517241,0.7391304347826088,0.01740020470829068,0.41463414634146356,0.4152660931092416,0.5217391304347825
graph_084_mu_0_4_node_26,22,0.04329004329004329,0.001257102335822863,0.39361702127659576,2.5405405405405403,0.018878398898571288,8.0,14.0,0.5714285714285712,0.6363636363636365,0.3783783783783784,0.01453790238836968,0.46666666666666673,0.4671869967045765,0.1891891891891892
graph_084_mu_0_4_node_27,28,0.07407407407407407,0.001613168949763483,0.4085889570552147,2.4474474474474475,0.031341164591456756,8.0,20.0,0.4000000000000001,0.7142857142857141,0.8695652173913044,0.02047082906857728,0.5555555555555556,0.5562987184568636,0.3043478260869565
graph_084_mu_0_4_node_28,17,0.058823529411764705,0.0005313427710518388,0.38057142857142856,2.6276276276276276,0.01835114290419247,7.0,10.0,0.6999999999999998,0.5882352941176471,0.45454545454545436,0.010224948875255628,0.41666666666666674,0.4170383586083854,0.31818181818181823
graph_084_mu_0_4_node_29,21,0.06190476190476191,0.0009472457583328596,0.392226148409894,2.5495495495495497,0.021410386574986073,5.0,16.0,0.3125,0.7619047619047622,0.6666666666666665,0.016393442622950814,0.6153846153846152,0.6159791015256574,0.20833333333333337
graph_084_mu_0_4_node_30,24,0.06159420289855073,0.0011701015912636056,0.399919935948759,2.5005005005005003,0.02447941720505236,7.0,17.0,0.41176470588235303,0.7083333333333334,0.6799999999999998,0.017435897435897435,0.5483870967741937,0.5490188087135491,0.28000000000000014
graph_084_mu_0_4_node_31,21,0.08571428571428572,0.0008483476838365077,0.39501779359430605,2.5315315315315314,0.024663423764460738,9.0,12.0,0.75,0.5714285714285712,0.2857142857142856,0.012526096033402925,0.4000000000000001,0.4004460634897036,0.21428571428571427
graph_084_mu_0_4_node_32,23,0.0380952380952381,0.0008904135167349479,0.39377217185652347,2.5395395395395397,0.023119515075417624,7.0,16.0,0.4375,0.6956521739130432,0.64,0.016410256410256403,0.5333333333333332,0.5339279078409512,0.2400000000000001
graph_084_mu_0_4_node_33,42,0.10685249709639953,0.0029302992175236206,0.4296774193548387,2.3273273273273274,0.058428959462454716,21.0,21.0,1.0,0.5,0.42857142857142855,0.022082018927444793,0.33333333333333326,0.33411437993578047,0.42857142857142855
graph_084_mu_0_4_node_34,26,0.08615384615384615,0.0013374083434119423,0.3991210547343188,2.5055055055055053,0.025567156727043003,10.0,16.0,0.625,0.6153846153846152,0.6666666666666665,0.016393442622950814,0.4444444444444446,0.4450391515511943,0.41666666666666674
graph_084_mu_0_4_node_35,41,0.08658536585365853,0.0031070835235796654,0.4283876500857633,2.334334334334334,0.04693469943836951,20.0,21.0,0.9523809523809524,0.5121951219512193,0.45652173913043465,0.0220125786163522,0.3442622950819674,0.3450432835902791,0.4347826086956522
graph_084_mu_0_4_node_36,21,0.10952380952380952,0.0008406164906829875,0.3919183993723029,2.5515515515515514,0.02382919016960999,10.0,11.0,0.9090909090909087,0.5238095238095238,0.4230769230769231,0.011293634496919919,0.3548387096774193,0.35524764681262877,0.38461538461538475
graph_084_mu_0_4_node_37,34,0.0907258064516129,0.0020591870237457507,0.41195876288659794,2.4274274274274275,0.0327771066928549,15.0,19.0,0.7894736842105262,0.5588235294117646,0.9499999999999997,0.01938775510204082,0.38775510204081615,0.38846150052391865,0.6999999999999998
graph_084_mu_0_4_node_38,19,0.1111111111111111,0.0006837950356918756,0.39176470588235296,2.5525525525525525,0.023660502139485288,7.0,12.0,0.5833333333333334,0.6315789473684211,0.4615384615384616,0.012320328542094453,0.4615384615384616,0.46198445871381283,0.2692307692307692
graph_084_mu_0_4_node_39,17,0.07352941176470588,0.0006253941202858732,0.3769811320754717,2.6526526526526526,0.015285847434235297,6.0,11.0,0.5454545454545452,0.6470588235294118,0.7333333333333332,0.011167512690355328,0.4782608695652175,0.4786696851150742,0.4000000000000001
graph_084_mu_0_4_node_40,21,0.04678362573099415,0.0008617215423904117,0.3911511354737666,2.5565565565565564,0.01953980151328527,10.0,11.0,0.9090909090909087,0.5238095238095238,0.29729729729729737,0.011422637590861894,0.3548387096774193,0.35524764681262877,0.24324324324324328
graph_084_mu_0_4_node_41,30,0.0367816091954023,0.0015864526197625819,0.41195876288659794,2.4274274274274275,0.03631569941603979,13.0,17.0,0.7647058823529413,0.5666666666666665,0.3269230769230769,0.01793248945147679,0.3953488372093022,0.39598083096371706,0.2307692307692308
graph_084_mu_0_4_node_42,40,0.07692307692307693,0.00332068676037189,0.4247448979591837,2.354354354354354,0.038663131411875995,16.0,24.0,0.6666666666666665,0.5999999999999998,1.043478260869565,0.02456499488229274,0.42857142857142855,0.4294636218799787,0.6956521739130432
graph_084_mu_0_4_node_43,21,0.023391812865497075,0.0008710318513743238,0.39176470588235296,2.5525525525525525,0.020569083969092995,6.0,15.0,0.4000000000000001,0.7142857142857141,0.4054054054054053,0.01557632398753894,0.5555555555555556,0.5561129484432225,0.13513513513513511
graph_084_mu_0_4_node_44,32,0.15120967741935484,0.0014800721496202492,0.4128099173553719,2.4224224224224224,0.04847681247676336,20.0,12.0,1.666666666666667,0.375,0.24489795918367344,0.012618296529968457,0.2307692307692308,0.23121565934065924,0.40816326530612235
graph_084_mu_0_4_node_45,53,0.0784313725490196,0.005095147610254398,0.4447907390917186,2.2482482482482484,0.054769624799886216,25.0,28.0,0.8928571428571427,0.5283018867924528,0.6666666666666665,0.029227557411273482,0.3589743589743588,0.36001579317803384,0.5714285714285712
graph_084_mu_0_4_node_46,23,0.06666666666666667,0.0009379772881936037,0.3914576802507837,2.5545545545545547,0.023431605866038284,10.0,13.0,0.7692307692307695,0.5652173913043478,0.3095238095238094,0.013569937369519834,0.39393939393939387,0.3944226473500478,0.21428571428571427
graph_084_mu_0_4_node_47,23,0.11067193675889328,0.0009271084571080186,0.38992974238875877,2.5645645645645647,0.028911563803533272,12.0,11.0,1.0909090909090904,0.4782608695652175,0.2619047619047619,0.01148225469728601,0.3142857142857142,0.3146947122407245,0.2619047619047619
graph_084_mu_0_4_node_48,31,0.1053763440860215,0.002080797383030621,0.4007220216606498,2.4954954954954953,0.025113110146137294,13.0,18.0,0.722222222222222,0.5806451612903225,1.1999999999999995,0.018274111675126905,0.4090909090909091,0.40976005407232186,0.8666666666666669
graph_084_mu_0_4_node_49,24,0.06521739130434782,0.0012289965344790803,0.39690107270560193,2.5195195195195197,0.023843371284121815,7.0,17.0,0.41176470588235303,0.7083333333333334,0.7391304347826088,0.01740020470829068,0.5483870967741937,0.5490188087135491,0.3043478260869565
graph_084_mu_0_4_node_50,25,0.04666666666666667,0.0013721481273889337,0.4020120724346076,2.4874874874874875,0.025971393683862032,5.0,20.0,0.25,0.8000000000000002,0.9090909090909087,0.020449897750511255,0.6666666666666665,0.6674096639175767,0.18181818181818182
graph_084_mu_0_4_node_51,20,0.021052631578947368,0.0009014805305548336,0.3939274447949527,2.5385385385385386,0.02159451038233241,3.0,17.0,0.17647058823529405,0.8499999999999998,0.7391304347826088,0.01740020470829068,0.7391304347826088,0.739761958984845,0.13043478260869562
graph_084_mu_0_4_node_52,19,0.07017543859649122,0.0008658789453310095,0.38028169014084506,2.6296296296296298,0.014834778842278894,7.0,12.0,0.5833333333333334,0.6315789473684211,0.3529411764705881,0.012422360248447204,0.4615384615384616,0.46198445871381283,0.20588235294117652
graph_084_mu_0_4_node_53,17,0.029411764705882353,0.00073189337324544,0.3870592793490895,2.5835835835835836,0.018139929403816254,3.0,14.0,0.21428571428571427,0.8235294117647061,0.3783783783783784,0.01453790238836968,0.6999999999999998,0.7005201367216523,0.054054054054054064
graph_084_mu_0_4_node_54,17,0.03676470588235294,0.0006602432446402314,0.3870592793490895,2.5835835835835836,0.018688138452670252,2.0,15.0,0.1333333333333333,0.8823529411764709,1.0,0.015228426395939085,0.7894736842105262,0.7900309114477937,0.1333333333333333
graph_084_mu_0_4_node_55,21,0.10476190476190476,0.0008581682302580008,0.39564356435643566,2.5275275275275275,0.024469247104642336,10.0,11.0,0.9090909090909087,0.5238095238095238,0.25,0.011506276150627614,0.3548387096774193,0.35524764681262877,0.20454545454545456
graph_084_mu_0_4_node_56,17,0.051470588235294115,0.0006924411418167373,0.3830521472392638,2.6106106106106104,0.01714869703742487,3.0,14.0,0.21428571428571427,0.8235294117647061,0.6999999999999998,0.014285714285714289,0.6999999999999998,0.7005201367216523,0.14999999999999994
graph_084_mu_0_4_node_57,39,0.145748987854251,0.0023241917140213947,0.4276541095890411,2.3383383383383385,0.057769985303349716,21.0,18.0,1.1666666666666667,0.4615384615384616,0.3673469387755102,0.018927444794952678,0.2999999999999999,0.3006695432227347,0.42857142857142855
graph_084_mu_0_4_node_58,36,0.09090909090909091,0.0022964865296594356,0.4201009251471825,2.3803803803803802,0.039876052296244094,17.0,19.0,0.8947368421052634,0.5277777777777778,0.59375,0.019628099173553723,0.3584905660377358,0.3591970695888458,0.5
graph_084_mu_0_4_node_59,28,0.07936507936507936,0.0015332967620772355,0.41128036228900783,2.4314314314314314,0.03306366442169552,10.0,18.0,0.5555555555555556,0.6428571428571429,0.42857142857142855,0.018789144050104383,0.4736842105263158,0.47435320628934274,0.2380952380952381
graph_084_mu_0_4_node_60,32,0.0967741935483871,0.0019276666045484915,0.4114497528830313,2.4304304304304303,0.041315434385881845,15.0,17.0,0.8823529411764709,0.53125,0.34693877551020413,0.01787592008412198,0.3617021276595746,0.3623342154082267,0.3061224489795918
graph_084_mu_0_4_node_61,26,0.07692307692307693,0.0013989479530304365,0.3997599039615846,2.5015015015015014,0.02634616509846282,11.0,15.0,0.7333333333333332,0.5769230769230768,0.35714285714285704,0.015657620041753646,0.4054054054054053,0.40596300549462144,0.2619047619047619
graph_084_mu_0_4_node_62,25,0.11,0.0011406721557757913,0.4008828250401284,2.4944944944944947,0.031237782013558636,13.0,12.0,1.0833333333333335,0.4800000000000002,0.2666666666666666,0.012565445026178011,0.31578947368421056,0.31623566986179663,0.2888888888888888
graph_084_mu_0_4_node_63,18,0.06666666666666667,0.0005275253911652994,0.3724832214765101,2.684684684684685,0.014828712441557777,7.0,11.0,0.6363636363636365,0.6111111111111108,0.9166666666666664,0.011133603238866393,0.4400000000000001,0.44040884593941665,0.5
graph_084_mu_0_4_node_64,17,0.051470588235294115,0.0006543245830946073,0.3837879369957741,2.6056056056056054,0.018803424839642754,5.0,12.0,0.41666666666666674,0.7058823529411762,0.2999999999999999,0.012500000000000002,0.5454545454545452,0.545900476335259,0.125
graph_084_mu_0_4_node_65,23,0.07905138339920949,0.001188942707650004,0.4000800961153384,2.4994994994994997,0.02465067352665205,7.0,16.0,0.4375,0.6956521739130432,0.8888888888888892,0.01629327902240326,0.5333333333333332,0.5339279078409512,0.388888888888889
graph_084_mu_0_4_node_66,27,0.07407407407407407,0.001524510731719454,0.4046172539489672,2.4714714714714714,0.02864226157269356,11.0,16.0,0.6875,0.5925925925925926,0.3809523809523811,0.016701461377870565,0.4210526315789473,0.42164738289855197,0.2619047619047619
graph_084_mu_0_4_node_67,21,0.04285714285714286,0.0008940752211895353,0.3986432561851556,2.5085085085085086,0.024580754927347258,3.0,18.0,0.16666666666666663,0.8571428571428571,0.9473684210526316,0.01834862385321101,0.75,0.7506686478454683,0.15789473684210528
graph_084_mu_0_4_node_68,27,0.07977207977207977,0.0012151714729969868,0.4100985221674877,2.4384384384384385,0.03477055252730321,12.0,15.0,0.8000000000000002,0.5555555555555556,0.2884615384615384,0.015822784810126583,0.38461538461538475,0.3851730261633976,0.2307692307692308
graph_084_mu_0_4_node_69,36,0.08253968253968254,0.0028641233106141504,0.4211635750421585,2.374374374374374,0.034067184366850925,12.0,24.0,0.5,0.6666666666666665,1.333333333333333,0.024439918533604887,0.5,0.5008919280511374,0.6666666666666665
graph_084_mu_0_4_node_70,24,0.15217391304347827,0.0009550427767192081,0.3976910828025478,2.5145145145145147,0.030542229181151306,11.0,13.0,0.8461538461538461,0.5416666666666667,0.40625,0.013429752066115706,0.37142857142857155,0.37191186077018273,0.34375
graph_084_mu_0_4_node_71,29,0.059113300492610835,0.0016404578673796491,0.40875613747954176,2.4464464464464464,0.034091369732482786,11.0,18.0,0.6111111111111108,0.6206896551724139,0.4000000000000001,0.01884816753926701,0.4500000000000001,0.45066904549509357,0.24444444444444444
graph_084_mu_0_4_node_72,22,0.12987012987012986,0.0008792712473748597,0.39161113288906313,2.5535535535535536,0.02346167299805407,11.0,11.0,1.0,0.5,0.4583333333333332,0.011270491803278687,0.33333333333333326,0.33374230087618184,0.4583333333333332
graph_084_mu_0_4_node_73,27,0.08547008547008547,0.0012815472768016526,0.40758873929008566,2.4534534534534536,0.030642654428135768,13.0,14.0,0.9285714285714288,0.5185185185185184,0.31818181818181823,0.01464435146443515,0.3499999999999999,0.350520523497918,0.2727272727272726
graph_084_mu_0_4_node_74,29,0.059113300492610835,0.0015937961568528258,0.4227676682183665,2.3653653653653652,0.03884757815166468,6.0,23.0,0.26086956521739124,0.7931034482758619,0.5227272727272725,0.024058577405857744,0.6571428571428573,0.6579972722400005,0.11363636363636359
graph_084_mu_0_4_node_75,27,0.10333333333333333,0.0012035809502354004,0.39595719381688466,2.5255255255255253,0.02612573379646283,11.0,16.0,0.6875,0.5925925925925926,0.4705882352941177,0.016563146997929604,0.4210526315789473,0.42164738289855197,0.29411764705882354
graph_084_mu_0_4_node_76,37,0.06890756302521009,0.0025554552009048525,0.4193954659949622,2.3843843843843846,0.038003131814036875,17.0,20.0,0.8499999999999998,0.5405405405405405,0.5,0.02083333333333333,0.37037037037037035,0.3711140306663472,0.4000000000000001
graph_084_mu_0_4_node_77,23,0.11857707509881422,0.0009435033076245478,0.39880239520958083,2.5075075075075075,0.028833241031148687,12.0,11.0,1.0909090909090904,0.4782608695652175,0.23913043478260876,0.011530398322851156,0.3142857142857142,0.3146947122407245,0.26086956521739124
graph_084_mu_0_4_node_78,20,0.11052631578947368,0.0007027168307108164,0.39627132090440303,2.5235235235235236,0.02770308535516741,8.0,12.0,0.6666666666666665,0.5999999999999998,0.375,0.012396694214876035,0.42857142857142855,0.429017458901491,0.25
graph_084_mu_0_4_node_79,18,0.08496732026143791,0.0007236115678693286,0.39377217185652347,2.5395395395395397,0.020820503135547848,6.0,12.0,0.5,0.6666666666666665,0.2857142857142856,0.012526096033402925,0.5,0.5004459640255686,0.1428571428571428
graph_084_mu_0_4_node_80,30,0.07586206896551724,0.001684259278617622,0.408923454768727,2.4454454454454453,0.032168144311785274,14.0,16.0,0.875,0.5333333333333332,0.3478260869565216,0.016771488469601685,0.36363636363636365,0.364231247633984,0.2826086956521739
graph_084_mu_0_4_node_81,38,0.09815078236130868,0.00261214270859888,0.42258883248730966,2.3663663663663663,0.04023813803286105,20.0,18.0,1.1111111111111112,0.4736842105263158,0.42857142857142855,0.018789144050104383,0.31034482758620696,0.31101432100285503,0.4761904761904762
graph_084_mu_0_4_node_82,32,0.08735632183908046,0.0019781549617349675,0.4049452776651804,2.4694694694694697,0.0273314087420679,13.0,19.0,0.6842105263157895,0.59375,1.1875,0.0193089430894309,0.4222222222222223,0.42292851566856265,0.75
graph_084_mu_0_4_node_83,16,0.016666666666666666,0.0006203214681541657,0.3791271347248577,2.6376376376376376,0.015167626106323027,4.0,12.0,0.33333333333333326,0.75,0.2857142857142856,0.012526096033402925,0.5999999999999998,0.6004458977407847,0.0714285714285714
graph_084_mu_0_4_node_84,24,0.08333333333333333,0.0012354194806854274,0.3928430987023201,2.5455455455455454,0.0216248837491285,8.0,16.0,0.5,0.6666666666666665,0.4705882352941177,0.016563146997929604,0.5,0.5005946187007579,0.23529411764705885
graph_084_mu_0_4_node_85,25,0.10333333333333333,0.0010763558439994198,0.4000800961153384,2.4994994994994997,0.03336347243688661,11.0,14.0,0.7857142857142859,0.5600000000000003,0.2857142857142856,0.01472134595162986,0.388888888888889,0.3894093349855431,0.22448979591836735
graph_084_mu_0_4_node_86,21,0.1,0.0009097486687865335,0.39658594680428744,2.5215215215215214,0.0242193023616236,7.0,14.0,0.5,0.6666666666666665,0.33333333333333326,0.014613778705636741,0.5,0.5005202913631634,0.16666666666666663
graph_084_mu_0_4_node_87,19,0.08823529411764706,0.0005639450461469681,0.3863109048723898,2.5885885885885886,0.02039091536156311,7.0,12.0,0.5833333333333334,0.6315789473684211,0.75,0.012195121951219514,0.4615384615384616,0.46198445871381283,0.375
graph_084_mu_0_4_node_88,23,0.07114624505928854,0.0010662519584145817,0.3948616600790514,2.5325325325325325,0.024682526590064677,10.0,13.0,0.7692307692307695,0.5652173913043478,0.25,0.013713080168776372,0.39393939393939387,0.3944226473500478,0.19230769230769237
graph_084_mu_0_4_node_89,26,0.055384615384615386,0.001366792892098476,0.39928057553956836,2.5045045045045047,0.029258637712088,7.0,19.0,0.36842105263157887,0.7307692307692305,0.4523809523809525,0.0198329853862213,0.5757575757575759,0.5764635542809663,0.16666666666666663
graph_084_mu_0_4_node_90,52,0.08979591836734693,0.004694975254175564,0.44183989385227773,2.2632632632632634,0.05296901118788953,28.0,24.0,1.1666666666666667,0.4615384615384616,0.75,0.02479338842975207,0.2999999999999999,0.3008929900282781,0.84375
graph_084_mu_0_4_node_91,20,0.09473684210526316,0.0008239066720746938,0.39501779359430605,2.5315315315315314,0.021896089087823156,7.0,13.0,0.5384615384615384,0.6500000000000002,0.5416666666666667,0.01331967213114754,0.4814814814814816,0.4819646271313125,0.2916666666666667
graph_084_mu_0_4_node_92,17,0.11764705882352941,0.0005033658712765009,0.3911511354737666,2.5565565565565564,0.022462746815883918,6.0,11.0,0.5454545454545452,0.6470588235294118,0.34375,0.011363636363636364,0.4782608695652175,0.4786696851150742,0.1875
graph_084_mu_0_4_node_93,16,0.1,0.0005499456893851828,0.3830521472392638,2.6106106106106104,0.017729077913994924,7.0,9.0,0.777777777777778,0.5625,0.21428571428571427,0.009394572025052192,0.3913043478260869,0.3916388830080369,0.16666666666666663
graph_084_mu_0_4_node_94,30,0.09195402298850575,0.0016095761760541293,0.4122988031366075,2.4254254254254253,0.0375290314445748,14.0,16.0,0.875,0.5333333333333332,0.3555555555555554,0.01675392670157069,0.36363636363636365,0.364231247633984,0.311111111111111
graph_084_mu_0_4_node_95,37,0.06554621848739496,0.002354451887404024,0.4265584970111016,2.344344344344344,0.04407726747609037,16.0,21.0,0.7619047619047622,0.5675675675675675,0.40384615384615397,0.02215189873417722,0.3962264150943397,0.3970071713125052,0.2884615384615384
graph_084_mu_0_4_node_96,20,0.07368421052631578,0.0008205166848958692,0.3852680293096799,2.5955955955955954,0.020443823537937958,7.0,13.0,0.5384615384615384,0.6500000000000002,0.2826086956521739,0.013626834381551357,0.4814814814814816,0.4819646271313125,0.15217391304347824
graph_084_mu_0_4_node_97,47,0.0971322849213691,0.0038569330634097097,0.4402820625826355,2.2712712712712713,0.058985408356753886,22.0,25.0,0.8800000000000002,0.5319148936170212,0.5952380952380952,0.026096033402922762,0.3623188405797101,0.36324858880389116,0.5238095238095238
graph_084_mu_0_4_node_98,16,0.175,0.0004421456205223138,0.37855248200075786,2.6416416416416415,0.0184724038904586,8.0,8.0,1.0,0.5,0.20000000000000004,0.008333333333333331,0.33333333333333326,0.33363073110285,0.20000000000000004
graph_084_mu_0_4_node_99,30,0.15873015873015872,0.0012442178333995685,0.4070904645476773,2.4564564564564564,0.03780034214360469,14.0,16.0,0.875,0.5333333333333332,0.5,0.01652892561983471,0.36363636363636365,0.364231247633984,0.40625
graph_084_mu_0_4_node_100,32,0.07258064516129033,0.0020225113869708996,0.4138359569179785,2.4164164164164164,0.0352195174306106,15.0,17.0,0.8823529411764709,0.53125,0.3269230769230769,0.01793248945147679,0.3617021276595746,0.3623342154082267,0.2884615384615384
graph_084_mu_0_4_node_101,18,0.032679738562091505,0.0007598014102729593,0.3757051523128996,2.6616616616616615,0.013844034650788282,6.0,12.0,0.5,0.6666666666666665,0.3243243243243245,0.012461059190031152,0.5,0.5004459640255686,0.16216216216216225
graph_084_mu_0_4_node_102,21,0.14035087719298245,0.0007860506392870453,0.3858632676709154,2.5915915915915915,0.019813775161333102,11.0,10.0,1.0999999999999999,0.4761904761904762,0.25,0.010416666666666664,0.3125,0.31287180249851276,0.25
graph_084_mu_0_4_node_103,48,0.11497584541062802,0.0031960677552021594,0.43989431968295906,2.2732732732732734,0.06970181370014535,26.0,22.0,1.1818181818181819,0.4583333333333332,0.4489795918367347,0.023133543638275505,0.29729729729729737,0.2981158105795355,0.5102040816326533
graph_084_mu_0_4_node_104,21,0.11904761904761904,0.0007351237690847346,0.3925343811394892,2.5475475475475475,0.030402179117287008,10.0,11.0,0.9090909090909087,0.5238095238095238,0.22448979591836735,0.011566771819137752,0.3548387096774193,0.35524764681262877,0.20408163265306117
graph_084_mu_0_4_node_105,29,0.059113300492610835,0.0016207887418126696,0.41469489414694893,2.4114114114114114,0.03246953442285265,11.0,18.0,0.6111111111111108,0.6206896551724139,0.4090909090909091,0.018828451882845185,0.4500000000000001,0.45066904549509357,0.25
graph_084_mu_0_4_node_106,24,0.06159420289855073,0.0013377088798887944,0.4026602176541717,2.4834834834834836,0.024707085426885763,7.0,17.0,0.41176470588235303,0.7083333333333334,1.0,0.017293997965412002,0.5483870967741937,0.5490188087135491,0.41176470588235303
graph_084_mu_0_4_node_107,18,0.1830065359477124,0.000490889154491111,0.38261202604366146,2.6136136136136137,0.020677522404635027,10.0,8.0,1.25,0.4444444444444446,0.25,0.008264462809917356,0.2857142857142856,0.2860117277130959,0.3125
graph_084_mu_0_4_node_108,33,0.12258064516129032,0.0017962860051678267,0.4099302421009438,2.4394394394394396,0.03201297514224374,16.0,17.0,0.9411764705882354,0.5151515151515154,0.8499999999999998,0.017346938775510197,0.34693877551020413,0.3475709102664605,0.75
graph_084_mu_0_4_node_109,20,0.04736842105263158,0.0009433318891444992,0.39361702127659576,2.5405405405405403,0.019938035748754072,4.0,16.0,0.25,0.8000000000000002,0.7272727272727273,0.016359918200409,0.6666666666666665,0.6672611086342696,0.18181818181818182
graph_084_mu_0_4_node_110,16,0.09166666666666666,0.0005531924310039647,0.38601236476043277,2.5905905905905904,0.018593113171749148,6.0,10.0,0.5999999999999998,0.625,0.45454545454545436,0.010224948875255628,0.45454545454545436,0.45491711885824704,0.2727272727272726
graph_084_mu_0_4_node_111,33,0.06439393939393939,0.002148001112066371,0.4263764404609475,2.3453453453453452,0.04079241064739667,12.0,21.0,0.5714285714285712,0.6363636363636365,0.45652173913043465,0.0220125786163522,0.46666666666666673,0.4674471907328252,0.26086956521739124
graph_084_mu_0_4_node_112,21,0.02857142857142857,0.0011048905900203111,0.3872093023255814,2.5825825825825826,0.018588465015505522,3.0,18.0,0.16666666666666663,0.8571428571428571,1.5,0.01821862348178138,0.75,0.7506686478454683,0.25
graph_084_mu_0_4_node_113,24,0.07608695652173914,0.0012589771488701316,0.39161113288906313,2.5535535535535536,0.021089438170963357,9.0,15.0,0.5999999999999998,0.625,0.625,0.015368852459016395,0.45454545454545436,0.45510297173556774,0.375
graph_084_mu_0_4_node_114,17,0.11029411764705882,0.0005853783752255705,0.38202676864244745,2.6176176176176176,0.018899981125631946,7.0,10.0,0.6999999999999998,0.5882352941176471,0.41666666666666674,0.010245901639344265,0.41666666666666674,0.4170383586083854,0.2916666666666667
graph_084_mu_0_4_node_115,20,0.06842105263157895,0.0008754798097429328,0.4023358840112767,2.4854854854854853,0.02591629748907229,3.0,17.0,0.17647058823529405,0.8499999999999998,0.7083333333333334,0.017418032786885248,0.7391304347826088,0.739761958984845,0.125
graph_084_mu_0_4_node_116,16,0.03333333333333333,0.0006285326213618348,0.3758465011286682,2.660660660660661,0.015033376826387628,4.0,12.0,0.33333333333333326,0.75,0.3243243243243245,0.012461059190031152,0.5999999999999998,0.6004458977407847,0.054054054054054064
graph_084_mu_0_4_node_117,23,0.05138339920948617,0.0011448911341685648,0.40024038461538464,2.4984984984984986,0.024770977053817034,5.0,18.0,0.2777777777777778,0.7826086956521738,1.125,0.018292682926829264,0.6428571428571429,0.6435258900706963,0.3125
graph_084_mu_0_4_node_118,38,0.06970128022759602,0.003053370548374544,0.42045454545454547,2.3783783783783785,0.03412618093585418,13.0,25.0,0.5199999999999998,0.6578947368421054,1.1363636363636365,0.025562372188139056,0.49019607843137253,0.4911252046810474,0.5909090909090909
graph_084_mu_0_4_node_119,29,0.10591133004926108,0.0016324532493702932,0.4085889570552147,2.4474474474474475,0.02984346984649014,13.0,16.0,0.8125,0.5517241379310346,0.6666666666666665,0.016393442622950814,0.3809523809523811,0.38154722071741914,0.5416666666666667
graph_084_mu_0_4_node_120,19,0.08771929824561403,0.0006694864650971528,0.38408304498269896,2.6036036036036037,0.02006209407939057,8.0,11.0,0.7272727272727273,0.5789473684210529,0.2619047619047619,0.01148225469728601,0.4074074074074074,0.4078162837409017,0.19047619047619055
graph_084_mu_0_4_node_121,16,0.04395604395604396,0.00048479901497712935,0.37303958177744584,2.680680680680681,0.01427042495050695,6.0,10.0,0.5999999999999998,0.625,0.25,0.010416666666666664,0.45454545454545436,0.45491711885824704,0.125
graph_084_mu_0_4_node_122,24,0.07246376811594203,0.0013620929389044627,0.39161113288906313,2.5535535535535536,0.020621036555509863,8.0,16.0,0.5,0.6666666666666665,0.9411764705882354,0.016276703967446595,0.5,0.5005946187007579,0.4705882352941177
graph_084_mu_0_4_node_123,15,0.01904761904761905,0.0004817244980619589,0.38334612432847276,2.6086086086086087,0.017380246593333905,2.0,13.0,0.1538461538461538,0.8666666666666669,0.3250000000000001,0.01354166666666667,0.7647058823529413,0.7651888485081593,0.05000000000000001
graph_084_mu_0_4_node_124,20,0.09473684210526316,0.0007983285411796984,0.38977760436987907,2.5655655655655654,0.02372319759526278,7.0,13.0,0.5384615384615384,0.6500000000000002,0.40625,0.013429752066115706,0.4814814814814816,0.4819646271313125,0.21875
graph_084_mu_0_4_node_125,17,0.17647058823529413,0.00057664242885466,0.37612951807228917,2.6586586586586587,0.015149446808124894,8.0,9.0,0.8888888888888892,0.5294117647058824,0.5625,0.009146341463414632,0.36,0.3603345600535297,0.5
graph_084_mu_0_4_node_126,16,0.05,0.0005542030456702349,0.37429748969651555,2.6716716716716715,0.016232326237751272,3.0,13.0,0.2307692307692308,0.8125,0.29545454545454547,0.013598326359832632,0.6842105263157895,0.6846935283592597,0.06818181818181815
graph_084_mu_0_4_node_127,31,0.05591397849462366,0.002013992876429312,0.4090909090909091,2.4444444444444446,0.02966864623817815,9.0,22.0,0.4090909090909091,0.7096774193548386,1.0999999999999999,0.022448979591836733,0.5499999999999999,0.5508174791914386,0.4500000000000001
graph_084_mu_0_4_node_128,38,0.10241820768136557,0.0024831919847778726,0.42601279317697227,2.3473473473473474,0.044160128889541905,18.0,20.0,0.9000000000000002,0.5263157894736842,0.4347826086956522,0.02096436058700209,0.35714285714285704,0.35788657274601043,0.3913043478260869
graph_084_mu_0_4_node_129,34,0.14717741935483872,0.0015257232597277474,0.40942622950819674,2.4424424424424425,0.03893735098740134,22.0,12.0,1.8333333333333328,0.3529411764705881,0.2307692307692308,0.012658227848101269,0.21428571428571427,0.21473220929985326,0.40384615384615397
graph_084_mu_0_4_node_130,20,0.05789473684210526,0.000718955548579087,0.3885647607934656,2.5735735735735736,0.021511621193442524,4.0,16.0,0.25,0.8000000000000002,0.5,0.01652892561983471,0.6666666666666665,0.6672611086342696,0.125
graph_084_mu_0_4_node_131,19,0.11695906432748537,0.0006537214512352034,0.3908450704225352,2.5585585585585586,0.02200529370322359,10.0,9.0,1.1111111111111112,0.4736842105263158,0.20454545454545456,0.009414225941422593,0.31034482758620696,0.3106794373939921,0.22727272727272718
graph_084_mu_0_4_node_132,21,0.09523809523809523,0.0008675825042769743,0.39361702127659576,2.5405405405405403,0.02164881595966632,8.0,13.0,0.6153846153846152,0.6190476190476188,0.5199999999999998,0.013333333333333334,0.44827586206896536,0.44875904363373037,0.32
graph_084_mu_0_4_node_133,33,0.043010752688172046,0.0020299570808235265,0.41060419235511714,2.4354354354354353,0.030860087427740365,9.0,24.0,0.375,0.7272727272727273,1.5,0.02439024390243903,0.5714285714285712,0.5723203006401343,0.5
graph_084_mu_0_4_node_134,26,0.10461538461538461,0.0013771369880177515,0.4008828250401284,2.4944944944944947,0.026365107118623696,10.0,16.0,0.625,0.6153846153846152,0.9411764705882354,0.016276703967446595,0.4444444444444446,0.4450391515511943,0.5882352941176471
graph_084_mu_0_4_node_135,30,0.09788359788359788,0.0015797390396120063,0.40758873929008566,2.4534534534534536,0.030395365870426107,12.0,18.0,0.6666666666666665,0.5999999999999998,0.5294117647058824,0.018633540372670808,0.42857142857142855,0.4292405238059836,0.3235294117647059
graph_084_mu_0_4_node_136,32,0.0967741935483871,0.002072070910475683,0.4171189979123173,2.3973973973973974,0.03765233781152576,14.0,18.0,0.777777777777778,0.5625,0.3913043478260869,0.018867924528301886,0.3913043478260869,0.39197354256175504,0.3043478260869565
graph_084_mu_0_4_node_137,23,0.0761904761904762,0.0009786434165821878,0.3919183993723029,2.5515515515515514,0.022291602014970636,9.0,14.0,0.6428571428571429,0.608695652173913,0.5833333333333334,0.01434426229508196,0.4375,0.4380203687184061,0.33333333333333326
graph_084_mu_0_4_node_138,19,0.08771929824561403,0.000725201693287851,0.3863109048723898,2.5885885885885886,0.019431639770039203,8.0,11.0,0.7272727272727273,0.5789473684210529,0.4400000000000001,0.011282051282051285,0.4074074074074074,0.4078162837409017,0.32
graph_084_mu_0_4_node_139,27,0.09,0.0014532702659512608,0.3920722135007849,2.5505505505505504,0.02066564494093685,13.0,14.0,0.9285714285714288,0.5185185185185184,0.875,0.01422764227642276,0.3499999999999999,0.350520523497918,0.75
graph_084_mu_0_4_node_140,17,0.007352941176470588,0.0007699125394703987,0.3843786071565987,2.6016016016016015,0.015852538097399862,3.0,14.0,0.21428571428571427,0.8235294117647061,0.777777777777778,0.014256619144602854,0.6999999999999998,0.7005201367216523,0.0
graph_084_mu_0_4_node_141,46,0.08562367864693446,0.0038968109024771795,0.43415906127770537,2.3033033033033035,0.04574504058389704,19.0,27.0,0.7037037037037039,0.5869565217391305,1.173913043478261,0.027635619242579332,0.41538461538461546,0.41638844480797127,0.7826086956521738
graph_084_mu_0_4_node_142,29,0.1330049261083744,0.001599935428047463,0.3996,2.5025025025025025,0.026817608470996873,12.0,17.0,0.7058823529411762,0.5862068965517241,0.9444444444444444,0.017311608961303463,0.41463414634146356,0.4152660931092416,0.6666666666666665
graph_084_mu_0_4_node_143,28,0.07384615384615385,0.0014099124520463538,0.4008828250401284,2.4944944944944947,0.028361544613711653,12.0,16.0,0.75,0.5714285714285712,0.5,0.01652892561983471,0.4000000000000001,0.4005947955390336,0.34375
graph_084_mu_0_4_node_144,18,0.0784313725490196,0.0006363395156619767,0.3864603481624758,2.5875875875875876,0.020163925528089984,7.0,11.0,0.6363636363636365,0.6111111111111108,0.27499999999999997,0.01145833333333333,0.4400000000000001,0.44040884593941665,0.17499999999999996
graph_084_mu_0_4_node_145,26,0.10153846153846154,0.0011594072197921022,0.3964285714285714,2.5225225225225225,0.029161296887206253,15.0,11.0,1.3636363636363635,0.4230769230769231,0.21153846153846154,0.01160337552742616,0.26829268292682934,0.268701772145469,0.2884615384615384
graph_084_mu_0_4_node_146,25,0.12333333333333334,0.0011613819037915578,0.4054383116883117,2.4664664664664664,0.03285147105277655,10.0,15.0,0.6666666666666665,0.5999999999999998,0.3260869565217392,0.015723270440251572,0.42857142857142855,0.4291289872080118,0.2173913043478261
graph_084_mu_0_4_node_147,38,0.08108108108108109,0.003167513599855202,0.4263764404609475,2.3453453453453452,0.03757803989810846,11.0,27.0,0.4074074074074074,0.7105263157894738,1.5,0.0274949083503055,0.5510204081632653,0.5520236408017672,0.6111111111111108
graph_084_mu_0_4_node_148,33,0.13257575757575757,0.0018189975081359159,0.4141791044776119,2.4144144144144146,0.044498731481504794,17.0,16.0,1.0625,0.48484848484848464,0.3809523809523811,0.016701461377870565,0.32,0.3205950167348456,0.4047619047619049
graph_084_mu_0_4_node_149,32,0.11494252873563218,0.0018964188437308458,0.413151364764268,2.4204204204204203,0.0330741272848446,14.0,18.0,0.777777777777778,0.5625,1.0,0.018329938900203673,0.3913043478260869,0.39197354256175504,0.722222222222222
graph_084_mu_0_4_node_150,60,0.10790960451977401,0.005814008730840654,0.46036866359447004,2.1721721721721723,0.07815763808728744,30.0,30.0,1.0,0.5,0.6666666666666665,0.03141361256544501,0.33333333333333326,0.3344494878091127,0.6666666666666665
graph_084_mu_0_4_node_151,29,0.11576354679802955,0.0015406069931343156,0.408255006129955,2.4494494494494496,0.029511724872337972,12.0,17.0,0.7058823529411762,0.5862068965517241,0.7391304347826088,0.01740020470829068,0.41463414634146356,0.4152660931092416,0.5217391304347825
graph_084_mu_0_4_node_152,14,0.01098901098901099,0.0004242135852139421,0.37443778110944526,2.670670670670671,0.014529428510163951,2.0,12.0,0.16666666666666663,0.8571428571428571,0.2857142857142856,0.012526096033402925,0.75,0.7504458314757021,0.04761904761904764
graph_084_mu_0_4_node_153,35,0.04924242424242424,0.0024548928001378303,0.4183417085427136,2.3903903903903903,0.034088360855111716,11.0,24.0,0.4583333333333332,0.6857142857142855,1.2631578947368423,0.024464831804281346,0.5217391304347825,0.5226309921962092,0.5263157894736842
graph_084_mu_0_4_node_154,51,0.07312925170068027,0.0044866889608649345,0.4465802413947251,2.239239239239239,0.057537732592810586,26.0,25.0,1.0399999999999996,0.49019607843137253,0.5434782608695653,0.026205450733752626,0.3246753246753248,0.32560534959999277,0.5434782608695653
graph_084_mu_0_4_node_155,37,0.07657657657657657,0.002871890117732599,0.4276541095890411,2.3383383383383385,0.036964730153919226,15.0,22.0,0.6818181818181818,0.5945945945945947,0.8800000000000002,0.02256410256410257,0.4230769230769231,0.4238947669430939,0.5999999999999998
graph_084_mu_0_4_node_156,18,0.12418300653594772,0.0005462461910154713,0.3863109048723898,2.5885885885885886,0.020081778625262673,9.0,9.0,1.0,0.5,0.34615384615384615,0.009240246406570842,0.33333333333333326,0.3336679182621411,0.34615384615384615
graph_084_mu_0_4_node_157,26,0.08615384615384615,0.0014254503313042024,0.4069246435845214,2.4574574574574575,0.028432206795798474,8.0,18.0,0.4444444444444446,0.6923076923076923,0.5294117647058824,0.018633540372670808,0.5294117647058824,0.5300806610269524,0.23529411764705885
graph_084_mu_0_4_node_158,30,0.08735632183908046,0.001871762743779883,0.4046172539489672,2.4714714714714714,0.028226828632222246,12.0,18.0,0.6666666666666665,0.5999999999999998,0.7826086956521738,0.01842374616171955,0.42857142857142855,0.4292405238059836,0.5217391304347825
graph_084_mu_0_4_node_159,31,0.04516129032258064,0.002151147793676892,0.41590341382181517,2.4044044044044046,0.03095951025968954,11.0,20.0,0.5499999999999999,0.6451612903225806,0.9090909090909087,0.020449897750511255,0.4761904761904762,0.47693380481606157,0.5
graph_084_mu_0_4_node_160,25,0.05,0.0012741973351991947,0.4007220216606498,2.4954954954954953,0.02540581327158047,7.0,18.0,0.388888888888889,0.72,0.42857142857142855,0.018789144050104383,0.5625,0.563168846611177,0.1428571428571428
graph_084_mu_0_4_node_161,29,0.150997150997151,0.001374327796998569,0.39564356435643566,2.5275275275275275,0.02552470784325533,13.0,16.0,0.8125,0.5517241379310346,0.8888888888888892,0.01629327902240326,0.3809523809523811,0.38154722071741914,0.6666666666666665
graph_084_mu_0_4_node_162,21,0.08095238095238096,0.0009105106663845674,0.3928430987023201,2.5455455455455454,0.022476430886847063,6.0,15.0,0.4000000000000001,0.7142857142857141,0.5999999999999998,0.015384615384615387,0.5555555555555556,0.5561129484432225,0.2400000000000001
graph_084_mu_0_4_node_163,38,0.06970128022759602,0.002614460239892888,0.42241014799154336,2.3673673673673674,0.04198833366844988,20.0,18.0,1.1111111111111112,0.4736842105263158,0.34615384615384615,0.018987341772151892,0.31034482758620696,0.31101432100285503,0.38461538461538475
graph_084_mu_0_4_node_164,39,0.07152496626180836,0.002911536189159818,0.4296774193548387,2.3273273273273274,0.04184049614219323,16.0,23.0,0.6956521739130432,0.5897435897435896,0.5476190476190476,0.024008350730688927,0.41818181818181804,0.41903686855543787,0.3809523809523811
graph_084_mu_0_4_node_165,28,0.08615384615384615,0.0014272150717814472,0.4013660104459622,2.4914914914914914,0.028089610827217962,12.0,16.0,0.75,0.5714285714285712,0.4705882352941177,0.016563146997929604,0.4000000000000001,0.4005947955390336,0.3235294117647059
graph_084_mu_0_4_node_166,49,0.070578231292517,0.0045896223767529975,0.4455842997323818,2.244244244244244,0.05261236423259203,24.0,25.0,0.9600000000000004,0.5102040816326533,0.5952380952380952,0.026096033402922762,0.3424657534246575,0.3433956399784979,0.5714285714285712
graph_084_mu_0_4_node_167,32,0.06436781609195402,0.0019126001395683239,0.4128099173553719,2.4224224224224224,0.03365791402256445,11.0,21.0,0.5238095238095238,0.65625,0.875,0.02151639344262296,0.48837209302325585,0.48915255907298244,0.41666666666666674
graph_084_mu_0_4_node_168,27,0.11396011396011396,0.0013202398707824517,0.4024979854955681,2.4844844844844847,0.028354905257609343,11.0,16.0,0.6875,0.5925925925925926,0.8888888888888892,0.01629327902240326,0.4210526315789473,0.42164738289855197,0.6111111111111108
graph_084_mu_0_4_node_169,15,0.0380952380952381,0.0005266639334609258,0.37955927051671734,2.6346346346346348,0.015833906101484944,3.0,12.0,0.25,0.8000000000000002,0.6666666666666665,0.012219959266802444,0.6666666666666665,0.6671125312724479,0.0
graph_084_mu_0_4_node_170,34,0.08266129032258064,0.0022007749459637413,0.4134933774834437,2.4184184184184185,0.03240184407254287,14.0,20.0,0.6999999999999998,0.5882352941176471,1.0526315789473684,0.02038735983690112,0.41666666666666674,0.41741016109045853,0.6842105263157895
graph_084_mu_0_4_node_171,41,0.12682926829268293,0.002776374834476019,0.4293081220455522,2.329329329329329,0.053619532598255804,21.0,20.0,1.0500000000000005,0.48780487804878064,0.4444444444444446,0.020942408376963356,0.3225806451612903,0.32332452673534373,0.46666666666666673
graph_084_mu_0_4_node_172,42,0.13974358974358975,0.0025560030905381194,0.4238438693254137,2.359359359359359,0.0570556797152417,25.0,17.0,1.4705882352941173,0.4047619047619049,0.34693877551020413,0.01787592008412198,0.25373134328358216,0.25436390142311704,0.48979591836734687
graph_084_mu_0_4_node_173,27,0.05698005698005698,0.001611086764260322,0.41625,2.4024024024024024,0.03170563338191918,6.0,21.0,0.2857142857142856,0.777777777777778,0.4772727272727274,0.021966527196652715,0.6363636363636365,0.6371438124605268,0.1363636363636363
graph_084_mu_0_4_node_174,18,0.06535947712418301,0.0007360311137318335,0.3858632676709154,2.5915915915915915,0.017671338384708076,5.0,13.0,0.38461538461538475,0.722222222222222,0.6842105263157895,0.013251783893985734,0.5652173913043478,0.5657004651403257,0.21052631578947364
graph_084_mu_0_4_node_175,21,0.08095238095238096,0.0009122245236364963,0.3953304313415117,2.5295295295295297,0.024881830431719498,6.0,15.0,0.4000000000000001,0.7142857142857141,0.46875,0.015495867768595042,0.5555555555555556,0.5561129484432225,0.1875
graph_084_mu_0_4_node_176,17,0.022058823529411766,0.0007425376864436188,0.3824655436447167,2.6146146146146148,0.015925224330034522,4.0,13.0,0.3076923076923076,0.7647058823529413,0.3513513513513515,0.013499480789200408,0.6190476190476188,0.6195306569846756,0.054054054054054064
graph_084_mu_0_4_node_177,25,0.06,0.0013086210935650778,0.4007220216606498,2.4954954954954953,0.02650097722482956,10.0,15.0,0.6666666666666665,0.5999999999999998,0.3409090909090909,0.015690376569037656,0.42857142857142855,0.4291289872080118,0.22727272727272718
graph_084_mu_0_4_node_178,28,0.11375661375661375,0.001292892673408272,0.40024038461538464,2.4984984984984986,0.03558776981351468,15.0,13.0,1.1538461538461535,0.4642857142857144,0.3095238095238094,0.013569937369519834,0.3023255813953489,0.3028090145142362,0.35714285714285704
graph_084_mu_0_4_node_179,34,0.1532976827094474,0.0019031683546666847,0.4211635750421585,2.374374374374374,0.044762004819758595,15.0,19.0,0.7894736842105262,0.5588235294117646,0.59375,0.019628099173553723,0.38775510204081615,0.38846150052391865,0.46875
graph_084_mu_0_4_node_180,30,0.10804597701149425,0.001472651317173902,0.4072564207093355,2.4554554554554553,0.03570156492390658,15.0,15.0,1.0,0.5,0.3260869565217392,0.015723270440251572,0.33333333333333326,0.3338910992947358,0.3260869565217392
graph_084_mu_0_4_node_181,22,0.05789473684210526,0.0008122663132184904,0.39008199921905506,2.5635635635635636,0.02337780451623513,9.0,13.0,0.6923076923076923,0.5909090909090909,0.40625,0.013429752066115706,0.4193548387096773,0.41983805619471615,0.25
graph_084_mu_0_4_node_182,41,0.12804878048780488,0.0025810260898924014,0.432842287694974,2.31031031031031,0.0506622401838306,25.0,16.0,1.5625,0.39024390243902446,0.3478260869565216,0.016771488469601685,0.24242424242424232,0.2430196134147909,0.5434782608695653
graph_084_mu_0_4_node_183,20,0.14736842105263157,0.0006777558607744919,0.39315230224321135,2.5435435435435436,0.03020605535001648,11.0,9.0,1.2222222222222217,0.4500000000000001,0.1836734693877551,0.009463722397476339,0.29032258064516125,0.2906572153356243,0.22448979591836735
graph_084_mu_0_4_node_184,16,0.03333333333333333,0.0005620507005664227,0.38115223197252956,2.6236236236236237,0.017487597499888267,5.0,11.0,0.45454545454545436,0.6875,0.27499999999999997,0.01145833333333333,0.5238095238095238,0.5242183089743389,0.125
graph_084_mu_0_4_node_185,20,0.05263157894736842,0.0008244906175219568,0.39361702127659576,2.5405405405405403,0.023278903767649205,7.0,13.0,0.5384615384615384,0.6500000000000002,0.29545454545454547,0.013598326359832632,0.4814814814814816,0.4819646271313125,0.15909090909090912
graph_084_mu_0_4_node_186,27,0.07692307692307693,0.0014564938591855687,0.4026602176541717,2.4834834834834836,0.029044073242838527,11.0,16.0,0.6875,0.5925925925925926,0.3478260869565216,0.016771488469601685,0.4210526315789473,0.42164738289855197,0.23913043478260876
graph_084_mu_0_4_node_187,30,0.15402298850574714,0.0015812497028451383,0.41590341382181517,2.4044044044044046,0.03453875584220372,15.0,15.0,1.0,0.5,0.625,0.015368852459016395,0.33333333333333326,0.3338910992947358,0.625
graph_084_mu_0_4_node_188,22,0.05194805194805195,0.0010570051560052757,0.39800796812749006,2.5125125125125125,0.023375534193942744,7.0,15.0,0.46666666666666673,0.6818181818181818,0.4054054054054053,0.01557632398753894,0.5172413793103449,0.5177988136260013,0.16216216216216225
graph_084_mu_0_4_node_189,41,0.1073170731707317,0.0028254113809844856,0.4283876500857633,2.334334334334334,0.053052813438669424,20.0,21.0,0.9523809523809524,0.5121951219512193,0.5,0.02192066805845511,0.3442622950819674,0.3450432835902791,0.4761904761904762
graph_084_mu_0_4_node_190,32,0.046370967741935484,0.002002672306270512,0.4265584970111016,2.344344344344344,0.03904495067373957,7.0,25.0,0.28000000000000014,0.78125,0.5681818181818182,0.02615062761506276,0.6410256410256411,0.6419543530877532,0.15909090909090912
graph_084_mu_0_4_node_191,22,0.11255411255411256,0.000987494359393466,0.4000800961153384,2.4994994994994997,0.024819215603373593,8.0,14.0,0.5714285714285712,0.6363636363636365,0.608695652173913,0.0143295803480041,0.46666666666666673,0.4671869967045765,0.3478260869565216
graph_084_mu_0_4_node_192,41,0.11585365853658537,0.002740217578549944,0.42728828058169377,2.34034034034034,0.05866599581596623,22.0,19.0,1.1578947368421058,0.46341463414634165,0.38775510204081615,0.019978969505783383,0.30158730158730157,0.302294067945223,0.4489795918367347
graph_084_mu_0_4_node_193,25,0.06333333333333334,0.001285018865673231,0.40428976123027116,2.4734734734734736,0.02822398046337931,9.0,16.0,0.5625,0.64,0.3809523809523811,0.016701461377870565,0.4705882352941177,0.471182898194586,0.21428571428571427
graph_084_mu_0_4_node_194,20,0.06842105263157895,0.0008698198113509326,0.38992974238875877,2.5645645645645647,0.019853992282925514,8.0,12.0,0.6666666666666665,0.5999999999999998,0.2999999999999999,0.012500000000000002,0.42857142857142855,0.429017458901491,0.17499999999999996
graph_084_mu_0_4_node_195,30,0.08735632183908046,0.0018155421427661048,0.4157303370786517,2.4054054054054053,0.03967435572458056,11.0,19.0,0.5789473684210529,0.6333333333333331,0.4523809523809525,0.0198329853862213,0.46341463414634165,0.4641208225871517,0.2619047619047619
graph_084_mu_0_4_node_196,24,0.11255411255411256,0.0009472876800852375,0.38962558502340094,2.5665665665665665,0.020845346768512463,12.0,12.0,1.0,0.5,0.5454545454545452,0.012269938650306752,0.33333333333333326,0.33377949633154874,0.5
graph_084_mu_0_4_node_197,44,0.08362369337979095,0.0032445813529121195,0.43023255813953487,2.324324324324324,0.046659913684218186,19.0,25.0,0.7599999999999999,0.5681818181818182,0.8620689655172417,0.02574665293511844,0.3968253968253969,0.39775493763223835,0.6206896551724139
graph_084_mu_0_4_node_198,41,0.11470985155195682,0.002536426396495822,0.4220532319391635,2.369369369369369,0.04939433481991813,24.0,17.0,1.4117647058823524,0.41463414634146356,0.4047619047619049,0.017745302713987474,0.26153846153846155,0.26217097260740513,0.5476190476190476
graph_084_mu_0_4_node_199,47,0.11008325624421832,0.00353610748340507,0.43359375,2.3063063063063063,0.05563082429056368,24.0,23.0,1.043478260869565,0.48936170212765967,0.5,0.024109014675052408,0.323943661971831,0.3247992212472095,0.5217391304347825
graph_084_mu_0_4_node_200,16,0.075,0.0005036166451576494,0.38334612432847276,2.6086086086086087,0.01966011436511378,5.0,11.0,0.45454545454545436,0.6875,0.25,0.011506276150627614,0.5238095238095238,0.5242183089743389,0.11363636363636359
graph_084_mu_0_4_node_201,54,0.11689291101055807,0.004527779539742356,0.4483842010771993,2.23023023023023,0.06807800480036863,26.0,28.0,0.9285714285714288,0.5185185185185184,0.875,0.028925619834710755,0.3499999999999999,0.35104151167980946,0.78125
graph_084_mu_0_4_node_202,19,0.0935672514619883,0.0007367245755893849,0.3878105590062112,2.5785785785785786,0.01944048851914915,7.0,12.0,0.5833333333333334,0.6315789473684211,0.3529411764705881,0.012422360248447204,0.4615384615384616,0.46198445871381283,0.20588235294117652
graph_084_mu_0_4_node_203,21,0.09047619047619047,0.0008627749100773138,0.39238020424194814,2.5485485485485486,0.025385378332799063,9.0,12.0,0.75,0.5714285714285712,0.26086956521739124,0.012578616352201257,0.4000000000000001,0.4004460634897036,0.19565217391304346
graph_084_mu_0_4_node_204,30,0.08275862068965517,0.0015783012249426193,0.4197478991596639,2.3823823823823824,0.038318949787860344,12.0,18.0,0.6666666666666665,0.5999999999999998,0.3913043478260869,0.018867924528301886,0.42857142857142855,0.4292405238059836,0.26086956521739124
graph_084_mu_0_4_node_205,22,0.04329004329004329,0.0011381097546811377,0.39161113288906313,2.5535535535535536,0.02100926615862317,5.0,17.0,0.29411764705882354,0.7727272727272727,0.5862068965517241,0.01750772399588054,0.6296296296296297,0.6302612476864751,0.17241379310344834
graph_084_mu_0_4_node_206,31,0.06881720430107527,0.0021784073160983908,0.4054383116883117,2.4664664664664664,0.027464381035982456,11.0,20.0,0.5499999999999999,0.6451612903225806,0.5,0.02083333333333333,0.4761904761904762,0.47693380481606157,0.27499999999999997
graph_084_mu_0_4_node_207,43,0.06866002214839424,0.0034159689924981723,0.42875536480686693,2.3323323323323324,0.04332325285945048,19.0,24.0,0.7916666666666665,0.558139534883721,0.75,0.02479338842975207,0.3870967741935483,0.3879891665487206,0.59375
graph_084_mu_0_4_node_208,21,0.04285714285714286,0.0009600307557719465,0.398961661341853,2.5065065065065064,0.0228292621285307,6.0,15.0,0.4000000000000001,0.7142857142857141,0.625,0.015368852459016395,0.5555555555555556,0.5561129484432225,0.25
graph_084_mu_0_4_node_209,21,0.07017543859649122,0.0008416021942242604,0.3882627283326856,2.5755755755755754,0.02000769437102063,7.0,14.0,0.5,0.6666666666666665,0.608695652173913,0.0143295803480041,0.5,0.5005202913631634,0.26086956521739124
graph_084_mu_0_4_node_210,19,0.051470588235294115,0.0006011855396732544,0.3863109048723898,2.5885885885885886,0.01923245036088332,5.0,14.0,0.35714285714285704,0.7368421052631577,0.5600000000000003,0.014358974358974354,0.5833333333333334,0.5838535473642491,0.16
graph_084_mu_0_4_node_211,48,0.04698581560283688,0.004792887209856592,0.4465802413947251,2.239239239239239,0.050520513165191225,18.0,30.0,0.5999999999999998,0.625,0.7142857142857141,0.03131524008350729,0.45454545454545436,0.4556606132697132,0.42857142857142855
graph_084_mu_0_4_node_212,17,0.051470588235294115,0.0006647864334359141,0.3854166666666667,2.5945945945945947,0.018203578956033608,3.0,14.0,0.21428571428571427,0.8235294117647061,1.1666666666666667,0.014170040485829956,0.6999999999999998,0.7005201367216523,0.25
graph_084_mu_0_4_node_213,18,0.006535947712418301,0.000747930024735554,0.3911511354737666,2.5565565565565564,0.020215213525973302,2.0,16.0,0.125,0.8888888888888892,0.6956521739130432,0.01637666325486182,0.8000000000000002,0.8005943536404163,0.0
graph_084_mu_0_4_node_214,20,0.1631578947368421,0.0007121876724014925,0.38901869158878505,2.5705705705705704,0.026575230734355956,9.0,11.0,0.8181818181818182,0.5499999999999999,0.34375,0.011363636363636364,0.3793103448275863,0.3797192515596779,0.28125
graph_084_mu_0_4_node_215,22,0.06926406926406926,0.001055635230726902,0.39501779359430605,2.5315315315315314,0.023149203753916024,8.0,14.0,0.5714285714285712,0.6363636363636365,0.2692307692307692,0.014767932489451472,0.46666666666666673,0.4671869967045765,0.1538461538461538
graph_084_mu_0_4_node_216,17,0.13970588235294118,0.0005866252632484039,0.3757051523128996,2.6616616616616615,0.014132669879291414,9.0,8.0,1.125,0.4705882352941177,0.5,0.008130081300813009,0.3076923076923076,0.3079897275748269,0.5625
graph_084_mu_0_4_node_217,25,0.08,0.0012766207479764826,0.4033104561970125,2.4794794794794797,0.03307346186073294,8.0,17.0,0.4705882352941177,0.6799999999999998,0.4047619047619049,0.017745302713987474,0.5151515151515154,0.5157832740425923,0.19047619047619055
graph_084_mu_0_4_node_218,19,0.1111111111111111,0.000593326430429979,0.38467462456680784,2.5995995995995997,0.021418311405800097,8.0,11.0,0.7272727272727273,0.5789473684210529,0.3793103448275863,0.011328527291452116,0.4074074074074074,0.4078162837409017,0.2758620689655173
graph_084_mu_0_4_node_219,32,0.06653225806451613,0.002028177314965539,0.42258883248730966,2.3663663663663663,0.038248446860482815,12.0,20.0,0.5999999999999998,0.625,0.38461538461538475,0.02109704641350211,0.45454545454545436,0.45528883842889195,0.2307692307692308
graph_084_mu_0_4_node_220,47,0.11840888066604996,0.0037489317181639793,0.4366258741258741,2.29029029029029,0.06423063493811262,25.0,22.0,1.1363636363636365,0.46808510638297895,0.4489795918367347,0.023133543638275505,0.3055555555555554,0.30637400793650793,0.5102040816326533
graph_084_mu_0_4_node_221,37,0.036036036036036036,0.0031031577657767637,0.4265584970111016,2.344344344344344,0.03960097770857124,9.0,28.0,0.32142857142857145,0.7567567567567568,0.6666666666666665,0.029227557411273482,0.608695652173913,0.6097358483251873,0.21428571428571427
graph_084_mu_0_4_node_222,50,0.051418439716312055,0.0049403928560477345,0.4377738825591586,2.284284284284284,0.047761930285554005,23.0,27.0,0.8518518518518517,0.54,0.6136363636363635,0.028242677824267773,0.36986301369863017,0.37086714178074554,0.5
graph_084_mu_0_4_node_223,22,0.03896103896103896,0.0010401672686659422,0.4004008016032064,2.4974974974974975,0.025515263813284717,6.0,16.0,0.375,0.7272727272727273,0.3809523809523811,0.016701461377870565,0.5714285714285712,0.572023101749618,0.1428571428571428
graph_084_mu_0_4_node_224,18,0.10457516339869281,0.0006342811900537861,0.38482280431432975,2.5985985985985987,0.018469365350585385,7.0,11.0,0.6363636363636365,0.6111111111111108,0.5,0.011247443762781187,0.4400000000000001,0.44040884593941665,0.31818181818181823
graph_084_mu_0_4_node_225,24,0.09057971014492754,0.0012152118617965995,0.391304347826087,2.5555555555555554,0.02270267387222169,8.0,16.0,0.5,0.6666666666666665,1.0,0.016260162601626018,0.5,0.5005946187007579,0.5
graph_084_mu_0_4_node_226,31,0.07526881720430108,0.0019479919112968679,0.41128036228900783,2.4314314314314314,0.03048422479410887,9.0,22.0,0.4090909090909091,0.7096774193548386,1.0,0.022494887525562373,0.5499999999999999,0.5508174791914386,0.4090909090909091
graph_084_mu_0_4_node_227,24,0.14855072463768115,0.0011326212720443353,0.38917023763147646,2.5695695695695697,0.021118751870649318,12.0,12.0,1.0,0.5,0.6666666666666665,0.012219959266802444,0.33333333333333326,0.33377949633154874,0.6666666666666665
graph_084_mu_0_4_node_228,19,0.04093567251461988,0.000821922359693986,0.3864603481624758,2.5875875875875876,0.019702754333288754,5.0,14.0,0.35714285714285704,0.7368421052631577,0.8235294117647061,0.014242115971515762,0.5833333333333334,0.5838535473642491,0.29411764705882354
graph_084_mu_0_4_node_229,24,0.06060606060606061,0.0010832375514632179,0.3928430987023201,2.5455455455455454,0.023425799879598933,9.0,15.0,0.5999999999999998,0.625,0.75,0.01530612244897959,0.45454545454545436,0.45510297173556774,0.4000000000000001
graph_084_mu_0_4_node_230,30,0.06666666666666667,0.001591378226987667,0.41607663473552686,2.4034034034034035,0.037651302877098405,13.0,17.0,0.7647058823529413,0.5666666666666665,0.3777777777777778,0.01780104712041885,0.3953488372093022,0.39598083096371706,0.2888888888888888
graph_084_mu_0_4_node_231,17,0.029411764705882353,0.0006192266958654324,0.3854166666666667,2.5945945945945947,0.017678101325005836,5.0,12.0,0.41666666666666674,0.7058823529411762,0.3243243243243245,0.012461059190031152,0.5454545454545452,0.545900476335259,0.10810810810810813
graph_084_mu_0_4_node_232,25,0.06333333333333334,0.0013054876931914742,0.4069246435845214,2.4574574574574575,0.0302503851197075,7.0,18.0,0.388888888888889,0.72,1.125,0.018292682926829264,0.5625,0.563168846611177,0.4375
graph_084_mu_0_4_node_233,17,0.11029411764705882,0.0005791346614989486,0.3872093023255814,2.5825825825825826,0.020944988763303946,6.0,11.0,0.5454545454545452,0.6470588235294118,0.5499999999999999,0.011224489795918367,0.4782608695652175,0.4786696851150742,0.2999999999999999
graph_084_mu_0_4_node_234,21,0.10952380952380952,0.0008219198766084151,0.3885647607934656,2.5735735735735736,0.022625689427882185,10.0,11.0,0.9090909090909087,0.5238095238095238,0.21153846153846154,0.01160337552742616,0.3548387096774193,0.35524764681262877,0.19230769230769237
graph_084_mu_0_4_node_235,18,0.0784313725490196,0.0006924259323225501,0.38886726352666406,2.5715715715715715,0.019929608174399385,5.0,13.0,0.38461538461538475,0.722222222222222,0.6842105263157895,0.013251783893985734,0.5652173913043478,0.5657004651403257,0.2631578947368421
graph_084_mu_0_4_node_236,19,0.0935672514619883,0.0007299232429984743,0.3791271347248577,2.6376376376376376,0.01653855018991078,7.0,12.0,0.5833333333333334,0.6315789473684211,0.7058823529411762,0.012207527975584944,0.4615384615384616,0.46198445871381283,0.41176470588235303
graph_084_mu_0_4_node_237,28,0.03968253968253968,0.0019852787089023067,0.4062627084180561,2.4614614614614614,0.02546470642427974,6.0,22.0,0.2727272727272726,0.7857142857142859,0.5945945945945947,0.022845275181723787,0.6470588235294118,0.647876120505413,0.16216216216216225
graph_084_mu_0_4_node_238,36,0.0855614973262032,0.00219881708468979,0.4215189873417722,2.3723723723723724,0.04352571603987807,16.0,20.0,0.8000000000000002,0.5555555555555556,0.4444444444444446,0.020942408376963356,0.38461538461538475,0.38535898961241016,0.33333333333333326
graph_084_mu_0_4_node_239,17,0.0661764705882353,0.0006756417767596478,0.38129770992366413,2.6226226226226226,0.015515220976693387,5.0,12.0,0.41666666666666674,0.7058823529411762,1.0,0.012145748987854253,0.5454545454545452,0.545900476335259,0.41666666666666674
graph_084_mu_0_4_node_240,24,0.06159420289855073,0.00108222032827592,0.399919935948759,2.5005005005005003,0.028517964689110567,9.0,15.0,0.5999999999999998,0.625,0.3260869565217392,0.015723270440251572,0.45454545454545436,0.45510297173556774,0.19565217391304346
graph_084_mu_0_4_node_241,20,0.05789473684210526,0.0007880175736700897,0.3867595818815331,2.5855855855855854,0.020155860601415766,8.0,12.0,0.6666666666666665,0.5999999999999998,0.2857142857142856,0.012526096033402925,0.42857142857142855,0.429017458901491,0.16666666666666663
graph_084_mu_0_4_node_242,17,0.08088235294117647,0.0005312141931179936,0.38349328214971207,2.6076076076076076,0.02014772821116821,6.0,11.0,0.5454545454545452,0.6470588235294118,0.34375,0.011363636363636364,0.4782608695652175,0.4786696851150742,0.1875
graph_084_mu_0_4_node_243,19,0.029239766081871343,0.00080123565500099,0.3881118881118881,2.5765765765765765,0.020017117193994953,4.0,15.0,0.2666666666666666,0.7894736842105262,0.7894736842105262,0.015290519877675844,0.6521739130434784,0.6527312230936358,0.15789473684210528
graph_084_mu_0_4_node_244,27,0.08666666666666667,0.001392272358829547,0.3964285714285714,2.5225225225225225,0.022452162690656557,11.0,16.0,0.6875,0.5925925925925926,0.9411764705882354,0.016276703967446595,0.4210526315789473,0.42164738289855197,0.5882352941176471
graph_084_mu_0_4_node_245,28,0.11076923076923077,0.00135871965836043,0.39753282928770395,2.5155155155155153,0.02671324332529945,11.0,17.0,0.6470588235294118,0.6071428571428571,1.0,0.017293997965412002,0.43589743589743607,0.43652933568556374,0.5882352941176471
graph_084_mu_0_4_node_246,24,0.11231884057971014,0.0011791542999820194,0.38735944164404806,2.5815815815815815,0.019060379039201568,10.0,14.0,0.7142857142857141,0.5833333333333334,0.9333333333333335,0.01421319796954315,0.41176470588235303,0.4122851132870069,0.6666666666666665
graph_084_mu_0_4_node_247,15,0.09523809523809523,0.00038573154909474965,0.38202676864244745,2.6176176176176176,0.019631486425158162,5.0,10.0,0.5,0.6666666666666665,0.3448275862068967,0.010298661174047374,0.5,0.5003716366879738,0.17241379310344834
graph_084_mu_0_4_node_248,24,0.09782608695652174,0.001054675172458209,0.4026602176541717,2.4834834834834836,0.031863335476572587,11.0,13.0,0.8461538461538461,0.5416666666666667,0.2888888888888888,0.013612565445026177,0.37142857142857155,0.37191186077018273,0.24444444444444444
graph_084_mu_0_4_node_249,29,0.1396011396011396,0.0012793140578303492,0.3943939992104224,2.5355355355355353,0.026498821813306435,16.0,13.0,1.2307692307692304,0.44827586206896536,0.5652173913043478,0.01330603889457523,0.2888888888888888,0.2893723579654628,0.6521739130434784
graph_084_mu_0_4_node_250,23,0.04743083003952569,0.001041510032631747,0.39454976303317535,2.5345345345345347,0.024356663791899387,9.0,14.0,0.6428571428571429,0.608695652173913,0.2692307692307692,0.014767932489451472,0.4375,0.4380203687184061,0.17307692307692307
graph_084_mu_0_4_node_251,21,0.1761904761904762,0.0007943812609443955,0.38497109826589593,2.5975975975975976,0.020679954982669786,10.0,11.0,0.9090909090909087,0.5238095238095238,0.4583333333333332,0.011270491803278687,0.3548387096774193,0.35524764681262877,0.41666666666666674
graph_084_mu_0_4_node_252,18,0.11764705882352941,0.0007097398581289508,0.38261202604366146,2.6136136136136137,0.017589486475734512,7.0,11.0,0.6363636363636365,0.6111111111111108,0.5789473684210529,0.01121304791029562,0.4400000000000001,0.44040884593941665,0.36842105263157887
graph_084_mu_0_4_node_253,26,0.09846153846153846,0.0014242187389688864,0.39737470167064437,2.5165165165165164,0.024216798673601516,10.0,16.0,0.625,0.6153846153846152,1.0666666666666664,0.016243654822335023,0.4444444444444446,0.4450391515511943,0.6666666666666665
graph_084_mu_0_4_node_254,34,0.0873440285204991,0.0020824894915217164,0.4227676682183665,2.3653653653653652,0.04492596623751649,14.0,20.0,0.6999999999999998,0.5882352941176471,0.4444444444444446,0.020942408376963356,0.41666666666666674,0.41741016109045853,0.311111111111111
graph_084_mu_0_4_node_255,22,0.03896103896103896,0.0012160838606823708,0.3903868698710434,2.5615615615615615,0.019680427801421655,8.0,14.0,0.5714285714285712,0.6363636363636365,0.3783783783783784,0.01453790238836968,0.46666666666666673,0.4671869967045765,0.1891891891891892
graph_084_mu_0_4_node_256,33,0.10752688172043011,0.0019714532527403007,0.4109419991772933,2.4334334334334335,0.030962741778330614,17.0,16.0,1.0625,0.48484848484848464,0.8421052631578946,0.0163098878695209,0.32,0.3205950167348456,0.8421052631578946
graph_084_mu_0_4_node_257,32,0.09475806451612903,0.0016988104430807817,0.4100985221674877,2.4384384384384385,0.03567426920129449,17.0,15.0,1.133333333333333,0.46875,0.2884615384615384,0.015822784810126583,0.3061224489795918,0.3066802979141005,0.3269230769230769
graph_084_mu_0_4_node_258,21,0.07017543859649122,0.0007947162445090934,0.3953304313415117,2.5295295295295297,0.023351450448767856,9.0,12.0,0.75,0.5714285714285712,0.5,0.012295081967213118,0.4000000000000001,0.4004460634897036,0.33333333333333326
graph_084_mu_0_4_node_259,26,0.07692307692307693,0.0014377147157083577,0.4059325477448192,2.4634634634634636,0.028410122784857023,8.0,18.0,0.4444444444444446,0.6923076923076923,1.0588235294117647,0.01831129196337742,0.5294117647058824,0.5300806610269524,0.4705882352941177
graph_084_mu_0_4_node_260,19,0.023391812865497075,0.0007865279516831817,0.3893219017926734,2.5685685685685686,0.020335489257939928,4.0,15.0,0.2666666666666666,0.7894736842105262,0.375,0.015625,0.6521739130434784,0.6527312230936358,0.05000000000000001
graph_084_mu_0_4_node_261,20,0.02631578947368421,0.0010353843953581192,0.3881118881118881,2.5765765765765765,0.018853371293901255,6.0,14.0,0.42857142857142855,0.6999999999999998,0.3499999999999999,0.014583333333333335,0.5384615384615384,0.5389817911557042,0.14999999999999994
graph_084_mu_0_4_node_262,31,0.11397849462365592,0.0019026766142050166,0.4102669404517454,2.4374374374374375,0.03196597388397448,13.0,18.0,0.722222222222222,0.5806451612903225,0.6923076923076923,0.018480492813141684,0.4090909090909091,0.40976005407232186,0.5
graph_084_mu_0_4_node_263,35,0.06554621848739496,0.0023618196714438183,0.41992433795712486,2.3813813813813813,0.038241861873448156,10.0,25.0,0.4000000000000001,0.7142857142857141,0.5952380952380952,0.026096033402922762,0.5555555555555556,0.5564844746652796,0.2380952380952381
graph_084_mu_0_4_node_264,37,0.11561561561561562,0.002146553987318933,0.4211635750421585,2.374374374374374,0.047376057816747134,19.0,18.0,1.0555555555555556,0.48648648648648657,0.42857142857142855,0.018789144050104383,0.32142857142857145,0.3220980150465423,0.4523809523809525
graph_084_mu_0_4_node_265,17,0.029411764705882353,0.0006137570313045485,0.3854166666666667,2.5945945945945947,0.0192285620521121,4.0,13.0,0.3076923076923076,0.7647058823529413,0.3513513513513515,0.013499480789200408,0.6190476190476188,0.6195306569846756,0.054054054054054064
graph_084_mu_0_4_node_266,28,0.09523809523809523,0.0015287405533055867,0.4051094890510949,2.4684684684684686,0.029196802124893024,14.0,14.0,1.0,0.5,0.33333333333333326,0.014613778705636741,0.33333333333333326,0.3338538955405171,0.33333333333333326
graph_084_mu_0_4_node_267,27,0.10666666666666667,0.0013107312392610791,0.39627132090440303,2.5235235235235236,0.024019666669382607,13.0,14.0,0.9285714285714288,0.5185185185185184,0.7368421052631577,0.014271151885830781,0.3499999999999999,0.350520523497918,0.6315789473684211
graph_084_mu_0_4_node_268,27,0.06666666666666667,0.0012527522683433432,0.40104375752709753,2.4934934934934936,0.029083381622523618,13.0,14.0,0.9285714285714288,0.5185185185185184,0.3043478260869565,0.014675052410901472,0.3499999999999999,0.350520523497918,0.26086956521739124
graph_084_mu_0_4_node_269,55,0.11030478955007257,0.0047645254200929955,0.44618133095131757,2.2412412412412412,0.06888534622990831,29.0,26.0,1.115384615384615,0.4727272727272728,0.6190476190476188,0.027139874739039668,0.3095238095238094,0.3104912153877774,0.6666666666666665
graph_084_mu_0_4_node_270,34,0.12477718360071301,0.0020633368723399427,0.4114497528830313,2.4304304304304303,0.033432255851537654,16.0,18.0,0.8888888888888892,0.5294117647058824,0.75,0.01844262295081967,0.36,0.36066929426637906,0.6666666666666665
graph_084_mu_0_4_node_271,33,0.0989247311827957,0.0018080437859622981,0.4079216006533279,2.4514514514514514,0.031043924726525986,15.0,18.0,0.8333333333333335,0.5454545454545452,0.75,0.01844262295081967,0.375,0.3756692444973231,0.5833333333333334
graph_084_mu_0_4_node_272,21,0.14035087719298245,0.0007123856796472845,0.37970353477765106,2.6336336336336337,0.018021870626031593,11.0,10.0,1.0999999999999999,0.4761904761904762,0.5555555555555556,0.010183299389002034,0.3125,0.31287180249851276,0.5555555555555556
graph_084_mu_0_4_node_273,36,0.1365079365079365,0.0019746046806107982,0.42241014799154336,2.3673673673673674,0.05211251206301546,21.0,15.0,1.3999999999999997,0.41666666666666674,0.3061224489795918,0.015772870662460574,0.2631578947368421,0.2637159096916429,0.42857142857142855
graph_084_mu_0_4_node_274,30,0.09788359788359788,0.0013268912353370935,0.40396279822078446,2.4754754754754753,0.03337252228262999,17.0,13.0,1.3076923076923077,0.43333333333333346,0.2826086956521739,0.013626834381551357,0.27659574468085113,0.2770792497204612,0.3478260869565216
graph_084_mu_0_4_node_275,34,0.1265597147950089,0.002143234123407314,0.408923454768727,2.4454454454454453,0.031153296671538187,15.0,19.0,0.7894736842105262,0.5588235294117646,1.0555555555555556,0.019348268839103868,0.38775510204081615,0.38846150052391865,0.8333333333333335
graph_084_mu_0_4_node_276,21,0.0935672514619883,0.0007335010601806572,0.38796116504854367,2.5775775775775776,0.02125051133474724,8.0,13.0,0.6153846153846152,0.6190476190476188,0.722222222222222,0.013238289205702643,0.44827586206896536,0.44875904363373037,0.388888888888889
graph_084_mu_0_4_node_277,28,0.04923076923076923,0.0014729099904740206,0.4051094890510949,2.4684684684684686,0.029226405322891377,10.0,18.0,0.5555555555555556,0.6428571428571429,0.6923076923076923,0.018480492813141684,0.4736842105263158,0.47435320628934274,0.34615384615384615
graph_084_mu_0_4_node_278,29,0.05698005698005698,0.0016431429479516913,0.4117889530090684,2.4284284284284285,0.032997414122873006,9.0,20.0,0.4500000000000001,0.6896551724137934,1.25,0.020325203252032523,0.5263157894736842,0.5270590076082068,0.5
graph_084_mu_0_4_node_279,19,0.05847953216374269,0.0007790833668078937,0.39161113288906313,2.5535535535535536,0.022191175627646432,5.0,14.0,0.35714285714285704,0.7368421052631577,0.4375,0.014462809917355378,0.5833333333333334,0.5838535473642491,0.15625
graph_084_mu_0_4_node_280,30,0.11494252873563218,0.0019325134827603654,0.4052738336713996,2.4674674674674675,0.027083773106099093,13.0,17.0,0.7647058823529413,0.5666666666666665,1.0,0.017293997965412002,0.3953488372093022,0.39598083096371706,0.7647058823529413
graph_084_mu_0_4_node_281,23,0.07114624505928854,0.0011526641397645208,0.39423835832675613,2.5365365365365364,0.021805023509650603,6.0,17.0,0.3529411764705881,0.7391304347826088,0.7727272727272727,0.017382413087934562,0.5862068965517241,0.5868385615463364,0.2727272727272726
graph_084_mu_0_4_node_282,36,0.12834224598930483,0.0018795804024460436,0.4206315789473684,2.3773773773773774,0.0468971336537077,19.0,17.0,1.1176470588235292,0.4722222222222222,0.3777777777777778,0.01780104712041885,0.309090909090909,0.30972318491193784,0.4000000000000001
graph_084_mu_0_4_node_283,28,0.12307692307692308,0.0012570477128699457,0.39753282928770395,2.5155155155155153,0.02944686488748375,16.0,12.0,1.333333333333333,0.42857142857142855,0.2307692307692308,0.012658227848101269,0.2727272727272726,0.2731735684725866,0.2884615384615384
graph_084_mu_0_4_node_284,28,0.08994708994708994,0.0014314386390278074,0.3991210547343188,2.5055055055055053,0.03026506446826449,14.0,14.0,1.0,0.5,0.2692307692307692,0.014767932489451472,0.33333333333333326,0.3338538955405171,0.2692307692307692
graph_084_mu_0_4_node_285,20,0.07894736842105263,0.0007709636664089453,0.38886726352666406,2.5715715715715715,0.020565792449867327,10.0,10.0,1.0,0.5,0.2380952380952381,0.0104384133611691,0.33333333333333326,0.33370510818648225,0.21428571428571427
graph_084_mu_0_4_node_286,30,0.09425287356321839,0.0017628017877374755,0.4099302421009438,2.4394394394394396,0.030853903075029086,17.0,13.0,1.3076923076923077,0.43333333333333346,0.3095238095238094,0.013569937369519834,0.27659574468085113,0.2770792497204612,0.4047619047619049
graph_084_mu_0_4_node_287,35,0.11174242424242424,0.0018398784118308995,0.41607663473552686,2.4034034034034035,0.04274600473096608,19.0,16.0,1.1875,0.45714285714285724,0.3809523809523811,0.016701461377870565,0.2962962962962963,0.296891401555539,0.42857142857142855
graph_084_mu_0_4_node_288,17,0.08823529411764706,0.0005129378770122422,0.38261202604366146,2.6136136136136137,0.019092995974918744,8.0,9.0,0.8888888888888892,0.5294117647058824,0.21428571428571427,0.009394572025052192,0.36,0.3603345600535297,0.19047619047619055
graph_084_mu_0_4_node_289,32,0.11724137931034483,0.00167549024669885,0.4049452776651804,2.4694694694694697,0.036171053666459764,15.0,17.0,0.8823529411764709,0.53125,0.53125,0.01756198347107438,0.3617021276595746,0.3623342154082267,0.4375
graph_084_mu_0_4_node_290,38,0.08961593172119488,0.0024324711453003254,0.42241014799154336,2.3673673673673674,0.046886809411626165,17.0,21.0,0.8095238095238098,0.5526315789473684,0.46666666666666673,0.02198952879581151,0.38181818181818183,0.38259899609592873,0.3777777777777778
graph_084_mu_0_4_node_291,16,0.008333333333333333,0.0006651569666762244,0.3776937618147448,2.6476476476476476,0.013487847129863745,5.0,11.0,0.45454545454545436,0.6875,0.29729729729729737,0.011422637590861894,0.5238095238095238,0.5242183089743389,0.0
graph_084_mu_0_4_node_292,18,0.026143790849673203,0.0007148186782656907,0.38917023763147646,2.5695695695695697,0.018277235551072992,3.0,15.0,0.20000000000000004,0.8333333333333335,0.2884615384615384,0.015822784810126583,0.7142857142857141,0.7148429829263504,0.0576923076923077
graph_084_mu_0_4_node_293,18,0.0718954248366013,0.0007914465161971478,0.3836405529953917,2.6066066066066065,0.017348629189836647,5.0,13.0,0.38461538461538475,0.722222222222222,0.6842105263157895,0.013251783893985734,0.5652173913043478,0.5657004651403257,0.2631578947368421
graph_084_mu_0_4_node_294,26,0.15579710144927536,0.0009593175889742209,0.3885647607934656,2.5735735735735736,0.023701196854789393,14.0,12.0,1.1666666666666667,0.4615384615384616,0.75,0.012195121951219514,0.2999999999999999,0.300446229361892,0.8125
graph_084_mu_0_4_node_295,20,0.06315789473684211,0.0009147937380237942,0.3920722135007849,2.5505505505505504,0.02072801127281143,7.0,13.0,0.5384615384615384,0.6500000000000002,0.7647058823529413,0.013224821973550353,0.4814814814814816,0.4819646271313125,0.41176470588235303
graph_084_mu_0_4_node_296,23,0.1067193675889328,0.001027297694704068,0.39330708661417324,2.5425425425425425,0.022947324248186626,10.0,13.0,0.7692307692307695,0.5652173913043478,0.8125,0.013211382113821137,0.39393939393939387,0.3944226473500478,0.625
graph_084_mu_0_4_node_297,32,0.1431451612903226,0.0015628840863085988,0.4124690338563171,2.4244244244244246,0.04258278476569912,18.0,14.0,1.2857142857142858,0.4375,0.33333333333333326,0.014613778705636741,0.28000000000000014,0.28052071710183746,0.42857142857142855
graph_084_mu_0_4_node_298,47,0.11818181818181818,0.0036974501449515648,0.42802056555269924,2.3363363363363363,0.043236363738119364,25.0,22.0,1.1363636363636365,0.46808510638297895,0.8461538461538461,0.022587268993839837,0.3055555555555554,0.30637400793650793,0.9230769230769232
graph_084_mu_0_4_node_299,32,0.09655172413793103,0.0017186731883856573,0.4107730263157895,2.4344344344344346,0.03590848775107864,12.0,20.0,0.5999999999999998,0.625,0.6896551724137934,0.02059732234809475,0.45454545454545436,0.45528883842889195,0.3793103448275863
graph_084_mu_0_4_node_300,51,0.13176470588235295,0.0042509261645826205,0.4475806451612903,2.234234234234234,0.06818775791743825,27.0,24.0,1.125,0.4705882352941177,0.5714285714285712,0.02505219206680585,0.3076923076923076,0.3085852312729313,0.6428571428571429
graph_084_mu_0_4_node_301,21,0.04285714285714286,0.0011213761907444726,0.3858632676709154,2.5915915915915915,0.017924986686314825,6.0,15.0,0.4000000000000001,0.7142857142857141,0.35714285714285704,0.015657620041753646,0.5555555555555556,0.5561129484432225,0.1428571428571428
graph_084_mu_0_4_node_302,22,0.13852813852813853,0.0009956809753110876,0.391304347826087,2.5555555555555554,0.022052288487026485,11.0,11.0,1.0,0.5,0.4782608695652175,0.011258955987717504,0.33333333333333326,0.33374230087618184,0.4782608695652175
graph_084_mu_0_4_node_303,20,0.05263157894736842,0.0008404563096951705,0.3928430987023201,2.5455455455455454,0.023076646418598218,4.0,16.0,0.25,0.8000000000000002,0.5,0.01652892561983471,0.6666666666666665,0.6672611086342696,0.09375
graph_084_mu_0_4_node_304,23,0.09486166007905138,0.0011039179628258423,0.3997599039615846,2.5015015015015014,0.02594612758954943,8.0,15.0,0.5333333333333332,0.6521739130434784,0.46875,0.015495867768595042,0.4838709677419357,0.48442844349174047,0.25
graph_084_mu_0_4_node_305,20,0.06315789473684211,0.0008162849402297469,0.3885647607934656,2.5735735735735736,0.02186303308344935,7.0,13.0,0.5384615384615384,0.6500000000000002,0.40625,0.013429752066115706,0.4814814814814816,0.4819646271313125,0.1875
graph_084_mu_0_4_node_306,26,0.09057971014492754,0.0012204557927039089,0.38796116504854367,2.5775775775775776,0.020080980181156234,13.0,13.0,1.0,0.5,0.722222222222222,0.013238289205702643,0.33333333333333326,0.3338166945528908,0.6666666666666665
graph_084_mu_0_4_node_307,25,0.06666666666666667,0.0014454881085829373,0.39832535885167464,2.5105105105105103,0.02245807427431087,8.0,17.0,0.4705882352941177,0.6799999999999998,0.8947368421052634,0.01732925586136596,0.5151515151515154,0.5157832740425923,0.4210526315789473
graph_084_mu_0_4_node_308,24,0.06521739130434782,0.0012307608420573924,0.39564356435643566,2.5275275275275275,0.023207404797077526,10.0,14.0,0.7142857142857141,0.5833333333333334,0.3499999999999999,0.014583333333333335,0.41176470588235303,0.4122851132870069,0.25
graph_084_mu_0_4_node_309,21,0.06190476190476191,0.0009901362966667144,0.3863109048723898,2.5885885885885886,0.019633178577812098,6.0,15.0,0.4000000000000001,0.7142857142857141,0.375,0.015625,0.5555555555555556,0.5561129484432225,0.14999999999999994
graph_084_mu_0_4_node_310,26,0.04923076923076923,0.001670173617470687,0.3991210547343188,2.5055055055055053,0.022577327424254327,7.0,19.0,0.36842105263157887,0.7307692307692305,1.1875,0.0193089430894309,0.5757575757575759,0.5764635542809663,0.4375
graph_084_mu_0_4_node_311,22,0.1,0.0008702273728355482,0.3855654187572366,2.5935935935935936,0.01896234862875667,9.0,13.0,0.6923076923076923,0.5909090909090909,0.3823529411764707,0.013457556935817802,0.4193548387096773,0.41983805619471615,0.23529411764705885
graph_084_mu_0_4_node_312,37,0.05714285714285714,0.0026195212802017586,0.4185169669040637,2.3893893893893896,0.03717604387524554,13.0,24.0,0.5416666666666667,0.648648648648649,0.9230769230769232,0.024640657084188906,0.4800000000000002,0.48089199435070257,0.4615384615384616
graph_084_mu_0_4_node_313,20,0.12631578947368421,0.0007499697669826732,0.38393543428132204,2.6046046046046047,0.01987315615459762,9.0,11.0,0.8181818181818182,0.5499999999999999,0.4230769230769231,0.011293634496919919,0.3793103448275863,0.3797192515596779,0.34615384615384615
graph_084_mu_0_4_node_314,31,0.08387096774193549,0.0019917833103964048,0.4141791044776119,2.4144144144144146,0.0336223421580343,15.0,16.0,0.9375,0.5161290322580643,0.3809523809523811,0.016701461377870565,0.3478260869565216,0.34842101519330304,0.35714285714285704
graph_084_mu_0_4_node_315,21,0.03333333333333333,0.0011164052600707603,0.38962558502340094,2.5665665665665665,0.018292837771876878,4.0,17.0,0.23529411764705885,0.8095238095238098,0.5,0.017598343685300215,0.6799999999999998,0.6806315711260544,0.08823529411764702
graph_084_mu_0_4_node_316,20,0.04736842105263158,0.0009329284464525348,0.3885647607934656,2.5735735735735736,0.018863131315292204,6.0,14.0,0.42857142857142855,0.6999999999999998,1.1666666666666667,0.014170040485829956,0.5384615384615384,0.5389817911557042,0.41666666666666674
graph_084_mu_0_4_node_317,19,0.07602339181286549,0.0007830121985280032,0.38188073394495414,2.6186186186186187,0.016971851310328627,5.0,14.0,0.35714285714285704,0.7368421052631577,0.875,0.01422764227642276,0.5833333333333334,0.5838535473642491,0.3125
graph_084_mu_0_4_node_318,24,0.10507246376811594,0.001138746708795464,0.3929976396538159,2.5445445445445447,0.0278307051523954,11.0,13.0,0.8461538461538461,0.5416666666666667,0.3095238095238094,0.013569937369519834,0.37142857142857155,0.37191186077018273,0.2619047619047619
graph_084_mu_0_4_node_319,36,0.10873440285204991,0.002100357156046126,0.41590341382181517,2.4044044044044046,0.037686190042036695,18.0,18.0,1.0,0.5,0.7826086956521738,0.01842374616171955,0.33333333333333326,0.33400272716003454,0.7391304347826088
graph_084_mu_0_4_node_320,19,0.1111111111111111,0.0006405549137230661,0.39377217185652347,2.5395395395395397,0.022804631805535523,11.0,8.0,1.375,0.4210526315789473,0.18181818181818182,0.00836820083682008,0.2666666666666666,0.2669641307850574,0.25
graph_084_mu_0_4_node_321,28,0.18518518518518517,0.0012078986908892833,0.40120481927710844,2.4924924924924925,0.035488134239687476,17.0,11.0,1.5454545454545454,0.39285714285714296,0.34375,0.011363636363636364,0.24444444444444444,0.24485359452813424,0.53125
graph_084_mu_0_4_node_322,30,0.059770114942528735,0.001856486345163327,0.4102669404517454,2.4374374374374375,0.029346838057856768,11.0,19.0,0.5789473684210529,0.6333333333333331,0.8260869565217388,0.019447287615148412,0.46341463414634165,0.4641208225871517,0.3913043478260869
graph_084_mu_0_4_node_323,28,0.13227513227513227,0.0013725101835944397,0.40942622950819674,2.4424424424424425,0.03567653232889252,13.0,15.0,0.8666666666666669,0.5357142857142857,0.46875,0.015495867768595042,0.36585365853658547,0.36641134154956073,0.40625
graph_084_mu_0_4_node_324,29,0.1225071225071225,0.00139893155523667,0.40428976123027116,2.4734734734734736,0.034555304665136496,13.0,16.0,0.8125,0.5517241379310346,0.5,0.01652892561983471,0.3809523809523811,0.38154722071741914,0.375
graph_084_mu_0_4_node_325,34,0.10873440285204991,0.0022394864871523503,0.4167709637046308,2.3993993993993996,0.04006756913231933,15.0,19.0,0.7894736842105262,0.5588235294117646,0.59375,0.019628099173553723,0.38775510204081615,0.38846150052391865,0.46875
graph_084_mu_0_4_node_326,45,0.12070874861572536,0.003199188489458077,0.43134715025906734,2.3183183183183185,0.05444389310581508,22.0,23.0,0.956521739130435,0.5111111111111111,0.71875,0.023760330578512394,0.3432835820895522,0.34413901408270864,0.65625
graph_084_mu_0_4_node_327,21,0.05238095238095238,0.0010538841610606556,0.39176470588235296,2.5525525525525525,0.020438147888405193,7.0,14.0,0.5,0.6666666666666665,0.3783783783783784,0.01453790238836968,0.5,0.5005202913631634,0.1891891891891892
graph_084_mu_0_4_node_328,32,0.1431451612903226,0.0016846499964513822,0.41469489414694893,2.4114114114114114,0.047271428471010866,17.0,15.0,1.133333333333333,0.46875,0.3061224489795918,0.015772870662460574,0.3061224489795918,0.3066802979141005,0.34693877551020413
graph_084_mu_0_4_node_329,44,0.06968641114982578,0.0035608566800737203,0.4263764404609475,2.3453453453453452,0.04176094292398837,22.0,22.0,1.0,0.5,0.5238095238095238,0.02296450939457202,0.33333333333333326,0.33415160306479214,0.5
graph_084_mu_0_4_node_330,22,0.025974025974025976,0.0012124223142611422,0.39548693586698336,2.5285285285285286,0.02251128936359037,4.0,18.0,0.2222222222222223,0.8181818181818182,0.5625,0.018595041322314047,0.6923076923076923,0.6929763898335112,0.125
graph_084_mu_0_4_node_331,36,0.0761904761904762,0.002623012330584842,0.43060344827586206,2.3223223223223224,0.04127180773312193,17.0,19.0,0.8947368421052634,0.5277777777777778,0.4523809523809525,0.0198329853862213,0.3584905660377358,0.3591970695888458,0.4047619047619049
graph_084_mu_0_4_node_332,20,0.15789473684210525,0.0007362901936937873,0.3903868698710434,2.5615615615615615,0.022678586209741128,9.0,11.0,0.8181818181818182,0.5499999999999999,0.4583333333333332,0.011270491803278687,0.3793103448275863,0.3797192515596779,0.375
graph_084_mu_0_4_node_333,16,0.05,0.0006066780732564442,0.3878105590062112,2.5785785785785786,0.019882886631128978,4.0,12.0,0.33333333333333326,0.75,0.2999999999999999,0.012500000000000002,0.5999999999999998,0.6004458977407847,0.10000000000000002
graph_084_mu_0_4_node_334,24,0.08695652173913043,0.0010542007928265769,0.39737470167064437,2.5165165165165164,0.03277947810312679,11.0,13.0,0.8461538461538461,0.5416666666666667,0.2653061224489796,0.013669821240799159,0.37142857142857155,0.37191186077018273,0.22448979591836735
graph_084_mu_0_4_node_335,19,0.05263157894736842,0.0007679076397057448,0.39564356435643566,2.5275275275275275,0.023182397890525668,2.0,17.0,0.11764705882352942,0.8947368421052634,0.4594594594594596,0.01765316718587747,0.8095238095238098,0.8101552868092002,0.054054054054054064
graph_084_mu_0_4_node_336,50,0.08,0.004692417460958228,0.4467799642218247,2.2382382382382384,0.05421802283460111,23.0,27.0,0.8518518518518517,0.54,0.5869565217391305,0.028301886792452827,0.36986301369863017,0.37086714178074554,0.5
graph_084_mu_0_4_node_337,20,0.07368421052631578,0.0007139880053746318,0.39564356435643566,2.5275275275275275,0.028097986248640298,6.0,14.0,0.42857142857142855,0.6999999999999998,0.33333333333333326,0.014613778705636741,0.5384615384615384,0.5389817911557042,0.1428571428571428
graph_084_mu_0_4_node_338,25,0.09,0.0013014480683997487,0.40024038461538464,2.4984984984984986,0.02482523051393476,10.0,15.0,0.6666666666666665,0.5999999999999998,0.6521739130434784,0.015353121801432952,0.42857142857142855,0.4291289872080118,0.4347826086956522
graph_084_mu_0_4_node_339,40,0.0782051282051282,0.0029665163015121913,0.4293081220455522,2.329329329329329,0.04915793413819736,16.0,24.0,0.6666666666666665,0.5999999999999998,0.5333333333333332,0.025130890052356022,0.42857142857142855,0.4294636218799787,0.3555555555555554
graph_084_mu_0_4_node_340,22,0.05194805194805195,0.001052892673124347,0.3964285714285714,2.5225225225225225,0.024483249325593905,6.0,16.0,0.375,0.7272727272727273,0.36363636363636365,0.01673640167364016,0.5714285714285712,0.572023101749618,0.1363636363636363
graph_084_mu_0_4_node_341,21,0.11428571428571428,0.0008010087277153287,0.39501779359430605,2.5315315315315314,0.03142193738349785,10.0,11.0,0.9090909090909087,0.5238095238095238,0.22448979591836735,0.011566771819137752,0.3548387096774193,0.35524764681262877,0.20408163265306117
graph_084_mu_0_4_node_342,23,0.04743083003952569,0.001233910224909365,0.38917023763147646,2.5695695695695697,0.02017127359852918,6.0,17.0,0.3529411764705881,0.7391304347826088,0.5,0.017598343685300215,0.5862068965517241,0.5868385615463364,0.17647058823529405
graph_084_mu_0_4_node_343,24,0.03985507246376811,0.0012623577356822256,0.3958003169572108,2.5265265265265264,0.023583573459864882,5.0,19.0,0.2631578947368421,0.7916666666666665,0.5588235294117646,0.019668737060041408,0.6551724137931033,0.6558782874045759,0.14705882352941177
graph_084_mu_0_4_node_344,18,0.16993464052287582,0.0006587195882937197,0.38129770992366413,2.6226226226226226,0.017183564920870482,9.0,9.0,1.0,0.5,0.34615384615384615,0.009240246406570842,0.33333333333333326,0.3336679182621411,0.34615384615384615
graph_084_mu_0_4_node_345,21,0.05238095238095238,0.000935445337197374,0.3976910828025478,2.5145145145145147,0.023967624763936424,5.0,16.0,0.3125,0.7619047619047622,0.5,0.01652892561983471,0.6153846153846152,0.6159791015256574,0.15625
graph_084_mu_0_4_node_346,23,0.08695652173913043,0.001006482529720138,0.39564356435643566,2.5275275275275275,0.026759997574511675,11.0,12.0,0.9166666666666664,0.5217391304347825,0.2307692307692308,0.012658227848101269,0.3529411764705881,0.35338730629436704,0.21153846153846154
graph_084_mu_0_4_node_347,17,0.029411764705882353,0.0007123027992686527,0.3851195065535852,2.5965965965965965,0.017536405606094773,3.0,14.0,0.21428571428571427,0.8235294117647061,0.33333333333333326,0.014613778705636741,0.6999999999999998,0.7005201367216523,0.0714285714285714
graph_084_mu_0_4_node_348,22,0.1038961038961039,0.0008948666471621405,0.39470564994073487,2.5335335335335336,0.02485018595073036,6.0,16.0,0.375,0.7272727272727273,0.5,0.01652892561983471,0.5714285714285712,0.572023101749618,0.1875
graph_084_mu_0_4_node_349,16,0.2,0.0004101421330505848,0.38497109826589593,2.5975975975975976,0.021819849964952256,8.0,8.0,1.0,0.5,0.25,0.008264462809917356,0.33333333333333326,0.33363073110285,0.25
graph_084_mu_0_4_node_350,22,0.08658008658008658,0.0009704848099191692,0.3943939992104224,2.5355355355355353,0.02284452474801319,7.0,15.0,0.46666666666666673,0.6818181818181818,0.75,0.01530612244897959,0.5172413793103449,0.5177988136260013,0.3499999999999999
graph_084_mu_0_4_node_351,16,0.025,0.0006206099365365183,0.37755102040816324,2.6486486486486487,0.01503416777140859,4.0,12.0,0.33333333333333326,0.75,0.6666666666666665,0.012219959266802444,0.5999999999999998,0.6004458977407847,0.05555555555555557
graph_084_mu_0_4_node_352,19,0.11764705882352941,0.0006773493638098203,0.37471867966991745,2.6686686686686687,0.012973951772015513,9.0,10.0,0.9000000000000002,0.5263157894736842,0.6666666666666665,0.010152284263959394,0.35714285714285704,0.3575146043547531,0.5333333333333332
graph_084_mu_0_4_node_353,25,0.06333333333333334,0.0011669462563828673,0.4049452776651804,2.4694694694694697,0.02992536169949804,11.0,14.0,0.7857142857142859,0.5600000000000003,0.2692307692307692,0.014767932489451472,0.388888888888889,0.3894093349855431,0.19230769230769237
graph_084_mu_0_4_node_354,17,0.16176470588235295,0.0005087269603107578,0.38497109826589593,2.5975975975975976,0.02115950852739081,8.0,9.0,0.8888888888888892,0.5294117647058824,0.28125,0.009297520661157023,0.36,0.3603345600535297,0.25
graph_084_mu_0_4_node_355,23,0.06719367588932806,0.0010563045341633616,0.3967434471803018,2.5205205205205203,0.02445220148089912,7.0,16.0,0.4375,0.6956521739130432,0.6666666666666665,0.016393442622950814,0.5333333333333332,0.5339279078409512,0.2916666666666667
graph_084_mu_0_4_node_356,29,0.0665024630541872,0.0017088165208634612,0.41400745959386653,2.4154154154154153,0.03358815288743731,11.0,18.0,0.6111111111111108,0.6206896551724139,0.34615384615384615,0.018987341772151892,0.4500000000000001,0.45066904549509357,0.19230769230769237
graph_084_mu_0_4_node_357,30,0.09885057471264368,0.0016674142021218957,0.4164235097957482,2.4014014014014013,0.0411979446051761,12.0,18.0,0.6666666666666665,0.5999999999999998,0.3673469387755102,0.018927444794952678,0.42857142857142855,0.4292405238059836,0.24489795918367344
graph_084_mu_0_4_node_358,20,0.10526315789473684,0.0007265338716707644,0.3909980430528376,2.5575575575575575,0.022993221069301444,9.0,11.0,0.8181818181818182,0.5499999999999999,0.34375,0.011363636363636364,0.3793103448275863,0.3797192515596779,0.28125
graph_084_mu_0_4_node_359,19,0.029239766081871343,0.0006982493937126758,0.3929976396538159,2.5445445445445447,0.023318606378046655,3.0,16.0,0.1875,0.8421052631578946,0.36363636363636365,0.01673640167364016,0.7272727272727273,0.7278671250734553,0.045454545454545456
graph_084_mu_0_4_node_360,26,0.11384615384615385,0.0013084884650250254,0.398961661341853,2.5065065065065064,0.02500745081297445,10.0,16.0,0.625,0.6153846153846152,0.8000000000000002,0.016326530612244903,0.4444444444444446,0.4450391515511943,0.5
graph_084_mu_0_4_node_361,27,0.10256410256410256,0.0014590484873185214,0.39595719381688466,2.5255255255255253,0.023774450466927475,14.0,13.0,1.0769230769230769,0.4814814814814816,0.5909090909090909,0.013292433537832306,0.3170731707317073,0.3175565678982562,0.6363636363636365
graph_084_mu_0_4_node_362,34,0.06951871657754011,0.002296803950283478,0.42045454545454547,2.3783783783783785,0.03560568166062769,13.0,21.0,0.6190476190476188,0.6176470588235293,0.65625,0.021694214876033065,0.44680851063829785,0.4475890927295145,0.40625
graph_084_mu_0_4_node_363,33,0.0928030303030303,0.0023109331224756132,0.4028225806451613,2.4824824824824825,0.025710651284537766,15.0,18.0,0.8333333333333335,0.5454545454545452,0.9473684210526316,0.01834862385321101,0.375,0.3756692444973231,0.7894736842105262
graph_084_mu_0_4_node_364,19,0.14035087719298245,0.0006847778164719125,0.3872093023255814,2.5825825825825826,0.02693009877920834,8.0,11.0,0.7272727272727273,0.5789473684210529,0.22448979591836735,0.011566771819137752,0.4074074074074074,0.4078162837409017,0.16326530612244897
graph_084_mu_0_4_node_365,36,0.10476190476190476,0.002112227741527671,0.42528735632183906,2.3513513513513513,0.052664005505290795,15.0,21.0,0.7142857142857141,0.5833333333333334,0.42857142857142855,0.022082018927444793,0.41176470588235303,0.4125454040495711,0.3061224489795918
graph_084_mu_0_4_node_366,23,0.1225296442687747,0.0010695896003124108,0.3909980430528376,2.5575575575575575,0.022538147038811334,10.0,13.0,0.7692307692307695,0.5652173913043478,0.8125,0.013211382113821137,0.39393939393939387,0.3944226473500478,0.625
graph_084_mu_0_4_node_367,21,0.07602339181286549,0.0007249206239422906,0.3855654187572366,2.5935935935935936,0.019742518880742615,7.0,14.0,0.5,0.6666666666666665,0.777777777777778,0.014256619144602854,0.5,0.5005202913631634,0.33333333333333326
graph_084_mu_0_4_node_368,20,0.13157894736842105,0.0008368137650136022,0.38841368584758945,2.5745745745745747,0.020385098591102026,8.0,12.0,0.6666666666666665,0.5999999999999998,0.7058823529411762,0.012207527975584944,0.42857142857142855,0.429017458901491,0.4705882352941177
graph_084_mu_0_4_node_369,16,0.05,0.0005763678611783574,0.3858632676709154,2.5915915915915915,0.01831873661500945,3.0,13.0,0.2307692307692308,0.8125,0.3095238095238094,0.013569937369519834,0.6842105263157895,0.6846935283592597,0.0714285714285714
graph_084_mu_0_4_node_370,20,0.05263157894736842,0.0007714831166359435,0.39008199921905506,2.5635635635635636,0.02354852855787932,7.0,13.0,0.5384615384615384,0.6500000000000002,0.44827586206896536,0.013388259526261582,0.4814814814814816,0.4819646271313125,0.17241379310344834
graph_084_mu_0_4_node_371,20,0.031578947368421054,0.0008696018843730965,0.3951740506329114,2.5305305305305303,0.022346584301002864,4.0,16.0,0.25,0.8000000000000002,0.6956521739130432,0.01637666325486182,0.6666666666666665,0.6672611086342696,0.13043478260869562
graph_084_mu_0_4_node_372,26,0.11076923076923077,0.0013420952969579805,0.39315230224321135,2.5435435435435436,0.022710351941356323,12.0,14.0,0.8571428571428571,0.5384615384615384,0.608695652173913,0.0143295803480041,0.36842105263157887,0.36894153742598756,0.5217391304347825
graph_084_mu_0_4_node_373,21,0.10476190476190476,0.0008915117521192362,0.39548693586698336,2.5285285285285286,0.024452364458241605,8.0,13.0,0.6153846153846152,0.6190476190476188,0.40625,0.013429752066115706,0.44827586206896536,0.44875904363373037,0.25
graph_084_mu_0_4_node_374,31,0.04086021505376344,0.002230834922663493,0.41816659690246966,2.3913913913913913,0.03195973678539223,7.0,24.0,0.2916666666666667,0.7741935483870966,0.75,0.02479338842975207,0.6315789473684211,0.6324705440695132,0.21875
graph_084_mu_0_4_node_375,18,0.0718954248366013,0.000712579242020093,0.3863109048723898,2.5885885885885886,0.018836500340533923,6.0,12.0,0.5,0.6666666666666665,0.5,0.012295081967213118,0.5,0.5004459640255686,0.25
graph_084_mu_0_4_node_376,22,0.09473684210526316,0.0008353848331354159,0.3842307692307692,2.6026026026026026,0.01922879911889119,11.0,11.0,1.0,0.5,0.6111111111111108,0.011201629327902243,0.33333333333333326,0.33374230087618184,0.5555555555555556
graph_084_mu_0_4_node_377,51,0.08333333333333333,0.004261947187590612,0.44778126400717166,2.2332332332332334,0.058235487560773916,25.0,26.0,0.9615384615384616,0.5098039215686274,0.6190476190476188,0.027139874739039668,0.34210526315789475,0.34307238114628935,0.5714285714285712
graph_084_mu_0_4_node_378,17,0.029411764705882353,0.0005968291246087305,0.388715953307393,2.5725725725725725,0.020094332933415185,4.0,13.0,0.3076923076923076,0.7647058823529413,0.3095238095238094,0.013569937369519834,0.6190476190476188,0.6195306569846756,0.0714285714285714
graph_084_mu_0_4_node_379,21,0.06666666666666667,0.0009888900785758675,0.3864603481624758,2.5875875875875876,0.017805813666611405,7.0,14.0,0.5,0.6666666666666665,0.777777777777778,0.014256619144602854,0.5,0.5005202913631634,0.388888888888889
graph_084_mu_0_4_node_380,38,0.09815078236130868,0.0027316547877301984,0.41799163179916315,2.3923923923923924,0.04098976934412019,18.0,20.0,0.9000000000000002,0.5263157894736842,0.4347826086956522,0.02096436058700209,0.35714285714285704,0.35788657274601043,0.3913043478260869
graph_084_mu_0_4_node_381,16,0.058333333333333334,0.0005711476344223611,0.38616157711635096,2.5895895895895897,0.019142240361991598,2.0,14.0,0.1428571428571428,0.875,0.8235294117647061,0.014242115971515762,0.777777777777778,0.778297875853415,0.11764705882352942
graph_084_mu_0_4_node_382,23,0.09486166007905138,0.0010897218314733159,0.390539483971853,2.5605605605605604,0.02114872884131456,9.0,14.0,0.6428571428571429,0.608695652173913,0.5833333333333334,0.01434426229508196,0.4375,0.4380203687184061,0.375
graph_084_mu_0_4_node_383,17,0.014705882352941176,0.0007078041975850799,0.3824655436447167,2.6146146146146148,0.014893033253051084,2.0,15.0,0.1333333333333333,0.8823529411764709,0.44117647058823545,0.015527950310559004,0.7894736842105262,0.7900309114477937,0.0
graph_084_mu_0_4_node_384,43,0.1,0.003433735762382258,0.42875536480686693,2.3323323323323324,0.043495928304241704,19.0,24.0,0.7916666666666665,0.558139534883721,1.043478260869565,0.02456499488229274,0.3870967741935483,0.3879891665487206,0.7826086956521738
graph_084_mu_0_4_node_385,34,0.0625,0.0019795208353388066,0.4245643858903527,2.3553553553553552,0.04131622332434629,15.0,19.0,0.7894736842105262,0.5588235294117646,0.4318181818181817,0.0198744769874477,0.38775510204081615,0.38846150052391865,0.31818181818181823
graph_084_mu_0_4_node_386,37,0.06606606606606606,0.0024835348051891787,0.42366412213740456,2.3603603603603602,0.04093681754669594,12.0,25.0,0.4800000000000002,0.6756756756756757,0.78125,0.025826446280991736,0.5102040816326533,0.5111331388254141,0.375
graph_084_mu_0_4_node_387,17,0.029411764705882353,0.0006679162634015668,0.3824655436447167,2.6146146146146148,0.016644675858932496,4.0,13.0,0.3076923076923076,0.7647058823529413,0.25,0.013713080168776372,0.6190476190476188,0.6195306569846756,0.0
graph_084_mu_0_4_node_388,16,0.025,0.0005674297142939436,0.38158899923605805,2.6206206206206204,0.016787686433384002,3.0,13.0,0.2307692307692308,0.8125,0.3250000000000001,0.01354166666666667,0.6842105263157895,0.6846935283592597,0.07499999999999997
graph_084_mu_0_4_node_389,19,0.04411764705882353,0.0005713117531642325,0.3854166666666667,2.5945945945945947,0.020580682088051014,4.0,15.0,0.2666666666666666,0.7894736842105262,0.9375,0.015243902439024395,0.6521739130434784,0.6527312230936358,0.1875
graph_084_mu_0_4_node_390,23,0.07509881422924901,0.0011740456262204592,0.392688679245283,2.5465465465465464,0.02122967424621882,9.0,14.0,0.6428571428571429,0.608695652173913,0.41176470588235303,0.01449275362318841,0.4375,0.4380203687184061,0.2647058823529412
graph_084_mu_0_4_node_391,28,0.07407407407407407,0.00142657061393466,0.4070904645476773,2.4564564564564564,0.03203475266964051,13.0,15.0,0.8666666666666669,0.5357142857142857,0.2884615384615384,0.015822784810126583,0.36585365853658547,0.36641134154956073,0.25
graph_084_mu_0_4_node_392,35,0.08333333333333333,0.0021945718036347505,0.4192194712547209,2.3853853853853852,0.037005405729055224,15.0,20.0,0.75,0.5714285714285712,0.8333333333333335,0.02049180327868853,0.4000000000000001,0.4007435497062978,0.5833333333333334
graph_084_mu_0_4_node_393,29,0.10591133004926108,0.0014216445782093239,0.4099302421009438,2.4394394394394396,0.034299033436527696,14.0,15.0,0.9333333333333335,0.5172413793103449,0.3260869565217392,0.015723270440251572,0.34883720930232553,0.34939493378643055,0.3043478260869565
graph_084_mu_0_4_node_394,22,0.12121212121212122,0.0009339222059828977,0.38467462456680784,2.5995995995995997,0.018124388072347435,10.0,12.0,0.8333333333333335,0.5454545454545452,0.8000000000000002,0.01218274111675127,0.375,0.37544609665427503,0.6666666666666665
graph_084_mu_0_4_node_395,29,0.11965811965811966,0.001280384791876743,0.40478119935170176,2.4704704704704703,0.03703500863167222,15.0,14.0,1.0714285714285714,0.482758620689655,0.33333333333333326,0.014613778705636741,0.31818181818181823,0.31870241910402547,0.33333333333333326
graph_084_mu_0_4_node_396,19,0.0661764705882353,0.0006300969747241258,0.37712344280860705,2.6516516516516515,0.016898064541467382,9.0,10.0,0.9000000000000002,0.5263157894736842,0.25,0.010416666666666664,0.35714285714285704,0.3575146043547531,0.20000000000000004
graph_084_mu_0_4_node_397,24,0.13852813852813853,0.000889487206634641,0.39548693586698336,2.5285285285285286,0.025406797357803525,14.0,10.0,1.3999999999999997,0.41666666666666674,0.38461538461538475,0.010266940451745378,0.2631578947368421,0.26352978019612067,0.5
graph_084_mu_0_4_node_398,34,0.09475806451612903,0.002025606178937415,0.4122988031366075,2.4254254254254253,0.034868194343893225,13.0,21.0,0.6190476190476188,0.6176470588235293,1.1666666666666667,0.02138492871690428,0.44680851063829785,0.4475890927295145,0.6666666666666665
graph_084_mu_0_4_node_399,23,0.05138339920948617,0.0013289029853101673,0.39361702127659576,2.5405405405405403,0.020092844483922272,6.0,17.0,0.3529411764705881,0.7391304347826088,0.9444444444444444,0.017311608961303463,0.5862068965517241,0.5868385615463364,0.2777777777777778
graph_084_mu_0_4_node_400,28,0.18253968253968253,0.0013064428816018504,0.39753282928770395,2.5155155155155153,0.02636075016359776,14.0,14.0,1.0,0.5,0.777777777777778,0.014256619144602854,0.33333333333333326,0.3338538955405171,0.777777777777778
graph_084_mu_0_4_node_401,30,0.09523809523809523,0.0015883033094782363,0.4036363636363636,2.4774774774774775,0.028776137140886376,14.0,16.0,0.875,0.5333333333333332,0.6153846153846152,0.016427104722792605,0.36363636363636365,0.364231247633984,0.5
graph_084_mu_0_4_node_402,21,0.03508771929824561,0.000875984094230276,0.38571428571428573,2.5925925925925926,0.01895204628972114,6.0,15.0,0.4000000000000001,0.7142857142857141,0.3409090909090909,0.015690376569037656,0.5555555555555556,0.5561129484432225,0.11363636363636359
graph_084_mu_0_4_node_403,33,0.08143939393939394,0.002016266774154869,0.4148671096345515,2.4104104104104103,0.03955941651461682,15.0,18.0,0.8333333333333335,0.5454545454545452,0.4000000000000001,0.01884816753926701,0.375,0.3756692444973231,0.33333333333333326
graph_084_mu_0_4_node_404,38,0.09365079365079365,0.0022321897745684106,0.41607663473552686,2.4034034034034035,0.04225073566375142,21.0,17.0,1.2352941176470587,0.4473684210526317,0.3269230769230769,0.01793248945147679,0.28813559322033905,0.2887679631195318,0.38461538461538475
graph_084_mu_0_4_node_405,20,0.08421052631578947,0.0008178799843470446,0.3908450704225352,2.5585585585585586,0.02198578017213812,8.0,12.0,0.6666666666666665,0.5999999999999998,0.4615384615384616,0.012320328542094453,0.42857142857142855,0.429017458901491,0.3076923076923076
graph_084_mu_0_4_node_406,31,0.0989247311827957,0.0018745204358233112,0.4072564207093355,2.4554554554554553,0.032758728349263334,14.0,17.0,0.8235294117647061,0.5483870967741937,0.3269230769230769,0.01793248945147679,0.3777777777777778,0.37840981852581657,0.2692307692307692
graph_084_mu_0_4_node_407,35,0.12773109243697478,0.002061854387976344,0.41590341382181517,2.4044044044044046,0.04532720412496977,18.0,17.0,1.0588235294117647,0.4857142857142857,0.4047619047619049,0.017745302713987474,0.3207547169811321,0.3213869457735751,0.42857142857142855
graph_084_mu_0_4_node_408,33,0.09247311827956989,0.0018671775967786576,0.4090909090909091,2.4444444444444446,0.030641129099109876,14.0,19.0,0.7368421052631577,0.5757575757575759,0.5588235294117646,0.019668737060041408,0.404255319148936,0.40496166510975234,0.3823529411764707
graph_084_mu_0_4_node_409,25,0.05928853754940711,0.0010747314574827077,0.39361702127659576,2.5405405405405403,0.02576581987954814,11.0,14.0,0.7857142857142859,0.5600000000000003,0.311111111111111,0.01465968586387434,0.388888888888889,0.3894093349855431,0.2222222222222223
graph_084_mu_0_4_node_410,21,0.04285714285714286,0.0010119060830126266,0.4007220216606498,2.4954954954954953,0.023911541623633705,4.0,17.0,0.23529411764705885,0.8095238095238098,0.38636363636363635,0.01778242677824268,0.6799999999999998,0.6806315711260544,0.09090909090909091
graph_084_mu_0_4_node_411,23,0.11462450592885376,0.0010503148621084355,0.39377217185652347,2.5395395395395397,0.0238668536420212,9.0,14.0,0.6428571428571429,0.608695652173913,0.608695652173913,0.0143295803480041,0.4375,0.4380203687184061,0.3913043478260869
graph_084_mu_0_4_node_412,21,0.08571428571428572,0.0007960301209306374,0.3940828402366864,2.5375375375375375,0.024353663576259826,8.0,13.0,0.6153846153846152,0.6190476190476188,0.3095238095238094,0.013569937369519834,0.44827586206896536,0.44875904363373037,0.19047619047619055
graph_084_mu_0_4_node_413,17,0.014705882352941176,0.0007798865134338304,0.3864603481624758,2.5875875875875876,0.016646353886953,2.0,15.0,0.1333333333333333,0.8823529411764709,0.8823529411764709,0.015259409969481184,0.7894736842105262,0.7900309114477937,0.11764705882352942
graph_084_mu_0_4_node_414,22,0.16842105263157894,0.0007145358507510024,0.3801369863013699,2.630630630630631,0.018641085264807407,12.0,10.0,1.1999999999999995,0.45454545454545436,0.5555555555555556,0.010183299389002034,0.29411764705882354,0.2944894772068119,0.6111111111111108
graph_084_mu_0_4_node_415,16,0.058333333333333334,0.0005870933608642305,0.3778366111951589,2.6466466466466465,0.015939096272152568,5.0,11.0,0.45454545454545436,0.6875,0.6111111111111108,0.011201629327902243,0.5238095238095238,0.5242183089743389,0.2222222222222223
graph_084_mu_0_4_node_416,26,0.11384615384615385,0.0012354934253117715,0.399919935948759,2.5005005005005003,0.028729370489994615,15.0,11.0,1.3636363636363635,0.4230769230769231,0.21153846153846154,0.01160337552742616,0.26829268292682934,0.268701772145469,0.2692307692307692
graph_084_mu_0_4_node_417,24,0.07971014492753623,0.0012984479917411147,0.3953304313415117,2.5295295295295297,0.02083065341375678,10.0,14.0,0.7142857142857141,0.5833333333333334,0.777777777777778,0.014256619144602854,0.41176470588235303,0.4122851132870069,0.5555555555555556
graph_084_mu_0_4_node_418,57,0.14473684210526316,0.004798143376597623,0.4553327256153145,2.196196196196196,0.08259400557841802,33.0,24.0,1.375,0.4210526315789473,0.48979591836734687,0.025236593059936915,0.2666666666666666,0.26755998908161505,0.6734693877551018
graph_084_mu_0_4_node_419,20,0.12105263157894737,0.0007628093636010219,0.37855248200075786,2.6416416416416415,0.01709794729595763,10.0,10.0,1.0,0.5,0.38461538461538475,0.010266940451745378,0.33333333333333326,0.33370510818648225,0.38461538461538475
graph_084_mu_0_4_node_420,30,0.12183908045977011,0.0015951497434853505,0.41298057048367093,2.4214214214214214,0.04108650517081594,14.0,16.0,0.875,0.5333333333333332,0.3555555555555554,0.01675392670157069,0.36363636363636365,0.364231247633984,0.311111111111111
graph_084_mu_0_4_node_421,27,0.10541310541310542,0.0012862785502340995,0.4062627084180561,2.4614614614614614,0.03213392089733664,15.0,12.0,1.25,0.4444444444444446,0.2307692307692308,0.012658227848101269,0.2857142857142856,0.2861605482654199,0.2884615384615384
graph_084_mu_0_4_node_422,26,0.04923076923076923,0.0015550403155935662,0.4069246435845214,2.4574574574574575,0.027910689733737858,7.0,19.0,0.36842105263157887,0.7307692307692305,0.4523809523809525,0.0198329853862213,0.5757575757575759,0.5764635542809663,0.16666666666666663
graph_084_mu_0_4_node_423,32,0.09655172413793103,0.0017938158220162637,0.4036363636363636,2.4774774774774775,0.028423483126358038,15.0,17.0,0.8823529411764709,0.53125,0.6799999999999998,0.017435897435897435,0.3617021276595746,0.3623342154082267,0.5600000000000003
graph_084_mu_0_4_node_424,17,0.058823529411764705,0.0006895830786843283,0.374578177727784,2.66966966966967,0.013422016931761578,7.0,10.0,0.6999999999999998,0.5882352941176471,0.5555555555555556,0.010183299389002034,0.41666666666666674,0.4170383586083854,0.33333333333333326
graph_084_mu_0_4_node_425,19,0.04093567251461988,0.0009037972196433992,0.3911511354737666,2.5565565565565564,0.019039917567450198,5.0,14.0,0.35714285714285704,0.7368421052631577,0.3783783783783784,0.01453790238836968,0.5833333333333334,0.5838535473642491,0.054054054054054064
graph_084_mu_0_4_node_426,27,0.05982905982905983,0.0016008765989173283,0.4054383116883117,2.4664664664664664,0.02730998183370532,9.0,18.0,0.5,0.6666666666666665,0.4500000000000001,0.018749999999999992,0.5,0.5006689460383528,0.20000000000000004
graph_084_mu_0_4_node_427,25,0.07333333333333333,0.0013922447836682854,0.39595719381688466,2.5255255255255253,0.021994402083994502,10.0,15.0,0.6666666666666665,0.5999999999999998,0.8333333333333335,0.01527494908350305,0.42857142857142855,0.4291289872080118,0.5555555555555556
graph_084_mu_0_4_node_428,24,0.11956521739130435,0.0009709480794488873,0.3991210547343188,2.5055055055055053,0.03221580436756116,13.0,11.0,1.1818181818181819,0.4583333333333332,0.24444444444444444,0.011518324607329846,0.29729729729729737,0.2977063256689926,0.2888888888888888
graph_084_mu_0_4_node_429,30,0.10582010582010581,0.0014655318020931477,0.4054383116883117,2.4664664664664664,0.030798851177096628,13.0,17.0,0.7647058823529413,0.5666666666666665,0.7391304347826088,0.01740020470829068,0.3953488372093022,0.39598083096371706,0.5217391304347825
graph_084_mu_0_4_node_430,28,0.04,0.0015827377485934182,0.4018503620273532,2.4884884884884886,0.026484048476904512,9.0,19.0,0.4736842105263158,0.6785714285714288,0.5135135135135133,0.019730010384215995,0.5135135135135133,0.5142195969800117,0.21621621621621626
graph_084_mu_0_4_node_431,33,0.10795454545454546,0.0018005196270759153,0.4245643858903527,2.3553553553553552,0.04402733093388429,16.0,17.0,0.9411764705882354,0.5151515151515154,0.3695652173913044,0.017819706498951784,0.34693877551020413,0.3475709102664605,0.3478260869565216
graph_084_mu_0_4_node_432,49,0.13350340136054423,0.0037297225515490126,0.444,2.2522522522522523,0.07014361435388569,28.0,21.0,1.333333333333333,0.42857142857142855,0.42857142857142855,0.022082018927444793,0.2727272727272726,0.2735087262307893,0.5714285714285712
graph_084_mu_0_4_node_433,20,0.042105263157894736,0.0009460473942198642,0.39161113288906313,2.5535535535535536,0.019904197480548346,3.0,17.0,0.17647058823529405,0.8499999999999998,1.0625,0.017276422764227643,0.7391304347826088,0.739761958984845,0.1875
graph_084_mu_0_4_node_434,22,0.11578947368421053,0.0008442198771702553,0.3875096974398759,2.5805805805805804,0.020808115286624018,9.0,13.0,0.6923076923076923,0.5909090909090909,0.722222222222222,0.013238289205702643,0.4193548387096773,0.41983805619471615,0.4444444444444446
graph_084_mu_0_4_node_435,39,0.04804804804804805,0.0029930748075387534,0.42241014799154336,2.3673673673673674,0.03675475810290307,12.0,27.0,0.4444444444444446,0.6923076923076923,1.173913043478261,0.027635619242579332,0.5294117647058824,0.5304150719036824,0.4782608695652175
graph_084_mu_0_4_node_436,27,0.08547008547008547,0.0015698356387711062,0.40675895765472314,2.4584584584584586,0.028502457246329996,10.0,17.0,0.5882352941176471,0.6296296296296297,0.7083333333333334,0.017418032786885248,0.4594594594594596,0.46009131227492106,0.41666666666666674
graph_084_mu_0_4_node_437,15,0.01904761904761905,0.0005073080905067319,0.3872093023255814,2.5825825825825826,0.018103574709874348,2.0,13.0,0.1538461538461538,0.8666666666666669,0.3513513513513515,0.013499480789200408,0.7647058823529413,0.7651888485081593,0.0
graph_084_mu_0_4_node_438,38,0.05263157894736842,0.0031140432008355126,0.43989431968295906,2.2732732732732734,0.0435424206379701,13.0,25.0,0.5199999999999998,0.6578947368421054,0.5681818181818182,0.02615062761506276,0.49019607843137253,0.4911252046810474,0.29545454545454547
graph_084_mu_0_4_node_439,31,0.11612903225806452,0.0015497594880185754,0.415211970074813,2.4084084084084085,0.03905442243973795,15.0,16.0,0.9375,0.5161290322580643,0.3478260869565216,0.016771488469601685,0.3478260869565216,0.34842101519330304,0.3260869565217392
graph_084_mu_0_4_node_440,19,0.023391812865497075,0.0008702321554387929,0.3852680293096799,2.5955955955955954,0.01757707605743667,3.0,16.0,0.1875,0.8421052631578946,0.8888888888888892,0.01629327902240326,0.7272727272727273,0.7278671250734553,0.11111111111111115
graph_084_mu_0_4_node_441,18,0.06535947712418301,0.0007578738971624731,0.38115223197252956,2.6236236236236237,0.016348979669514117,6.0,12.0,0.5,0.6666666666666665,0.8000000000000002,0.01218274111675127,0.5,0.5004459640255686,0.4000000000000001
graph_084_mu_0_4_node_442,60,0.1191772534785239,0.00552366160516446,0.4532667876588022,2.206206206206206,0.08416881370733792,33.0,27.0,1.2222222222222217,0.4500000000000001,0.5510204081632653,0.028391167192429016,0.29032258064516125,0.29132745615225125,0.6530612244897959
graph_084_mu_0_4_node_443,36,0.10793650793650794,0.0023479641536723514,0.4185169669040637,2.3893893893893896,0.03701651138392277,16.0,20.0,0.8000000000000002,0.5555555555555556,0.8695652173913044,0.02047082906857728,0.38461538461538475,0.38535898961241016,0.6956521739130432
graph_084_mu_0_4_node_444,35,0.08739495798319327,0.002403366765884673,0.4186923721709975,2.3883883883883885,0.038096343248585685,18.0,17.0,1.0588235294117647,0.4857142857142857,0.3695652173913044,0.017819706498951784,0.3207547169811321,0.3213869457735751,0.3913043478260869
graph_084_mu_0_4_node_445,17,0.04411764705882353,0.000606841495362054,0.38601236476043277,2.5905905905905904,0.019251927764464296,4.0,13.0,0.3076923076923076,0.7647058823529413,0.3095238095238094,0.013569937369519834,0.6190476190476188,0.6195306569846756,0.09523809523809527
graph_084_mu_0_4_node_446,18,0.0784313725490196,0.0006963760741290159,0.38482280431432975,2.5985985985985987,0.01807384428658913,5.0,13.0,0.38461538461538475,0.722222222222222,0.3823529411764707,0.013457556935817802,0.5652173913043478,0.5657004651403257,0.14705882352941177
graph_084_mu_0_4_node_447,20,0.1895424836601307,0.000571871612617212,0.3757051523128996,2.6616616616616615,0.01666328560844357,12.0,8.0,1.5,0.4000000000000001,0.4444444444444446,0.00814663951120163,0.25,0.2502974862412613,0.6111111111111108
graph_084_mu_0_4_node_448,19,0.06432748538011696,0.0007592869628629974,0.39361702127659576,2.5405405405405403,0.022526246014735383,5.0,14.0,0.35714285714285704,0.7368421052631577,0.33333333333333326,0.014613778705636741,0.5833333333333334,0.5838535473642491,0.11904761904761905
graph_084_mu_0_4_node_449,21,0.04285714285714286,0.0010161813302021073,0.3893219017926734,2.5685685685685686,0.019187696151741793,5.0,16.0,0.3125,0.7619047619047622,0.4705882352941177,0.016563146997929604,0.6153846153846152,0.6159791015256574,0.14705882352941177
graph_084_mu_0_4_node_450,32,0.1028225806451613,0.0020464661793486686,0.41555740432612315,2.4064064064064064,0.03478188152483591,15.0,17.0,0.8823529411764709,0.53125,0.53125,0.01756198347107438,0.3617021276595746,0.3623342154082267,0.46875
graph_084_mu_0_4_node_451,25,0.08,0.0012829635964549042,0.39753282928770395,2.5155155155155153,0.02586837651184046,12.0,13.0,0.9230769230769232,0.5199999999999998,0.29545454545454547,0.013598326359832632,0.3513513513513515,0.3518346766292633,0.2727272727272726
graph_084_mu_0_4_node_452,25,0.09,0.0011382546187003277,0.4069246435845214,2.4574574574574575,0.030373369030095063,10.0,15.0,0.6666666666666665,0.5999999999999998,0.5172413793103449,0.015447991761071062,0.42857142857142855,0.4291289872080118,0.3448275862068967
graph_084_mu_0_4_node_453,17,0.08823529411764706,0.0004910489576851972,0.3799923925446938,2.6316316316316315,0.01871990542001145,8.0,9.0,0.8888888888888892,0.5294117647058824,0.21428571428571427,0.009394572025052192,0.36,0.3603345600535297,0.19047619047619055
graph_084_mu_0_4_node_454,17,0.05714285714285714,0.000496950063008055,0.3786959818043973,2.640640640640641,0.01633393330253163,8.0,9.0,0.8888888888888892,0.5294117647058824,0.22500000000000006,0.009374999999999996,0.36,0.3603345600535297,0.17499999999999996
graph_084_mu_0_4_node_455,25,0.11,0.0011665551999155337,0.39548693586698336,2.5285285285285286,0.023904406379805662,11.0,14.0,0.7857142857142859,0.5600000000000003,0.5833333333333334,0.01434426229508196,0.388888888888889,0.3894093349855431,0.4583333333333332
graph_084_mu_0_4_node_456,22,0.05627705627705628,0.0010508192734251102,0.3928430987023201,2.5455455455455454,0.021760336357323443,8.0,14.0,0.5714285714285712,0.6363636363636365,0.33333333333333326,0.014613778705636741,0.46666666666666673,0.4671869967045765,0.16666666666666663
graph_084_mu_0_4_node_457,33,0.14962121212121213,0.0018782064834197273,0.4121287128712871,2.4264264264264264,0.04091753849483469,15.0,18.0,0.8333333333333335,0.5454545454545452,0.5625,0.018595041322314047,0.375,0.3756692444973231,0.46875
graph_084_mu_0_4_node_458,25,0.05333333333333334,0.0013988503382018965,0.4026602176541717,2.4834834834834836,0.027167795725254112,6.0,19.0,0.31578947368421056,0.7599999999999999,0.6551724137931033,0.01956745623069001,0.6129032258064517,0.613609151869985,0.20689655172413793
graph_084_mu_0_4_node_459,26,0.052307692307692305,0.001530947971243625,0.39705882352941174,2.5185185185185186,0.024501152706931113,10.0,16.0,0.625,0.6153846153846152,0.6956521739130432,0.01637666325486182,0.4444444444444446,0.4450391515511943,0.3913043478260869
graph_084_mu_0_4_node_460,27,0.05128205128205128,0.001493860150253171,0.4099302421009438,2.4394394394394396,0.03014293428050817,10.0,17.0,0.5882352941176471,0.6296296296296297,0.53125,0.01756198347107438,0.4594594594594596,0.46009131227492106,0.3125
graph_084_mu_0_4_node_461,28,0.0582010582010582,0.0017581750613079197,0.4018503620273532,2.4884884884884886,0.024438194242404503,13.0,15.0,0.8666666666666669,0.5357142857142857,0.4054054054054053,0.01557632398753894,0.36585365853658547,0.36641134154956073,0.3243243243243245
graph_084_mu_0_4_node_462,31,0.1477832512315271,0.001465685354528151,0.4065934065934066,2.4594594594594597,0.038608864076661906,15.0,16.0,0.9375,0.5161290322580643,0.5,0.01652892561983471,0.3478260869565216,0.34842101519330304,0.4375
graph_084_mu_0_4_node_463,35,0.0928030303030303,0.002221873241562324,0.4145228215767635,2.4124124124124124,0.03264121998601712,15.0,20.0,0.75,0.5714285714285712,1.25,0.020325203252032523,0.4000000000000001,0.4007435497062978,0.875
graph_084_mu_0_4_node_464,50,0.06294326241134751,0.004654315476886031,0.4381578947368421,2.2822822822822824,0.0472586475711557,23.0,27.0,0.8518518518518517,0.54,0.6750000000000002,0.028125000000000008,0.36986301369863017,0.37086714178074554,0.5499999999999999
graph_084_mu_0_4_node_465,25,0.08333333333333333,0.0013261272512227673,0.39361702127659576,2.5405405405405403,0.022741528448874636,9.0,16.0,0.5625,0.64,0.6956521739130432,0.01637666325486182,0.4705882352941177,0.471182898194586,0.3478260869565216
graph_084_mu_0_4_node_466,29,0.08620689655172414,0.0015610747622861769,0.4064279902359642,2.4604604604604603,0.03224573085151073,15.0,14.0,1.0714285714285714,0.482758620689655,0.33333333333333326,0.014613778705636741,0.31818181818181823,0.31870241910402547,0.35714285714285704
graph_084_mu_0_4_node_467,18,0.1111111111111111,0.0005721988587257004,0.3908450704225352,2.5585585585585586,0.023910704115631804,5.0,13.0,0.38461538461538475,0.722222222222222,0.3250000000000001,0.01354166666666667,0.5652173913043478,0.5657004651403257,0.125
graph_084_mu_0_4_node_468,41,0.07560975609756097,0.003378246507523451,0.42601279317697227,2.3473473473473474,0.040060038897128426,18.0,23.0,0.7826086956521738,0.5609756097560974,0.71875,0.023760330578512394,0.3898305084745762,0.39068568601687037,0.5625
graph_084_mu_0_4_node_469,16,0.025,0.0006078517925609307,0.3867595818815331,2.5855855855855854,0.01754077530765007,3.0,13.0,0.2307692307692308,0.8125,0.29545454545454547,0.013598326359832632,0.6842105263157895,0.6846935283592597,0.045454545454545456
graph_084_mu_0_4_node_470,45,0.1,0.0036338027156507715,0.43023255813953487,2.324324324324324,0.0494203271103286,24.0,21.0,1.1428571428571423,0.46666666666666673,0.40384615384615397,0.02215189873417722,0.3043478260869565,0.3051290470236776,0.4615384615384616
graph_084_mu_0_4_node_471,16,0.02197802197802198,0.00045541838152987006,0.3779795686719637,2.645645645645646,0.01569167590135138,5.0,11.0,0.45454545454545436,0.6875,0.6111111111111108,0.011201629327902243,0.5238095238095238,0.5242183089743389,0.2222222222222223
graph_084_mu_0_4_node_472,34,0.0625,0.002323663666332748,0.4238438693254137,2.359359359359359,0.035748718775745446,11.0,23.0,0.4782608695652175,0.676470588235294,0.884615384615385,0.02361396303901437,0.5111111111111111,0.5119658437284509,0.38461538461538475
graph_084_mu_0_4_node_473,29,0.07692307692307693,0.0014673823522430328,0.4018503620273532,2.4884884884884886,0.02807372933417127,11.0,18.0,0.6111111111111108,0.6206896551724139,1.125,0.018292682926829264,0.4500000000000001,0.45066904549509357,0.625
graph_084_mu_0_4_node_474,21,0.06666666666666667,0.0008600080281452889,0.3958003169572108,2.5265265265265264,0.025253788111658286,9.0,12.0,0.75,0.5714285714285712,0.2307692307692308,0.012658227848101269,0.4000000000000001,0.4004460634897036,0.17307692307692307
graph_084_mu_0_4_node_475,30,0.09523809523809523,0.0015890828008797268,0.40314769975786924,2.4804804804804803,0.0296469706059753,13.0,17.0,0.7647058823529413,0.5666666666666665,0.8499999999999998,0.017346938775510197,0.3953488372093022,0.39598083096371706,0.5999999999999998
graph_084_mu_0_4_node_476,20,0.15789473684210525,0.0007057247455121886,0.37726586102719034,2.650650650650651,0.017747054418642626,9.0,11.0,0.8181818181818182,0.5499999999999999,0.6875,0.011178861788617886,0.3793103448275863,0.3797192515596779,0.5625
graph_084_mu_0_4_node_477,41,0.08771929824561403,0.0030796586217020864,0.4211635750421585,2.374374374374374,0.037427774828044644,18.0,23.0,0.7826086956521738,0.5609756097560974,0.9583333333333336,0.023565573770491795,0.3898305084745762,0.39068568601687037,0.7083333333333334
graph_084_mu_0_4_node_478,27,0.08,0.001195720385585141,0.39658594680428744,2.5215215215215214,0.029222249311701386,13.0,14.0,0.9285714285714288,0.5185185185185184,0.2692307692307692,0.014767932489451472,0.3499999999999999,0.350520523497918,0.2307692307692308
graph_084_mu_0_4_node_479,19,0.06432748538011696,0.0007751635080393948,0.388715953307393,2.5725725725725725,0.02110344138609558,4.0,15.0,0.2666666666666666,0.7894736842105262,0.5172413793103449,0.015447991761071062,0.6521739130434784,0.6527312230936358,0.13793103448275865
graph_084_mu_0_4_node_480,30,0.06206896551724138,0.0017420541022402543,0.4141791044776119,2.4144144144144146,0.03675792400984646,10.0,20.0,0.5,0.6666666666666665,0.4761904761904762,0.0208768267223382,0.5,0.5007432733759476,0.2380952380952381
graph_084_mu_0_4_node_481,19,0.08187134502923976,0.0006701696165502829,0.392688679245283,2.5465465465465464,0.022899049973690716,5.0,14.0,0.35714285714285704,0.7368421052631577,0.4375,0.014462809917355378,0.5833333333333334,0.5838535473642491,0.15625
graph_084_mu_0_4_node_482,17,0.07352941176470588,0.0005612253732941901,0.38408304498269896,2.6036036036036037,0.019548280680937696,6.0,11.0,0.5454545454545452,0.6470588235294118,0.34375,0.011363636363636364,0.4782608695652175,0.4786696851150742,0.1875
graph_084_mu_0_4_node_483,18,0.05228758169934641,0.0007181337839985486,0.3882627283326856,2.5755755755755754,0.019194930044735246,6.0,12.0,0.5,0.6666666666666665,0.375,0.012396694214876035,0.5,0.5004459640255686,0.15625
graph_084_mu_0_4_node_484,22,0.047619047619047616,0.0010571563686380717,0.39470564994073487,2.5335335335335336,0.02289001891253577,10.0,12.0,0.8333333333333335,0.5454545454545452,0.2727272727272726,0.012552301255230129,0.375,0.37544609665427503,0.22727272727272718
graph_084_mu_0_4_node_485,32,0.12096774193548387,0.0019408148413157082,0.4186923721709975,2.3883883883883885,0.03490013588712002,13.0,19.0,0.6842105263157895,0.59375,1.0555555555555556,0.019348268839103868,0.4222222222222223,0.42292851566856265,0.722222222222222
graph_084_mu_0_4_node_486,23,0.06324110671936758,0.0012238483142116448,0.3928430987023201,2.5455455455455454,0.02299437169700074,7.0,16.0,0.4375,0.6956521739130432,1.0,0.016260162601626018,0.5333333333333332,0.5339279078409512,0.4375
graph_084_mu_0_4_node_487,23,0.12857142857142856,0.0008949170826585332,0.390234375,2.5625625625625625,0.021628421518729957,11.0,12.0,0.9166666666666664,0.5217391304347825,0.75,0.012195121951219514,0.3529411764705881,0.35338730629436704,0.625
graph_084_mu_0_4_node_488,26,0.11692307692307692,0.001288156884493385,0.39832535885167464,2.5105105105105103,0.026680787208289387,10.0,16.0,0.625,0.6153846153846152,1.0,0.016260162601626018,0.4444444444444446,0.4450391515511943,0.625
graph_084_mu_0_4_node_489,21,0.02857142857142857,0.0010170019961252162,0.39423835832675613,2.5365365365365364,0.02165142041563405,5.0,16.0,0.3125,0.7619047619047622,0.6956521739130432,0.01637666325486182,0.6153846153846152,0.6159791015256574,0.0869565217391304
graph_084_mu_0_4_node_490,20,0.05263157894736842,0.0009348131875019239,0.3894736842105263,2.5675675675675675,0.02032922027947795,7.0,13.0,0.5384615384615384,0.6500000000000002,0.29545454545454547,0.013598326359832632,0.4814814814814816,0.4819646271313125,0.11363636363636359
graph_084_mu_0_4_node_491,25,0.13666666666666666,0.0011456098405781636,0.3958003169572108,2.5265265265265264,0.02414054732842456,11.0,14.0,0.7857142857142859,0.5600000000000003,0.5833333333333334,0.01434426229508196,0.388888888888889,0.3894093349855431,0.4583333333333332
graph_084_mu_0_4_node_492,52,0.12163265306122449,0.004464264087509453,0.4389279437609842,2.2782782782782784,0.05944162399133277,25.0,27.0,0.9259259259259256,0.5192307692307693,0.84375,0.027892561983471068,0.3506493506493506,0.3516536281274983,0.75
graph_084_mu_0_4_node_493,36,0.0962566844919786,0.0021877023690616646,0.41764214046822745,2.3943943943943946,0.037777247968812606,17.0,19.0,0.8947368421052634,0.5277777777777778,0.7599999999999999,0.019487179487179488,0.3584905660377358,0.3591970695888458,0.64
graph_084_mu_0_4_node_494,25,0.039525691699604744,0.0011131792114041474,0.4015273311897106,2.4904904904904903,0.02648793893010462,6.0,19.0,0.31578947368421056,0.7599999999999999,1.1875,0.0193089430894309,0.6129032258064517,0.613609151869985,0.3125
graph_084_mu_0_4_node_495,39,0.08258258258258258,0.00250931968115421,0.4220532319391635,2.369369369369369,0.045103012103061856,18.0,21.0,0.8571428571428571,0.5384615384615384,0.45652173913043465,0.0220125786163522,0.36842105263157887,0.3692019249775426,0.3695652173913044
graph_084_mu_0_4_node_496,26,0.11692307692307692,0.0011965063357517822,0.39832535885167464,2.5105105105105103,0.028011626129776836,11.0,15.0,0.7333333333333332,0.5769230769230768,0.46875,0.015495867768595042,0.4054054054054053,0.40596300549462144,0.34375
graph_084_mu_0_4_node_497,26,0.09230769230769231,0.0013273809796009158,0.4059325477448192,2.4634634634634636,0.032003612607112375,10.0,16.0,0.625,0.6153846153846152,0.5,0.01652892561983471,0.4444444444444446,0.4450391515511943,0.3125
graph_084_mu_0_4_node_498,33,0.06818181818181818,0.001819061353122768,0.4134933774834437,2.4184184184184185,0.03694210873620711,17.0,16.0,1.0625,0.48484848484848464,0.3076923076923076,0.01687763713080168,0.32,0.3205950167348456,0.3269230769230769
graph_084_mu_0_4_node_499,35,0.06050420168067227,0.002603808750667313,0.4213412062420919,2.3733733733733735,0.03548104317738604,12.0,23.0,0.5217391304347825,0.6571428571428573,0.9583333333333336,0.023565573770491795,0.48936170212765967,0.4902164982773603,0.5
graph_084_mu_0_4_node_500,17,0.125,0.0005064425598522363,0.38690937257939584,2.5845845845845847,0.020986617960989322,7.0,10.0,0.6999999999999998,0.5882352941176471,0.2380952380952381,0.0104384133611691,0.41666666666666674,0.4170383586083854,0.16666666666666663
graph_084_mu_0_4_node_501,55,0.1313497822931785,0.00446566203083472,0.45,2.2222222222222223,0.07488324154608526,29.0,26.0,1.115384615384615,0.4727272727272728,0.6190476190476188,0.027139874739039668,0.3095238095238094,0.3104912153877774,0.6666666666666665
graph_084_mu_0_4_node_502,25,0.11,0.0010994011428476951,0.4033104561970125,2.4794794794794797,0.033018681838985785,10.0,15.0,0.6666666666666665,0.5999999999999998,0.33333333333333326,0.015706806282722505,0.42857142857142855,0.4291289872080118,0.2222222222222223
graph_084_mu_0_4_node_503,19,0.029239766081871343,0.0008410361211503522,0.38992974238875877,2.5645645645645647,0.01957838742013104,2.0,17.0,0.11764705882352942,0.8947368421052634,0.8947368421052634,0.01732925586136596,0.8095238095238098,0.8101552868092002,0.10526315789473682
graph_084_mu_0_4_node_504,24,0.10507246376811594,0.001223291837276043,0.38660990712074306,2.5865865865865865,0.020517149021135116,8.0,16.0,0.5,0.6666666666666665,1.0666666666666664,0.016243654822335023,0.5,0.5005946187007579,0.5333333333333332
graph_084_mu_0_4_node_505,21,0.11428571428571428,0.0007929897460160263,0.3939274447949527,2.5385385385385386,0.024215107986871234,8.0,13.0,0.6153846153846152,0.6190476190476188,0.40625,0.013429752066115706,0.44827586206896536,0.44875904363373037,0.25
graph_084_mu_0_4_node_506,22,0.05627705627705628,0.0010305404449262201,0.39454976303317535,2.5345345345345347,0.023587069958407543,5.0,17.0,0.29411764705882354,0.7727272727272727,0.9444444444444444,0.017311608961303463,0.6296296296296297,0.6302612476864751,0.2777777777777778
graph_084_mu_0_4_node_507,23,0.03162055335968379,0.0013736015583918379,0.3958003169572108,2.5265265265265264,0.021861755486630448,7.0,16.0,0.4375,0.6956521739130432,0.4000000000000001,0.016666666666666663,0.5333333333333332,0.5339279078409512,0.14999999999999994
graph_084_mu_0_4_node_508,20,0.1736842105263158,0.000616260159847956,0.3872093023255814,2.5825825825825826,0.02710073449329119,10.0,10.0,1.0,0.5,0.2380952380952381,0.0104384133611691,0.33333333333333326,0.33370510818648225,0.2380952380952381
graph_084_mu_0_4_node_509,15,0.02857142857142857,0.0005047087373651713,0.3824655436447167,2.6146146146146148,0.016429988458380097,2.0,13.0,0.1538461538461538,0.8666666666666669,0.8125,0.013211382113821137,0.7647058823529413,0.7651888485081593,0.125
graph_084_mu_0_4_node_510,21,0.06666666666666667,0.0009033774711883471,0.3939274447949527,2.5385385385385386,0.02302710521320894,7.0,14.0,0.5,0.6666666666666665,0.4375,0.014462809917355378,0.5,0.5005202913631634,0.21875
graph_084_mu_0_4_node_511,15,0.05714285714285714,0.0004289025116732869,0.3769811320754717,2.6526526526526526,0.016670381809101093,5.0,10.0,0.5,0.6666666666666665,0.2380952380952381,0.0104384133611691,0.5,0.5003716366879738,0.09523809523809527
graph_084_mu_0_4_node_512,19,0.011695906432748537,0.0009203936295066879,0.38467462456680784,2.5995995995995997,0.01615749954021531,3.0,16.0,0.1875,0.8421052631578946,0.4324324324324325,0.0166147455867082,0.7272727272727273,0.7278671250734553,0.027027027027027032
graph_084_mu_0_4_node_513,33,0.16287878787878787,0.0015750012415948053,0.41957160856782866,2.3833833833833835,0.04470750812388076,20.0,13.0,1.538461538461539,0.39393939393939387,0.2888888888888888,0.013612565445026177,0.24528301886792456,0.24576663182875183,0.4444444444444446
graph_084_mu_0_4_node_514,34,0.06653225806451613,0.002129280128890405,0.4145228215767635,2.4124124124124124,0.03300980767491485,15.0,19.0,0.7894736842105262,0.5588235294117646,0.7599999999999999,0.019487179487179488,0.38775510204081615,0.38846150052391865,0.5600000000000003
graph_084_mu_0_4_node_515,24,0.08333333333333333,0.0012219777967003445,0.39705882352941174,2.5185185185185186,0.02374826693752978,9.0,15.0,0.5999999999999998,0.625,0.5999999999999998,0.015384615384615387,0.45454545454545436,0.45510297173556774,0.36
graph_084_mu_0_4_node_516,22,0.06315789473684211,0.0008977092767143799,0.38735944164404806,2.5815815815815815,0.019934085372593217,9.0,13.0,0.6923076923076923,0.5909090909090909,0.8666666666666669,0.013197969543147205,0.4193548387096773,0.41983805619471615,0.5333333333333332
graph_084_mu_0_4_node_517,33,0.08602150537634409,0.002139372762716968,0.4114497528830313,2.4304304304304303,0.031032427553752368,15.0,18.0,0.8333333333333335,0.5454545454545452,0.5294117647058824,0.018633540372670808,0.375,0.3756692444973231,0.41176470588235303
graph_084_mu_0_4_node_518,27,0.22507122507122507,0.0009934194897300561,0.4013660104459622,2.4914914914914914,0.03609484970830364,16.0,11.0,1.4545454545454546,0.4074074074074074,0.34375,0.011363636363636364,0.2558139534883721,0.25622307313727305,0.5
graph_084_mu_0_4_node_519,26,0.09230769230769231,0.0014023632173908375,0.3978494623655914,2.5135135135135136,0.024288213553897004,10.0,16.0,0.625,0.6153846153846152,0.7272727272727273,0.016359918200409,0.4444444444444446,0.4450391515511943,0.45454545454545436
graph_084_mu_0_4_node_520,25,0.14666666666666667,0.0010747954783087963,0.4023358840112767,2.4854854854854853,0.03443256848473198,14.0,11.0,1.272727272727273,0.4400000000000001,0.2619047619047619,0.01148225469728601,0.282051282051282,0.2824603408441867,0.33333333333333326
graph_084_mu_0_4_node_521,28,0.07936507936507936,0.0015467574742292255,0.40217391304347827,2.4864864864864864,0.028553124235333183,11.0,17.0,0.6470588235294118,0.6071428571428571,0.7083333333333334,0.017418032786885248,0.43589743589743607,0.43652933568556374,0.4583333333333332
graph_084_mu_0_4_node_522,20,0.07368421052631578,0.0008661755387510771,0.40104375752709753,2.4934934934934936,0.02568529662034305,4.0,16.0,0.25,0.8000000000000002,0.9411764705882354,0.016276703967446595,0.6666666666666665,0.6672611086342696,0.23529411764705885
graph_084_mu_0_4_node_523,54,0.1090146750524109,0.004737805841927533,0.4532667876588022,2.206206206206206,0.07776675279810157,26.0,28.0,0.9285714285714288,0.5185185185185184,0.5714285714285712,0.02944269190325972,0.3499999999999999,0.35104151167980946,0.5306122448979592
graph_084_mu_0_4_node_524,27,0.09686609686609686,0.0013068041636752044,0.40314769975786924,2.4804804804804803,0.034080029712805014,12.0,15.0,0.8000000000000002,0.5555555555555556,0.35714285714285704,0.015657620041753646,0.38461538461538475,0.3851730261633976,0.2857142857142856
graph_084_mu_0_4_node_525,34,0.1319073083778966,0.001779645114032712,0.4185169669040637,2.3893893893893896,0.0505657812200974,19.0,15.0,1.2666666666666662,0.44117647058823545,0.3061224489795918,0.015772870662460574,0.2830188679245283,0.2835767998568325,0.38775510204081615
graph_084_mu_0_4_node_526,59,0.11842105263157894,0.005368741352504851,0.4532667876588022,2.206206206206206,0.08133564928174092,32.0,27.0,1.1851851851851851,0.45762711864406763,0.5510204081632653,0.028391167192429016,0.2967032967032967,0.2977080974178216,0.6326530612244898
graph_084_mu_0_4_node_527,24,0.07246376811594203,0.0011785049116521083,0.39611419508326723,2.5245245245245247,0.025429856985063302,8.0,16.0,0.5,0.6666666666666665,0.8000000000000002,0.016326530612244903,0.5,0.5005946187007579,0.4000000000000001
graph_084_mu_0_4_node_528,24,0.08695652173913043,0.0010518979905473776,0.39564356435643566,2.5275275275275275,0.025520738584804487,12.0,12.0,1.0,0.5,0.2857142857142856,0.012526096033402925,0.33333333333333326,0.33377949633154874,0.2619047619047619
graph_084_mu_0_4_node_529,31,0.07956989247311828,0.0016791701029488155,0.4104354971240756,2.4364364364364364,0.0348197783465945,15.0,16.0,0.9375,0.5161290322580643,0.3076923076923076,0.01687763713080168,0.3478260869565216,0.34842101519330304,0.2884615384615384
graph_084_mu_0_4_node_530,33,0.0967741935483871,0.0018692252769629942,0.41659716430358634,2.4004004004004003,0.034762455265191776,15.0,18.0,0.8333333333333335,0.5454545454545452,0.75,0.01844262295081967,0.375,0.3756692444973231,0.5833333333333334
graph_084_mu_0_4_node_531,35,0.0928030303030303,0.0019343709759514196,0.41555740432612315,2.4064064064064064,0.03755541096504491,19.0,16.0,1.1875,0.45714285714285724,0.3076923076923076,0.01687763713080168,0.2962962962962963,0.296891401555539,0.34615384615384615
graph_084_mu_0_4_node_532,20,0.06315789473684211,0.0009731428284492899,0.384526558891455,2.6006006006006004,0.017067785924742274,8.0,12.0,0.6666666666666665,0.5999999999999998,0.6666666666666665,0.012219959266802444,0.42857142857142855,0.429017458901491,0.388888888888889
graph_084_mu_0_4_node_533,23,0.10276679841897234,0.000778635791479928,0.40217391304347827,2.4864864864864864,0.03437778147544308,10.0,13.0,0.7692307692307695,0.5652173913043478,0.3095238095238094,0.013569937369519834,0.39393939393939387,0.3944226473500478,0.2380952380952381
graph_084_mu_0_4_node_534,34,0.07056451612903226,0.0019838027377084727,0.4079216006533279,2.4514514514514514,0.03284119642560674,15.0,19.0,0.7894736842105262,0.5588235294117646,0.36538461538461525,0.020042194092827002,0.38775510204081615,0.38846150052391865,0.2692307692307692
graph_084_mu_0_4_node_535,24,0.05194805194805195,0.0011056714814388937,0.39330708661417324,2.5425425425425425,0.023110603196275087,8.0,16.0,0.5,0.6666666666666665,0.8888888888888892,0.01629327902240326,0.5,0.5005946187007579,0.388888888888889
graph_084_mu_0_4_node_536,19,0.023391812865497075,0.0008717851585827883,0.3906922174423152,2.5595595595595597,0.01890788536329928,3.0,16.0,0.1875,0.8421052631578946,0.8888888888888892,0.01629327902240326,0.7272727272727273,0.7278671250734553,0.11111111111111115
graph_084_mu_0_4_node_537,29,0.09686609686609686,0.0014429543147880378,0.40120481927710844,2.4924924924924925,0.026940987959217476,13.0,16.0,0.8125,0.5517241379310346,0.6666666666666665,0.016393442622950814,0.3809523809523811,0.38154722071741914,0.5
graph_084_mu_0_4_node_538,23,0.13043478260869565,0.0009008633724023192,0.39658594680428744,2.5215215215215214,0.026706248111637708,12.0,11.0,1.0909090909090904,0.4782608695652175,0.4782608695652175,0.011258955987717504,0.3142857142857142,0.3146947122407245,0.5217391304347825
graph_084_mu_0_4_node_539,27,0.11,0.0012343736143282215,0.3953304313415117,2.5295295295295297,0.022998937610743307,12.0,15.0,0.8000000000000002,0.5555555555555556,0.8823529411764709,0.015259409969481184,0.38461538461538475,0.3851730261633976,0.6470588235294118
graph_084_mu_0_4_node_540,18,0.0392156862745098,0.0007397759003282939,0.3855654187572366,2.5935935935935936,0.017890810898267488,3.0,15.0,0.20000000000000004,0.8333333333333335,0.8333333333333335,0.01527494908350305,0.7142857142857141,0.7148429829263504,0.05555555555555557
graph_084_mu_0_4_node_541,19,0.06432748538011696,0.0008244716096886576,0.3878105590062112,2.5785785785785786,0.019823230998721162,8.0,11.0,0.7272727272727273,0.5789473684210529,0.2619047619047619,0.01148225469728601,0.4074074074074074,0.4078162837409017,0.16666666666666663
graph_084_mu_0_4_node_542,27,0.056666666666666664,0.0013019990981291642,0.39548693586698336,2.5285285285285286,0.025064351296762072,11.0,16.0,0.6875,0.5925925925925926,0.6153846153846152,0.016427104722792605,0.4210526315789473,0.42164738289855197,0.38461538461538475
graph_084_mu_0_4_node_543,24,0.14285714285714285,0.0009284509864766699,0.3920722135007849,2.5505505505505504,0.022338699806298427,11.0,13.0,0.8461538461538461,0.5416666666666667,0.722222222222222,0.013238289205702643,0.37142857142857155,0.37191186077018273,0.5555555555555556
graph_084_mu_0_4_node_544,24,0.11255411255411256,0.0008003681441713057,0.3958003169572108,2.5265265265265264,0.031446633670211305,13.0,11.0,1.1818181818181819,0.4583333333333332,0.22448979591836735,0.011566771819137752,0.29729729729729737,0.2977063256689926,0.24489795918367344
graph_084_mu_0_4_node_545,27,0.1339031339031339,0.001176830706504177,0.3958003169572108,2.5265265265265264,0.030049360997735718,16.0,11.0,1.4545454545454546,0.4074074074074074,0.23913043478260876,0.011530398322851156,0.2558139534883721,0.25622307313727305,0.3478260869565216
graph_084_mu_0_4_node_546,24,0.12681159420289856,0.0011794190246444429,0.3939274447949527,2.5385385385385386,0.02289015639408022,9.0,15.0,0.5999999999999998,0.625,0.8333333333333335,0.01527494908350305,0.45454545454545436,0.45510297173556774,0.5
graph_084_mu_0_4_node_547,39,0.07827260458839407,0.0030242041274257353,0.4167709637046308,2.3993993993993996,0.03531829478504394,17.0,22.0,0.7727272727272727,0.564102564102564,0.9166666666666664,0.022540983606557374,0.39285714285714296,0.3936751083538709,0.7083333333333334
graph_084_mu_0_4_node_548,25,0.06,0.0013291690011510426,0.3991210547343188,2.5055055055055053,0.02559303967701032,9.0,16.0,0.5625,0.64,0.3809523809523811,0.016701461377870565,0.4705882352941177,0.471182898194586,0.21428571428571427
graph_084_mu_0_4_node_549,26,0.13538461538461538,0.001262696872328681,0.3981666002391391,2.5115115115115114,0.025982383008780096,12.0,14.0,0.8571428571428571,0.5384615384615384,0.608695652173913,0.0143295803480041,0.36842105263157887,0.36894153742598756,0.5217391304347825
graph_084_mu_0_4_node_550,38,0.03698435277382646,0.0031828771820578933,0.421875,2.3703703703703702,0.036372449898627576,14.0,24.0,0.5833333333333334,0.6315789473684211,0.5454545454545452,0.025104602510460258,0.4615384615384616,0.4624305221985862,0.2727272727272726
graph_084_mu_0_4_node_551,28,0.164021164021164,0.0014375823065607067,0.3981666002391391,2.5115115115115114,0.025466845140959954,13.0,15.0,0.8666666666666669,0.5357142857142857,0.8333333333333335,0.01527494908350305,0.36585365853658547,0.36641134154956073,0.722222222222222
graph_084_mu_0_4_node_552,32,0.07816091954022988,0.0018298601348355258,0.40808823529411764,2.4504504504504503,0.03399006824082113,12.0,20.0,0.5999999999999998,0.625,0.6896551724137934,0.02059732234809475,0.45454545454545436,0.45528883842889195,0.3793103448275863
graph_084_mu_0_4_node_553,32,0.0907258064516129,0.0019780779490898947,0.4157303370786517,2.4054054054054053,0.03611241579828202,11.0,21.0,0.5238095238095238,0.65625,0.8076923076923079,0.021560574948665305,0.48837209302325585,0.48915255907298244,0.4230769230769231
graph_084_mu_0_4_node_554,35,0.16470588235294117,0.0019685886518023108,0.421875,2.3703703703703702,0.0524599783312157,20.0,15.0,1.333333333333333,0.42857142857142855,0.3061224489795918,0.015772870662460574,0.2727272727272726,0.2732852461677369,0.40816326530612235
graph_084_mu_0_4_node_555,23,0.05928853754940711,0.00109673944042466,0.40024038461538464,2.4984984984984986,0.02744824888181933,6.0,17.0,0.3529411764705881,0.7391304347826088,0.53125,0.01756198347107438,0.5862068965517241,0.5868385615463364,0.1875
graph_084_mu_0_4_node_556,17,0.022058823529411766,0.0007729766373882012,0.3821729150726855,2.6166166166166165,0.015075166199270226,4.0,13.0,0.3076923076923076,0.7647058823529413,0.722222222222222,0.013238289205702643,0.6190476190476188,0.6195306569846756,0.11111111111111115
graph_084_mu_0_4_node_557,23,0.1380952380952381,0.0009597627749808259,0.3893219017926734,2.5685685685685686,0.019829032717127906,11.0,12.0,0.9166666666666664,0.5217391304347825,0.8000000000000002,0.01218274111675127,0.3529411764705881,0.35338730629436704,0.6666666666666665
graph_084_mu_0_4_node_558,27,0.05413105413105413,0.0016338570902703937,0.3991210547343188,2.5055055055055053,0.024431489256798593,8.0,19.0,0.4210526315789473,0.7037037037037039,1.0555555555555556,0.019348268839103868,0.5428571428571429,0.5435631738481873,0.4444444444444446
graph_084_mu_0_4_node_559,21,0.08771929824561403,0.0008339996267330142,0.3863109048723898,2.5885885885885886,0.01846200695122495,8.0,13.0,0.6153846153846152,0.6190476190476188,0.8666666666666669,0.013197969543147205,0.44827586206896536,0.44875904363373037,0.46666666666666673
graph_084_mu_0_4_node_560,25,0.10666666666666667,0.001291048886382853,0.39377217185652347,2.5395395395395397,0.023471907286512755,9.0,16.0,0.5625,0.64,0.4705882352941177,0.016563146997929604,0.4705882352941177,0.471182898194586,0.2647058823529412
graph_084_mu_0_4_node_561,17,0.03676470588235294,0.0006343505203597821,0.38660990712074306,2.5865865865865865,0.01782983623599609,4.0,13.0,0.3076923076923076,0.7647058823529413,0.3250000000000001,0.01354166666666667,0.6190476190476188,0.6195306569846756,0.07499999999999997
graph_084_mu_0_4_node_562,27,0.08,0.0011653163574018655,0.404126213592233,2.4744744744744747,0.027933317527137094,14.0,13.0,1.0769230769230769,0.4814814814814816,0.40625,0.013429752066115706,0.3170731707317073,0.3175565678982562,0.40625
graph_084_mu_0_4_node_563,22,0.05627705627705628,0.0010292839637153866,0.3903868698710434,2.5615615615615615,0.021530971425427283,5.0,17.0,0.29411764705882354,0.7727272727272727,0.5,0.017598343685300215,0.6296296296296297,0.6302612476864751,0.14705882352941177
graph_084_mu_0_4_node_564,42,0.08362369337979095,0.003141800611059926,0.43265482893027285,2.3113113113113113,0.04768655894958864,18.0,24.0,0.75,0.5714285714285712,0.4615384615384616,0.025316455696202538,0.4000000000000001,0.4008923259964306,0.34615384615384615
graph_084_mu_0_4_node_565,28,0.10317460317460317,0.0013873011189176109,0.4085889570552147,2.4474474474474475,0.03453150606652669,12.0,16.0,0.75,0.5714285714285712,0.5,0.01652892561983471,0.4000000000000001,0.4005947955390336,0.375
graph_084_mu_0_4_node_566,45,0.12070874861572536,0.0031684302125079777,0.436435124508519,2.2912912912912913,0.05871518110402881,22.0,23.0,0.956521739130435,0.5111111111111111,0.5111111111111111,0.02408376963350785,0.3432835820895522,0.34413901408270864,0.46666666666666673
graph_084_mu_0_4_node_567,28,0.07076923076923076,0.0013168574417101217,0.4026602176541717,2.4834834834834836,0.030190802950656084,14.0,14.0,1.0,0.5,0.3499999999999999,0.014583333333333335,0.33333333333333326,0.3338538955405171,0.3250000000000001
graph_084_mu_0_4_node_568,18,0.0392156862745098,0.000675469404039198,0.3836405529953917,2.6066066066066065,0.01792652418831313,6.0,12.0,0.5,0.6666666666666665,0.2727272727272726,0.012552301255230129,0.5,0.5004459640255686,0.09090909090909091
graph_084_mu_0_4_node_569,18,0.09803921568627451,0.000581507307253994,0.3852680293096799,2.5955955955955954,0.020166427216986395,7.0,11.0,0.6363636363636365,0.6111111111111108,0.4400000000000001,0.011282051282051285,0.4400000000000001,0.44040884593941665,0.28000000000000014
graph_084_mu_0_4_node_570,27,0.06552706552706553,0.0014537964079857854,0.4122988031366075,2.4254254254254253,0.03199628175060794,7.0,20.0,0.3499999999999999,0.7407407407407407,0.45454545454545436,0.020920502092050205,0.5882352941176471,0.5889784017939493,0.15909090909090912
graph_084_mu_0_4_node_571,20,0.11052631578947368,0.000746700900044906,0.38497109826589593,2.5975975975975976,0.02184369607247084,9.0,11.0,0.8181818181818182,0.5499999999999999,0.2619047619047619,0.01148225469728601,0.3793103448275863,0.3797192515596779,0.21428571428571427
graph_084_mu_0_4_node_572,35,0.05714285714285714,0.0027100155819905257,0.42080876158382474,2.3763763763763763,0.03416389566608979,15.0,20.0,0.75,0.5714285714285712,0.45454545454545436,0.020920502092050205,0.4000000000000001,0.4007435497062978,0.31818181818181823
graph_084_mu_0_4_node_573,26,0.055384615384615386,0.0014458964248497991,0.40104375752709753,2.4934934934934936,0.028062969990978653,9.0,17.0,0.5294117647058824,0.6538461538461539,0.3695652173913044,0.017819706498951784,0.4857142857142857,0.4863460915640647,0.19565217391304346
graph_084_mu_0_4_node_574,29,0.059113300492610835,0.0017462059188715795,0.40775510204081633,2.4524524524524525,0.030710289237126005,8.0,21.0,0.3809523809523811,0.7241379310344828,0.5,0.02192066805845511,0.5675675675675675,0.5683478596197356,0.19047619047619055
graph_084_mu_0_4_node_575,32,0.056451612903225805,0.0023119841360214576,0.4145228215767635,2.4124124124124124,0.031936827765454666,10.0,22.0,0.45454545454545436,0.6875,0.6875,0.022727272727272728,0.5238095238095238,0.5246270637574985,0.3125
graph_084_mu_0_4_node_576,30,0.06896551724137931,0.0018448872291454122,0.4128099173553719,2.4224224224224224,0.03142002938695556,10.0,20.0,0.5,0.6666666666666665,0.7692307692307695,0.020533880903490755,0.5,0.5007432733759476,0.38461538461538475
graph_084_mu_0_4_node_577,45,0.12956810631229235,0.0031609296384893055,0.42857142857142855,2.3333333333333335,0.057607274326947476,24.0,21.0,1.1428571428571423,0.46666666666666673,0.5,0.02192066805845511,0.3043478260869565,0.3051290470236776,0.5476190476190476
graph_084_mu_0_4_node_578,28,0.08923076923076922,0.0014082034925793985,0.3997599039615846,2.5015015015015014,0.02695227286469389,12.0,16.0,0.75,0.5714285714285712,1.0,0.016260162601626018,0.4000000000000001,0.4005947955390336,0.6875
graph_084_mu_0_4_node_579,33,0.06236559139784946,0.0019764319837756055,0.4107730263157895,2.4344344344344346,0.03307055079284094,14.0,19.0,0.7368421052631577,0.5757575757575759,0.4523809523809525,0.0198329853862213,0.404255319148936,0.40496166510975234,0.3095238095238094
graph_084_mu_0_4_node_580,18,0.032679738562091505,0.0008659902264287651,0.3858632676709154,2.5915915915915915,0.017024306513187835,3.0,15.0,0.20000000000000004,0.8333333333333335,1.25,0.015182186234817817,0.7142857142857141,0.7148429829263504,0.25
graph_084_mu_0_4_node_581,24,0.06884057971014493,0.001153633399633109,0.4018503620273532,2.4884884884884886,0.027027732888038305,9.0,15.0,0.5999999999999998,0.625,0.35714285714285704,0.015657620041753646,0.45454545454545436,0.45510297173556774,0.19047619047619055
graph_084_mu_0_4_node_582,36,0.06951871657754011,0.0023115478071424203,0.42098609355246525,2.3753753753753752,0.04250120196009703,15.0,21.0,0.7142857142857141,0.5833333333333334,0.5,0.02192066805845511,0.41176470588235303,0.4125454040495711,0.33333333333333326
graph_084_mu_0_4_node_583,21,0.05238095238095238,0.0010715222734906786,0.3908450704225352,2.5585585585585586,0.01991846456254401,6.0,15.0,0.4000000000000001,0.7142857142857141,0.9375,0.015243902439024395,0.5555555555555556,0.5561129484432225,0.375
graph_084_mu_0_4_node_584,39,0.043184885290148446,0.003023874632457995,0.43378202344767697,2.305305305305305,0.04538098266658957,13.0,26.0,0.5,0.6666666666666665,0.5909090909090909,0.027196652719665263,0.5,0.5009662553887322,0.2727272727272726
graph_084_mu_0_4_node_585,22,0.08225108225108226,0.0009313097023918098,0.39627132090440303,2.5235235235235236,0.025049023037779488,8.0,14.0,0.5714285714285712,0.6363636363636365,0.3499999999999999,0.014583333333333335,0.46666666666666673,0.4671869967045765,0.20000000000000004
graph_084_mu_0_4_node_586,21,0.09523809523809523,0.000733160483058426,0.3986432561851556,2.5085085085085086,0.027600740664474255,8.0,13.0,0.6153846153846152,0.6190476190476188,0.44827586206896536,0.013388259526261582,0.44827586206896536,0.44875904363373037,0.2758620689655173
graph_084_mu_0_4_node_587,36,0.10476190476190476,0.0021885221077815667,0.42348452734209413,2.3613613613613613,0.0503038205280884,16.0,20.0,0.8000000000000002,0.5555555555555556,0.40816326530612235,0.021030494216614088,0.38461538461538475,0.38535898961241016,0.32653061224489793
graph_084_mu_0_4_node_588,16,0.03333333333333333,0.0006168313867311809,0.3776937618147448,2.6476476476476476,0.015210102228596074,4.0,12.0,0.33333333333333326,0.75,0.2727272727272726,0.012552301255230129,0.5999999999999998,0.6004458977407847,0.09090909090909091
graph_084_mu_0_4_node_589,22,0.031578947368421054,0.0008599117610348659,0.3824655436447167,2.6146146146146148,0.018095790316062395,11.0,11.0,1.0,0.5,0.2619047619047619,0.01148225469728601,0.33333333333333326,0.33374230087618184,0.2380952380952381
graph_084_mu_0_4_node_590,28,0.08994708994708994,0.0014107288214921963,0.4057676685621446,2.4644644644644647,0.03281616041949823,12.0,16.0,0.75,0.5714285714285712,0.3076923076923076,0.01687763713080168,0.4000000000000001,0.4005947955390336,0.2307692307692308
graph_084_mu_0_4_node_591,17,0.03676470588235294,0.0007283893955329928,0.3858632676709154,2.5915915915915915,0.015953136720303768,2.0,15.0,0.1333333333333333,0.8823529411764709,0.8333333333333335,0.01527494908350305,0.7894736842105262,0.7900309114477937,0.0
graph_084_mu_0_4_node_592,29,0.0960591133004926,0.00155913316298765,0.411619283065513,2.4294294294294296,0.039378420437508985,12.0,17.0,0.7058823529411762,0.5862068965517241,0.34693877551020413,0.01787592008412198,0.41463414634146356,0.4152660931092416,0.24489795918367344
graph_084_mu_0_4_node_593,29,0.09113300492610837,0.001572606355871306,0.4065934065934066,2.4594594594594597,0.03512401994678131,12.0,17.0,0.7058823529411762,0.5862068965517241,0.3695652173913044,0.017819706498951784,0.41463414634146356,0.4152660931092416,0.26086956521739124
graph_084_mu_0_4_node_594,14,0.04395604395604396,0.00048090281512817336,0.3754227733934611,2.6636636636636637,0.014611105133848291,2.0,12.0,0.16666666666666663,0.8571428571428571,0.6666666666666665,0.012219959266802444,0.75,0.7504458314757021,0.11111111111111115
graph_084_mu_0_4_node_595,36,0.08253968253968254,0.0025053324186084295,0.4215189873417722,2.3723723723723724,0.038821591755994006,15.0,21.0,0.7142857142857141,0.5833333333333334,0.7241379310344828,0.021627188465499485,0.41176470588235303,0.4125454040495711,0.5172413793103449
graph_084_mu_0_4_node_596,22,0.14285714285714285,0.0008631622964347264,0.38601236476043277,2.5905905905905904,0.020866621139877962,10.0,12.0,0.8333333333333335,0.5454545454545452,0.7058823529411762,0.012207527975584944,0.375,0.37544609665427503,0.5882352941176471
graph_084_mu_0_4_node_597,26,0.11076923076923077,0.0013647062765015706,0.39928057553956836,2.5045045045045047,0.029760963133570264,11.0,15.0,0.7333333333333332,0.5769230769230768,0.46875,0.015495867768595042,0.4054054054054053,0.40596300549462144,0.34375
graph_084_mu_0_4_node_598,30,0.11494252873563218,0.0014426452399960137,0.40808823529411764,2.4504504504504503,0.03363099015901673,15.0,15.0,1.0,0.5,0.2884615384615384,0.015822784810126583,0.33333333333333326,0.3338910992947358,0.2884615384615384
graph_084_mu_0_4_node_599,38,0.09206349206349207,0.002335329721301934,0.42312579415501905,2.3633633633633635,0.043238313154956215,18.0,20.0,0.9000000000000002,0.5263157894736842,0.625,0.020661157024793382,0.35714285714285704,0.35788657274601043,0.53125
graph_084_mu_0_4_node_600,29,0.04926108374384237,0.0019384666260395286,0.41263940520446096,2.4234234234234235,0.029352998362152983,9.0,20.0,0.4500000000000001,0.6896551724137934,0.7692307692307695,0.020533880903490755,0.5263157894736842,0.5270590076082068,0.34615384615384615
graph_084_mu_0_4_node_601,41,0.07560975609756097,0.003030222567646452,0.42258883248730966,2.3663663663663663,0.04433952363799966,18.0,23.0,0.7826086956521738,0.5609756097560974,0.4423076923076925,0.02426160337552742,0.3898305084745762,0.39068568601687037,0.34615384615384615
graph_084_mu_0_4_node_602,18,0.032679738562091505,0.0007346393697254359,0.3855654187572366,2.5935935935935936,0.018778919608511937,3.0,15.0,0.20000000000000004,0.8333333333333335,0.8333333333333335,0.01527494908350305,0.7142857142857141,0.7148429829263504,0.0
graph_084_mu_0_4_node_603,30,0.07142857142857142,0.0016372680769262639,0.4085889570552147,2.4474474474474475,0.03144978417741716,10.0,20.0,0.5,0.6666666666666665,1.0,0.02040816326530612,0.5,0.5007432733759476,0.4500000000000001
graph_084_mu_0_4_node_604,19,0.14619883040935672,0.0006379650295530573,0.38071646341463417,2.6266266266266265,0.018433771123478822,10.0,9.0,1.1111111111111112,0.4736842105263158,0.375,0.009221311475409834,0.31034482758620696,0.3106794373939921,0.41666666666666674
graph_084_mu_0_4_node_605,35,0.047058823529411764,0.002661417593414063,0.4249255635899617,2.3533533533533535,0.03844647884181563,11.0,24.0,0.4583333333333332,0.6857142857142855,0.8275862068965517,0.024716786817713703,0.5217391304347825,0.5226309921962092,0.3793103448275863
graph_084_mu_0_4_node_606,46,0.09302325581395349,0.0036901759759823136,0.43060344827586206,2.3223223223223224,0.04548266321552916,24.0,22.0,1.0909090909090904,0.4782608695652175,0.5499999999999999,0.02291666666666666,0.3142857142857142,0.3151041057744429,0.575
graph_084_mu_0_4_node_607,23,0.043478260869565216,0.0012783854775594665,0.3964285714285714,2.5225225225225225,0.02215611185753893,3.0,20.0,0.14999999999999994,0.8695652173913044,0.4347826086956522,0.02096436058700209,0.7692307692307695,0.769973656089101,0.0434782608695652
graph_084_mu_0_4_node_608,36,0.10793650793650794,0.002190884316744766,0.42912371134020616,2.33033033033033,0.05314313867970972,17.0,19.0,0.8947368421052634,0.5277777777777778,0.38775510204081615,0.019978969505783383,0.3584905660377358,0.3591970695888458,0.34693877551020413
graph_084_mu_0_4_node_609,20,0.05263157894736842,0.0008715465803014609,0.3964285714285714,2.5225225225225225,0.022917359923822135,4.0,16.0,0.25,0.8000000000000002,0.4000000000000001,0.016666666666666663,0.6666666666666665,0.6672611086342696,0.10000000000000002
graph_084_mu_0_4_node_610,18,0.026143790849673203,0.0007916523171383031,0.38497109826589593,2.5975975975975976,0.01726593591446237,3.0,15.0,0.20000000000000004,0.8333333333333335,0.6818181818181818,0.015337423312883432,0.7142857142857141,0.7148429829263504,0.1363636363636363
graph_084_mu_0_4_node_611,34,0.1354723707664884,0.0018344443852407108,0.4167709637046308,2.3993993993993996,0.045429949471061735,18.0,16.0,1.125,0.4705882352941177,0.3555555555555554,0.01675392670157069,0.3076923076923076,0.3082873686860595,0.4000000000000001
graph_084_mu_0_4_node_612,28,0.09788359788359788,0.001604429674819358,0.40478119935170176,2.4704704704704703,0.027619401205612678,10.0,18.0,0.5555555555555556,0.6428571428571429,1.0,0.018329938900203673,0.4736842105263158,0.47435320628934274,0.5555555555555556
graph_084_mu_0_4_node_613,24,0.11231884057971014,0.0010831802959212669,0.4020120724346076,2.4874874874874875,0.026833635460231972,9.0,15.0,0.5999999999999998,0.625,0.6521739130434784,0.015353121801432952,0.45454545454545436,0.45510297173556774,0.3913043478260869
graph_084_mu_0_4_node_614,20,0.12105263157894737,0.00074064131479085,0.3920722135007849,2.5505505505505504,0.022982919663081084,9.0,11.0,0.8181818181818182,0.5499999999999999,0.3793103448275863,0.011328527291452116,0.3793103448275863,0.3797192515596779,0.31034482758620696
graph_084_mu_0_4_node_615,29,0.05665024630541872,0.0018013236301667654,0.4138359569179785,2.4164164164164164,0.03112157319251307,8.0,21.0,0.3809523809523811,0.7241379310344828,0.875,0.02151639344262296,0.5675675675675675,0.5683478596197356,0.33333333333333326
graph_084_mu_0_4_node_616,23,0.039525691699604744,0.0013119947728903749,0.390234375,2.5625625625625625,0.019782904412009895,10.0,13.0,0.7692307692307695,0.5652173913043478,0.3513513513513515,0.013499480789200408,0.39393939393939387,0.3944226473500478,0.13513513513513511
graph_084_mu_0_4_node_617,18,0.0915032679738562,0.0006211124060388933,0.38977760436987907,2.5655655655655654,0.021774802519324003,5.0,13.0,0.38461538461538475,0.722222222222222,0.5909090909090909,0.013292433537832306,0.5652173913043478,0.5657004651403257,0.22727272727272718
graph_084_mu_0_4_node_618,19,0.09558823529411764,0.0006798168755004586,0.37528174305033807,2.664664664664665,0.014437721991316689,8.0,11.0,0.7272727272727273,0.5789473684210529,0.3235294117647059,0.011387163561076604,0.4074074074074074,0.4078162837409017,0.20588235294117652
graph_084_mu_0_4_node_619,21,0.09523809523809523,0.0009366247904260204,0.3958003169572108,2.5265265265265264,0.024233341978637617,8.0,13.0,0.6153846153846152,0.6190476190476188,0.3095238095238094,0.013569937369519834,0.44827586206896536,0.44875904363373037,0.19047619047619055
graph_084_mu_0_4_node_620,22,0.08225108225108226,0.0011332695020639693,0.39176470588235296,2.5525525525525525,0.019683764717364816,7.0,15.0,0.46666666666666673,0.6818181818181818,1.0,0.015228426395939085,0.5172413793103449,0.5177988136260013,0.46666666666666673
graph_084_mu_0_4_node_621,30,0.06436781609195402,0.001961433394343614,0.4121287128712871,2.4264264264264264,0.030138685189995768,10.0,20.0,0.5,0.6666666666666665,0.5,0.02083333333333333,0.5,0.5007432733759476,0.25
graph_084_mu_0_4_node_622,25,0.08666666666666667,0.0012545606735779556,0.408255006129955,2.4494494494494496,0.03107326922440529,9.0,16.0,0.5625,0.64,0.3076923076923076,0.01687763713080168,0.4705882352941177,0.471182898194586,0.17307692307692307
graph_084_mu_0_4_node_623,18,0.08496732026143791,0.0007152659664013428,0.3823191733639495,2.6156156156156154,0.017188505370949424,7.0,11.0,0.6363636363636365,0.6111111111111108,0.4583333333333332,0.011270491803278687,0.4400000000000001,0.44040884593941665,0.2916666666666667
graph_084_mu_0_4_node_624,34,0.0784313725490196,0.0024201009581669933,0.42080876158382474,2.3763763763763763,0.03404997224443434,10.0,24.0,0.41666666666666674,0.7058823529411762,1.1999999999999995,0.02448979591836735,0.5454545454545452,0.546346340936115,0.5
graph_084_mu_0_4_node_625,24,0.036231884057971016,0.001387584095799998,0.3951740506329114,2.5305305305305303,0.020978128838065196,8.0,16.0,0.5,0.6666666666666665,0.6956521739130432,0.01637666325486182,0.5,0.5005946187007579,0.3478260869565216
graph_084_mu_0_4_node_626,19,0.017543859649122806,0.0007484123030433113,0.38571428571428573,2.5925925925925926,0.01895551578070228,5.0,14.0,0.35714285714285704,0.7368421052631577,0.4375,0.014462809917355378,0.5833333333333334,0.5838535473642491,0.125
graph_084_mu_0_4_node_627,22,0.07894736842105263,0.0008307346507908221,0.391304347826087,2.5555555555555554,0.021997338540485967,8.0,14.0,0.5714285714285712,0.6363636363636365,0.608695652173913,0.0143295803480041,0.46666666666666673,0.4671869967045765,0.3043478260869565
graph_084_mu_0_4_node_628,19,0.05263157894736842,0.0007633936408607984,0.38144329896907214,2.6216216216216215,0.017097160150933672,6.0,13.0,0.4615384615384616,0.6842105263157895,0.3823529411764707,0.013457556935817802,0.5199999999999998,0.5204831097402355,0.17647058823529405
graph_084_mu_0_4_node_629,25,0.08666666666666667,0.0013127948441010165,0.4034733441033926,2.4784784784784786,0.028292755770816917,10.0,15.0,0.6666666666666665,0.5999999999999998,0.3260869565217392,0.015723270440251572,0.42857142857142855,0.4291289872080118,0.2173913043478261
graph_084_mu_0_4_node_630,16,0.041666666666666664,0.0006281621904523581,0.38100686498855835,2.6246246246246248,0.015463069536315308,5.0,11.0,0.45454545454545436,0.6875,0.29729729729729737,0.011422637590861894,0.5238095238095238,0.5242183089743389,0.13513513513513511
graph_084_mu_0_4_node_631,19,0.03676470588235294,0.000715180271648528,0.3804265041888804,2.6286286286286287,0.016105803758249063,8.0,11.0,0.7272727272727273,0.5789473684210529,0.3235294117647059,0.011387163561076604,0.4074074074074074,0.4078162837409017,0.20588235294117652
graph_084_mu_0_4_node_632,28,0.12698412698412698,0.0013221451062032233,0.4070904645476773,2.4564564564564564,0.035897290398700855,13.0,15.0,0.8666666666666669,0.5357142857142857,0.46875,0.015495867768595042,0.36585365853658547,0.36641134154956073,0.40625
graph_084_mu_0_4_node_633,29,0.1206896551724138,0.0013992682386673103,0.4145228215767635,2.4124124124124124,0.04461064754839267,12.0,17.0,0.7058823529411762,0.5862068965517241,0.34693877551020413,0.01787592008412198,0.41463414634146356,0.4152660931092416,0.24489795918367344
graph_084_mu_0_4_node_634,20,0.1368421052631579,0.0006754450114793926,0.38962558502340094,2.5665665665665665,0.02612078831205701,9.0,11.0,0.8181818181818182,0.5499999999999999,0.2619047619047619,0.01148225469728601,0.3793103448275863,0.3797192515596779,0.21428571428571427
graph_084_mu_0_4_node_635,22,0.07792207792207792,0.0009554801454895985,0.38917023763147646,2.5695695695695697,0.0209277659208104,7.0,15.0,0.46666666666666673,0.6818181818181818,0.8823529411764709,0.015259409969481184,0.5172413793103449,0.5177988136260013,0.41176470588235303
graph_084_mu_0_4_node_636,25,0.09,0.0012360838914160371,0.39548693586698336,2.5285285285285286,0.025260746473076433,10.0,15.0,0.6666666666666665,0.5999999999999998,0.625,0.015368852459016395,0.42857142857142855,0.4291289872080118,0.41666666666666674
graph_084_mu_0_4_node_637,21,0.06666666666666667,0.0009439723130543917,0.392688679245283,2.5465465465465464,0.02291196110381321,7.0,14.0,0.5,0.6666666666666665,0.3499999999999999,0.014583333333333335,0.5,0.5005202913631634,0.17499999999999996
graph_084_mu_0_4_node_638,27,0.05128205128205128,0.0014969631128820278,0.4111111111111111,2.4324324324324325,0.03135894928347141,6.0,21.0,0.2857142857142856,0.777777777777778,0.9545454545454548,0.0214723926380368,0.6363636363636365,0.6371438124605268,0.2727272727272726
graph_084_mu_0_4_node_639,14,0.0,0.00044288000274867156,0.3726221559119731,2.6836836836836837,0.013626446762214672,2.0,12.0,0.16666666666666663,0.8571428571428571,0.41379310344827586,0.012358393408856852,0.75,0.7504458314757021,0.0
graph_084_mu_0_4_node_640,32,0.08266129032258064,0.0020269146645399815,0.4095940959409594,2.4414414414414414,0.03131043225771049,13.0,19.0,0.6842105263157895,0.59375,0.7599999999999999,0.019487179487179488,0.4222222222222223,0.42292851566856265,0.5199999999999998
graph_084_mu_0_4_node_641,25,0.09333333333333334,0.0012848314699203515,0.39753282928770395,2.5155155155155153,0.02413198860613069,10.0,15.0,0.6666666666666665,0.5999999999999998,0.44117647058823545,0.015527950310559004,0.42857142857142855,0.4291289872080118,0.29411764705882354
graph_084_mu_0_4_node_642,26,0.15076923076923077,0.0012615376934035044,0.39627132090440303,2.5235235235235236,0.02337057354658809,12.0,14.0,0.8571428571428571,0.5384615384615384,0.41176470588235303,0.01449275362318841,0.36842105263157887,0.36894153742598756,0.3529411764705881
graph_084_mu_0_4_node_643,29,0.06403940886699508,0.001804810532061712,0.40808823529411764,2.4504504504504503,0.029207886049523978,12.0,17.0,0.7058823529411762,0.5862068965517241,0.4047619047619049,0.017745302713987474,0.41463414634146356,0.4152660931092416,0.2857142857142856
graph_084_mu_0_4_node_644,24,0.19047619047619047,0.0006680606540809723,0.3851195065535852,2.5965965965965965,0.02443788915430526,17.0,7.0,2.4285714285714284,0.2916666666666667,0.2413793103448275,0.00720906282183316,0.17073170731707318,0.17099211429598027,0.5517241379310346
graph_084_mu_0_4_node_645,19,0.05263157894736842,0.0007954097970993202,0.38188073394495414,2.6186186186186187,0.01723062152236251,5.0,14.0,0.35714285714285704,0.7368421052631577,0.875,0.01422764227642276,0.5833333333333334,0.5838535473642491,0.3125
graph_084_mu_0_4_node_646,19,0.11029411764705882,0.0005439232521348633,0.3852680293096799,2.5955955955955954,0.019446919719149285,8.0,11.0,0.7272727272727273,0.5789473684210529,0.4782608695652175,0.011258955987717504,0.4074074074074074,0.4078162837409017,0.3043478260869565
graph_084_mu_0_4_node_647,30,0.09425287356321839,0.0016154195308373273,0.41366459627329194,2.4174174174174174,0.03511252545688166,13.0,17.0,0.7647058823529413,0.5666666666666665,0.4047619047619049,0.017745302713987474,0.3953488372093022,0.39598083096371706,0.3095238095238094
graph_084_mu_0_4_node_648,42,0.05512820512820513,0.003409258842158277,0.43190661478599224,2.315315315315315,0.0418074247492099,16.0,26.0,0.6153846153846152,0.6190476190476188,1.0833333333333335,0.02663934426229508,0.44827586206896536,0.44924233296332267,0.625
graph_084_mu_0_4_node_649,34,0.0873440285204991,0.0022758884403645146,0.4188679245283019,2.3873873873873874,0.03713347584106332,15.0,19.0,0.7894736842105262,0.5588235294117646,0.4130434782608694,0.019916142557652002,0.38775510204081615,0.38846150052391865,0.3260869565217392
graph_084_mu_0_4_node_650,19,0.08187134502923976,0.0007421877157432903,0.39361702127659576,2.5405405405405403,0.02273587453461256,6.0,13.0,0.4615384615384616,0.6842105263157895,0.5199999999999998,0.013333333333333334,0.5199999999999998,0.5204831097402355,0.2400000000000001
graph_084_mu_0_4_node_651,18,0.11666666666666667,0.0004950259297690341,0.3713754646840149,2.6926926926926926,0.013668568025320842,9.0,9.0,1.0,0.5,0.5999999999999998,0.009137055837563452,0.33333333333333326,0.3336679182621411,0.5333333333333332
graph_084_mu_0_4_node_652,56,0.10909090909090909,0.0053504457461802995,0.4532667876588022,2.206206206206206,0.0718257286425311,28.0,28.0,1.0,0.5,0.6666666666666665,0.029227557411273482,0.33333333333333326,0.3343749999999999,0.6666666666666665
graph_084_mu_0_4_node_653,32,0.0625,0.001963060361120336,0.4171189979123173,2.3973973973973974,0.035910044255205276,13.0,19.0,0.6842105263157895,0.59375,0.4130434782608694,0.019916142557652002,0.4222222222222223,0.42292851566856265,0.26086956521739124
graph_084_mu_0_4_node_654,18,0.058823529411764705,0.0007234854945808583,0.37726586102719034,2.650650650650651,0.015350677767411402,7.0,11.0,0.6363636363636365,0.6111111111111108,0.3235294117647059,0.011387163561076604,0.4400000000000001,0.44040884593941665,0.17647058823529405
graph_084_mu_0_4_node_655,22,0.0735930735930736,0.0009915215592772321,0.39315230224321135,2.5435435435435436,0.02327340147434367,7.0,15.0,0.46666666666666673,0.6818181818181818,0.625,0.015368852459016395,0.5172413793103449,0.5177988136260013,0.2916666666666667
graph_084_mu_0_4_node_656,30,0.0896551724137931,0.0015350640924550356,0.40758873929008566,2.4534534534534536,0.03654899922598729,15.0,15.0,1.0,0.5,0.33333333333333326,0.015706806282722505,0.33333333333333326,0.3338910992947358,0.311111111111111
graph_084_mu_0_4_node_657,21,0.08571428571428572,0.0009688861290838198,0.3855654187572366,2.5935935935935936,0.017898978698985966,6.0,15.0,0.4000000000000001,0.7142857142857141,0.8333333333333335,0.01527494908350305,0.5555555555555556,0.5561129484432225,0.33333333333333326
graph_084_mu_0_4_node_658,28,0.10582010582010581,0.001460875397491985,0.4072564207093355,2.4554554554554553,0.030047683798285117,12.0,16.0,0.75,0.5714285714285712,0.6956521739130432,0.01637666325486182,0.4000000000000001,0.4005947955390336,0.5217391304347825
graph_084_mu_0_4_node_659,25,0.07666666666666666,0.001265481828364051,0.3976910828025478,2.5145145145145147,0.025654261135945714,8.0,17.0,0.4705882352941177,0.6799999999999998,0.6538461538461539,0.01745379876796715,0.5151515151515154,0.5157832740425923,0.3076923076923076
graph_084_mu_0_4_node_660,26,0.15384615384615385,0.0012708640450470605,0.39611419508326723,2.5245245245245247,0.024347176182590236,13.0,13.0,1.0,0.5,0.722222222222222,0.013238289205702643,0.33333333333333326,0.3338166945528908,0.722222222222222
graph_084_mu_0_4_node_661,23,0.03557312252964427,0.0013359353260649909,0.3872093023255814,2.5825825825825826,0.01812142241763001,8.0,15.0,0.5333333333333332,0.6521739130434784,0.8333333333333335,0.01527494908350305,0.4838709677419357,0.48442844349174047,0.388888888888889
graph_084_mu_0_4_node_662,28,0.09788359788359788,0.0016390534446908843,0.3996,2.5025025025025025,0.02586322342342078,10.0,18.0,0.5555555555555556,0.6428571428571429,1.0588235294117647,0.01831129196337742,0.4736842105263158,0.47435320628934274,0.5882352941176471
graph_084_mu_0_4_node_663,17,0.125,0.000578856774693857,0.38497109826589593,2.5975975975975976,0.018113115650839874,7.0,10.0,0.6999999999999998,0.5882352941176471,0.4000000000000001,0.010256410256410255,0.41666666666666674,0.4170383586083854,0.28000000000000014
graph_084_mu_0_4_node_664,35,0.12100840336134454,0.0022018178251993576,0.42366412213740456,2.3603603603603602,0.0456471759907401,15.0,20.0,0.75,0.5714285714285712,0.4761904761904762,0.0208768267223382,0.4000000000000001,0.4007435497062978,0.35714285714285704
graph_084_mu_0_4_node_665,29,0.059113300492610835,0.001997585106094103,0.4109419991772933,2.4334334334334335,0.028500017282053654,9.0,20.0,0.4500000000000001,0.6896551724137934,1.1111111111111112,0.020366598778004067,0.5263157894736842,0.5270590076082068,0.5
graph_084_mu_0_4_node_666,25,0.11333333333333333,0.0012117715426573307,0.40104375752709753,2.4934934934934936,0.0335616437215963,12.0,13.0,0.9230769230769232,0.5199999999999998,0.2888888888888888,0.013612565445026177,0.3513513513513515,0.3518346766292633,0.2666666666666666
graph_084_mu_0_4_node_667,35,0.08739495798319327,0.00209832729672697,0.42169691853102576,2.3713713713713713,0.041720818763637105,17.0,18.0,0.9444444444444444,0.5142857142857142,0.34615384615384615,0.018987341772151892,0.34615384615384615,0.3468231901966841,0.3269230769230769
graph_084_mu_0_4_node_668,30,0.1471264367816092,0.0014139846536752993,0.4069246435845214,2.4574574574574575,0.038831041276281196,17.0,13.0,1.3076923076923077,0.43333333333333346,0.2888888888888888,0.013612565445026177,0.27659574468085113,0.2770792497204612,0.3777777777777778
graph_084_mu_0_4_node_669,37,0.10420168067226891,0.00230247686783737,0.4247448979591837,2.354354354354354,0.046163977265264985,17.0,20.0,0.8499999999999998,0.5405405405405405,0.4761904761904762,0.0208768267223382,0.37037037037037035,0.3711140306663472,0.3809523809523811
graph_084_mu_0_4_node_670,17,0.022058823529411766,0.0006441617691823158,0.38571428571428573,2.5925925925925926,0.017665736101761604,2.0,15.0,0.1333333333333333,0.8823529411764709,0.8333333333333335,0.01527494908350305,0.7894736842105262,0.7900309114477937,0.11111111111111115
graph_084_mu_0_4_node_671,26,0.057971014492753624,0.0013243803165342144,0.39611419508326723,2.5245245245245247,0.023256752221433086,8.0,18.0,0.4444444444444446,0.6923076923076923,0.5294117647058824,0.018633540372670808,0.5294117647058824,0.5300806610269524,0.20588235294117652
graph_084_mu_0_4_node_672,45,0.15252525252525254,0.0029693969736984977,0.43796580447172295,2.2832832832832834,0.0596126832705528,24.0,21.0,1.1428571428571423,0.46666666666666673,0.65625,0.021694214876033065,0.3043478260869565,0.3051290470236776,0.75
graph_084_mu_0_4_node_673,24,0.11956521739130435,0.0011322021521040712,0.39501779359430605,2.5315315315315314,0.022718440528598328,10.0,14.0,0.7142857142857141,0.5833333333333334,0.608695652173913,0.0143295803480041,0.41176470588235303,0.4122851132870069,0.4347826086956522
graph_084_mu_0_4_node_674,27,0.16333333333333333,0.0010730706465279947,0.39800796812749006,2.5125125125125125,0.03604502663957088,17.0,10.0,1.6999999999999995,0.37037037037037035,0.2380952380952381,0.0104384133611691,0.22727272727272718,0.22764469572980203,0.3809523809523811
graph_084_mu_0_4_node_675,17,0.0661764705882353,0.0006161058033135131,0.37192851824274015,2.6886886886886887,0.013258794896591883,5.0,12.0,0.41666666666666674,0.7058823529411762,0.2999999999999999,0.012500000000000002,0.5454545454545452,0.545900476335259,0.125
graph_084_mu_0_4_node_676,23,0.03557312252964427,0.0012378309086684357,0.3978494623655914,2.5135135135135136,0.023593907988163777,6.0,17.0,0.3529411764705881,0.7391304347826088,0.4047619047619049,0.017745302713987474,0.5862068965517241,0.5868385615463364,0.09523809523809527
graph_084_mu_0_4_node_677,26,0.08615384615384615,0.0013987353021012827,0.3997599039615846,2.5015015015015014,0.02700126604045488,10.0,16.0,0.625,0.6153846153846152,0.3809523809523811,0.016701461377870565,0.4444444444444446,0.4450391515511943,0.2380952380952381
graph_084_mu_0_4_node_678,31,0.09032258064516129,0.0018225075177718856,0.4064279902359642,2.4604604604604603,0.0345615765855069,15.0,16.0,0.9375,0.5161290322580643,0.3555555555555554,0.01675392670157069,0.3478260869565216,0.34842101519330304,0.33333333333333326
graph_084_mu_0_4_node_679,15,0.01904761904761905,0.000492163320663597,0.38408304498269896,2.6036036036036037,0.019047195397114646,2.0,13.0,0.1538461538461538,0.8666666666666669,0.2888888888888888,0.013612565445026177,0.7647058823529413,0.7651888485081593,0.044444444444444425
graph_084_mu_0_4_node_680,24,0.09057971014492754,0.000957701201581832,0.39690107270560193,2.5195195195195197,0.030370760745017232,12.0,12.0,1.0,0.5,0.2666666666666666,0.012565445026178011,0.33333333333333326,0.33377949633154874,0.2666666666666666
graph_084_mu_0_4_node_681,38,0.12944523470839261,0.0023220625486776707,0.42728828058169377,2.34034034034034,0.04920653758949256,22.0,16.0,1.375,0.4210526315789473,0.3478260869565216,0.016771488469601685,0.2666666666666666,0.2672619047619048,0.4782608695652175
graph_084_mu_0_4_node_682,18,0.058823529411764705,0.0007209829687345706,0.37726586102719034,2.650650650650651,0.01505573530637599,6.0,12.0,0.5,0.6666666666666665,0.75,0.012195121951219514,0.5,0.5004459640255686,0.375
graph_084_mu_0_4_node_683,25,0.11666666666666667,0.0012426107541515334,0.39705882352941174,2.5185185185185186,0.02574383164605617,11.0,14.0,0.7857142857142859,0.5600000000000003,0.608695652173913,0.0143295803480041,0.388888888888889,0.3894093349855431,0.4782608695652175
graph_084_mu_0_4_node_684,22,0.05627705627705628,0.0011480596033543553,0.3909980430528376,2.5575575575575575,0.02173500174869183,7.0,15.0,0.46666666666666673,0.6818181818181818,0.8333333333333335,0.01527494908350305,0.5172413793103449,0.5177988136260013,0.388888888888889
graph_084_mu_0_4_node_685,32,0.10114942528735632,0.0018990320940710712,0.4117889530090684,2.4284284284284285,0.031511000540230254,13.0,19.0,0.6842105263157895,0.59375,0.5588235294117646,0.019668737060041408,0.4222222222222223,0.42292851566856265,0.3529411764705881
graph_084_mu_0_4_node_686,26,0.13846153846153847,0.001120795821381449,0.3958003169572108,2.5265265265265264,0.02807446685678508,12.0,14.0,0.8571428571428571,0.5384615384615384,0.875,0.01422764227642276,0.36842105263157887,0.36894153742598756,0.75
graph_084_mu_0_4_node_687,32,0.15402298850574714,0.001565748117402091,0.4074225122349103,2.4544544544544546,0.030820390653294262,18.0,14.0,1.2857142857142858,0.4375,0.6999999999999998,0.014285714285714289,0.28000000000000014,0.28052071710183746,0.8499999999999998
graph_084_mu_0_4_node_688,21,0.06432748538011696,0.0008167579549478388,0.3842307692307692,2.6026026026026026,0.01896944719970453,7.0,14.0,0.5,0.6666666666666665,0.9333333333333335,0.01421319796954315,0.5,0.5005202913631634,0.4000000000000001
graph_084_mu_0_4_node_689,22,0.09523809523809523,0.0007772107076691418,0.40875613747954176,2.4464464464464464,0.03405536895883556,7.0,15.0,0.46666666666666673,0.6818181818181818,0.33333333333333326,0.015706806282722505,0.5172413793103449,0.5177988136260013,0.1555555555555555
graph_084_mu_0_4_node_690,23,0.05533596837944664,0.0011813577224229804,0.3978494623655914,2.5135135135135136,0.022966055517692877,8.0,15.0,0.5333333333333332,0.6521739130434784,0.3409090909090909,0.015690376569037656,0.4838709677419357,0.48442844349174047,0.18181818181818182
graph_084_mu_0_4_node_691,20,0.14210526315789473,0.000696450600684941,0.3863109048723898,2.5885885885885886,0.02651372507287299,10.0,10.0,1.0,0.5,0.2380952380952381,0.0104384133611691,0.33333333333333326,0.33370510818648225,0.2380952380952381
graph_084_mu_0_4_node_692,21,0.14761904761904762,0.0007412125079933851,0.3893219017926734,2.5685685685685686,0.02546047033550388,11.0,10.0,1.0999999999999999,0.4761904761904762,0.2173913043478261,0.010482180293501045,0.3125,0.31287180249851276,0.23913043478260876
graph_084_mu_0_4_node_693,25,0.09333333333333334,0.001370646738540288,0.39564356435643566,2.5275275275275275,0.022260647999556595,11.0,14.0,0.7857142857142859,0.5600000000000003,0.875,0.01422764227642276,0.388888888888889,0.3894093349855431,0.6875
graph_084_mu_0_4_node_694,19,0.04411764705882353,0.000642766657566778,0.3843786071565987,2.6016016016016015,0.01900552991335563,5.0,14.0,0.35714285714285704,0.7368421052631577,0.3783783783783784,0.01453790238836968,0.5833333333333334,0.5838535473642491,0.10810810810810813
graph_084_mu_0_4_node_695,44,0.0627177700348432,0.0037832804700866866,0.432842287694974,2.31031031031031,0.044835161912579746,17.0,27.0,0.6296296296296297,0.6136363636363635,0.9310344827586208,0.0278063851699279,0.44262295081967207,0.443626630980261,0.5517241379310346
graph_084_mu_0_4_node_696,24,0.13043478260869565,0.0008896141432831139,0.4046172539489672,2.4714714714714714,0.03682616858105285,11.0,13.0,0.8461538461538461,0.5416666666666667,0.2653061224489796,0.013669821240799159,0.37142857142857155,0.37191186077018273,0.22448979591836735
graph_084_mu_0_4_node_697,24,0.07608695652173914,0.0012253065998141018,0.3943939992104224,2.5355355355355353,0.023674976728018177,6.0,18.0,0.33333333333333326,0.75,1.1999999999999995,0.018274111675126905,0.5999999999999998,0.600668796908672,0.4000000000000001
graph_084_mu_0_4_node_698,46,0.07053140096618357,0.004210824352452998,0.43624454148471614,2.2922922922922924,0.050813923177515784,16.0,30.0,0.5333333333333332,0.6521739130434784,0.9375,0.030991735537190084,0.4838709677419357,0.48498596068031374,0.5
graph_084_mu_0_4_node_699,23,0.06719367588932806,0.0009199458926989419,0.40056134723336007,2.4964964964964964,0.028752398341621063,7.0,16.0,0.4375,0.6956521739130432,0.3478260869565216,0.016771488469601685,0.5333333333333332,0.5339279078409512,0.15217391304347824
graph_084_mu_0_4_node_700,25,0.043478260869565216,0.001191556823380458,0.39008199921905506,2.5635635635635636,0.021244077949963823,7.0,18.0,0.388888888888889,0.72,1.0588235294117647,0.01831129196337742,0.5625,0.563168846611177,0.3529411764705881
graph_084_mu_0_4_node_701,16,0.058333333333333334,0.0005850190096713354,0.3734579439252336,2.6776776776776776,0.013913934545818364,4.0,12.0,0.33333333333333326,0.75,1.0,0.012145748987854253,0.5999999999999998,0.6004458977407847,0.33333333333333326
graph_084_mu_0_4_node_702,22,0.06926406926406926,0.001014771056329411,0.39238020424194814,2.5485485485485486,0.02228275429524967,8.0,14.0,0.5714285714285712,0.6363636363636365,0.482758620689655,0.01441812564366632,0.46666666666666673,0.4671869967045765,0.2758620689655173
graph_084_mu_0_4_node_703,35,0.09915966386554621,0.0022863355441220075,0.4247448979591837,2.354354354354354,0.050197987629397894,15.0,20.0,0.75,0.5714285714285712,0.40816326530612235,0.021030494216614088,0.4000000000000001,0.4007435497062978,0.3061224489795918
graph_084_mu_0_4_node_704,53,0.13497822931785197,0.004562448203544593,0.4469798657718121,2.2372372372372373,0.06529381076197123,27.0,26.0,1.0384615384615385,0.4905660377358491,0.8125,0.026859504132231413,0.3250000000000001,0.32596726190476194,0.84375
graph_084_mu_0_4_node_705,26,0.11956521739130435,0.000969957288354678,0.4015273311897106,2.4904904904904903,0.035130790507246754,14.0,12.0,1.1666666666666667,0.4615384615384616,0.24489795918367344,0.012618296529968457,0.2999999999999999,0.300446229361892,0.2653061224489796
graph_084_mu_0_4_node_706,39,0.1349527665317139,0.0023157058251556803,0.4258312020460358,2.3483483483483485,0.05713274348143564,21.0,18.0,1.1666666666666667,0.4615384615384616,0.3673469387755102,0.018927444794952678,0.2999999999999999,0.3006695432227347,0.42857142857142855
graph_084_mu_0_4_node_707,34,0.08021390374331551,0.002185186094981101,0.42258883248730966,2.3663663663663663,0.0420065055766673,14.0,20.0,0.6999999999999998,0.5882352941176471,0.4444444444444446,0.020942408376963356,0.41666666666666674,0.41741016109045853,0.311111111111111
graph_084_mu_0_4_node_708,27,0.10666666666666667,0.001239623408086682,0.39595719381688466,2.5255255255255253,0.02773333679157355,14.0,13.0,1.0769230769230769,0.4814814814814816,0.40625,0.013429752066115706,0.3170731707317073,0.3175565678982562,0.40625
graph_084_mu_0_4_node_709,26,0.08923076923076922,0.0012288584464024413,0.4024979854955681,2.4844844844844847,0.031802040044294135,12.0,14.0,0.8571428571428571,0.5384615384615384,0.33333333333333326,0.014613778705636741,0.36842105263157887,0.36894153742598756,0.2857142857142856
graph_084_mu_0_4_node_710,23,0.12380952380952381,0.0007241040010174582,0.39690107270560193,2.5195195195195197,0.03315460248555096,12.0,11.0,1.0909090909090904,0.4782608695652175,0.22448979591836735,0.011566771819137752,0.3142857142857142,0.3146947122407245,0.22448979591836735
graph_084_mu_0_4_node_711,24,0.05627705627705628,0.0011628472065859643,0.390234375,2.5625625625625625,0.01839111626782533,10.0,14.0,0.7142857142857141,0.5833333333333334,0.3783783783783784,0.01453790238836968,0.41176470588235303,0.4122851132870069,0.24324324324324328
graph_084_mu_0_4_node_712,42,0.1423076923076923,0.002667996443227792,0.4238438693254137,2.359359359359359,0.05030293869336511,21.0,21.0,1.0,0.5,0.65625,0.021694214876033065,0.33333333333333326,0.33411437993578047,0.625
graph_084_mu_0_4_node_713,54,0.08748114630467571,0.0048818205710020246,0.45224083295608875,2.2112112112112112,0.060029902715164306,26.0,28.0,0.9285714285714288,0.5185185185185184,0.875,0.028925619834710755,0.3499999999999999,0.35104151167980946,0.78125
graph_084_mu_0_4_node_714,20,0.05789473684210526,0.0009068908253304268,0.38992974238875877,2.5645645645645647,0.01931692069283732,7.0,13.0,0.5384615384615384,0.6500000000000002,0.5909090909090909,0.013292433537832306,0.4814814814814816,0.4819646271313125,0.31818181818181823
graph_084_mu_0_4_node_715,22,0.11052631578947368,0.0007917969332393961,0.3870592793490895,2.5835835835835836,0.020579248597363247,10.0,12.0,0.8333333333333335,0.5454545454545452,0.75,0.012195121951219514,0.375,0.37544609665427503,0.5625
graph_084_mu_0_4_node_716,31,0.05665024630541872,0.0019004934319576128,0.41607663473552686,2.4034034034034035,0.032425172567414534,12.0,19.0,0.6315789473684211,0.6129032258064517,0.59375,0.019628099173553723,0.44186046511627897,0.44256670605595105,0.34375
graph_084_mu_0_4_node_717,49,0.04995374653098982,0.004753803703685617,0.43359375,2.3063063063063063,0.04641755395735738,21.0,28.0,0.75,0.5714285714285712,0.6999999999999998,0.02916666666666667,0.4000000000000001,0.4010411244143677,0.5
graph_084_mu_0_4_node_718,19,0.023391812865497075,0.0008811296082675895,0.38086160884483417,2.625625625625626,0.015953735773523332,4.0,15.0,0.2666666666666666,0.7894736842105262,0.8333333333333335,0.01527494908350305,0.6521739130434784,0.6527312230936358,0.11111111111111115
graph_084_mu_0_4_node_719,22,0.0735930735930736,0.0009907804758687532,0.3894736842105263,2.5675675675675675,0.02105165236509539,7.0,15.0,0.46666666666666673,0.6818181818181818,0.6818181818181818,0.015337423312883432,0.5172413793103449,0.5177988136260013,0.31818181818181823
graph_084_mu_0_4_node_720,21,0.1286549707602339,0.0006984311189024201,0.3823191733639495,2.6156156156156154,0.01938170342870813,11.0,10.0,1.0999999999999999,0.4761904761904762,0.625,0.010162601626016262,0.3125,0.31287180249851276,0.625
graph_084_mu_0_4_node_721,28,0.15608465608465608,0.001274173550638361,0.40775510204081633,2.4524524524524525,0.04022423612174914,14.0,14.0,1.0,0.5,0.33333333333333326,0.014613778705636741,0.33333333333333326,0.3338538955405171,0.33333333333333326
graph_084_mu_0_4_node_722,27,0.09686609686609686,0.0013457154799491804,0.40379951495553756,2.4764764764764764,0.028405248642361776,10.0,17.0,0.5882352941176471,0.6296296296296297,0.8499999999999998,0.017346938775510197,0.4594594594594596,0.46009131227492106,0.5
graph_084_mu_0_4_node_723,24,0.18115942028985507,0.0010388565922347893,0.3925343811394892,2.5475475475475475,0.02345301112141383,12.0,12.0,1.0,0.5,0.3529411764705881,0.012422360248447204,0.33333333333333326,0.33377949633154874,0.3529411764705881
graph_084_mu_0_4_node_724,46,0.10465116279069768,0.0035487729643020522,0.4251063829787234,2.3523523523523524,0.05116406289876182,23.0,23.0,1.0,0.5,0.5111111111111111,0.02408376963350785,0.33333333333333326,0.3341888289628665,0.4888888888888889
graph_084_mu_0_4_node_725,30,0.11724137931034483,0.0015682217246316937,0.41469489414694893,2.4114114114114114,0.042651573038041256,15.0,15.0,1.0,0.5,0.3061224489795918,0.015772870662460574,0.33333333333333326,0.3338910992947358,0.3061224489795918
graph_084_mu_0_4_node_726,24,0.05627705627705628,0.001122771465123739,0.392226148409894,2.5495495495495497,0.021273072738494086,9.0,15.0,0.5999999999999998,0.625,0.6521739130434784,0.015353121801432952,0.45454545454545436,0.45510297173556774,0.3478260869565216
graph_084_mu_0_4_node_727,43,0.05975609756097561,0.0033518373622543067,0.43321769297484825,2.3083083083083085,0.04461802053315133,17.0,26.0,0.6538461538461539,0.6046511627906977,0.8125,0.026859504132231413,0.43333333333333346,0.4342998760842629,0.5
graph_084_mu_0_4_node_728,32,0.10483870967741936,0.0019710120910002727,0.41555740432612315,2.4064064064064064,0.03521781447311984,12.0,20.0,0.5999999999999998,0.625,0.6896551724137934,0.02059732234809475,0.45454545454545436,0.45528883842889195,0.41379310344827586
graph_084_mu_0_4_node_729,19,0.08771929824561403,0.0007355166876425934,0.38962558502340094,2.5665665665665665,0.021990044564278867,6.0,13.0,0.4615384615384616,0.6842105263157895,0.5416666666666667,0.01331967213114754,0.5199999999999998,0.5204831097402355,0.25
graph_084_mu_0_4_node_730,20,0.09803921568627451,0.0005494880050074214,0.3881118881118881,2.5765765765765765,0.0218815039993301,9.0,11.0,0.8181818181818182,0.5499999999999999,0.34375,0.011363636363636364,0.3793103448275863,0.3797192515596779,0.25
graph_084_mu_0_4_node_731,51,0.06352941176470588,0.005027083149062851,0.4424269264836138,2.26026026026026,0.051929042510653355,25.0,26.0,0.9615384615384616,0.5098039215686274,0.5909090909090909,0.027196652719665263,0.34210526315789475,0.34307238114628935,0.5681818181818182
graph_084_mu_0_4_node_732,35,0.12773109243697478,0.0021673774716688765,0.40875613747954176,2.4464464464464464,0.03277195414155,18.0,17.0,1.0588235294117647,0.4857142857142857,0.7083333333333334,0.017418032786885248,0.3207547169811321,0.3213869457735751,0.75
graph_084_mu_0_4_node_733,18,0.026143790849673203,0.0007257317849153822,0.388715953307393,2.5725725725725725,0.020123335155941648,3.0,15.0,0.20000000000000004,0.8333333333333335,0.6521739130434784,0.015353121801432952,0.7142857142857141,0.7148429829263504,0.0
graph_084_mu_0_4_node_734,39,0.08558558558558559,0.002703444078703968,0.41298057048367093,2.4214214214214214,0.03341326084207294,17.0,22.0,0.7727272727272727,0.564102564102564,1.0,0.022494887525562373,0.39285714285714296,0.3936751083538709,0.7272727272727273
graph_084_mu_0_4_node_735,19,0.029239766081871343,0.0009377054471222891,0.38690937257939584,2.5845845845845847,0.018313032702414786,2.0,17.0,0.11764705882352942,0.8947368421052634,0.4594594594594596,0.01765316718587747,0.8095238095238098,0.8101552868092002,0.0
graph_084_mu_0_4_node_736,20,0.06842105263157895,0.0008447651015556316,0.38977760436987907,2.5655655655655654,0.020768982427060857,7.0,13.0,0.5384615384615384,0.6500000000000002,0.5909090909090909,0.013292433537832306,0.4814814814814816,0.4819646271313125,0.31818181818181823
graph_084_mu_0_4_node_737,34,0.062388591800356503,0.002291318406389432,0.41332230037236245,2.4194194194194196,0.03368662322486883,14.0,20.0,0.6999999999999998,0.5882352941176471,0.625,0.020661157024793382,0.41666666666666674,0.41741016109045853,0.4375
graph_084_mu_0_4_node_738,20,0.05263157894736842,0.0009291020544444802,0.39161113288906313,2.5535535535535536,0.02290506834337424,5.0,15.0,0.33333333333333326,0.75,0.5172413793103449,0.015447991761071062,0.5999999999999998,0.6005573514658343,0.17241379310344834
graph_084_mu_0_4_node_739,28,0.07936507936507936,0.0015199219362697052,0.40428976123027116,2.4734734734734736,0.02972955404977336,13.0,15.0,0.8666666666666669,0.5357142857142857,0.35714285714285704,0.015657620041753646,0.36585365853658547,0.36641134154956073,0.2857142857142856
graph_084_mu_0_4_node_740,21,0.05238095238095238,0.0009536005853748714,0.392688679245283,2.5465465465465464,0.02137519359571183,6.0,15.0,0.4000000000000001,0.7142857142857141,0.3409090909090909,0.015690376569037656,0.5555555555555556,0.5561129484432225,0.11363636363636359
graph_084_mu_0_4_node_741,18,0.13725490196078433,0.0005418639590806659,0.3852680293096799,2.5955955955955954,0.020437088278038352,9.0,9.0,1.0,0.5,0.375,0.009221311475409834,0.33333333333333326,0.3336679182621411,0.375
graph_084_mu_0_4_node_742,29,0.08866995073891626,0.0016203091680710075,0.4117889530090684,2.4284284284284285,0.032041922480581964,13.0,16.0,0.8125,0.5517241379310346,0.5,0.01652892561983471,0.3809523809523811,0.38154722071741914,0.40625
graph_084_mu_0_4_node_743,35,0.040336134453781515,0.0026604584073788287,0.43060344827586206,2.3223223223223224,0.04233945977185585,9.0,26.0,0.34615384615384615,0.7428571428571431,0.6190476190476188,0.027139874739039668,0.5909090909090909,0.5918750591064458,0.21428571428571427
graph_084_mu_0_4_node_744,47,0.06767676767676768,0.003981022137871914,0.44223107569721115,2.2612612612612613,0.05221987199783294,19.0,28.0,0.6785714285714288,0.595744680851064,0.6666666666666665,0.029227557411273482,0.42424242424242414,0.42528339383124136,0.42857142857142855
graph_084_mu_0_4_node_745,14,0.02197802197802198,0.0004328917727667587,0.37641296156744536,2.6566566566566565,0.0145426379582515,3.0,11.0,0.2727272727272726,0.7857142857142859,0.21153846153846154,0.01160337552742616,0.6470588235294118,0.6474675479376905,0.03846153846153845
graph_084_mu_0_4_node_746,22,0.11578947368421053,0.0008572841579827822,0.3791271347248577,2.6376376376376376,0.01661222516323238,11.0,11.0,1.0,0.5,0.7333333333333332,0.011167512690355328,0.33333333333333326,0.33374230087618184,0.6666666666666665
graph_084_mu_0_4_node_747,23,0.11857707509881422,0.0008143575065111331,0.392226148409894,2.5495495495495497,0.028854795762083888,11.0,12.0,0.9166666666666664,0.5217391304347825,0.375,0.012396694214876035,0.3529411764705881,0.35338730629436704,0.34375
graph_084_mu_0_4_node_748,20,0.05228758169934641,0.0007653509075530052,0.37898330804248864,2.6386386386386387,0.016107784998937506,9.0,11.0,0.8181818181818182,0.5499999999999999,0.29729729729729737,0.011422637590861894,0.3793103448275863,0.3797192515596779,0.21621621621621626
graph_084_mu_0_4_node_749,36,0.13174603174603175,0.0022566670961470824,0.42045454545454547,2.3783783783783785,0.04467142556219951,16.0,20.0,0.8000000000000002,0.5555555555555556,0.625,0.020661157024793382,0.38461538461538475,0.38535898961241016,0.5
graph_084_mu_0_4_node_750,32,0.07661290322580645,0.0020559412437307916,0.4111111111111111,2.4324324324324325,0.03189796718827183,11.0,21.0,0.5238095238095238,0.65625,0.84,0.021538461538461545,0.48837209302325585,0.48915255907298244,0.4400000000000001
graph_084_mu_0_4_node_751,34,0.05525846702317291,0.00232512858550261,0.4251063829787234,2.3523523523523524,0.03753853915096663,14.0,20.0,0.6999999999999998,0.5882352941176471,0.45454545454545436,0.020920502092050205,0.41666666666666674,0.41741016109045853,0.2727272727272726
graph_084_mu_0_4_node_752,23,0.11067193675889328,0.0010570790652410249,0.39423835832675613,2.5365365365365364,0.022465156736431888,9.0,14.0,0.6428571428571429,0.608695652173913,0.777777777777778,0.014256619144602854,0.4375,0.4380203687184061,0.5
graph_084_mu_0_4_node_753,49,0.09098639455782313,0.00424081668400748,0.4424269264836138,2.26026026026026,0.0664301873196472,23.0,26.0,0.884615384615385,0.5306122448979592,0.5306122448979592,0.027339642481598318,0.361111111111111,0.3620780852259579,0.4693877551020407
graph_084_mu_0_4_node_754,24,0.030303030303030304,0.001235191131238343,0.3928430987023201,2.5455455455455454,0.02108748129722571,8.0,16.0,0.5,0.6666666666666665,0.4000000000000001,0.016666666666666663,0.5,0.5005946187007579,0.17499999999999996
graph_084_mu_0_4_node_755,18,0.0784313725490196,0.0006634518574983032,0.3821729150726855,2.6166166166166165,0.018332610950487,7.0,11.0,0.6363636363636365,0.6111111111111108,0.6875,0.011178861788617886,0.4400000000000001,0.44040884593941665,0.4375
graph_084_mu_0_4_node_756,24,0.06159420289855073,0.0011728035812872159,0.3911511354737666,2.5565565565565564,0.022116067832254598,9.0,15.0,0.5999999999999998,0.625,0.6521739130434784,0.015353121801432952,0.45454545454545436,0.45510297173556774,0.3043478260869565
graph_084_mu_0_4_node_757,26,0.04,0.001489040202679995,0.4114497528830313,2.4304304304304303,0.028248288302167673,5.0,21.0,0.2380952380952381,0.8076923076923079,0.5,0.02192066805845511,0.6774193548387099,0.6781994729708837,0.11904761904761905
graph_084_mu_0_4_node_758,20,0.015789473684210527,0.0009510615033873736,0.4028225806451613,2.4824824824824825,0.023284390000729432,4.0,16.0,0.25,0.8000000000000002,0.7272727272727273,0.016359918200409,0.6666666666666665,0.6672611086342696,0.1363636363636363
graph_084_mu_0_4_node_759,27,0.05982905982905983,0.001459346283593116,0.41625,2.4024024024024024,0.03373755738727352,7.0,20.0,0.3499999999999999,0.7407407407407407,0.625,0.020661157024793382,0.5882352941176471,0.5889784017939493,0.21875
graph_084_mu_0_4_node_760,29,0.08374384236453201,0.0018504977326737383,0.4046172539489672,2.4714714714714714,0.026263796888370338,10.0,19.0,0.5263157894736842,0.6551724137931033,1.1176470588235292,0.019328585961342827,0.48717948717948717,0.48788562312924005,0.5882352941176471
graph_084_mu_0_4_node_761,20,0.22105263157894736,0.000488161830687795,0.3909980430528376,2.5575575575575575,0.03016437006395727,13.0,7.0,1.8571428571428577,0.3499999999999999,0.1555555555555555,0.00732984293193717,0.21212121212121207,0.21238154162398273,0.2888888888888888
graph_084_mu_0_4_node_762,49,0.1377551020408163,0.003892122114735411,0.43989431968295906,2.2732732732732734,0.06483232012602883,25.0,24.0,1.0416666666666665,0.48979591836734687,0.5714285714285712,0.02505219206680585,0.3243243243243245,0.32521711503930095,0.5952380952380952
graph_084_mu_0_4_node_763,25,0.043333333333333335,0.0014273357415884834,0.3967434471803018,2.5205205205205203,0.022929702819345837,8.0,17.0,0.4705882352941177,0.6799999999999998,0.9444444444444444,0.017311608961303463,0.5151515151515154,0.5157832740425923,0.33333333333333326
graph_084_mu_0_4_node_764,28,0.0873015873015873,0.0015298201338893019,0.4024979854955681,2.4844844844844847,0.028071103374411405,10.0,18.0,0.5555555555555556,0.6428571428571429,1.0588235294117647,0.01831129196337742,0.4736842105263158,0.47435320628934274,0.5882352941176471
graph_084_mu_0_4_node_765,28,0.03439153439153439,0.0017356224366649397,0.41799163179916315,2.3923923923923924,0.031418742208420544,5.0,23.0,0.2173913043478261,0.8214285714285712,0.5227272727272725,0.024058577405857744,0.6969696969696971,0.697824048591108,0.09090909090909091
graph_084_mu_0_4_node_766,24,0.043478260869565216,0.0012765264445211452,0.4018503620273532,2.4884884884884886,0.02769419239344546,6.0,18.0,0.33333333333333326,0.75,0.6923076923076923,0.018480492813141684,0.5999999999999998,0.600668796908672,0.2307692307692308
graph_084_mu_0_4_node_767,25,0.09,0.0012246309701737913,0.39627132090440303,2.5235235235235236,0.024570994460329044,8.0,17.0,0.4705882352941177,0.6799999999999998,0.8499999999999998,0.017346938775510197,0.5151515151515154,0.5157832740425923,0.4000000000000001
graph_084_mu_0_4_node_768,29,0.08831908831908832,0.001547866214186051,0.4069246435845214,2.4574574574574575,0.03008482746145741,12.0,17.0,0.7058823529411762,0.5862068965517241,0.6538461538461539,0.01745379876796715,0.41463414634146356,0.4152660931092416,0.4230769230769231
graph_084_mu_0_4_node_769,46,0.0782608695652174,0.004057077733934616,0.4424269264836138,2.26026026026026,0.050867551515339234,18.0,28.0,0.6428571428571429,0.608695652173913,0.96551724137931,0.02883625128733264,0.4375,0.4385408921933085,0.6206896551724139
graph_084_mu_0_4_node_770,25,0.12,0.001110185225935404,0.40056134723336007,2.4964964964964964,0.0267323892152311,12.0,13.0,0.9230769230769232,0.5199999999999998,0.5416666666666667,0.01331967213114754,0.3513513513513515,0.3518346766292633,0.5
graph_084_mu_0_4_node_771,23,0.03162055335968379,0.0013157319557796565,0.40217391304347827,2.4864864864864864,0.024033334691350213,4.0,19.0,0.21052631578947364,0.8260869565217388,1.0,0.01936799184505606,0.7037037037037039,0.7044095248709092,0.21052631578947364
graph_084_mu_0_4_node_772,38,0.11746031746031746,0.0022373774311750493,0.4186923721709975,2.3883883883883885,0.04264167540430634,21.0,17.0,1.2352941176470587,0.4473684210526317,0.3695652173913044,0.017819706498951784,0.28813559322033905,0.2887679631195318,0.4347826086956522
graph_084_mu_0_4_node_773,31,0.14285714285714285,0.0013719007735467155,0.4128099173553719,2.4224224224224224,0.04430512975097276,16.0,15.0,1.0666666666666664,0.4838709677419357,0.3061224489795918,0.015772870662460574,0.3191489361702127,0.31970674361508283,0.3061224489795918
graph_084_mu_0_4_node_774,22,0.1038961038961039,0.0009597931597459772,0.3906922174423152,2.5595595595595597,0.020961050941899442,10.0,12.0,0.8333333333333335,0.5454545454545452,0.6315789473684211,0.012232415902140673,0.375,0.37544609665427503,0.5263157894736842
graph_084_mu_0_4_node_775,16,0.008333333333333333,0.0006586388096378013,0.3778366111951589,2.6466466466466465,0.014026563798405993,3.0,13.0,0.2307692307692308,0.8125,0.3513513513513515,0.013499480789200408,0.6842105263157895,0.6846935283592597,0.0
graph_084_mu_0_4_node_776,32,0.1350806451612903,0.0017259353340781664,0.41659716430358634,2.4004004004004003,0.04742637931961459,16.0,16.0,1.0,0.5,0.32653061224489793,0.016824395373291275,0.33333333333333326,0.3339283058158561,0.32653061224489793
graph_084_mu_0_4_node_777,23,0.06324110671936758,0.0011930684210935457,0.39501779359430605,2.5315315315315314,0.02237024157898727,7.0,16.0,0.4375,0.6956521739130432,0.64,0.016410256410256403,0.5333333333333332,0.5339279078409512,0.28000000000000014
graph_084_mu_0_4_node_778,28,0.0873015873015873,0.001509603891502711,0.4059325477448192,2.4634634634634636,0.030553256767222134,9.0,19.0,0.4736842105263158,0.6785714285714288,0.4523809523809525,0.0198329853862213,0.5135135135135133,0.5142195969800117,0.21428571428571427
graph_084_mu_0_4_node_779,23,0.12648221343873517,0.0009503871983254838,0.3958003169572108,2.5265265265265264,0.02494825131338545,10.0,13.0,0.7692307692307695,0.5652173913043478,0.5199999999999998,0.013333333333333334,0.39393939393939387,0.3944226473500478,0.4000000000000001
graph_084_mu_0_4_node_780,23,0.14285714285714285,0.0008952279238782984,0.3836405529953917,2.6066066066066065,0.01770326390761926,12.0,11.0,1.0909090909090904,0.4782608695652175,0.7333333333333332,0.011167512690355328,0.3142857142857142,0.3146947122407245,0.7333333333333332
graph_084_mu_0_4_node_781,31,0.07741935483870968,0.0017944514741569796,0.4227676682183665,2.3653653653653652,0.03832371393394137,11.0,20.0,0.5499999999999999,0.6451612903225806,0.625,0.020661157024793382,0.4761904761904762,0.47693380481606157,0.3125
graph_084_mu_0_4_node_782,24,0.0735930735930736,0.0009674523428984573,0.39658594680428744,2.5215215215215214,0.024683828132839133,10.0,14.0,0.7142857142857141,0.5833333333333334,0.5600000000000003,0.014358974358974354,0.41176470588235303,0.4122851132870069,0.36
graph_084_mu_0_4_node_783,23,0.06324110671936758,0.0011794005744439507,0.3943939992104224,2.5355355355355353,0.023713373046442696,6.0,17.0,0.3529411764705881,0.7391304347826088,0.8947368421052634,0.01732925586136596,0.5862068965517241,0.5868385615463364,0.31578947368421056
graph_084_mu_0_4_node_784,40,0.059743954480796585,0.002846214235720886,0.4238438693254137,2.359359359359359,0.03993205539329137,16.0,24.0,0.6666666666666665,0.5999999999999998,0.9600000000000004,0.024615384615384612,0.42857142857142855,0.4294636218799787,0.5999999999999998
graph_084_mu_0_4_node_785,28,0.07407407407407407,0.0015831702036670937,0.40808823529411764,2.4504504504504503,0.029354016649227464,9.0,19.0,0.4736842105263158,0.6785714285714288,0.7599999999999999,0.019487179487179488,0.5135135135135133,0.5142195969800117,0.36
graph_084_mu_0_4_node_786,29,0.08866995073891626,0.0014913823890320044,0.4024979854955681,2.4844844844844847,0.03873262829633431,14.0,15.0,0.9333333333333335,0.5172413793103449,0.3061224489795918,0.015772870662460574,0.34883720930232553,0.34939493378643055,0.2857142857142856
graph_084_mu_0_4_node_787,27,0.14814814814814814,0.001214585033855444,0.408923454768727,2.4454454454454453,0.037133610199164835,13.0,14.0,0.9285714285714288,0.5185185185185184,0.4375,0.014462809917355378,0.3499999999999999,0.350520523497918,0.40625
graph_084_mu_0_4_node_788,18,0.0457516339869281,0.000684689288266809,0.39454976303317535,2.5345345345345347,0.023181055188742906,4.0,14.0,0.2857142857142856,0.777777777777778,0.33333333333333326,0.014613778705636741,0.6363636363636365,0.6368838117370481,0.09523809523809527
graph_084_mu_0_4_node_789,28,0.12698412698412698,0.0011404965563181337,0.40314769975786924,2.4804804804804803,0.032399700446797616,17.0,11.0,1.5454545454545454,0.39285714285714296,0.21153846153846154,0.01160337552742616,0.24444444444444444,0.24485359452813424,0.3269230769230769
graph_084_mu_0_4_node_790,29,0.07142857142857142,0.0016415535198448055,0.4122988031366075,2.4254254254254253,0.03404559411147511,12.0,17.0,0.7058823529411762,0.5862068965517241,0.3777777777777778,0.01780104712041885,0.41463414634146356,0.4152660931092416,0.2666666666666666
graph_084_mu_0_4_node_791,60,0.09096045197740113,0.00644427916138457,0.4532667876588022,2.206206206206206,0.06370252328355688,32.0,28.0,1.1428571428571423,0.46666666666666673,0.5384615384615384,0.029535864978902943,0.3043478260869565,0.3053898028657596,0.6153846153846152
graph_084_mu_0_4_node_792,56,0.11168831168831168,0.005638103305357463,0.4547109695038689,2.199199199199199,0.06881437878679453,29.0,27.0,1.0740740740740744,0.482142857142857,0.5999999999999998,0.028272251308900532,0.3176470588235293,0.31865163522714585,0.6444444444444446
graph_084_mu_0_4_node_793,18,0.05228758169934641,0.0007166164976916455,0.3872093023255814,2.5825825825825826,0.01874619920615023,2.0,16.0,0.125,0.8888888888888892,1.333333333333333,0.01619433198380566,0.8000000000000002,0.8005943536404163,0.16666666666666663
graph_084_mu_0_4_node_794,21,0.07602339181286549,0.0007465196044845353,0.38057142857142856,2.6276276276276276,0.018702267716031735,8.0,13.0,0.6153846153846152,0.6190476190476188,0.7647058823529413,0.013224821973550353,0.44827586206896536,0.44875904363373037,0.41176470588235303
graph_084_mu_0_4_node_795,22,0.1038961038961039,0.0008495447515667884,0.39346199291059475,2.5415415415415414,0.02362377108163341,10.0,12.0,0.8333333333333335,0.5454545454545452,0.2857142857142856,0.012526096033402925,0.375,0.37544609665427503,0.2380952380952381
graph_084_mu_0_4_node_796,27,0.08547008547008547,0.001610385093437895,0.40396279822078446,2.4754754754754753,0.026919775840359074,10.0,17.0,0.5882352941176471,0.6296296296296297,0.7391304347826088,0.01740020470829068,0.4594594594594596,0.46009131227492106,0.4347826086956522
graph_084_mu_0_4_node_797,17,0.022058823529411766,0.0006893116083326854,0.3786959818043973,2.640640640640641,0.01497141726614844,4.0,13.0,0.3076923076923076,0.7647058823529413,0.5652173913043478,0.01330603889457523,0.6190476190476188,0.6195306569846756,0.0869565217391304
graph_084_mu_0_4_node_798,29,0.0812807881773399,0.0015236612308133241,0.4095940959409594,2.4414414414414414,0.03294670173041563,13.0,16.0,0.8125,0.5517241379310346,0.3076923076923076,0.01687763713080168,0.3809523809523811,0.38154722071741914,0.25
graph_084_mu_0_4_node_799,28,0.12698412698412698,0.0013866369566372827,0.40379951495553756,2.4764764764764764,0.03449977408205854,14.0,14.0,1.0,0.5,0.4375,0.014462809917355378,0.33333333333333326,0.3338538955405171,0.4375
graph_084_mu_0_4_node_800,36,0.11229946524064172,0.0022855751638625925,0.4121287128712871,2.4264264264264264,0.03497659377611482,17.0,19.0,0.8947368421052634,0.5277777777777778,1.0555555555555556,0.019348268839103868,0.3584905660377358,0.3591970695888458,0.8888888888888892
graph_084_mu_0_4_node_801,43,0.11951219512195121,0.0027910981100829416,0.43246753246753245,2.3123123123123124,0.05588888958390678,21.0,22.0,0.9545454545454548,0.5116279069767442,0.6875,0.022727272727272728,0.34375,0.3445682088664089,0.625
graph_084_mu_0_4_node_802,40,0.13086770981507823,0.00235790275956116,0.4190436241610738,2.3863863863863863,0.04748342386998796,20.0,20.0,1.0,0.5,0.625,0.020661157024793382,0.33333333333333326,0.33407715957552314,0.59375
graph_084_mu_0_4_node_803,19,0.03508771929824561,0.0008483030447117935,0.38660990712074306,2.5865865865865865,0.019557268855602765,5.0,14.0,0.35714285714285704,0.7368421052631577,0.777777777777778,0.014256619144602854,0.5833333333333334,0.5838535473642491,0.16666666666666663
graph_084_mu_0_4_node_804,40,0.07051282051282051,0.003196530404954143,0.4247448979591837,2.354354354354354,0.04178424779413277,16.0,24.0,0.6666666666666665,0.5999999999999998,0.75,0.02479338842975207,0.42857142857142855,0.4294636218799787,0.5
graph_084_mu_0_4_node_805,28,0.10153846153846154,0.001410067886629658,0.3928430987023201,2.5455455455455454,0.02246971704859468,14.0,14.0,1.0,0.5,0.8235294117647061,0.014242115971515762,0.33333333333333326,0.3338538955405171,0.7647058823529413
graph_084_mu_0_4_node_806,26,0.06153846153846154,0.0013489569790544266,0.4074225122349103,2.4544544544544546,0.030355102504422287,12.0,14.0,0.8571428571428571,0.5384615384615384,0.2692307692307692,0.014767932489451472,0.36842105263157887,0.36894153742598756,0.2307692307692308
graph_084_mu_0_4_node_807,34,0.11586452762923351,0.0019630330406419975,0.4157303370786517,2.4054054054054053,0.04547168986664144,18.0,16.0,1.125,0.4705882352941177,0.32653061224489793,0.016824395373291275,0.3076923076923076,0.3082873686860595,0.3673469387755102
graph_084_mu_0_4_node_808,26,0.07971014492753623,0.0011635498725656014,0.39721669980119284,2.5175175175175175,0.025129082192460798,11.0,15.0,0.7333333333333332,0.5769230769230768,0.9375,0.015243902439024395,0.4054054054054053,0.40596300549462144,0.625
graph_084_mu_0_4_node_809,38,0.12802275960170698,0.0025087519188603078,0.4296774193548387,2.3273273273273274,0.051750443634939816,17.0,21.0,0.8095238095238098,0.5526315789473684,0.5,0.02192066805845511,0.38181818181818183,0.38259899609592873,0.4047619047619049
graph_084_mu_0_4_node_810,25,0.03,0.0014859894248955088,0.3914576802507837,2.5545545545545547,0.020021837826299026,2.0,23.0,0.0869565217391304,0.9200000000000002,0.6216216216216217,0.02388369678089304,0.8518518518518517,0.8527060131026408,0.027027027027027032
graph_084_mu_0_4_node_811,34,0.11895161290322581,0.001815691624942595,0.4114497528830313,2.4304304304304303,0.035342309795461935,18.0,16.0,1.125,0.4705882352941177,0.6153846153846152,0.016427104722792605,0.3076923076923076,0.3082873686860595,0.6538461538461539
graph_084_mu_0_4_node_812,52,0.07315233785822021,0.005154476795749188,0.4436056838365897,2.254254254254254,0.052097597220400305,23.0,29.0,0.7931034482758619,0.5576923076923075,0.6904761904761904,0.030271398747390394,0.3866666666666666,0.38774509439341553,0.5476190476190476
graph_084_mu_0_4_node_813,31,0.14408602150537633,0.001548871713646947,0.4099302421009438,2.4394394394394396,0.03864693919968924,15.0,16.0,0.9375,0.5161290322580643,0.5,0.01652892561983471,0.3478260869565216,0.34842101519330304,0.46875
graph_084_mu_0_4_node_814,14,0.06593406593406594,0.0004854339518177134,0.3694526627218935,2.7067067067067065,0.011589109953839289,5.0,9.0,0.5555555555555556,0.6428571428571429,0.5,0.009164969450101836,0.4736842105263158,0.47401869597619856,0.2222222222222223
graph_084_mu_0_4_node_815,22,0.025974025974025976,0.0011002043790553661,0.4036363636363636,2.4774774774774775,0.0268187533103691,5.0,17.0,0.29411764705882354,0.7727272727272727,0.53125,0.01756198347107438,0.6296296296296297,0.6302612476864751,0.15625
graph_084_mu_0_4_node_816,26,0.055384615384615386,0.0015084644798684906,0.4107730263157895,2.4344344344344346,0.03052592810491076,6.0,20.0,0.2999999999999999,0.7692307692307695,0.625,0.020661157024793382,0.625,0.6257430524595036,0.1875
graph_084_mu_0_4_node_817,16,0.05,0.0005109486707421128,0.37970353477765106,2.6336336336336337,0.01652143033722713,5.0,11.0,0.45454545454545436,0.6875,0.25,0.011506276150627614,0.5238095238095238,0.5242183089743389,0.11363636363636359
graph_084_mu_0_4_node_818,28,0.12923076923076923,0.0013444567382887367,0.39705882352941174,2.5185185185185186,0.024903707268163724,14.0,14.0,1.0,0.5,0.8235294117647061,0.014242115971515762,0.33333333333333326,0.3338538955405171,0.7647058823529413
graph_084_mu_0_4_node_819,49,0.06290471785383904,0.00429114229815353,0.4410596026490066,2.2672672672672673,0.05516259035050293,18.0,31.0,0.5806451612903225,0.6326530612244898,1.068965517241379,0.03192584963954686,0.4626865671641793,0.463838855013118,0.5862068965517241
graph_084_mu_0_4_node_820,29,0.04433497536945813,0.0018678351986378568,0.41625,2.4024024024024024,0.031792847991963344,11.0,18.0,0.6111111111111108,0.6206896551724139,0.4500000000000001,0.018749999999999992,0.4500000000000001,0.45066904549509357,0.25
graph_084_mu_0_4_node_821,26,0.08,0.00151575756641389,0.40314769975786924,2.4804804804804803,0.028451297705390396,10.0,16.0,0.625,0.6153846153846152,0.5517241379310346,0.0164778578784758,0.4444444444444446,0.4450391515511943,0.31034482758620696
graph_084_mu_0_4_node_822,20,0.03684210526315789,0.000838739655305953,0.3997599039615846,2.5015015015015014,0.02407632887071959,4.0,16.0,0.25,0.8000000000000002,0.4000000000000001,0.016666666666666663,0.6666666666666665,0.6672611086342696,0.10000000000000002
graph_084_mu_0_4_node_823,18,0.1830065359477124,0.0005006231402110036,0.3784090909090909,2.6426426426426426,0.017946742172634783,10.0,8.0,1.25,0.4444444444444446,0.4444444444444446,0.00814663951120163,0.2857142857142856,0.2860117277130959,0.5555555555555556
graph_084_mu_0_4_node_824,25,0.12333333333333334,0.001173429399875439,0.39690107270560193,2.5195195195195197,0.033261042779497194,11.0,14.0,0.7857142857142859,0.5600000000000003,0.2857142857142856,0.01472134595162986,0.388888888888889,0.3894093349855431,0.22448979591836735
graph_084_mu_0_4_node_825,29,0.04926108374384237,0.0018243013021635168,0.4121287128712871,2.4264264264264264,0.029481279743222736,12.0,17.0,0.7058823529411762,0.5862068965517241,0.4047619047619049,0.017745302713987474,0.41463414634146356,0.4152660931092416,0.2857142857142856
graph_084_mu_0_4_node_826,19,0.04678362573099415,0.0008022430749407948,0.3953304313415117,2.5295295295295297,0.02035506503915717,4.0,15.0,0.2666666666666666,0.7894736842105262,0.375,0.015625,0.6521739130434784,0.6527312230936358,0.10000000000000002
graph_084_mu_0_4_node_827,22,0.06926406926406926,0.0011372188600990904,0.391304347826087,2.5555555555555554,0.020439499672167766,8.0,14.0,0.5714285714285712,0.6363636363636365,1.1666666666666667,0.014170040485829956,0.46666666666666673,0.4671869967045765,0.6666666666666665
graph_084_mu_0_4_node_828,24,0.010869565217391304,0.0014267975548467103,0.3978494623655914,2.5135135135135136,0.02210216218014821,4.0,20.0,0.20000000000000004,0.8333333333333335,1.1111111111111112,0.020366598778004067,0.7142857142857141,0.7150286563362341,0.0
graph_084_mu_0_4_node_829,20,0.06842105263157895,0.0009067506660341836,0.3851195065535852,2.5965965965965965,0.019543661935240503,7.0,13.0,0.5384615384615384,0.6500000000000002,0.3823529411764707,0.013457556935817802,0.4814814814814816,0.4819646271313125,0.20588235294117652
graph_084_mu_0_4_node_830,21,0.0380952380952381,0.0010933887562853115,0.392688679245283,2.5465465465465464,0.02044314765603205,3.0,18.0,0.16666666666666663,0.8571428571428571,1.0,0.018329938900203673,0.75,0.7506686478454683,0.16666666666666663
graph_084_mu_0_4_node_831,29,0.09971509971509972,0.001312538982692535,0.40056134723336007,2.4964964964964964,0.029220672955876697,16.0,13.0,1.2307692307692304,0.44827586206896536,0.40625,0.013429752066115706,0.2888888888888888,0.2893723579654628,0.46875
graph_084_mu_0_4_node_832,35,0.07394957983193277,0.0023254930295325835,0.4206315789473684,2.3773773773773774,0.04205608764374148,14.0,21.0,0.6666666666666665,0.5999999999999998,0.45652173913043465,0.0220125786163522,0.42857142857142855,0.429352068696331,0.3043478260869565
graph_084_mu_0_4_node_833,18,0.0196078431372549,0.000759413105585764,0.388715953307393,2.5725725725725725,0.01901516093546439,3.0,15.0,0.20000000000000004,0.8333333333333335,0.375,0.015625,0.7142857142857141,0.7148429829263504,0.05000000000000001
graph_084_mu_0_4_node_834,20,0.05789473684210526,0.0008050337381541333,0.38766006984866125,2.5795795795795797,0.020857962781702957,3.0,17.0,0.17647058823529405,0.8499999999999998,0.9444444444444444,0.017311608961303463,0.7391304347826088,0.739761958984845,0.11111111111111115
graph_084_mu_0_4_node_835,29,0.10344827586206896,0.0015231738480610706,0.4107730263157895,2.4344344344344346,0.032317571580676184,11.0,18.0,0.6111111111111108,0.6206896551724139,0.75,0.01844262295081967,0.4500000000000001,0.45066904549509357,0.4583333333333332
graph_084_mu_0_4_node_836,15,0.05714285714285714,0.0004722275187085757,0.3799923925446938,2.6316316316316315,0.01645828583033815,4.0,11.0,0.36363636363636365,0.7333333333333332,0.4782608695652175,0.011258955987717504,0.5789473684210529,0.5793561232053417,0.1739130434782608
graph_084_mu_0_4_node_837,22,0.05194805194805195,0.0011389155486247722,0.39737470167064437,2.5165165165165164,0.022135555256482694,5.0,17.0,0.29411764705882354,0.7727272727272727,1.0625,0.017276422764227643,0.6296296296296297,0.6302612476864751,0.25
graph_084_mu_0_4_node_838,27,0.039886039886039885,0.001489601912281146,0.4085889570552147,2.4474474474474475,0.029084020407390845,6.0,21.0,0.2857142857142856,0.777777777777778,0.4772727272727274,0.021966527196652715,0.6363636363636365,0.6371438124605268,0.11363636363636359
graph_084_mu_0_4_node_839,23,0.15810276679841898,0.00095117361632344,0.39737470167064437,2.5165165165165164,0.03223231936963585,11.0,12.0,0.9166666666666664,0.5217391304347825,0.2857142857142856,0.012526096033402925,0.3529411764705881,0.35338730629436704,0.2619047619047619
graph_084_mu_0_4_node_840,32,0.1028225806451613,0.001889652889628917,0.4193954659949622,2.3843843843843846,0.041360542834725775,15.0,17.0,0.8823529411764709,0.53125,0.3777777777777778,0.01780104712041885,0.3617021276595746,0.3623342154082267,0.33333333333333326
graph_084_mu_0_4_node_841,33,0.04734848484848485,0.0020530295436514746,0.42312579415501905,2.3633633633633635,0.040001329902290474,12.0,21.0,0.5714285714285712,0.6363636363636365,0.65625,0.021694214876033065,0.46666666666666673,0.4674471907328252,0.34375
graph_084_mu_0_4_node_842,27,0.04666666666666667,0.0014091123754493957,0.408923454768727,2.4454454454454453,0.02731365456915564,9.0,18.0,0.5,0.6666666666666665,0.5625,0.018595041322314047,0.5,0.5006689460383528,0.25
graph_084_mu_0_4_node_843,29,0.0665024630541872,0.0017268540369957577,0.4107730263157895,2.4344344344344346,0.032963739578515144,10.0,19.0,0.5263157894736842,0.6551724137931033,0.4222222222222223,0.019895287958115182,0.48717948717948717,0.48788562312924005,0.20000000000000004
graph_084_mu_0_4_node_844,22,0.12121212121212122,0.0008945513114193219,0.3997599039615846,2.5015015015015014,0.026934195282992002,7.0,15.0,0.46666666666666673,0.6818181818181818,0.5172413793103449,0.015447991761071062,0.5172413793103449,0.5177988136260013,0.2413793103448275
graph_084_mu_0_4_node_845,23,0.16205533596837945,0.0008662911247495392,0.39690107270560193,2.5195195195195197,0.034355768093014744,12.0,11.0,1.0909090909090904,0.4782608695652175,0.22448979591836735,0.011566771819137752,0.3142857142857142,0.3146947122407245,0.24489795918367344
graph_084_mu_0_4_node_846,46,0.10465116279069768,0.003400330078419057,0.436435124508519,2.2912912912912913,0.06333531749495527,22.0,24.0,0.9166666666666664,0.5217391304347825,0.48979591836734687,0.025236593059936915,0.3529411764705881,0.35383376796121613,0.42857142857142855
graph_084_mu_0_4_node_847,26,0.03076923076923077,0.0015766652092718278,0.404126213592233,2.4744744744744747,0.026082652216436613,7.0,19.0,0.36842105263157887,0.7307692307692305,0.7916666666666665,0.019467213114754103,0.5757575757575759,0.5764635542809663,0.2916666666666667
graph_084_mu_0_4_node_848,28,0.09230769230769231,0.001383515588983956,0.40056134723336007,2.4964964964964964,0.029048596636433686,12.0,16.0,0.75,0.5714285714285712,0.6153846153846152,0.016427104722792605,0.4000000000000001,0.4005947955390336,0.4230769230769231
graph_084_mu_0_4_node_849,20,0.07368421052631578,0.0007806194019286196,0.392226148409894,2.5495495495495497,0.022167784092736148,6.0,14.0,0.42857142857142855,0.6999999999999998,0.6999999999999998,0.014285714285714289,0.5384615384615384,0.5389817911557042,0.2999999999999999
graph_084_mu_0_4_node_850,22,0.05263157894736842,0.0010566589295472387,0.3893219017926734,2.5685685685685686,0.017553616204250704,9.0,13.0,0.6923076923076923,0.5909090909090909,1.0833333333333335,0.013157894736842103,0.4193548387096773,0.41983805619471615,0.6666666666666665
graph_084_mu_0_4_node_851,15,0.0380952380952381,0.0005282656610851161,0.3776937618147448,2.6476476476476476,0.015258788326786635,3.0,12.0,0.25,0.8000000000000002,0.75,0.012195121951219514,0.6666666666666665,0.6671125312724479,0.125
graph_084_mu_0_4_node_852,21,0.01904761904761905,0.0011020823066528926,0.3867595818815331,2.5855855855855854,0.017819072616319567,4.0,17.0,0.23529411764705885,0.8095238095238098,0.4594594594594596,0.01765316718587747,0.6799999999999998,0.6806315711260544,0.08108108108108113
graph_084_mu_0_4_node_853,25,0.09881422924901186,0.0010930429248484066,0.390539483971853,2.5605605605605604,0.021024230197768914,13.0,12.0,1.0833333333333335,0.4800000000000002,0.7058823529411762,0.012207527975584944,0.31578947368421056,0.31623566986179663,0.7058823529411762
graph_084_mu_0_4_node_854,27,0.07407407407407407,0.001536630593327122,0.4074225122349103,2.4544544544544546,0.029197149382076206,10.0,17.0,0.5882352941176471,0.6296296296296297,0.4047619047619049,0.017745302713987474,0.4594594594594596,0.46009131227492106,0.2380952380952381
graph_084_mu_0_4_node_855,30,0.04597701149425287,0.002101387555522205,0.41590341382181517,2.4044044044044046,0.030127256697309576,8.0,22.0,0.36363636363636365,0.7333333333333332,0.5238095238095238,0.02296450939457202,0.5789473684210529,0.5797647868649852,0.1428571428571428
graph_084_mu_0_4_node_856,26,0.08615384615384615,0.0013078461837630337,0.4004008016032064,2.4974974974974975,0.028180407855475247,12.0,14.0,0.8571428571428571,0.5384615384615384,0.2692307692307692,0.014767932489451472,0.36842105263157887,0.36894153742598756,0.2307692307692308
graph_084_mu_0_4_node_857,16,0.075,0.0005099672701219887,0.3855654187572366,2.5935935935935936,0.019090017285484415,5.0,11.0,0.45454545454545436,0.6875,0.34375,0.011363636363636364,0.5238095238095238,0.5242183089743389,0.15625
graph_084_mu_0_4_node_858,19,0.0935672514619883,0.0007010481968519319,0.38992974238875877,2.5645645645645647,0.022862784828951984,6.0,13.0,0.4615384615384616,0.6842105263157895,0.722222222222222,0.013238289205702643,0.5199999999999998,0.5204831097402355,0.33333333333333326
graph_084_mu_0_4_node_859,18,0.09803921568627451,0.0006009429556031814,0.3836405529953917,2.6066066066066065,0.019338668402449462,7.0,11.0,0.6363636363636365,0.6111111111111108,0.34375,0.011363636363636364,0.4400000000000001,0.44040884593941665,0.21875
graph_084_mu_0_4_node_860,25,0.04,0.0013116295049988085,0.3994402239104358,2.5035035035035036,0.027996989164755116,8.0,17.0,0.4705882352941177,0.6799999999999998,0.38636363636363635,0.01778242677824268,0.5151515151515154,0.5157832740425923,0.15909090909090912
graph_084_mu_0_4_node_861,16,0.06666666666666667,0.0005314261579695314,0.38334612432847276,2.6086086086086087,0.01869314424592426,6.0,10.0,0.5999999999999998,0.625,0.2380952380952381,0.0104384133611691,0.45454545454545436,0.45491711885824704,0.1428571428571428
graph_084_mu_0_4_node_862,15,0.1619047619047619,0.00042012209144999806,0.3740172220142269,2.6736736736736737,0.013991418028975848,8.0,7.0,1.1428571428571423,0.46666666666666673,0.388888888888889,0.007128309572301427,0.3043478260869565,0.30460805880936265,0.388888888888889
graph_084_mu_0_4_node_863,30,0.037037037037037035,0.0016578503725497352,0.40024038461538464,2.4984984984984986,0.027576007613830486,14.0,16.0,0.875,0.5333333333333332,0.3809523809523811,0.016701461377870565,0.36363636363636365,0.364231247633984,0.3095238095238094
graph_084_mu_0_4_node_864,53,0.07184325108853411,0.005090826884910985,0.452445652173913,2.21021021021021,0.0619334026394899,21.0,32.0,0.65625,0.6037735849056604,0.6956521739130432,0.03354297693920337,0.4324324324324325,0.43362211196250916,0.45652173913043465
graph_084_mu_0_4_node_865,23,0.05533596837944664,0.001093672487350618,0.3994402239104358,2.5035035035035036,0.024298234138871656,8.0,15.0,0.5333333333333332,0.6521739130434784,0.6818181818181818,0.015337423312883432,0.4838709677419357,0.48442844349174047,0.36363636363636365
graph_084_mu_0_4_node_866,24,0.07971014492753623,0.001190834408210369,0.39161113288906313,2.5535535535535536,0.023678404671222994,12.0,12.0,1.0,0.5,0.2857142857142856,0.012526096033402925,0.33333333333333326,0.33377949633154874,0.2857142857142856
graph_084_mu_0_4_node_867,24,0.03260869565217391,0.0012435779314469075,0.4008828250401284,2.4944944944944947,0.025707687229246552,3.0,21.0,0.1428571428571428,0.875,1.1052631578947367,0.021406727828746176,0.777777777777778,0.7785577800063556,0.15789473684210528
graph_084_mu_0_4_node_868,31,0.12561576354679804,0.0014885258788550502,0.4104354971240756,2.4364364364364364,0.03374164871220226,16.0,15.0,1.0666666666666664,0.4838709677419357,0.625,0.015368852459016395,0.3191489361702127,0.31970674361508283,0.625
graph_084_mu_0_4_node_869,24,0.07608695652173914,0.0010732521950862764,0.39627132090440303,2.5235235235235236,0.027182964956022786,9.0,15.0,0.5999999999999998,0.625,0.33333333333333326,0.015706806282722505,0.45454545454545436,0.45510297173556774,0.20000000000000004
graph_084_mu_0_4_node_870,29,0.05698005698005698,0.0014286870243070313,0.4020120724346076,2.4874874874874875,0.029805921045152336,12.0,17.0,0.7058823529411762,0.5862068965517241,0.38636363636363635,0.01778242677824268,0.41463414634146356,0.4152660931092416,0.25
graph_084_mu_0_4_node_871,14,0.06593406593406594,0.00038313536420138124,0.3784090909090909,2.6426426426426426,0.015929529986558458,4.0,10.0,0.4000000000000001,0.7142857142857141,0.22727272727272718,0.010460251046025102,0.5555555555555556,0.555927164622817,0.09090909090909091
graph_084_mu_0_4_node_872,26,0.09420289855072464,0.0010650996856406678,0.3986432561851556,2.5085085085085086,0.027877711901931092,9.0,17.0,0.5294117647058824,0.6538461538461539,0.8499999999999998,0.017346938775510197,0.4857142857142857,0.4863460915640647,0.4000000000000001
graph_084_mu_0_4_node_873,26,0.12923076923076923,0.0010942569732074092,0.4062627084180561,2.4614614614614614,0.04001227240491761,12.0,14.0,0.8571428571428571,0.5384615384615384,0.2857142857142856,0.01472134595162986,0.36842105263157887,0.36894153742598756,0.24489795918367344
graph_084_mu_0_4_node_874,20,0.05789473684210526,0.0008813846799916303,0.384526558891455,2.6006006006006004,0.019282731395311562,5.0,15.0,0.33333333333333326,0.75,1.0,0.015228426395939085,0.5999999999999998,0.6005573514658343,0.33333333333333326
graph_084_mu_0_4_node_875,19,0.03508771929824561,0.000829665870518066,0.38349328214971207,2.6076076076076076,0.018603983881059438,6.0,13.0,0.4615384615384616,0.6842105263157895,0.3095238095238094,0.013569937369519834,0.5199999999999998,0.5204831097402355,0.1428571428571428
graph_084_mu_0_4_node_876,21,0.05847953216374269,0.0008770561851665714,0.38115223197252956,2.6236236236236237,0.017578957318649845,10.0,11.0,0.9090909090909087,0.5238095238095238,0.29729729729729737,0.011422637590861894,0.3548387096774193,0.35524764681262877,0.24324324324324328
graph_084_mu_0_4_node_877,20,0.08947368421052632,0.0009181528747035504,0.38886726352666406,2.5715715715715715,0.020526954615108516,7.0,13.0,0.5384615384615384,0.6500000000000002,0.7647058823529413,0.013224821973550353,0.4814814814814816,0.4819646271313125,0.41176470588235303
graph_084_mu_0_4_node_878,15,0.009523809523809525,0.0005307950490150552,0.3781226343679031,2.6446446446446448,0.014294624451283813,1.0,14.0,0.0714285714285714,0.9333333333333335,1.1666666666666667,0.014170040485829956,0.875,0.8755200594353639,0.0
graph_084_mu_0_4_node_879,30,0.06666666666666667,0.001799058362189108,0.4072564207093355,2.4554554554554553,0.029493072193074687,10.0,20.0,0.5,0.6666666666666665,0.8000000000000002,0.02051282051282051,0.5,0.5007432733759476,0.4000000000000001
graph_084_mu_0_4_node_880,21,0.03333333333333333,0.0009789855562021843,0.39470564994073487,2.5335335335335336,0.021860716885270297,6.0,15.0,0.4000000000000001,0.7142857142857141,0.35714285714285704,0.015657620041753646,0.5555555555555556,0.5561129484432225,0.11904761904761905
graph_084_mu_0_4_node_881,26,0.06884057971014493,0.0013191550836442745,0.390539483971853,2.5605605605605604,0.021137394305619405,10.0,16.0,0.625,0.6153846153846152,1.0,0.016260162601626018,0.4444444444444446,0.4450391515511943,0.5625
graph_084_mu_0_4_node_882,22,0.025974025974025976,0.0011356541346789705,0.39880239520958083,2.5075075075075075,0.022029082494035408,4.0,18.0,0.2222222222222223,0.8181818181818182,0.8181818181818182,0.018404907975460124,0.6923076923076923,0.6929763898335112,0.18181818181818182
graph_084_mu_0_4_node_883,21,0.1523809523809524,0.0008343314216392035,0.3964285714285714,2.5225225225225225,0.028854523241990917,9.0,12.0,0.75,0.5714285714285712,0.2666666666666666,0.012565445026178011,0.4000000000000001,0.4004460634897036,0.20000000000000004
graph_084_mu_0_4_node_884,21,0.08095238095238096,0.0009620649064772548,0.38901869158878505,2.5705705705705704,0.019380838724928736,7.0,14.0,0.5,0.6666666666666665,0.875,0.01422764227642276,0.5,0.5005202913631634,0.4375
graph_084_mu_0_4_node_885,30,0.08275862068965517,0.0016748784648827556,0.4107730263157895,2.4344344344344346,0.033972188512398346,13.0,17.0,0.7647058823529413,0.5666666666666665,0.3695652173913044,0.017819706498951784,0.3953488372093022,0.39598083096371706,0.2826086956521739
graph_084_mu_0_4_node_886,23,0.07509881422924901,0.0011255468733598751,0.39330708661417324,2.5425425425425425,0.025003672713883054,9.0,14.0,0.6428571428571429,0.608695652173913,0.3043478260869565,0.014675052410901472,0.4375,0.4380203687184061,0.19565217391304346
graph_084_mu_0_4_node_887,26,0.05846153846153846,0.0015662532365981238,0.4000800961153384,2.4994994994994997,0.02418253034187699,8.0,18.0,0.4444444444444446,0.6923076923076923,1.1999999999999995,0.018274111675126905,0.5294117647058824,0.5300806610269524,0.5333333333333332
graph_084_mu_0_4_node_888,19,0.06432748538011696,0.0007929544138954968,0.3872093023255814,2.5825825825825826,0.019735648333872067,5.0,14.0,0.35714285714285704,0.7368421052631577,0.3499999999999999,0.014583333333333335,0.5833333333333334,0.5838535473642491,0.125
graph_084_mu_0_4_node_889,20,0.07894736842105263,0.0007894364272639386,0.3929976396538159,2.5445445445445447,0.022706883917358436,7.0,13.0,0.5384615384615384,0.6500000000000002,0.3250000000000001,0.01354166666666667,0.4814814814814816,0.4819646271313125,0.17499999999999996
graph_084_mu_0_4_node_890,17,0.13970588235294118,0.0006367413075197778,0.3776937618147448,2.6476476476476476,0.01464306606765045,7.0,10.0,0.6999999999999998,0.5882352941176471,0.6666666666666665,0.010152284263959394,0.41666666666666674,0.4170383586083854,0.46666666666666673
graph_084_mu_0_4_node_891,24,0.06884057971014493,0.0012146507189136856,0.3919183993723029,2.5515515515515514,0.02190097206964579,9.0,15.0,0.5999999999999998,0.625,0.44117647058823545,0.015527950310559004,0.45454545454545436,0.45510297173556774,0.2647058823529412
graph_084_mu_0_4_node_892,19,0.023391812865497075,0.0008104691427507059,0.391304347826087,2.5555555555555554,0.019180128033766817,4.0,15.0,0.2666666666666666,0.7894736842105262,0.5999999999999998,0.015384615384615387,0.6521739130434784,0.6527312230936358,0.16
graph_084_mu_0_4_node_893,23,0.05238095238095238,0.000979855372843874,0.390539483971853,2.5605605605605604,0.020663121600485647,9.0,14.0,0.6428571428571429,0.608695652173913,0.7368421052631577,0.014271151885830781,0.4375,0.4380203687184061,0.4210526315789473
graph_084_mu_0_4_node_894,26,0.10153846153846154,0.0012697723065998078,0.4046172539489672,2.4714714714714714,0.03759149130216226,11.0,15.0,0.7333333333333332,0.5769230769230768,0.3061224489795918,0.015772870662460574,0.4054054054054053,0.40596300549462144,0.22448979591836735
graph_084_mu_0_4_node_895,24,0.047619047619047616,0.001182672632971218,0.39658594680428744,2.5215215215215214,0.022435299285549794,8.0,16.0,0.5,0.6666666666666665,1.0666666666666664,0.016243654822335023,0.5,0.5005946187007579,0.46666666666666673
graph_084_mu_0_4_node_896,27,0.1168091168091168,0.0013834473886545882,0.3948616600790514,2.5325325325325325,0.02485418050064656,12.0,15.0,0.8000000000000002,0.5555555555555556,0.8333333333333335,0.01527494908350305,0.38461538461538475,0.3851730261633976,0.6666666666666665
graph_084_mu_0_4_node_897,21,0.08571428571428572,0.0009543898009328614,0.3855654187572366,2.5935935935935936,0.019150321216765406,10.0,11.0,0.9090909090909087,0.5238095238095238,0.3235294117647059,0.011387163561076604,0.3548387096774193,0.35524764681262877,0.29411764705882354
graph_084_mu_0_4_node_898,23,0.023809523809523808,0.0009896005411182101,0.39627132090440303,2.5235235235235236,0.023667170240646972,5.0,18.0,0.2777777777777778,0.7826086956521738,0.48648648648648657,0.018691588785046724,0.6428571428571429,0.6435258900706963,0.10810810810810813
graph_084_mu_0_4_node_899,45,0.07308970099667775,0.003634451125393407,0.432842287694974,2.31031031031031,0.046276330606047265,20.0,25.0,0.8000000000000002,0.5555555555555556,0.78125,0.025826446280991736,0.38461538461538475,0.3855449945510558,0.59375
graph_084_mu_0_4_node_900,21,0.12857142857142856,0.0008142594149989596,0.38086160884483417,2.625625625625626,0.01827153707521108,10.0,11.0,0.9090909090909087,0.5238095238095238,0.6470588235294118,0.011190233977619533,0.3548387096774193,0.35524764681262877,0.5882352941176471
graph_084_mu_0_4_node_901,28,0.12923076923076923,0.0013207363317164539,0.39501779359430605,2.5315315315315314,0.023644106924239777,14.0,14.0,1.0,0.5,0.8235294117647061,0.014242115971515762,0.33333333333333326,0.3338538955405171,0.7647058823529413
graph_084_mu_0_4_node_902,34,0.06854838709677419,0.002125935379244872,0.41263940520446096,2.4234234234234235,0.032874426063763215,14.0,20.0,0.6999999999999998,0.5882352941176471,0.8000000000000002,0.02051282051282051,0.41666666666666674,0.41741016109045853,0.5199999999999998
graph_084_mu_0_4_node_903,26,0.08923076923076922,0.0015211658333420153,0.39423835832675613,2.5365365365365364,0.022714168721424507,9.0,17.0,0.5294117647058824,0.6538461538461539,1.0,0.017293997965412002,0.4857142857142857,0.4863460915640647,0.5294117647058824
graph_084_mu_0_4_node_904,17,0.10294117647058823,0.0005972308810243405,0.3755639097744361,2.6626626626626626,0.014079710030007018,6.0,11.0,0.5454545454545452,0.6470588235294118,0.6875,0.011178861788617886,0.4782608695652175,0.4786696851150742,0.375
graph_084_mu_0_4_node_905,29,0.11083743842364532,0.0015012034123490481,0.40298507462686567,2.4814814814814814,0.03147109850941,16.0,13.0,1.2307692307692304,0.44827586206896536,0.25,0.013713080168776372,0.2888888888888888,0.2893723579654628,0.3076923076923076
graph_084_mu_0_4_node_906,22,0.12121212121212122,0.0009633523014161857,0.38601236476043277,2.5905905905905904,0.01951778832095003,9.0,13.0,0.6923076923076923,0.5909090909090909,0.7647058823529413,0.013224821973550353,0.4193548387096773,0.41983805619471615,0.5294117647058824
graph_084_mu_0_4_node_907,17,0.11029411764705882,0.0005902177409107723,0.38275862068965516,2.6126126126126126,0.0182093970354866,7.0,10.0,0.6999999999999998,0.5882352941176471,0.2380952380952381,0.0104384133611691,0.41666666666666674,0.4170383586083854,0.16666666666666663
graph_084_mu_0_4_node_908,59,0.05137844611528822,0.006901621237554027,0.4580467675378267,2.1831831831831834,0.05966913160152325,23.0,36.0,0.6388888888888892,0.6101694915254239,0.8571428571428571,0.037578288100208766,0.43902439024390266,0.4403627797152386,0.5238095238095238
graph_084_mu_0_4_node_909,26,0.11076923076923077,0.001299182192490195,0.4052738336713996,2.4674674674674675,0.03039504683782834,15.0,11.0,1.3636363636363635,0.4230769230769231,0.23913043478260876,0.011530398322851156,0.26829268292682934,0.268701772145469,0.3043478260869565
graph_084_mu_0_4_node_910,30,0.08275862068965517,0.0017790224309352167,0.4124690338563171,2.4244244244244246,0.03345708651229264,12.0,18.0,0.6666666666666665,0.5999999999999998,0.42857142857142855,0.018789144050104383,0.42857142857142855,0.4292405238059836,0.2857142857142856
graph_084_mu_0_4_node_911,26,0.14461538461538462,0.0010615829030073867,0.4026602176541717,2.4834834834834836,0.031255797613675515,15.0,11.0,1.3636363636363635,0.4230769230769231,0.21153846153846154,0.01160337552742616,0.26829268292682934,0.268701772145469,0.2884615384615384
graph_084_mu_0_4_node_912,48,0.09855072463768116,0.0038329202427102036,0.4304179233089186,2.3233233233233235,0.048856206520056504,24.0,24.0,1.0,0.5,0.9230769230769232,0.024640657084188906,0.33333333333333326,0.33422605763031304,0.884615384615385
graph_084_mu_0_4_node_913,32,0.10114942528735632,0.0018308102873651922,0.4150394682176984,2.4094094094094096,0.03427760443669975,13.0,19.0,0.6842105263157895,0.59375,1.1875,0.0193089430894309,0.4222222222222223,0.42292851566856265,0.75
graph_084_mu_0_4_node_914,22,0.09090909090909091,0.0009204365133339495,0.3908450704225352,2.5585585585585586,0.022058325474950295,8.0,14.0,0.5714285714285712,0.6363636363636365,0.875,0.01422764227642276,0.46666666666666673,0.4671869967045765,0.5
graph_084_mu_0_4_node_915,32,0.125,0.0016728560612569042,0.4100985221674877,2.4384384384384385,0.041335116179838274,18.0,14.0,1.2857142857142858,0.4375,0.33333333333333326,0.014613778705636741,0.28000000000000014,0.28052071710183746,0.4047619047619049
graph_084_mu_0_4_node_916,56,0.10974025974025974,0.0051386700489806465,0.44878706199460916,2.2282282282282284,0.06872653463587333,30.0,26.0,1.1538461538461535,0.4642857142857144,0.5777777777777776,0.027225130890052355,0.3023255813953489,0.30329305925499017,0.6666666666666665
graph_084_mu_0_4_node_917,28,0.06878306878306878,0.0017781255776640735,0.408923454768727,2.4454454454454453,0.029028106276643383,8.0,20.0,0.4000000000000001,0.7142857142857141,1.1111111111111112,0.020366598778004067,0.5555555555555556,0.5562987184568636,0.4444444444444446
graph_084_mu_0_4_node_918,22,0.11578947368421053,0.0007913918940488756,0.383199079401611,2.6096096096096097,0.018814911908278033,10.0,12.0,0.8333333333333335,0.5454545454545452,0.7058823529411762,0.012207527975584944,0.375,0.37544609665427503,0.5294117647058824
graph_084_mu_0_4_node_919,46,0.07505285412262157,0.003543859584358306,0.43434782608695655,2.3023023023023024,0.05059749998511075,20.0,26.0,0.7692307692307695,0.5652173913043478,0.8125,0.026859504132231413,0.39393939393939387,0.39490615232416376,0.59375
graph_084_mu_0_4_node_920,21,0.02857142857142857,0.0010991670092141928,0.38735944164404806,2.5815815815815815,0.018554166479198293,5.0,16.0,0.3125,0.7619047619047622,0.8888888888888892,0.01629327902240326,0.6153846153846152,0.6159791015256574,0.11111111111111115
graph_084_mu_0_4_node_921,21,0.03333333333333333,0.0009979964852828273,0.3948616600790514,2.5325325325325325,0.022886513820525776,4.0,17.0,0.23529411764705885,0.8095238095238098,0.4047619047619049,0.017745302713987474,0.6799999999999998,0.6806315711260544,0.09523809523809527
graph_084_mu_0_4_node_922,42,0.11382113821138211,0.00305159977395393,0.42601279317697227,2.3473473473473474,0.05810018003306627,20.0,22.0,0.9090909090909087,0.5238095238095238,0.4489795918367347,0.023133543638275505,0.3548387096774193,0.3556568576878323,0.40816326530612235
graph_084_mu_0_4_node_923,24,0.2028985507246377,0.0008607530587708429,0.39800796812749006,2.5125125125125125,0.03379252113695193,14.0,10.0,1.3999999999999997,0.41666666666666674,0.2222222222222223,0.010471204188481678,0.2631578947368421,0.26352978019612067,0.311111111111111
graph_084_mu_0_4_node_924,27,0.06666666666666667,0.0012975307255259467,0.4070904645476773,2.4564564564564564,0.02968049704520419,10.0,17.0,0.5882352941176471,0.6296296296296297,0.4047619047619049,0.017745302713987474,0.4594594594594596,0.46009131227492106,0.21428571428571427
graph_084_mu_0_4_node_925,45,0.10852713178294573,0.0033240148829316446,0.43700787401574803,2.2882882882882885,0.049973674468210015,24.0,21.0,1.1428571428571423,0.46666666666666673,0.7241379310344828,0.021627188465499485,0.3043478260869565,0.3051290470236776,0.7931034482758619
graph_084_mu_0_4_node_926,53,0.0899854862119013,0.005075220248362701,0.44778126400717166,2.2332332332332334,0.06362961493135136,25.0,28.0,0.8928571428571427,0.5283018867924528,0.622222222222222,0.02931937172774868,0.3589743589743588,0.36001579317803384,0.5555555555555556
graph_084_mu_0_4_node_927,22,0.07792207792207792,0.000807223310780736,0.3948616600790514,2.5325325325325325,0.026530760776885653,9.0,13.0,0.6923076923076923,0.5909090909090909,0.25,0.013713080168776372,0.4193548387096773,0.41983805619471615,0.1538461538461538
graph_084_mu_0_4_node_928,32,0.10483870967741936,0.0019790032859928757,0.40445344129554656,2.4724724724724725,0.029816311933612224,15.0,17.0,0.8823529411764709,0.53125,0.8499999999999998,0.017346938775510197,0.3617021276595746,0.3623342154082267,0.75
graph_084_mu_0_4_node_929,20,0.1,0.0008378792567712243,0.3919183993723029,2.5515515515515514,0.02173449670737726,6.0,14.0,0.42857142857142855,0.6999999999999998,0.608695652173913,0.0143295803480041,0.5384615384615384,0.5389817911557042,0.26086956521739124
graph_084_mu_0_4_node_930,28,0.027692307692307693,0.0015730573432962507,0.4183417085427136,2.3903903903903903,0.0318371093368898,5.0,23.0,0.2173913043478261,0.8214285714285712,1.9166666666666672,0.02327935222672066,0.6969696969696971,0.697824048591108,0.33333333333333326
graph_084_mu_0_4_node_931,15,0.047619047619047616,0.000494472473365543,0.3766968325791855,2.6546546546546548,0.014188394050623405,4.0,11.0,0.36363636363636365,0.7333333333333332,0.4400000000000001,0.011282051282051285,0.5789473684210529,0.5793561232053417,0.16
graph_084_mu_0_4_node_932,25,0.12666666666666668,0.001280105588622769,0.392688679245283,2.5465465465465464,0.021421923133620225,11.0,14.0,0.7857142857142859,0.5600000000000003,0.9333333333333335,0.01421319796954315,0.388888888888889,0.3894093349855431,0.7333333333333332
graph_084_mu_0_4_node_933,33,0.11553030303030302,0.0017584508925947654,0.408923454768727,2.4454454454454453,0.03705700744277139,18.0,15.0,1.1999999999999995,0.45454545454545436,0.3260869565217392,0.015723270440251572,0.29411764705882354,0.29467553748914305,0.3913043478260869
graph_084_mu_0_4_node_934,48,0.09855072463768116,0.003978841737507657,0.44125441696113077,2.2662662662662663,0.05921012864650129,24.0,24.0,1.0,0.5,0.5333333333333332,0.025130890052356022,0.33333333333333326,0.33422605763031304,0.5111111111111111
graph_084_mu_0_4_node_935,42,0.05574912891986063,0.003621691444524287,0.43265482893027285,2.3113113113113113,0.04345540692453847,20.0,22.0,0.9090909090909087,0.5238095238095238,0.5238095238095238,0.02296450939457202,0.3548387096774193,0.3556568576878323,0.4523809523809525
graph_084_mu_0_4_node_936,32,0.11088709677419355,0.0017388266837871326,0.4124690338563171,2.4244244244244246,0.03958607876169794,14.0,18.0,0.777777777777778,0.5625,0.5625,0.018595041322314047,0.3913043478260869,0.39197354256175504,0.4375
graph_084_mu_0_4_node_937,16,0.06593406593406594,0.0004209087519283971,0.3791271347248577,2.6376376376376376,0.01659338502202159,5.0,11.0,0.45454545454545436,0.6875,0.29729729729729737,0.011422637590861894,0.5238095238095238,0.5242183089743389,0.10810810810810813
graph_084_mu_0_4_node_938,25,0.16333333333333333,0.0008961620046553956,0.3943939992104224,2.5355355355355353,0.03574828162330179,16.0,9.0,1.7777777777777783,0.36,0.1836734693877551,0.009463722397476339,0.21951219512195133,0.21984695428133383,0.32653061224489793
graph_084_mu_0_4_node_939,22,0.05263157894736842,0.0008988438418122562,0.390234375,2.5625625625625625,0.021666934044653825,9.0,13.0,0.6923076923076923,0.5909090909090909,0.3513513513513515,0.013499480789200408,0.4193548387096773,0.41983805619471615,0.21621621621621626
graph_084_mu_0_4_node_940,23,0.07114624505928854,0.001186127908127501,0.39595719381688466,2.5255255255255253,0.02256784132481484,10.0,13.0,0.7692307692307695,0.5652173913043478,0.3095238095238094,0.013569937369519834,0.39393939393939387,0.3944226473500478,0.2380952380952381
graph_084_mu_0_4_node_941,34,0.10695187165775401,0.0018177769136366307,0.42045454545454547,2.3783783783783785,0.04525176571768217,17.0,17.0,1.0,0.5,0.4047619047619049,0.017745302713987474,0.33333333333333326,0.333965515104186,0.4047619047619049
graph_084_mu_0_4_node_942,38,0.06666666666666667,0.002478113204371064,0.4178168130489335,2.3933933933933935,0.04157102705430203,18.0,20.0,0.9000000000000002,0.5263157894736842,0.38461538461538475,0.02109704641350211,0.35714285714285704,0.35788657274601043,0.3269230769230769
graph_084_mu_0_4_node_943,18,0.058823529411764705,0.0007410367753771916,0.38188073394495414,2.6186186186186187,0.016449640323026978,6.0,12.0,0.5,0.6666666666666665,0.3243243243243245,0.012461059190031152,0.5,0.5004459640255686,0.16216216216216225
graph_084_mu_0_4_node_944,22,0.07792207792207792,0.000951183153337294,0.38962558502340094,2.5665665665665665,0.023670512615538476,11.0,11.0,1.0,0.5,0.23913043478260876,0.011530398322851156,0.33333333333333326,0.33374230087618184,0.23913043478260876
graph_084_mu_0_4_node_945,29,0.10826210826210826,0.0015658575735851413,0.39928057553956836,2.5045045045045047,0.024517224697816416,13.0,16.0,0.8125,0.5517241379310346,1.0666666666666664,0.016243654822335023,0.3809523809523811,0.38154722071741914,0.8000000000000002
graph_084_mu_0_4_node_946,26,0.08333333333333333,0.001185460391886765,0.39690107270560193,2.5195195195195197,0.026123269779652583,11.0,15.0,0.7333333333333332,0.5769230769230768,0.35714285714285704,0.015657620041753646,0.4054054054054053,0.40596300549462144,0.2380952380952381
graph_084_mu_0_4_node_947,22,0.05627705627705628,0.0011549822627077873,0.38962558502340094,2.5665665665665665,0.020270755607038466,6.0,16.0,0.375,0.7272727272727273,1.0666666666666664,0.016243654822335023,0.5714285714285712,0.572023101749618,0.4000000000000001
graph_084_mu_0_4_node_948,31,0.08387096774193549,0.0019780311301902014,0.41332230037236245,2.4194194194194196,0.03292149042081791,12.0,19.0,0.6315789473684211,0.6129032258064517,0.59375,0.019628099173553723,0.44186046511627897,0.44256670605595105,0.375
graph_084_mu_0_4_node_949,39,0.08858858858858859,0.00267821273241834,0.4249255635899617,2.3533533533533535,0.041723114863864486,17.0,22.0,0.7727272727272727,0.564102564102564,0.7586206896551726,0.02265705458290423,0.39285714285714296,0.3936751083538709,0.5517241379310346
graph_084_mu_0_4_node_950,34,0.12834224598930483,0.0021887745949509445,0.41195876288659794,2.4274274274274275,0.03150727561932219,15.0,19.0,0.7894736842105262,0.5588235294117646,1.0555555555555556,0.019348268839103868,0.38775510204081615,0.38846150052391865,0.8333333333333335
graph_084_mu_0_4_node_951,24,0.09420289855072464,0.0011349168618151936,0.4026602176541717,2.4834834834834836,0.027514438025337543,10.0,14.0,0.7142857142857141,0.5833333333333334,0.33333333333333326,0.014613778705636741,0.41176470588235303,0.4122851132870069,0.2380952380952381
graph_084_mu_0_4_node_952,28,0.08994708994708994,0.0017234870764767983,0.398961661341853,2.5065065065065064,0.02478343993157705,11.0,17.0,0.6470588235294118,0.6071428571428571,1.133333333333333,0.01725888324873096,0.43589743589743607,0.43652933568556374,0.7333333333333332
graph_084_mu_0_4_node_953,26,0.08923076923076922,0.0012322200538946886,0.4069246435845214,2.4574574574574575,0.03302162429407182,10.0,16.0,0.625,0.6153846153846152,0.3555555555555554,0.01675392670157069,0.4444444444444446,0.4450391515511943,0.2222222222222223
graph_084_mu_0_4_node_954,17,0.04411764705882353,0.0005918528426192227,0.38071646341463417,2.6266266266266265,0.016599049980219167,4.0,13.0,0.3076923076923076,0.7647058823529413,0.3513513513513515,0.013499480789200408,0.6190476190476188,0.6195306569846756,0.10810810810810813
graph_084_mu_0_4_node_955,47,0.05353535353535353,0.003970527611529352,0.4443950177935943,2.25025025025025,0.05619415145652748,17.0,30.0,0.5666666666666665,0.6382978723404255,0.6818181818181818,0.03138075313807531,0.46875,0.4698650758251563,0.36363636363636365
graph_084_mu_0_4_node_956,24,0.07971014492753623,0.001031705691033015,0.40428976123027116,2.4734734734734736,0.029658278531966842,9.0,15.0,0.5999999999999998,0.625,0.35714285714285704,0.015657620041753646,0.45454545454545436,0.45510297173556774,0.21428571428571427
graph_084_mu_0_4_node_957,14,0.04395604395604396,0.00045130234713953017,0.37726586102719034,2.650650650650651,0.014947512568081843,2.0,12.0,0.16666666666666663,0.8571428571428571,0.2727272727272726,0.012552301255230129,0.75,0.7504458314757021,0.0
graph_084_mu_0_4_node_958,26,0.06884057971014493,0.0013259127540088968,0.40217391304347827,2.4864864864864864,0.02429985350574074,12.0,14.0,0.8571428571428571,0.5384615384615384,0.41176470588235303,0.01449275362318841,0.36842105263157887,0.36894153742598756,0.3235294117647059
graph_084_mu_0_4_node_959,25,0.11,0.001178669957433631,0.39564356435643566,2.5275275275275275,0.025571541517783517,10.0,15.0,0.6666666666666665,0.5999999999999998,0.75,0.01530612244897959,0.42857142857142855,0.4291289872080118,0.5
graph_084_mu_0_4_node_960,24,0.030303030303030304,0.0011595257462804996,0.3978494623655914,2.5135135135135136,0.02378011394587913,6.0,18.0,0.33333333333333326,0.75,1.125,0.018292682926829264,0.5999999999999998,0.600668796908672,0.3125
graph_084_mu_0_4_node_961,40,0.11522048364153627,0.0028189844127669505,0.42241014799154336,2.3673673673673674,0.0390073102916183,18.0,22.0,0.8181818181818182,0.5499999999999999,0.9166666666666664,0.022540983606557374,0.3793103448275863,0.3801283711531606,0.7083333333333334
graph_084_mu_0_4_node_962,38,0.07936507936507936,0.002386273212609475,0.43491510666086197,2.299299299299299,0.05103513242831796,14.0,24.0,0.5833333333333334,0.6315789473684211,0.5333333333333332,0.025130890052356022,0.4615384615384616,0.4624305221985862,0.2888888888888888
graph_084_mu_0_4_node_963,25,0.12,0.0013272918212985584,0.39470564994073487,2.5335335335335336,0.02133728140479857,13.0,12.0,1.0833333333333335,0.4800000000000002,0.3529411764705881,0.012422360248447204,0.31578947368421056,0.31623566986179663,0.3823529411764707
graph_084_mu_0_4_node_964,20,0.032679738562091505,0.0007412524163036865,0.3821729150726855,2.6166166166166165,0.01939281463656434,7.0,13.0,0.5384615384615384,0.6500000000000002,0.3513513513513515,0.013499480789200408,0.4814814814814816,0.4819646271313125,0.16216216216216225
graph_084_mu_0_4_node_965,33,0.12258064516129032,0.0016179651038406365,0.4148671096345515,2.4104104104104103,0.041077681171280266,18.0,15.0,1.1999999999999995,0.45454545454545436,0.33333333333333326,0.015706806282722505,0.29411764705882354,0.29467553748914305,0.3777777777777778
graph_084_mu_0_4_node_966,22,0.12121212121212122,0.0009024789497010225,0.399919935948759,2.5005005005005003,0.0302441487488835,8.0,14.0,0.5714285714285712,0.6363636363636365,0.4375,0.014462809917355378,0.46666666666666673,0.4671869967045765,0.25
graph_084_mu_0_4_node_967,27,0.045584045584045586,0.0014749564147814751,0.41400745959386653,2.4154154154154153,0.0334185199138692,10.0,17.0,0.5882352941176471,0.6296296296296297,0.3269230769230769,0.01793248945147679,0.4594594594594596,0.46009131227492106,0.17307692307692307
graph_084_mu_0_4_node_968,23,0.07114624505928854,0.0009532076670258469,0.39690107270560193,2.5195195195195197,0.026846039560816264,9.0,14.0,0.6428571428571429,0.608695652173913,0.33333333333333326,0.014613778705636741,0.4375,0.4380203687184061,0.21428571428571427
graph_084_mu_0_4_node_969,19,0.05263157894736842,0.0008870352279480897,0.38100686498855835,2.6246246246246248,0.015147083729979166,6.0,13.0,0.4615384615384616,0.6842105263157895,0.8125,0.013211382113821137,0.5199999999999998,0.5204831097402355,0.375
graph_084_mu_0_4_node_970,19,0.05263157894736842,0.0007606487636826516,0.3852680293096799,2.5955955955955954,0.01985760588160385,6.0,13.0,0.4615384615384616,0.6842105263157895,0.8125,0.013211382113821137,0.5199999999999998,0.5204831097402355,0.375
graph_084_mu_0_4_node_971,27,0.03418803418803419,0.0013723907876633365,0.4095940959409594,2.4414414414414414,0.03117876417224025,9.0,18.0,0.5,0.6666666666666665,0.34615384615384615,0.018987341772151892,0.5,0.5006689460383528,0.1538461538461538
graph_084_mu_0_4_node_972,27,0.08,0.0012413829343978766,0.40056134723336007,2.4964964964964964,0.02910292000856787,10.0,17.0,0.5882352941176471,0.6296296296296297,0.5862068965517241,0.01750772399588054,0.4594594594594596,0.46009131227492106,0.31034482758620696
graph_084_mu_0_4_node_973,23,0.12648221343873517,0.0010863212060203274,0.3885647607934656,2.5735735735735736,0.0227968758782746,10.0,13.0,0.7692307692307695,0.5652173913043478,0.722222222222222,0.013238289205702643,0.39393939393939387,0.3944226473500478,0.5555555555555556
graph_084_mu_0_4_node_974,27,0.05413105413105413,0.001700513372530834,0.4085889570552147,2.4474474474474475,0.02757715158722285,8.0,19.0,0.4210526315789473,0.7037037037037039,0.59375,0.019628099173553723,0.5428571428571429,0.5435631738481873,0.25
graph_084_mu_0_4_node_975,24,0.08695652173913043,0.001172004557384449,0.4000800961153384,2.4994994994994997,0.028118565189273834,8.0,16.0,0.5,0.6666666666666665,0.5,0.01652892561983471,0.5,0.5005946187007579,0.25
graph_084_mu_0_4_node_976,24,0.10144927536231885,0.0010866582692455964,0.4018503620273532,2.4884884884884886,0.027270585915628805,9.0,15.0,0.5999999999999998,0.625,0.375,0.015625,0.45454545454545436,0.45510297173556774,0.22500000000000006
graph_084_mu_0_4_node_977,15,0.01904761904761905,0.0005995539642690978,0.3757051523128996,2.6616616616616615,0.012925798224653435,3.0,12.0,0.25,0.8000000000000002,0.6666666666666665,0.012219959266802444,0.6666666666666665,0.6671125312724479,0.11111111111111115
graph_084_mu_0_4_node_978,22,0.08225108225108226,0.0009033743198309578,0.39330708661417324,2.5425425425425425,0.02487204592882661,8.0,14.0,0.5714285714285712,0.6363636363636365,0.33333333333333326,0.014613778705636741,0.46666666666666673,0.4671869967045765,0.16666666666666663
graph_084_mu_0_4_node_979,16,0.041666666666666664,0.0005573259692604761,0.38028169014084506,2.6296296296296298,0.015733988086356825,4.0,12.0,0.33333333333333326,0.75,0.2727272727272726,0.012552301255230129,0.5999999999999998,0.6004458977407847,0.06818181818181815
graph_084_mu_0_4_node_980,34,0.06653225806451613,0.0021721727457842148,0.4201009251471825,2.3803803803803802,0.03379606481089404,12.0,22.0,0.5454545454545452,0.6470588235294118,0.9166666666666664,0.022540983606557374,0.4782608695652175,0.4790785310533614,0.4583333333333332
graph_084_mu_0_4_node_981,18,0.0196078431372549,0.0007187150938187288,0.3906922174423152,2.5595595595595597,0.021729715198136195,3.0,15.0,0.20000000000000004,0.8333333333333335,0.6521739130434784,0.015353121801432952,0.7142857142857141,0.7148429829263504,0.13043478260869562
graph_084_mu_0_4_node_982,25,0.06333333333333334,0.0013430436885410576,0.3964285714285714,2.5225225225225225,0.02496225261809149,7.0,18.0,0.388888888888889,0.72,0.42857142857142855,0.018789144050104383,0.5625,0.563168846611177,0.11904761904761905
graph_084_mu_0_4_node_983,36,0.14285714285714285,0.0020312569290776095,0.4276541095890411,2.3383383383383385,0.050929822325166005,18.0,18.0,1.0,0.5,0.42857142857142855,0.018789144050104383,0.33333333333333326,0.33400272716003454,0.42857142857142855
graph_084_mu_0_4_node_984,38,0.05396825396825397,0.002429619321330718,0.4197478991596639,2.3823823823823824,0.04052059906189898,18.0,20.0,0.9000000000000002,0.5263157894736842,0.38461538461538475,0.02109704641350211,0.35714285714285704,0.35788657274601043,0.3269230769230769
graph_084_mu_0_4_node_985,37,0.07957957957957958,0.0025952572333001953,0.4274711168164313,2.339339339339339,0.04299820527754617,16.0,21.0,0.7619047619047622,0.5675675675675675,0.40384615384615397,0.02215189873417722,0.3962264150943397,0.3970071713125052,0.3076923076923076
graph_084_mu_0_4_node_986,22,0.12631578947368421,0.0007571853302463257,0.38766006984866125,2.5795795795795797,0.02119069278991924,9.0,13.0,0.6923076923076923,0.5909090909090909,0.5416666666666667,0.01331967213114754,0.4193548387096773,0.41983805619471615,0.33333333333333326
graph_084_mu_0_4_node_987,32,0.06854838709677419,0.001966020122295689,0.4238438693254137,2.359359359359359,0.03982057599571392,10.0,22.0,0.45454545454545436,0.6875,0.4888888888888889,0.023036649214659692,0.5238095238095238,0.5246270637574985,0.2222222222222223
graph_084_mu_0_4_node_988,28,0.07142857142857142,0.0017121250989445133,0.40445344129554656,2.4724724724724725,0.026763329987616893,8.0,20.0,0.4000000000000001,0.7142857142857141,1.1111111111111112,0.020366598778004067,0.5555555555555556,0.5562987184568636,0.4444444444444446
graph_084_mu_0_4_node_989,40,0.10897435897435898,0.002884430101024112,0.4233050847457627,2.3623623623623624,0.04295213996135327,20.0,20.0,1.0,0.5,0.4347826086956522,0.02096436058700209,0.33333333333333326,0.33407715957552314,0.4347826086956522
graph_084_mu_0_4_node_990,26,0.11692307692307692,0.0011048397556406514,0.40675895765472314,2.4584584584584586,0.03440856914605857,12.0,14.0,0.8571428571428571,0.5384615384615384,0.3043478260869565,0.014675052410901472,0.36842105263157887,0.36894153742598756,0.26086956521739124
graph_084_mu_0_4_node_991,17,0.125,0.0005093620367630007,0.3837879369957741,2.6056056056056054,0.020719546181977685,8.0,9.0,0.8888888888888892,0.5294117647058824,0.22500000000000006,0.009374999999999996,0.36,0.3603345600535297,0.20000000000000004
graph_084_mu_0_4_node_992,27,0.06666666666666667,0.0012702512727013242,0.4020120724346076,2.4874874874874875,0.02706596616824465,11.0,16.0,0.6875,0.5925925925925926,0.6956521739130432,0.01637666325486182,0.4210526315789473,0.42164738289855197,0.4347826086956522
graph_084_mu_0_4_node_993,17,0.047619047619047616,0.0005334790715752208,0.36836283185840707,2.714714714714715,0.011360701042572995,9.0,8.0,1.125,0.4705882352941177,0.21621621621621626,0.0083073727933541,0.3076923076923076,0.3079897275748269,0.21621621621621626
graph_084_mu_0_4_node_994,22,0.06926406926406926,0.0010938979097241566,0.3940828402366864,2.5375375375375375,0.020997420113890355,9.0,13.0,0.6923076923076923,0.5909090909090909,0.29545454545454547,0.013598326359832632,0.4193548387096773,0.41983805619471615,0.20454545454545456
graph_084_mu_0_4_node_995,27,0.056666666666666664,0.00135703424694345,0.404126213592233,2.4744744744744747,0.029249600884108693,10.0,17.0,0.5882352941176471,0.6296296296296297,0.8499999999999998,0.017346938775510197,0.4594594594594596,0.46009131227492106,0.4500000000000001
graph_084_mu_0_4_node_996,29,0.08374384236453201,0.0016517932572793228,0.4122988031366075,2.4254254254254253,0.033040261300070976,8.0,21.0,0.3809523809523811,0.7241379310344828,0.9130434782608693,0.02149437052200614,0.5675675675675675,0.5683478596197356,0.3478260869565216
graph_084_mu_0_4_node_997,26,0.09230769230769231,0.0013488031193936766,0.40056134723336007,2.4964964964964964,0.026581436713353217,10.0,16.0,0.625,0.6153846153846152,0.6153846153846152,0.016427104722792605,0.4444444444444446,0.4450391515511943,0.38461538461538475
graph_084_mu_0_4_node_998,23,0.16996047430830039,0.0007285547192598437,0.3976910828025478,2.5145145145145147,0.03372817554309819,13.0,10.0,1.3000000000000005,0.4347826086956522,0.2380952380952381,0.0104384133611691,0.2777777777777778,0.27814963557935446,0.3095238095238094
graph_084_mu_0_4_node_999,24,0.09782608695652174,0.0011614457492211208,0.4036363636363636,2.4774774774774775,0.026902714736956355,7.0,17.0,0.41176470588235303,0.7083333333333334,1.0625,0.017276422764227643,0.5483870967741937,0.5490188087135491,0.4375
