,Degree,Clustering Coefficient,Betweenness,Closeness,Shortest Path,Eigenvector,E In,E Out,E In Over E Out,ODF,Expansion,Cut Ratio,Conductance,Normalised Cut,Triangle Participation
graph_071_mu_0_3_node_0,39,0.10661268556005399,0.0015134031197805923,0.45,2.2222222222222223,0.022528901571976588,21.0,18.0,1.1666666666666667,0.4615384615384616,0.12162162162162164,0.021126760563380274,0.2999999999999999,0.3005829393095408,0.14189189189189189
graph_071_mu_0_3_node_1,15,0.0761904761904762,0.00039270492950131805,0.41332230037236245,2.4194194194194196,0.014040278365796474,1.0,14.0,0.0714285714285714,0.9333333333333335,0.608695652173913,0.0143295803480041,0.875,0.8754528692501781,0.0
graph_071_mu_0_3_node_2,31,0.1978494623655914,0.0011152571887064608,0.4293081220455522,2.329329329329329,0.014629830239472034,19.0,12.0,1.583333333333333,0.3870967741935483,0.3243243243243245,0.012461059190031152,0.2400000000000001,0.24038865137971233,0.5135135135135133
graph_071_mu_0_3_node_3,25,0.10333333333333333,0.0008052602583553478,0.427105600684053,2.3413413413413413,0.01833254775007115,9.0,16.0,0.5625,0.64,0.5925925925925926,0.01644398766700925,0.4705882352941177,0.47110603464686834,0.33333333333333326
graph_071_mu_0_3_node_4,30,0.25396825396825395,0.000923470720277914,0.4190436241610738,2.3863863863863863,0.013770164305582706,19.0,11.0,1.7272727272727268,0.3666666666666666,0.5499999999999999,0.011224489795918367,0.22448979591836735,0.22484607122201117,0.9000000000000002
graph_071_mu_0_3_node_5,26,0.14153846153846153,0.0007968975491493799,0.4102669404517454,2.4374374374374375,0.011687719144644095,15.0,11.0,1.3636363636363635,0.4230769230769231,0.29729729729729737,0.011422637590861894,0.26829268292682934,0.26864886594013765,0.4054054054054053
graph_071_mu_0_3_node_6,38,0.1678520625889047,0.0014837449290325637,0.4267407090986758,2.3433433433433435,0.01993517262732248,25.0,13.0,1.9230769230769231,0.34210526315789475,0.2599999999999999,0.013684210526315792,0.2063492063492064,0.20677039539829106,0.5
graph_071_mu_0_3_node_7,52,0.15428571428571428,0.002592427108252444,0.42986230636833045,2.3263263263263263,0.017008679154178277,33.0,19.0,1.7368421052631577,0.36538461538461525,0.4318181818181817,0.0198744769874477,0.22352941176470595,0.22414519526819,0.7272727272727273
graph_071_mu_0_3_node_8,24,0.10869565217391304,0.0007545861669846154,0.39501779359430605,2.5315315315315314,0.007814052133896288,12.0,12.0,1.0,0.5,0.4444444444444446,0.012332990750256935,0.33333333333333326,0.3337218085680371,0.4444444444444446
graph_071_mu_0_3_node_9,50,0.09142857142857143,0.0030409183031441253,0.44778126400717166,2.2332332332332334,0.019259614067580585,30.0,20.0,1.5,0.4000000000000001,0.3278688524590165,0.021299254526091587,0.25,0.25064804614088526,0.47540983606557385
graph_071_mu_0_3_node_10,21,0.13333333333333333,0.0004581333175478645,0.3919183993723029,2.5515515515515514,0.009318099444643633,11.0,10.0,1.0999999999999999,0.4761904761904762,0.22727272727272718,0.010460251046025102,0.3125,0.31282372936225317,0.25
graph_071_mu_0_3_node_11,39,0.06747638326585695,0.0018923126143151334,0.4247448979591837,2.354354354354354,0.017891047790694396,17.0,22.0,0.7727272727272727,0.564102564102564,0.7096774193548386,0.022703818369453045,0.39285714285714296,0.39356934745409966,0.5483870967741937
graph_071_mu_0_3_node_12,34,0.1586452762923351,0.0013086733866776417,0.4107730263157895,2.4344344344344346,0.01250434145097144,19.0,15.0,1.2666666666666662,0.44117647058823545,0.4054054054054053,0.01557632398753894,0.2830188679245283,0.2835046349506625,0.5135135135135133
graph_071_mu_0_3_node_13,25,0.18333333333333332,0.0004796431197161847,0.3908450704225352,2.5585585585585586,0.012095110863542601,15.0,10.0,1.5,0.4000000000000001,0.20000000000000004,0.01052631578947369,0.25,0.25032381322453207,0.2999999999999999
graph_071_mu_0_3_node_14,31,0.17419354838709677,0.0008687284966868568,0.41128036228900783,2.4314314314314314,0.012406358315676788,20.0,11.0,1.8181818181818175,0.3548387096774193,0.20000000000000004,0.011640211640211645,0.21568627450980402,0.21604257289350487,0.36363636363636365
graph_071_mu_0_3_node_15,38,0.06827880512091039,0.0017272468173369728,0.41607663473552686,2.4034034034034035,0.01355029114449645,21.0,17.0,1.2352941176470587,0.4473684210526317,0.27868852459016397,0.018104366347177846,0.28813559322033905,0.2886861648432299,0.3442622950819674
graph_071_mu_0_3_node_16,43,0.10609756097560975,0.001479065446059004,0.4514234071396295,2.215215215215215,0.026674569233951107,27.0,16.0,1.6875,0.37209302325581384,0.10810810810810813,0.018779342723004692,0.22857142857142862,0.22908983188920973,0.17567567567567574
graph_071_mu_0_3_node_17,29,0.15517241379310345,0.0009265438223189572,0.4134933774834437,2.4184184184184185,0.012421616005864182,14.0,15.0,0.9333333333333335,0.5172413793103449,0.5555555555555556,0.015416238437821167,0.34883720930232553,0.3493228190663193,0.5185185185185184
graph_071_mu_0_3_node_18,21,0.06190476190476191,0.0005457809369027458,0.39564356435643566,2.5275275275275275,0.011748618736850812,6.0,15.0,0.4000000000000001,0.7142857142857141,0.6521739130434784,0.015353121801432952,0.5555555555555556,0.5560409139118088,0.2173913043478261
graph_071_mu_0_3_node_19,18,0.11666666666666667,0.00025571107750722974,0.38071646341463417,2.6266266266266265,0.008387178469053092,10.0,8.0,1.25,0.4444444444444446,0.25806451612903214,0.00825593395252838,0.2857142857142856,0.2859732692040883,0.29032258064516125
graph_071_mu_0_3_node_20,50,0.14893617021276595,0.0024926076477672517,0.43190661478599224,2.315315315315315,0.015855176422899655,32.0,18.0,1.7777777777777783,0.36,0.36,0.018947368421052636,0.21951219512195133,0.22009555006102305,0.62
graph_071_mu_0_3_node_21,14,0.07692307692307693,0.00023753732942157884,0.4057676685621446,2.4644644644644647,0.013041583214429425,2.0,12.0,0.16666666666666663,0.8571428571428571,0.6666666666666665,0.012219959266802444,0.75,0.7503882238757685,0.11111111111111115
graph_071_mu_0_3_node_22,24,0.19202898550724637,0.0005571194912036191,0.4183417085427136,2.3903903903903903,0.015973443475368568,13.0,11.0,1.1818181818181819,0.4583333333333332,0.25,0.011506276150627614,0.29729729729729737,0.297653434183366,0.29545454545454547
graph_071_mu_0_3_node_23,25,0.17666666666666667,0.0006711233582105458,0.41332230037236245,2.4194194194194196,0.014090463666744787,16.0,9.0,1.7777777777777783,0.36,0.06081081081081082,0.010563380281690137,0.21951219512195133,0.2198036553376318,0.10135135135135133
graph_071_mu_0_3_node_24,26,0.1076923076923077,0.001031843176895004,0.42601279317697227,2.3473473473473474,0.012159209073912205,9.0,17.0,0.5294117647058824,0.6538461538461539,0.6296296296296297,0.017471736896197326,0.4857142857142857,0.4862644297225704,0.33333333333333326
graph_071_mu_0_3_node_25,23,0.1976284584980237,0.0005165366753346378,0.40379951495553756,2.4764764764764764,0.011465880471641621,11.0,12.0,0.9166666666666664,0.5217391304347825,0.2727272727272726,0.012552301255230129,0.3529411764705881,0.35332962655475253,0.25
graph_071_mu_0_3_node_26,22,0.19047619047619047,0.0004729186373382897,0.40758873929008566,2.4534534534534536,0.015586728448002863,11.0,11.0,1.0,0.5,0.4074074074074074,0.011305241521068855,0.33333333333333326,0.33368942410410796,0.4074074074074074
graph_071_mu_0_3_node_27,25,0.10333333333333333,0.0009320564460596138,0.39880239520958083,2.5075075075075075,0.008645801867029502,14.0,11.0,1.272727272727273,0.4400000000000001,0.3548387096774193,0.011351909184726523,0.282051282051282,0.28240744199947704,0.4516129032258062
graph_071_mu_0_3_node_28,29,0.1452991452991453,0.0009490059694257854,0.42402376910016976,2.3583583583583585,0.014145883719078,17.0,12.0,1.4166666666666667,0.41379310344827586,0.08108108108108113,0.014084507042253523,0.26086956521739124,0.26125816625366083,0.10810810810810813
graph_071_mu_0_3_node_29,19,0.10526315789473684,0.0005793475668630972,0.40120481927710844,2.4924924924924925,0.01580098932864934,5.0,14.0,0.35714285714285704,0.7368421052631577,0.6666666666666665,0.014300306435137904,0.5833333333333334,0.5837863198084516,0.2380952380952381
graph_071_mu_0_3_node_30,27,0.14,0.0007701872518968661,0.4028225806451613,2.4824824824824825,0.012706133178360543,15.0,12.0,1.25,0.4444444444444446,0.34285714285714275,0.012435233160621758,0.2857142857142856,0.28610283642015294,0.4000000000000001
graph_071_mu_0_3_node_31,15,0.11428571428571428,0.00033535874611619553,0.398961661341853,2.5065065065065064,0.007937113286403967,3.0,12.0,0.25,0.8000000000000002,0.3243243243243245,0.012461059190031152,0.6666666666666665,0.6670549156636902,0.08108108108108113
graph_071_mu_0_3_node_32,32,0.15862068965517243,0.0011565188929915703,0.4052738336713996,2.4674674674674675,0.010108499765109484,16.0,16.0,1.0,0.5,0.8000000000000002,0.016326530612244903,0.33333333333333326,0.3338513673940727,0.75
graph_071_mu_0_3_node_33,28,0.09523809523809523,0.0008678826185018687,0.4227676682183665,2.3653653653653652,0.016091061767841496,17.0,11.0,1.5454545454545454,0.39285714285714296,0.09734513274336283,0.012401352874859077,0.24444444444444444,0.24480067359694282,0.15044247787610618
graph_071_mu_0_3_node_34,195,0.06843696027633851,0.03305546783005167,0.5479978058145913,1.8248248248248249,0.09144041937196926,134.0,61.0,2.196721311475411,0.3128205128205127,0.41216216216216217,0.07159624413145539,0.1854103343465045,0.1873976286941182,0.898648648648649
graph_071_mu_0_3_node_35,59,0.13909994155464642,0.002966511788219983,0.4588883785025264,2.179179179179179,0.028413268144379316,40.0,19.0,2.1052631578947367,0.3220338983050847,0.17431192660550462,0.021324354657687998,0.1919191919191919,0.19253525495216747,0.36697247706422015
graph_071_mu_0_3_node_36,30,0.20229885057471264,0.0008591455915650247,0.3981666002391391,2.5115115115115114,0.009925340098347892,20.0,10.0,2.0,0.33333333333333326,0.20000000000000004,0.01052631578947369,0.20000000000000004,0.20032391811350084,0.4000000000000001
graph_071_mu_0_3_node_37,18,0.14166666666666666,0.0005121262899857174,0.4100985221674877,2.4384384384384385,0.017055616125380486,8.0,10.0,0.8000000000000002,0.5555555555555556,0.4761904761904762,0.010214504596527068,0.38461538461538475,0.3849390511094291,0.33333333333333326
graph_071_mu_0_3_node_38,24,0.10144927536231885,0.0009388382554153797,0.41469489414694893,2.4114114114114114,0.014959658360931305,12.0,12.0,1.0,0.5,0.3870967741935483,0.012383900928792572,0.33333333333333326,0.3337218085680371,0.3548387096774193
graph_071_mu_0_3_node_39,22,0.2578947368421053,0.00038479049472090604,0.37712344280860705,2.6516516516516515,0.005933513281962727,15.0,7.0,2.142857142857143,0.31818181818181823,0.2592592592592592,0.0071942446043165445,0.1891891891891892,0.18941588046805183,0.5185185185185184
graph_071_mu_0_3_node_40,31,0.13333333333333333,0.0009865662698963881,0.43510452961672474,2.2982982982982985,0.02030542257183612,17.0,14.0,1.2142857142857142,0.4516129032258062,0.12844036697247713,0.01571268237934905,0.2916666666666667,0.29212000518101167,0.15596330275229356
graph_071_mu_0_3_node_41,22,0.07792207792207792,0.000689524884166377,0.404126213592233,2.4744744744744747,0.010607547809268687,9.0,13.0,0.6923076923076923,0.5909090909090909,0.4814814814814816,0.01336073997944501,0.4193548387096773,0.4197755915335763,0.33333333333333326
graph_071_mu_0_3_node_42,22,0.14736842105263157,0.0004835567385031431,0.41298057048367093,2.4214214214214214,0.011672620787207056,12.0,10.0,1.1999999999999995,0.45454545454545436,0.08849557522123892,0.01127395715896279,0.29411764705882354,0.29444139738257386,0.09734513274336283
graph_071_mu_0_3_node_43,20,0.1631578947368421,0.0007353245948211999,0.4171189979123173,2.3973973973973974,0.01024445480981625,10.0,10.0,1.0,0.5,0.5555555555555556,0.010183299389002034,0.33333333333333326,0.3336570417368036,0.5555555555555556
graph_071_mu_0_3_node_44,19,0.1111111111111111,0.0005612104731151604,0.40842191332788225,2.4484484484484486,0.011524861986501708,7.0,12.0,0.5833333333333334,0.6315789473684211,0.34285714285714275,0.012435233160621758,0.4615384615384616,0.4619268110530248,0.20000000000000004
graph_071_mu_0_3_node_45,26,0.11594202898550725,0.0007623791623169836,0.40428976123027116,2.4734734734734736,0.01426483285191841,13.0,13.0,1.0,0.5,0.29545454545454547,0.013598326359832632,0.33333333333333326,0.3337541951287945,0.2727272727272726
graph_071_mu_0_3_node_46,21,0.10476190476190476,0.0006931561718930473,0.413151364764268,2.4204204204204203,0.01705541902272535,6.0,15.0,0.4000000000000001,0.7142857142857141,0.7142857142857141,0.0153217568947906,0.5555555555555556,0.5560409139118088,0.2857142857142856
graph_071_mu_0_3_node_47,24,0.14855072463768115,0.0005452298816703818,0.4128099173553719,2.4224224224224224,0.015280871495707261,10.0,14.0,0.7142857142857141,0.5833333333333334,0.5185185185185184,0.014388489208633089,0.41176470588235303,0.4122178389740154,0.37037037037037035
graph_071_mu_0_3_node_48,16,0.075,0.0004888305772875761,0.41366459627329194,2.4174174174174174,0.010155153387262023,6.0,10.0,0.5999999999999998,0.625,0.3225806451612903,0.010319917440660475,0.45454545454545436,0.45486907914092367,0.16129032258064516
graph_071_mu_0_3_node_49,23,0.06719367588932806,0.00081673843767104,0.4109419991772933,2.4334334334334335,0.008326596647117086,9.0,14.0,0.6428571428571429,0.608695652173913,0.22950819672131137,0.014909478168264108,0.4375,0.43795310376076124,0.1311475409836065
graph_071_mu_0_3_node_50,25,0.15666666666666668,0.0006528998643468435,0.421875,2.3703703703703702,0.012648955609364326,12.0,13.0,0.9230769230769232,0.5199999999999998,0.2599999999999999,0.013684210526315792,0.3513513513513515,0.3517721858986305,0.2400000000000001
graph_071_mu_0_3_node_51,33,0.06818181818181818,0.0013116785197526731,0.41659716430358634,2.4004004004004003,0.013166915745491092,19.0,14.0,1.3571428571428577,0.42424242424242414,0.12389380530973448,0.015783540022547917,0.2692307692307692,0.2696841664715231,0.15929203539823003
graph_071_mu_0_3_node_52,16,0.075,0.0003516922993901311,0.4167709637046308,2.3993993993993996,0.012009816398847857,3.0,13.0,0.2307692307692308,0.8125,0.21311475409836064,0.013844515441959528,0.6842105263157895,0.6846311157881112,0.04918032786885247
graph_071_mu_0_3_node_53,26,0.12681159420289856,0.0005879570418203977,0.39315230224321135,2.5435435435435436,0.010436493689741196,15.0,11.0,1.3636363636363635,0.4230769230769231,0.29729729729729737,0.011422637590861894,0.26829268292682934,0.26864886594013765,0.3783783783783784
graph_071_mu_0_3_node_54,26,0.13768115942028986,0.0010004604597623659,0.42912371134020616,2.33033033033033,0.012457360175765996,13.0,13.0,1.0,0.5,0.722222222222222,0.013238289205702643,0.33333333333333326,0.3337541951287945,0.6666666666666665
graph_071_mu_0_3_node_55,33,0.11174242424242424,0.001164291762640334,0.4079216006533279,2.4514514514514514,0.012003969728022775,24.0,9.0,2.666666666666666,0.2727272727272726,0.07964601769911502,0.010146561443066518,0.15789473684210528,0.15818634815662422,0.21238938053097337
graph_071_mu_0_3_node_56,23,0.13043478260869565,0.0005726327676581101,0.38467462456680784,2.5995995995995997,0.007438735551733049,13.0,10.0,1.3000000000000005,0.4347826086956522,0.2857142857142856,0.010362694300518137,0.2777777777777778,0.27810154906574,0.37142857142857155
graph_071_mu_0_3_node_57,20,0.11578947368421053,0.0005384540296805602,0.41957160856782866,2.3833833833833835,0.010319949392904515,9.0,11.0,0.8181818181818182,0.5499999999999999,0.07432432432432434,0.012910798122065727,0.3793103448275863,0.3796663894950081,0.054054054054054064
graph_071_mu_0_3_node_58,25,0.17,0.0007786646022649051,0.4157303370786517,2.4054054054054053,0.013377672382833368,15.0,10.0,1.5,0.4000000000000001,0.18181818181818182,0.010582010582010583,0.25,0.25032381322453207,0.2727272727272726
graph_071_mu_0_3_node_59,28,0.1111111111111111,0.0007336330310413913,0.42080876158382474,2.3763763763763763,0.015902947770363145,16.0,12.0,1.333333333333333,0.42857142857142855,0.08108108108108113,0.014084507042253523,0.2727272727272726,0.2731158485967113,0.10810810810810813
graph_071_mu_0_3_node_60,32,0.17137096774193547,0.0009541525243042512,0.41555740432612315,2.4064064064064064,0.012105146562174996,21.0,11.0,1.9090909090909096,0.34375,0.20000000000000004,0.011640211640211645,0.20754716981132082,0.2079034912780694,0.38181818181818183
graph_071_mu_0_3_node_61,17,0.007352941176470588,0.0004079744057280267,0.38261202604366146,2.6136136136136137,0.007058185734034072,4.0,13.0,0.3076923076923076,0.7647058823529413,0.4193548387096773,0.013415892672858616,0.6190476190476188,0.6194682357363951,0.0
graph_071_mu_0_3_node_62,45,0.06976744186046512,0.0021422218810951492,0.43434782608695655,2.3023023023023024,0.015767697698031716,30.0,15.0,2.0,0.33333333333333326,0.13274336283185842,0.016910935738444186,0.20000000000000004,0.20048611336163588,0.25663716814159293
graph_071_mu_0_3_node_63,33,0.14015151515151514,0.0013173015183522842,0.4274711168164313,2.339339339339339,0.013617984064870277,16.0,17.0,0.9411764705882354,0.5151515151515154,0.38636363636363635,0.01778242677824268,0.34693877551020413,0.3474891688795828,0.36363636363636365
graph_071_mu_0_3_node_64,21,0.10476190476190476,0.0005890724875998067,0.42619453924914674,2.3463463463463463,0.014314478823634532,9.0,12.0,0.75,0.5714285714285712,0.10619469026548668,0.013528748590755358,0.4000000000000001,0.40038839979285346,0.07964601769911502
graph_071_mu_0_3_node_65,29,0.11822660098522167,0.0008570977694992699,0.3953304313415117,2.5295295295295297,0.009197235241985841,17.0,12.0,1.4166666666666667,0.41379310344827586,0.21818181818181825,0.012698412698412704,0.26086956521739124,0.26125816625366083,0.309090909090909
graph_071_mu_0_3_node_66,27,0.07977207977207977,0.0010615430083298113,0.40775510204081633,2.4524524524524525,0.010289199271514872,11.0,16.0,0.6875,0.5925925925925926,0.262295081967213,0.017039403620873275,0.4210526315789473,0.4215704979694186,0.180327868852459
graph_071_mu_0_3_node_67,26,0.12923076923076923,0.0007174677927946466,0.4016887816646562,2.4894894894894897,0.010935722452819477,14.0,12.0,1.1666666666666667,0.4615384615384616,0.21818181818181825,0.012698412698412704,0.2999999999999999,0.30038852554555456,0.25454545454545446
graph_071_mu_0_3_node_68,16,0.075,0.00032568465390194374,0.38977760436987907,2.5655655655655654,0.008278951171332653,6.0,10.0,0.5999999999999998,0.625,0.16393442622950824,0.010649627263045794,0.45454545454545436,0.45486907914092367,0.09836065573770494
graph_071_mu_0_3_node_69,23,0.09090909090909091,0.0007422953344313267,0.4278372591006424,2.3373373373373374,0.013267767535061207,7.0,16.0,0.4375,0.6956521739130432,0.45714285714285724,0.01658031088082901,0.5333333333333332,0.5338510656657175,0.20000000000000004
graph_071_mu_0_3_node_70,52,0.09959183673469388,0.003083330651313339,0.46857410881801126,2.134134134134134,0.0304893119978171,29.0,23.0,1.2608695652173911,0.4423076923076925,0.15540540540540543,0.026995305164319246,0.2839506172839506,0.28469574962593397,0.1891891891891892
graph_071_mu_0_3_node_71,16,0.05,0.00044177189600868504,0.39501779359430605,2.5315315315315314,0.00978555959874729,3.0,13.0,0.2307692307692308,0.8125,0.6190476190476188,0.013278855975485193,0.6842105263157895,0.6846311157881112,0.1428571428571428
graph_071_mu_0_3_node_72,21,0.11695906432748537,0.00044999278436516003,0.38735944164404806,2.5815815815815815,0.010185046714409665,10.0,11.0,0.9090909090909087,0.5238095238095238,0.5,0.011247443762781187,0.3548387096774193,0.3551947773950254,0.4090909090909091
graph_071_mu_0_3_node_73,56,0.19155844155844157,0.0020680604418779687,0.4757142857142857,2.1021021021021022,0.06977151033376876,41.0,15.0,2.733333333333334,0.26785714285714285,0.09433962264150944,0.017835909631391204,0.1546391752577319,0.15512563544907296,0.2578616352201259
graph_071_mu_0_3_node_74,20,0.1,0.0005950719217211153,0.3801369863013699,2.630630630630631,0.0047957974308126235,9.0,11.0,0.8181818181818182,0.5499999999999999,0.3548387096774193,0.011351909184726523,0.3793103448275863,0.3796663894950081,0.29032258064516125
graph_071_mu_0_3_node_75,34,0.14260249554367202,0.001412785869558127,0.440864960282436,2.2682682682682684,0.01579915612268691,19.0,15.0,1.2666666666666662,0.44117647058823545,0.2727272727272726,0.015873015873015872,0.2830188679245283,0.2835046349506625,0.3454545454545456
graph_071_mu_0_3_node_76,30,0.1103448275862069,0.0009371258622244761,0.427105600684053,2.3413413413413413,0.015598735482834416,16.0,14.0,1.1428571428571423,0.46666666666666673,0.12389380530973448,0.015783540022547917,0.3043478260869565,0.3048011352438015,0.1415929203539823
graph_071_mu_0_3_node_77,28,0.1746031746031746,0.000730925746802491,0.40379951495553756,2.4764764764764764,0.011126875990298905,18.0,10.0,1.8000000000000005,0.35714285714285704,0.18181818181818182,0.010582010582010583,0.2173913043478261,0.21771518049758634,0.32727272727272727
graph_071_mu_0_3_node_78,19,0.10526315789473684,0.0005167421535960011,0.39928057553956836,2.5045045045045047,0.009411386216266944,7.0,12.0,0.5833333333333334,0.6315789473684211,0.5454545454545452,0.012269938650306752,0.4615384615384616,0.4619268110530248,0.31818181818181823
graph_071_mu_0_3_node_79,89,0.1590909090909091,0.005317341965498683,0.49676777722526105,2.013013013013013,0.10237996374809302,65.0,24.0,2.7083333333333335,0.2696629213483145,0.1509433962264151,0.02853745541022591,0.15584415584415587,0.15662347783402467,0.4088050314465408
graph_071_mu_0_3_node_80,14,0.10989010989010989,0.00025927192077574546,0.37528174305033807,2.664664664664665,0.004268340013545274,5.0,9.0,0.5555555555555556,0.6428571428571429,0.29032258064516125,0.009287925696594425,0.4736842105263158,0.47397546323658424,0.16129032258064516
graph_071_mu_0_3_node_81,31,0.12043010752688173,0.0012083124062993006,0.43567378979502835,2.295295295295295,0.016186822047507186,16.0,15.0,1.0666666666666664,0.4838709677419357,0.10135135135135133,0.017605633802816902,0.3191489361702127,0.3196346088268422,0.10810810810810813
graph_071_mu_0_3_node_82,24,0.14855072463768115,0.0006553400746239004,0.40976210008203445,2.4404404404404403,0.0119073380089371,11.0,13.0,0.8461538461538461,0.5416666666666667,0.2599999999999999,0.013684210526315792,0.37142857142857155,0.37184937873119667,0.22000000000000006
graph_071_mu_0_3_node_83,39,0.1700404858299595,0.0015371843000646563,0.44498886414253896,2.2472472472472473,0.025078563684262593,23.0,16.0,1.4375,0.4102564102564104,0.14678899082568808,0.01795735129068463,0.25806451612903214,0.2585827851106338,0.2110091743119266
graph_071_mu_0_3_node_84,33,0.15151515151515152,0.0013437113478405054,0.41555740432612315,2.4064064064064064,0.011344999956037346,18.0,15.0,1.1999999999999995,0.45454545454545436,0.4054054054054053,0.01557632398753894,0.29411764705882354,0.29460338262438157,0.48648648648648657
graph_071_mu_0_3_node_85,21,0.047619047619047616,0.0006298582336767189,0.3919183993723029,2.5515515515515514,0.008730431394641795,7.0,14.0,0.5,0.6666666666666665,0.4516129032258062,0.014447884416924663,0.5,0.5004530451103487,0.2258064516129031
graph_071_mu_0_3_node_86,20,0.08421052631578947,0.000453908150022722,0.4072564207093355,2.4554554554554553,0.01564542985602045,5.0,15.0,0.33333333333333326,0.75,0.4838709677419357,0.015479876160990717,0.5999999999999998,0.6004853269485879,0.16129032258064516
graph_071_mu_0_3_node_87,32,0.14112903225806453,0.0009820599973595547,0.42912371134020616,2.33033033033033,0.015600917206243995,19.0,13.0,1.461538461538461,0.40625,0.08783783783783787,0.015258215962441314,0.2549019607843137,0.2553229861429949,0.12837837837837832
graph_071_mu_0_3_node_88,14,0.06593406593406594,0.0004506051562533894,0.40775510204081633,2.4524524524524525,0.011588658618313123,3.0,11.0,0.2727272727272726,0.7857142857142859,0.4782608695652175,0.011258955987717504,0.6470588235294118,0.647414729958376,0.0434782608695652
graph_071_mu_0_3_node_89,25,0.1422924901185771,0.0007951217944169106,0.40396279822078446,2.4754754754754753,0.011724673371131618,14.0,11.0,1.272727272727273,0.4400000000000001,0.6111111111111108,0.011201629327902243,0.282051282051282,0.28240744199947704,0.722222222222222
graph_071_mu_0_3_node_90,24,0.11231884057971014,0.0006645504971331995,0.428204029147021,2.335335335335335,0.014531220044608528,13.0,11.0,1.1818181818181819,0.4583333333333332,0.07432432432432434,0.012910798122065727,0.29729729729729737,0.297653434183366,0.08783783783783787
graph_071_mu_0_3_node_91,20,0.22105263157894736,0.0003856903006721511,0.37955927051671734,2.6346346346346348,0.006073495970263805,13.0,7.0,1.8571428571428577,0.3499999999999999,0.12727272727272723,0.007407407407407406,0.21212121212121207,0.2123478740387719,0.2363636363636364
graph_071_mu_0_3_node_92,27,0.19666666666666666,0.0006888736823084877,0.3978494623655914,2.5135135135135136,0.009012161862102233,15.0,12.0,1.25,0.4444444444444446,0.5999999999999998,0.012244897959183675,0.2857142857142856,0.28610283642015294,0.6999999999999998
graph_071_mu_0_3_node_93,27,0.15384615384615385,0.0010918472336769694,0.4397007042253521,2.274274274274274,0.025276093296191716,10.0,17.0,0.5882352941176471,0.6296296296296297,0.6296296296296297,0.017471736896197326,0.4594594594594596,0.4600096390769226,0.37037037037037035
graph_071_mu_0_3_node_94,25,0.20666666666666667,0.0007315192064757593,0.4393139841688654,2.2762762762762763,0.020181550885395534,11.0,14.0,0.7857142857142859,0.5600000000000003,0.31818181818181823,0.01464435146443515,0.388888888888889,0.38934205131524996,0.25
graph_071_mu_0_3_node_95,20,0.08421052631578947,0.0004523657388657681,0.408255006129955,2.4494494494494496,0.016810108685320724,5.0,15.0,0.33333333333333326,0.75,0.6818181818181818,0.015337423312883432,0.5999999999999998,0.6004853269485879,0.22727272727272718
graph_071_mu_0_3_node_96,46,0.2289855072463768,0.0015684072492896301,0.46121883656509693,2.1681681681681684,0.061890094690705194,32.0,14.0,2.2857142857142847,0.3043478260869565,0.0880503144654088,0.01664684898929846,0.1794871794871794,0.17994095882077218,0.2012578616352201
graph_071_mu_0_3_node_97,59,0.15476190476190477,0.003253080420939723,0.451627486437613,2.214214214214214,0.02223842548201665,37.0,22.0,1.6818181818181825,0.37288135593220334,0.4400000000000001,0.023157894736842103,0.2291666666666666,0.22987979470556447,0.72
graph_071_mu_0_3_node_98,21,0.11428571428571428,0.0006319028187369453,0.42986230636833045,2.3263263263263263,0.014582920024990884,10.0,11.0,0.9090909090909087,0.5238095238095238,0.09734513274336283,0.012401352874859077,0.3548387096774193,0.3551947773950254,0.08849557522123892
graph_071_mu_0_3_node_99,14,0.06593406593406594,0.0002910976546858114,0.4013660104459622,2.4914914914914914,0.01095370349063369,5.0,9.0,0.5555555555555556,0.6428571428571429,0.07964601769911502,0.010146561443066518,0.4736842105263158,0.47397546323658424,0.017699115044247787
graph_071_mu_0_3_node_100,41,0.24634146341463414,0.0013233093325158759,0.4666043904717422,2.1431431431431434,0.059309111578681024,28.0,13.0,2.1538461538461537,0.3170731707317073,0.08176100628930817,0.015457788347205707,0.18840579710144925,0.18882706804347593,0.1761006289308176
graph_071_mu_0_3_node_101,38,0.1507823613086771,0.00156943249152823,0.43397046046915727,2.304304304304304,0.02008769889730862,19.0,19.0,1.0,0.5,0.7037037037037039,0.01952723535457348,0.33333333333333326,0.33394855853813865,0.7037037037037039
graph_071_mu_0_3_node_102,26,0.18769230769230769,0.0007297115546283542,0.3940828402366864,2.5375375375375375,0.009872931540602098,13.0,13.0,1.0,0.5,0.6500000000000002,0.013265306122448974,0.33333333333333326,0.3337541951287945,0.6500000000000002
graph_071_mu_0_3_node_103,17,0.11029411764705882,0.00035693190253507034,0.38071646341463417,2.6266266266266265,0.008966156365129815,8.0,9.0,0.8888888888888892,0.5294117647058824,0.33333333333333326,0.009249743062692701,0.36,0.36029130927334513,0.2962962962962963
graph_071_mu_0_3_node_104,20,0.14210526315789473,0.00042598305880501945,0.4015273311897106,2.4904904904904903,0.013484707129166806,11.0,9.0,1.2222222222222217,0.4500000000000001,0.14754098360655735,0.009584664536741214,0.29032258064516125,0.2906139465035575,0.180327868852459
graph_071_mu_0_3_node_105,26,0.14461538461538462,0.0006326433464666233,0.39705882352941174,2.5185185185185186,0.010783027001136465,15.0,11.0,1.3636363636363635,0.4230769230769231,0.20000000000000004,0.011640211640211645,0.26829268292682934,0.26864886594013765,0.2727272727272726
graph_071_mu_0_3_node_106,156,0.10542398777692895,0.015634920555912642,0.5328,1.8768768768768769,0.15556783556551657,106.0,50.0,2.120000000000001,0.32051282051282054,0.31446540880503154,0.05945303210463735,0.19083969465648865,0.1924662398744456,0.6603773584905659
graph_071_mu_0_3_node_107,25,0.11666666666666667,0.000677914959451837,0.3996,2.5025025025025025,0.011173749010012689,13.0,12.0,1.0833333333333335,0.4800000000000002,0.11009174311926606,0.013468013468013464,0.31578947368421056,0.316177974072711,0.11926605504587152
graph_071_mu_0_3_node_108,26,0.18769230769230769,0.0008368590977504444,0.40314769975786924,2.4804804804804803,0.010738508290464256,17.0,9.0,1.8888888888888888,0.34615384615384615,0.2571428571428571,0.00932642487046632,0.2093023255813953,0.20959380467586702,0.4857142857142857
graph_071_mu_0_3_node_109,36,0.15873015873015872,0.0015385786832457287,0.4434087882822903,2.255255255255255,0.020252243805998237,19.0,17.0,1.1176470588235292,0.4722222222222222,0.3399999999999999,0.017894736842105265,0.309090909090909,0.3096414093985417,0.37999999999999995
graph_071_mu_0_3_node_110,38,0.12233285917496443,0.001837776320525756,0.4238438693254137,2.359359359359359,0.014061177208545966,22.0,16.0,1.375,0.4210526315789473,0.45714285714285724,0.01658031088082901,0.2666666666666666,0.26718490207510104,0.6285714285714284
graph_071_mu_0_3_node_111,21,0.17543859649122806,0.000642558531286107,0.4016887816646562,2.4894894894894897,0.008541664193260072,10.0,11.0,0.9090909090909087,0.5238095238095238,0.6111111111111108,0.011201629327902243,0.3548387096774193,0.3551947773950254,0.5
graph_071_mu_0_3_node_112,17,0.09558823529411764,0.0004029336748801841,0.37612951807228917,2.6586586586586587,0.005031744316570682,7.0,10.0,0.6999999999999998,0.5882352941176471,0.45454545454545436,0.010224948875255628,0.41666666666666674,0.4169903122100677,0.31818181818181823
graph_071_mu_0_3_node_113,42,0.10220673635307782,0.0020477295090614574,0.4475806451612903,2.234234234234234,0.020124213564199578,24.0,18.0,1.333333333333333,0.42857142857142855,0.15929203539823003,0.020293122886133035,0.2727272727272726,0.2733103253315744,0.21238938053097337
graph_071_mu_0_3_node_114,48,0.21631205673758866,0.0014482832979339844,0.4661689220718619,2.145145145145145,0.06300117590202502,34.0,14.0,2.4285714285714284,0.2916666666666667,0.0880503144654088,0.01664684898929846,0.17073170731707318,0.17118554549134712,0.21383647798742134
graph_071_mu_0_3_node_115,17,0.051470588235294115,0.0003270265799485369,0.3929976396538159,2.5445445445445447,0.01209057240432595,5.0,12.0,0.41666666666666674,0.7058823529411762,0.1967213114754099,0.012779552715654952,0.5454545454545452,0.5458428447038334,0.06557377049180325
graph_071_mu_0_3_node_116,19,0.17543859649122806,0.0003788474774517769,0.4024979854955681,2.4844844844844847,0.010926526588933073,11.0,8.0,1.375,0.4210526315789473,0.054054054054054064,0.009389671361502346,0.2666666666666666,0.2669256669256669,0.07432432432432434
graph_071_mu_0_3_node_117,16,0.10833333333333334,0.0004235039163850382,0.3920722135007849,2.5505505505505504,0.0056616881433358525,7.0,9.0,0.777777777777778,0.5625,0.33333333333333326,0.009249743062692701,0.3913043478260869,0.3915956382426324,0.2592592592592592
graph_071_mu_0_3_node_118,20,0.15789473684210525,0.0005372460761585461,0.4157303370786517,2.4054054054054053,0.009861871794131073,9.0,11.0,0.8181818181818182,0.5499999999999999,0.4074074074074074,0.011305241521068855,0.3793103448275863,0.3796663894950081,0.33333333333333326
graph_071_mu_0_3_node_119,31,0.13333333333333333,0.0010051717404110435,0.42564976565828716,2.349349349349349,0.014107716128913386,20.0,11.0,1.8181818181818175,0.3548387096774193,0.09734513274336283,0.012401352874859077,0.21568627450980402,0.21604257289350487,0.17699115044247785
graph_071_mu_0_3_node_120,20,0.08947368421052632,0.0005285015475587268,0.399919935948759,2.5005005005005003,0.007461124290736543,10.0,10.0,1.0,0.5,0.08849557522123892,0.01127395715896279,0.33333333333333326,0.3336570417368036,0.06194690265486724
graph_071_mu_0_3_node_121,32,0.15120967741935484,0.0009050282135744868,0.44380275433140826,2.2532532532532534,0.021166719181730766,18.0,14.0,1.2857142857142858,0.4375,0.0945945945945946,0.01643192488262912,0.28000000000000014,0.2804533678756477,0.12162162162162164
graph_071_mu_0_3_node_122,30,0.2045977011494253,0.000852181923685335,0.4148671096345515,2.4104104104104103,0.013794817786716875,20.0,10.0,2.0,0.33333333333333326,0.09174311926605504,0.011223344556677893,0.20000000000000004,0.20032391811350084,0.18348623853211007
graph_071_mu_0_3_node_123,18,0.058333333333333334,0.0003553896122300038,0.38349328214971207,2.6076076076076076,0.006303752425823049,7.0,11.0,0.6363636363636365,0.6111111111111108,0.3548387096774193,0.011351909184726523,0.4400000000000001,0.4403559985760058,0.19354838709677416
graph_071_mu_0_3_node_124,35,0.14789915966386555,0.0012208477804185125,0.42241014799154336,2.3673673673673674,0.015989583437451774,19.0,16.0,1.1875,0.45714285714285724,0.4324324324324325,0.0166147455867082,0.2962962962962963,0.29681443101132216,0.5135135135135133
graph_071_mu_0_3_node_125,23,0.10476190476190476,0.0007516082733123014,0.40120481927710844,2.4924924924924925,0.008825801035658143,10.0,13.0,0.7692307692307695,0.5652173913043478,0.6190476190476188,0.013278855975485193,0.39393939393939387,0.39436017400089257,0.42857142857142855
graph_071_mu_0_3_node_126,31,0.13978494623655913,0.0010716356613641015,0.40675895765472314,2.4584584584584586,0.010130136869267553,19.0,12.0,1.583333333333333,0.3870967741935483,0.21818181818181825,0.012698412698412704,0.2400000000000001,0.24038865137971233,0.3454545454545456
graph_071_mu_0_3_node_127,31,0.14193548387096774,0.0012772367784398757,0.4473802060008957,2.235235235235235,0.02101107536433542,16.0,15.0,1.0666666666666664,0.4838709677419357,0.10135135135135133,0.017605633802816902,0.3191489361702127,0.3196346088268422,0.10810810810810813
graph_071_mu_0_3_node_128,16,0.09166666666666666,0.0003984162532960971,0.38129770992366413,2.6226226226226226,0.004773233385831335,6.0,10.0,0.5999999999999998,0.625,0.2857142857142856,0.010362694300518137,0.45454545454545436,0.45486907914092367,0.17142857142857137
graph_071_mu_0_3_node_129,21,0.08095238095238096,0.0005352738966761775,0.4018503620273532,2.4884884884884886,0.010547295161195142,8.0,13.0,0.6153846153846152,0.6190476190476188,0.37142857142857155,0.013471502590673581,0.44827586206896536,0.4486965876587902,0.22857142857142862
graph_071_mu_0_3_node_130,44,0.22832980972515857,0.0015493049194627935,0.4593103448275862,2.1771771771771773,0.05943318072711252,29.0,15.0,1.9333333333333336,0.3409090909090909,0.09433962264150944,0.017835909631391204,0.20547945205479448,0.20596553391097905,0.1823899371069183
graph_071_mu_0_3_node_131,28,0.10052910052910052,0.0012691046426427817,0.4307891332470893,2.3213213213213213,0.017183571448402254,11.0,17.0,0.6470588235294118,0.6071428571428571,0.7727272727272727,0.017382413087934562,0.43589743589743607,0.4364476511286881,0.5
graph_071_mu_0_3_node_132,24,0.17028985507246377,0.0006949318265771133,0.42893945899527697,2.3313313313313313,0.014346084273509791,13.0,11.0,1.1818181818181819,0.4583333333333332,0.22000000000000006,0.011578947368421052,0.29729729729729737,0.297653434183366,0.2599999999999999
graph_071_mu_0_3_node_133,20,0.15789473684210525,0.0004403494851230465,0.4128099173553719,2.4224224224224224,0.013865326952049964,12.0,8.0,1.5,0.4000000000000001,0.054054054054054064,0.009389671361502346,0.25,0.25025901703036973,0.08108108108108113
graph_071_mu_0_3_node_134,29,0.14285714285714285,0.0011874567439348765,0.4443950177935943,2.25025025025025,0.02035052853799979,15.0,14.0,1.0714285714285714,0.482758620689655,0.0945945945945946,0.01643192488262912,0.31818181818181823,0.31863509798496537,0.10135135135135133
graph_071_mu_0_3_node_135,15,0.10476190476190476,0.00031688429091443525,0.36700955180014694,2.724724724724725,0.003612664978387826,8.0,7.0,1.1428571428571423,0.46666666666666673,0.2592592592592592,0.0071942446043165445,0.3043478260869565,0.30457441463452384,0.2962962962962963
graph_071_mu_0_3_node_136,22,0.12121212121212122,0.000679436164205396,0.415211970074813,2.4084084084084085,0.015607816301580665,9.0,13.0,0.6923076923076923,0.5909090909090909,0.3513513513513515,0.013499480789200408,0.4193548387096773,0.4197755915335763,0.24324324324324328
graph_071_mu_0_3_node_137,29,0.12807881773399016,0.0008651673905925063,0.4150394682176984,2.4094094094094096,0.013070909125186107,16.0,13.0,1.2307692307692304,0.44827586206896536,0.11926605504587152,0.014590347923681253,0.2888888888888888,0.2893098324500714,0.14678899082568808
graph_071_mu_0_3_node_138,37,0.13445378151260504,0.0016090286667046992,0.4347258485639687,2.3003003003003,0.015835582645898245,20.0,17.0,1.1764705882352942,0.4594594594594596,0.3399999999999999,0.017894736842105265,0.29824561403508765,0.29879614999803994,0.37999999999999995
graph_071_mu_0_3_node_139,18,0.06535947712418301,0.0006065820963165772,0.388715953307393,2.5725725725725725,0.0062653225273459475,4.0,14.0,0.2857142857142856,0.777777777777778,0.12389380530973448,0.015783540022547917,0.6363636363636365,0.6368165935268306,0.017699115044247787
graph_071_mu_0_3_node_140,27,0.09666666666666666,0.000711228201395814,0.42619453924914674,2.3463463463463463,0.015546047688837326,12.0,15.0,0.8000000000000002,0.5555555555555556,0.24590163934426232,0.015974440894568682,0.38461538461538475,0.385100931503029,0.180327868852459
graph_071_mu_0_3_node_141,53,0.21843251088534107,0.0017525074770193966,0.46769662921348315,2.1381381381381384,0.06954796113510923,39.0,14.0,2.7857142857142847,0.2641509433962264,0.0880503144654088,0.01664684898929846,0.15217391304347824,0.15262789838623722,0.24528301886792456
graph_071_mu_0_3_node_142,22,0.07792207792207792,0.000629311478004387,0.3903868698710434,2.5615615615615615,0.008449518843181108,10.0,12.0,0.8333333333333335,0.5454545454545452,0.4444444444444446,0.012332990750256935,0.375,0.375388424936881,0.37037037037037035
graph_071_mu_0_3_node_143,30,0.31724137931034485,0.0007172299126257707,0.4459821428571429,2.2422422422422423,0.05051512322885817,21.0,9.0,2.3333333333333335,0.2999999999999999,0.056603773584905655,0.010701545778834724,0.17647058823529405,0.176762142869393,0.1320754716981132
graph_071_mu_0_3_node_144,21,0.1,0.0005345379632971133,0.41625,2.4024024024024024,0.012740195618979476,10.0,11.0,0.9090909090909087,0.5238095238095238,0.180327868852459,0.011714589989350375,0.3548387096774193,0.3551947773950254,0.16393442622950824
graph_071_mu_0_3_node_145,24,0.06159420289855073,0.0008717911654197209,0.4211635750421585,2.374374374374374,0.01352758918421387,8.0,16.0,0.5,0.6666666666666665,0.5925925925925926,0.01644398766700925,0.5,0.5005177658403986,0.2962962962962963
graph_071_mu_0_3_node_146,36,0.1380952380952381,0.0012942339005591395,0.44818304172274565,2.2312312312312312,0.022135871140833596,25.0,11.0,2.272727272727273,0.3055555555555554,0.07432432432432434,0.012910798122065727,0.180327868852459,0.1806842826813156,0.16891891891891891
graph_071_mu_0_3_node_147,19,0.0935672514619883,0.0004246887600913059,0.4276541095890411,2.3383383383383385,0.014382121199882771,7.0,12.0,0.5833333333333334,0.6315789473684211,0.10619469026548668,0.013528748590755358,0.4615384615384616,0.4619268110530248,0.06194690265486724
graph_071_mu_0_3_node_148,31,0.1978494623655914,0.0008814353027877514,0.4426229508196721,2.259259259259259,0.01931012680971331,18.0,13.0,1.3846153846153846,0.4193548387096773,0.11926605504587152,0.014590347923681253,0.2653061224489796,0.2657271205382959,0.165137614678899
graph_071_mu_0_3_node_149,25,0.09666666666666666,0.0009330486027143433,0.41332230037236245,2.4194194194194196,0.014611567027104718,10.0,15.0,0.6666666666666665,0.5999999999999998,0.5555555555555556,0.015416238437821167,0.42857142857142855,0.4290569125990039,0.37037037037037035
graph_071_mu_0_3_node_150,29,0.18226600985221675,0.0007741025446734778,0.42728828058169377,2.34034034034034,0.01624706894374963,22.0,7.0,3.1428571428571437,0.2413793103448275,0.0472972972972973,0.00821596244131456,0.13725490196078427,0.13748169606413763,0.14864864864864868
graph_071_mu_0_3_node_151,29,0.10098522167487685,0.0009955684205715397,0.4122988031366075,2.4254254254254253,0.012024964497318701,17.0,12.0,1.4166666666666667,0.41379310344827586,0.10619469026548668,0.013528748590755358,0.26086956521739124,0.26125816625366083,0.1415929203539823
graph_071_mu_0_3_node_152,51,0.12784313725490196,0.0033966534108418943,0.45574817518248173,2.194194194194194,0.01867973330647882,29.0,22.0,1.3181818181818181,0.43137254901960803,0.4400000000000001,0.023157894736842103,0.27499999999999997,0.2757127583749109,0.5799999999999998
graph_071_mu_0_3_node_153,21,0.16666666666666666,0.00044441400399597566,0.38158899923605805,2.6206206206206204,0.006365046650147981,14.0,7.0,2.0,0.33333333333333326,0.14000000000000007,0.007368421052631579,0.20000000000000004,0.2002266765972605,0.28000000000000014
graph_071_mu_0_3_node_154,22,0.14285714285714285,0.0005988951458788519,0.4013660104459622,2.4914914914914914,0.007603237560461375,12.0,10.0,1.1999999999999995,0.45454545454545436,0.18181818181818182,0.010582010582010583,0.29411764705882354,0.29444139738257386,0.21818181818181825
graph_071_mu_0_3_node_155,31,0.13548387096774195,0.0010286373060393451,0.4347258485639687,2.3003003003003,0.018916576839062796,18.0,13.0,1.3846153846153846,0.4193548387096773,0.11926605504587152,0.014590347923681253,0.2653061224489796,0.2657271205382959,0.165137614678899
graph_071_mu_0_3_node_156,16,0.1,0.00032757641699511996,0.392226148409894,2.5495495495495497,0.005808292244883613,8.0,8.0,1.0,0.5,0.22857142857142862,0.008290155440414506,0.33333333333333326,0.3335922832912539,0.22857142857142862
graph_071_mu_0_3_node_157,26,0.15692307692307692,0.0007421049126395802,0.4090909090909091,2.4444444444444446,0.010612486929466182,14.0,12.0,1.1666666666666667,0.4615384615384616,0.2400000000000001,0.012631578947368417,0.2999999999999999,0.30038852554555456,0.28000000000000014
graph_071_mu_0_3_node_158,17,0.13970588235294118,0.0003117959999294523,0.4128099173553719,2.4224224224224224,0.014864321189160713,5.0,12.0,0.41666666666666674,0.7058823529411762,0.10619469026548668,0.013528748590755358,0.5454545454545452,0.5458428447038334,0.04424778761061946
graph_071_mu_0_3_node_159,34,0.1310483870967742,0.0011615566900963616,0.39627132090440303,2.5235235235235236,0.009568899212897625,21.0,13.0,1.6153846153846159,0.3823529411764707,0.37142857142857155,0.013471502590673581,0.2363636363636364,0.23678471627164657,0.5714285714285712
graph_071_mu_0_3_node_160,30,0.12413793103448276,0.0010699747091595915,0.436054124836316,2.2932932932932935,0.018566424112197496,13.0,17.0,0.7647058823529413,0.5666666666666665,0.15596330275229356,0.019079685746352416,0.3953488372093022,0.395899123681966,0.11926605504587152
graph_071_mu_0_3_node_161,30,0.09655172413793103,0.0010044247730464017,0.4138359569179785,2.4164164164164164,0.012914958212156987,17.0,13.0,1.3076923076923077,0.43333333333333346,0.11504424778761059,0.014656144306651634,0.27659574468085113,0.2770167155043347,0.15044247787610618
graph_071_mu_0_3_node_162,18,0.058823529411764705,0.0003626747797906792,0.3920722135007849,2.5505505505505504,0.01214145825599541,5.0,13.0,0.38461538461538475,0.722222222222222,0.6190476190476188,0.013278855975485193,0.5652173913043478,0.5656380352131006,0.19047619047619055
graph_071_mu_0_3_node_163,32,0.30443548387096775,0.0005204250522885719,0.451831750339213,2.2132132132132134,0.05165715248292261,22.0,10.0,2.1999999999999997,0.3125,0.06289308176100629,0.011890606420927465,0.18518518518518517,0.18550914527330234,0.13836477987421383
graph_071_mu_0_3_node_164,23,0.2134387351778656,0.0005479444970888827,0.4007220216606498,2.4954954954954953,0.012348733799324541,16.0,7.0,2.2857142857142847,0.3043478260869565,0.06422018348623856,0.007856341189674525,0.1794871794871794,0.1797138854495463,0.14678899082568808
graph_071_mu_0_3_node_165,20,0.14736842105263157,0.0005173513448464272,0.4206315789473684,2.3773773773773774,0.012665340749046773,11.0,9.0,1.2222222222222217,0.4500000000000001,0.06081081081081082,0.010563380281690137,0.29032258064516125,0.2906139465035575,0.07432432432432434
graph_071_mu_0_3_node_166,25,0.13,0.0008149453611038779,0.3885647607934656,2.5735735735735736,0.009669340920154862,11.0,14.0,0.7857142857142859,0.5600000000000003,0.777777777777778,0.014256619144602854,0.388888888888889,0.38934205131524996,0.6111111111111108
graph_071_mu_0_3_node_167,22,0.07792207792207792,0.0006092811472910017,0.4167709637046308,2.3993993993993996,0.010086791267860093,9.0,13.0,0.6923076923076923,0.5909090909090909,0.11504424778761059,0.014656144306651634,0.4193548387096773,0.4197755915335763,0.07964601769911502
graph_071_mu_0_3_node_168,31,0.2817204301075269,0.0007052465504359022,0.4534725374489333,2.205205205205205,0.04919313814015588,20.0,11.0,1.8181818181818175,0.3548387096774193,0.06918238993710692,0.013079667063020215,0.21568627450980402,0.21604257289350487,0.12578616352201258
graph_071_mu_0_3_node_169,23,0.2845849802371542,0.0003631140746953305,0.40445344129554656,2.4724724724724725,0.014925890338419104,17.0,6.0,2.8333333333333335,0.26086956521739124,0.05504587155963303,0.006734006734006732,0.14999999999999994,0.15019433827816284,0.15596330275229356
graph_071_mu_0_3_node_170,19,0.2222222222222222,0.0004460766060239171,0.39315230224321135,2.5435435435435436,0.006914104226711235,11.0,8.0,1.375,0.4210526315789473,0.21621621621621626,0.0083073727933541,0.2666666666666666,0.2669256669256669,0.29729729729729737
graph_071_mu_0_3_node_171,16,0.03333333333333333,0.00045133113320510864,0.3830521472392638,2.6106106106106104,0.004822256261397915,4.0,12.0,0.33333333333333326,0.75,0.1967213114754099,0.012779552715654952,0.5999999999999998,0.6003882741215296,0.03278688524590163
graph_071_mu_0_3_node_172,20,0.1736842105263158,0.0003159346293100469,0.4023358840112767,2.4854854854854853,0.010647311257710996,14.0,6.0,2.3333333333333335,0.2999999999999999,0.040540540540540564,0.007042253521126762,0.17647058823529405,0.1766648887534288,0.0945945945945946
graph_071_mu_0_3_node_173,20,0.16842105263157894,0.0003812618707766273,0.4283876500857633,2.334334334334334,0.0178946825098577,11.0,9.0,1.2222222222222217,0.4500000000000001,0.06081081081081082,0.010563380281690137,0.29032258064516125,0.2906139465035575,0.07432432432432434
graph_071_mu_0_3_node_174,25,0.12333333333333334,0.000996009914573204,0.41659716430358634,2.4004004004004003,0.012506405468749154,12.0,13.0,0.9230769230769232,0.5199999999999998,0.4814814814814816,0.01336073997944501,0.3513513513513515,0.3517721858986305,0.4444444444444446
graph_071_mu_0_3_node_175,23,0.11462450592885376,0.0008741678929974631,0.4193954659949622,2.3843843843843846,0.011641316486066729,10.0,13.0,0.7692307692307695,0.5652173913043478,0.08783783783783787,0.015258215962441314,0.39393939393939387,0.39436017400089257,0.06756756756756756
graph_071_mu_0_3_node_176,33,0.12121212121212122,0.001695223930925323,0.4436056838365897,2.254254254254254,0.01842689585608771,14.0,19.0,0.7368421052631577,0.5757575757575759,0.12837837837837832,0.022300469483568064,0.404255319148936,0.4048703452066193,0.0945945945945946
graph_071_mu_0_3_node_177,24,0.18840579710144928,0.0007831601051586063,0.4049452776651804,2.4694694694694697,0.012031953901346959,13.0,11.0,1.1818181818181819,0.4583333333333332,0.1009174311926606,0.012345679012345677,0.29729729729729737,0.297653434183366,0.11926605504587152
graph_071_mu_0_3_node_178,18,0.09803921568627451,0.00046267010205457533,0.40396279822078446,2.4754754754754753,0.0136816624519393,5.0,13.0,0.38461538461538475,0.722222222222222,0.6190476190476188,0.013278855975485193,0.5652173913043478,0.5656380352131006,0.2380952380952381
graph_071_mu_0_3_node_179,40,0.24358974358974358,0.001106781807172646,0.4563727729556875,2.191191191191191,0.056872585801977384,29.0,11.0,2.6363636363636362,0.27499999999999997,0.06918238993710692,0.013079667063020215,0.15942028985507245,0.1597767960939316,0.1823899371069183
graph_071_mu_0_3_node_180,16,0.025,0.0005211666539333761,0.3919183993723029,2.5515515515515514,0.007026004381921288,2.0,14.0,0.1428571428571428,0.875,0.608695652173913,0.0143295803480041,0.777777777777778,0.7782306763285027,0.0
graph_071_mu_0_3_node_181,23,0.25296442687747034,0.0004360818857685272,0.411619283065513,2.4294294294294296,0.013467816824655133,15.0,8.0,1.875,0.3478260869565216,0.07339449541284404,0.008978675645342315,0.21052631578947364,0.2107853831469866,0.1376146788990826
graph_071_mu_0_3_node_182,29,0.08547008547008547,0.0008533187838256755,0.39361702127659576,2.5405405405405403,0.009357029318694315,13.0,16.0,0.8125,0.5517241379310346,0.5925925925925926,0.01644398766700925,0.3809523809523811,0.38147031439793305,0.4444444444444446
graph_071_mu_0_3_node_183,17,0.08088235294117647,0.000553793532448639,0.3951740506329114,2.5305305305305303,0.006670640911694476,6.0,11.0,0.5454545454545452,0.6470588235294118,0.4782608695652175,0.011258955987717504,0.4782608695652175,0.47861684509998975,0.26086956521739124
graph_071_mu_0_3_node_184,35,0.23025210084033612,0.0007137988710118463,0.44321206743566993,2.2562562562562563,0.04666323423619171,26.0,9.0,2.888888888888888,0.2571428571428571,0.056603773584905655,0.010701545778834724,0.14754098360655735,0.14783263272026806,0.16352201257861634
graph_071_mu_0_3_node_185,32,0.29838709677419356,0.0006841084939002507,0.4475806451612903,2.234234234234234,0.050127968550416735,22.0,10.0,2.1999999999999997,0.3125,0.06289308176100629,0.011890606420927465,0.18518518518518517,0.18550914527330234,0.13836477987421383
graph_071_mu_0_3_node_186,22,0.20346320346320346,0.0004400910279449305,0.4402820625826355,2.2712712712712713,0.019542789486209654,13.0,9.0,1.444444444444444,0.4090909090909091,0.06081081081081082,0.010563380281690137,0.2571428571428571,0.2574342607368348,0.08783783783783787
graph_071_mu_0_3_node_187,17,0.11764705882352941,0.00042756835847221293,0.3830521472392638,2.6106106106106104,0.0076145082339500415,9.0,8.0,1.125,0.4705882352941177,0.2962962962962963,0.008221993833504625,0.3076923076923076,0.30795127441508374,0.2962962962962963
graph_071_mu_0_3_node_188,24,0.13405797101449277,0.0006307331435377523,0.390234375,2.5625625625625625,0.008776896835234102,12.0,12.0,1.0,0.5,0.2400000000000001,0.012631578947368417,0.33333333333333326,0.3337218085680371,0.2400000000000001
graph_071_mu_0_3_node_189,26,0.07692307692307693,0.0009775217593124806,0.41799163179916315,2.3923923923923924,0.011749193506594358,13.0,13.0,1.0,0.5,0.11504424778761059,0.014656144306651634,0.33333333333333326,0.3337541951287945,0.09734513274336283
graph_071_mu_0_3_node_190,28,0.11904761904761904,0.0009741396569283227,0.41957160856782866,2.3833833833833835,0.014396048855316737,13.0,15.0,0.8666666666666669,0.5357142857142857,0.2999999999999999,0.015789473684210523,0.36585365853658547,0.36633923686036896,0.2599999999999999
graph_071_mu_0_3_node_191,20,0.14210526315789473,0.0005075382517851437,0.38901869158878505,2.5705705705705704,0.006338156262291287,10.0,10.0,1.0,0.5,0.20000000000000004,0.01052631578947369,0.33333333333333326,0.3336570417368036,0.20000000000000004
graph_071_mu_0_3_node_192,38,0.14444444444444443,0.0015134832979110614,0.45574817518248173,2.194194194194194,0.02166243115614288,23.0,15.0,1.5333333333333337,0.3947368421052631,0.2727272727272726,0.015873015873015872,0.24590163934426232,0.24638753225346516,0.4000000000000001
graph_071_mu_0_3_node_193,30,0.06878306878306878,0.001145577051142812,0.4016887816646562,2.4894894894894897,0.010958880983709375,14.0,16.0,0.875,0.5333333333333332,0.5925925925925926,0.01644398766700925,0.36363636363636365,0.3641543306159686,0.4814814814814816
graph_071_mu_0_3_node_194,27,0.09666666666666666,0.001021605003204212,0.40396279822078446,2.4754754754754753,0.007403460279786721,15.0,12.0,1.25,0.4444444444444446,0.5714285714285712,0.012257405515832485,0.2857142857142856,0.28610283642015294,0.6666666666666665
graph_071_mu_0_3_node_195,37,0.3126050420168067,0.0006277782639253958,0.4599447513812155,2.174174174174174,0.060394095373521785,28.0,9.0,3.111111111111112,0.24324324324324328,0.056603773584905655,0.010701545778834724,0.1384615384615384,0.13875322538424142,0.16981132075471703
graph_071_mu_0_3_node_196,23,0.2015810276679842,0.0005618863993302597,0.4197478991596639,2.3823823823823824,0.01608237294386405,13.0,10.0,1.3000000000000005,0.4347826086956522,0.09174311926605504,0.011223344556677893,0.2777777777777778,0.27810154906574,0.11009174311926606
graph_071_mu_0_3_node_197,20,0.21578947368421053,0.0004935908802318387,0.4300473525613431,2.325325325325325,0.016459735631364374,11.0,9.0,1.2222222222222217,0.4500000000000001,0.06081081081081082,0.010563380281690137,0.29032258064516125,0.2906139465035575,0.07432432432432434
graph_071_mu_0_3_node_198,19,0.17543859649122806,0.0004907678876649493,0.38901869158878505,2.5705705705705704,0.005834824561760679,12.0,7.0,1.7142857142857142,0.36842105263157887,0.1891891891891892,0.00726895119418484,0.2258064516129031,0.2260330988526636,0.3243243243243245
graph_071_mu_0_3_node_199,20,0.07368421052631578,0.0005384162143563979,0.41128036228900783,2.4314314314314314,0.010390160961171895,7.0,13.0,0.5384615384615384,0.6500000000000002,0.11504424778761059,0.014656144306651634,0.4814814814814816,0.481902179840758,0.06194690265486724
graph_071_mu_0_3_node_200,15,0.11428571428571428,0.000323358129806892,0.41799163179916315,2.3923923923923924,0.010076114361548424,5.0,10.0,0.5,0.6666666666666665,0.16393442622950824,0.010649627263045794,0.5,0.5003236036502494,0.08196721311475412
graph_071_mu_0_3_node_201,26,0.13538461538461538,0.0008054175610624357,0.4414494034467521,2.265265265265265,0.018997208978785842,11.0,15.0,0.7333333333333332,0.5769230769230768,0.1376146788990826,0.01683501683501684,0.4054054054054053,0.4058909208609807,0.1009174311926606
graph_071_mu_0_3_node_202,14,0.02197802197802198,0.0002948685146570408,0.37712344280860705,2.6516516516516515,0.004477317294681078,5.0,9.0,0.5555555555555556,0.6428571428571429,0.29032258064516125,0.009287925696594425,0.4736842105263158,0.47397546323658424,0.06451612903225803
graph_071_mu_0_3_node_203,14,0.12087912087912088,0.0002683338149073045,0.4072564207093355,2.4554554554554553,0.013370672372773305,3.0,11.0,0.2727272727272726,0.7857142857142859,0.5238095238095238,0.011235955056179775,0.6470588235294118,0.647414729958376,0.1428571428571428
graph_071_mu_0_3_node_204,46,0.24347826086956523,0.001504125348563383,0.4714487966021708,2.121121121121121,0.06618197675041113,31.0,15.0,2.0666666666666664,0.3260869565217392,0.09433962264150944,0.017835909631391204,0.1948051948051948,0.1952913396763664,0.19496855345911954
graph_071_mu_0_3_node_205,28,0.08307692307692308,0.0008397728034672672,0.3951740506329114,2.5305305305305303,0.010313548464825257,14.0,14.0,1.0,0.5,0.4516129032258062,0.014447884416924663,0.33333333333333326,0.3337865837865837,0.4193548387096773
graph_071_mu_0_3_node_206,69,0.16779737675260065,0.003965101795213695,0.47776183644189385,2.093093093093093,0.07812519656550967,45.0,24.0,1.875,0.3478260869565216,0.1509433962264151,0.02853745541022591,0.21052631578947364,0.2113046268544627,0.27672955974842767
graph_071_mu_0_3_node_207,25,0.08,0.0007848674440076532,0.41625,2.4024024024024024,0.010863784416605597,13.0,12.0,1.0833333333333335,0.4800000000000002,0.1967213114754099,0.012779552715654952,0.31578947368421056,0.316177974072711,0.21311475409836064
graph_071_mu_0_3_node_208,16,0.058333333333333334,0.00041734065810564006,0.3943939992104224,2.5355355355355353,0.0077429885704756295,3.0,13.0,0.2307692307692308,0.8125,0.5909090909090909,0.013292433537832306,0.6842105263157895,0.6846311157881112,0.1363636363636363
graph_071_mu_0_3_node_209,29,0.1111111111111111,0.0010925047042734536,0.4111111111111111,2.4324324324324325,0.010980188536833054,16.0,13.0,1.2307692307692304,0.44827586206896536,0.4193548387096773,0.013415892672858616,0.2888888888888888,0.2893098324500714,0.4838709677419357
graph_071_mu_0_3_node_210,13,0.01818181818181818,0.0002358954250624566,0.37,2.7027027027027026,0.0030350356029111673,6.0,7.0,0.8571428571428571,0.5384615384615384,0.15909090909090912,0.007322175732217575,0.36842105263157887,0.3686476118444474,0.11363636363636359
graph_071_mu_0_3_node_211,20,0.09473684210526316,0.0005983670642763666,0.3843786071565987,2.6016016016016015,0.005253518027828279,10.0,10.0,1.0,0.5,0.45454545454545436,0.010224948875255628,0.33333333333333326,0.3336570417368036,0.4090909090909091
graph_071_mu_0_3_node_212,27,0.09666666666666666,0.0010398049983175205,0.398961661341853,2.5065065065065064,0.007611299084027096,11.0,16.0,0.6875,0.5925925925925926,0.8888888888888892,0.01629327902240326,0.4210526315789473,0.4215704979694186,0.5555555555555556
graph_071_mu_0_3_node_213,15,0.14285714285714285,0.00030908635973556553,0.398961661341853,2.5065065065065064,0.012164151647754426,5.0,10.0,0.5,0.6666666666666665,0.2857142857142856,0.010362694300518137,0.5,0.5003236036502494,0.1428571428571428
graph_071_mu_0_3_node_214,21,0.1523809523809524,0.0005114284426259682,0.4051094890510949,2.4684684684684686,0.011322000457356766,10.0,11.0,0.9090909090909087,0.5238095238095238,0.29729729729729737,0.011422637590861894,0.3548387096774193,0.3551947773950254,0.27027027027027023
graph_071_mu_0_3_node_215,33,0.04924242424242424,0.0014191160407356679,0.4283876500857633,2.334334334334334,0.01772920814004461,12.0,21.0,0.5714285714285712,0.6363636363636365,0.18584070796460178,0.023675310033821877,0.46666666666666673,0.4673463003117684,0.09734513274336283
graph_071_mu_0_3_node_216,38,0.24893314366998578,0.0013430969061685894,0.4580467675378267,2.1831831831831834,0.05512067955936709,23.0,15.0,1.5333333333333337,0.3947368421052631,0.09433962264150944,0.017835909631391204,0.24590163934426232,0.24638753225346516,0.1446540880503145
graph_071_mu_0_3_node_217,34,0.1408199643493761,0.0014214117391797506,0.4274711168164313,2.339339339339339,0.015565024900279213,18.0,16.0,1.125,0.4705882352941177,0.45714285714285724,0.01658031088082901,0.3076923076923076,0.3082104088515591,0.5142857142857142
graph_071_mu_0_3_node_218,16,0.11666666666666667,0.000304783178349681,0.3953304313415117,2.5295295295295297,0.011061148839829992,6.0,10.0,0.5999999999999998,0.625,0.08849557522123892,0.01127395715896279,0.45454545454545436,0.45486907914092367,0.05309734513274334
graph_071_mu_0_3_node_219,21,0.1761904761904762,0.00043938194685621076,0.4148671096345515,2.4104104104104103,0.014244185549642904,10.0,11.0,0.9090909090909087,0.5238095238095238,0.07432432432432434,0.012910798122065727,0.3548387096774193,0.3551947773950254,0.06756756756756756
graph_071_mu_0_3_node_220,17,0.3382352941176471,0.00020184047258235485,0.3659340659340659,2.7327327327327327,0.004587201032978486,12.0,5.0,2.399999999999999,0.29411764705882354,0.25,0.00510204081632653,0.17241379310344834,0.17257569447313384,0.5999999999999998
graph_071_mu_0_3_node_221,23,0.1422924901185771,0.0005796881488151336,0.4245643858903527,2.3553553553553552,0.015847496215358213,10.0,13.0,0.7692307692307695,0.5652173913043478,0.4814814814814816,0.01336073997944501,0.39393939393939387,0.39436017400089257,0.37037037037037035
graph_071_mu_0_3_node_222,34,0.28520499108734404,0.0008171901587381584,0.4576271186440678,2.185185185185185,0.05451329893777471,22.0,12.0,1.8333333333333328,0.3529411764705881,0.07547169811320754,0.014268727705112954,0.21428571428571427,0.21467444120505344,0.13836477987421383
graph_071_mu_0_3_node_223,29,0.15384615384615385,0.0008454259313000952,0.408255006129955,2.4494494494494496,0.011383462904695725,15.0,14.0,1.0714285714285714,0.482758620689655,0.5185185185185184,0.014388489208633089,0.31818181818181823,0.31863509798496537,0.5185185185185184
graph_071_mu_0_3_node_224,17,0.07352941176470588,0.0004437217634876254,0.39330708661417324,2.5425425425425425,0.009847502944739654,6.0,11.0,0.5454545454545452,0.6470588235294118,0.3548387096774193,0.011351909184726523,0.4782608695652175,0.47861684509998975,0.19354838709677416
graph_071_mu_0_3_node_225,21,0.2,0.0005555842505611046,0.3996,2.5025025025025025,0.009951643751217732,11.0,10.0,1.0999999999999999,0.4761904761904762,0.5,0.01020408163265306,0.3125,0.31282372936225317,0.5499999999999999
graph_071_mu_0_3_node_226,22,0.21212121212121213,0.0005183248679116859,0.40675895765472314,2.4584584584584586,0.011520108097367681,16.0,6.0,2.666666666666666,0.2727272727272726,0.040540540540540564,0.007042253521126762,0.15789473684210528,0.15808906253196145,0.10810810810810813
graph_071_mu_0_3_node_227,24,0.18115942028985507,0.000588807110209699,0.4036363636363636,2.4774774774774775,0.012564796363725867,15.0,9.0,1.666666666666667,0.375,0.0825688073394495,0.010101010101010102,0.2307692307692308,0.2310606721085656,0.1376146788990826
graph_071_mu_0_3_node_228,35,0.08333333333333333,0.001318353933922837,0.41992433795712486,2.3813813813813813,0.013671528113438258,18.0,17.0,1.0588235294117647,0.4857142857142857,0.15044247787610618,0.019165727170236752,0.3207547169811321,0.3213051816380631,0.15044247787610618
graph_071_mu_0_3_node_229,22,0.15584415584415584,0.0005257429135336968,0.41799163179916315,2.3923923923923924,0.016338861095671876,13.0,9.0,1.444444444444444,0.4090909090909091,0.16363636363636364,0.009523809523809521,0.2571428571428571,0.2574342607368348,0.2363636363636364
graph_071_mu_0_3_node_230,27,0.21937321937321938,0.0006502768615597387,0.44380275433140826,2.2532532532532534,0.021367220011459867,15.0,12.0,1.25,0.4444444444444446,0.08108108108108113,0.014084507042253523,0.2857142857142856,0.28610283642015294,0.10135135135135133
graph_071_mu_0_3_node_231,20,0.19473684210526315,0.00041824757557403256,0.3778366111951589,2.6466466466466465,0.007098305924575224,10.0,10.0,1.0,0.5,0.5,0.01020408163265306,0.33333333333333326,0.3336570417368036,0.5
graph_071_mu_0_3_node_232,19,0.23976608187134502,0.00032084289625528066,0.39548693586698336,2.5285285285285286,0.011807731088425434,11.0,8.0,1.375,0.4210526315789473,0.18181818181818182,0.00836820083682008,0.2666666666666666,0.2669256669256669,0.25
graph_071_mu_0_3_node_233,28,0.08465608465608465,0.0011385967103410759,0.428204029147021,2.335335335335335,0.01410671411408367,11.0,17.0,0.6470588235294118,0.6071428571428571,0.1148648648648649,0.019953051643192492,0.43589743589743607,0.4364476511286881,0.07432432432432434
graph_071_mu_0_3_node_234,53,0.18722786647314948,0.0022686110471616325,0.47662213740458015,2.098098098098098,0.06791808834771358,35.0,18.0,1.944444444444444,0.33962264150943405,0.11320754716981131,0.021403091557669448,0.20454545454545456,0.20512892294091642,0.2201257861635221
graph_071_mu_0_3_node_235,21,0.15204678362573099,0.0004782911627592669,0.3769811320754717,2.6526526526526526,0.005183321834053768,12.0,9.0,1.333333333333333,0.42857142857142855,0.5,0.009164969450101836,0.2727272727272726,0.2730186574522379,0.6111111111111108
graph_071_mu_0_3_node_236,22,0.12121212121212122,0.000656422247257782,0.3894736842105263,2.5675675675675675,0.007783863524634749,11.0,11.0,1.0,0.5,0.22000000000000006,0.011578947368421052,0.33333333333333326,0.33368942410410796,0.22000000000000006
graph_071_mu_0_3_node_237,27,0.21652421652421652,0.0006486545135087949,0.4265584970111016,2.344344344344344,0.016897536683113654,18.0,9.0,2.0,0.33333333333333326,0.0825688073394495,0.010101010101010102,0.20000000000000004,0.20029149797570855,0.165137614678899
graph_071_mu_0_3_node_238,21,0.08571428571428572,0.0006045310185538657,0.4193954659949622,2.3843843843843846,0.012635523317368802,7.0,14.0,0.5,0.6666666666666665,0.31818181818181823,0.01464435146443515,0.5,0.5004530451103487,0.15909090909090912
graph_071_mu_0_3_node_239,31,0.13118279569892474,0.0012865830682863852,0.4424269264836138,2.26026026026026,0.016222258662512257,13.0,18.0,0.722222222222222,0.5806451612903225,0.4090909090909091,0.018828451882845185,0.4090909090909091,0.40967354649623045,0.29545454545454547
graph_071_mu_0_3_node_240,24,0.2753623188405797,0.0006905475081401744,0.44380275433140826,2.2532532532532534,0.019495998430006482,15.0,9.0,1.666666666666667,0.375,0.0825688073394495,0.010101010101010102,0.2307692307692308,0.2310606721085656,0.1376146788990826
graph_071_mu_0_3_node_241,26,0.10153846153846154,0.0009197467988652589,0.4128099173553719,2.4224224224224224,0.01098187054535991,10.0,16.0,0.625,0.6153846153846152,0.5925925925925926,0.01644398766700925,0.4444444444444446,0.4449622773138859,0.37037037037037035
graph_071_mu_0_3_node_242,24,0.13043478260869565,0.0007473182392436263,0.4036363636363636,2.4774774774774775,0.010809680111373473,10.0,14.0,0.7142857142857141,0.5833333333333334,0.5185185185185184,0.014388489208633089,0.41176470588235303,0.4122178389740154,0.37037037037037035
graph_071_mu_0_3_node_243,28,0.21428571428571427,0.0007230876380085879,0.4249255635899617,2.3533533533533535,0.035512413035477995,18.0,10.0,1.8000000000000005,0.35714285714285704,0.06289308176100629,0.011890606420927465,0.2173913043478261,0.21771518049758634,0.11320754716981131
graph_071_mu_0_3_node_244,17,0.10294117647058823,0.00037709289738545125,0.38616157711635096,2.5895895895895897,0.006182239001662072,9.0,8.0,1.125,0.4705882352941177,0.07079646017699115,0.009019165727170236,0.3076923076923076,0.30795127441508374,0.07079646017699115
graph_071_mu_0_3_node_245,24,0.11956521739130435,0.0006600972043595063,0.4251063829787234,2.3523523523523524,0.018335507015976908,10.0,14.0,0.7142857142857141,0.5833333333333334,0.12844036697247713,0.01571268237934905,0.41176470588235303,0.4122178389740154,0.09174311926605504
graph_071_mu_0_3_node_246,33,0.13825757575757575,0.0011732507317567516,0.4383501535761299,2.2812812812812813,0.021162841118349367,15.0,18.0,0.8333333333333335,0.5454545454545452,0.4090909090909091,0.018828451882845185,0.375,0.3755827128520558,0.3409090909090909
graph_071_mu_0_3_node_247,29,0.31773399014778325,0.0007683462274182318,0.44419742107603377,2.2512512512512513,0.04749135215235717,20.0,9.0,2.2222222222222223,0.31034482758620696,0.056603773584905655,0.010701545778834724,0.1836734693877551,0.18396500513327677,0.12578616352201258
graph_071_mu_0_3_node_248,19,0.19298245614035087,0.0003646304631798997,0.4049452776651804,2.4694694694694697,0.008683191285730772,12.0,7.0,1.7142857142857142,0.36842105263157887,0.12727272727272723,0.007407407407407406,0.2258064516129031,0.2260330988526636,0.21818181818181825
graph_071_mu_0_3_node_249,17,0.22058823529411764,0.00037309868130961917,0.40675895765472314,2.4584584584584586,0.010815861481511754,9.0,8.0,1.125,0.4705882352941177,0.054054054054054064,0.009389671361502346,0.3076923076923076,0.30795127441508374,0.06081081081081082
graph_071_mu_0_3_node_250,131,0.11579565472695244,0.012568318061782158,0.5219435736677116,1.9159159159159158,0.13193249550465974,89.0,42.0,2.119047619047619,0.32061068702290074,0.2641509433962264,0.04994054696789536,0.19090909090909092,0.19227423424914167,0.5597484276729559
graph_071_mu_0_3_node_251,17,0.08088235294117647,0.0002750047411425707,0.392688679245283,2.5465465465465464,0.008823715095169396,9.0,8.0,1.125,0.4705882352941177,0.07079646017699115,0.009019165727170236,0.3076923076923076,0.30795127441508374,0.06194690265486724
graph_071_mu_0_3_node_252,30,0.18160919540229886,0.0009203007316651977,0.42241014799154336,2.3673673673673674,0.013869495309122216,17.0,13.0,1.3076923076923077,0.43333333333333346,0.2363636363636364,0.013756613756613753,0.27659574468085113,0.2770167155043347,0.309090909090909
graph_071_mu_0_3_node_253,48,0.1294685990338164,0.0021562059481557015,0.45846718678292797,2.181181181181181,0.03033381789184661,27.0,21.0,1.2857142857142858,0.4375,0.19266055045871555,0.02356902356902357,0.28000000000000014,0.2806802941462308,0.23853211009174305
graph_071_mu_0_3_node_254,118,0.0995219469795741,0.012125222197952852,0.5099540581929556,1.960960960960961,0.050881571106654123,80.0,38.0,2.1052631578947367,0.3220338983050847,0.34862385321100925,0.042648709315375996,0.1919191919191919,0.19315375982042657,0.7339449541284403
graph_071_mu_0_3_node_255,22,0.16883116883116883,0.00043801423638444714,0.4046172539489672,2.4714714714714714,0.01152286002566611,15.0,7.0,2.142857142857143,0.31818181818181823,0.06194690265486724,0.007891770011273959,0.1891891891891892,0.18941588046805183,0.13274336283185842
graph_071_mu_0_3_node_256,67,0.1754862053369516,0.003707593976181937,0.48307543520309476,2.07007007007007,0.07872673858038624,44.0,23.0,1.91304347826087,0.3432835820895522,0.1446540880503145,0.027348394768133173,0.20720720720720728,0.2079530644566154,0.27672955974842767
graph_071_mu_0_3_node_257,28,0.1746031746031746,0.0009890628744709733,0.40942622950819674,2.4424424424424425,0.011089838007892476,18.0,10.0,1.8000000000000005,0.35714285714285704,0.45454545454545436,0.010224948875255628,0.2173913043478261,0.21771518049758634,0.8181818181818182
graph_071_mu_0_3_node_258,23,0.13438735177865613,0.000561274198321749,0.4258312020460358,2.3483483483483485,0.015414201334889384,11.0,12.0,0.9166666666666664,0.5217391304347825,0.08108108108108113,0.014084507042253523,0.3529411764705881,0.35332962655475253,0.07432432432432434
graph_071_mu_0_3_node_259,16,0.1,0.0006626903920393832,0.41298057048367093,2.4214214214214214,0.012251716029863047,3.0,13.0,0.2307692307692308,0.8125,0.29545454545454547,0.013598326359832632,0.6842105263157895,0.6846311157881112,0.06818181818181815
graph_071_mu_0_3_node_260,29,0.1794871794871795,0.0007929856969440376,0.42098609355246525,2.3753753753753752,0.013947450540855593,18.0,11.0,1.6363636363636365,0.3793103448275863,0.22000000000000006,0.011578947368421052,0.23404255319148948,0.2343988054180657,0.3399999999999999
graph_071_mu_0_3_node_261,37,0.24474474474474475,0.0007924369126976899,0.4576271186440678,2.185185185185185,0.05419955657201678,22.0,15.0,1.4666666666666663,0.4054054054054053,0.09433962264150944,0.017835909631391204,0.2542372881355933,0.25472314956791264,0.13836477987421383
graph_071_mu_0_3_node_262,26,0.10461538461538461,0.0010234928156789551,0.44618133095131757,2.2412412412412412,0.022875683367933577,8.0,18.0,0.4444444444444446,0.6923076923076923,0.12162162162162164,0.021126760563380274,0.5294117647058824,0.5299942135798147,0.054054054054054064
graph_071_mu_0_3_node_263,33,0.10416666666666667,0.0013817317212503825,0.43624454148471614,2.2922922922922924,0.019983089162693143,13.0,20.0,0.6500000000000002,0.6060606060606061,0.45454545454545436,0.020920502092050205,0.4347826086956522,0.43542994168374105,0.2727272727272726
graph_071_mu_0_3_node_264,97,0.14347079037800686,0.007264342117792646,0.5037821482602118,1.984984984984985,0.10459756294814938,63.0,34.0,1.8529411764705879,0.35051546391752564,0.21383647798742134,0.0404280618311534,0.21249999999999994,0.21360353781239858,0.3962264150943397
graph_071_mu_0_3_node_265,36,0.18412698412698414,0.001280693350090023,0.43246753246753245,2.3123123123123124,0.020911176935906474,22.0,14.0,1.5714285714285718,0.388888888888889,0.12844036697247713,0.01571268237934905,0.2413793103448275,0.24183279570372884,0.2018348623853212
graph_071_mu_0_3_node_266,21,0.2523809523809524,0.0005307609149748267,0.40217391304347827,2.4864864864864864,0.01175826596807561,15.0,6.0,2.5,0.2857142857142856,0.05504587155963303,0.006734006734006732,0.16666666666666663,0.16686097976984687,0.1376146788990826
graph_071_mu_0_3_node_267,22,0.17316017316017315,0.0004604666764979427,0.40120481927710844,2.4924924924924925,0.011449493060604925,16.0,6.0,2.666666666666666,0.2727272727272726,0.10909090909090913,0.006349206349206352,0.15789473684210528,0.15808906253196145,0.29090909090909095
graph_071_mu_0_3_node_268,28,0.164021164021164,0.0010885137989607304,0.40842191332788225,2.4484484484484486,0.010859146992991614,14.0,14.0,1.0,0.5,0.777777777777778,0.014256619144602854,0.33333333333333326,0.3337865837865837,0.777777777777778
graph_071_mu_0_3_node_269,27,0.13105413105413105,0.0009117772614150879,0.41764214046822745,2.3943943943943946,0.012592922473379864,13.0,14.0,0.9285714285714288,0.5185185185185184,0.4000000000000001,0.014507772020725394,0.3499999999999999,0.35045322110715443,0.37142857142857155
graph_071_mu_0_3_node_270,29,0.12807881773399016,0.0011803406835785267,0.4095940959409594,2.4414414414414414,0.011877572795989784,16.0,13.0,1.2307692307692304,0.44827586206896536,0.29545454545454547,0.013598326359832632,0.2888888888888888,0.2893098324500714,0.36363636363636365
graph_071_mu_0_3_node_271,34,0.15151515151515152,0.001452450479463308,0.4428191489361702,2.2582582582582584,0.01801596726419365,18.0,16.0,1.125,0.4705882352941177,0.32,0.01684210526315789,0.3076923076923076,0.3082104088515591,0.36
graph_071_mu_0_3_node_272,19,0.13450292397660818,0.00043221381778667576,0.3996,2.5025025025025025,0.010571879092215504,8.0,11.0,0.7272727272727273,0.5789473684210529,0.25,0.011506276150627614,0.4074074074074074,0.40776342902762946,0.18181818181818182
graph_071_mu_0_3_node_273,15,0.1282051282051282,0.00024498872580222807,0.378839590443686,2.6396396396396398,0.006896027328857983,10.0,5.0,2.0,0.33333333333333326,0.2173913043478261,0.00511770726714432,0.20000000000000004,0.20016188040275842,0.3913043478260869
graph_071_mu_0_3_node_274,196,0.10560333315528017,0.024745587557387188,0.5504132231404959,1.8168168168168168,0.19549082221895006,136.0,60.0,2.266666666666666,0.3061224489795918,0.37735849056603776,0.07134363852556481,0.1807228915662651,0.1826779257793638,0.849056603773585
graph_071_mu_0_3_node_275,18,0.05228758169934641,0.000561201972761468,0.4171189979123173,2.3973973973973974,0.011906687040548588,4.0,14.0,0.2857142857142856,0.777777777777778,0.608695652173913,0.0143295803480041,0.6363636363636365,0.6368165935268306,0.1739130434782608
graph_071_mu_0_3_node_276,17,0.1323529411764706,0.00035838702839518735,0.3734579439252336,2.6776776776776776,0.005958986182558732,9.0,8.0,1.125,0.4705882352941177,0.2962962962962963,0.008221993833504625,0.3076923076923076,0.30795127441508374,0.33333333333333326
graph_071_mu_0_3_node_277,219,0.10040109233657621,0.031503882364412025,0.5559265442404007,1.7987987987987988,0.2121196004596349,150.0,69.0,2.173913043478261,0.3150684931506849,0.4339622641509433,0.08204518430439953,0.1869918699186992,0.18924155202883583,0.9371069182389942
graph_071_mu_0_3_node_278,36,0.14616755793226383,0.0011050370337503683,0.42728828058169377,2.34034034034034,0.017889229264746006,20.0,16.0,1.25,0.4444444444444446,0.29090909090909095,0.016931216931216932,0.2857142857142856,0.28623245398943303,0.3454545454545456
graph_071_mu_0_3_node_279,30,0.2045977011494253,0.0008021020814636695,0.408255006129955,2.4494494494494496,0.014942724890627883,18.0,12.0,1.5,0.4000000000000001,0.2400000000000001,0.012631578947368417,0.25,0.25038862620636054,0.36
graph_071_mu_0_3_node_280,19,0.1111111111111111,0.00043603619394416276,0.4436056838365897,2.254254254254254,0.01725005499694182,6.0,13.0,0.4615384615384616,0.6842105263157895,0.08783783783783787,0.015258215962441314,0.5199999999999998,0.5204206711322524,0.040540540540540564
graph_071_mu_0_3_node_281,36,0.10793650793650794,0.0013099654843841397,0.4389279437609842,2.2782782782782784,0.016330876741022356,20.0,16.0,1.25,0.4444444444444446,0.1415929203539823,0.018038331454340473,0.2857142857142856,0.28623245398943303,0.168141592920354
graph_071_mu_0_3_node_282,23,0.15019762845849802,0.0007334916740865375,0.41195876288659794,2.4274274274274275,0.011958510814626889,11.0,12.0,0.9166666666666664,0.5217391304347825,0.2727272727272726,0.012552301255230129,0.3529411764705881,0.35332962655475253,0.25
graph_071_mu_0_3_node_283,30,0.25287356321839083,0.0008810466679846729,0.43719912472647704,2.2872872872872874,0.04406693325368234,19.0,11.0,1.7272727272727268,0.3666666666666666,0.06918238993710692,0.013079667063020215,0.22448979591836735,0.22484607122201117,0.11949685534591194
graph_071_mu_0_3_node_284,44,0.09175377468060394,0.0020460129142490335,0.4389279437609842,2.2782782782782784,0.020803009670285172,26.0,18.0,1.444444444444444,0.4090909090909091,0.15929203539823003,0.020293122886133035,0.2571428571428571,0.25772598530146784,0.22123893805309747
graph_071_mu_0_3_node_285,29,0.16009852216748768,0.000877067220519579,0.4190436241610738,2.3863863863863863,0.016611766224061787,18.0,11.0,1.6363636363636365,0.3793103448275863,0.07432432432432434,0.012910798122065727,0.23404255319148948,0.2343988054180657,0.12162162162162164
graph_071_mu_0_3_node_286,29,0.15024630541871922,0.0010783913509113596,0.40976210008203445,2.4404404404404403,0.010750858288627502,18.0,11.0,1.6363636363636365,0.3793103448275863,0.3142857142857142,0.011398963730569948,0.23404255319148948,0.2343988054180657,0.5142857142857142
graph_071_mu_0_3_node_287,22,0.24675324675324675,0.0003316748451137035,0.3996,2.5025025025025025,0.013151152716182422,15.0,7.0,2.142857142857143,0.31818181818181823,0.06422018348623856,0.007856341189674525,0.1891891891891892,0.18941588046805183,0.1376146788990826
graph_071_mu_0_3_node_288,29,0.15763546798029557,0.0009942108260557717,0.45203619909502263,2.2122122122122123,0.037020528539357625,13.0,16.0,0.8125,0.5517241379310346,0.10062893081761005,0.01902497027348394,0.3809523809523811,0.38147031439793305,0.08176100628930817
graph_071_mu_0_3_node_289,45,0.14174972314507198,0.0021353044169509336,0.44008810572687224,2.2722722722722724,0.022773153146209646,24.0,21.0,1.1428571428571423,0.46666666666666673,0.4772727272727274,0.021966527196652715,0.3043478260869565,0.3050279880302763,0.5227272727272725
graph_071_mu_0_3_node_290,25,0.14666666666666667,0.0007361006627113018,0.42857142857142855,2.3333333333333335,0.013513625205209765,12.0,13.0,0.9230769230769232,0.5199999999999998,0.08783783783783787,0.015258215962441314,0.3513513513513515,0.3517721858986305,0.08108108108108113
graph_071_mu_0_3_node_291,52,0.09714285714285714,0.003653416215173686,0.4576271186440678,2.185185185185185,0.023665301864753407,29.0,23.0,1.2608695652173911,0.4423076923076925,0.6571428571428573,0.02383419689119171,0.2839506172839506,0.28469574962593397,0.8000000000000002
graph_071_mu_0_3_node_292,30,0.14942528735632185,0.0010166692790080072,0.4453856442264824,2.245245245245245,0.019929950026210678,18.0,12.0,1.5,0.4000000000000001,0.21818181818181825,0.012698412698412704,0.25,0.25038862620636054,0.32727272727272727
graph_071_mu_0_3_node_293,20,0.12631578947368421,0.0004662473375240057,0.42528735632183906,2.3513513513513513,0.014273161840755428,11.0,9.0,1.2222222222222217,0.4500000000000001,0.06081081081081082,0.010563380281690137,0.29032258064516125,0.2906139465035575,0.06756756756756756
graph_071_mu_0_3_node_294,43,0.1982281284606866,0.0014288783102138771,0.4567901234567901,2.189189189189189,0.0556598717490116,28.0,15.0,1.866666666666667,0.34883720930232553,0.09433962264150944,0.017835909631391204,0.21126760563380287,0.21175365598861962,0.1761006289308176
graph_071_mu_0_3_node_295,40,0.14871794871794872,0.0016217920168430386,0.4185169669040637,2.3893893893893896,0.013523172240797611,24.0,16.0,1.5,0.4000000000000001,0.32,0.01684210526315789,0.25,0.2505183025591188,0.4800000000000002
graph_071_mu_0_3_node_296,25,0.17,0.0006911321271967564,0.3939274447949527,2.5385385385385386,0.009347964437726375,14.0,11.0,1.272727272727273,0.4400000000000001,0.22000000000000006,0.011578947368421052,0.282051282051282,0.28240744199947704,0.28000000000000014
graph_071_mu_0_3_node_297,30,0.12169312169312169,0.0012219755681950148,0.4059325477448192,2.4634634634634636,0.00873026051896324,18.0,12.0,1.5,0.4000000000000001,0.4444444444444446,0.012332990750256935,0.25,0.25038862620636054,0.6296296296296297
graph_071_mu_0_3_node_298,19,0.1286549707602339,0.0005303623927992226,0.3906922174423152,2.5595595595595597,0.007583852320095468,9.0,10.0,0.9000000000000002,0.5263157894736842,0.2857142857142856,0.010362694300518137,0.35714285714285704,0.3574665445902579,0.2571428571428571
graph_071_mu_0_3_node_299,17,0.1323529411764706,0.00044657945099909474,0.42258883248730966,2.3663663663663663,0.011396670648817908,6.0,11.0,0.5454545454545452,0.6470588235294118,0.09734513274336283,0.012401352874859077,0.4782608695652175,0.47861684509998975,0.05309734513274334
graph_071_mu_0_3_node_300,55,0.12727272727272726,0.0029778021761547005,0.45909926470588236,2.1781781781781784,0.027614949450415958,37.0,18.0,2.0555555555555567,0.32727272727272727,0.165137614678899,0.020202020202020204,0.19565217391304346,0.19623571797061984,0.3394495412844038
graph_071_mu_0_3_node_301,36,0.16399286987522282,0.0011937606924820351,0.4389279437609842,2.2782782782782784,0.020613459197191715,21.0,15.0,1.3999999999999997,0.41666666666666674,0.1376146788990826,0.01683501683501684,0.2631578947368421,0.2636437246963563,0.18348623853211007
graph_071_mu_0_3_node_302,112,0.07589658048373644,0.012517413776323608,0.5037821482602118,1.984984984984985,0.049451093926385394,75.0,37.0,2.0270270270270276,0.3303571428571429,0.3274336283185841,0.04171364148816236,0.19786096256684488,0.19906269045667577,0.6548672566371682
graph_071_mu_0_3_node_303,26,0.16666666666666666,0.0008932091129317286,0.42893945899527697,2.3313313313313313,0.013709541108426822,12.0,14.0,0.8571428571428571,0.5384615384615384,0.6999999999999998,0.014285714285714289,0.36842105263157887,0.3688742443964372,0.5499999999999999
graph_071_mu_0_3_node_304,37,0.13445378151260504,0.0014862399139981043,0.43153347732181424,2.3173173173173174,0.017775207683939174,21.0,16.0,1.3125,0.4324324324324325,0.4324324324324325,0.0166147455867082,0.2758620689655173,0.27638027080513383,0.5405405405405405
graph_071_mu_0_3_node_305,29,0.12561576354679804,0.0010995985701739736,0.41816659690246966,2.3913913913913913,0.01522938614157936,14.0,15.0,0.9333333333333335,0.5172413793103449,0.4054054054054053,0.01557632398753894,0.34883720930232553,0.3493228190663193,0.3783783783783784
graph_071_mu_0_3_node_306,30,0.17989417989417988,0.0007739029877158876,0.413151364764268,2.4204204204204203,0.013121208942505016,18.0,12.0,1.5,0.4000000000000001,0.2727272727272726,0.012552301255230129,0.25,0.25038862620636054,0.38636363636363635
graph_071_mu_0_3_node_307,36,0.12063492063492064,0.0015511668904480878,0.4174676138737986,2.3953953953953953,0.013877333415185518,21.0,15.0,1.3999999999999997,0.41666666666666674,0.42857142857142855,0.0155440414507772,0.2631578947368421,0.2636437246963563,0.5999999999999998
graph_071_mu_0_3_node_308,30,0.14482758620689656,0.000940581306964052,0.4107730263157895,2.4344344344344346,0.012064601356444894,17.0,13.0,1.3076923076923077,0.43333333333333346,0.3513513513513515,0.013499480789200408,0.27659574468085113,0.2770167155043347,0.4594594594594596
graph_071_mu_0_3_node_309,25,0.15,0.0008016552513946346,0.3964285714285714,2.5225225225225225,0.007881794235465386,13.0,12.0,1.0833333333333335,0.4800000000000002,0.2400000000000001,0.012631578947368417,0.31578947368421056,0.316177974072711,0.2599999999999999
graph_071_mu_0_3_node_310,15,0.02857142857142857,0.00046627355158573944,0.4104354971240756,2.4364364364364364,0.009648273831373962,4.0,11.0,0.36363636363636365,0.7333333333333332,0.3548387096774193,0.011351909184726523,0.5789473684210529,0.5793032978823048,0.06451612903225803
graph_071_mu_0_3_node_311,27,0.12535612535612536,0.0008487759072108724,0.4213412062420919,2.3733733733733735,0.012228792306917124,13.0,14.0,0.9285714285714288,0.5185185185185184,0.25454545454545446,0.014814814814814812,0.3499999999999999,0.35045322110715443,0.2363636363636364
graph_071_mu_0_3_node_312,24,0.14492753623188406,0.0006006086498510637,0.4069246435845214,2.4574574574574575,0.013769559455157114,11.0,13.0,0.8461538461538461,0.5416666666666667,0.2599999999999999,0.013684210526315792,0.37142857142857155,0.37184937873119667,0.22000000000000006
graph_071_mu_0_3_node_313,24,0.2427536231884058,0.000535480493502798,0.4381578947368421,2.2822822822822824,0.03809816502012466,15.0,9.0,1.666666666666667,0.375,0.056603773584905655,0.010701545778834724,0.2307692307692308,0.2310606721085656,0.09433962264150944
graph_071_mu_0_3_node_314,27,0.18233618233618235,0.0007826768613925221,0.44301552106430153,2.2572572572572573,0.038251114559390065,14.0,13.0,1.0769230769230769,0.4814814814814816,0.08176100628930817,0.015457788347205707,0.3170731707317073,0.31749405977887935,0.0880503144654088
graph_071_mu_0_3_node_315,24,0.17028985507246377,0.0005692961531102501,0.4347258485639687,2.3003003003003,0.020294997748276998,13.0,11.0,1.1818181818181819,0.4583333333333332,0.07432432432432434,0.012910798122065727,0.29729729729729737,0.297653434183366,0.08783783783783787
graph_071_mu_0_3_node_316,39,0.09986504723346828,0.0016780837394544765,0.4383501535761299,2.2812812812812813,0.019879517672078947,23.0,16.0,1.4375,0.4102564102564104,0.1415929203539823,0.018038331454340473,0.25806451612903214,0.2585827851106338,0.20353982300884962
graph_071_mu_0_3_node_317,32,0.1592741935483871,0.0009469172716446145,0.41195876288659794,2.4274274274274275,0.014092046174317028,20.0,12.0,1.666666666666667,0.375,0.21818181818181825,0.012698412698412704,0.2307692307692308,0.2311579073255565,0.36363636363636365
graph_071_mu_0_3_node_318,27,0.1282051282051282,0.0008797262508210097,0.41625,2.4024024024024024,0.015135791237810505,13.0,14.0,0.9285714285714288,0.5185185185185184,0.4000000000000001,0.014507772020725394,0.3499999999999999,0.35045322110715443,0.37142857142857155
graph_071_mu_0_3_node_319,20,0.1631578947368421,0.0006078230518917566,0.4258312020460358,2.3483483483483485,0.014091328843033461,9.0,11.0,0.8181818181818182,0.5499999999999999,0.3142857142857142,0.011398963730569948,0.3793103448275863,0.3796663894950081,0.2571428571428571
graph_071_mu_0_3_node_320,24,0.11594202898550725,0.0006668954496380084,0.43567378979502835,2.295295295295295,0.01667745636169901,11.0,13.0,0.8461538461538461,0.5416666666666667,0.11504424778761059,0.014656144306651634,0.37142857142857155,0.37184937873119667,0.09734513274336283
graph_071_mu_0_3_node_321,51,0.11215686274509803,0.0027064620780332042,0.4559561843906892,2.1931931931931934,0.025958343552519768,27.0,24.0,1.125,0.4705882352941177,0.22018348623853212,0.026936026936026928,0.3076923076923076,0.3084697111647099,0.24770642201834867
graph_071_mu_0_3_node_322,48,0.1196808510638298,0.0021394910266827253,0.4642193308550186,2.154154154154154,0.03005233471623215,28.0,20.0,1.3999999999999997,0.41666666666666674,0.13513513513513511,0.02347417840375587,0.2631578947368421,0.26380585689585206,0.1891891891891892
graph_071_mu_0_3_node_323,16,0.15833333333333333,0.0003544244914326642,0.398961661341853,2.5065065065065064,0.007802674109962211,8.0,8.0,1.0,0.5,0.22857142857142862,0.008290155440414506,0.33333333333333326,0.3335922832912539,0.22857142857142862
graph_071_mu_0_3_node_324,23,0.15810276679841898,0.0005549783099150141,0.3858632676709154,2.5915915915915915,0.007022286574612629,14.0,9.0,1.555555555555556,0.3913043478260869,0.18,0.009473684210526318,0.24324324324324328,0.2435346657086774,0.28000000000000014
graph_071_mu_0_3_node_325,24,0.07608695652173914,0.0006364785654098807,0.408255006129955,2.4494494494494496,0.010682130734945127,14.0,10.0,1.3999999999999997,0.41666666666666674,0.08849557522123892,0.01127395715896279,0.2631578947368421,0.26348168699173147,0.10619469026548668
graph_071_mu_0_3_node_326,26,0.2153846153846154,0.0006377243253383176,0.4079216006533279,2.4514514514514514,0.011956983770878905,16.0,10.0,1.6000000000000003,0.38461538461538475,0.20000000000000004,0.01052631578947369,0.2380952380952381,0.23841907229212922,0.32
graph_071_mu_0_3_node_327,46,0.11839323467230443,0.0021809799352990908,0.4124690338563171,2.4244244244244246,0.012663089822906304,29.0,17.0,1.7058823529411766,0.3695652173913044,0.309090909090909,0.017989417989417993,0.2266666666666666,0.22721752373545898,0.5090909090909089
graph_071_mu_0_3_node_328,21,0.08095238095238096,0.000656222674029422,0.428204029147021,2.335335335335335,0.010910061733728707,8.0,13.0,0.6153846153846152,0.6190476190476188,0.11504424778761059,0.014656144306651634,0.44827586206896536,0.4486965876587902,0.07079646017699115
graph_071_mu_0_3_node_329,36,0.11942959001782531,0.0016904665302392042,0.4445927903871829,2.249249249249249,0.015016290578756662,21.0,15.0,1.3999999999999997,0.41666666666666674,0.2727272727272726,0.015873015873015872,0.2631578947368421,0.2636437246963563,0.36363636363636365
graph_071_mu_0_3_node_330,27,0.1794871794871795,0.0009552505117225849,0.4479820627802691,2.2322322322322323,0.018739631583369287,14.0,13.0,1.0769230769230769,0.4814814814814816,0.11926605504587152,0.014590347923681253,0.3170731707317073,0.31749405977887935,0.12844036697247713
graph_071_mu_0_3_node_331,17,0.07352941176470588,0.0004789755389143348,0.3997599039615846,2.5015015015015014,0.009372266434332172,4.0,13.0,0.3076923076923076,0.7647058823529413,0.37142857142857155,0.013471502590673581,0.6190476190476188,0.6194682357363951,0.11428571428571431
graph_071_mu_0_3_node_332,25,0.18,0.0006732147114201265,0.4109419991772933,2.4334334334334335,0.013443832441743336,15.0,10.0,1.5,0.4000000000000001,0.20000000000000004,0.01052631578947369,0.25,0.25032381322453207,0.2999999999999999
graph_071_mu_0_3_node_333,42,0.20789779326364694,0.0016472524764786127,0.46164510166358597,2.166166166166166,0.05601652018220631,26.0,16.0,1.625,0.3809523809523811,0.10062893081761005,0.01902497027348394,0.23529411764705885,0.23581248737426683,0.16352201257861634
graph_071_mu_0_3_node_334,18,0.058823529411764705,0.0004753155132401942,0.4024979854955681,2.4844844844844847,0.010975114491177183,4.0,14.0,0.2857142857142856,0.777777777777778,0.6666666666666665,0.014300306435137904,0.6363636363636365,0.6368165935268306,0.04761904761904764
graph_071_mu_0_3_node_335,23,0.2727272727272727,0.0004931787743089122,0.43415906127770537,2.3033033033033035,0.03906676704124986,13.0,10.0,1.3000000000000005,0.4347826086956522,0.06289308176100629,0.011890606420927465,0.2777777777777778,0.27810154906574,0.08176100628930817
graph_071_mu_0_3_node_336,32,0.10344827586206896,0.0012105524201993293,0.4100985221674877,2.4384384384384385,0.01303107229674907,17.0,15.0,1.133333333333333,0.46875,0.4054054054054053,0.01557632398753894,0.3061224489795918,0.3066081530886486,0.4324324324324325
graph_071_mu_0_3_node_337,28,0.24867724867724866,0.000669881425831593,0.41729323308270677,2.3963963963963963,0.01569634036091976,19.0,9.0,2.111111111111111,0.32142857142857145,0.0825688073394495,0.010101010101010102,0.19148936170212763,0.1917808785615193,0.17431192660550462
graph_071_mu_0_3_node_338,33,0.14393939393939395,0.0015282832813555895,0.4467799642218247,2.2382382382382384,0.016205574659421112,17.0,16.0,1.0625,0.48484848484848464,0.29090909090909095,0.016931216931216932,0.32,0.3205180676078229,0.309090909090909
graph_071_mu_0_3_node_339,37,0.15615615615615616,0.0014551810193386395,0.42857142857142855,2.3333333333333335,0.018700487998193453,20.0,17.0,1.1764705882352942,0.4594594594594596,0.38636363636363635,0.01778242677824268,0.29824561403508765,0.29879614999803994,0.45454545454545436
graph_071_mu_0_3_node_340,34,0.0962566844919786,0.0016247637224672629,0.4473802060008957,2.235235235235235,0.017948872150815726,14.0,20.0,0.6999999999999998,0.5882352941176471,0.36363636363636365,0.021164021164021166,0.41666666666666674,0.4173140415614683,0.25454545454545446
graph_071_mu_0_3_node_341,25,0.4033333333333333,0.0002545318088981517,0.44223107569721115,2.2612612612612613,0.04694959913692701,19.0,6.0,3.166666666666666,0.2400000000000001,0.03773584905660377,0.007134363852556477,0.1363636363636363,0.13655799982330594,0.11949685534591194
graph_071_mu_0_3_node_342,24,0.12318840579710146,0.000759772605392162,0.44919064748201437,2.2262262262262262,0.02051513196403892,11.0,13.0,0.8461538461538461,0.5416666666666667,0.08783783783783787,0.015258215962441314,0.37142857142857155,0.37184937873119667,0.07432432432432434
graph_071_mu_0_3_node_343,20,0.10526315789473684,0.0005727745758937084,0.40842191332788225,2.4484484484484486,0.009332561206491367,8.0,12.0,0.6666666666666665,0.5999999999999998,0.4444444444444446,0.012332990750256935,0.42857142857142855,0.42895980322350974,0.2962962962962963
graph_071_mu_0_3_node_344,33,0.13446969696969696,0.0013859142528310166,0.4434087882822903,2.255255255255255,0.023175098023975493,12.0,21.0,0.5714285714285712,0.6363636363636365,0.19266055045871555,0.02356902356902357,0.46666666666666673,0.4673463003117684,0.11009174311926606
graph_071_mu_0_3_node_345,30,0.12873563218390804,0.001022634730645228,0.43397046046915727,2.304304304304304,0.015259729616788037,16.0,14.0,1.1428571428571423,0.46666666666666673,0.12389380530973448,0.015783540022547917,0.3043478260869565,0.3048011352438015,0.1415929203539823
graph_071_mu_0_3_node_346,18,0.08496732026143791,0.00034888162017156774,0.4197478991596639,2.3823823823823824,0.012399306732118922,7.0,11.0,0.6363636363636365,0.6111111111111108,0.09734513274336283,0.012401352874859077,0.4400000000000001,0.4403559985760058,0.06194690265486724
graph_071_mu_0_3_node_347,43,0.10520487264673312,0.0018441574246119725,0.4504057709648332,2.22022022022022,0.02252939477188943,24.0,19.0,1.2631578947368423,0.44186046511627897,0.12837837837837832,0.022300469483568064,0.2835820895522388,0.2841975140331768,0.16216216216216225
graph_071_mu_0_3_node_348,24,0.12681159420289856,0.0006227690642483409,0.4227676682183665,2.3653653653653652,0.01709602967041514,7.0,17.0,0.41176470588235303,0.7083333333333334,0.6296296296296297,0.017471736896197326,0.5483870967741937,0.5489371695779469,0.2592592592592592
graph_071_mu_0_3_node_349,23,0.1857707509881423,0.0005742339572405744,0.4201009251471825,2.3803803803803802,0.01603645171626445,10.0,13.0,0.7692307692307695,0.5652173913043478,0.11926605504587152,0.014590347923681253,0.39393939393939387,0.39436017400089257,0.09174311926605504
graph_071_mu_0_3_node_350,46,0.2396135265700483,0.0014114920870477983,0.4650837988826816,2.15015015015015,0.06295511968176441,31.0,15.0,2.0666666666666664,0.3260869565217392,0.09433962264150944,0.017835909631391204,0.1948051948051948,0.1952913396763664,0.19496855345911954
graph_071_mu_0_3_node_351,133,0.06652996126680337,0.016005973050643274,0.5173485240807871,1.932932932932933,0.05698704992147703,86.0,47.0,1.829787234042553,0.35338345864661663,0.3175675675675675,0.05516431924882629,0.21461187214611865,0.21613898654973174,0.5810810810810809
graph_071_mu_0_3_node_352,35,0.15630252100840336,0.0012419028818140547,0.4171189979123173,2.3973973973973974,0.017992174997079242,19.0,16.0,1.1875,0.45714285714285724,0.5925925925925926,0.01644398766700925,0.2962962962962963,0.29681443101132216,0.7037037037037039
graph_071_mu_0_3_node_353,123,0.10115953618552578,0.01269938279733546,0.5089149261334692,1.964964964964965,0.06100588229801342,83.0,40.0,2.0749999999999997,0.3252032520325204,0.36697247706422015,0.04489337822671157,0.19417475728155337,0.19547447134445953,0.7614678899082569
graph_071_mu_0_3_node_354,27,0.11965811965811966,0.0009327995586101686,0.43681679055531264,2.289289289289289,0.012953798650076872,13.0,14.0,0.9285714285714288,0.5185185185185184,0.12389380530973448,0.015783540022547917,0.3499999999999999,0.35045322110715443,0.11504424778761059
graph_071_mu_0_3_node_355,30,0.20899470899470898,0.0008553509620149203,0.41332230037236245,2.4194194194194196,0.016890496168225768,17.0,13.0,1.3076923076923077,0.43333333333333346,0.6500000000000002,0.013265306122448974,0.27659574468085113,0.2770167155043347,0.8000000000000002
graph_071_mu_0_3_node_356,20,0.14210526315789473,0.00033543129842422735,0.40875613747954176,2.4464464464464464,0.020671992827705855,7.0,13.0,0.5384615384615384,0.6500000000000002,0.4814814814814816,0.01336073997944501,0.4814814814814816,0.481902179840758,0.2592592592592592
graph_071_mu_0_3_node_357,23,0.19047619047619047,0.0006111976521567048,0.3981666002391391,2.5115115115115114,0.01217108787877411,13.0,10.0,1.3000000000000005,0.4347826086956522,0.5555555555555556,0.010183299389002034,0.2777777777777778,0.27810154906574,0.6666666666666665
graph_071_mu_0_3_node_358,21,0.10952380952380952,0.0004823415921652083,0.38962558502340094,2.5665665665665665,0.009539815365259151,11.0,10.0,1.0999999999999999,0.4761904761904762,0.27027027027027023,0.010384215991692628,0.3125,0.31282372936225317,0.29729729729729737
graph_071_mu_0_3_node_359,24,0.09782608695652174,0.0007563239024286674,0.3939274447949527,2.5385385385385386,0.007760003000363978,12.0,12.0,1.0,0.5,0.3243243243243245,0.012461059190031152,0.33333333333333326,0.3337218085680371,0.3243243243243245
graph_071_mu_0_3_node_360,32,0.14516129032258066,0.0012355551532977184,0.43491510666086197,2.299299299299299,0.02150284216337463,19.0,13.0,1.461538461538461,0.40625,0.11926605504587152,0.014590347923681253,0.2549019607843137,0.2553229861429949,0.17431192660550462
graph_071_mu_0_3_node_361,15,0.11428571428571428,0.0002780923631752347,0.37471867966991745,2.6686686686686687,0.0068285818797832465,7.0,8.0,0.875,0.5333333333333332,0.3809523809523811,0.008171603677221655,0.36363636363636365,0.3638952968315994,0.33333333333333326
graph_071_mu_0_3_node_362,14,0.07692307692307693,0.00032264285876955974,0.3821729150726855,2.6166166166166165,0.005752243565266197,3.0,11.0,0.2727272727272726,0.7857142857142859,0.25,0.011506276150627614,0.6470588235294118,0.647414729958376,0.06818181818181815
graph_071_mu_0_3_node_363,31,0.14408602150537633,0.0013706280795455538,0.43246753246753245,2.3123123123123124,0.015326113543359936,17.0,14.0,1.2142857142857142,0.4516129032258062,0.3783783783783784,0.01453790238836968,0.2916666666666667,0.29212000518101167,0.4594594594594596
graph_071_mu_0_3_node_364,21,0.3,0.00040374894612441156,0.42619453924914674,2.3463463463463463,0.01789557380836016,13.0,8.0,1.625,0.3809523809523811,0.07339449541284404,0.008978675645342315,0.23529411764705885,0.23555315145097028,0.11926605504587152
graph_071_mu_0_3_node_365,25,0.043333333333333335,0.0009145072990204092,0.40298507462686567,2.4814814814814814,0.009290736218343153,12.0,13.0,0.9230769230769232,0.5199999999999998,0.4193548387096773,0.013415892672858616,0.3513513513513515,0.3517721858986305,0.3225806451612903
graph_071_mu_0_3_node_366,23,0.03557312252964427,0.0006554467877020711,0.4028225806451613,2.4824824824824825,0.012967308330226992,4.0,19.0,0.21052631578947364,0.8260869565217388,0.31147540983606564,0.02023429179978701,0.7037037037037039,0.7043183318536728,0.04918032786885247
graph_071_mu_0_3_node_367,41,0.12804878048780488,0.0017197586842310222,0.4117889530090684,2.4284284284284285,0.011744701419955091,25.0,16.0,1.5625,0.39024390243902446,0.29090909090909095,0.016931216931216932,0.24242424242424232,0.2429425785652298,0.45454545454545436
graph_071_mu_0_3_node_368,26,0.38461538461538464,0.00039232383050631664,0.46271421954608616,2.161161161161161,0.0508463694866934,19.0,7.0,2.7142857142857153,0.2692307692307692,0.0440251572327044,0.00832342449464923,0.1555555555555555,0.1557823055798502,0.11949685534591194
graph_071_mu_0_3_node_369,53,0.08055152394775036,0.0034419882440547274,0.4631432545201669,2.159159159159159,0.02595922894116698,26.0,27.0,0.9629629629629632,0.5094339622641508,0.18243243243243243,0.03169014084507043,0.3417721518987341,0.3426465891821489,0.17567567567567574
graph_071_mu_0_3_node_370,16,0.24166666666666667,0.0002007256875116529,0.42402376910016976,2.3583583583583585,0.017302945302641547,10.0,6.0,1.666666666666667,0.375,0.040540540540540564,0.007042253521126762,0.2307692307692308,0.23096348096348107,0.06756756756756756
graph_071_mu_0_3_node_371,20,0.11578947368421053,0.0005702898760521865,0.3951740506329114,2.5305305305305303,0.008231352317938702,8.0,12.0,0.6666666666666665,0.5999999999999998,0.34285714285714275,0.012435233160621758,0.42857142857142855,0.42895980322350974,0.22857142857142862
graph_071_mu_0_3_node_372,54,0.13067784765897975,0.0030208907550773197,0.4402820625826355,2.2712712712712713,0.022994109898185133,35.0,19.0,1.8421052631578938,0.35185185185185197,0.17431192660550462,0.021324354657687998,0.2134831460674157,0.2140990094105813,0.3211009174311927
graph_071_mu_0_3_node_373,27,0.3475783475783476,0.00044001373616672415,0.4563727729556875,2.191191191191191,0.04886375497721593,18.0,9.0,2.0,0.33333333333333326,0.056603773584905655,0.010701545778834724,0.20000000000000004,0.20029149797570855,0.11320754716981131
graph_071_mu_0_3_node_374,37,0.13363363363363365,0.0015312308561133544,0.43302990897269183,2.309309309309309,0.016036656364767,22.0,15.0,1.4666666666666663,0.4054054054054053,0.2727272727272726,0.015873015873015872,0.2542372881355933,0.25472314956791264,0.4000000000000001
graph_071_mu_0_3_node_375,26,0.14130434782608695,0.0007610292967088264,0.4122988031366075,2.4254254254254253,0.014724514041498738,12.0,14.0,0.8571428571428571,0.5384615384615384,0.777777777777778,0.014256619144602854,0.36842105263157887,0.3688742443964372,0.6111111111111108
graph_071_mu_0_3_node_376,20,0.11578947368421053,0.0006247718855640874,0.4085889570552147,2.4474474474474475,0.011695271253671195,9.0,11.0,0.8181818181818182,0.5499999999999999,0.5,0.011247443762781187,0.3793103448275863,0.3796663894950081,0.4090909090909091
graph_071_mu_0_3_node_377,23,0.25296442687747034,0.0004955503234887299,0.42098609355246525,2.3753753753753752,0.015438553357837234,14.0,9.0,1.555555555555556,0.3913043478260869,0.0825688073394495,0.010101010101010102,0.24324324324324328,0.2435346657086774,0.12844036697247713
graph_071_mu_0_3_node_378,17,0.07352941176470588,0.00047663563996622774,0.3908450704225352,2.5585585585585586,0.00641184980830644,5.0,12.0,0.41666666666666674,0.7058823529411762,0.3870967741935483,0.012383900928792572,0.5454545454545452,0.5458428447038334,0.16129032258064516
graph_071_mu_0_3_node_379,29,0.13054187192118227,0.0009317282259549245,0.4229466553767993,2.364364364364364,0.016804005944607684,14.0,15.0,0.9333333333333335,0.5172413793103449,0.2727272727272726,0.015873015873015872,0.34883720930232553,0.3493228190663193,0.25454545454545446
graph_071_mu_0_3_node_380,39,0.20917678812415655,0.0014218574558025592,0.45909926470588236,2.1781781781781784,0.05184409678444504,25.0,14.0,1.7857142857142854,0.3589743589743588,0.0880503144654088,0.01664684898929846,0.21875,0.21920357351130695,0.15723270440251577
graph_071_mu_0_3_node_381,23,0.15019762845849802,0.0006125679234907524,0.4046172539489672,2.4714714714714714,0.013957363953362535,13.0,10.0,1.3000000000000005,0.4347826086956522,0.18181818181818182,0.010582010582010583,0.2777777777777778,0.27810154906574,0.2363636363636364
graph_071_mu_0_3_node_382,20,0.3736842105263158,0.00034394312941645676,0.42528735632183906,2.3513513513513513,0.037546702862627096,14.0,6.0,2.3333333333333335,0.2999999999999999,0.03773584905660377,0.007134363852556477,0.17647058823529405,0.1766648887534288,0.0880503144654088
graph_071_mu_0_3_node_383,41,0.08780487804878048,0.002038969369202548,0.45491803278688525,2.1981981981981984,0.0203960715624378,23.0,18.0,1.2777777777777783,0.43902439024390266,0.15929203539823003,0.020293122886133035,0.28125,0.2818330148344886,0.20353982300884962
graph_071_mu_0_3_node_384,40,0.21153846153846154,0.0014389916259941854,0.45658135283363804,2.19019019019019,0.05499957388502916,26.0,14.0,1.8571428571428577,0.3499999999999999,0.0880503144654088,0.01664684898929846,0.21212121212121207,0.21257481502427075,0.16352201257861634
graph_071_mu_0_3_node_385,20,0.19473684210526315,0.0003136783615580851,0.40675895765472314,2.4584584584584586,0.012075896133349973,12.0,8.0,1.5,0.4000000000000001,0.07079646017699115,0.009019165727170236,0.25,0.25025901703036973,0.10619469026548668
graph_071_mu_0_3_node_386,17,0.047619047619047616,0.00036010120772317567,0.3769811320754717,2.6526526526526526,0.004507571631685141,7.0,10.0,0.6999999999999998,0.5882352941176471,0.4761904761904762,0.010214504596527068,0.41666666666666674,0.4169903122100677,0.2857142857142856
graph_071_mu_0_3_node_387,25,0.10666666666666667,0.0008604139056799596,0.4293081220455522,2.329329329329329,0.01380712828872014,10.0,15.0,0.6666666666666665,0.5999999999999998,0.10135135135135133,0.017605633802816902,0.42857142857142855,0.4290569125990039,0.06756756756756756
graph_071_mu_0_3_node_388,21,0.03333333333333333,0.0007598419680091436,0.4036363636363636,2.4774774774774775,0.01160752736169117,2.0,19.0,0.10526315789473682,0.904761904761905,0.8260869565217388,0.019447287615148412,0.8260869565217388,0.8267015051519429,0.0
graph_071_mu_0_3_node_389,27,0.1282051282051282,0.0009099492879572287,0.432842287694974,2.31031031031031,0.017303044831124163,15.0,12.0,1.25,0.4444444444444446,0.08108108108108113,0.014084507042253523,0.2857142857142856,0.28610283642015294,0.10135135135135133
graph_071_mu_0_3_node_390,17,0.18382352941176472,0.0003251829388055592,0.3766968325791855,2.6546546546546548,0.005037792780564965,11.0,6.0,1.8333333333333328,0.3529411764705881,0.1363636363636363,0.006276150627615064,0.21428571428571427,0.21447997705849164,0.25
graph_071_mu_0_3_node_391,22,0.35064935064935066,0.00030117737259613794,0.4426229508196721,2.259259259259259,0.03976167047411194,15.0,7.0,2.142857142857143,0.31818181818181823,0.0440251572327044,0.00832342449464923,0.1891891891891892,0.18941588046805183,0.09433962264150944
graph_071_mu_0_3_node_392,16,0.175,0.0003023727639487166,0.4000800961153384,2.4994994994994997,0.009194825321799655,9.0,7.0,1.2857142857142858,0.4375,0.0472972972972973,0.00821596244131456,0.28000000000000014,0.28022660321776577,0.06081081081081082
graph_071_mu_0_3_node_393,24,0.05434782608695652,0.0007220263204265013,0.4121287128712871,2.4264264264264264,0.010969478254340793,11.0,13.0,0.8461538461538461,0.5416666666666667,0.11504424778761059,0.014656144306651634,0.37142857142857155,0.37184937873119667,0.08849557522123892
graph_071_mu_0_3_node_394,22,0.047619047619047616,0.0007304547419057484,0.3836405529953917,2.6066066066066065,0.007999092930989608,8.0,14.0,0.5714285714285712,0.6363636363636365,0.5185185185185184,0.014388489208633089,0.46666666666666673,0.4671197411003236,0.2592592592592592
graph_071_mu_0_3_node_395,21,0.1523809523809524,0.00046270854308149085,0.38202676864244745,2.6176176176176176,0.0069956478822716505,12.0,9.0,1.333333333333333,0.42857142857142855,0.33333333333333326,0.009249743062692701,0.2727272727272726,0.2730186574522379,0.4444444444444446
graph_071_mu_0_3_node_396,30,0.37471264367816093,0.00046864525223819275,0.45450409463148317,2.2002002002002,0.05490613085280774,23.0,7.0,3.2857142857142847,0.23333333333333336,0.0440251572327044,0.00832342449464923,0.1320754716981132,0.1323022804982947,0.1446540880503145
graph_071_mu_0_3_node_397,25,0.12333333333333334,0.0007871848848882997,0.40808823529411764,2.4504504504504503,0.011265144188855143,13.0,12.0,1.0833333333333335,0.4800000000000002,0.2727272727272726,0.012552301255230129,0.31578947368421056,0.316177974072711,0.29545454545454547
graph_071_mu_0_3_node_398,20,0.06842105263157895,0.00042827632531528556,0.42027766091712243,2.3793793793793796,0.015417137634532816,8.0,12.0,0.6666666666666665,0.5999999999999998,0.08108108108108113,0.014084507042253523,0.42857142857142855,0.42895980322350974,0.054054054054054064
graph_071_mu_0_3_node_399,18,0.1568627450980392,0.0004989877644832426,0.42098609355246525,2.3753753753753752,0.012537300603626806,7.0,11.0,0.6363636363636365,0.6111111111111108,0.07432432432432434,0.012910798122065727,0.4400000000000001,0.4403559985760058,0.0472972972972973
graph_071_mu_0_3_node_400,20,0.05263157894736842,0.0006873694315267437,0.4049452776651804,2.4694694694694697,0.010346860172293965,6.0,14.0,0.42857142857142855,0.6999999999999998,0.608695652173913,0.0143295803480041,0.5384615384615384,0.5389145542523747,0.1739130434782608
graph_071_mu_0_3_node_401,25,0.15666666666666668,0.0007910713085921093,0.4233050847457627,2.3623623623623624,0.015430363934062349,11.0,14.0,0.7857142857142859,0.5600000000000003,0.3783783783783784,0.01453790238836968,0.388888888888889,0.38934205131524996,0.29729729729729737
graph_071_mu_0_3_node_402,20,0.12631578947368421,0.0005714189335647737,0.4036363636363636,2.4774774774774775,0.008444272229470277,11.0,9.0,1.2222222222222217,0.4500000000000001,0.07964601769911502,0.010146561443066518,0.29032258064516125,0.2906139465035575,0.08849557522123892
graph_071_mu_0_3_node_403,18,0.05228758169934641,0.0004163068337887487,0.37528174305033807,2.664664664664665,0.006213144153250038,8.0,10.0,0.8000000000000002,0.5555555555555556,0.37037037037037035,0.01027749229188078,0.38461538461538475,0.3849390511094291,0.2592592592592592
graph_071_mu_0_3_node_404,19,0.3508771929824561,0.00027309179177570586,0.4334056399132321,2.3073073073073074,0.039316068184418816,13.0,6.0,2.166666666666667,0.31578947368421056,0.03773584905660377,0.007134363852556477,0.1875,0.18769428793471923,0.08176100628930817
graph_071_mu_0_3_node_405,25,0.3433333333333333,0.00041747392707398336,0.4465802413947251,2.239239239239239,0.04584354206792414,18.0,7.0,2.5714285714285716,0.28000000000000014,0.0440251572327044,0.00832342449464923,0.1627906976744186,0.16301743300950108,0.11320754716981131
graph_071_mu_0_3_node_406,28,0.10846560846560846,0.0011415193495573042,0.427105600684053,2.3413413413413413,0.012994992699292291,14.0,14.0,1.0,0.5,0.0945945945945946,0.01643192488262912,0.33333333333333326,0.3337865837865837,0.0945945945945946
graph_071_mu_0_3_node_407,26,0.3323076923076923,0.00040518641642210647,0.4247448979591837,2.354354354354354,0.042142225751764045,21.0,5.0,4.200000000000002,0.19230769230769237,0.031446540880503145,0.005945303210463732,0.1063829787234043,0.10654497451151375,0.1320754716981132
graph_071_mu_0_3_node_408,23,0.14624505928853754,0.0005769402697143312,0.4069246435845214,2.4574574574574575,0.011921995886332963,11.0,12.0,0.9166666666666664,0.5217391304347825,0.4444444444444446,0.012332990750256935,0.3529411764705881,0.35332962655475253,0.4074074074074074
graph_071_mu_0_3_node_409,17,0.29411764705882354,0.0001850304968911762,0.39627132090440303,2.5235235235235236,0.010296945897740944,14.0,3.0,4.666666666666667,0.17647058823529405,0.020270270270270282,0.003521126760563381,0.09677419354838708,0.09687135324654432,0.0945945945945946
graph_071_mu_0_3_node_410,40,0.1346153846153846,0.0015602715007375372,0.43359375,2.3063063063063063,0.017844315779854604,24.0,16.0,1.5,0.4000000000000001,0.10810810810810813,0.018779342723004692,0.25,0.2505183025591188,0.16216216216216225
graph_071_mu_0_3_node_411,19,0.15204678362573099,0.0005321694576394185,0.4107730263157895,2.4344344344344346,0.01069666328342787,11.0,8.0,1.375,0.4210526315789473,0.054054054054054064,0.009389671361502346,0.2666666666666666,0.2669256669256669,0.07432432432432434
graph_071_mu_0_3_node_412,14,0.15384615384615385,0.0002274754308444344,0.41590341382181517,2.4044044044044046,0.015496888041059203,5.0,9.0,0.5555555555555556,0.6428571428571429,0.056603773584905655,0.010701545778834724,0.4736842105263158,0.47397546323658424,0.031446540880503145
graph_071_mu_0_3_node_413,18,0.0915032679738562,0.0005459244193687125,0.39548693586698336,2.5285285285285286,0.011106966901786555,7.0,11.0,0.6363636363636365,0.6111111111111108,0.4782608695652175,0.011258955987717504,0.4400000000000001,0.4403559985760058,0.3043478260869565
graph_071_mu_0_3_node_414,25,0.07333333333333333,0.0008687918940062489,0.41332230037236245,2.4194194194194196,0.011197000266937462,11.0,14.0,0.7857142857142859,0.5600000000000003,0.12389380530973448,0.015783540022547917,0.388888888888889,0.38934205131524996,0.09734513274336283
graph_071_mu_0_3_node_415,26,0.36,0.00045486802194233096,0.444,2.2522522522522523,0.049096201909831806,20.0,6.0,3.333333333333334,0.2307692307692308,0.03773584905660377,0.007134363852556477,0.13043478260869562,0.130629158661566,0.12578616352201258
graph_071_mu_0_3_node_416,17,0.11029411764705882,0.0003808980309442979,0.4049452776651804,2.4694694694694697,0.011137679777176834,8.0,9.0,0.8888888888888892,0.5294117647058824,0.07964601769911502,0.010146561443066518,0.36,0.36029130927334513,0.07079646017699115
graph_071_mu_0_3_node_417,30,0.135632183908046,0.0008182255060919261,0.4457831325301205,2.2432432432432434,0.022630853611099008,14.0,16.0,0.875,0.5333333333333332,0.10810810810810813,0.018779342723004692,0.36363636363636365,0.3641543306159686,0.0945945945945946
graph_071_mu_0_3_node_418,18,0.11764705882352941,0.0003328339396639195,0.4008828250401284,2.4944944944944947,0.013082650897531923,7.0,11.0,0.6363636363636365,0.6111111111111108,0.180327868852459,0.011714589989350375,0.4400000000000001,0.4403559985760058,0.11475409836065568
graph_071_mu_0_3_node_419,23,0.11857707509881422,0.0007584913077372382,0.42169691853102576,2.3713713713713713,0.011241085889886105,12.0,11.0,1.0909090909090904,0.4782608695652175,0.20000000000000004,0.011640211640211645,0.3142857142857142,0.314641828112643,0.21818181818181825
graph_071_mu_0_3_node_420,51,0.16941176470588235,0.002186828761421931,0.46271421954608616,2.161161161161161,0.06011546671177498,31.0,20.0,1.5500000000000005,0.39215686274509814,0.12578616352201258,0.02378121284185493,0.24390243902439032,0.24455052716437728,0.19496855345911954
graph_071_mu_0_3_node_421,17,0.35294117647058826,0.0002771640980582487,0.42223161453930685,2.3683683683683685,0.033042524696869364,12.0,5.0,2.399999999999999,0.29411764705882354,0.031446540880503145,0.005945303210463732,0.17241379310344834,0.17257569447313384,0.07547169811320754
graph_071_mu_0_3_node_422,16,0.1,0.00036126683616881215,0.37984790874524715,2.6326326326326326,0.006467459887239288,7.0,9.0,0.777777777777778,0.5625,0.07964601769911502,0.010146561443066518,0.3913043478260869,0.3915956382426324,0.06194690265486724
graph_071_mu_0_3_node_423,22,0.07792207792207792,0.0007870877583718579,0.41263940520446096,2.4234234234234235,0.010739920755847019,7.0,15.0,0.46666666666666673,0.6818181818181818,0.24590163934426232,0.015974440894568682,0.5172413793103449,0.5177267690783286,0.11475409836065568
graph_071_mu_0_3_node_424,37,0.24174174174174173,0.0012633294182397535,0.45574817518248173,2.194194194194194,0.05299654652821531,22.0,15.0,1.4666666666666663,0.4054054054054053,0.09433962264150944,0.017835909631391204,0.2542372881355933,0.25472314956791264,0.13836477987421383
graph_071_mu_0_3_node_425,33,0.13446969696969696,0.0013763343549734355,0.4453856442264824,2.245245245245245,0.019175582797748007,19.0,14.0,1.3571428571428577,0.42424242424242414,0.0945945945945946,0.01643192488262912,0.2692307692307692,0.2696841664715231,0.12837837837837832
graph_071_mu_0_3_node_426,56,0.1334730957372467,0.0033138994196580886,0.45121951219512196,2.2162162162162162,0.022341806115185596,34.0,22.0,1.5454545454545454,0.39285714285714296,0.5,0.023012552301255228,0.24444444444444444,0.2451574338144211,0.75
graph_071_mu_0_3_node_427,17,0.08088235294117647,0.00038073626127260713,0.40024038461538464,2.4984984984984986,0.009505631783178268,5.0,12.0,0.41666666666666674,0.7058823529411762,0.1967213114754099,0.012779552715654952,0.5454545454545452,0.5458428447038334,0.08196721311475412
graph_071_mu_0_3_node_428,32,0.11290322580645161,0.0010092450214982999,0.4056029232643118,2.4654654654654653,0.015223685420554672,15.0,17.0,0.8823529411764709,0.53125,0.3399999999999999,0.017894736842105265,0.3617021276595746,0.3622524853921006,0.2999999999999999
graph_071_mu_0_3_node_429,25,0.09881422924901186,0.0007839826261705594,0.38766006984866125,2.5795795795795797,0.006719240208553683,15.0,10.0,1.5,0.4000000000000001,0.4761904761904762,0.010214504596527068,0.25,0.25032381322453207,0.6666666666666665
graph_071_mu_0_3_node_430,26,0.08307692307692308,0.0009494712834830422,0.4150394682176984,2.4094094094094096,0.011606514124970168,11.0,15.0,0.7333333333333332,0.5769230769230768,0.13274336283185842,0.016910935738444186,0.4054054054054053,0.4058909208609807,0.09734513274336283
graph_071_mu_0_3_node_431,16,0.15833333333333333,0.00037716986114620595,0.40445344129554656,2.4724724724724725,0.008307134598742522,8.0,8.0,1.0,0.5,0.054054054054054064,0.009389671361502346,0.33333333333333326,0.3335922832912539,0.054054054054054064
graph_071_mu_0_3_node_432,16,0.09166666666666666,0.0003509828816955771,0.404126213592233,2.4744744744744747,0.0077947760173083325,8.0,8.0,1.0,0.5,0.07079646017699115,0.009019165727170236,0.33333333333333326,0.3335922832912539,0.06194690265486724
graph_071_mu_0_3_node_433,17,0.08088235294117647,0.0003963772730981851,0.4213412062420919,2.3733733733733735,0.010585528723273617,4.0,13.0,0.3076923076923076,0.7647058823529413,0.21311475409836064,0.013844515441959528,0.6190476190476188,0.6194682357363951,0.06557377049180325
graph_071_mu_0_3_node_434,15,0.1619047619047619,0.00022549397916722699,0.3786959818043973,2.640640640640641,0.005817753173637578,11.0,4.0,2.75,0.2666666666666666,0.035398230088495575,0.004509582863585118,0.1538461538461538,0.1539756707481095,0.09734513274336283
graph_071_mu_0_3_node_435,34,0.062388591800356503,0.0012534214387286504,0.43681679055531264,2.289289289289289,0.01767155631441216,19.0,15.0,1.2666666666666662,0.44117647058823545,0.10135135135135133,0.017605633802816902,0.2830188679245283,0.2835046349506625,0.1148648648648649
graph_071_mu_0_3_node_436,91,0.15384615384615385,0.006299124176212166,0.5032745591939547,1.986986986986987,0.10211719543083367,59.0,32.0,1.84375,0.3516483516483515,0.2012578616352201,0.03804994054696788,0.21333333333333335,0.2143717549325026,0.37106918238993725
graph_071_mu_0_3_node_437,22,0.13852813852813853,0.0006451028499787635,0.41469489414694893,2.4114114114114114,0.011203488581774921,11.0,11.0,1.0,0.5,0.20000000000000004,0.011640211640211645,0.33333333333333326,0.33368942410410796,0.20000000000000004
graph_071_mu_0_3_node_438,13,0.07692307692307693,0.0003392175311549302,0.4057676685621446,2.4644644644644647,0.00870216953835715,2.0,11.0,0.18181818181818182,0.8461538461538461,0.09734513274336283,0.012401352874859077,0.7333333333333332,0.7336892167329906,0.0
graph_071_mu_0_3_node_439,37,0.09243697478991597,0.001716416438264172,0.45203619909502263,2.2122122122122123,0.01892813503444555,20.0,17.0,1.1764705882352942,0.4594594594594596,0.15044247787610618,0.019165727170236752,0.29824561403508765,0.29879614999803994,0.168141592920354
graph_071_mu_0_3_node_440,28,0.06153846153846154,0.0011214668201048987,0.43453675511091777,2.3013013013013013,0.015465345092346313,13.0,15.0,0.8666666666666669,0.5357142857142857,0.24590163934426232,0.015974440894568682,0.36585365853658547,0.36633923686036896,0.1967213114754099
graph_071_mu_0_3_node_441,219,0.09741423451100871,0.03201401268171929,0.5556173526140156,1.7997997997997999,0.21079917720918778,151.0,68.0,2.2205882352941173,0.3105022831050227,0.4276729559748427,0.0808561236623068,0.18378378378378374,0.1860010786840056,0.9433962264150945
graph_071_mu_0_3_node_442,37,0.15765765765765766,0.0012685309566950024,0.41992433795712486,2.3813813813813813,0.016366275553157776,25.0,12.0,2.083333333333333,0.3243243243243245,0.11009174311926606,0.013468013468013464,0.19354838709677416,0.19393718958511016,0.22935779816513768
graph_071_mu_0_3_node_443,23,0.20948616600790515,0.00069299872578959,0.43548387096774194,2.2962962962962963,0.017320482739726514,13.0,10.0,1.3000000000000005,0.4347826086956522,0.06756756756756756,0.011737089201877935,0.2777777777777778,0.27810154906574,0.08783783783783787
graph_071_mu_0_3_node_444,188,0.06684103458297007,0.03185331579293961,0.5459016393442623,1.8318318318318318,0.07716401727655844,128.0,60.0,2.133333333333333,0.3191489361702127,0.4054054054054053,0.07042253521126761,0.18987341772151906,0.19182743322337534,0.8581081081081083
graph_071_mu_0_3_node_445,30,0.21693121693121692,0.0006594063209250611,0.44380275433140826,2.2532532532532534,0.040626231334642375,17.0,13.0,1.3076923076923077,0.43333333333333346,0.08176100628930817,0.015457788347205707,0.27659574468085113,0.2770167155043347,0.10062893081761005
graph_071_mu_0_3_node_446,26,0.24615384615384617,0.0006949667340605317,0.4445927903871829,2.249249249249249,0.041366373686275285,15.0,11.0,1.3636363636363635,0.4230769230769231,0.06918238993710692,0.013079667063020215,0.26829268292682934,0.26864886594013765,0.09433962264150944
graph_071_mu_0_3_node_447,17,0.19852941176470587,0.00023311254229201365,0.41332230037236245,2.4194194194194196,0.015304238911423029,10.0,7.0,1.4285714285714282,0.41176470588235303,0.06194690265486724,0.007891770011273959,0.2592592592592592,0.2594858771491229,0.08849557522123892
graph_071_mu_0_3_node_448,21,0.4380952380952381,0.00025167879934424024,0.44301552106430153,2.2572572572572573,0.04481182585117042,15.0,6.0,2.5,0.2857142857142856,0.03773584905660377,0.007134363852556477,0.16666666666666663,0.16686097976984687,0.09433962264150944
graph_071_mu_0_3_node_449,24,0.09782608695652174,0.0007991013378819176,0.40379951495553756,2.4764764764764764,0.008281079166812288,11.0,13.0,0.8461538461538461,0.5416666666666667,0.21311475409836064,0.013844515441959528,0.37142857142857155,0.37184937873119667,0.180327868852459
graph_071_mu_0_3_node_450,22,0.12121212121212122,0.0005440061166414805,0.4375821287779238,2.285285285285285,0.0190266745597685,6.0,16.0,0.375,0.7272727272727273,0.262295081967213,0.017039403620873275,0.5714285714285712,0.5719462702572777,0.09836065573770494
graph_071_mu_0_3_node_451,63,0.12800819252432155,0.004287519705148241,0.45825688073394494,2.1821821821821823,0.02210156696735597,39.0,24.0,1.625,0.3809523809523811,0.4363636363636365,0.025396825396825407,0.23529411764705885,0.23607212594581395,0.7090909090909091
graph_071_mu_0_3_node_452,15,0.047619047619047616,0.000333071359562372,0.40298507462686567,2.4814814814814814,0.007990747188714483,4.0,11.0,0.36363636363636365,0.7333333333333332,0.180327868852459,0.011714589989350375,0.5789473684210529,0.5793032978823048,0.04918032786885247
graph_071_mu_0_3_node_453,30,0.1793103448275862,0.0008292308027690244,0.42802056555269924,2.3363363363363363,0.02121092745133931,19.0,11.0,1.7272727272727268,0.3666666666666666,0.1009174311926606,0.012345679012345677,0.22448979591836735,0.22484607122201117,0.17431192660550462
graph_071_mu_0_3_node_454,17,0.08823529411764706,0.0003403278812363952,0.3875096974398759,2.5805805805805804,0.008266181775379014,9.0,8.0,1.125,0.4705882352941177,0.1311475409836065,0.008519701810436637,0.3076923076923076,0.30795127441508374,0.1311475409836065
graph_071_mu_0_3_node_455,29,0.22413793103448276,0.0007550942151430916,0.4469798657718121,2.2372372372372373,0.04145723118424992,16.0,13.0,1.2307692307692304,0.44827586206896536,0.08176100628930817,0.015457788347205707,0.2888888888888888,0.2893098324500714,0.10062893081761005
graph_071_mu_0_3_node_456,24,0.14492753623188406,0.000621523562690245,0.3929976396538159,2.5445445445445447,0.009313258004820815,12.0,12.0,1.0,0.5,0.2727272727272726,0.012552301255230129,0.33333333333333326,0.3337218085680371,0.2727272727272726
graph_071_mu_0_3_node_457,15,0.047619047619047616,0.0003694757711453848,0.39880239520958083,2.5075075075075075,0.00854075534986801,6.0,9.0,0.6666666666666665,0.5999999999999998,0.3913043478260869,0.009211873080859774,0.42857142857142855,0.42886270013361494,0.1739130434782608
graph_071_mu_0_3_node_458,29,0.08831908831908832,0.0009234996228448372,0.40808823529411764,2.4504504504504503,0.01014421411143276,14.0,15.0,0.9333333333333335,0.5172413793103449,0.24590163934426232,0.015974440894568682,0.34883720930232553,0.3493228190663193,0.21311475409836064
graph_071_mu_0_3_node_459,20,0.05789473684210526,0.000518362782575229,0.3908450704225352,2.5585585585585586,0.008390252067453023,7.0,13.0,0.5384615384615384,0.6500000000000002,0.21311475409836064,0.013844515441959528,0.4814814814814816,0.481902179840758,0.11475409836065568
graph_071_mu_0_3_node_460,15,0.09523809523809523,0.00028499488945968684,0.4018503620273532,2.4884884884884886,0.01111489539607817,6.0,9.0,0.6666666666666665,0.5999999999999998,0.14754098360655735,0.009584664536741214,0.42857142857142855,0.42886270013361494,0.08196721311475412
graph_071_mu_0_3_node_461,25,0.09666666666666666,0.0007354252932803866,0.42027766091712243,2.3793793793793796,0.014297914506678019,9.0,16.0,0.5625,0.64,0.262295081967213,0.017039403620873275,0.4705882352941177,0.47110603464686834,0.14754098360655735
graph_071_mu_0_3_node_462,16,0.175,0.0003433042572860656,0.4245643858903527,2.3553553553553552,0.012389825238053815,8.0,8.0,1.0,0.5,0.054054054054054064,0.009389671361502346,0.33333333333333326,0.3335922832912539,0.054054054054054064
graph_071_mu_0_3_node_463,15,0.18095238095238095,0.00020050791090948223,0.36566617862371886,2.734734734734735,0.004958214619231304,9.0,6.0,1.5,0.4000000000000001,0.16216216216216225,0.006230529595015576,0.25,0.25019423761735193,0.24324324324324328
graph_071_mu_0_3_node_464,16,0.10833333333333334,0.00031253420437067983,0.41060419235511714,2.4354354354354353,0.011726149097682602,5.0,11.0,0.45454545454545436,0.6875,0.180327868852459,0.011714589989350375,0.5238095238095238,0.5241654763060454,0.08196721311475412
graph_071_mu_0_3_node_465,40,0.23846153846153847,0.0011970520072296022,0.4605809128630705,2.171171171171171,0.057200188770848814,27.0,13.0,2.076923076923077,0.3250000000000001,0.08176100628930817,0.015457788347205707,0.1940298507462686,0.19445109438710992,0.16981132075471703
graph_071_mu_0_3_node_466,44,0.12790697674418605,0.002204349118512235,0.4528558476881233,2.2082082082082084,0.025307285337843603,23.0,21.0,1.0952380952380951,0.4772727272727274,0.19266055045871555,0.02356902356902357,0.31343283582089565,0.3141129537079959,0.2110091743119266
graph_071_mu_0_3_node_467,17,0.08823529411764706,0.000511356024584815,0.4201009251471825,2.3803803803803802,0.017129138866425295,3.0,14.0,0.21428571428571427,0.8235294117647061,0.608695652173913,0.0143295803480041,0.6999999999999998,0.700452927855063,0.13043478260869562
graph_071_mu_0_3_node_468,24,0.15942028985507245,0.0007530041654632355,0.42402376910016976,2.3583583583583585,0.014133534111455064,13.0,11.0,1.1818181818181819,0.4583333333333332,0.29729729729729737,0.011422637590861894,0.29729729729729737,0.297653434183366,0.3513513513513515
graph_071_mu_0_3_node_469,105,0.12875457875457874,0.007874544357503156,0.5117827868852459,1.9539539539539539,0.11190578060736711,69.0,36.0,1.9166666666666672,0.34285714285714275,0.22641509433962262,0.042806183115338896,0.20689655172413793,0.2080653828929692,0.4339622641509433
graph_071_mu_0_3_node_470,22,0.09523809523809523,0.0007780571354138906,0.41729323308270677,2.3963963963963963,0.013147678423784172,10.0,12.0,0.8333333333333335,0.5454545454545452,0.5714285714285712,0.012257405515832485,0.375,0.375388424936881,0.42857142857142855
graph_071_mu_0_3_node_471,33,0.08901515151515152,0.0015372680180372367,0.43529411764705883,2.2972972972972974,0.014128731307979644,16.0,17.0,0.9411764705882354,0.5151515151515154,0.27868852459016397,0.018104366347177846,0.34693877551020413,0.3474891688795828,0.262295081967213
graph_071_mu_0_3_node_472,18,0.16993464052287582,0.00029572944653203433,0.40842191332788225,2.4484484484484486,0.010005589507655739,8.0,10.0,0.8000000000000002,0.5555555555555556,0.22727272727272718,0.010460251046025102,0.38461538461538475,0.3849390511094291,0.18181818181818182
graph_071_mu_0_3_node_473,21,0.0761904761904762,0.0006252924486838291,0.3976910828025478,2.5145145145145147,0.010156823938625516,9.0,12.0,0.75,0.5714285714285712,0.34285714285714275,0.012435233160621758,0.4000000000000001,0.40038839979285346,0.2571428571428571
graph_071_mu_0_3_node_474,41,0.1970310391363023,0.0015837566787508584,0.46036866359447004,2.1721721721721723,0.05378434519671169,24.0,17.0,1.4117647058823524,0.41463414634146356,0.10691823899371067,0.0202140309155767,0.26153846153846155,0.2620891401688913,0.1446540880503145
graph_071_mu_0_3_node_475,17,0.08823529411764706,0.0004086145020533504,0.37855248200075786,2.6416416416416415,0.006596918185054564,5.0,12.0,0.41666666666666674,0.7058823529411762,0.2727272727272726,0.012552301255230129,0.5454545454545452,0.5458428447038334,0.11363636363636359
graph_071_mu_0_3_node_476,62,0.15547329455314648,0.002864675610724173,0.47844827586206895,2.09009009009009,0.07112026733657267,38.0,24.0,1.583333333333333,0.3870967741935483,0.1509433962264151,0.02853745541022591,0.2400000000000001,0.2407779578606158,0.23899371069182387
graph_071_mu_0_3_node_477,65,0.1735576923076923,0.0034593600579916305,0.4814457831325301,2.0770770770770772,0.07754851066192196,44.0,21.0,2.0952380952380953,0.3230769230769231,0.1320754716981132,0.02497027348394768,0.19266055045871555,0.19334159472659307,0.27672955974842767
graph_071_mu_0_3_node_478,34,0.09475806451612903,0.0013526904016422964,0.4107730263157895,2.4344344344344346,0.013018652553463598,16.0,18.0,0.8888888888888892,0.5294117647058824,0.6666666666666665,0.018499486125385402,0.36,0.3605827505827506,0.5555555555555556
graph_071_mu_0_3_node_479,16,0.11666666666666667,0.000325760631528437,0.4188679245283019,2.3873873873873874,0.014066213130138899,6.0,10.0,0.5999999999999998,0.625,0.08849557522123892,0.01127395715896279,0.45454545454545436,0.45486907914092367,0.05309734513274334
graph_071_mu_0_3_node_480,15,0.0761904761904762,0.0002225444205825249,0.4090909090909091,2.4444444444444446,0.013195100841363085,6.0,9.0,0.6666666666666665,0.5999999999999998,0.07964601769911502,0.010146561443066518,0.42857142857142855,0.42886270013361494,0.05309734513274334
graph_071_mu_0_3_node_481,36,0.09365079365079365,0.0017749124191908149,0.4459821428571429,2.2422422422422423,0.021650837891529755,18.0,18.0,1.0,0.5,0.15929203539823003,0.020293122886133035,0.33333333333333326,0.33391615939213387,0.15929203539823003
graph_071_mu_0_3_node_482,21,0.45714285714285713,0.00015157638747170349,0.4206315789473684,2.3773773773773774,0.04053411623873883,18.0,3.0,6.0,0.1428571428571428,0.018867924528301886,0.0035671819262782386,0.0769230769230769,0.07702026180110991,0.11320754716981131
graph_071_mu_0_3_node_483,18,0.32679738562091504,0.0002309212433678947,0.413151364764268,2.4204204204204203,0.012402806691563531,14.0,4.0,3.5,0.2222222222222223,0.027027027027027032,0.004694835680751173,0.125,0.1251295420687868,0.0945945945945946
graph_071_mu_0_3_node_484,19,0.14619883040935672,0.0003591918220356195,0.40942622950819674,2.4424424424424425,0.012460114181730498,10.0,9.0,1.1111111111111112,0.4736842105263158,0.06081081081081082,0.010563380281690137,0.31034482758620696,0.31063617458047704,0.06756756756756756
graph_071_mu_0_3_node_485,46,0.11594202898550725,0.0019341790768103108,0.427105600684053,2.3413413413413413,0.020901952950371647,25.0,21.0,1.1904761904761905,0.45652173913043465,0.4772727272727274,0.021966527196652715,0.2957746478873239,0.29645485389257126,0.5681818181818182
graph_071_mu_0_3_node_486,24,0.09782608695652174,0.0006976520947233882,0.38962558502340094,2.5665665665665665,0.008981416183026355,10.0,14.0,0.7142857142857141,0.5833333333333334,0.4000000000000001,0.014507772020725394,0.41176470588235303,0.4122178389740154,0.2857142857142856
graph_071_mu_0_3_node_487,17,0.125,0.0004351927282885045,0.4111111111111111,2.4324324324324325,0.012568638785126767,6.0,11.0,0.5454545454545452,0.6470588235294118,0.5,0.011247443762781187,0.4782608695652175,0.47861684509998975,0.2727272727272726
graph_071_mu_0_3_node_488,24,0.12681159420289856,0.0007038523168223242,0.43321769297484825,2.3083083083083085,0.02172086864049537,7.0,17.0,0.41176470588235303,0.7083333333333334,0.15044247787610618,0.019165727170236752,0.5483870967741937,0.5489371695779469,0.06194690265486724
graph_071_mu_0_3_node_489,77,0.1038961038961039,0.005450933153260433,0.4835430784123911,2.068068068068068,0.035725774660025154,52.0,25.0,2.079999999999999,0.3246753246753248,0.16891891891891891,0.029342723004694832,0.19379844961240303,0.19460953224550173,0.3513513513513515
graph_071_mu_0_3_node_490,21,0.11904761904761904,0.0005130692839047184,0.40379951495553756,2.4764764764764764,0.012024916580876824,11.0,10.0,1.0999999999999999,0.4761904761904762,0.18181818181818182,0.010582010582010583,0.3125,0.31282372936225317,0.20000000000000004
graph_071_mu_0_3_node_491,17,0.11029411764705882,0.0003078042402015853,0.3824655436447167,2.6146146146146148,0.00974396586858055,7.0,10.0,0.6999999999999998,0.5882352941176471,0.2857142857142856,0.010362694300518137,0.41666666666666674,0.4169903122100677,0.20000000000000004
graph_071_mu_0_3_node_492,37,0.15765765765765766,0.0014186157192772907,0.43397046046915727,2.304304304304304,0.01804641990752668,21.0,16.0,1.3125,0.4324324324324325,0.29090909090909095,0.016931216931216932,0.2758620689655173,0.27638027080513383,0.38181818181818183
graph_071_mu_0_3_node_493,17,0.09558823529411764,0.0003382649218567564,0.40024038461538464,2.4984984984984986,0.00980524668914132,6.0,11.0,0.5454545454545452,0.6470588235294118,0.25,0.011506276150627614,0.4782608695652175,0.47861684509998975,0.1363636363636363
graph_071_mu_0_3_node_494,38,0.16642958748221906,0.0014722230897052293,0.41764214046822745,2.3943943943943946,0.014978413669218617,24.0,14.0,1.7142857142857142,0.36842105263157887,0.25454545454545446,0.014814814814814812,0.2258064516129031,0.22625999573626732,0.4363636363636365
graph_071_mu_0_3_node_495,25,0.3933333333333333,0.00036350609833070793,0.4393139841688654,2.2762762762762763,0.04798397583109614,19.0,6.0,3.166666666666666,0.2400000000000001,0.03773584905660377,0.007134363852556477,0.1363636363636363,0.13655799982330594,0.11949685534591194
graph_071_mu_0_3_node_496,22,0.13157894736842105,0.0004417421954248844,0.38467462456680784,2.5995995995995997,0.006309888199314157,13.0,9.0,1.444444444444444,0.4090909090909091,0.14754098360655735,0.009584664536741214,0.2571428571428571,0.2574342607368348,0.1967213114754099
graph_071_mu_0_3_node_497,20,0.08947368421052632,0.0005220377589305467,0.40925850061450225,2.4434434434434436,0.009241188783886948,9.0,11.0,0.8181818181818182,0.5499999999999999,0.09734513274336283,0.012401352874859077,0.3793103448275863,0.3796663894950081,0.07964601769911502
graph_071_mu_0_3_node_498,23,0.1383399209486166,0.0005383605832763711,0.42223161453930685,2.3683683683683685,0.016917576770165157,12.0,11.0,1.0909090909090904,0.4782608695652175,0.07432432432432434,0.012910798122065727,0.3142857142857142,0.314641828112643,0.08108108108108113
graph_071_mu_0_3_node_499,30,0.1793103448275862,0.0011688790766315816,0.4169449081803005,2.3983983983983985,0.015718634482395414,15.0,15.0,1.0,0.5,0.75,0.01530612244897959,0.33333333333333326,0.33381897454160847,0.75
graph_071_mu_0_3_node_500,62,0.13960867265996826,0.0034950026071936743,0.4528558476881233,2.2082082082082084,0.025263485239292956,40.0,22.0,1.8181818181818175,0.3548387096774193,0.4000000000000001,0.02328042328042329,0.21568627450980402,0.21639954127157288,0.7272727272727273
graph_071_mu_0_3_node_501,17,0.2647058823529412,0.00023183729254700196,0.42857142857142855,2.3333333333333335,0.01779791053011972,11.0,6.0,1.8333333333333328,0.3529411764705881,0.040540540540540564,0.007042253521126762,0.21428571428571427,0.21447997705849164,0.07432432432432434
graph_071_mu_0_3_node_502,13,0.0641025641025641,0.00036430684635591185,0.4069246435845214,2.4574574574574575,0.008420566356140486,3.0,10.0,0.2999999999999999,0.7692307692307695,0.16393442622950824,0.010649627263045794,0.625,0.6253235617679416,0.016393442622950814
graph_071_mu_0_3_node_503,136,0.11356750084165639,0.013145013257071885,0.5263435194942044,1.8998998998999,0.13799875227978056,89.0,47.0,1.8936170212765964,0.3455882352941177,0.29559748427672955,0.05588585017835911,0.20888888888888885,0.2104163010626889,0.5534591194968553
graph_071_mu_0_3_node_504,24,0.2717391304347826,0.0004245539274663651,0.4190436241610738,2.3863863863863863,0.014959699547392312,18.0,6.0,3.0,0.25,0.05504587155963303,0.006734006734006732,0.1428571428571428,0.1430514937252434,0.165137614678899
graph_071_mu_0_3_node_505,20,0.22105263157894736,0.0004981241040254656,0.4186923721709975,2.3883883883883885,0.016034884515205752,10.0,10.0,1.0,0.5,0.09174311926605504,0.011223344556677893,0.33333333333333326,0.3336570417368036,0.09174311926605504
graph_071_mu_0_3_node_506,25,0.23333333333333334,0.0005102328629603414,0.4455842997323818,2.244244244244244,0.024236630934065008,12.0,13.0,0.9230769230769232,0.5199999999999998,0.11926605504587152,0.014590347923681253,0.3513513513513515,0.3517721858986305,0.11009174311926606
graph_071_mu_0_3_node_507,27,0.1282051282051282,0.0008174493974543469,0.4238438693254137,2.359359359359359,0.01648442109155016,14.0,13.0,1.0769230769230769,0.4814814814814816,0.08783783783783787,0.015258215962441314,0.3170731707317073,0.31749405977887935,0.0945945945945946
graph_071_mu_0_3_node_508,23,0.16996047430830039,0.0007478543205306263,0.411619283065513,2.4294294294294296,0.010177938329809377,11.0,12.0,0.9166666666666664,0.5217391304347825,0.2727272727272726,0.012552301255230129,0.3529411764705881,0.35332962655475253,0.25
graph_071_mu_0_3_node_509,30,0.08275862068965517,0.0010915549702888467,0.4164235097957482,2.4014014014014013,0.010796638813173394,13.0,17.0,0.7647058823529413,0.5666666666666665,0.27868852459016397,0.018104366347177846,0.3953488372093022,0.395899123681966,0.21311475409836064
graph_071_mu_0_3_node_510,23,0.3438735177865613,0.0002770117198500496,0.4467799642218247,2.2382382382382384,0.04396381489164244,16.0,7.0,2.2857142857142847,0.3043478260869565,0.0440251572327044,0.00832342449464923,0.1794871794871794,0.1797138854495463,0.10062893081761005
graph_071_mu_0_3_node_511,18,0.24836601307189543,0.00030060932703559275,0.4138359569179785,2.4164164164164164,0.01634091723175339,10.0,8.0,1.25,0.4444444444444446,0.18181818181818182,0.00836820083682008,0.2857142857142856,0.2859732692040883,0.22727272727272718
graph_071_mu_0_3_node_512,22,0.10822510822510822,0.0010147463162398388,0.41992433795712486,2.3813813813813813,0.008152331093577199,10.0,12.0,0.8333333333333335,0.5454545454545452,0.3870967741935483,0.012383900928792572,0.375,0.375388424936881,0.3225806451612903
graph_071_mu_0_3_node_513,33,0.1590909090909091,0.0013906728862279586,0.4377738825591586,2.284284284284284,0.019340434907883525,18.0,15.0,1.1999999999999995,0.45454545454545436,0.2999999999999999,0.015789473684210523,0.29411764705882354,0.29460338262438157,0.36
graph_071_mu_0_3_node_514,22,0.13852813852813853,0.00044344132199567506,0.4183417085427136,2.3903903903903903,0.013471810017892603,12.0,10.0,1.1999999999999995,0.45454545454545436,0.08849557522123892,0.01127395715896279,0.29411764705882354,0.29444139738257386,0.10619469026548668
graph_071_mu_0_3_node_515,54,0.14605171208944795,0.003180880275721027,0.45081227436823107,2.2182182182182184,0.022246220363514875,33.0,21.0,1.5714285714285718,0.388888888888889,0.42,0.022105263157894735,0.2413793103448275,0.24205986905111798,0.66
graph_071_mu_0_3_node_516,22,0.14285714285714285,0.0006998213612569238,0.39564356435643566,2.5275275275275275,0.007561669749623906,10.0,12.0,0.8333333333333335,0.5454545454545452,0.5454545454545452,0.012269938650306752,0.375,0.375388424936881,0.45454545454545436
graph_071_mu_0_3_node_517,25,0.24110671936758893,0.0004711246588301924,0.3903868698710434,2.5615615615615615,0.00829762659096029,18.0,7.0,2.5714285714285716,0.28000000000000014,0.14000000000000007,0.007368421052631579,0.1627906976744186,0.16301743300950108,0.3399999999999999
graph_071_mu_0_3_node_518,46,0.12560386473429952,0.002354307718065674,0.4393139841688654,2.2762762762762763,0.020499204719277492,27.0,19.0,1.4210526315789476,0.4130434782608694,0.3454545454545456,0.020105820105820103,0.26027397260273977,0.26088951671133476,0.4909090909090911
graph_071_mu_0_3_node_519,22,0.22510822510822512,0.0005488961134123874,0.4057676685621446,2.4644644644644647,0.010629140045705057,12.0,10.0,1.1999999999999995,0.45454545454545436,0.5,0.01020408163265306,0.29411764705882354,0.29444139738257386,0.5999999999999998
graph_071_mu_0_3_node_520,32,0.1103448275862069,0.0012492571020078895,0.41469489414694893,2.4114114114114114,0.010375797273745883,15.0,17.0,0.8823529411764709,0.53125,0.7727272727272727,0.017382413087934562,0.3617021276595746,0.3622524853921006,0.6363636363636365
graph_071_mu_0_3_node_521,18,0.08496732026143791,0.0004485650558591107,0.4157303370786517,2.4054054054054053,0.012011947755097015,4.0,14.0,0.2857142857142856,0.777777777777778,0.608695652173913,0.0143295803480041,0.6363636363636365,0.6368165935268306,0.1739130434782608
graph_071_mu_0_3_node_522,31,0.17733990147783252,0.0008784929765870887,0.40056134723336007,2.4964964964964964,0.01086234819943059,21.0,10.0,2.100000000000001,0.3225806451612903,0.27027027027027023,0.010384215991692628,0.19230769230769237,0.19263163140714168,0.5405405405405405
graph_071_mu_0_3_node_523,26,0.19076923076923077,0.0006188105796414164,0.40396279822078446,2.4754754754754753,0.010434476876597303,15.0,11.0,1.3636363636363635,0.4230769230769231,0.22000000000000006,0.011578947368421052,0.26829268292682934,0.26864886594013765,0.2999999999999999
graph_071_mu_0_3_node_524,27,0.1111111111111111,0.0008809988991381702,0.4381578947368421,2.2822822822822824,0.01756560462075983,11.0,16.0,0.6875,0.5925925925925926,0.10810810810810813,0.018779342723004692,0.4210526315789473,0.4215704979694186,0.07432432432432434
graph_071_mu_0_3_node_525,22,0.0735930735930736,0.0005815641780351753,0.404126213592233,2.4744744744744747,0.010335796272351505,9.0,13.0,0.6923076923076923,0.5909090909090909,0.21311475409836064,0.013844515441959528,0.4193548387096773,0.4197755915335763,0.14754098360655735
graph_071_mu_0_3_node_526,48,0.1642512077294686,0.002152280283036888,0.4276541095890411,2.3383383383383385,0.014926663257000745,31.0,17.0,1.8235294117647063,0.3541666666666667,0.3399999999999999,0.017894736842105265,0.21518987341772144,0.21574080189424227,0.5999999999999998
graph_071_mu_0_3_node_527,35,0.18181818181818182,0.0010675774948419284,0.4243840271877655,2.3563563563563563,0.01795989953259842,21.0,14.0,1.5,0.4000000000000001,0.25454545454545446,0.014814814814814812,0.25,0.2504534559823801,0.36363636363636365
graph_071_mu_0_3_node_528,18,0.09803921568627451,0.0005052285330601256,0.40445344129554656,2.4724724724724725,0.008992141118013545,6.0,12.0,0.5,0.6666666666666665,0.3870967741935483,0.012383900928792572,0.5,0.5003883243802989,0.19354838709677416
graph_071_mu_0_3_node_529,26,0.16,0.0009247271447586677,0.4085889570552147,2.4474474474474475,0.010448320122718922,15.0,11.0,1.3636363636363635,0.4230769230769231,0.29729729729729737,0.011422637590861894,0.26829268292682934,0.26864886594013765,0.4054054054054053
graph_071_mu_0_3_node_530,25,0.11333333333333333,0.0006722629896114582,0.411619283065513,2.4294294294294296,0.013085917566695448,13.0,12.0,1.0833333333333335,0.4800000000000002,0.4444444444444446,0.012332990750256935,0.31578947368421056,0.316177974072711,0.4814814814814816
graph_071_mu_0_3_node_531,22,0.15789473684210525,0.0005314520789622973,0.3976910828025478,2.5145145145145147,0.006637040861181415,11.0,11.0,1.0,0.5,0.5,0.011247443762781187,0.33333333333333326,0.33368942410410796,0.45454545454545436
graph_071_mu_0_3_node_532,36,0.13368983957219252,0.0015365905366121913,0.43453675511091777,2.3013013013013013,0.013038231006934574,16.0,20.0,0.8000000000000002,0.5555555555555556,1.0,0.02040816326530612,0.38461538461538475,0.38526284333989097,0.75
graph_071_mu_0_3_node_533,15,0.0761904761904762,0.0004037663641393887,0.41555740432612315,2.4064064064064064,0.011562529635996447,3.0,12.0,0.25,0.8000000000000002,0.3870967741935483,0.012383900928792572,0.6666666666666665,0.6670549156636902,0.09677419354838708
graph_071_mu_0_3_node_534,52,0.18627450980392157,0.0021977029645163276,0.47368421052631576,2.111111111111111,0.066011397772395,31.0,21.0,1.4761904761904756,0.40384615384615397,0.1320754716981132,0.02497027348394768,0.25301204819277107,0.25369251868951453,0.19496855345911954
graph_071_mu_0_3_node_535,16,0.03333333333333333,0.0005220992550510653,0.3920722135007849,2.5505505505505504,0.006641044108371785,4.0,12.0,0.33333333333333326,0.75,0.3870967741935483,0.012383900928792572,0.5999999999999998,0.6003882741215296,0.09677419354838708
graph_071_mu_0_3_node_536,49,0.15816326530612246,0.0027738331048006303,0.4514234071396295,2.215215215215215,0.01877411677193746,31.0,18.0,1.7222222222222217,0.3673469387755102,0.36,0.018947368421052636,0.22500000000000006,0.2255833171300798,0.62
graph_071_mu_0_3_node_537,25,0.19666666666666666,0.0006065145588151325,0.38977760436987907,2.5655655655655654,0.00891956112067509,14.0,11.0,1.272727272727273,0.4400000000000001,0.25,0.011506276150627614,0.282051282051282,0.28240744199947704,0.31818181818181823
graph_071_mu_0_3_node_538,25,0.1541501976284585,0.0007083127877302867,0.4046172539489672,2.4714714714714714,0.015415917245368992,12.0,13.0,0.9230769230769232,0.5199999999999998,0.722222222222222,0.013238289205702643,0.3513513513513515,0.3517721858986305,0.6111111111111108
graph_071_mu_0_3_node_539,35,0.11363636363636363,0.001293203837651447,0.42912371134020616,2.33033033033033,0.020521526067655105,14.0,21.0,0.6666666666666665,0.5999999999999998,0.42,0.022105263157894735,0.42857142857142855,0.42925115020923416,0.2599999999999999
graph_071_mu_0_3_node_540,17,0.22794117647058823,0.0002519479472758728,0.37192851824274015,2.6886886886886887,0.006197998552160904,12.0,5.0,2.399999999999999,0.29411764705882354,0.1428571428571428,0.005181347150259068,0.17241379310344834,0.17257569447313384,0.34285714285714275
graph_071_mu_0_3_node_541,31,0.05591397849462366,0.0012670961965511732,0.40217391304347827,2.4864864864864864,0.011678234062141565,16.0,15.0,1.0666666666666664,0.4838709677419357,0.24590163934426232,0.015974440894568682,0.3191489361702127,0.3196346088268422,0.262295081967213
graph_071_mu_0_3_node_542,18,0.05228758169934641,0.0004607076954454048,0.3751408186256102,2.665665665665666,0.005938576983442223,6.0,12.0,0.5,0.6666666666666665,0.5714285714285712,0.012257405515832485,0.5,0.5003883243802989,0.2857142857142856
graph_071_mu_0_3_node_543,24,0.06884057971014493,0.0006135014403229284,0.4059325477448192,2.4634634634634636,0.012260161292401168,10.0,14.0,0.7142857142857141,0.5833333333333334,0.22950819672131137,0.014909478168264108,0.41176470588235303,0.4122178389740154,0.14754098360655735
graph_071_mu_0_3_node_544,25,0.13666666666666666,0.0009258645400535434,0.4153846153846154,2.4074074074074074,0.01025669283237715,14.0,11.0,1.272727272727273,0.4400000000000001,0.3142857142857142,0.011398963730569948,0.282051282051282,0.28240744199947704,0.4000000000000001
graph_071_mu_0_3_node_545,28,0.12923076923076923,0.0008332710183300716,0.4033104561970125,2.4794794794794797,0.012059877143230216,16.0,12.0,1.333333333333333,0.42857142857142855,0.5454545454545452,0.012269938650306752,0.2727272727272726,0.2731158485967113,0.6818181818181818
graph_071_mu_0_3_node_546,70,0.14409937888198757,0.005326211382054946,0.47503566333808844,2.105105105105105,0.0277995593641683,42.0,28.0,1.5,0.4000000000000001,0.5600000000000003,0.029473684210526315,0.25,0.25090773520067433,0.84
graph_071_mu_0_3_node_547,45,0.14242424242424243,0.00156965347622387,0.440864960282436,2.2682682682682684,0.024395488017019618,33.0,12.0,2.75,0.2666666666666666,0.11009174311926606,0.013468013468013464,0.1538461538461538,0.1542351579955314,0.30275229357798167
graph_071_mu_0_3_node_548,24,0.08695652173913043,0.0008087529395129302,0.42875536480686693,2.3323323323323324,0.012343844668544218,11.0,13.0,0.8461538461538461,0.5416666666666667,0.21311475409836064,0.013844515441959528,0.37142857142857155,0.37184937873119667,0.180327868852459
graph_071_mu_0_3_node_549,30,0.1310344827586207,0.0009754641473383951,0.4026602176541717,2.4834834834834836,0.010545741632527266,18.0,12.0,1.5,0.4000000000000001,0.1967213114754099,0.012779552715654952,0.25,0.25038862620636054,0.2950819672131147
graph_071_mu_0_3_node_550,25,0.15810276679841898,0.0006960556507179403,0.3953304313415117,2.5295295295295297,0.007176926620893303,16.0,9.0,1.7777777777777783,0.36,0.2571428571428571,0.00932642487046632,0.21951219512195133,0.2198036553376318,0.42857142857142855
graph_071_mu_0_3_node_551,34,0.11942959001782531,0.001229705784948526,0.4304179233089186,2.3233233233233235,0.015298830143709329,22.0,12.0,1.8333333333333328,0.3529411764705881,0.10619469026548668,0.013528748590755358,0.21428571428571427,0.21467444120505344,0.19469026548672566
graph_071_mu_0_3_node_552,27,0.13675213675213677,0.000841577669900016,0.4004008016032064,2.4974974974974975,0.011203583924651378,14.0,13.0,1.0769230769230769,0.4814814814814816,0.2599999999999999,0.013684210526315792,0.3170731707317073,0.31749405977887935,0.28000000000000014
graph_071_mu_0_3_node_553,27,0.19658119658119658,0.0006743117982343113,0.42258883248730966,2.3663663663663663,0.01812930522318133,16.0,11.0,1.4545454545454546,0.4074074074074074,0.1009174311926606,0.012345679012345677,0.2558139534883721,0.2561701595697814,0.14678899082568808
graph_071_mu_0_3_node_554,35,0.23025210084033612,0.0008748684751233252,0.4215189873417722,2.3723723723723724,0.01882945012785673,26.0,9.0,2.888888888888888,0.2571428571428571,0.0825688073394495,0.010101010101010102,0.14754098360655735,0.14783263272026806,0.23853211009174305
graph_071_mu_0_3_node_555,25,0.12666666666666668,0.0008720687566667741,0.41400745959386653,2.4154154154154153,0.01299066243841504,10.0,15.0,0.6666666666666665,0.5999999999999998,0.5555555555555556,0.015416238437821167,0.42857142857142855,0.4290569125990039,0.37037037037037035
graph_071_mu_0_3_node_556,24,0.12318840579710146,0.0007017576719328091,0.4062627084180561,2.4614614614614614,0.008892594137665927,13.0,11.0,1.1818181818181819,0.4583333333333332,0.09734513274336283,0.012401352874859077,0.29729729729729737,0.297653434183366,0.11504424778761059
graph_071_mu_0_3_node_557,23,0.2015810276679842,0.0005505926820944909,0.3881118881118881,2.5765765765765765,0.008995221909626514,14.0,9.0,1.555555555555556,0.3913043478260869,0.18,0.009473684210526318,0.24324324324324328,0.2435346657086774,0.28000000000000014
graph_071_mu_0_3_node_558,24,0.15579710144927536,0.0005668211002376833,0.39690107270560193,2.5195195195195197,0.008487307067734562,18.0,6.0,3.0,0.25,0.05309734513274334,0.006764374295377679,0.1428571428571428,0.1430514937252434,0.15044247787610618
graph_071_mu_0_3_node_559,32,0.22580645161290322,0.0006297195047248622,0.41729323308270677,2.3963963963963963,0.01705099621841453,24.0,8.0,3.0,0.25,0.07339449541284404,0.008978675645342315,0.1428571428571428,0.14311636131349695,0.22018348623853212
graph_071_mu_0_3_node_560,32,0.16733870967741934,0.001072681401439718,0.4188679245283019,2.3873873873873874,0.011992051299382826,21.0,11.0,1.9090909090909096,0.34375,0.20000000000000004,0.011640211640211645,0.20754716981132082,0.2079034912780694,0.38181818181818183
graph_071_mu_0_3_node_561,23,0.1857707509881423,0.0005427827668746844,0.42546848381601365,2.3503503503503502,0.015410150950530985,12.0,11.0,1.0909090909090904,0.4782608695652175,0.07432432432432434,0.012910798122065727,0.3142857142857142,0.314641828112643,0.08108108108108113
graph_071_mu_0_3_node_562,35,0.10252100840336134,0.001480876630146662,0.4249255635899617,2.3533533533533535,0.015587561364627375,20.0,15.0,1.333333333333333,0.42857142857142855,0.13274336283185842,0.016910935738444186,0.2727272727272726,0.2732130712180587,0.17699115044247785
graph_071_mu_0_3_node_563,27,0.1111111111111111,0.000765285722512382,0.41366459627329194,2.4174174174174174,0.016183547410036813,16.0,11.0,1.4545454545454546,0.4074074074074074,0.180327868852459,0.011714589989350375,0.2558139534883721,0.2561701595697814,0.262295081967213
graph_071_mu_0_3_node_564,29,0.10256410256410256,0.0011052488368907538,0.43097497842968074,2.32032032032032,0.017952535912941738,13.0,16.0,0.8125,0.5517241379310346,0.4324324324324325,0.0166147455867082,0.3809523809523811,0.38147031439793305,0.3243243243243245
graph_071_mu_0_3_node_565,41,0.08658536585365853,0.002356082775904131,0.45909926470588236,2.1781781781781784,0.01922641873785733,20.0,21.0,0.9523809523809524,0.5121951219512193,0.18584070796460178,0.023675310033821877,0.3442622950819674,0.3449422808346467,0.17699115044247785
graph_071_mu_0_3_node_566,27,0.19658119658119658,0.0007420699809115371,0.3986432561851556,2.5085085085085086,0.00903690027121971,16.0,11.0,1.4545454545454546,0.4074074074074074,0.22000000000000006,0.011578947368421052,0.2558139534883721,0.2561701595697814,0.32
graph_071_mu_0_3_node_567,25,0.1,0.0007149633330212256,0.4193954659949622,2.3843843843843846,0.014165087590127362,15.0,10.0,1.5,0.4000000000000001,0.08849557522123892,0.01127395715896279,0.25,0.25032381322453207,0.12389380530973448
graph_071_mu_0_3_node_568,20,0.06315789473684211,0.0004864121399066913,0.388715953307393,2.5725725725725725,0.006618278557810156,9.0,11.0,0.8181818181818182,0.5499999999999999,0.180327868852459,0.011714589989350375,0.3793103448275863,0.3796663894950081,0.11475409836065568
graph_071_mu_0_3_node_569,28,0.14814814814814814,0.0007817411926119324,0.4085889570552147,2.4474474474474475,0.01304385387485097,17.0,11.0,1.5454545454545454,0.39285714285714296,0.20000000000000004,0.011640211640211645,0.24444444444444444,0.24480067359694282,0.309090909090909
graph_071_mu_0_3_node_570,19,0.14619883040935672,0.00043327206928684856,0.4016887816646562,2.4894894894894897,0.010766803625393616,11.0,8.0,1.375,0.4210526315789473,0.22857142857142862,0.008290155440414506,0.2666666666666666,0.2669256669256669,0.3142857142857142
graph_071_mu_0_3_node_571,49,0.15263644773358,0.002617579528647657,0.4504057709648332,2.22022022022022,0.02339474296562125,28.0,21.0,1.333333333333333,0.42857142857142855,0.5675675675675675,0.021806853582554516,0.2727272727272726,0.273407610952562,0.7297297297297297
graph_071_mu_0_3_node_572,29,0.2044334975369458,0.0008683230020713342,0.4164235097957482,2.4014014014014013,0.012449616109246229,20.0,9.0,2.2222222222222223,0.31034482758620696,0.16363636363636364,0.009523809523809521,0.1836734693877551,0.18396500513327677,0.36363636363636365
graph_071_mu_0_3_node_573,19,0.09941520467836257,0.0004238722224829711,0.39880239520958083,2.5075075075075075,0.008568486207084388,11.0,8.0,1.375,0.4210526315789473,0.07079646017699115,0.009019165727170236,0.2666666666666666,0.2669256669256669,0.09734513274336283
graph_071_mu_0_3_node_574,24,0.16666666666666666,0.0005267025981911751,0.41607663473552686,2.4034034034034035,0.015590023123288116,14.0,10.0,1.3999999999999997,0.41666666666666674,0.06756756756756756,0.011737089201877935,0.2631578947368421,0.26348168699173147,0.0945945945945946
graph_071_mu_0_3_node_575,25,0.11,0.0009422545981439712,0.42728828058169377,2.34034034034034,0.013484815277009655,13.0,12.0,1.0833333333333335,0.4800000000000002,0.08108108108108113,0.014084507042253523,0.31578947368421056,0.316177974072711,0.08783783783783787
graph_071_mu_0_3_node_576,19,0.09941520467836257,0.00048090079557818995,0.40445344129554656,2.4724724724724725,0.010216523484566122,8.0,11.0,0.7272727272727273,0.5789473684210529,0.4074074074074074,0.011305241521068855,0.4074074074074074,0.40776342902762946,0.2962962962962963
graph_071_mu_0_3_node_577,44,0.15750528541226216,0.0021458077931138632,0.44321206743566993,2.2562562562562563,0.01908953377416177,25.0,19.0,1.3157894736842108,0.4318181818181817,0.37999999999999995,0.02,0.27536231884057966,0.2759777831922366,0.5
graph_071_mu_0_3_node_578,56,0.10412299091544375,0.0036309636457239154,0.45491803278688525,2.1981981981981984,0.02475081251074499,27.0,29.0,0.9310344827586208,0.5178571428571431,0.6590909090909091,0.03033472803347281,0.34939759036144574,0.35033680077696544,0.5909090909090909
graph_071_mu_0_3_node_579,24,0.14130434782608695,0.0006610061800495643,0.411619283065513,2.4294294294294296,0.01227464794732584,10.0,14.0,0.7142857142857141,0.5833333333333334,0.31818181818181823,0.01464435146443515,0.41176470588235303,0.4122178389740154,0.22727272727272718
graph_071_mu_0_3_node_580,23,0.12380952380952381,0.0006520132739589929,0.41366459627329194,2.4174174174174174,0.013450732314535464,14.0,9.0,1.555555555555556,0.3913043478260869,0.24324324324324328,0.009345794392523362,0.24324324324324328,0.2435346657086774,0.3513513513513515
graph_071_mu_0_3_node_581,17,0.029411764705882353,0.0004313860495104773,0.37082405345211583,2.6966966966966965,0.005759359872411523,4.0,13.0,0.3076923076923076,0.7647058823529413,0.29545454545454547,0.013598326359832632,0.6190476190476188,0.6194682357363951,0.06818181818181815
graph_071_mu_0_3_node_582,20,0.09473684210526316,0.0006512861898930289,0.4263764404609475,2.3453453453453452,0.014682983425589772,9.0,11.0,0.8181818181818182,0.5499999999999999,0.09734513274336283,0.012401352874859077,0.3793103448275863,0.3796663894950081,0.07964601769911502
graph_071_mu_0_3_node_583,45,0.07575757575757576,0.0023356560217466533,0.44380275433140826,2.2532532532532534,0.019836716392100027,24.0,21.0,1.1428571428571423,0.46666666666666673,0.18584070796460178,0.023675310033821877,0.3043478260869565,0.3050279880302763,0.21238938053097337
graph_071_mu_0_3_node_584,36,0.26916221033868093,0.0012100088955808157,0.4514234071396295,2.215215215215215,0.05219917572204889,25.0,11.0,2.272727272727273,0.3055555555555554,0.06918238993710692,0.013079667063020215,0.180327868852459,0.1806842826813156,0.1509433962264151
graph_071_mu_0_3_node_585,58,0.12142857142857143,0.0030938034247776766,0.45867768595041325,2.18018018018018,0.02548095093859491,36.0,22.0,1.6363636363636365,0.3793103448275863,0.2018348623853212,0.024691358024691353,0.23404255319148948,0.2347556350014206,0.3211009174311927
graph_071_mu_0_3_node_586,28,0.15873015873015872,0.0008193453650571666,0.4049452776651804,2.4694694694694697,0.01154879005831751,17.0,11.0,1.5454545454545454,0.39285714285714296,0.22000000000000006,0.011578947368421052,0.24444444444444444,0.24480067359694282,0.3399999999999999
graph_071_mu_0_3_node_587,36,0.14444444444444443,0.0013856258712962237,0.4402820625826355,2.2712712712712713,0.022720915802736434,23.0,13.0,1.76923076923077,0.361111111111111,0.08783783783783787,0.015258215962441314,0.22033898305084743,0.2207601175223237,0.15540540540540543
graph_071_mu_0_3_node_588,31,0.08602150537634409,0.0010733058009089796,0.41060419235511714,2.4354354354354353,0.012809614916930705,20.0,11.0,1.8181818181818175,0.3548387096774193,0.09734513274336283,0.012401352874859077,0.21568627450980402,0.21604257289350487,0.17699115044247785
graph_071_mu_0_3_node_589,35,0.1268939393939394,0.0011006528886780226,0.4366258741258741,2.29029029029029,0.01818994326929598,21.0,14.0,1.5,0.4000000000000001,0.0945945945945946,0.01643192488262912,0.25,0.2504534559823801,0.13513513513513511
graph_071_mu_0_3_node_590,38,0.1380952380952381,0.0015274680473033448,0.4424269264836138,2.26026026026026,0.020769771825792194,23.0,15.0,1.5333333333333337,0.3947368421052631,0.1376146788990826,0.01683501683501684,0.24590163934426232,0.24638753225346516,0.2018348623853212
graph_071_mu_0_3_node_591,37,0.2807807807807808,0.0009100784119629714,0.46143187066974595,2.1671671671671673,0.05721363262134386,27.0,10.0,2.7000000000000006,0.27027027027027023,0.06289308176100629,0.011890606420927465,0.15625,0.1565740650722665,0.16981132075471703
graph_071_mu_0_3_node_592,31,0.1827956989247312,0.0009775591948434678,0.4397007042253521,2.274274274274274,0.020689376128590474,21.0,10.0,2.100000000000001,0.3225806451612903,0.06756756756756756,0.011737089201877935,0.19230769230769237,0.19263163140714168,0.14189189189189189
graph_071_mu_0_3_node_593,38,0.18776671408250356,0.0015078545160266737,0.44878706199460916,2.2282282282282284,0.02391927763358937,26.0,12.0,2.166666666666667,0.31578947368421056,0.11009174311926606,0.013468013468013464,0.1875,0.1878888276845312,0.23853211009174305
graph_071_mu_0_3_node_594,24,0.17753623188405798,0.0007657157144567971,0.4304179233089186,2.3233233233233235,0.017335001795978734,12.0,12.0,1.0,0.5,0.08108108108108113,0.014084507042253523,0.33333333333333326,0.3337218085680371,0.08108108108108113
graph_071_mu_0_3_node_595,38,0.12233285917496443,0.0012934362114520714,0.43567378979502835,2.295295295295295,0.019119195634262006,26.0,12.0,2.166666666666667,0.31578947368421056,0.08108108108108113,0.014084507042253523,0.1875,0.1878888276845312,0.17567567567567574
graph_071_mu_0_3_node_596,30,0.14022988505747128,0.0009216176437283005,0.44203539823008847,2.2622622622622623,0.018947568622881737,16.0,14.0,1.1428571428571423,0.46666666666666673,0.0945945945945946,0.01643192488262912,0.3043478260869565,0.3048011352438015,0.10810810810810813
graph_071_mu_0_3_node_597,20,0.09473684210526316,0.0006194741819846121,0.4138359569179785,2.4164164164164164,0.013030415060142185,9.0,11.0,0.8181818181818182,0.5499999999999999,0.09734513274336283,0.012401352874859077,0.3793103448275863,0.3796663894950081,0.07079646017699115
graph_071_mu_0_3_node_598,26,0.10507246376811594,0.0008479096661277732,0.4211635750421585,2.374374374374374,0.01574563502251597,11.0,15.0,0.7333333333333332,0.5769230769230768,0.7142857142857141,0.0153217568947906,0.4054054054054053,0.4058909208609807,0.4761904761904762
graph_071_mu_0_3_node_599,28,0.12169312169312169,0.0009749686814499264,0.4141791044776119,2.4144144144144146,0.013738401008417198,12.0,16.0,0.75,0.5714285714285712,0.4324324324324325,0.0166147455867082,0.4000000000000001,0.4005178999158412,0.3243243243243245
graph_071_mu_0_3_node_600,27,0.09116809116809117,0.0009142630474677845,0.43586387434554974,2.294294294294294,0.01521201787646177,13.0,14.0,0.9285714285714288,0.5185185185185184,0.22950819672131137,0.014909478168264108,0.3499999999999999,0.35045322110715443,0.21311475409836064
graph_071_mu_0_3_node_601,35,0.2184873949579832,0.0009119342171709986,0.43681679055531264,2.289289289289289,0.01874295257512102,25.0,10.0,2.5,0.2857142857142856,0.09174311926605504,0.011223344556677893,0.16666666666666663,0.16699068973710926,0.22935779816513768
graph_071_mu_0_3_node_602,34,0.19556451612903225,0.0011388241850600663,0.42528735632183906,2.3513513513513513,0.014803513541937013,18.0,16.0,1.125,0.4705882352941177,0.8000000000000002,0.016326530612244903,0.3076923076923076,0.3082104088515591,0.8499999999999998
graph_071_mu_0_3_node_603,18,0.10457516339869281,0.000527752421858001,0.42912371134020616,2.33033033033033,0.019310117624352616,2.0,16.0,0.125,0.8888888888888892,0.6956521739130432,0.01637666325486182,0.8000000000000002,0.8005175648573459,0.0434782608695652
graph_071_mu_0_3_node_604,24,0.15579710144927536,0.00047717047052928477,0.4479820627802691,2.2322322322322323,0.02143371069996067,12.0,12.0,1.0,0.5,0.08108108108108113,0.014084507042253523,0.33333333333333326,0.3337218085680371,0.08108108108108113
graph_071_mu_0_3_node_605,18,0.1111111111111111,0.00045149450744233493,0.4138359569179785,2.4164164164164164,0.011952459478211292,10.0,8.0,1.25,0.4444444444444446,0.07079646017699115,0.009019165727170236,0.2857142857142856,0.2859732692040883,0.08849557522123892
graph_071_mu_0_3_node_606,28,0.1693121693121693,0.000873892357624742,0.4249255635899617,2.3533533533533535,0.01615806383839096,15.0,13.0,1.1538461538461535,0.4642857142857144,0.11926605504587152,0.014590347923681253,0.3023255813953489,0.3027464976977611,0.1376146788990826
graph_071_mu_0_3_node_607,24,0.22826086956521738,0.0005797924221138383,0.42912371134020616,2.33033033033033,0.017521611385501946,15.0,9.0,1.666666666666667,0.375,0.06081081081081082,0.010563380281690137,0.2307692307692308,0.2310606721085656,0.10135135135135133
graph_071_mu_0_3_node_608,41,0.2634146341463415,0.001136526438299583,0.47413383958234456,2.109109109109109,0.060836629578053206,29.0,12.0,2.4166666666666665,0.2926829268292682,0.07547169811320754,0.014268727705112954,0.17142857142857137,0.17181747472128603,0.1823899371069183
graph_071_mu_0_3_node_609,26,0.14153846153846153,0.0009413356019666926,0.4192194712547209,2.3853853853853852,0.01416187101853296,16.0,10.0,1.6000000000000003,0.38461538461538475,0.06756756756756756,0.011737089201877935,0.2380952380952381,0.23841907229212922,0.10810810810810813
graph_071_mu_0_3_node_610,47,0.26919518963922295,0.0010552675530150887,0.4757142857142857,2.1021021021021022,0.0701438165119159,37.0,10.0,3.700000000000001,0.2127659574468086,0.06289308176100629,0.011890606420927465,0.11904761904761905,0.11937189429244686,0.2327044025157233
graph_071_mu_0_3_node_611,21,0.11904761904761904,0.0004413442836602339,0.39658594680428744,2.5215215215215214,0.009728806641687826,11.0,10.0,1.0999999999999999,0.4761904761904762,0.08849557522123892,0.01127395715896279,0.3125,0.31282372936225317,0.09734513274336283
graph_071_mu_0_3_node_612,20,0.1631578947368421,0.0005499213904929181,0.40976210008203445,2.4404404404404403,0.00822067115537371,11.0,9.0,1.2222222222222217,0.4500000000000001,0.24324324324324328,0.009345794392523362,0.29032258064516125,0.2906139465035575,0.29729729729729737
graph_071_mu_0_3_node_613,27,0.1396011396011396,0.0008224540847182405,0.45720823798627,2.1871871871871873,0.022429127832654258,10.0,17.0,0.5882352941176471,0.6296296296296297,0.15596330275229356,0.019079685746352416,0.4594594594594596,0.4600096390769226,0.09174311926605504
graph_071_mu_0_3_node_614,21,0.21637426900584794,0.0004896249314935178,0.3964285714285714,2.5225225225225225,0.015418540046746075,11.0,10.0,1.0999999999999999,0.4761904761904762,0.5555555555555556,0.010183299389002034,0.3125,0.31282372936225317,0.5555555555555556
graph_071_mu_0_3_node_615,26,0.12307692307692308,0.0008313039856501063,0.4059325477448192,2.4634634634634636,0.01002479763798264,13.0,13.0,1.0,0.5,0.2363636363636364,0.013756613756613753,0.33333333333333326,0.3337541951287945,0.2363636363636364
graph_071_mu_0_3_node_616,36,0.30158730158730157,0.0007097084725865233,0.46682242990654205,2.1421421421421423,0.05927210049080676,25.0,11.0,2.272727272727273,0.3055555555555554,0.06918238993710692,0.013079667063020215,0.180327868852459,0.1806842826813156,0.15723270440251577
graph_071_mu_0_3_node_617,25,0.1,0.0008697532103887693,0.440864960282436,2.2682682682682684,0.013678389763274703,8.0,17.0,0.4705882352941177,0.6799999999999998,0.15044247787610618,0.019165727170236752,0.5151515151515154,0.5157016235552299,0.07079646017699115
graph_071_mu_0_3_node_618,18,0.0457516339869281,0.00036037982883325824,0.3997599039615846,2.5015015015015014,0.009162623791319408,5.0,13.0,0.38461538461538475,0.722222222222222,0.21311475409836064,0.013844515441959528,0.5652173913043478,0.5656380352131006,0.08196721311475412
graph_071_mu_0_3_node_619,16,0.09166666666666666,0.00035341289535143703,0.39501779359430605,2.5315315315315314,0.010091130377353303,7.0,9.0,0.777777777777778,0.5625,0.14754098360655735,0.009584664536741214,0.3913043478260869,0.3915956382426324,0.11475409836065568
graph_071_mu_0_3_node_620,19,0.1111111111111111,0.0004776504526995958,0.3885647607934656,2.5735735735735736,0.011473427779136016,7.0,12.0,0.5833333333333334,0.6315789473684211,0.6666666666666665,0.012219959266802444,0.4615384615384616,0.4619268110530248,0.388888888888889
graph_071_mu_0_3_node_621,19,0.1111111111111111,0.0005944945012018949,0.39753282928770395,2.5155155155155153,0.00938005053274595,7.0,12.0,0.5833333333333334,0.6315789473684211,0.6666666666666665,0.012219959266802444,0.4615384615384616,0.4619268110530248,0.388888888888889
graph_071_mu_0_3_node_622,20,0.0392156862745098,0.0004909166291577966,0.3776937618147448,2.6476476476476476,0.005657805979537379,10.0,10.0,1.0,0.5,0.4347826086956522,0.01023541453428864,0.33333333333333326,0.3336570417368036,0.3913043478260869
graph_071_mu_0_3_node_623,20,0.07894736842105263,0.0005979486342739969,0.4294926913155632,2.3283283283283285,0.016133937451509203,6.0,14.0,0.42857142857142855,0.6999999999999998,0.22950819672131137,0.014909478168264108,0.5384615384615384,0.5389145542523747,0.09836065573770494
graph_071_mu_0_3_node_624,34,0.1746880570409982,0.0011587059589904059,0.44979738856371004,2.2232232232232234,0.022598446417896104,22.0,12.0,1.8333333333333328,0.3529411764705881,0.08108108108108113,0.014084507042253523,0.21428571428571427,0.21467444120505344,0.14864864864864868
graph_071_mu_0_3_node_625,20,0.12631578947368421,0.0004360171987334827,0.4171189979123173,2.3973973973973974,0.013629035682037893,11.0,9.0,1.2222222222222217,0.4500000000000001,0.06081081081081082,0.010563380281690137,0.29032258064516125,0.2906139465035575,0.07432432432432434
graph_071_mu_0_3_node_626,30,0.11494252873563218,0.0009164221855055658,0.4169449081803005,2.3983983983983985,0.01330041407709468,21.0,9.0,2.3333333333333335,0.2999999999999999,0.06081081081081082,0.010563380281690137,0.17647058823529405,0.176762142869393,0.14189189189189189
graph_071_mu_0_3_node_627,109,0.11009174311926606,0.009764532600464197,0.5042907622412923,1.982982982982983,0.04883366515416801,74.0,35.0,2.1142857142857143,0.3211009174311927,0.3211009174311927,0.03928170594837262,0.19125683060109286,0.1923936002266085,0.6788990825688076
graph_071_mu_0_3_node_628,43,0.13953488372093023,0.001496683676215565,0.4534725374489333,2.205205205205205,0.046206848849997054,27.0,16.0,1.6875,0.37209302325581384,0.10062893081761005,0.01902497027348394,0.22857142857142862,0.22908983188920973,0.16981132075471703
graph_071_mu_0_3_node_629,30,0.18850574712643678,0.0008547749593422535,0.4164235097957482,2.4014014014014013,0.01559954836554361,22.0,8.0,2.75,0.2666666666666666,0.054054054054054064,0.009389671361502346,0.1538461538461538,0.15410533870975784,0.14864864864864868
graph_071_mu_0_3_node_630,129,0.09895833333333333,0.014088462096951276,0.5173485240807871,1.932932932932933,0.05862041467071121,88.0,41.0,2.1463414634146347,0.31782945736434115,0.3761467889908258,0.04601571268237936,0.1889400921658986,0.19027268877915307,0.8073394495412848
graph_071_mu_0_3_node_631,30,0.167816091954023,0.0008803875401467247,0.4300473525613431,2.325325325325325,0.019375885196791343,17.0,13.0,1.3076923076923077,0.43333333333333346,0.2363636363636364,0.013756613756613753,0.27659574468085113,0.2770167155043347,0.309090909090909
graph_071_mu_0_3_node_632,29,0.1477832512315271,0.0008708163508140143,0.40875613747954176,2.4464464464464464,0.011350515139346736,16.0,13.0,1.2307692307692304,0.44827586206896536,0.2363636363636364,0.013756613756613753,0.2888888888888888,0.2893098324500714,0.29090909090909095
graph_071_mu_0_3_node_633,25,0.17,0.0006539976012780661,0.42728828058169377,2.34034034034034,0.014821375094370356,14.0,11.0,1.272727272727273,0.4400000000000001,0.07432432432432434,0.012910798122065727,0.282051282051282,0.28240744199947704,0.0945945945945946
graph_071_mu_0_3_node_634,83,0.1734567901234568,0.004458924923817293,0.4892262487757101,2.044044044044044,0.09809282214359591,58.0,25.0,2.3199999999999994,0.3012048192771085,0.15723270440251577,0.029726516052318675,0.1773049645390071,0.1781163630655074,0.3584905660377358
graph_071_mu_0_3_node_635,21,0.08095238095238096,0.0006278282118376569,0.4034733441033926,2.4784784784784786,0.009681548155905696,6.0,15.0,0.4000000000000001,0.7142857142857141,0.8333333333333335,0.01527494908350305,0.5555555555555556,0.5560409139118088,0.33333333333333326
graph_071_mu_0_3_node_636,39,0.12685560053981107,0.0015471062147868946,0.4559561843906892,2.1931931931931934,0.027699493197669293,21.0,18.0,1.1666666666666667,0.4615384615384616,0.15929203539823003,0.020293122886133035,0.2999999999999999,0.3005829393095408,0.17699115044247785
graph_071_mu_0_3_node_637,27,0.08831908831908832,0.0008154305332154167,0.41957160856782866,2.3833833833833835,0.015635355790505866,11.0,16.0,0.6875,0.5925925925925926,0.32,0.01684210526315789,0.4210526315789473,0.4215704979694186,0.22000000000000006
graph_071_mu_0_3_node_638,22,0.22943722943722944,0.00041929806321608,0.4150394682176984,2.4094094094094096,0.013619497044492924,14.0,8.0,1.75,0.36363636363636365,0.054054054054054064,0.009389671361502346,0.2222222222222223,0.2224812728018479,0.0945945945945946
graph_071_mu_0_3_node_639,40,0.2551282051282051,0.001162265921936301,0.46923438233912634,2.131131131131131,0.05903402359381129,28.0,12.0,2.3333333333333335,0.2999999999999999,0.07547169811320754,0.014268727705112954,0.17647058823529405,0.17685946632201394,0.1761006289308176
graph_071_mu_0_3_node_640,36,0.3047619047619048,0.0009223507794155356,0.45554035567715456,2.195195195195195,0.0571910779579878,26.0,10.0,2.600000000000001,0.2777777777777778,0.06289308176100629,0.011890606420927465,0.16129032258064516,0.16161436665063872,0.16352201257861634
graph_071_mu_0_3_node_641,41,0.2707317073170732,0.0012002934936773619,0.47435897435897434,2.108108108108108,0.06257700662607385,30.0,11.0,2.727272727272727,0.26829268292682934,0.06918238993710692,0.013079667063020215,0.15492957746478872,0.15528610681363644,0.18867924528301888
graph_071_mu_0_3_node_642,29,0.2044334975369458,0.0007275357211718952,0.4229466553767993,2.364364364364364,0.018325658121182663,17.0,12.0,1.4166666666666667,0.41379310344827586,0.11009174311926606,0.013468013468013464,0.26086956521739124,0.26125816625366083,0.15596330275229356
graph_071_mu_0_3_node_643,22,0.16017316017316016,0.0007045831305982649,0.42893945899527697,2.3313313313313313,0.014136101610999268,10.0,12.0,0.8333333333333335,0.5454545454545452,0.2400000000000001,0.012631578947368417,0.375,0.375388424936881,0.20000000000000004
graph_071_mu_0_3_node_644,26,0.09782608695652174,0.0007721567443632465,0.38571428571428573,2.5925925925925926,0.008641479376512084,16.0,10.0,1.6000000000000003,0.38461538461538475,0.4347826086956522,0.01023541453428864,0.2380952380952381,0.23841907229212922,0.6521739130434784
graph_071_mu_0_3_node_645,26,0.2,0.0007652981060828133,0.4100985221674877,2.4384384384384385,0.013295185468321981,17.0,9.0,1.8888888888888888,0.34615384615384615,0.0825688073394495,0.010101010101010102,0.2093023255813953,0.20959380467586702,0.15596330275229356
graph_071_mu_0_3_node_646,29,0.10098522167487685,0.00104116896135318,0.4213412062420919,2.3733733733733735,0.012632648427310884,16.0,13.0,1.2307692307692304,0.44827586206896536,0.08783783783783787,0.015258215962441314,0.2888888888888888,0.2893098324500714,0.10810810810810813
graph_071_mu_0_3_node_647,42,0.2358974358974359,0.0012898102160793878,0.4679156908665105,2.1371371371371373,0.05803388708808235,28.0,14.0,2.0,0.33333333333333326,0.0880503144654088,0.01664684898929846,0.20000000000000004,0.20045366169799103,0.16981132075471703
graph_071_mu_0_3_node_648,41,0.13902439024390245,0.002000382567556381,0.4670406732117812,2.141141141141141,0.03100557830827965,20.0,21.0,0.9523809523809524,0.5121951219512193,0.19266055045871555,0.02356902356902357,0.3442622950819674,0.3449422808346467,0.18348623853211007
graph_071_mu_0_3_node_649,72,0.08059467918622848,0.005900034923311964,0.4805194805194805,2.081081081081081,0.03423323924639034,47.0,25.0,1.879999999999999,0.3472222222222222,0.22123893805309747,0.028184892897406996,0.2100840336134454,0.21089485318987314,0.39823008849557523
graph_071_mu_0_3_node_650,84,0.15633964429145153,0.005158789828524024,0.4950445986124876,2.02002002002002,0.09566591014231622,59.0,25.0,2.36,0.2976190476190476,0.15723270440251577,0.029726516052318675,0.17482517482517487,0.17563662602449973,0.37106918238993725
graph_071_mu_0_3_node_651,20,0.042105263157894736,0.0007872080154327757,0.38992974238875877,2.5645645645645647,0.004807013906876306,5.0,15.0,0.33333333333333326,0.75,0.6521739130434784,0.015353121801432952,0.5999999999999998,0.6004853269485879,0.2173913043478261
graph_071_mu_0_3_node_652,34,0.20320855614973263,0.0011065670182117031,0.44223107569721115,2.2612612612612613,0.022092548932014563,21.0,13.0,1.6153846153846159,0.3823529411764707,0.11926605504587152,0.014590347923681253,0.2363636363636364,0.23678471627164657,0.19266055045871555
graph_071_mu_0_3_node_653,31,0.3010752688172043,0.00050024669554486,0.44778126400717166,2.2332332332332334,0.04893683298081556,22.0,9.0,2.4444444444444433,0.29032258064516125,0.056603773584905655,0.010701545778834724,0.16981132075471703,0.17010289427984085,0.13836477987421383
graph_071_mu_0_3_node_654,19,0.1111111111111111,0.00038806837244279474,0.40104375752709753,2.4934934934934936,0.012434724706842508,8.0,11.0,0.7272727272727273,0.5789473684210529,0.4074074074074074,0.011305241521068855,0.4074074074074074,0.40776342902762946,0.2962962962962963
graph_071_mu_0_3_node_655,26,0.2276923076923077,0.0005840849071263353,0.42402376910016976,2.3583583583583585,0.01737892366044574,15.0,11.0,1.3636363636363635,0.4230769230769231,0.1009174311926606,0.012345679012345677,0.26829268292682934,0.26864886594013765,0.1376146788990826
graph_071_mu_0_3_node_656,42,0.1718931475029036,0.002019779792668071,0.45203619909502263,2.2122122122122123,0.019439384356817156,24.0,18.0,1.333333333333333,0.42857142857142855,0.6666666666666665,0.018499486125385402,0.2727272727272726,0.2733103253315744,0.8888888888888892
graph_071_mu_0_3_node_657,20,0.12105263157894737,0.0005333733959588235,0.404126213592233,2.4744744744744747,0.0106292979665315,10.0,10.0,1.0,0.5,0.08849557522123892,0.01127395715896279,0.33333333333333326,0.3336570417368036,0.08849557522123892
graph_071_mu_0_3_node_658,38,0.2460881934566145,0.0009241464560383597,0.4447907390917186,2.2482482482482484,0.05274434009011766,28.0,10.0,2.7999999999999994,0.2631578947368421,0.06289308176100629,0.011890606420927465,0.15151515151515152,0.1518392375924136,0.1761006289308176
graph_071_mu_0_3_node_659,17,0.09558823529411764,0.0004274820116864971,0.3919183993723029,2.5515515515515514,0.010310026466163386,7.0,10.0,0.6999999999999998,0.5882352941176471,0.2857142857142856,0.010362694300518137,0.41666666666666674,0.4169903122100677,0.20000000000000004
graph_071_mu_0_3_node_660,29,0.19458128078817735,0.0006794841547233906,0.42893945899527697,2.3313313313313313,0.019469323873132174,19.0,10.0,1.8999999999999995,0.3448275862068967,0.09174311926605504,0.011223344556677893,0.20833333333333337,0.20865723046360474,0.17431192660550462
graph_071_mu_0_3_node_661,29,0.18226600985221675,0.0008452906563853619,0.4150394682176984,2.4094094094094096,0.015449589779646163,18.0,11.0,1.6363636363636365,0.3793103448275863,0.29729729729729737,0.011422637590861894,0.23404255319148948,0.2343988054180657,0.48648648648648657
graph_071_mu_0_3_node_662,31,0.1956989247311828,0.000910755965343725,0.43397046046915727,2.304304304304304,0.019852025191642336,18.0,13.0,1.3846153846153846,0.4193548387096773,0.11926605504587152,0.014590347923681253,0.2653061224489796,0.2657271205382959,0.165137614678899
graph_071_mu_0_3_node_663,43,0.21926910299003322,0.001301656340956611,0.46228597871355853,2.1631631631631634,0.05787625674909953,29.0,14.0,2.0714285714285725,0.3255813953488372,0.0880503144654088,0.01664684898929846,0.1944444444444445,0.1948981355456176,0.1823899371069183
graph_071_mu_0_3_node_664,32,0.1693548387096774,0.001108388405650459,0.4293081220455522,2.329329329329329,0.01782062848544507,19.0,13.0,1.461538461538461,0.40625,0.11926605504587152,0.014590347923681253,0.2549019607843137,0.2553229861429949,0.17431192660550462
graph_071_mu_0_3_node_665,33,0.26881720430107525,0.00099813921915163,0.4510158013544018,2.2172172172172173,0.049599599563389725,22.0,11.0,2.0,0.33333333333333326,0.06918238993710692,0.013079667063020215,0.20000000000000004,0.2003563445527875,0.1320754716981132
graph_071_mu_0_3_node_666,35,0.24705882352941178,0.00098638091086006,0.4506089309878214,2.219219219219219,0.05168450517778335,24.0,11.0,2.1818181818181808,0.3142857142857142,0.06918238993710692,0.013079667063020215,0.18644067796610167,0.18679706869994256,0.1509433962264151
graph_071_mu_0_3_node_667,32,0.26411290322580644,0.0008060694310841071,0.4547109695038689,2.199199199199199,0.04901096362679959,21.0,11.0,1.9090909090909096,0.34375,0.06918238993710692,0.013079667063020215,0.20754716981132082,0.2079034912780694,0.1320754716981132
graph_071_mu_0_3_node_668,18,0.10457516339869281,0.00038020341484408456,0.3858632676709154,2.5915915915915915,0.0074640763595244675,10.0,8.0,1.25,0.4444444444444446,0.07079646017699115,0.009019165727170236,0.2857142857142856,0.2859732692040883,0.07964601769911502
graph_071_mu_0_3_node_669,34,0.24777183600713013,0.0006884823210423043,0.45121951219512196,2.2162162162162162,0.048493386260615536,22.0,12.0,1.8333333333333328,0.3529411764705881,0.07547169811320754,0.014268727705112954,0.21428571428571427,0.21467444120505344,0.13836477987421383
graph_071_mu_0_3_node_670,27,0.20512820512820512,0.0006853848514634165,0.4457831325301205,2.2432432432432434,0.03620745116251432,15.0,12.0,1.25,0.4444444444444446,0.07547169811320754,0.014268727705112954,0.2857142857142856,0.28610283642015294,0.09433962264150944
graph_071_mu_0_3_node_671,34,0.1746880570409982,0.001376680470639742,0.440864960282436,2.2682682682682684,0.021789078351408617,20.0,14.0,1.4285714285714282,0.41176470588235303,0.12844036697247713,0.01571268237934905,0.2592592592592592,0.2597126858689238,0.18348623853211007
graph_071_mu_0_3_node_672,24,0.16304347826086957,0.0004668987497233928,0.38886726352666406,2.5715715715715715,0.008491907303994167,16.0,8.0,2.0,0.33333333333333326,0.14545454545454548,0.008465608465608466,0.20000000000000004,0.20025908413757376,0.29090909090909095
graph_071_mu_0_3_node_673,25,0.32666666666666666,0.0005038955590029191,0.4347258485639687,2.3003003003003,0.044422881422034495,18.0,7.0,2.5714285714285716,0.28000000000000014,0.0440251572327044,0.00832342449464923,0.1627906976744186,0.16301743300950108,0.11320754716981131
graph_071_mu_0_3_node_674,21,0.1619047619047619,0.0005672017288939425,0.4079216006533279,2.4514514514514514,0.010087130297584629,11.0,10.0,1.0999999999999999,0.4761904761904762,0.18181818181818182,0.010582010582010583,0.3125,0.31282372936225317,0.20000000000000004
graph_071_mu_0_3_node_675,204,0.09794262532599246,0.028128484909842384,0.5504132231404959,1.8168168168168168,0.1955789374034101,140.0,64.0,2.1875,0.3137254901960783,0.4025157232704402,0.07609988109393576,0.18604651162790692,0.18813215328859914,0.8805031446540884
graph_071_mu_0_3_node_676,29,0.21428571428571427,0.0006799346501567972,0.4104354971240756,2.4364364364364364,0.014475968540728894,21.0,8.0,2.625,0.2758620689655173,0.07339449541284404,0.008978675645342315,0.16,0.16025916807049373,0.19266055045871555
graph_071_mu_0_3_node_677,23,0.12648221343873517,0.0005376998448030193,0.415211970074813,2.4084084084084085,0.018493963452022737,11.0,12.0,0.9166666666666664,0.5217391304347825,0.08108108108108113,0.014084507042253523,0.3529411764705881,0.35332962655475253,0.07432432432432434
graph_071_mu_0_3_node_678,30,0.1310344827586207,0.0013583255243956242,0.4443950177935943,2.25025025025025,0.018839273281646324,16.0,14.0,1.1428571428571423,0.46666666666666673,0.0945945945945946,0.01643192488262912,0.3043478260869565,0.3048011352438015,0.10810810810810813
graph_071_mu_0_3_node_679,26,0.052307692307692305,0.0007471798728656494,0.43548387096774194,2.2962962962962963,0.015343270313494296,9.0,17.0,0.5294117647058824,0.6538461538461539,0.1148648648648649,0.019953051643192492,0.4857142857142857,0.4862644297225704,0.054054054054054064
graph_071_mu_0_3_node_680,41,0.14709851551956815,0.0016884958121150125,0.43624454148471614,2.2922922922922924,0.017333434151764818,23.0,18.0,1.2777777777777783,0.43902439024390266,0.6666666666666665,0.018499486125385402,0.28125,0.2818330148344886,0.8148148148148148
graph_071_mu_0_3_node_681,15,0.0761904761904762,0.00041055788894850555,0.3997599039615846,2.5015015015015014,0.012419273502252458,2.0,13.0,0.1538461538461538,0.8666666666666669,0.5652173913043478,0.01330603889457523,0.7647058823529413,0.7651264446123313,0.0434782608695652
graph_071_mu_0_3_node_682,20,0.19473684210526315,0.0003703116102489938,0.4249255635899617,2.3533533533533535,0.016460210300433403,13.0,7.0,1.8571428571428577,0.3499999999999999,0.0472972972972973,0.00821596244131456,0.21212121212121207,0.2123478740387719,0.08783783783783787
graph_071_mu_0_3_node_683,116,0.07136431784107947,0.013260438781284904,0.5141533710756562,1.944944944944945,0.04703345132856047,74.0,42.0,1.7619047619047623,0.3620689655172414,0.28378378378378377,0.049295774647887335,0.22105263157894728,0.22241644506121772,0.5
graph_071_mu_0_3_node_684,45,0.2202020202020202,0.0012845709165749555,0.4666043904717422,2.1431431431431434,0.06263315324972729,30.0,15.0,2.0,0.33333333333333326,0.09433962264150944,0.017835909631391204,0.20000000000000004,0.20048611336163588,0.18867924528301888
graph_071_mu_0_3_node_685,42,0.08246225319396051,0.0020358448607822777,0.428204029147021,2.335335335335335,0.018795240853248178,22.0,20.0,1.0999999999999999,0.4761904761904762,0.3278688524590165,0.021299254526091587,0.3125,0.31314771034393407,0.360655737704918
graph_071_mu_0_3_node_686,63,0.1817716333845366,0.003148465219653388,0.4863680623174294,2.056056056056056,0.07679009728679266,39.0,24.0,1.625,0.3809523809523811,0.1509433962264151,0.02853745541022591,0.23529411764705885,0.23607212594581395,0.24528301886792456
graph_071_mu_0_3_node_687,27,0.18518518518518517,0.0009065577400256828,0.4238438693254137,2.359359359359359,0.015642624055734054,14.0,13.0,1.0769230769230769,0.4814814814814816,0.11926605504587152,0.014590347923681253,0.3170731707317073,0.31749405977887935,0.12844036697247713
graph_071_mu_0_3_node_688,44,0.15856236786469344,0.0013740298826942921,0.4534725374489333,2.205205205205205,0.05014332390122088,31.0,13.0,2.3846153846153846,0.29545454545454547,0.08176100628930817,0.015457788347205707,0.1733333333333333,0.17375468620015336,0.19496855345911954
graph_071_mu_0_3_node_689,33,0.26704545454545453,0.0011355871909791118,0.45783684692942256,2.184184184184184,0.052472675177713965,21.0,12.0,1.75,0.36363636363636365,0.07547169811320754,0.014268727705112954,0.2222222222222223,0.2226109239584232,0.1320754716981132
graph_071_mu_0_3_node_690,14,0.15384615384615385,0.00034695236449731567,0.3925343811394892,2.5475475475475475,0.008759436764126638,8.0,6.0,1.333333333333333,0.42857142857142855,0.26086956521739124,0.006141248720573185,0.2727272727272726,0.2729214977693548,0.3043478260869565
graph_071_mu_0_3_node_691,28,0.18783068783068782,0.0007749155669045295,0.413151364764268,2.4204204204204203,0.015085069773719475,18.0,10.0,1.8000000000000005,0.35714285714285704,0.09174311926605504,0.011223344556677893,0.2173913043478261,0.21771518049758634,0.165137614678899
graph_071_mu_0_3_node_692,18,0.16339869281045752,0.00029992611621947323,0.4054383116883117,2.4664664664664664,0.009568249121728926,11.0,7.0,1.5714285714285718,0.388888888888889,0.0472972972972973,0.00821596244131456,0.2413793103448275,0.24160594290868953,0.07432432432432434
graph_071_mu_0_3_node_693,28,0.08465608465608465,0.001194796578626949,0.4206315789473684,2.3773773773773774,0.014005543501918773,12.0,16.0,0.75,0.5714285714285712,0.10810810810810813,0.018779342723004692,0.4000000000000001,0.4005178999158412,0.08108108108108113
graph_071_mu_0_3_node_694,27,0.23646723646723647,0.0006131623092568547,0.41555740432612315,2.4064064064064064,0.015644347708500147,17.0,10.0,1.6999999999999995,0.37037037037037035,0.09174311926605504,0.011223344556677893,0.22727272727272718,0.22759658244469436,0.15596330275229356
graph_071_mu_0_3_node_695,29,0.3522167487684729,0.000527814530493455,0.44321206743566993,2.2562562562562563,0.04983862898625592,22.0,7.0,3.1428571428571437,0.2413793103448275,0.0440251572327044,0.00832342449464923,0.13725490196078427,0.13748169606413763,0.13836477987421383
graph_071_mu_0_3_node_696,32,0.14516129032258066,0.001077760287253524,0.43796580447172295,2.2832832832832834,0.017790831682973168,17.0,15.0,1.133333333333333,0.46875,0.1376146788990826,0.01683501683501684,0.3061224489795918,0.3066081530886486,0.15596330275229356
graph_071_mu_0_3_node_697,34,0.24598930481283424,0.0010622032891898024,0.4605809128630705,2.171171171171171,0.0504136361090519,20.0,14.0,1.4285714285714282,0.41176470588235303,0.0880503144654088,0.01664684898929846,0.2592592592592592,0.2597126858689238,0.12578616352201258
graph_071_mu_0_3_node_698,63,0.1822836661546339,0.0030649182838074127,0.4870794734275963,2.053053053053053,0.07743932664763793,41.0,22.0,1.8636363636363635,0.3492063492063491,0.13836477987421383,0.02615933412604043,0.21153846153846154,0.21225177455318175,0.2578616352201259
graph_071_mu_0_3_node_699,58,0.06352087114337568,0.0042449405314675965,0.455125284738041,2.1971971971971973,0.023950426350623895,28.0,30.0,0.9333333333333335,0.5172413793103449,0.49180327868852464,0.031948881789137365,0.34883720930232553,0.3498088377516065,0.45901639344262274
graph_071_mu_0_3_node_700,41,0.08292682926829269,0.002044949064247669,0.4479820627802691,2.2322322322322323,0.021210293127744143,22.0,19.0,1.1578947368421058,0.46341463414634165,0.31147540983606564,0.02023429179978701,0.30158730158730157,0.30220264634229727,0.3442622950819674
graph_071_mu_0_3_node_701,18,0.1830065359477124,0.00029101476823409676,0.4227676682183665,2.3653653653653652,0.01818705484505937,8.0,10.0,0.8000000000000002,0.5555555555555556,0.06756756756756756,0.011737089201877935,0.38461538461538475,0.3849390511094291,0.054054054054054064
graph_071_mu_0_3_node_702,30,0.28045977011494255,0.0006548753596472307,0.4563727729556875,2.191191191191191,0.047670936553470995,20.0,10.0,2.0,0.33333333333333326,0.06289308176100629,0.011890606420927465,0.20000000000000004,0.20032391811350084,0.12578616352201258
graph_071_mu_0_3_node_703,23,0.09090909090909091,0.0007693753189215223,0.4375821287779238,2.285285285285285,0.02095481054306435,3.0,20.0,0.14999999999999994,0.8695652173913044,0.6451612903225806,0.02063983488132095,0.7692307692307695,0.7698776834499436,0.06451612903225803
graph_071_mu_0_3_node_704,27,0.06837606837606838,0.0011449143890093691,0.4307891332470893,2.3213213213213213,0.011191076609762037,13.0,14.0,0.9285714285714288,0.5185185185185184,0.12389380530973448,0.015783540022547917,0.3499999999999999,0.35045322110715443,0.10619469026548668
graph_071_mu_0_3_node_705,28,0.11904761904761904,0.0008546015405730841,0.4190436241610738,2.3863863863863863,0.014071972703372312,14.0,14.0,1.0,0.5,0.12389380530973448,0.015783540022547917,0.33333333333333326,0.3337865837865837,0.12389380530973448
graph_071_mu_0_3_node_706,33,0.14962121212121213,0.0015575006435342765,0.4597330878969167,2.175175175175175,0.020276653696348047,13.0,20.0,0.6500000000000002,0.6060606060606061,0.18348623853211007,0.022446689113355785,0.4347826086956522,0.43542994168374105,0.11926605504587152
graph_071_mu_0_3_node_707,32,0.10685483870967742,0.0011000412383505775,0.43510452961672474,2.2982982982982985,0.020269315228669173,17.0,15.0,1.133333333333333,0.46875,0.13274336283185842,0.016910935738444186,0.3061224489795918,0.3066081530886486,0.15044247787610618
graph_071_mu_0_3_node_708,19,0.13970588235294118,0.00037222867167095426,0.3981666002391391,2.5115115115115114,0.008933466973996915,12.0,7.0,1.7142857142857142,0.36842105263157887,0.1891891891891892,0.00726895119418484,0.2258064516129031,0.2260330988526636,0.29729729729729737
graph_071_mu_0_3_node_709,19,0.125,0.0004495211835050122,0.4033104561970125,2.4794794794794797,0.010965361066295008,10.0,9.0,1.1111111111111112,0.4736842105263158,0.06081081081081082,0.010563380281690137,0.31034482758620696,0.31063617458047704,0.06081081081081082
graph_071_mu_0_3_node_710,22,0.20346320346320346,0.0005277694842979634,0.40445344129554656,2.4724724724724725,0.012656419562551185,13.0,9.0,1.444444444444444,0.4090909090909091,0.18,0.009473684210526318,0.2571428571428571,0.2574342607368348,0.2599999999999999
graph_071_mu_0_3_node_711,18,0.08496732026143791,0.00046822137180090837,0.38616157711635096,2.5895895895895897,0.0053023823335384915,11.0,7.0,1.5714285714285718,0.388888888888889,0.11475409836065568,0.007454739084132054,0.2413793103448275,0.24160594290868953,0.180327868852459
graph_071_mu_0_3_node_712,27,0.2849002849002849,0.0006292609908794241,0.4385425812115891,2.28028028028028,0.043283453421719846,17.0,10.0,1.6999999999999995,0.37037037037037035,0.06289308176100629,0.011890606420927465,0.22727272727272718,0.22759658244469436,0.10691823899371067
graph_071_mu_0_3_node_713,24,0.13043478260869565,0.0007344371912023152,0.41332230037236245,2.4194194194194196,0.012784959661787542,14.0,10.0,1.3999999999999997,0.41666666666666674,0.06756756756756756,0.011737089201877935,0.2631578947368421,0.26348168699173147,0.0945945945945946
graph_071_mu_0_3_node_714,42,0.17421602787456447,0.0015863640600562732,0.4670406732117812,2.141141141141141,0.05346379860435229,23.0,19.0,1.2105263157894737,0.4523809523809525,0.11949685534591194,0.022592152199762187,0.29230769230769227,0.2929230769230769,0.1446540880503145
graph_071_mu_0_3_node_715,21,0.18571428571428572,0.0005359347183284936,0.41816659690246966,2.3913913913913913,0.01156172039570517,13.0,8.0,1.625,0.3809523809523811,0.07339449541284404,0.008978675645342315,0.23529411764705885,0.23555315145097028,0.11926605504587152
graph_071_mu_0_3_node_716,19,0.1111111111111111,0.0003962188922721428,0.37898330804248864,2.6386386386386387,0.0069447353649600575,7.0,12.0,0.5833333333333334,0.6315789473684211,0.5454545454545452,0.012269938650306752,0.4615384615384616,0.4619268110530248,0.31818181818181823
graph_071_mu_0_3_node_717,14,0.08791208791208792,0.0002507651660285938,0.3755639097744361,2.6626626626626626,0.0057242837986893795,6.0,8.0,0.75,0.5714285714285712,0.3809523809523811,0.008171603677221655,0.4000000000000001,0.4002589164347207,0.2857142857142856
graph_071_mu_0_3_node_718,36,0.2396825396825397,0.0010378154061366322,0.4679156908665105,2.1371371371371373,0.0528440558477422,22.0,14.0,1.5714285714285718,0.388888888888889,0.0880503144654088,0.01664684898929846,0.2413793103448275,0.24183279570372884,0.13836477987421383
graph_071_mu_0_3_node_719,19,0.0935672514619883,0.0004805236895014043,0.3939274447949527,2.5385385385385386,0.007306020253114826,11.0,8.0,1.375,0.4210526315789473,0.07079646017699115,0.009019165727170236,0.2666666666666666,0.2669256669256669,0.08849557522123892
graph_071_mu_0_3_node_720,64,0.17821258593336858,0.0028475208897996147,0.47345971563981043,2.1121121121121122,0.07689026159757932,46.0,18.0,2.5555555555555567,0.28125,0.11320754716981131,0.021403091557669448,0.16363636363636364,0.1642202484164337,0.2830188679245283
graph_071_mu_0_3_node_721,24,0.19202898550724637,0.000511429062573982,0.42098609355246525,2.3753753753753752,0.013846206051473837,16.0,8.0,2.0,0.33333333333333326,0.054054054054054064,0.009389671361502346,0.20000000000000004,0.20025908413757376,0.10810810810810813
graph_071_mu_0_3_node_722,87,0.14929971988795518,0.005128194061617705,0.496274217585693,2.015015015015015,0.09594726874297015,59.0,28.0,2.107142857142857,0.3218390804597701,0.1761006289308176,0.03329369797859692,0.19178082191780818,0.19268955877357866,0.3647798742138366
graph_071_mu_0_3_node_723,21,0.14761904761904762,0.0004812166175486643,0.4124690338563171,2.4244244244244246,0.015933929343815698,10.0,11.0,0.9090909090909087,0.5238095238095238,0.07432432432432434,0.012910798122065727,0.3548387096774193,0.3551947773950254,0.06756756756756756
graph_071_mu_0_3_node_724,13,0.07692307692307693,0.00020049919638233735,0.37,2.7027027027027026,0.005548108123706861,3.0,10.0,0.2999999999999999,0.7692307692307695,0.08849557522123892,0.01127395715896279,0.625,0.6253235617679416,0.017699115044247787
graph_071_mu_0_3_node_725,18,0.2875816993464052,0.00028555832472638423,0.42528735632183906,2.3513513513513513,0.014970937449317224,10.0,8.0,1.25,0.4444444444444446,0.18181818181818182,0.00836820083682008,0.2857142857142856,0.2859732692040883,0.22727272727272718
graph_071_mu_0_3_node_726,21,0.15714285714285714,0.00041699695228781104,0.4090909090909091,2.4444444444444446,0.01389885638842616,9.0,12.0,0.75,0.5714285714285712,0.2727272727272726,0.012552301255230129,0.4000000000000001,0.40038839979285346,0.20454545454545456
graph_071_mu_0_3_node_727,30,0.12643678160919541,0.0010781924447483054,0.4069246435845214,2.4574574574574575,0.014277895211331014,16.0,14.0,1.1428571428571423,0.46666666666666673,0.31818181818181823,0.01464435146443515,0.3043478260869565,0.3048011352438015,0.36363636363636365
graph_071_mu_0_3_node_728,23,0.2845849802371542,0.0003993428455014828,0.4069246435845214,2.4574574574574575,0.01395960912783074,16.0,7.0,2.2857142857142847,0.3043478260869565,0.06422018348623856,0.007856341189674525,0.1794871794871794,0.1797138854495463,0.14678899082568808
graph_071_mu_0_3_node_729,21,0.14285714285714285,0.0005642888282250384,0.4026602176541717,2.4834834834834836,0.01357556361671207,9.0,12.0,0.75,0.5714285714285712,0.3243243243243245,0.012461059190031152,0.4000000000000001,0.40038839979285346,0.24324324324324328
graph_071_mu_0_3_node_730,30,0.21839080459770116,0.0007319905087564838,0.440864960282436,2.2682682682682684,0.03970234197959208,18.0,12.0,1.5,0.4000000000000001,0.07547169811320754,0.014268727705112954,0.25,0.25038862620636054,0.11320754716981131
graph_071_mu_0_3_node_731,18,0.058823529411764705,0.0004390441815636713,0.4062627084180561,2.4614614614614614,0.010147886584783251,5.0,13.0,0.38461538461538475,0.722222222222222,0.21311475409836064,0.013844515441959528,0.5652173913043478,0.5656380352131006,0.08196721311475412
graph_071_mu_0_3_node_732,26,0.04,0.0010141802168489894,0.43624454148471614,2.2922922922922924,0.014851664059006734,6.0,20.0,0.2999999999999999,0.7692307692307695,0.3278688524590165,0.021299254526091587,0.625,0.6256470397929472,0.09836065573770494
graph_071_mu_0_3_node_733,16,0.03333333333333333,0.00041410308324831593,0.3882627283326856,2.5755755755755754,0.008503405565488436,4.0,12.0,0.33333333333333326,0.75,0.5217391304347825,0.01228249744114637,0.5999999999999998,0.6003882741215296,0.13043478260869562
graph_071_mu_0_3_node_734,33,0.24621212121212122,0.000919380030139458,0.4489887640449438,2.2272272272272273,0.04982077479160104,20.0,13.0,1.538461538461539,0.39393939393939387,0.08176100628930817,0.015457788347205707,0.24528301886792456,0.24570407149950352,0.12578616352201258
graph_071_mu_0_3_node_735,26,0.19076923076923077,0.0009409189296311227,0.40875613747954176,2.4464464464464464,0.009167611332741082,13.0,13.0,1.0,0.5,0.6500000000000002,0.013265306122448974,0.33333333333333326,0.3337541951287945,0.6500000000000002
graph_071_mu_0_3_node_736,21,0.1,0.0007735786020289595,0.41607663473552686,2.4034034034034035,0.01104873140451907,9.0,12.0,0.75,0.5714285714285712,0.34285714285714275,0.012435233160621758,0.4000000000000001,0.40038839979285346,0.2571428571428571
graph_071_mu_0_3_node_737,28,0.10846560846560846,0.0011660581520064536,0.4381578947368421,2.2822822822822824,0.01934413632412618,12.0,16.0,0.75,0.5714285714285712,0.10810810810810813,0.018779342723004692,0.4000000000000001,0.4005178999158412,0.08108108108108113
graph_071_mu_0_3_node_738,38,0.16642958748221906,0.0011614072708689182,0.45203619909502263,2.2122122122122123,0.029814815247020007,22.0,16.0,1.375,0.4210526315789473,0.10810810810810813,0.018779342723004692,0.2666666666666666,0.26718490207510104,0.14864864864864868
graph_071_mu_0_3_node_739,20,0.16842105263157894,0.0004585182307288819,0.4111111111111111,2.4324324324324325,0.01249859050138681,9.0,11.0,0.8181818181818182,0.5499999999999999,0.1009174311926606,0.012345679012345677,0.3793103448275863,0.3796663894950081,0.0825688073394495
graph_071_mu_0_3_node_740,24,0.07608695652173914,0.0007300917634699812,0.411619283065513,2.4294294294294296,0.01186720022084967,10.0,14.0,0.7142857142857141,0.5833333333333334,0.22950819672131137,0.014909478168264108,0.41176470588235303,0.4122178389740154,0.16393442622950824
graph_071_mu_0_3_node_741,13,0.20512820512820512,0.00021512279163923967,0.3702742772424018,2.700700700700701,0.004057418296640865,8.0,5.0,1.6000000000000003,0.38461538461538475,0.22727272727272718,0.005112474437627814,0.2380952380952381,0.2382570975364993,0.36363636363636365
graph_071_mu_0_3_node_742,21,0.08571428571428572,0.0006164043161889783,0.4128099173553719,2.4224224224224224,0.012160330724868105,10.0,11.0,0.9090909090909087,0.5238095238095238,0.09734513274336283,0.012401352874859077,0.3548387096774193,0.3551947773950254,0.07964601769911502
graph_071_mu_0_3_node_743,27,0.16809116809116809,0.0009662035135887757,0.42098609355246525,2.3753753753753752,0.013635816918864289,15.0,12.0,1.25,0.4444444444444446,0.08108108108108113,0.014084507042253523,0.2857142857142856,0.28610283642015294,0.10135135135135133
graph_071_mu_0_3_node_744,25,0.15,0.0006784232333769325,0.39315230224321135,2.5435435435435436,0.00998366266087711,13.0,12.0,1.0833333333333335,0.4800000000000002,0.4444444444444446,0.012332990750256935,0.31578947368421056,0.316177974072711,0.4814814814814816
graph_071_mu_0_3_node_745,38,0.26884779516358465,0.0011700923081528229,0.4547109695038689,2.199199199199199,0.05658236635911894,26.0,12.0,2.166666666666667,0.31578947368421056,0.07547169811320754,0.014268727705112954,0.1875,0.1878888276845312,0.16352201257861634
graph_071_mu_0_3_node_746,31,0.1913978494623656,0.0007387511092762899,0.44183989385227773,2.2632632632632634,0.039382593639626276,19.0,12.0,1.583333333333333,0.3870967741935483,0.07547169811320754,0.014268727705112954,0.2400000000000001,0.24038865137971233,0.11949685534591194
graph_071_mu_0_3_node_747,30,0.1632183908045977,0.0008907502698965637,0.43397046046915727,2.304304304304304,0.015757461058897276,19.0,11.0,1.7272727272727268,0.3666666666666666,0.07432432432432434,0.012910798122065727,0.22448979591836735,0.22484607122201117,0.12837837837837832
graph_071_mu_0_3_node_748,13,0.07692307692307693,0.00030008237785109125,0.4074225122349103,2.4544544544544546,0.012044185587127786,2.0,11.0,0.18181818181818182,0.8461538461538461,0.3548387096774193,0.011351909184726523,0.7333333333333332,0.7336892167329906,0.06451612903225803
graph_071_mu_0_3_node_749,22,0.1471861471861472,0.0005418216842970832,0.4171189979123173,2.3973973973973974,0.011792866237807481,11.0,11.0,1.0,0.5,0.09734513274336283,0.012401352874859077,0.33333333333333326,0.33368942410410796,0.09734513274336283
graph_071_mu_0_3_node_750,30,0.3793103448275862,0.0005075550469243809,0.4493927125506073,2.225225225225225,0.052958648584298884,23.0,7.0,3.2857142857142847,0.23333333333333336,0.0440251572327044,0.00832342449464923,0.1320754716981132,0.1323022804982947,0.1446540880503145
graph_071_mu_0_3_node_751,21,0.05238095238095238,0.0005622072133086651,0.41555740432612315,2.4064064064064064,0.016883769852471486,4.0,17.0,0.23529411764705885,0.8095238095238098,0.15044247787610618,0.019165727170236752,0.6799999999999998,0.6805499660315099,0.0
graph_071_mu_0_3_node_752,225,0.09841231365895044,0.03227967544122719,0.5602916432978127,1.7847847847847849,0.21853583391453643,154.0,71.0,2.169014084507043,0.3155555555555555,0.4465408805031447,0.08442330558858502,0.187335092348285,0.18965043557346023,0.962264150943396
graph_071_mu_0_3_node_753,18,0.12418300653594772,0.00040842796197370403,0.4069246435845214,2.4574574574574575,0.011620112519654875,8.0,10.0,0.8000000000000002,0.5555555555555556,0.22727272727272718,0.010460251046025102,0.38461538461538475,0.3849390511094291,0.18181818181818182
graph_071_mu_0_3_node_754,17,0.029411764705882353,0.00037638876477629634,0.40056134723336007,2.4964964964964964,0.00923401408541259,4.0,13.0,0.3076923076923076,0.7647058823529413,0.11504424778761059,0.014656144306651634,0.6190476190476188,0.6194682357363951,0.035398230088495575
graph_071_mu_0_3_node_755,22,0.21212121212121213,0.0003966245521457455,0.42366412213740456,2.3603603603603602,0.015683857895965433,13.0,9.0,1.444444444444444,0.4090909090909091,0.06081081081081082,0.010563380281690137,0.2571428571428571,0.2574342607368348,0.08783783783783787
graph_071_mu_0_3_node_756,23,0.08300395256916997,0.0006324220204471312,0.40942622950819674,2.4424424424424425,0.012441090711271485,12.0,11.0,1.0909090909090904,0.4782608695652175,0.09734513274336283,0.012401352874859077,0.3142857142857142,0.314641828112643,0.08849557522123892
graph_071_mu_0_3_node_757,36,0.09206349206349207,0.0015486047438962344,0.43491510666086197,2.299299299299299,0.018521186561152342,23.0,13.0,1.76923076923077,0.361111111111111,0.11504424778761059,0.014656144306651634,0.22033898305084743,0.2207601175223237,0.20353982300884962
graph_071_mu_0_3_node_758,70,0.13623188405797101,0.004065823205857391,0.4650837988826816,2.15015015015015,0.030330297772685307,49.0,21.0,2.3333333333333335,0.2999999999999999,0.19266055045871555,0.02356902356902357,0.17647058823529405,0.17715185344210677,0.44954128440366964
graph_071_mu_0_3_node_759,29,0.10826210826210826,0.000838503815262796,0.41764214046822745,2.3943943943943946,0.014414105791165366,13.0,16.0,0.8125,0.5517241379310346,0.29090909090909095,0.016931216931216932,0.3809523809523811,0.38147031439793305,0.21818181818181825
graph_071_mu_0_3_node_760,21,0.0761904761904762,0.0008173526194551718,0.40775510204081633,2.4524524524524525,0.01475874151750053,5.0,16.0,0.3125,0.7619047619047622,0.5925925925925926,0.01644398766700925,0.6153846153846152,0.6159022807139802,0.18518518518518517
graph_071_mu_0_3_node_761,15,0.11428571428571428,0.00028310854149601563,0.38393543428132204,2.6046046046046047,0.00985305135882892,6.0,9.0,0.6666666666666665,0.5999999999999998,0.29032258064516125,0.009287925696594425,0.42857142857142855,0.42886270013361494,0.16129032258064516
graph_071_mu_0_3_node_762,21,0.0761904761904762,0.0005072833210878967,0.41816659690246966,2.3913913913913913,0.012268986637024235,8.0,13.0,0.6153846153846152,0.6190476190476188,0.11504424778761059,0.014656144306651634,0.44827586206896536,0.4486965876587902,0.06194690265486724
graph_071_mu_0_3_node_763,24,0.3804347826086957,0.0003271095418407741,0.43491510666086197,2.299299299299299,0.04282788253597189,18.0,6.0,3.0,0.25,0.03773584905660377,0.007134363852556477,0.1428571428571428,0.1430514937252434,0.11320754716981131
graph_071_mu_0_3_node_764,25,0.10333333333333333,0.0007571023828003721,0.3976910828025478,2.5145145145145147,0.0124479691560574,10.0,15.0,0.6666666666666665,0.5999999999999998,0.42857142857142855,0.0155440414507772,0.42857142857142855,0.4290569125990039,0.2857142857142856
graph_071_mu_0_3_node_765,35,0.0928030303030303,0.0015887289250521564,0.43321769297484825,2.3083083083083085,0.014819487992398232,16.0,19.0,0.8421052631578946,0.5428571428571429,0.7037037037037039,0.01952723535457348,0.3725490196078432,0.3731641253089018,0.5555555555555556
graph_071_mu_0_3_node_766,25,0.13438735177865613,0.0005959998221784337,0.3870592793490895,2.5835835835835836,0.008454035311389316,14.0,11.0,1.272727272727273,0.4400000000000001,0.20000000000000004,0.011640211640211645,0.282051282051282,0.28240744199947704,0.2363636363636364
graph_071_mu_0_3_node_767,21,0.08571428571428572,0.0005590641392809958,0.4090909090909091,2.4444444444444446,0.008538573350536387,8.0,13.0,0.6153846153846152,0.6190476190476188,0.21311475409836064,0.013844515441959528,0.44827586206896536,0.4486965876587902,0.11475409836065568
graph_071_mu_0_3_node_768,22,0.10822510822510822,0.000605091873657856,0.41799163179916315,2.3923923923923924,0.01148909045792779,11.0,11.0,1.0,0.5,0.09734513274336283,0.012401352874859077,0.33333333333333326,0.33368942410410796,0.09734513274336283
graph_071_mu_0_3_node_769,81,0.16163583252190847,0.004660549296190874,0.4995,2.002002002002002,0.09275304100177716,55.0,26.0,2.1153846153846163,0.32098765432098764,0.16352201257861634,0.030915576694411414,0.19117647058823534,0.19202013338270604,0.33962264150943405
graph_071_mu_0_3_node_770,29,0.22413793103448276,0.0006228601604209546,0.4536784741144414,2.204204204204204,0.04377902985325243,16.0,13.0,1.2307692307692304,0.44827586206896536,0.08176100628930817,0.015457788347205707,0.2888888888888888,0.2893098324500714,0.10062893081761005
graph_071_mu_0_3_node_771,24,0.09057971014492754,0.0006172647596255089,0.43116098403107467,2.319319319319319,0.015903795604149736,12.0,12.0,1.0,0.5,0.10619469026548668,0.013528748590755358,0.33333333333333326,0.3337218085680371,0.09734513274336283
graph_071_mu_0_3_node_772,34,0.14795008912655971,0.0012613106798792417,0.428204029147021,2.335335335335335,0.017178583628379256,21.0,13.0,1.6153846153846159,0.3823529411764707,0.11926605504587152,0.014590347923681253,0.2363636363636364,0.23678471627164657,0.19266055045871555
graph_071_mu_0_3_node_773,19,0.05847953216374269,0.0004626444911933554,0.40976210008203445,2.4404404404404403,0.011234815247618199,7.0,12.0,0.5833333333333334,0.6315789473684211,0.10619469026548668,0.013528748590755358,0.4615384615384616,0.4619268110530248,0.02654867256637167
graph_071_mu_0_3_node_774,17,0.11029411764705882,0.0004710136642810333,0.411619283065513,2.4294294294294296,0.010747806219622083,8.0,9.0,0.8888888888888892,0.5294117647058824,0.29032258064516125,0.009287925696594425,0.36,0.36029130927334513,0.2258064516129031
graph_071_mu_0_3_node_775,32,0.22379032258064516,0.0009362281522529027,0.42312579415501905,2.3633633633633635,0.022338656595054966,19.0,13.0,1.461538461538461,0.40625,0.2599999999999999,0.013684210526315792,0.2549019607843137,0.2553229861429949,0.37999999999999995
graph_071_mu_0_3_node_776,64,0.09275793650793651,0.003997954136022667,0.4687939934303144,2.1331331331331334,0.031846298814761656,40.0,24.0,1.666666666666667,0.375,0.16216216216216225,0.028169014084507046,0.2307692307692308,0.2315472895126658,0.27027027027027023
graph_071_mu_0_3_node_777,22,0.16017316017316016,0.000537454336923054,0.4060975609756098,2.4624624624624625,0.011200150355824797,15.0,7.0,2.142857142857143,0.31818181818181823,0.0472972972972973,0.00821596244131456,0.1891891891891892,0.18941588046805183,0.10135135135135133
graph_071_mu_0_3_node_778,30,0.07407407407407407,0.0009589785789141748,0.42169691853102576,2.3713713713713713,0.01467763372429355,17.0,13.0,1.3076923076923077,0.43333333333333346,0.21311475409836064,0.013844515441959528,0.27659574468085113,0.2770167155043347,0.262295081967213
graph_071_mu_0_3_node_779,33,0.24242424242424243,0.0009289691411601677,0.4574175824175824,2.186186186186186,0.04919578740270258,20.0,13.0,1.538461538461539,0.39393939393939387,0.08176100628930817,0.015457788347205707,0.24528301886792456,0.24570407149950352,0.12578616352201258
graph_071_mu_0_3_node_780,24,0.2898550724637681,0.00038344970922887605,0.43023255813953487,2.324324324324324,0.022330309958277863,16.0,8.0,2.0,0.33333333333333326,0.07339449541284404,0.008978675645342315,0.20000000000000004,0.20025908413757376,0.14678899082568808
graph_071_mu_0_3_node_781,24,0.213768115942029,0.0005696861218505787,0.41400745959386653,2.4154154154154153,0.014435056492985017,14.0,10.0,1.3999999999999997,0.41666666666666674,0.09174311926605504,0.011223344556677893,0.2631578947368421,0.26348168699173147,0.12844036697247713
graph_071_mu_0_3_node_782,40,0.1379800853485064,0.0013877917556976032,0.43359375,2.3063063063063063,0.017899873409895985,26.0,14.0,1.8571428571428577,0.3499999999999999,0.12844036697247713,0.01571268237934905,0.21212121212121207,0.21257481502427075,0.22935779816513768
graph_071_mu_0_3_node_783,22,0.22510822510822512,0.00041126570507184364,0.4213412062420919,2.3733733733733735,0.013796507020196313,13.0,9.0,1.444444444444444,0.4090909090909091,0.06081081081081082,0.010563380281690137,0.2571428571428571,0.2574342607368348,0.08783783783783787
graph_071_mu_0_3_node_784,24,0.13405797101449277,0.000583110505577859,0.4143508917461634,2.4134134134134135,0.014924004839192075,13.0,11.0,1.1818181818181819,0.4583333333333332,0.07432432432432434,0.012910798122065727,0.29729729729729737,0.297653434183366,0.08783783783783787
graph_071_mu_0_3_node_785,19,0.14619883040935672,0.00033716887976606273,0.4483842010771993,2.23023023023023,0.01864708713365318,8.0,11.0,0.7272727272727273,0.5789473684210529,0.07432432432432434,0.012910798122065727,0.4074074074074074,0.40776342902762946,0.054054054054054064
graph_071_mu_0_3_node_786,42,0.23925667828106853,0.001306005498976804,0.4650837988826816,2.15015015015015,0.05874190481498872,28.0,14.0,2.0,0.33333333333333326,0.0880503144654088,0.01664684898929846,0.20000000000000004,0.20045366169799103,0.1761006289308176
graph_071_mu_0_3_node_787,15,0.12380952380952381,0.00020931318629124418,0.4102669404517454,2.4374374374374375,0.014552138008769292,6.0,9.0,0.6666666666666665,0.5999999999999998,0.06081081081081082,0.010563380281690137,0.42857142857142855,0.42886270013361494,0.03378378378378378
graph_071_mu_0_3_node_788,46,0.11594202898550725,0.0025025667076194157,0.43989431968295906,2.2732732732732734,0.015117111438882686,26.0,20.0,1.3000000000000005,0.4347826086956522,0.36363636363636365,0.021164021164021166,0.2777777777777778,0.2784256559766764,0.4727272727272728
graph_071_mu_0_3_node_789,36,0.11904761904761904,0.0014798499391077452,0.43510452961672474,2.2982982982982985,0.016950239851813955,21.0,15.0,1.3999999999999997,0.41666666666666674,0.10135135135135133,0.017605633802816902,0.2631578947368421,0.2636437246963563,0.14189189189189189
graph_071_mu_0_3_node_790,26,0.04710144927536232,0.0008525787412510952,0.39832535885167464,2.5105105105105103,0.010397302175212992,12.0,14.0,0.8571428571428571,0.5384615384615384,0.4516129032258062,0.014447884416924663,0.36842105263157887,0.3688742443964372,0.3548387096774193
graph_071_mu_0_3_node_791,23,0.38735177865612647,0.0002977196657406632,0.44419742107603377,2.2512512512512513,0.04470956606053718,17.0,6.0,2.8333333333333335,0.26086956521739124,0.03773584905660377,0.007134363852556477,0.14999999999999994,0.15019433827816284,0.10691823899371067
graph_071_mu_0_3_node_792,65,0.07548076923076923,0.004605033262126486,0.4605809128630705,2.171171171171171,0.027554224843314056,41.0,24.0,1.708333333333333,0.3692307692307694,0.21238938053097337,0.027057497181510716,0.22641509433962262,0.22719320353427974,0.3628318584070796
graph_071_mu_0_3_node_793,26,0.3169230769230769,0.0003814592700382519,0.4424269264836138,2.26026026026026,0.043280999013203716,20.0,6.0,3.333333333333334,0.2307692307692308,0.03773584905660377,0.007134363852556477,0.13043478260869562,0.130629158661566,0.12578616352201258
graph_071_mu_0_3_node_794,29,0.23645320197044334,0.000770284166489827,0.4391208791208791,2.2772772772772774,0.04146236897588942,17.0,12.0,1.4166666666666667,0.41379310344827586,0.07547169811320754,0.014268727705112954,0.26086956521739124,0.26125816625366083,0.10691823899371067
graph_071_mu_0_3_node_795,31,0.13978494623655913,0.001267367774833254,0.42223161453930685,2.3683683683683685,0.012833783734459859,14.0,17.0,0.8235294117647061,0.5483870967741937,0.6296296296296297,0.017471736896197326,0.3777777777777778,0.3783280998780658,0.5185185185185184
graph_071_mu_0_3_node_796,22,0.1471861471861472,0.000739086777690486,0.4111111111111111,2.4324324324324325,0.01634489571222708,11.0,11.0,1.0,0.5,0.4074074074074074,0.011305241521068855,0.33333333333333326,0.33368942410410796,0.4074074074074074
graph_071_mu_0_3_node_797,28,0.29894179894179895,0.000804262700028785,0.44223107569721115,2.2612612612612613,0.044537812663398346,19.0,9.0,2.111111111111111,0.32142857142857145,0.056603773584905655,0.010701545778834724,0.19148936170212763,0.1917808785615193,0.11949685534591194
graph_071_mu_0_3_node_798,23,0.14624505928853754,0.000646218876047255,0.4211635750421585,2.374374374374374,0.012711759074667095,12.0,11.0,1.0909090909090904,0.4782608695652175,0.07432432432432434,0.012910798122065727,0.3142857142857142,0.314641828112643,0.08108108108108113
graph_071_mu_0_3_node_799,33,0.2935606060606061,0.001040148608780612,0.4465802413947251,2.239239239239239,0.051097455806979046,23.0,10.0,2.3,0.30303030303030304,0.06289308176100629,0.011890606420927465,0.17857142857142852,0.17889540965093345,0.1446540880503145
graph_071_mu_0_3_node_800,17,0.08823529411764706,0.00038371805210803687,0.38796116504854367,2.5775775775775776,0.007386609004058206,8.0,9.0,0.8888888888888892,0.5294117647058824,0.07964601769911502,0.010146561443066518,0.36,0.36029130927334513,0.07079646017699115
graph_071_mu_0_3_node_801,34,0.11942959001782531,0.0013949595808302414,0.4457831325301205,2.2432432432432434,0.017718591018041994,16.0,18.0,0.8888888888888892,0.5294117647058824,0.165137614678899,0.020202020202020204,0.36,0.3605827505827506,0.14678899082568808
graph_071_mu_0_3_node_802,23,0.11067193675889328,0.0007351083448561738,0.4186923721709975,2.3883883883883885,0.013759387442292742,7.0,16.0,0.4375,0.6956521739130432,0.45714285714285724,0.01658031088082901,0.5333333333333332,0.5338510656657175,0.20000000000000004
graph_071_mu_0_3_node_803,30,0.135632183908046,0.0010673883968188552,0.4397007042253521,2.274274274274274,0.018965627416575696,17.0,13.0,1.3076923076923077,0.43333333333333346,0.08783783783783787,0.015258215962441314,0.27659574468085113,0.2770167155043347,0.1148648648648649
graph_071_mu_0_3_node_804,33,0.2481060606060606,0.0011220026817173932,0.451831750339213,2.2132132132132134,0.04996470282694354,20.0,13.0,1.538461538461539,0.39393939393939387,0.08176100628930817,0.015457788347205707,0.24528301886792456,0.24570407149950352,0.12578616352201258
graph_071_mu_0_3_node_805,152,0.09046979865771812,0.01883209247859423,0.5274551214361141,1.8958958958958958,0.0680350736577478,99.0,53.0,1.8679245283018873,0.3486842105263158,0.48623853211009194,0.059483726150392796,0.21115537848605573,0.21287856345207973,0.8990825688073393
graph_071_mu_0_3_node_806,45,0.1539313399778516,0.0018004748162077637,0.4483842010771993,2.23023023023023,0.022421387332334484,30.0,15.0,2.0,0.33333333333333326,0.1376146788990826,0.01683501683501684,0.20000000000000004,0.20048611336163588,0.26605504587155965
graph_071_mu_0_3_node_807,20,0.06842105263157895,0.0006707404456328034,0.38275862068965516,2.6126126126126126,0.005675333396279897,8.0,12.0,0.6666666666666665,0.5999999999999998,0.5714285714285712,0.012257405515832485,0.42857142857142855,0.42895980322350974,0.3809523809523811
graph_071_mu_0_3_node_808,18,0.058823529411764705,0.0004915947268068391,0.4056029232643118,2.4654654654654653,0.010490014386348072,5.0,13.0,0.38461538461538475,0.722222222222222,0.21311475409836064,0.013844515441959528,0.5652173913043478,0.5656380352131006,0.08196721311475412
graph_071_mu_0_3_node_809,24,0.32608695652173914,0.0005547969842216742,0.4406704896338774,2.269269269269269,0.042762247956624845,16.0,8.0,2.0,0.33333333333333326,0.05031446540880503,0.00951248513674197,0.20000000000000004,0.20025908413757376,0.10062893081761005
graph_071_mu_0_3_node_810,25,0.08666666666666667,0.000867109407915702,0.41128036228900783,2.4314314314314314,0.013082098750010433,8.0,17.0,0.4705882352941177,0.6799999999999998,0.8095238095238098,0.01736465781409601,0.5151515151515154,0.5157016235552299,0.3809523809523811
graph_071_mu_0_3_node_811,23,0.13043478260869565,0.0007150342451548675,0.4193954659949622,2.3843843843843846,0.01765315927660739,11.0,12.0,0.9166666666666664,0.5217391304347825,0.2727272727272726,0.012552301255230129,0.3529411764705881,0.35332962655475253,0.25
graph_071_mu_0_3_node_812,21,0.2761904761904762,0.0005239391665537656,0.43950725912890454,2.275275275275275,0.0355895043696542,12.0,9.0,1.333333333333333,0.42857142857142855,0.056603773584905655,0.010701545778834724,0.2727272727272726,0.2730186574522379,0.07547169811320754
graph_071_mu_0_3_node_813,35,0.12605042016806722,0.0014459708110255815,0.42893945899527697,2.3313313313313313,0.016963806274228048,17.0,18.0,0.9444444444444444,0.5142857142857142,0.36,0.018947368421052636,0.34615384615384615,0.3467366344721779,0.3399999999999999
graph_071_mu_0_3_node_814,20,0.12631578947368421,0.00037318476006358616,0.38144329896907214,2.6216216216216215,0.009865441853532953,9.0,11.0,0.8181818181818182,0.5499999999999999,0.22000000000000006,0.011578947368421052,0.3793103448275863,0.3796663894950081,0.18
graph_071_mu_0_3_node_815,29,0.20689655172413793,0.0009437558350028571,0.45081227436823107,2.2182182182182184,0.043544366263061504,15.0,14.0,1.0714285714285714,0.482758620689655,0.0880503144654088,0.01664684898929846,0.31818181818181823,0.31863509798496537,0.09433962264150944
graph_071_mu_0_3_node_816,44,0.1014799154334038,0.002614149868012783,0.45783684692942256,2.184184184184184,0.02087367589482332,23.0,21.0,1.0952380952380951,0.4772727272727274,0.18584070796460178,0.023675310033821877,0.31343283582089565,0.3141129537079959,0.19469026548672566
graph_071_mu_0_3_node_817,23,0.10276679841897234,0.000601625988469549,0.40758873929008566,2.4534534534534536,0.010957632097247143,12.0,11.0,1.0909090909090904,0.4782608695652175,0.07432432432432434,0.012910798122065727,0.3142857142857142,0.314641828112643,0.08108108108108113
graph_071_mu_0_3_node_818,27,0.3732193732193732,0.0006509862445288991,0.451627486437613,2.214214214214214,0.05104228012454164,20.0,7.0,2.8571428571428563,0.2592592592592592,0.0440251572327044,0.00832342449464923,0.148936170212766,0.14916293492817626,0.12578616352201258
graph_071_mu_0_3_node_819,23,0.07905138339920949,0.0006863078477135968,0.3939274447949527,2.5385385385385386,0.007663047152488375,14.0,9.0,1.555555555555556,0.3913043478260869,0.07964601769911502,0.010146561443066518,0.24324324324324328,0.2435346657086774,0.12389380530973448
graph_071_mu_0_3_node_820,29,0.21428571428571427,0.0008348660078576886,0.4383501535761299,2.2812812812812813,0.018849407389379135,19.0,10.0,1.8999999999999995,0.3448275862068967,0.06756756756756756,0.011737089201877935,0.20833333333333337,0.20865723046360474,0.12837837837837832
graph_071_mu_0_3_node_821,97,0.13917525773195877,0.006489675002265739,0.511520737327189,1.954954954954955,0.10506573923868724,66.0,31.0,2.129032258064516,0.31958762886597925,0.19496855345911954,0.036860879904875146,0.1901840490797547,0.1911905099089485,0.41509433962264164
graph_071_mu_0_3_node_822,25,0.16,0.0009139227479643926,0.4406704896338774,2.269269269269269,0.02002404461189159,13.0,12.0,1.0833333333333335,0.4800000000000002,0.08108108108108113,0.014084507042253523,0.31578947368421056,0.316177974072711,0.08783783783783787
graph_071_mu_0_3_node_823,24,0.213768115942029,0.0005821353529357223,0.4453856442264824,2.245245245245245,0.03724980539477391,14.0,10.0,1.3999999999999997,0.41666666666666674,0.06289308176100629,0.011890606420927465,0.2631578947368421,0.26348168699173147,0.0880503144654088
graph_071_mu_0_3_node_824,155,0.06535947712418301,0.02172932713788658,0.5282919090428345,1.892892892892893,0.06512390014732893,101.0,54.0,1.8703703703703705,0.34838709677419366,0.36486486486486486,0.06338028169014086,0.2109375,0.21269336915523196,0.6756756756756757
graph_071_mu_0_3_node_825,25,0.2015810276679842,0.0006241254132201882,0.3928430987023201,2.5455455455455454,0.008891073603163026,17.0,8.0,2.125,0.32,0.21621621621621626,0.0083073727933541,0.19047619047619055,0.1907352913959987,0.4324324324324325
graph_071_mu_0_3_node_826,20,0.18421052631578946,0.0004567885906796278,0.3978494623655914,2.5135135135135136,0.011077438065611421,11.0,9.0,1.2222222222222217,0.4500000000000001,0.2571428571428571,0.00932642487046632,0.29032258064516125,0.2906139465035575,0.3142857142857142
graph_071_mu_0_3_node_827,16,0.09166666666666666,0.00038035005542041945,0.39454976303317535,2.5345345345345347,0.0076804947482734575,5.0,11.0,0.45454545454545436,0.6875,0.180327868852459,0.011714589989350375,0.5238095238095238,0.5241654763060454,0.06557377049180325
graph_071_mu_0_3_node_828,79,0.15417072379097696,0.004905574152815128,0.4901864573110893,2.04004004004004,0.08947404566071526,50.0,29.0,1.7241379310344833,0.36708860759493683,0.1823899371069183,0.03448275862068966,0.22480620155038758,0.22574681327235568,0.31446540880503154
graph_071_mu_0_3_node_829,26,0.15076923076923077,0.0006880178569970748,0.39800796812749006,2.5125125125125125,0.010249856005130967,13.0,13.0,1.0,0.5,0.2599999999999999,0.013684210526315792,0.33333333333333326,0.3337541951287945,0.2599999999999999
graph_071_mu_0_3_node_830,19,0.10526315789473684,0.0005474430467253918,0.41263940520446096,2.4234234234234235,0.009611284879079368,9.0,10.0,0.9000000000000002,0.5263157894736842,0.08849557522123892,0.01127395715896279,0.35714285714285704,0.3574665445902579,0.07079646017699115
graph_071_mu_0_3_node_831,24,0.1956521739130435,0.0008104290184398325,0.44818304172274565,2.2312312312312312,0.02156828181308635,11.0,13.0,0.8461538461538461,0.5416666666666667,0.11926605504587152,0.014590347923681253,0.37142857142857155,0.37184937873119667,0.1009174311926606
graph_071_mu_0_3_node_832,20,0.11578947368421053,0.0005893210801383167,0.40445344129554656,2.4724724724724725,0.008274283836164914,9.0,11.0,0.8181818181818182,0.5499999999999999,0.09734513274336283,0.012401352874859077,0.3793103448275863,0.3796663894950081,0.07964601769911502
graph_071_mu_0_3_node_833,33,0.13257575757575757,0.001230041515339532,0.4493927125506073,2.225225225225225,0.036678164145140635,15.0,18.0,0.8333333333333335,0.5454545454545452,0.11320754716981131,0.021403091557669448,0.375,0.3755827128520558,0.0880503144654088
graph_071_mu_0_3_node_834,30,0.15402298850574714,0.0009602809527426832,0.42312579415501905,2.3633633633633635,0.01564953527045076,17.0,13.0,1.3076923076923077,0.43333333333333346,0.08783783783783787,0.015258215962441314,0.27659574468085113,0.2770167155043347,0.1148648648648649
graph_071_mu_0_3_node_835,15,0.24761904761904763,0.00020498526349725974,0.39176470588235296,2.5525525525525525,0.009305055101782221,10.0,5.0,2.0,0.33333333333333326,0.04587155963302752,0.005611672278338946,0.20000000000000004,0.20016188040275842,0.09174311926605504
graph_071_mu_0_3_node_836,23,0.16205533596837945,0.0005132449704056178,0.39611419508326723,2.5245245245245247,0.010598094126224157,13.0,10.0,1.3000000000000005,0.4347826086956522,0.20000000000000004,0.01052631578947369,0.2777777777777778,0.27810154906574,0.2599999999999999
graph_071_mu_0_3_node_837,21,0.06190476190476191,0.0005234362322352365,0.42241014799154336,2.3673673673673674,0.015515905067806389,6.0,15.0,0.4000000000000001,0.7142857142857141,0.13274336283185842,0.016910935738444186,0.5555555555555556,0.5560409139118088,0.05309734513274334
graph_071_mu_0_3_node_838,41,0.1475609756097561,0.0015605861266390513,0.43434782608695655,2.3023023023023024,0.020434357299589832,27.0,14.0,1.928571428571428,0.34146341463414637,0.0945945945945946,0.01643192488262912,0.20588235294117652,0.20633598523979613,0.18243243243243243
graph_071_mu_0_3_node_839,32,0.05040322580645161,0.0016630356364060743,0.4320934256055363,2.314314314314314,0.013739617674881159,9.0,23.0,0.3913043478260869,0.71875,0.7419354838709677,0.0237358101135191,0.5609756097560974,0.5617197777439322,0.29032258064516125
graph_071_mu_0_3_node_840,31,0.15268817204301074,0.0012399591725609281,0.4502027940513745,2.2212212212212212,0.019871305784136744,15.0,16.0,0.9375,0.5161290322580643,0.10810810810810813,0.018779342723004692,0.3478260869565216,0.34834408747452217,0.10135135135135133
graph_071_mu_0_3_node_841,26,0.10153846153846154,0.000765794881985151,0.44301552106430153,2.2572572572572573,0.020411191154083463,11.0,15.0,0.7333333333333332,0.5769230769230768,0.10135135135135133,0.017605633802816902,0.4054054054054053,0.4058909208609807,0.06081081081081082
graph_071_mu_0_3_node_842,25,0.1,0.0009261006570240041,0.42223161453930685,2.3683683683683685,0.01437106243920779,12.0,13.0,0.9230769230769232,0.5199999999999998,0.11504424778761059,0.014656144306651634,0.3513513513513515,0.3517721858986305,0.10619469026548668
graph_071_mu_0_3_node_843,32,0.11724137931034483,0.0010173027048287345,0.3991210547343188,2.5055055055055053,0.011454511102710008,17.0,15.0,1.133333333333333,0.46875,0.4054054054054053,0.01557632398753894,0.3061224489795918,0.3066081530886486,0.4324324324324325
graph_071_mu_0_3_node_844,27,0.2336182336182336,0.0008072390431103913,0.4455842997323818,2.244244244244244,0.04091226093676597,16.0,11.0,1.4545454545454546,0.4074074074074074,0.06918238993710692,0.013079667063020215,0.2558139534883721,0.2561701595697814,0.10062893081761005
graph_071_mu_0_3_node_845,19,0.21052631578947367,0.00035958564604689366,0.42601279317697227,2.3473473473473474,0.016443220468097625,11.0,8.0,1.375,0.4210526315789473,0.07339449541284404,0.008978675645342315,0.2666666666666666,0.2669256669256669,0.1009174311926606
graph_071_mu_0_3_node_846,21,0.19523809523809524,0.00045759877794955014,0.42223161453930685,2.3683683683683685,0.01875130415075864,10.0,11.0,0.9090909090909087,0.5238095238095238,0.1009174311926606,0.012345679012345677,0.3548387096774193,0.3551947773950254,0.09174311926605504
graph_071_mu_0_3_node_847,57,0.13847117794486216,0.002924653098924968,0.4732354334438655,2.113113113113113,0.031681652500753756,39.0,18.0,2.166666666666667,0.31578947368421056,0.12162162162162164,0.021126760563380274,0.1875,0.1880836197393165,0.26351351351351354
graph_071_mu_0_3_node_848,28,0.11904761904761904,0.0008600873006683521,0.4107730263157895,2.4344344344344346,0.011352940967528945,15.0,13.0,1.1538461538461535,0.4642857142857144,0.11504424778761059,0.014656144306651634,0.3023255813953489,0.3027464976977611,0.13274336283185842
graph_071_mu_0_3_node_849,47,0.12626262626262627,0.0020209942267396504,0.43321769297484825,2.3083083083083085,0.017284631280024824,28.0,19.0,1.4736842105263155,0.404255319148936,0.3454545454545456,0.020105820105820103,0.25333333333333335,0.2539489173281496,0.4909090909090911
graph_071_mu_0_3_node_850,21,0.2571428571428571,0.0003161096904997032,0.42528735632183906,2.3513513513513513,0.017457106999503237,13.0,8.0,1.625,0.3809523809523811,0.07339449541284404,0.008978675645342315,0.23529411764705885,0.23555315145097028,0.11926605504587152
graph_071_mu_0_3_node_851,29,0.1477832512315271,0.0007866937899612571,0.39611419508326723,2.5245245245245247,0.010580060331254483,20.0,9.0,2.2222222222222223,0.31034482758620696,0.16363636363636364,0.009523809523809521,0.1836734693877551,0.18396500513327677,0.36363636363636365
graph_071_mu_0_3_node_852,25,0.11333333333333333,0.0008609290550296452,0.4000800961153384,2.4994994994994997,0.009066770259293942,13.0,12.0,1.0833333333333335,0.4800000000000002,0.3243243243243245,0.012461059190031152,0.31578947368421056,0.316177974072711,0.3513513513513515
graph_071_mu_0_3_node_853,25,0.37666666666666665,0.00039361034965713394,0.440864960282436,2.2682682682682684,0.04685505420705687,18.0,7.0,2.5714285714285716,0.28000000000000014,0.0440251572327044,0.00832342449464923,0.1627906976744186,0.16301743300950108,0.11320754716981131
graph_071_mu_0_3_node_854,20,0.24210526315789474,0.0004163153114292286,0.43491510666086197,2.299299299299299,0.017985318427175264,12.0,8.0,1.5,0.4000000000000001,0.054054054054054064,0.009389671361502346,0.25,0.25025901703036973,0.08108108108108113
graph_071_mu_0_3_node_855,24,0.25,0.0005235886853303819,0.41555740432612315,2.4064064064064064,0.01482983890783298,15.0,9.0,1.666666666666667,0.375,0.0825688073394495,0.010101010101010102,0.2307692307692308,0.2310606721085656,0.1376146788990826
graph_071_mu_0_3_node_856,33,0.14772727272727273,0.0012923060919410808,0.4104354971240756,2.4364364364364364,0.011400416199337498,20.0,13.0,1.538461538461539,0.39393939393939387,0.2363636363636364,0.013756613756613753,0.24528301886792456,0.24570407149950352,0.36363636363636365
graph_071_mu_0_3_node_857,16,0.15833333333333333,0.0002538434197134476,0.38962558502340094,2.5665665665665665,0.008675888244256177,9.0,7.0,1.2857142857142858,0.4375,0.06194690265486724,0.007891770011273959,0.28000000000000014,0.28022660321776577,0.07964601769911502
graph_071_mu_0_3_node_858,57,0.09085213032581453,0.00360351214070023,0.4694548872180451,2.13013013013013,0.026790534925471912,36.0,21.0,1.7142857142857142,0.36842105263157887,0.18584070796460178,0.023675310033821877,0.2258064516129031,0.22648714267640194,0.3097345132743362
graph_071_mu_0_3_node_859,21,0.12380952380952381,0.0006574701984796395,0.4034733441033926,2.4784784784784786,0.011998597740387003,9.0,12.0,0.75,0.5714285714285712,0.11009174311926606,0.013468013468013464,0.4000000000000001,0.40038839979285346,0.0825688073394495
graph_071_mu_0_3_node_860,24,0.21014492753623187,0.0006411528110456644,0.3964285714285714,2.5225225225225225,0.008561149334777925,14.0,10.0,1.3999999999999997,0.41666666666666674,0.20000000000000004,0.01052631578947369,0.2631578947368421,0.26348168699173147,0.28000000000000014
graph_071_mu_0_3_node_861,37,0.22372372372372373,0.0012541644294922858,0.46443514644351463,2.1531531531531534,0.05298707796617432,20.0,17.0,1.1764705882352942,0.4594594594594596,0.10691823899371067,0.0202140309155767,0.29824561403508765,0.29879614999803994,0.12578616352201258
graph_071_mu_0_3_node_862,19,0.0935672514619883,0.00045649699086349344,0.3903868698710434,2.5615615615615615,0.008796308613544426,9.0,10.0,0.9000000000000002,0.5263157894736842,0.3225806451612903,0.010319917440660475,0.35714285714285704,0.3574665445902579,0.25806451612903214
graph_071_mu_0_3_node_863,27,0.11396011396011396,0.0008593234397308868,0.4300473525613431,2.325325325325325,0.019527652298655773,12.0,15.0,0.8000000000000002,0.5555555555555556,0.13274336283185842,0.016910935738444186,0.38461538461538475,0.385100931503029,0.09734513274336283
graph_071_mu_0_3_node_864,22,0.18181818181818182,0.0005103576129518981,0.43116098403107467,2.319319319319319,0.013895073104417193,13.0,9.0,1.444444444444444,0.4090909090909091,0.06081081081081082,0.010563380281690137,0.2571428571428571,0.2574342607368348,0.08783783783783787
graph_071_mu_0_3_node_865,14,0.06060606060606061,0.00020924610184912701,0.36768494663231505,2.71971971971972,0.004885846824395312,5.0,9.0,0.5555555555555556,0.6428571428571429,0.20454545454545456,0.009414225941422593,0.4736842105263158,0.47397546323658424,0.09090909090909091
graph_071_mu_0_3_node_866,25,0.1976284584980237,0.0005970536723641311,0.4347258485639687,2.3003003003003,0.019880740421662102,13.0,12.0,1.0833333333333335,0.4800000000000002,0.08108108108108113,0.014084507042253523,0.31578947368421056,0.316177974072711,0.08108108108108113
graph_071_mu_0_3_node_867,24,0.15942028985507245,0.0006393066033482927,0.4436056838365897,2.254254254254254,0.017939402492834124,13.0,11.0,1.1818181818181819,0.4583333333333332,0.07432432432432434,0.012910798122065727,0.29729729729729737,0.297653434183366,0.08783783783783787
graph_071_mu_0_3_node_868,18,0.16339869281045752,0.000315415310882881,0.38202676864244745,2.6176176176176176,0.008560475677658413,9.0,9.0,1.0,0.5,0.33333333333333326,0.009249743062692701,0.33333333333333326,0.33362466146591985,0.33333333333333326
graph_071_mu_0_3_node_869,19,0.1111111111111111,0.0004208675054884862,0.4054383116883117,2.4664664664664664,0.014019575034131994,9.0,10.0,0.9000000000000002,0.5263157894736842,0.06756756756756756,0.011737089201877935,0.35714285714285704,0.3574665445902579,0.06081081081081082
graph_071_mu_0_3_node_870,21,0.5380952380952381,0.00011759939620134361,0.4317199654278306,2.3163163163163163,0.04531338898563527,19.0,2.0,9.5,0.09523809523809527,0.012578616352201257,0.0023781212841854924,0.05000000000000001,0.050064796215901,0.11949685534591194
graph_071_mu_0_3_node_871,26,0.3723076923076923,0.00029723402154276145,0.4414494034467521,2.265265265265265,0.04737836931615712,21.0,5.0,4.200000000000002,0.19230769230769237,0.031446540880503145,0.005945303210463732,0.1063829787234043,0.10654497451151375,0.1320754716981132
graph_071_mu_0_3_node_872,17,0.19117647058823528,0.00035710592966319303,0.37612951807228917,2.6586586586586587,0.004587180130809253,10.0,7.0,1.4285714285714282,0.41176470588235303,0.388888888888889,0.007128309572301427,0.2592592592592592,0.2594858771491229,0.5555555555555556
graph_071_mu_0_3_node_873,19,0.30994152046783624,0.00025140775134136525,0.4111111111111111,2.4324324324324325,0.012812329388456058,13.0,6.0,2.166666666666667,0.31578947368421056,0.05504587155963303,0.006734006734006732,0.1875,0.18769428793471923,0.11926605504587152
graph_071_mu_0_3_node_874,17,0.051470588235294115,0.0005396142660033038,0.390234375,2.5625625625625625,0.00832022679399649,7.0,10.0,0.6999999999999998,0.5882352941176471,0.4347826086956522,0.01023541453428864,0.41666666666666674,0.4169903122100677,0.2173913043478261
graph_071_mu_0_3_node_875,29,0.1724137931034483,0.0007209132843050947,0.44618133095131757,2.2412412412412412,0.022502145155855028,17.0,12.0,1.4166666666666667,0.41379310344827586,0.08108108108108113,0.014084507042253523,0.26086956521739124,0.26125816625366083,0.1148648648648649
graph_071_mu_0_3_node_876,51,0.16071428571428573,0.0025262683505889744,0.4595216191352346,2.176176176176176,0.030750221748691468,30.0,21.0,1.4285714285714282,0.41176470588235303,0.4772727272727274,0.021966527196652715,0.2592592592592592,0.2599396856598037,0.6590909090909091
graph_071_mu_0_3_node_877,23,0.08695652173913043,0.0006703355099575473,0.4138359569179785,2.4164164164164164,0.01006404803382834,11.0,12.0,0.9166666666666664,0.5217391304347825,0.10619469026548668,0.013528748590755358,0.3529411764705881,0.35332962655475253,0.08849557522123892
graph_071_mu_0_3_node_878,17,0.16911764705882354,0.00042178036364998796,0.4193954659949622,2.3843843843843846,0.014302832978412212,6.0,11.0,0.5454545454545452,0.6470588235294118,0.5,0.011247443762781187,0.4782608695652175,0.47861684509998975,0.2727272727272726
graph_071_mu_0_3_node_879,30,0.10344827586206896,0.0011202019867688439,0.44203539823008847,2.2622622622622623,0.021056056886273183,15.0,15.0,1.0,0.5,0.10135135135135133,0.017605633802816902,0.33333333333333326,0.33381897454160847,0.0945945945945946
graph_071_mu_0_3_node_880,19,0.12280701754385964,0.0005952072446498684,0.3991210547343188,2.5055055055055053,0.008812859916911591,8.0,11.0,0.7272727272727273,0.5789473684210529,0.5,0.011247443762781187,0.4074074074074074,0.40776342902762946,0.36363636363636365
graph_071_mu_0_3_node_881,64,0.09573412698412699,0.004029120274815944,0.47458432304038006,2.1071071071071072,0.028949600145529504,42.0,22.0,1.9090909090909096,0.34375,0.14864864864864868,0.025821596244131453,0.20754716981132082,0.20826052908499137,0.28378378378378377
graph_071_mu_0_3_node_882,47,0.19796484736355227,0.001868194525291785,0.4732354334438655,2.113113113113113,0.061414212301976585,27.0,20.0,1.3500000000000003,0.4255319148936172,0.12578616352201258,0.02378121284185493,0.27027027027027023,0.27091819044650467,0.16981132075471703
graph_071_mu_0_3_node_883,32,0.10114942528735632,0.001170811388819684,0.4238438693254137,2.359359359359359,0.01960874981810516,15.0,17.0,0.8823529411764709,0.53125,0.6296296296296297,0.017471736896197326,0.3617021276595746,0.3622524853921006,0.5185185185185184
graph_071_mu_0_3_node_884,17,0.08088235294117647,0.0005080773309327113,0.4185169669040637,2.3893893893893896,0.011806344049914553,4.0,13.0,0.3076923076923076,0.7647058823529413,0.5909090909090909,0.013292433537832306,0.6190476190476188,0.6194682357363951,0.1363636363636363
graph_071_mu_0_3_node_885,13,0.07692307692307693,0.00027043685752646876,0.40314769975786924,2.4804804804804803,0.010627981280895786,5.0,8.0,0.625,0.6153846153846152,0.05031446540880503,0.00951248513674197,0.4444444444444446,0.4447033441208197,0.025157232704402514
graph_071_mu_0_3_node_886,27,0.15954415954415954,0.0008327457243124489,0.4424269264836138,2.26026026026026,0.016470943024439886,15.0,12.0,1.25,0.4444444444444446,0.11009174311926606,0.013468013468013464,0.2857142857142856,0.28610283642015294,0.1376146788990826
graph_071_mu_0_3_node_887,21,0.1761904761904762,0.0004500662990352504,0.4169449081803005,2.3983983983983985,0.01460799304417661,10.0,11.0,0.9090909090909087,0.5238095238095238,0.1009174311926606,0.012345679012345677,0.3548387096774193,0.3551947773950254,0.09174311926605504
graph_071_mu_0_3_node_888,16,0.14166666666666666,0.0003178099792976556,0.4167709637046308,2.3993993993993996,0.010611257385261984,7.0,9.0,0.777777777777778,0.5625,0.07964601769911502,0.010146561443066518,0.3913043478260869,0.3915956382426324,0.06194690265486724
graph_071_mu_0_3_node_889,21,0.1619047619047619,0.0005703034952911559,0.4574175824175824,2.186186186186186,0.021530005468974447,7.0,14.0,0.5,0.6666666666666665,0.12844036697247713,0.01571268237934905,0.5,0.5004530451103487,0.06422018348623856
graph_071_mu_0_3_node_890,18,0.08496732026143791,0.0004499919722829251,0.40808823529411764,2.4504504504504503,0.014380318404790982,6.0,12.0,0.5,0.6666666666666665,0.4444444444444446,0.012332990750256935,0.5,0.5003883243802989,0.2222222222222223
graph_071_mu_0_3_node_891,22,0.18181818181818182,0.0005899811701217141,0.41659716430358634,2.4004004004004003,0.013170550404610548,12.0,10.0,1.1999999999999995,0.45454545454545436,0.06756756756756756,0.011737089201877935,0.29411764705882354,0.29444139738257386,0.08108108108108113
graph_071_mu_0_3_node_892,32,0.2413793103448276,0.0011522106946455968,0.415211970074813,2.4084084084084085,0.012718157698085477,18.0,14.0,1.2857142857142858,0.4375,0.6999999999999998,0.014285714285714289,0.28000000000000014,0.2804533678756477,0.8499999999999998
graph_071_mu_0_3_node_893,26,0.2523076923076923,0.00046620986843638263,0.4489887640449438,2.2272272272272273,0.039996067905271326,17.0,9.0,1.8888888888888888,0.34615384615384615,0.056603773584905655,0.010701545778834724,0.2093023255813953,0.20959380467586702,0.10691823899371067
graph_071_mu_0_3_node_894,26,0.19076923076923077,0.0006707404096962207,0.4104354971240756,2.4364364364364364,0.013420881767639626,16.0,10.0,1.6000000000000003,0.38461538461538475,0.09174311926605504,0.011223344556677893,0.2380952380952381,0.23841907229212922,0.14678899082568808
graph_071_mu_0_3_node_895,15,0.05714285714285714,0.00034286296131475017,0.3867595818815331,2.5855855855855854,0.006434942405041999,7.0,8.0,0.875,0.5333333333333332,0.07079646017699115,0.009019165727170236,0.36363636363636365,0.3638952968315994,0.04424778761061946
graph_071_mu_0_3_node_896,59,0.19754529514903565,0.0025040187750929588,0.48121387283236994,2.078078078078078,0.07578217214547715,39.0,20.0,1.9499999999999995,0.33898305084745767,0.12578616352201258,0.02378121284185493,0.20408163265306117,0.20473005698194202,0.24528301886792456
graph_071_mu_0_3_node_897,24,0.26811594202898553,0.000696016164780813,0.43190661478599224,2.315315315315315,0.03738062802192903,14.0,10.0,1.3999999999999997,0.41666666666666674,0.06289308176100629,0.011890606420927465,0.2631578947368421,0.26348168699173147,0.0880503144654088
graph_071_mu_0_3_node_898,16,0.125,0.00032608135410161336,0.39928057553956836,2.5045045045045047,0.007744275535599457,7.0,9.0,0.777777777777778,0.5625,0.06081081081081082,0.010563380281690137,0.3913043478260869,0.3915956382426324,0.0472972972972973
graph_071_mu_0_3_node_899,54,0.12669683257918551,0.0030734300842022834,0.4642193308550186,2.154154154154154,0.02643090465181859,31.0,23.0,1.3478260869565222,0.4259259259259259,0.2110091743119266,0.025813692480359144,0.27058823529411763,0.2713334642089995,0.2752293577981652
graph_071_mu_0_3_node_900,27,0.1282051282051282,0.0008652770161902782,0.4247448979591837,2.354354354354354,0.013400711085586959,13.0,14.0,0.9285714285714288,0.5185185185185184,0.25454545454545446,0.014814814814814812,0.3499999999999999,0.35045322110715443,0.2363636363636364
graph_071_mu_0_3_node_901,29,0.08620689655172414,0.001211243421596592,0.428204029147021,2.335335335335335,0.01730476069200695,11.0,18.0,0.6111111111111108,0.6206896551724139,0.6666666666666665,0.018499486125385402,0.4500000000000001,0.4505825619781216,0.4074074074074074
graph_071_mu_0_3_node_902,44,0.09302325581395349,0.0023125896503100344,0.4553327256153145,2.196196196196196,0.02546801963717634,23.0,21.0,1.0952380952380951,0.4772727272727274,0.14189189189189189,0.024647887323943667,0.31343283582089565,0.3141129537079959,0.15540540540540543
graph_071_mu_0_3_node_903,50,0.07591836734693877,0.003224689438760481,0.4567901234567901,2.189189189189189,0.02130048822982127,28.0,22.0,1.272727272727273,0.4400000000000001,0.19469026548672566,0.024802705749718153,0.282051282051282,0.2827639942451397,0.24778761061946897
graph_071_mu_0_3_node_904,21,0.2857142857142857,0.000323028265918894,0.4079216006533279,2.4514514514514514,0.013984735697453853,13.0,8.0,1.625,0.3809523809523811,0.07339449541284404,0.008978675645342315,0.23529411764705885,0.23555315145097028,0.11926605504587152
graph_071_mu_0_3_node_905,29,0.2832512315270936,0.0005309970101139572,0.43950725912890454,2.275275275275275,0.04404787680406697,21.0,8.0,2.625,0.2758620689655173,0.05031446540880503,0.00951248513674197,0.16,0.16025916807049373,0.1320754716981132
graph_071_mu_0_3_node_906,47,0.14061054579093432,0.002433164154680855,0.43453675511091777,2.3013013013013013,0.019991869070222837,26.0,21.0,1.2380952380952377,0.44680851063829785,0.5675675675675675,0.021806853582554516,0.28767123287671226,0.2883514829495963,0.702702702702703
graph_071_mu_0_3_node_907,23,0.2015810276679842,0.00042111820225856477,0.45846718678292797,2.181181181181181,0.03542593246385012,13.0,10.0,1.3000000000000005,0.4347826086956522,0.06289308176100629,0.011890606420927465,0.2777777777777778,0.27810154906574,0.08176100628930817
graph_071_mu_0_3_node_908,20,0.1368421052631579,0.0003874302012757949,0.42402376910016976,2.3583583583583585,0.016568911498746463,8.0,12.0,0.6666666666666665,0.5999999999999998,0.10619469026548668,0.013528748590755358,0.42857142857142855,0.42895980322350974,0.07079646017699115
graph_071_mu_0_3_node_909,24,0.18115942028985507,0.0005371175876990027,0.4062627084180561,2.4614614614614614,0.015709834371683964,13.0,11.0,1.1818181818181819,0.4583333333333332,0.4074074074074074,0.011305241521068855,0.29729729729729737,0.297653434183366,0.4814814814814816
graph_071_mu_0_3_node_910,32,0.11290322580645161,0.0016568778798287174,0.43453675511091777,2.3013013013013013,0.017235409689943266,13.0,19.0,0.6842105263157895,0.59375,0.8636363636363634,0.019427402862985686,0.4222222222222223,0.42283720846595085,0.5909090909090909
graph_071_mu_0_3_node_911,34,0.21568627450980393,0.001070203737795525,0.444,2.2522522522522523,0.04585110571457757,21.0,13.0,1.6153846153846159,0.3823529411764707,0.08176100628930817,0.015457788347205707,0.2363636363636364,0.23678471627164657,0.1320754716981132
graph_071_mu_0_3_node_912,36,0.1408199643493761,0.0013810275840393372,0.45,2.2222222222222223,0.022511948635893737,18.0,18.0,1.0,0.5,0.165137614678899,0.020202020202020204,0.33333333333333326,0.33391615939213387,0.15596330275229356
graph_071_mu_0_3_node_913,32,0.13911290322580644,0.0012591615388457666,0.436054124836316,2.2932932932932935,0.02346892476966666,15.0,17.0,0.8823529411764709,0.53125,0.15596330275229356,0.019079685746352416,0.3617021276595746,0.3622524853921006,0.1376146788990826
graph_071_mu_0_3_node_914,27,0.17663817663817663,0.0006476972129720944,0.41659716430358634,2.4004004004004003,0.014252785465845737,17.0,10.0,1.6999999999999995,0.37037037037037035,0.09174311926605504,0.011223344556677893,0.22727272727272718,0.22759658244469436,0.15596330275229356
graph_071_mu_0_3_node_915,26,0.2276923076923077,0.0006316421702829994,0.4373905429071804,2.2862862862862863,0.03723606511386912,16.0,10.0,1.6000000000000003,0.38461538461538475,0.06289308176100629,0.011890606420927465,0.2380952380952381,0.23841907229212922,0.10062893081761005
graph_071_mu_0_3_node_916,27,0.1111111111111111,0.0008750918976121245,0.41729323308270677,2.3963963963963963,0.012552829909008382,15.0,12.0,1.25,0.4444444444444446,0.08108108108108113,0.014084507042253523,0.2857142857142856,0.28610283642015294,0.10135135135135133
graph_071_mu_0_3_node_917,19,0.23391812865497075,0.0004506576843028626,0.4258312020460358,2.3483483483483485,0.018716604099767765,11.0,8.0,1.375,0.4210526315789473,0.054054054054054064,0.009389671361502346,0.2666666666666666,0.2669256669256669,0.07432432432432434
graph_071_mu_0_3_node_918,36,0.13333333333333333,0.0015086862158174253,0.4597330878969167,2.175175175175175,0.023831365195977734,18.0,18.0,1.0,0.5,0.12162162162162164,0.021126760563380274,0.33333333333333326,0.33391615939213387,0.12162162162162164
graph_071_mu_0_3_node_919,27,0.10256410256410256,0.0010080226357513846,0.4245643858903527,2.3553553553553552,0.01439664737333864,14.0,13.0,1.0769230769230769,0.4814814814814816,0.08783783783783787,0.015258215962441314,0.3170731707317073,0.31749405977887935,0.0945945945945946
graph_071_mu_0_3_node_920,32,0.2782258064516129,0.0007950927610457251,0.4469798657718121,2.2372372372372373,0.04910083745942623,20.0,12.0,1.666666666666667,0.375,0.07547169811320754,0.014268727705112954,0.2307692307692308,0.2311579073255565,0.12578616352201258
graph_071_mu_0_3_node_921,19,0.23391812865497075,0.00035842734193158773,0.41659716430358634,2.4004004004004003,0.015007991790429982,11.0,8.0,1.375,0.4210526315789473,0.07339449541284404,0.008978675645342315,0.2666666666666666,0.2669256669256669,0.1009174311926606
graph_071_mu_0_3_node_922,20,0.21052631578947367,0.0005212754425750392,0.42420382165605097,2.3573573573573574,0.019735030628263924,10.0,10.0,1.0,0.5,0.09174311926605504,0.011223344556677893,0.33333333333333326,0.3336570417368036,0.09174311926605504
graph_071_mu_0_3_node_923,20,0.09473684210526316,0.000737541884289656,0.4062627084180561,2.4614614614614614,0.009402611677667174,9.0,11.0,0.8181818181818182,0.5499999999999999,0.4074074074074074,0.011305241521068855,0.3793103448275863,0.3796663894950081,0.2962962962962963
graph_071_mu_0_3_node_924,19,0.24561403508771928,0.00045638903957809327,0.42802056555269924,2.3363363363363363,0.017410490302397247,12.0,7.0,1.7142857142857142,0.36842105263157887,0.0472972972972973,0.00821596244131456,0.2258064516129031,0.2260330988526636,0.08108108108108113
graph_071_mu_0_3_node_925,25,0.15333333333333332,0.0008996868008489243,0.43321769297484825,2.3083083083083085,0.01619623098540236,11.0,14.0,0.7857142857142859,0.5600000000000003,0.12844036697247713,0.01571268237934905,0.388888888888889,0.38934205131524996,0.1009174311926606
graph_071_mu_0_3_node_926,17,0.16911764705882354,0.0004732115450578813,0.408255006129955,2.4494494494494496,0.010921459940692867,9.0,8.0,1.125,0.4705882352941177,0.07079646017699115,0.009019165727170236,0.3076923076923076,0.30795127441508374,0.07964601769911502
graph_071_mu_0_3_node_927,33,0.2916666666666667,0.0007194319781894977,0.46335807050092764,2.1581581581581584,0.054233511414249085,21.0,12.0,1.75,0.36363636363636365,0.07547169811320754,0.014268727705112954,0.2222222222222223,0.2226109239584232,0.1320754716981132
graph_071_mu_0_3_node_928,13,0.1282051282051282,0.00016945812932908508,0.3872093023255814,2.5825825825825826,0.00574204851052205,6.0,7.0,0.8571428571428571,0.5384615384615384,0.06194690265486724,0.007891770011273959,0.36842105263157887,0.3686476118444474,0.05309734513274334
graph_071_mu_0_3_node_929,25,0.25666666666666665,0.0006873711412012239,0.4536784741144414,2.204204204204204,0.04114859515754752,13.0,12.0,1.0833333333333335,0.4800000000000002,0.07547169811320754,0.014268727705112954,0.31578947368421056,0.316177974072711,0.08176100628930817
graph_071_mu_0_3_node_930,31,0.10967741935483871,0.001152037955218605,0.43491510666086197,2.299299299299299,0.01885842964687144,13.0,18.0,0.722222222222222,0.5806451612903225,0.48648648648648657,0.018691588785046724,0.4090909090909091,0.40967354649623045,0.3513513513513515
graph_071_mu_0_3_node_931,23,0.233201581027668,0.0005709786419922976,0.4389279437609842,2.2782782782782784,0.016901772386504185,15.0,8.0,1.875,0.3478260869565216,0.054054054054054064,0.009389671361502346,0.21052631578947364,0.2107853831469866,0.10135135135135133
graph_071_mu_0_3_node_932,51,0.20862745098039215,0.0019775955734571762,0.48028846153846155,2.0820820820820822,0.06791691077700884,32.0,19.0,1.6842105263157892,0.3725490196078432,0.11949685534591194,0.022592152199762187,0.22891566265060248,0.22953140624200785,0.2012578616352201
graph_071_mu_0_3_node_933,19,0.3684210526315789,0.00015593218654073377,0.4070904645476773,2.4564564564564564,0.015996674639986445,15.0,4.0,3.75,0.21052631578947364,0.03669724770642202,0.004489337822671157,0.11764705882352942,0.11777660928343357,0.1376146788990826
graph_071_mu_0_3_node_934,31,0.1956989247311828,0.0008404711158039454,0.4220532319391635,2.369369369369369,0.01737672112595595,20.0,11.0,1.8181818181818175,0.3548387096774193,0.1009174311926606,0.012345679012345677,0.21568627450980402,0.21604257289350487,0.18348623853211007
graph_071_mu_0_3_node_935,17,0.06666666666666667,0.0004006000985027598,0.3870592793490895,2.5835835835835836,0.005167839420654404,8.0,9.0,0.8888888888888892,0.5294117647058824,0.42857142857142855,0.009193054136874363,0.36,0.36029130927334513,0.33333333333333326
graph_071_mu_0_3_node_936,27,0.14814814814814814,0.001151106560285889,0.4211635750421585,2.374374374374374,0.01388854480458167,16.0,11.0,1.4545454545454546,0.4074074074074074,0.07432432432432434,0.012910798122065727,0.2558139534883721,0.2561701595697814,0.10810810810810813
graph_071_mu_0_3_node_937,27,0.2792022792022792,0.0004552243586714002,0.4465802413947251,2.239239239239239,0.0444055022267118,18.0,9.0,2.0,0.33333333333333326,0.056603773584905655,0.010701545778834724,0.20000000000000004,0.20029149797570855,0.11320754716981131
graph_071_mu_0_3_node_938,39,0.26045883940620784,0.001103753028893492,0.4674777725783809,2.139139139139139,0.05686463289229883,26.0,13.0,2.0,0.33333333333333326,0.08176100628930817,0.015457788347205707,0.20000000000000004,0.2004212163431941,0.16352201257861634
graph_071_mu_0_3_node_939,45,0.20505050505050504,0.0016599195148584475,0.4754878629224179,2.103103103103103,0.06088525019744345,28.0,17.0,1.6470588235294121,0.3777777777777778,0.10691823899371067,0.0202140309155767,0.23287671232876717,0.23342753370063637,0.1761006289308176
graph_071_mu_0_3_node_940,33,0.2556818181818182,0.0010065531391156364,0.45491803278688525,2.1981981981981984,0.05143635387988663,20.0,13.0,1.538461538461539,0.39393939393939387,0.08176100628930817,0.015457788347205707,0.24528301886792456,0.24570407149950352,0.12578616352201258
graph_071_mu_0_3_node_941,31,0.17849462365591398,0.0012770198035073088,0.4475806451612903,2.234234234234234,0.02033625787889391,18.0,13.0,1.3846153846153846,0.4193548387096773,0.08783783783783787,0.015258215962441314,0.2653061224489796,0.2657271205382959,0.12162162162162164
graph_071_mu_0_3_node_942,111,0.14101257220523275,0.007973452432565547,0.5104752171691365,1.9589589589589589,0.12115719512158238,77.0,34.0,2.2647058823529416,0.3063063063063063,0.21383647798742134,0.0404280618311534,0.1808510638297873,0.18195560544501693,0.47798742138364775
graph_071_mu_0_3_node_943,24,0.10144927536231885,0.0009984339867111695,0.4157303370786517,2.4054054054054053,0.01257180934439098,8.0,16.0,0.5,0.6666666666666665,0.14678899082568808,0.01795735129068463,0.5,0.5005177658403986,0.07339449541284404
graph_071_mu_0_3_node_944,19,0.1111111111111111,0.00041140029315704803,0.40024038461538464,2.4984984984984986,0.009151644341538765,11.0,8.0,1.375,0.4210526315789473,0.054054054054054064,0.009389671361502346,0.2666666666666666,0.2669256669256669,0.07432432432432434
graph_071_mu_0_3_node_945,14,0.08791208791208792,0.0002841598311302503,0.376271186440678,2.6576576576576576,0.0053398275635371814,5.0,9.0,0.5555555555555556,0.6428571428571429,0.14754098360655735,0.009584664536741214,0.4736842105263158,0.47397546323658424,0.08196721311475412
graph_071_mu_0_3_node_946,20,0.11578947368421053,0.0005207662501133145,0.39564356435643566,2.5275275275275275,0.014136708999047074,6.0,14.0,0.42857142857142855,0.6999999999999998,0.608695652173913,0.0143295803480041,0.5384615384615384,0.5389145542523747,0.26086956521739124
graph_071_mu_0_3_node_947,23,0.2766798418972332,0.0003782163604442343,0.427105600684053,2.3413413413413413,0.035677268510038156,15.0,8.0,1.875,0.3478260869565216,0.05031446540880503,0.00951248513674197,0.21052631578947364,0.2107853831469866,0.09433962264150944
graph_071_mu_0_3_node_948,24,0.11594202898550725,0.0008552806741632071,0.42546848381601365,2.3503503503503502,0.01479418865305611,12.0,12.0,1.0,0.5,0.34285714285714275,0.012435233160621758,0.33333333333333326,0.3337218085680371,0.34285714285714275
graph_071_mu_0_3_node_949,16,0.10833333333333334,0.00026388160768779916,0.3964285714285714,2.5225225225225225,0.008503952883771286,11.0,5.0,2.1999999999999997,0.3125,0.03378378378378378,0.005868544600938968,0.18518518518518517,0.18534707607072834,0.07432432432432434
graph_071_mu_0_3_node_950,22,0.05194805194805195,0.0007542077418278221,0.4090909090909091,2.4444444444444446,0.009099346304388713,8.0,14.0,0.5714285714285712,0.6363636363636365,0.22950819672131137,0.014909478168264108,0.46666666666666673,0.4671197411003236,0.09836065573770494
graph_071_mu_0_3_node_951,25,0.16,0.00084668688721194,0.42546848381601365,2.3503503503503502,0.012893295439918876,10.0,15.0,0.6666666666666665,0.5999999999999998,0.75,0.01530612244897959,0.42857142857142855,0.4290569125990039,0.5
graph_071_mu_0_3_node_952,15,0.18095238095238095,0.00034670328959937445,0.4033104561970125,2.4794794794794797,0.009551035992214366,8.0,7.0,1.1428571428571423,0.46666666666666673,0.06194690265486724,0.007891770011273959,0.3043478260869565,0.30457441463452384,0.07079646017699115
graph_071_mu_0_3_node_953,20,0.23684210526315788,0.00037829897482011417,0.43060344827586206,2.3223223223223224,0.019307732203600266,11.0,9.0,1.2222222222222217,0.4500000000000001,0.06081081081081082,0.010563380281690137,0.29032258064516125,0.2906139465035575,0.07432432432432434
graph_071_mu_0_3_node_954,21,0.2,0.0007084798172608361,0.41298057048367093,2.4214214214214214,0.017475263806134237,10.0,11.0,0.9090909090909087,0.5238095238095238,0.5499999999999999,0.011224489795918367,0.3548387096774193,0.3551947773950254,0.5
graph_071_mu_0_3_node_955,23,0.25691699604743085,0.000419698678530371,0.43321769297484825,2.3083083083083085,0.034961843362308044,13.0,10.0,1.3000000000000005,0.4347826086956522,0.06289308176100629,0.011890606420927465,0.2777777777777778,0.27810154906574,0.08176100628930817
graph_071_mu_0_3_node_956,16,0.06666666666666667,0.00037481278930667555,0.408255006129955,2.4494494494494496,0.011009110227078529,4.0,12.0,0.33333333333333326,0.75,0.5217391304347825,0.01228249744114637,0.5999999999999998,0.6003882741215296,0.0869565217391304
graph_071_mu_0_3_node_957,24,0.213768115942029,0.0005574275334472752,0.4015273311897106,2.4904904904904903,0.009193675143497114,15.0,9.0,1.666666666666667,0.375,0.16363636363636364,0.009523809523809521,0.2307692307692308,0.2310606721085656,0.2727272727272726
graph_071_mu_0_3_node_958,31,0.12688172043010754,0.0009454224169614772,0.4296774193548387,2.3273273273273274,0.01845041271468794,20.0,11.0,1.8181818181818175,0.3548387096774193,0.07432432432432434,0.012910798122065727,0.21568627450980402,0.21604257289350487,0.13513513513513511
graph_071_mu_0_3_node_959,18,0.09803921568627451,0.0005919846708805597,0.4293081220455522,2.329329329329329,0.014883152617003473,5.0,13.0,0.38461538461538475,0.722222222222222,0.21311475409836064,0.013844515441959528,0.5652173913043478,0.5656380352131006,0.08196721311475412
graph_071_mu_0_3_node_960,18,0.27450980392156865,0.00028229880870756267,0.41659716430358634,2.4004004004004003,0.012789654559725175,11.0,7.0,1.5714285714285718,0.388888888888889,0.0472972972972973,0.00821596244131456,0.2413793103448275,0.24160594290868953,0.07432432432432434
graph_071_mu_0_3_node_961,23,0.13043478260869565,0.0007137743028469353,0.38188073394495414,2.6186186186186187,0.006586950534695169,11.0,12.0,0.9166666666666664,0.5217391304347825,0.6666666666666665,0.012219959266802444,0.3529411764705881,0.35332962655475253,0.6111111111111108
graph_071_mu_0_3_node_962,27,0.18803418803418803,0.0006785768548748618,0.4304179233089186,2.3233233233233235,0.018371864716455716,15.0,12.0,1.25,0.4444444444444446,0.11009174311926606,0.013468013468013464,0.2857142857142856,0.28610283642015294,0.1376146788990826
graph_071_mu_0_3_node_963,35,0.09915966386554621,0.0015914117242465439,0.4447907390917186,2.2482482482482484,0.018533651036816295,17.0,18.0,0.9444444444444444,0.5142857142857142,0.2950819672131147,0.019169329073482427,0.34615384615384615,0.3467366344721779,0.27868852459016397
graph_071_mu_0_3_node_964,29,0.14039408866995073,0.0010979056319782086,0.4576271186440678,2.185185185185185,0.01940455000206849,12.0,17.0,0.7058823529411762,0.5862068965517241,0.6296296296296297,0.017471736896197326,0.41463414634146356,0.4151843971911155,0.4444444444444446
graph_071_mu_0_3_node_965,28,0.3544973544973545,0.000493329809628465,0.4538845979100409,2.2032032032032034,0.05185621228888368,21.0,7.0,3.0,0.25,0.0440251572327044,0.00832342449464923,0.1428571428571428,0.1430839222655726,0.1320754716981132
graph_071_mu_0_3_node_966,129,0.06649168853893263,0.016893788795872285,0.5091743119266054,1.9639639639639639,0.047507375029535004,85.0,44.0,1.9318181818181825,0.3410852713178295,0.3893805309734513,0.04960541149943631,0.20560747663551393,0.2070371621047107,0.7433628318584071
graph_071_mu_0_3_node_967,33,0.06818181818181818,0.001350682242235482,0.4347258485639687,2.3003003003003,0.013126716411631751,12.0,21.0,0.5714285714285712,0.6363636363636365,0.19266055045871555,0.02356902356902357,0.46666666666666673,0.4673463003117684,0.1009174311926606
graph_071_mu_0_3_node_968,19,0.17543859649122806,0.0004193223621240646,0.43097497842968074,2.32032032032032,0.018046986977247607,8.0,11.0,0.7272727272727273,0.5789473684210529,0.07432432432432434,0.012910798122065727,0.4074074074074074,0.40776342902762946,0.054054054054054064
graph_071_mu_0_3_node_969,17,0.09558823529411764,0.0004448135802363241,0.40875613747954176,2.4464464464464464,0.011181220345310362,6.0,11.0,0.5454545454545452,0.6470588235294118,0.3548387096774193,0.011351909184726523,0.4782608695652175,0.47861684509998975,0.19354838709677416
graph_071_mu_0_3_node_970,22,0.20346320346320346,0.0005035854376537091,0.4057676685621446,2.4644644644644647,0.012435067977871085,14.0,8.0,1.75,0.36363636363636365,0.07339449541284404,0.008978675645342315,0.2222222222222223,0.2224812728018479,0.12844036697247713
graph_071_mu_0_3_node_971,16,0.075,0.0004281036986065476,0.4064279902359642,2.4604604604604603,0.010757565097365309,3.0,13.0,0.2307692307692308,0.8125,0.5909090909090909,0.013292433537832306,0.6842105263157895,0.6846311157881112,0.1363636363636363
graph_071_mu_0_3_node_972,13,0.14102564102564102,0.00022422987250720602,0.3928430987023201,2.5455455455455454,0.006862249697691129,6.0,7.0,0.8571428571428571,0.5384615384615384,0.11475409836065568,0.007454739084132054,0.36842105263157887,0.3686476118444474,0.09836065573770494
graph_071_mu_0_3_node_973,17,0.16911764705882354,0.0003358612892239634,0.408255006129955,2.4494494494494496,0.01187104499030323,9.0,8.0,1.125,0.4705882352941177,0.07079646017699115,0.009019165727170236,0.3076923076923076,0.30795127441508374,0.07964601769911502
graph_071_mu_0_3_node_974,31,0.18472906403940886,0.0010104708544476123,0.4070904645476773,2.4564564564564564,0.011332193384138864,17.0,14.0,1.2142857142857142,0.4516129032258062,0.6999999999999998,0.014285714285714289,0.2916666666666667,0.29212000518101167,0.8000000000000002
graph_071_mu_0_3_node_975,20,0.1368421052631579,0.0006001213359498422,0.41799163179916315,2.3923923923923924,0.012656208105798039,11.0,9.0,1.2222222222222217,0.4500000000000001,0.0825688073394495,0.010101010101010102,0.29032258064516125,0.2906139465035575,0.1009174311926606
graph_071_mu_0_3_node_976,25,0.14624505928853754,0.0007299431276361362,0.4060975609756098,2.4624624624624625,0.009437264932608493,15.0,10.0,1.5,0.4000000000000001,0.45454545454545436,0.010224948875255628,0.25,0.25032381322453207,0.6363636363636365
graph_071_mu_0_3_node_977,65,0.06912442396313365,0.004410079226791453,0.4483842010771993,2.23023023023023,0.02298918451653462,41.0,24.0,1.708333333333333,0.3692307692307694,0.3934426229508198,0.025559105431309903,0.22641509433962262,0.22719320353427974,0.655737704918033
graph_071_mu_0_3_node_978,17,0.2426470588235294,0.0002708799027162387,0.40842191332788225,2.4484484484484486,0.011748786986516234,12.0,5.0,2.399999999999999,0.29411764705882354,0.03378378378378378,0.005868544600938968,0.17241379310344834,0.17257569447313384,0.08108108108108113
graph_071_mu_0_3_node_979,19,0.19883040935672514,0.00039531694909824644,0.43378202344767697,2.305305305305305,0.01926023846586408,11.0,8.0,1.375,0.4210526315789473,0.054054054054054064,0.009389671361502346,0.2666666666666666,0.2669256669256669,0.07432432432432434
graph_071_mu_0_3_node_980,27,0.2962962962962963,0.0005239456447912319,0.44878706199460916,2.2282282282282284,0.04511075780731913,18.0,9.0,2.0,0.33333333333333326,0.056603773584905655,0.010701545778834724,0.20000000000000004,0.20029149797570855,0.11320754716981131
graph_071_mu_0_3_node_981,19,0.2222222222222222,0.0003551396404673112,0.43586387434554974,2.294294294294294,0.015916636664437756,11.0,8.0,1.375,0.4210526315789473,0.07339449541284404,0.008978675645342315,0.2666666666666666,0.2669256669256669,0.1009174311926606
graph_071_mu_0_3_node_982,27,0.17663817663817663,0.0006033398208506923,0.42875536480686693,2.3323323323323324,0.01801511986694206,15.0,12.0,1.25,0.4444444444444446,0.08108108108108113,0.014084507042253523,0.2857142857142856,0.28610283642015294,0.10135135135135133
graph_071_mu_0_3_node_983,44,0.17758985200845667,0.0018476291856407707,0.4605809128630705,2.171171171171171,0.05298746583880469,26.0,18.0,1.444444444444444,0.4090909090909091,0.11320754716981131,0.021403091557669448,0.2571428571428571,0.25772598530146784,0.16352201257861634
graph_071_mu_0_3_node_984,18,0.13071895424836602,0.000444097437566277,0.3984842441164739,2.5095095095095097,0.011275104266689578,9.0,9.0,1.0,0.5,0.24324324324324328,0.009345794392523362,0.33333333333333326,0.33362466146591985,0.24324324324324328
graph_071_mu_0_3_node_985,22,0.1341991341991342,0.0005732542055819898,0.4052738336713996,2.4674674674674675,0.012889765063994169,9.0,13.0,0.6923076923076923,0.5909090909090909,0.6500000000000002,0.013265306122448974,0.4193548387096773,0.4197755915335763,0.4500000000000001
graph_071_mu_0_3_node_986,35,0.058712121212121215,0.001668095609972625,0.43510452961672474,2.2982982982982985,0.01765319126695536,14.0,21.0,0.6666666666666665,0.5999999999999998,0.6774193548387099,0.021671826625387004,0.42857142857142855,0.42925115020923416,0.4193548387096773
graph_071_mu_0_3_node_987,21,0.3952380952380952,0.00021585957485133282,0.43359375,2.3063063063063063,0.04029739226891935,15.0,6.0,2.5,0.2857142857142856,0.03773584905660377,0.007134363852556477,0.16666666666666663,0.16686097976984687,0.09433962264150944
graph_071_mu_0_3_node_988,25,0.19367588932806323,0.000589340409391851,0.4046172539489672,2.4714714714714714,0.012543469840971226,13.0,12.0,1.0833333333333335,0.4800000000000002,0.5999999999999998,0.012244897959183675,0.31578947368421056,0.316177974072711,0.5999999999999998
graph_071_mu_0_3_node_989,18,0.06535947712418301,0.0004937643935477041,0.3911511354737666,2.5565565565565564,0.0057207077998013495,5.0,13.0,0.38461538461538475,0.722222222222222,0.2363636363636364,0.013756613756613753,0.5652173913043478,0.5656380352131006,0.09090909090909091
graph_071_mu_0_3_node_990,123,0.10041322314049586,0.01286709792880122,0.5130970724191063,1.9489489489489489,0.052380742774375016,82.0,41.0,2.0,0.33333333333333326,0.3761467889908258,0.04601571268237936,0.20000000000000004,0.2013320770655317,0.743119266055046
graph_071_mu_0_3_node_991,41,0.14709851551956815,0.0015809873094695935,0.41659716430358634,2.4004004004004003,0.01526173774813412,24.0,17.0,1.4117647058823524,0.41463414634146356,0.38636363636363635,0.01778242677824268,0.26153846153846155,0.2620891401688913,0.5227272727272725
graph_071_mu_0_3_node_992,20,0.18421052631578946,0.0005556081694803023,0.42601279317697227,2.3473473473473474,0.013214370391112494,9.0,11.0,0.8181818181818182,0.5499999999999999,0.09734513274336283,0.012401352874859077,0.3793103448275863,0.3796663894950081,0.07964601769911502
graph_071_mu_0_3_node_993,13,0.05128205128205128,0.00023559504457612134,0.3774083868530412,2.6496496496496498,0.004456926017521123,2.0,11.0,0.18181818181818182,0.8461538461538461,0.5238095238095238,0.011235955056179775,0.7333333333333332,0.7336892167329906,0.04761904761904764
graph_071_mu_0_3_node_994,24,0.3188405797101449,0.0005608684280364747,0.43397046046915727,2.304304304304304,0.04088107809829728,16.0,8.0,2.0,0.33333333333333326,0.05031446540880503,0.00951248513674197,0.20000000000000004,0.20025908413757376,0.10062893081761005
graph_071_mu_0_3_node_995,30,0.07126436781609195,0.0011975316995304582,0.427105600684053,2.3413413413413413,0.019484665339004264,13.0,17.0,0.7647058823529413,0.5666666666666665,0.27868852459016397,0.018104366347177846,0.3953488372093022,0.395899123681966,0.1967213114754099
graph_071_mu_0_3_node_996,35,0.1361344537815126,0.0015180291796756072,0.44919064748201437,2.2262262262262262,0.03137202766281994,15.0,20.0,0.75,0.5714285714285712,0.45454545454545436,0.020920502092050205,0.4000000000000001,0.4006474168069403,0.3409090909090909
graph_071_mu_0_3_node_997,27,0.10256410256410256,0.0008334475478703403,0.41607663473552686,2.4034034034034035,0.011488133350085642,13.0,14.0,0.9285714285714288,0.5185185185185184,0.25454545454545446,0.014814814814814812,0.3499999999999999,0.35045322110715443,0.2363636363636364
graph_071_mu_0_3_node_998,67,0.15015829941203077,0.003950211455416886,0.4868421052631579,2.054054054054054,0.07512336187788718,40.0,27.0,1.4814814814814814,0.4029850746268656,0.16981132075471703,0.032104637336504156,0.2523364485981308,0.25321167956185736,0.25157232704402516
graph_071_mu_0_3_node_999,23,0.09881422924901186,0.0008639060964549571,0.4245643858903527,2.3553553553553552,0.012637924018148578,9.0,14.0,0.6428571428571429,0.608695652173913,0.12389380530973448,0.015783540022547917,0.4375,0.43795310376076124,0.07964601769911502
