,Degree,Clustering Coefficient,Betweenness,Closeness,Shortest Path,Eigenvector,E In,E Out,E In Over E Out,ODF,Expansion,Cut Ratio,Conductance,Normalised Cut,Triangle Participation
graph_050_mu_0_2_node_0,37,0.2822822822822823,0.002751216142203844,0.4024979854955681,2.4844844844844847,0.032689067387506716,25.0,12.0,2.083333333333333,0.3243243243243245,0.3529411764705881,0.012422360248447204,0.19354838709677416,0.19399187885521896,0.7352941176470587
graph_050_mu_0_2_node_1,24,0.29347826086956524,0.001130588407028271,0.3724832214765101,2.684684684684685,0.015264879215152299,18.0,6.0,3.0,0.25,0.21428571428571427,0.006172839506172838,0.1428571428571428,0.14307882319409698,0.6428571428571429
graph_050_mu_0_2_node_2,30,0.30952380952380953,0.0021589049391609483,0.3830521472392638,2.6106106106106104,0.017678719781708048,20.0,10.0,2.0,0.33333333333333326,0.4761904761904762,0.010214504596527068,0.20000000000000004,0.20036946722825677,0.904761904761905
graph_050_mu_0_2_node_3,45,0.25353535353535356,0.0038632296434696687,0.4122988031366075,2.4254254254254253,0.044327298255046624,33.0,12.0,2.75,0.2666666666666666,0.2790697674418605,0.012539184952978058,0.1538461538461538,0.1542899080063491,0.7674418604651162
graph_050_mu_0_2_node_4,36,0.30158730158730157,0.0028524285011200406,0.4004008016032064,2.4974974974974975,0.04931875891420171,24.0,12.0,2.0,0.33333333333333326,0.2999999999999999,0.012500000000000002,0.20000000000000004,0.20044345898004445,0.5999999999999998
graph_050_mu_0_2_node_5,21,0.3391812865497076,0.0010068319102323733,0.36287686160552124,2.755755755755756,0.009432631915627446,15.0,6.0,2.5,0.2857142857142856,0.33333333333333326,0.006109979633401222,0.16666666666666663,0.1668882978723404,0.777777777777778
graph_050_mu_0_2_node_6,20,0.3,0.0011874523749100037,0.36660550458715596,2.7277277277277276,0.01297174732530553,12.0,8.0,1.5,0.4000000000000001,0.5,0.008130081300813009,0.25,0.25029542097488916,0.75
graph_050_mu_0_2_node_7,27,0.3333333333333333,0.0008969696386745073,0.3823191733639495,2.6156156156156154,0.0481445099131243,21.0,6.0,3.5,0.2222222222222223,0.125,0.006302521008403364,0.125,0.12522172949002217,0.4375
graph_050_mu_0_2_node_8,33,0.3162878787878788,0.002344607762646052,0.39161113288906313,2.5535535535535536,0.028021601120291267,22.0,11.0,2.0,0.33333333333333326,0.3666666666666666,0.011340206185567005,0.20000000000000004,0.20040645900306686,0.7333333333333332
graph_050_mu_0_2_node_9,36,0.31194295900178254,0.0022131342554392785,0.3894736842105263,2.5675675675675675,0.026903014662842815,26.0,10.0,2.600000000000001,0.2777777777777778,0.30303030303030304,0.010341261633919342,0.16129032258064516,0.16165995368879923,0.7575757575757577
graph_050_mu_0_2_node_10,40,0.31152204836415365,0.0027053883961782434,0.4015273311897106,2.4904904904904903,0.0370733499610231,28.0,12.0,2.3333333333333335,0.2999999999999999,0.36363636363636365,0.012409513960703205,0.17647058823529405,0.17691417835802078,0.8181818181818182
graph_050_mu_0_2_node_11,25,0.33992094861660077,0.0009665048225376517,0.3724832214765101,2.684684684684685,0.016566187870103537,20.0,5.0,4.0,0.20000000000000004,0.14705882352941177,0.005175983436853002,0.11111111111111115,0.11129587885805316,0.5588235294117646
graph_050_mu_0_2_node_12,23,0.30434782608695654,0.001298071679645299,0.3734579439252336,2.6776776776776776,0.013685314033125751,15.0,8.0,1.875,0.3478260869565216,0.4000000000000001,0.008163265306122451,0.21052631578947364,0.2108218022340331,0.75
graph_050_mu_0_2_node_13,26,0.24307692307692308,0.0016838393214168234,0.3867595818815331,2.5855855855855854,0.02542503822062282,16.0,10.0,1.6000000000000003,0.38461538461538475,0.23255813953488375,0.010449320794148379,0.2380952380952381,0.23846459615093718,0.37209302325581384
graph_050_mu_0_2_node_14,19,0.40441176470588236,0.0005864084575699296,0.35819290068124776,2.7917917917917916,0.009584955222613482,14.0,5.0,2.7999999999999994,0.2631578947368421,0.35714285714285704,0.005070993914807303,0.15151515151515152,0.15169983736452175,0.9285714285714288
graph_050_mu_0_2_node_15,32,0.4160919540229885,0.0011683096757440078,0.38482280431432975,2.5985985985985987,0.04597545669357346,26.0,6.0,4.333333333333334,0.1875,0.14999999999999994,0.006250000000000001,0.10344827586206896,0.10367008732232773,0.625
graph_050_mu_0_2_node_16,45,0.29797979797979796,0.003915913526489626,0.41128036228900783,2.4314314314314314,0.04057739215790572,33.0,12.0,2.75,0.2666666666666666,0.33333333333333326,0.01244813278008299,0.1538461538461538,0.1542899080063491,0.9166666666666664
graph_050_mu_0_2_node_17,38,0.19206349206349208,0.002493356882461918,0.3986432561851556,2.5085085085085086,0.03885403818875297,26.0,12.0,2.166666666666667,0.31578947368421056,0.24489795918367344,0.012618296529968457,0.1875,0.18794352454169128,0.5102040816326533
graph_050_mu_0_2_node_18,37,0.2571428571428571,0.0029458734768044214,0.4000800961153384,2.4994994994994997,0.033123990709927095,24.0,13.0,1.8461538461538465,0.3513513513513515,0.3823529411764707,0.013457556935817802,0.21311475409836064,0.21359515024041006,0.676470588235294
graph_050_mu_0_2_node_19,51,0.2372448979591837,0.004540499091240424,0.4150394682176984,2.4094094094094096,0.05182131324050849,37.0,14.0,2.6428571428571432,0.27450980392156854,0.2857142857142856,0.01472134595162986,0.15909090909090912,0.15960873717198615,0.7346938775510204
graph_050_mu_0_2_node_20,37,0.33783783783783783,0.002717459895979583,0.3940828402366864,2.5375375375375375,0.030274846740408094,26.0,11.0,2.3636363636363638,0.29729729729729737,0.3666666666666666,0.011340206185567005,0.17460317460317454,0.17500975379371242,0.8666666666666669
graph_050_mu_0_2_node_21,31,0.3827956989247312,0.001647017631604844,0.3906922174423152,2.5595595595595597,0.04246166486035364,22.0,9.0,2.4444444444444433,0.29032258064516125,0.21951219512195133,0.009384775808133473,0.16981132075471703,0.17014390269921267,0.5365853658536587
graph_050_mu_0_2_node_22,23,0.22134387351778656,0.0015234580277623951,0.3801369863013699,2.630630630630631,0.017835462626217553,13.0,10.0,1.3000000000000005,0.4347826086956522,0.5,0.01020408163265306,0.2777777777777778,0.27814705399638934,0.6500000000000002
graph_050_mu_0_2_node_23,27,0.42165242165242167,0.0006973621882555485,0.3769811320754717,2.6526526526526526,0.055548776091474836,23.0,4.0,5.75,0.14814814814814814,0.08333333333333331,0.0042016806722689065,0.08,0.08014785244326163,0.4791666666666668
graph_050_mu_0_2_node_24,26,0.3292307692307692,0.001708880165264783,0.3757051523128996,2.6616616616616615,0.015616562966103253,17.0,9.0,1.8888888888888888,0.34615384615384615,0.3913043478260869,0.009211873080859774,0.2093023255813953,0.2096347846704574,0.7391304347826088
graph_050_mu_0_2_node_25,31,0.2924731182795699,0.0015601866104140514,0.38735944164404806,2.5815815815815815,0.035085749171780554,23.0,8.0,2.875,0.25806451612903214,0.16326530612244897,0.008412197686645638,0.14814814814814814,0.1484438093204447,0.4693877551020407
graph_050_mu_0_2_node_26,21,0.30994152046783624,0.0012809785745478454,0.37179010048381095,2.68968968968969,0.015114894858805983,13.0,8.0,1.625,0.3809523809523811,0.5714285714285712,0.008113590263691683,0.23529411764705885,0.23558956044194762,0.8571428571428571
graph_050_mu_0_2_node_27,26,0.39076923076923076,0.001045553524337355,0.3710995542347697,2.694694694694695,0.016421951467738935,21.0,5.0,4.200000000000002,0.19230769230769237,0.14705882352941177,0.005175983436853002,0.1063829787234043,0.1065677601270038,0.6176470588235293
graph_050_mu_0_2_node_28,45,0.31893687707641194,0.003268471142810413,0.41128036228900783,2.4314314314314314,0.049203522148722326,33.0,12.0,2.75,0.2666666666666666,0.3076923076923076,0.012486992715920913,0.1538461538461538,0.1542899080063491,0.8205128205128208
graph_050_mu_0_2_node_29,36,0.37254901960784315,0.0014710245473328097,0.38901869158878505,2.5705705705705704,0.05015701445169011,27.0,9.0,3.0,0.25,0.22500000000000006,0.009374999999999996,0.1428571428571428,0.14318984774790477,0.6500000000000002
graph_050_mu_0_2_node_30,24,0.2077922077922078,0.0016091032026403038,0.37955927051671734,2.6346346346346348,0.01801870079127602,14.0,10.0,1.3999999999999997,0.41666666666666674,0.35714285714285704,0.0102880658436214,0.2631578947368421,0.26352719823045323,0.4642857142857144
graph_050_mu_0_2_node_31,21,0.29239766081871343,0.0010418178798447036,0.36208771293947084,2.7617617617617616,0.009124097793265387,14.0,7.0,2.0,0.33333333333333326,0.4375,0.00711382113821138,0.20000000000000004,0.200258541089566,0.8125
graph_050_mu_0_2_node_32,35,0.2859848484848485,0.0026707382562145506,0.391304347826087,2.5555555555555554,0.02241816200566094,24.0,11.0,2.1818181818181808,0.3142857142857142,0.39285714285714296,0.01131687242798354,0.18644067796610167,0.18684719705402075,0.8214285714285712
graph_050_mu_0_2_node_33,42,0.2423076923076923,0.0034818174109476534,0.4079216006533279,2.4514514514514514,0.044720484686309646,29.0,13.0,2.23076923076923,0.3095238095238094,0.2653061224489796,0.013669821240799159,0.18309859154929584,0.18357916528039636,0.5714285714285712
graph_050_mu_0_2_node_34,26,0.4,0.000774117160286436,0.38086160884483417,2.625625625625626,0.035129910059796876,21.0,5.0,4.200000000000002,0.19230769230769237,0.10204081632653059,0.005257623554153522,0.1063829787234043,0.1065677601270038,0.42857142857142855
graph_050_mu_0_2_node_35,34,0.4206773618538324,0.0013615853327639408,0.38766006984866125,2.5795795795795797,0.045905881687206794,28.0,6.0,4.666666666666667,0.17647058823529405,0.1463414634146341,0.006256517205422318,0.09677419354838708,0.09699603781371285,0.6829268292682927
graph_050_mu_0_2_node_36,31,0.3204301075268817,0.0016391680867148498,0.3908450704225352,2.5585585585585586,0.03178080647611882,23.0,8.0,2.875,0.25806451612903214,0.18604651162790692,0.008359456635318702,0.14814814814814814,0.1484438093204447,0.5348837209302326
graph_050_mu_0_2_node_37,43,0.27682926829268295,0.0029806439406953695,0.4107730263157895,2.4344344344344346,0.0624955613510859,28.0,15.0,1.866666666666667,0.34883720930232553,0.375,0.015625,0.21126760563380287,0.21182203180271802,0.6750000000000002
graph_050_mu_0_2_node_38,30,0.26436781609195403,0.0022508970590784188,0.3906922174423152,2.5595595595595597,0.023688202684575253,19.0,11.0,1.7272727272727268,0.3666666666666666,0.39285714285714296,0.01131687242798354,0.22448979591836735,0.22489616482745148,0.6785714285714288
graph_050_mu_0_2_node_39,26,0.40923076923076923,0.0011824699929203937,0.37,2.7027027027027026,0.0191809484660812,19.0,7.0,2.7142857142857153,0.2692307692307692,0.23333333333333336,0.007216494845360826,0.1555555555555555,0.15581419217111064,0.6333333333333331
graph_050_mu_0_2_node_40,30,0.2735632183908046,0.002166077915836099,0.4007220216606498,2.4954954954954953,0.0431962645445007,18.0,12.0,1.5,0.4000000000000001,0.2999999999999999,0.012500000000000002,0.25,0.2504432624113475,0.4500000000000001
graph_050_mu_0_2_node_41,26,0.36594202898550726,0.001363071775583581,0.3667400881057269,2.7267267267267266,0.012569672355259413,19.0,7.0,2.7142857142857153,0.2692307692307692,0.3499999999999999,0.007142857142857144,0.1555555555555555,0.15581419217111064,0.9000000000000002
graph_050_mu_0_2_node_42,34,0.375,0.0016085321872370615,0.3882627283326856,2.5755755755755754,0.04635569685938004,26.0,8.0,3.25,0.23529411764705885,0.19512195121951223,0.008342022940563089,0.1333333333333333,0.1336290600818177,0.6097560975609755
graph_050_mu_0_2_node_43,33,0.2537878787878788,0.002557002898336264,0.40056134723336007,2.4964964964964964,0.03782099370817463,20.0,13.0,1.538461538461539,0.39393939393939387,0.33333333333333326,0.013527575442247662,0.24528301886792456,0.24576327303320591,0.5128205128205128
graph_050_mu_0_2_node_44,54,0.20512820512820512,0.006051950185865126,0.42366412213740456,2.3603603603603602,0.059015131211235826,37.0,17.0,2.176470588235294,0.3148148148148148,0.34693877551020413,0.01787592008412198,0.18681318681318687,0.18744190828957272,0.7346938775510204
graph_050_mu_0_2_node_45,35,0.30303030303030304,0.0016255009193718727,0.3978494623655914,2.5135135135135136,0.06675768287906873,26.0,9.0,2.888888888888888,0.2571428571428571,0.1875,0.00945378151260504,0.14754098360655735,0.14787366390079462,0.5208333333333333
graph_050_mu_0_2_node_46,29,0.29310344827586204,0.001931229029844227,0.3894736842105263,2.5675675675675675,0.050083702100132736,20.0,9.0,2.2222222222222223,0.31034482758620696,0.1875,0.00945378151260504,0.1836734693877551,0.18400600217918314,0.41666666666666674
graph_050_mu_0_2_node_47,36,0.32798573975044565,0.002089003849032899,0.3909980430528376,2.5575575575575575,0.04740211449376573,26.0,10.0,2.600000000000001,0.2777777777777778,0.25,0.010416666666666664,0.16129032258064516,0.16165995368879923,0.625
graph_050_mu_0_2_node_48,40,0.2794871794871795,0.003501935718081684,0.40445344129554656,2.4724724724724725,0.048119238648290485,26.0,14.0,1.8571428571428577,0.3499999999999999,0.34146341463414637,0.014598540145985404,0.21212121212121207,0.21263861917273102,0.6341463414634146
graph_050_mu_0_2_node_49,20,0.24836601307189543,0.0011921885273714016,0.3602596465921385,2.775775775775776,0.007161468562037939,12.0,8.0,1.5,0.4000000000000001,0.5333333333333332,0.008121827411167511,0.25,0.25029542097488916,0.7333333333333332
graph_050_mu_0_2_node_50,20,0.4052631578947368,0.0009516084131963919,0.3690432212781677,2.70970970970971,0.013586408001031546,15.0,5.0,3.0,0.25,0.17857142857142852,0.0051440329218107,0.1428571428571428,0.14304184235106623,0.5357142857142857
graph_050_mu_0_2_node_51,32,0.22983870967741934,0.0026084021128838434,0.3997599039615846,2.5015015015015014,0.031221823262445714,20.0,12.0,1.666666666666667,0.375,0.2790697674418605,0.012539184952978058,0.2307692307692308,0.23121255868411175,0.4651162790697675
graph_050_mu_0_2_node_52,34,0.37254901960784315,0.001757797216013251,0.3925343811394892,2.5475475475475475,0.06737893107908073,26.0,8.0,3.25,0.23529411764705885,0.16666666666666663,0.008403361344537813,0.1333333333333333,0.1336290600818177,0.5416666666666667
graph_050_mu_0_2_node_53,26,0.2898550724637681,0.0012331149882275263,0.38261202604366146,2.6136136136136137,0.02317118261999372,18.0,8.0,2.25,0.3076923076923076,0.23529411764705885,0.008281573498964802,0.18181818181818182,0.18211373376143583,0.5
graph_050_mu_0_2_node_54,28,0.36,0.0015633236371868466,0.37955927051671734,2.6346346346346348,0.018336514649068814,19.0,9.0,2.111111111111111,0.32142857142857145,0.42857142857142855,0.009193054136874363,0.19148936170212763,0.19182186992246977,0.8571428571428571
graph_050_mu_0_2_node_55,33,0.3390151515151515,0.002438164812887779,0.388715953307393,2.5725725725725725,0.027250856760496538,24.0,9.0,2.666666666666666,0.2727272727272726,0.2727272727272726,0.009307135470527406,0.15789473684210528,0.15822736795420192,0.7272727272727273
graph_050_mu_0_2_node_56,32,0.3024193548387097,0.0017931255431001042,0.3967434471803018,2.5205205205205203,0.06465979388220992,22.0,10.0,2.1999999999999997,0.3125,0.20833333333333337,0.010504201680672266,0.18518518518518517,0.18555470702392585,0.4583333333333332
graph_050_mu_0_2_node_57,24,0.41125541125541126,0.0009668352490343149,0.3716517857142857,2.690690690690691,0.01645822248387544,17.0,7.0,2.4285714285714284,0.2916666666666667,0.3043478260869565,0.00716479017400205,0.17073170731707318,0.17099030571376309,0.6956521739130432
graph_050_mu_0_2_node_58,34,0.3387096774193548,0.0022049164091471683,0.3967434471803018,2.5205205205205203,0.027371355362340612,23.0,11.0,2.09090909090909,0.3235294117647059,0.4782608695652175,0.011258955987717504,0.1929824561403509,0.19338894518362348,0.956521739130435
graph_050_mu_0_2_node_59,23,0.3523809523809524,0.0011474129029770395,0.36958934517203107,2.705705705705706,0.012389532052543499,16.0,7.0,2.2857142857142847,0.3043478260869565,0.4375,0.00711382113821138,0.1794871794871794,0.17974575877867224,0.9375
graph_050_mu_0_2_node_60,31,0.31773399014778325,0.0017353239790452754,0.3881118881118881,2.5765765765765765,0.028774855339970467,22.0,9.0,2.4444444444444433,0.29032258064516125,0.25,0.009336099585062239,0.16981132075471703,0.17014390269921267,0.5833333333333334
graph_050_mu_0_2_node_61,37,0.3378151260504202,0.0022060260112609226,0.3953304313415117,2.5295295295295297,0.03384262476967772,28.0,9.0,3.111111111111112,0.24324324324324328,0.25,0.009336099585062239,0.1384615384615384,0.13879426795246236,0.75
graph_050_mu_0_2_node_62,25,0.21333333333333335,0.0019379605950082793,0.38467462456680784,2.5995995995995997,0.023794428534653092,14.0,11.0,1.272727272727273,0.4400000000000001,0.2558139534883721,0.011494252873563216,0.282051282051282,0.28245750089245053,0.3255813953488372
graph_050_mu_0_2_node_63,28,0.31746031746031744,0.0017016648801726722,0.37855248200075786,2.6416416416416415,0.018634140545346223,19.0,9.0,2.111111111111111,0.32142857142857145,0.32142857142857145,0.009259259259259259,0.19148936170212763,0.19182186992246977,0.6785714285714288
graph_050_mu_0_2_node_64,17,0.22794117647058823,0.0008857510000962959,0.3647316538882804,2.7417417417417416,0.00999335960680446,10.0,7.0,1.4285714285714282,0.41176470588235303,0.25,0.007201646090534978,0.2592592592592592,0.25951772397882505,0.35714285714285704
graph_050_mu_0_2_node_65,31,0.36129032258064514,0.0013973194975418874,0.38962558502340094,2.5665665665665665,0.04567535372446519,24.0,7.0,3.4285714285714284,0.2258064516129031,0.17073170731707318,0.007299270072992702,0.12727272727272723,0.1275314594848877,0.5853658536585364
graph_050_mu_0_2_node_66,37,0.3899159663865546,0.002242979098185216,0.3903868698710434,2.5615615615615615,0.02916012454325304,28.0,9.0,3.111111111111112,0.24324324324324328,0.2999999999999999,0.009278350515463916,0.1384615384615384,0.13879426795246236,0.9000000000000002
graph_050_mu_0_2_node_67,21,0.21428571428571427,0.0013279180068329654,0.3768389287061486,2.6536536536536537,0.015675447855709915,12.0,9.0,1.333333333333333,0.42857142857142855,0.2647058823529412,0.009316770186335404,0.2727272727272726,0.273059609051633,0.3529411764705881
graph_050_mu_0_2_node_68,43,0.35853658536585364,0.002517802886454316,0.4023358840112767,2.4854854854854853,0.05510853451268458,33.0,10.0,3.299999999999999,0.23255813953488375,0.24390243902439032,0.010427528675703854,0.13157894736842105,0.1319487698536281,0.7804878048780489
graph_050_mu_0_2_node_69,35,0.2319327731092437,0.0025555086160497418,0.3940828402366864,2.5375375375375375,0.03503308377171126,25.0,10.0,2.5,0.2857142857142856,0.20408163265306117,0.010515247108307044,0.16666666666666663,0.16703627045140937,0.5102040816326533
graph_050_mu_0_2_node_70,24,0.40217391304347827,0.00131498247080528,0.3689069423929099,2.710710710710711,0.013276181843318299,18.0,6.0,3.0,0.25,0.2857142857142856,0.0061287027579162425,0.1428571428571428,0.14307882319409698,0.8571428571428571
graph_050_mu_0_2_node_71,22,0.39826839826839827,0.0009789151391843267,0.36931608133086874,2.7077077077077076,0.014283576164264537,16.0,6.0,2.666666666666666,0.2727272727272726,0.2857142857142856,0.0061287027579162425,0.15789473684210528,0.15811638442245252,0.7619047619047622
graph_050_mu_0_2_node_72,28,0.34656084656084657,0.001386350422258241,0.3843786071565987,2.6016016016016015,0.03926336624153759,19.0,9.0,2.111111111111111,0.32142857142857145,0.22500000000000006,0.009374999999999996,0.19148936170212763,0.19182186992246977,0.47499999999999987
graph_050_mu_0_2_node_73,28,0.26455026455026454,0.0019798113366135284,0.3864603481624758,2.5875875875875876,0.020428709350182112,18.0,10.0,1.8000000000000005,0.35714285714285704,0.35714285714285704,0.0102880658436214,0.2173913043478261,0.21776071698173813,0.6428571428571429
graph_050_mu_0_2_node_74,21,0.29523809523809524,0.0011803298205656017,0.374578177727784,2.66966966966967,0.015829494521561783,13.0,8.0,1.625,0.3809523809523811,0.2666666666666666,0.00824742268041237,0.23529411764705885,0.23558956044194762,0.43333333333333346
graph_050_mu_0_2_node_75,37,0.28403361344537814,0.003289275472729321,0.39595719381688466,2.5255255255255253,0.028641097544234103,25.0,12.0,2.083333333333333,0.3243243243243245,0.4000000000000001,0.01237113402061856,0.19354838709677416,0.19399187885521896,0.8000000000000002
graph_050_mu_0_2_node_76,30,0.3793103448275862,0.0015554598980617128,0.3858632676709154,2.5915915915915915,0.027178442055887004,22.0,8.0,2.75,0.2666666666666666,0.24242424242424232,0.00827300930713547,0.1538461538461538,0.15414179316618346,0.6666666666666665
graph_050_mu_0_2_node_77,37,0.3798319327731092,0.0016107230221997974,0.3928430987023201,2.5455455455455454,0.051479508205215685,28.0,9.0,3.111111111111112,0.24324324324324328,0.22500000000000006,0.009374999999999996,0.1384615384615384,0.13879426795246236,0.6750000000000002
graph_050_mu_0_2_node_78,28,0.3412698412698413,0.0015852770930183237,0.3894736842105263,2.5675675675675675,0.029244096415962692,19.0,9.0,2.111111111111111,0.32142857142857145,0.2727272727272726,0.009307135470527406,0.19148936170212763,0.19182186992246977,0.5757575757575759
graph_050_mu_0_2_node_79,42,0.2794871794871795,0.0032891124145877464,0.4117889530090684,2.4284284284284285,0.06025516145897376,27.0,15.0,1.8000000000000005,0.35714285714285704,0.375,0.015625,0.2173913043478261,0.21794568953465399,0.6500000000000002
graph_050_mu_0_2_node_80,47,0.26161616161616164,0.0034254593713757267,0.40478119935170176,2.4704704704704703,0.05009439755271485,35.0,12.0,2.916666666666666,0.2553191489361702,0.24489795918367344,0.012618296529968457,0.1463414634146341,0.1467852832237916,0.6938775510204083
graph_050_mu_0_2_node_81,21,0.10526315789473684,0.0015921284801887986,0.38601236476043277,2.5905905905905904,0.016914426992520895,9.0,12.0,0.75,0.5714285714285712,0.8571428571428571,0.012170385395537525,0.4000000000000001,0.4004429678848283,0.5714285714285712
graph_050_mu_0_2_node_82,26,0.19202898550724637,0.002191919264747938,0.38158899923605805,2.6206206206206204,0.01521421118217944,13.0,13.0,1.0,0.5,0.722222222222222,0.013238289205702643,0.33333333333333326,0.3338133392410984,0.6666666666666665
graph_050_mu_0_2_node_83,42,0.2948717948717949,0.0030283214036154224,0.4004008016032064,2.4974974974974975,0.07600891214634027,30.0,12.0,2.5,0.2857142857142856,0.25,0.012605042016806728,0.16666666666666663,0.1671103223898255,0.6041666666666666
graph_050_mu_0_2_node_84,21,0.3684210526315789,0.0011569024039017382,0.3651315789473684,2.7387387387387387,0.010801584739556455,15.0,6.0,2.5,0.2857142857142856,0.42857142857142855,0.006085192697768763,0.16666666666666663,0.1668882978723404,1.0
graph_050_mu_0_2_node_85,28,0.25396825396825395,0.0025065155858899502,0.38482280431432975,2.5985985985985987,0.01829586990542971,16.0,12.0,1.333333333333333,0.42857142857142855,0.5217391304347825,0.01228249744114637,0.2727272727272726,0.27317046965444064,0.6956521739130432
graph_050_mu_0_2_node_86,20,0.30526315789473685,0.0011163502003629304,0.3704115684093437,2.6996996996997,0.012087556550763604,12.0,8.0,1.5,0.4000000000000001,0.4444444444444446,0.00814663951120163,0.25,0.25029542097488916,0.6666666666666665
graph_050_mu_0_2_node_87,22,0.36796536796536794,0.0011797637815151836,0.3765548435733132,2.655655655655656,0.016304772462255614,15.0,7.0,2.142857142857143,0.31818181818181823,0.36842105263157887,0.007135575942915391,0.1891891891891892,0.18944774937830747,0.7894736842105262
graph_050_mu_0_2_node_88,36,0.28888888888888886,0.00259206487224564,0.399919935948759,2.5005005005005003,0.03458745369839866,23.0,13.0,1.76923076923077,0.361111111111111,0.39393939393939387,0.013443640124095137,0.22033898305084743,0.22081934369083558,0.6969696969696971
graph_050_mu_0_2_node_89,16,0.054945054945054944,0.0011014314679981768,0.3713754646840149,2.6926926926926926,0.012652232722511652,7.0,9.0,0.777777777777778,0.5625,0.5999999999999998,0.009137055837563452,0.3913043478260869,0.39163656147637665,0.4000000000000001
graph_050_mu_0_2_node_90,34,0.3709677419354839,0.0016681477759400132,0.3870592793490895,2.5835835835835836,0.029580666845707034,26.0,8.0,3.25,0.23529411764705885,0.2666666666666666,0.00824742268041237,0.1333333333333333,0.1336290600818177,0.8333333333333335
graph_050_mu_0_2_node_91,28,0.3169230769230769,0.0015472744619230133,0.3755639097744361,2.6626626626626626,0.015666022438186954,21.0,7.0,3.0,0.25,0.25,0.007201646090534978,0.1428571428571428,0.14311581770286178,0.7142857142857141
graph_050_mu_0_2_node_92,34,0.32056451612903225,0.002573322971935307,0.38129770992366413,2.6226226226226226,0.015467698631098627,23.0,11.0,2.09090909090909,0.3235294117647059,0.4782608695652175,0.011258955987717504,0.1929824561403509,0.19338894518362348,0.956521739130435
graph_050_mu_0_2_node_93,26,0.37538461538461537,0.0010276167502838985,0.37984790874524715,2.6326326326326326,0.052277942047716165,20.0,6.0,3.333333333333334,0.2307692307692308,0.125,0.006302521008403364,0.13043478260869562,0.13065649571194007,0.41666666666666674
graph_050_mu_0_2_node_94,34,0.30443548387096775,0.002840448179286203,0.39423835832675613,2.5365365365365364,0.024542591887636984,22.0,12.0,1.8333333333333328,0.3529411764705881,0.5217391304347825,0.01228249744114637,0.21428571428571427,0.21472910772349144,0.9130434782608693
graph_050_mu_0_2_node_95,33,0.3204301075268817,0.0020093142475969363,0.3914576802507837,2.5545545545545547,0.028915898580075847,23.0,10.0,2.3,0.30303030303030304,0.30303030303030304,0.010341261633919342,0.17857142857142852,0.17894097772146547,0.6666666666666665
graph_050_mu_0_2_node_96,23,0.3201581027667984,0.0012828463570654124,0.3731789316398954,2.67967967967968,0.015195190653570225,16.0,7.0,2.2857142857142847,0.3043478260869565,0.25,0.007201646090534978,0.1794871794871794,0.17974575877867224,0.5714285714285712
graph_050_mu_0_2_node_97,23,0.36363636363636365,0.0011769908975545606,0.3755639097744361,2.6626626626626626,0.014496798468210342,15.0,8.0,1.875,0.3478260869565216,0.4210526315789473,0.00815494393476045,0.21052631578947364,0.2108218022340331,0.7894736842105262
graph_050_mu_0_2_node_98,34,0.2549019607843137,0.0025722806555385377,0.391304347826087,2.5555555555555554,0.024155036870610155,23.0,11.0,2.09090909090909,0.3235294117647059,0.3235294117647059,0.011387163561076604,0.1929824561403509,0.19338894518362348,0.676470588235294
graph_050_mu_0_2_node_99,34,0.34402852049910876,0.002523421795035038,0.3870592793490895,2.5835835835835836,0.023847101808200516,23.0,11.0,2.09090909090909,0.3235294117647059,0.39285714285714296,0.01131687242798354,0.1929824561403509,0.19338894518362348,0.8214285714285712
graph_050_mu_0_2_node_100,19,0.38011695906432746,0.000884713264159858,0.36380189366351057,2.7487487487487487,0.011114039220521526,13.0,6.0,2.166666666666667,0.31578947368421056,0.2857142857142856,0.0061287027579162425,0.1875,0.18772159846358397,0.6190476190476188
graph_050_mu_0_2_node_101,22,0.2813852813852814,0.001322402343228676,0.3792710706150342,2.6366366366366365,0.018306083523402922,13.0,9.0,1.444444444444444,0.4090909090909091,0.25,0.009336099585062239,0.2571428571428571,0.2574752180129041,0.361111111111111
graph_050_mu_0_2_node_102,27,0.38461538461538464,0.0009795503614847849,0.3855654187572366,2.5935935935935936,0.05760092021617552,21.0,6.0,3.5,0.2222222222222223,0.125,0.006302521008403364,0.125,0.12522172949002217,0.4375
graph_050_mu_0_2_node_103,34,0.2963709677419355,0.0023169294971293534,0.3964285714285714,2.5225225225225225,0.03458984154946061,22.0,12.0,1.8333333333333328,0.3529411764705881,0.36363636363636365,0.012409513960703205,0.21428571428571427,0.21472910772349144,0.6363636363636365
graph_050_mu_0_2_node_104,31,0.28078817733990147,0.0022355098829152766,0.38901869158878505,2.5705705705705704,0.018851090284512883,22.0,9.0,2.4444444444444433,0.29032258064516125,0.32142857142857145,0.009259259259259259,0.16981132075471703,0.17014390269921267,0.75
graph_050_mu_0_2_node_105,29,0.25071225071225073,0.0016778349612143189,0.3909980430528376,2.5575575575575575,0.026299221789975173,20.0,9.0,2.2222222222222223,0.31034482758620696,0.2647058823529412,0.009316770186335404,0.1836734693877551,0.18400600217918314,0.5588235294117646
graph_050_mu_0_2_node_106,20,0.3006535947712418,0.0007805009348398108,0.3624818577648766,2.7587587587587588,0.012021811391941181,14.0,6.0,2.3333333333333335,0.2999999999999999,0.3529411764705881,0.006103763987792472,0.17647058823529405,0.1766922030687136,0.7647058823529413
graph_050_mu_0_2_node_107,17,0.5514705882352942,0.00039959203723026693,0.36314067611777534,2.7537537537537538,0.013699410083675284,14.0,3.0,4.666666666666667,0.17647058823529405,0.10714285714285714,0.003086419753086419,0.09677419354838708,0.09688501324474115,0.5
graph_050_mu_0_2_node_108,20,0.41578947368421054,0.0006804550262437649,0.3706864564007421,2.6976976976976976,0.01850847752223564,14.0,6.0,2.3333333333333335,0.2999999999999999,0.18181818181818182,0.0062047569803516025,0.17647058823529405,0.1766922030687136,0.42424242424242414
graph_050_mu_0_2_node_109,31,0.35960591133004927,0.001418884112802477,0.3792710706150342,2.6366366366366365,0.023259765369302503,24.0,7.0,3.4285714285714284,0.2258064516129031,0.21212121212121207,0.007238883143743536,0.12727272727272723,0.1275314594848877,0.6969696969696971
graph_050_mu_0_2_node_110,20,0.26842105263157895,0.0014120261505173705,0.3704115684093437,2.6996996996997,0.012721367214413602,12.0,8.0,1.5,0.4000000000000001,0.4000000000000001,0.008163265306122451,0.25,0.25029542097488916,0.5999999999999998
graph_050_mu_0_2_node_111,20,0.20526315789473684,0.0014097072020038952,0.37387724550898205,2.674674674674675,0.011347991124500172,11.0,9.0,1.2222222222222217,0.4500000000000001,0.5999999999999998,0.009137055837563452,0.29032258064516125,0.2906548924274602,0.7333333333333332
graph_050_mu_0_2_node_112,24,0.286231884057971,0.001378176635855118,0.3867595818815331,2.5855855855855854,0.023625464842711955,15.0,9.0,1.666666666666667,0.375,0.25,0.009336099585062239,0.2307692307692308,0.2311016407415299,0.41666666666666674
graph_050_mu_0_2_node_113,17,0.38235294117647056,0.0007363932405314616,0.3588362068965517,2.7867867867867866,0.009074230926659247,12.0,5.0,2.399999999999999,0.29411764705882354,0.25,0.00510204081632653,0.17241379310344834,0.17259845166975918,0.5999999999999998
graph_050_mu_0_2_node_114,15,0.4380952380952381,0.0005224441641347764,0.35438098616530683,2.8218218218218216,0.008393925025817877,11.0,4.0,2.75,0.2666666666666666,0.1739130434782608,0.004094165813715455,0.1538461538461538,0.15399387524359825,0.4782608695652175
graph_050_mu_0_2_node_115,16,0.09166666666666666,0.0011487692079042633,0.3651315789473684,2.7387387387387387,0.00982465523574366,7.0,9.0,0.777777777777778,0.5625,0.5999999999999998,0.009137055837563452,0.3913043478260869,0.39163656147637665,0.46666666666666673
graph_050_mu_0_2_node_116,16,0.36666666666666664,0.0004964488462415204,0.36208771293947084,2.7617617617617616,0.012085990271793063,11.0,5.0,2.1999999999999997,0.3125,0.25,0.00510204081632653,0.18518518518518517,0.18536983011298908,0.5499999999999999
graph_050_mu_0_2_node_117,21,0.29523809523809524,0.0012874003355483681,0.3671444321940463,2.7237237237237237,0.011231851462230753,13.0,8.0,1.625,0.3809523809523811,0.4444444444444446,0.00814663951120163,0.23529411764705885,0.23558956044194762,0.722222222222222
graph_050_mu_0_2_node_118,33,0.23863636363636365,0.0032037799240831177,0.3976910828025478,2.5145145145145147,0.02640861713071204,19.0,14.0,1.3571428571428577,0.42424242424242414,0.42424242424242414,0.014477766287487072,0.2692307692307692,0.26974790871067456,0.5757575757575759
graph_050_mu_0_2_node_119,30,0.3264367816091954,0.0015320229120112307,0.3872093023255814,2.5825825825825826,0.058782602900077356,22.0,8.0,2.75,0.2666666666666666,0.16666666666666663,0.008403361344537813,0.1538461538461538,0.15414179316618346,0.4583333333333332
graph_050_mu_0_2_node_120,46,0.3562367864693446,0.0026005176839532375,0.4072564207093355,2.4554554554554553,0.08996683603261256,37.0,9.0,4.111111111111113,0.19565217391304346,0.1875,0.00945378151260504,0.10843373493975904,0.10876668599595375,0.75
graph_050_mu_0_2_node_121,19,0.3684210526315789,0.0008971399200153512,0.3667400881057269,2.7267267267267266,0.012141918565805813,13.0,6.0,2.166666666666667,0.31578947368421056,0.31578947368421056,0.0061162079510703364,0.1875,0.18772159846358397,0.6842105263157895
graph_050_mu_0_2_node_122,31,0.4630541871921182,0.0010445419689764067,0.3804265041888804,2.6286286286286287,0.03201496779671161,26.0,5.0,5.200000000000002,0.16129032258064516,0.1282051282051282,0.005202913631633716,0.08771929824561406,0.08790414796279399,0.6410256410256411
graph_050_mu_0_2_node_123,19,0.28654970760233917,0.0010656789949800443,0.37331838565022424,2.6786786786786787,0.015689121753388047,11.0,8.0,1.375,0.4210526315789473,0.3809523809523811,0.008171603677221655,0.2666666666666666,0.266962065824779,0.5238095238095238
graph_050_mu_0_2_node_124,17,0.37142857142857144,0.0007543088329706865,0.3448394891266828,2.8998998998999,0.004898781536200613,13.0,4.0,3.25,0.23529411764705885,0.2666666666666666,0.004060913705583756,0.1333333333333333,0.13348107655561295,0.8000000000000002
graph_050_mu_0_2_node_125,24,0.3007246376811594,0.001017140977135275,0.37855248200075786,2.6416416416416415,0.04522411691368185,17.0,7.0,2.4285714285714284,0.2916666666666667,0.14583333333333334,0.007352941176470589,0.17073170731707318,0.17099030571376309,0.3541666666666667
graph_050_mu_0_2_node_126,16,0.15384615384615385,0.0007292566622319624,0.3614327062228654,2.7667667667667666,0.008131638918143008,8.0,8.0,1.0,0.5,0.5714285714285712,0.008113590263691683,0.33333333333333326,0.3336286670604451,0.5
graph_050_mu_0_2_node_127,35,0.3764705882352941,0.0016646622144102336,0.38841368584758945,2.5745745745745747,0.03730116296172051,27.0,8.0,3.375,0.22857142857142862,0.2051282051282052,0.008324661810613946,0.12903225806451607,0.12932800667819452,0.6923076923076923
graph_050_mu_0_2_node_128,25,0.35,0.0009949834157143749,0.38158899923605805,2.6206206206206204,0.05092274212913058,19.0,6.0,3.166666666666666,0.2400000000000001,0.125,0.006302521008403364,0.1363636363636363,0.1365853330825249,0.39583333333333326
graph_050_mu_0_2_node_129,24,0.44155844155844154,0.0009105618207508869,0.36782032400589104,2.7187187187187187,0.0138251376904003,18.0,6.0,3.0,0.25,0.2857142857142856,0.0061287027579162425,0.1428571428571428,0.14307882319409698,0.8095238095238098
graph_050_mu_0_2_node_130,26,0.30153846153846153,0.0021073962431205464,0.3779795686719637,2.645645645645646,0.013440087378862545,17.0,9.0,1.8888888888888888,0.34615384615384615,0.4736842105263158,0.009174311926605505,0.2093023255813953,0.2096347846704574,0.8947368421052634
graph_050_mu_0_2_node_131,18,0.4444444444444444,0.000529726393722663,0.3611713665943601,2.7687687687687688,0.012594870161947574,14.0,4.0,3.5,0.2222222222222223,0.1739130434782608,0.004094165813715455,0.125,0.12514775413711582,0.608695652173913
graph_050_mu_0_2_node_132,32,0.1814516129032258,0.003209932707278628,0.3911511354737666,2.5565565565565564,0.019744854994551028,18.0,14.0,1.2857142857142858,0.4375,0.5,0.014403292181069956,0.28000000000000014,0.280517101277979,0.6428571428571429
graph_050_mu_0_2_node_133,21,0.391812865497076,0.0009710599847272077,0.3659340659340659,2.7327327327327327,0.010647215054512051,15.0,6.0,2.5,0.2857142857142856,0.33333333333333326,0.006109979633401222,0.16666666666666663,0.1668882978723404,0.777777777777778
graph_050_mu_0_2_node_134,29,0.27635327635327633,0.0017384838347269949,0.38086160884483417,2.625625625625626,0.018922048779464344,20.0,9.0,2.2222222222222223,0.31034482758620696,0.2647058823529412,0.009316770186335404,0.1836734693877551,0.18400600217918314,0.5588235294117646
graph_050_mu_0_2_node_135,22,0.3263157894736842,0.0008679297579548941,0.36633663366336633,2.72972972972973,0.012803155779924441,16.0,6.0,2.666666666666666,0.2727272727272726,0.2999999999999999,0.006122448979591837,0.15789473684210528,0.15811638442245252,0.75
graph_050_mu_0_2_node_136,25,0.39666666666666667,0.001482939883303393,0.3741573033707865,2.6726726726726726,0.014922249219494432,18.0,7.0,2.5714285714285716,0.28000000000000014,0.33333333333333326,0.007150153217568952,0.1627906976744186,0.16304931517912916,0.8571428571428571
graph_050_mu_0_2_node_137,39,0.26045883940620784,0.003012206402073178,0.4004008016032064,2.4974974974974975,0.041084002150794954,26.0,13.0,2.0,0.33333333333333326,0.2653061224489796,0.013669821240799159,0.20000000000000004,0.20048046716191736,0.5306122448979592
graph_050_mu_0_2_node_138,25,0.3233333333333333,0.0013166683176926463,0.38071646341463417,2.6266266266266265,0.019661546309081422,18.0,7.0,2.5714285714285716,0.28000000000000014,0.21212121212121207,0.007238883143743536,0.1627906976744186,0.16304931517912916,0.5454545454545452
graph_050_mu_0_2_node_139,24,0.322463768115942,0.0014758440037027302,0.3716517857142857,2.690690690690691,0.013020594913651458,16.0,8.0,2.0,0.33333333333333326,0.4210526315789473,0.00815494393476045,0.20000000000000004,0.20029550827423168,0.8421052631578946
graph_050_mu_0_2_node_140,22,0.22077922077922077,0.0017342426288864475,0.37276119402985075,2.6826826826826826,0.011974988237493002,12.0,10.0,1.1999999999999995,0.45454545454545436,0.625,0.010162601626016262,0.29411764705882354,0.294486896006464,0.75
graph_050_mu_0_2_node_141,20,0.43790849673202614,0.000608651850035704,0.3594818279956819,2.7817817817817816,0.009204763736133964,16.0,4.0,4.0,0.20000000000000004,0.20000000000000004,0.004081632653061226,0.11111111111111115,0.11125888708273816,0.75
graph_050_mu_0_2_node_142,28,0.3306878306878307,0.001571580017081366,0.37755102040816324,2.6486486486486487,0.0200556096949007,21.0,7.0,3.0,0.25,0.20588235294117652,0.007246376811594205,0.1428571428571428,0.14311581770286178,0.6176470588235293
graph_050_mu_0_2_node_143,29,0.37192118226600984,0.0013448157822234267,0.38086160884483417,2.625625625625626,0.030690059475700436,22.0,7.0,3.1428571428571437,0.2413793103448275,0.1794871794871794,0.007284079084287201,0.13725490196078427,0.1375135959258236,0.564102564102564
graph_050_mu_0_2_node_144,44,0.3171247357293869,0.003174733217380129,0.4128099173553719,2.4224224224224224,0.07703652694462977,32.0,12.0,2.666666666666666,0.2727272727272726,0.25,0.012605042016806728,0.15789473684210528,0.1583384581851019,0.6666666666666665
graph_050_mu_0_2_node_145,29,0.3333333333333333,0.0016584669710237223,0.3769811320754717,2.6526526526526526,0.022644552639379718,20.0,9.0,2.2222222222222223,0.31034482758620696,0.4500000000000001,0.009183673469387756,0.1836734693877551,0.18400600217918314,0.9499999999999997
graph_050_mu_0_2_node_146,18,0.26666666666666666,0.0006213753572264461,0.3652650822669104,2.7377377377377377,0.011542007173753472,13.0,5.0,2.600000000000001,0.2777777777777778,0.14705882352941177,0.005175983436853002,0.16129032258064516,0.161474994787478,0.3529411764705881
graph_050_mu_0_2_node_147,36,0.2904761904761905,0.0023047042802869476,0.39753282928770395,2.5155155155155153,0.041492418950882085,25.0,11.0,2.272727272727273,0.3055555555555554,0.282051282051282,0.011446409989594173,0.180327868852459,0.18073441798946605,0.6410256410256411
graph_050_mu_0_2_node_148,27,0.29914529914529914,0.002211496525240637,0.3799923925446938,2.6316316316316315,0.015263946573122642,17.0,10.0,1.6999999999999995,0.37037037037037035,0.4761904761904762,0.010214504596527068,0.22727272727272718,0.2276421126155168,0.8095238095238098
graph_050_mu_0_2_node_149,26,0.5015384615384615,0.0007700789287503575,0.3734579439252336,2.6776776776776776,0.022628879418908954,22.0,4.0,5.5,0.1538461538461538,0.1333333333333333,0.004123711340206185,0.08333333333333331,0.0834811748472304,0.7333333333333332
graph_050_mu_0_2_node_150,25,0.38735177865612647,0.0012887062639312667,0.3690432212781677,2.70970970970971,0.011923254647593143,19.0,6.0,3.166666666666666,0.2400000000000001,0.2999999999999999,0.006122448979591837,0.1363636363636363,0.1365853330825249,0.9000000000000002
graph_050_mu_0_2_node_151,26,0.35384615384615387,0.0014264376038749106,0.37276119402985075,2.6826826826826826,0.0154046018209404,20.0,6.0,3.333333333333334,0.2307692307692308,0.17647058823529405,0.006211180124223602,0.13043478260869562,0.13065649571194007,0.5882352941176471
graph_050_mu_0_2_node_152,20,0.29473684210526313,0.0009062566958886646,0.37726586102719034,2.650650650650651,0.0168502169814616,13.0,7.0,1.8571428571428577,0.3499999999999999,0.25,0.007201646090534978,0.21212121212121207,0.2123797341140473,0.4642857142857144
graph_050_mu_0_2_node_153,36,0.30952380952380953,0.0026723359212549452,0.39690107270560193,2.5195195195195197,0.029261315459168317,25.0,11.0,2.272727272727273,0.3055555555555554,0.33333333333333326,0.01137538779731127,0.180327868852459,0.18073441798946605,0.7575757575757577
graph_050_mu_0_2_node_154,19,0.3382352941176471,0.0011566351119146672,0.3618254255704455,2.7637637637637638,0.008728640220220659,13.0,6.0,2.166666666666667,0.31578947368421056,0.4000000000000001,0.006091370558375635,0.1875,0.18772159846358397,0.8000000000000002
graph_050_mu_0_2_node_155,36,0.2698412698412698,0.0029597160761965394,0.40428976123027116,2.4734734734734736,0.032821011358840226,23.0,13.0,1.76923076923077,0.361111111111111,0.39393939393939387,0.013443640124095137,0.22033898305084743,0.22081934369083558,0.6969696969696971
graph_050_mu_0_2_node_156,53,0.2572549019607843,0.004815492116145104,0.4121287128712871,2.4264264264264264,0.046162004738214316,39.0,14.0,2.7857142857142847,0.2641509433962264,0.3255813953488372,0.014629049111807733,0.15217391304347824,0.15269181774901244,0.8837209302325579
graph_050_mu_0_2_node_157,54,0.29260935143288086,0.004942578372997204,0.41764214046822745,2.3943943943943946,0.09894250367834886,39.0,15.0,2.600000000000001,0.2777777777777778,0.3125,0.015756302521008403,0.16129032258064516,0.16184519995274593,0.7916666666666665
graph_050_mu_0_2_node_158,32,0.25,0.0022943423393828833,0.40298507462686567,2.4814814814814814,0.0627655088779071,20.0,12.0,1.666666666666667,0.375,0.25,0.012605042016806728,0.2307692307692308,0.23121255868411175,0.41666666666666674
graph_050_mu_0_2_node_159,27,0.3475783475783476,0.0011651221655200243,0.38393543428132204,2.6046046046046047,0.05411333196091801,20.0,7.0,2.8571428571428563,0.2592592592592592,0.14583333333333334,0.007352941176470589,0.148936170212766,0.14919482594199035,0.41666666666666674
graph_050_mu_0_2_node_160,26,0.32971014492753625,0.0011918144391979662,0.3741573033707865,2.6726726726726726,0.022367091952111524,18.0,8.0,2.25,0.3076923076923076,0.2666666666666666,0.00824742268041237,0.18181818181818182,0.18211373376143583,0.5666666666666665
graph_050_mu_0_2_node_161,20,0.38562091503267976,0.0007789765481770644,0.3611713665943601,2.7687687687687688,0.010268255328529242,14.0,6.0,2.3333333333333335,0.2999999999999999,0.33333333333333326,0.006109979633401222,0.17647058823529405,0.1766922030687136,0.722222222222222
graph_050_mu_0_2_node_162,26,0.28307692307692306,0.001999192473495593,0.378839590443686,2.6396396396396398,0.016806621569337484,16.0,10.0,1.6000000000000003,0.38461538461538475,0.5263157894736842,0.01019367991845056,0.2380952380952381,0.23846459615093718,0.8421052631578946
graph_050_mu_0_2_node_163,27,0.27,0.0017797632031692563,0.3911511354737666,2.5565565565565564,0.022046267174114034,16.0,11.0,1.4545454545454546,0.4074074074074074,0.6111111111111108,0.011201629327902243,0.2558139534883721,0.2562202323434044,0.8333333333333335
graph_050_mu_0_2_node_164,28,0.25132275132275134,0.0020196621333455848,0.3837879369957741,2.6056056056056054,0.02380197334594015,19.0,9.0,2.111111111111111,0.32142857142857145,0.2647058823529412,0.009316770186335404,0.19148936170212763,0.19182186992246977,0.5588235294117646
graph_050_mu_0_2_node_165,20,0.24836601307189543,0.0010942681787950853,0.35896514552641035,2.785785785785786,0.007798425670105414,13.0,7.0,1.8571428571428577,0.3499999999999999,0.36842105263157887,0.007135575942915391,0.21212121212121207,0.2123797341140473,0.6315789473684211
graph_050_mu_0_2_node_166,27,0.358974358974359,0.0012969596056763627,0.38129770992366413,2.6226226226226226,0.023608219410939654,20.0,7.0,2.8571428571428563,0.2592592592592592,0.1944444444444445,0.007261410788381744,0.148936170212766,0.14919482594199035,0.5555555555555556
graph_050_mu_0_2_node_167,19,0.36764705882352944,0.000578591265312899,0.3588362068965517,2.7867867867867866,0.012195944489196864,14.0,5.0,2.7999999999999994,0.2631578947368421,0.25,0.00510204081632653,0.15151515151515152,0.15169983736452175,0.6500000000000002
graph_050_mu_0_2_node_168,19,0.2573099415204678,0.0011927268074052176,0.3706864564007421,2.6976976976976976,0.012526694694383292,11.0,8.0,1.375,0.4210526315789473,0.4444444444444446,0.00814663951120163,0.2666666666666666,0.266962065824779,0.6111111111111108
graph_050_mu_0_2_node_169,15,0.2948717948717949,0.0006137187235212366,0.3533781393703573,2.82982982982983,0.007917342283065777,11.0,4.0,2.75,0.2666666666666666,0.2666666666666666,0.004060913705583756,0.1538461538461538,0.15399387524359825,0.6666666666666665
graph_050_mu_0_2_node_170,29,0.3891625615763547,0.0015623182406135103,0.38992974238875877,2.5645645645645647,0.026970676059005348,21.0,8.0,2.625,0.2758620689655173,0.2666666666666666,0.00824742268041237,0.16,0.16029561747099258,0.6999999999999998
graph_050_mu_0_2_node_171,26,0.32971014492753625,0.0013808070035537397,0.37528174305033807,2.664664664664665,0.01773082832549238,18.0,8.0,2.25,0.3076923076923076,0.4000000000000001,0.008163265306122451,0.18181818181818182,0.18211373376143583,0.8499999999999998
graph_050_mu_0_2_node_172,24,0.2597402597402597,0.0012941730002956162,0.37082405345211583,2.6966966966966965,0.01255580284561875,16.0,8.0,2.0,0.33333333333333326,0.4000000000000001,0.008163265306122451,0.20000000000000004,0.20029550827423168,0.75
graph_050_mu_0_2_node_173,36,0.39215686274509803,0.0024352873711443153,0.3870592793490895,2.5835835835835836,0.02331979333117086,27.0,9.0,3.0,0.25,0.32142857142857145,0.009259259259259259,0.1428571428571428,0.14318984774790477,0.9285714285714288
graph_050_mu_0_2_node_174,20,0.29411764705882354,0.0011589790712673146,0.36633663366336633,2.72972972972973,0.009424841736917409,13.0,7.0,1.8571428571428577,0.3499999999999999,0.4375,0.00711382113821138,0.21212121212121207,0.2123797341140473,0.75
graph_050_mu_0_2_node_175,26,0.38769230769230767,0.0009160106528175489,0.37955927051671734,2.6346346346346348,0.047114350259369504,21.0,5.0,4.200000000000002,0.19230769230769237,0.10416666666666669,0.005252100840336133,0.1063829787234043,0.1065677601270038,0.4375
graph_050_mu_0_2_node_176,26,0.4166666666666667,0.0011106515269273085,0.3724832214765101,2.684684684684685,0.014909297160642576,20.0,6.0,3.333333333333334,0.2307692307692308,0.26086956521739124,0.006141248720573185,0.13043478260869562,0.13065649571194007,0.8260869565217388
graph_050_mu_0_2_node_177,22,0.3116883116883117,0.0011246979579114663,0.3784090909090909,2.6426426426426426,0.020116015324210222,15.0,7.0,2.142857142857143,0.31818181818181823,0.21212121212121207,0.007238883143743536,0.1891891891891892,0.18944774937830747,0.45454545454545436
graph_050_mu_0_2_node_178,16,0.325,0.0005914491763536802,0.3675496688741722,2.720720720720721,0.022516868088522768,10.0,6.0,1.666666666666667,0.375,0.1463414634146341,0.006256517205422318,0.2307692307692308,0.23099078013781507,0.24390243902439032
graph_050_mu_0_2_node_179,26,0.37318840579710144,0.0009408677889890276,0.37612951807228917,2.6586586586586587,0.04326611270951968,20.0,6.0,3.333333333333334,0.2307692307692308,0.125,0.006302521008403364,0.13043478260869562,0.13065649571194007,0.39583333333333326
graph_050_mu_0_2_node_180,24,0.34057971014492755,0.0011101656965943035,0.3768389287061486,2.6536536536536537,0.0204805936427082,17.0,7.0,2.4285714285714284,0.2916666666666667,0.20588235294117652,0.007246376811594205,0.17073170731707318,0.17099030571376309,0.5
graph_050_mu_0_2_node_181,34,0.3911290322580645,0.0018202483839934254,0.38173481085212074,2.6196196196196198,0.021806045948263783,26.0,8.0,3.25,0.23529411764705885,0.2857142857142856,0.008230452674897122,0.1333333333333333,0.1336290600818177,0.8928571428571427
graph_050_mu_0_2_node_182,34,0.3689839572192513,0.00184998185036232,0.39423835832675613,2.5365365365365364,0.06216426980328509,26.0,8.0,3.25,0.23529411764705885,0.16666666666666663,0.008403361344537813,0.1333333333333333,0.1336290600818177,0.5416666666666667
graph_050_mu_0_2_node_183,28,0.2153846153846154,0.0016858238269097728,0.37855248200075786,2.6416416416416415,0.01764591979450921,19.0,9.0,2.111111111111111,0.32142857142857145,0.32142857142857145,0.009259259259259259,0.19148936170212763,0.19182186992246977,0.6428571428571429
graph_050_mu_0_2_node_184,25,0.3952569169960474,0.0011783217321753995,0.3710995542347697,2.694694694694695,0.017244688937970383,18.0,7.0,2.5714285714285716,0.28000000000000014,0.3043478260869565,0.00716479017400205,0.1627906976744186,0.16304931517912916,0.7391304347826088
graph_050_mu_0_2_node_185,41,0.22807017543859648,0.00378605722295565,0.4023358840112767,2.4854854854854853,0.03448976633442159,25.0,16.0,1.5625,0.39024390243902446,0.4705882352941177,0.016563146997929604,0.24242424242424232,0.24301547736622758,0.7058823529411762
graph_050_mu_0_2_node_186,27,0.2621082621082621,0.0014758379175262056,0.38115223197252956,2.6236236236236237,0.02481577803670339,19.0,8.0,2.375,0.2962962962962963,0.18604651162790692,0.008359456635318702,0.1739130434782608,0.1742086172608664,0.44186046511627897
graph_050_mu_0_2_node_187,20,0.42483660130718953,0.000822765486169309,0.359740727403673,2.77977977977978,0.009856825530050142,15.0,5.0,3.0,0.25,0.3125,0.005081300813008131,0.1428571428571428,0.14304184235106623,0.875
graph_050_mu_0_2_node_188,30,0.2482758620689655,0.0017730594528890076,0.39548693586698336,2.5285285285285286,0.053250548680075435,19.0,11.0,1.7272727272727268,0.3666666666666666,0.2291666666666666,0.011554621848739502,0.22448979591836735,0.22489616482745148,0.39583333333333326
graph_050_mu_0_2_node_189,47,0.32469935245143383,0.003084036198606625,0.41590341382181517,2.4044044044044046,0.0844012908175365,36.0,11.0,3.272727272727273,0.23404255319148948,0.2291666666666666,0.011554621848739502,0.13253012048192775,0.13293700045233647,0.75
graph_050_mu_0_2_node_190,24,0.3463203463203463,0.001029329729287959,0.3804265041888804,2.6286286286286287,0.02204227185584585,17.0,7.0,2.4285714285714284,0.2916666666666667,0.23333333333333336,0.007216494845360826,0.17073170731707318,0.17099030571376309,0.5333333333333332
graph_050_mu_0_2_node_191,18,0.2833333333333333,0.0008163522519893683,0.35987031700288186,2.7787787787787788,0.010082454690093433,11.0,7.0,1.5714285714285718,0.388888888888889,0.5,0.007099391480730219,0.2413793103448275,0.2416377941526634,0.7142857142857141
graph_050_mu_0_2_node_192,23,0.2845849802371542,0.001591079387438731,0.37054896142433236,2.6986986986986987,0.014814709043606369,13.0,10.0,1.3000000000000005,0.4347826086956522,0.4347826086956522,0.01023541453428864,0.2777777777777778,0.27814705399638934,0.5652173913043478
graph_050_mu_0_2_node_193,29,0.21937321937321938,0.002450903521582474,0.384526558891455,2.6006006006006004,0.0177569113715659,17.0,12.0,1.4166666666666667,0.41379310344827586,0.6666666666666665,0.012219959266802444,0.26086956521739124,0.26131279488423026,0.8888888888888892
graph_050_mu_0_2_node_194,30,0.2896551724137931,0.0027202919503906044,0.38977760436987907,2.5655655655655654,0.019279808338452768,18.0,12.0,1.5,0.4000000000000001,0.5714285714285712,0.012257405515832485,0.25,0.2504432624113475,0.8571428571428571
graph_050_mu_0_2_node_195,20,0.37894736842105264,0.0007086734182009226,0.3755639097744361,2.6626626626626626,0.019294561487514555,15.0,5.0,3.0,0.25,0.14705882352941177,0.005175983436853002,0.1428571428571428,0.14304184235106623,0.44117647058823545
graph_050_mu_0_2_node_196,24,0.45454545454545453,0.0008456735766919377,0.376271186440678,2.6576576576576576,0.04579201984416822,19.0,5.0,3.799999999999999,0.20833333333333337,0.10416666666666669,0.005252100840336133,0.11627906976744187,0.11646382385974503,0.375
graph_050_mu_0_2_node_197,22,0.3526315789473684,0.0008545226551613054,0.3687707641196013,2.7117117117117115,0.017266867064727746,15.0,7.0,2.142857142857143,0.31818181818181823,0.36842105263157887,0.007135575942915391,0.1891891891891892,0.18944774937830747,0.7368421052631577
graph_050_mu_0_2_node_198,27,0.33618233618233617,0.0016055337302009669,0.3843786071565987,2.6016016016016015,0.02256485093108118,19.0,8.0,2.375,0.2962962962962963,0.24242424242424232,0.00827300930713547,0.1739130434782608,0.1742086172608664,0.5757575757575759
graph_050_mu_0_2_node_199,29,0.39886039886039887,0.0015483600749513914,0.38100686498855835,2.6246246246246248,0.02167003746825982,21.0,8.0,2.625,0.2758620689655173,0.3478260869565216,0.00818833162743091,0.16,0.16029561747099258,0.8695652173913044
graph_050_mu_0_2_node_200,23,0.16600790513833993,0.0019309791249017521,0.38100686498855835,2.6246246246246248,0.017231848389483637,11.0,12.0,0.9166666666666664,0.5217391304347825,0.8000000000000002,0.01218274111675127,0.3529411764705881,0.3533842097719247,0.7333333333333332
graph_050_mu_0_2_node_201,22,0.1736842105263158,0.0014230635909945326,0.38028169014084506,2.6296296296296298,0.01600253450292258,11.0,11.0,1.0,0.5,0.7857142857142859,0.011156186612576061,0.33333333333333326,0.33373946218694245,0.7142857142857141
graph_050_mu_0_2_node_202,23,0.2134387351778656,0.0017980266410094043,0.3875096974398759,2.5805805805805804,0.019443241657397036,11.0,12.0,0.9166666666666664,0.5217391304347825,0.5217391304347825,0.01228249744114637,0.3529411764705881,0.3533842097719247,0.4782608695652175
graph_050_mu_0_2_node_203,16,0.21666666666666667,0.0008706162632120272,0.3627450980392157,2.7567567567567566,0.008430640950828539,9.0,7.0,1.2857142857142858,0.4375,0.46666666666666673,0.007106598984771575,0.28000000000000014,0.2802584456341149,0.5999999999999998
graph_050_mu_0_2_node_204,20,0.37894736842105264,0.000831792725832155,0.36580007323324787,2.7337337337337337,0.014045858910940835,14.0,6.0,2.3333333333333335,0.2999999999999999,0.21428571428571427,0.006172839506172838,0.17647058823529405,0.1766922030687136,0.5
graph_050_mu_0_2_node_205,19,0.4152046783625731,0.0006910755172346155,0.3614327062228654,2.7667667667667666,0.013992769884332344,14.0,5.0,2.7999999999999994,0.2631578947368421,0.16666666666666663,0.005154639175257731,0.15151515151515152,0.15169983736452175,0.46666666666666673
graph_050_mu_0_2_node_206,15,0.37142857142857144,0.0003812883914915761,0.36314067611777534,2.7537537537537538,0.015191620422272973,11.0,4.0,2.75,0.2666666666666666,0.09302325581395346,0.004179728317659351,0.1538461538461538,0.15399387524359825,0.2558139534883721
graph_050_mu_0_2_node_207,21,0.26666666666666666,0.0010813157313344975,0.3731789316398954,2.67967967967968,0.014542993526204775,14.0,7.0,2.0,0.33333333333333326,0.25,0.007201646090534978,0.20000000000000004,0.200258541089566,0.5
graph_050_mu_0_2_node_208,51,0.24829931972789115,0.0044603777370916435,0.4213412062420919,2.3733733733733735,0.08338179958313549,35.0,16.0,2.1875,0.3137254901960783,0.33333333333333326,0.016806722689075626,0.18604651162790692,0.18663818384150058,0.7083333333333334
graph_050_mu_0_2_node_209,17,0.23529411764705882,0.001060719604279634,0.36486486486486486,2.740740740740741,0.012116240105171847,10.0,7.0,1.4285714285714282,0.41176470588235303,0.46666666666666673,0.007106598984771575,0.2592592592592592,0.25951772397882505,0.6666666666666665
graph_050_mu_0_2_node_210,26,0.36231884057971014,0.0011257907999173335,0.37220566318926973,2.6866866866866865,0.017733122291256904,20.0,6.0,3.333333333333334,0.2307692307692308,0.18181818181818182,0.0062047569803516025,0.13043478260869562,0.13065649571194007,0.5757575757575759
graph_050_mu_0_2_node_211,27,0.36666666666666664,0.0015477954606417392,0.38071646341463417,2.6266266266266265,0.01721493580486062,19.0,8.0,2.375,0.2962962962962963,0.4210526315789473,0.00815494393476045,0.1739130434782608,0.1742086172608664,0.9473684210526316
graph_050_mu_0_2_node_212,20,0.37894736842105264,0.0008444263496045661,0.378839590443686,2.6396396396396398,0.02330525703638262,13.0,7.0,1.8571428571428577,0.3499999999999999,0.1944444444444445,0.007261410788381744,0.21212121212121207,0.2123797341140473,0.361111111111111
graph_050_mu_0_2_node_213,19,0.3391812865497076,0.0009712798122473421,0.36566617862371886,2.734734734734735,0.009680586195170536,12.0,7.0,1.7142857142857142,0.36842105263157887,0.4375,0.00711382113821138,0.2258064516129031,0.22606495451182865,0.75
graph_050_mu_0_2_node_214,30,0.3915343915343915,0.0016200646424903555,0.3799923925446938,2.6316316316316315,0.01659066702793405,23.0,7.0,3.2857142857142847,0.23333333333333336,0.3043478260869565,0.00716479017400205,0.1320754716981132,0.13233418478529949,0.956521739130435
graph_050_mu_0_2_node_215,19,0.30409356725146197,0.0007597674617330267,0.3740172220142269,2.6736736736736737,0.02301156341293536,13.0,6.0,2.166666666666667,0.31578947368421056,0.12244897959183672,0.006309148264984229,0.1875,0.18772159846358397,0.2653061224489796
graph_050_mu_0_2_node_216,24,0.2427536231884058,0.00150517857409195,0.38992974238875877,2.5645645645645647,0.02383622833744858,13.0,11.0,1.1818181818181819,0.4583333333333332,0.3055555555555554,0.011410788381742733,0.29729729729729737,0.2977034861381821,0.361111111111111
graph_050_mu_0_2_node_217,36,0.33650793650793653,0.0025527844335039504,0.3893219017926734,2.5685685685685686,0.02409493797179801,28.0,8.0,3.5,0.2222222222222223,0.23529411764705885,0.008281573498964802,0.125,0.12529577048210586,0.8235294117647061
graph_050_mu_0_2_node_218,23,0.26877470355731226,0.001353196433139056,0.37855248200075786,2.6416416416416415,0.021088067025824164,14.0,9.0,1.555555555555556,0.3913043478260869,0.32142857142857145,0.009259259259259259,0.24324324324324328,0.24357562866260277,0.5
graph_050_mu_0_2_node_219,17,0.18382352941176472,0.0010360587874625254,0.3672794117647059,2.7227227227227226,0.010538333631923316,8.0,9.0,0.8888888888888892,0.5294117647058824,0.5999999999999998,0.009137055837563452,0.36,0.36033223817785814,0.5333333333333332
graph_050_mu_0_2_node_220,20,0.22105263157894736,0.0012397966446242802,0.3731789316398954,2.67967967967968,0.018813985144025876,11.0,9.0,1.2222222222222217,0.4500000000000001,0.5294117647058824,0.00915564598168871,0.29032258064516125,0.2906548924274602,0.6470588235294118
graph_050_mu_0_2_node_221,25,0.25296442687747034,0.0019435116268428528,0.37471867966991745,2.6686686686686687,0.012916530936553164,15.0,10.0,1.5,0.4000000000000001,0.625,0.010162601626016262,0.25,0.25036933077263995,0.875
graph_050_mu_0_2_node_222,20,0.17894736842105263,0.0011692930327341308,0.38349328214971207,2.6076076076076076,0.02296324256678331,10.0,10.0,1.0,0.5,0.23255813953488375,0.010449320794148379,0.33333333333333326,0.33370252775111375,0.23255813953488375
graph_050_mu_0_2_node_223,27,0.26495726495726496,0.0017135676851788243,0.38690937257939584,2.5845845845845847,0.024191939875886536,17.0,10.0,1.6999999999999995,0.37037037037037035,0.30303030303030304,0.010341261633919342,0.22727272727272718,0.2276421126155168,0.5151515151515154
graph_050_mu_0_2_node_224,34,0.26024955436720143,0.002900163936453638,0.3964285714285714,2.5225225225225225,0.02719569681778305,21.0,13.0,1.6153846153846159,0.3823529411764707,0.39393939393939387,0.013443640124095137,0.2363636363636364,0.2368439260152417,0.6363636363636365
graph_050_mu_0_2_node_225,16,0.4666666666666667,0.0004019771712729459,0.36235038084874865,2.75975975975976,0.014808831272486642,12.0,4.0,3.0,0.25,0.12121212121212116,0.004136504653567735,0.1428571428571428,0.1430048751661988,0.36363636363636365
graph_050_mu_0_2_node_226,15,0.20952380952380953,0.0008218956051225905,0.35653104925053536,2.804804804804805,0.008815737934067511,9.0,6.0,1.5,0.4000000000000001,0.4000000000000001,0.006091370558375635,0.25,0.2502215330084182,0.5999999999999998
graph_050_mu_0_2_node_227,36,0.35873015873015873,0.002394508862195328,0.39377217185652347,2.5395395395395397,0.04564437982446618,27.0,9.0,3.0,0.25,0.21951219512195133,0.009384775808133473,0.1428571428571428,0.14318984774790477,0.6585365853658536
graph_050_mu_0_2_node_228,18,0.33986928104575165,0.0006783427599165973,0.3649981731823164,2.73973973973974,0.016604629670373048,12.0,6.0,2.0,0.33333333333333326,0.17647058823529405,0.006211180124223602,0.20000000000000004,0.2002215820961667,0.3529411764705881
graph_050_mu_0_2_node_229,31,0.2512315270935961,0.0022030874857739053,0.3875096974398759,2.5805805805805804,0.02051478206027471,20.0,11.0,1.8181818181818175,0.3548387096774193,0.39285714285714296,0.01131687242798354,0.21568627450980402,0.21609267344577757,0.6785714285714288
graph_050_mu_0_2_node_230,43,0.19390243902439025,0.003917501932967703,0.40428976123027116,2.4734734734734736,0.04226003021264669,30.0,13.0,2.307692307692307,0.3023255813953489,0.2653061224489796,0.013669821240799159,0.17808219178082188,0.1785628010454898,0.5918367346938778
graph_050_mu_0_2_node_231,19,0.3567251461988304,0.000551482708558456,0.3679558011049724,2.7177177177177176,0.02229370817636787,15.0,4.0,3.75,0.21052631578947364,0.08163265306122448,0.004206098843322819,0.11764705882352942,0.11779482387709428,0.3061224489795918
graph_050_mu_0_2_node_232,21,0.47619047619047616,0.000613079332519247,0.375,2.6666666666666665,0.025875887686245772,16.0,5.0,3.2000000000000006,0.2380952380952381,0.1282051282051282,0.005202913631633716,0.13513513513513511,0.13531984827562799,0.4102564102564104
graph_050_mu_0_2_node_233,17,0.4411764705882353,0.0004166754990289173,0.36849870896348214,2.7137137137137137,0.021227169332739083,12.0,5.0,2.399999999999999,0.29411764705882354,0.1282051282051282,0.005202913631633716,0.17241379310344834,0.17259845166975918,0.3076923076923076
graph_050_mu_0_2_node_234,34,0.20161290322580644,0.0023558820606827337,0.3953304313415117,2.5295295295295297,0.03663689885825096,22.0,12.0,1.8333333333333328,0.3529411764705881,0.24489795918367344,0.012618296529968457,0.21428571428571427,0.21472910772349144,0.42857142857142855
graph_050_mu_0_2_node_235,16,0.2857142857142857,0.0005666106670425743,0.35438098616530683,2.8218218218218216,0.0070436082807599715,12.0,4.0,3.0,0.25,0.2857142857142856,0.004056795131845842,0.1428571428571428,0.1430048751661988,0.7857142857142859
graph_050_mu_0_2_node_236,21,0.40350877192982454,0.0008205887888772335,0.3618254255704455,2.7637637637637638,0.010240448820086812,15.0,6.0,2.5,0.2857142857142856,0.375,0.006097560975609757,0.16666666666666663,0.1668882978723404,0.875
graph_050_mu_0_2_node_237,20,0.16842105263157894,0.0012379355621908487,0.38261202604366146,2.6136136136136137,0.021439275065930907,9.0,11.0,0.8181818181818182,0.5499999999999999,0.3055555555555554,0.011410788381742733,0.3793103448275863,0.3797164137116349,0.25
graph_050_mu_0_2_node_238,23,0.28063241106719367,0.0018951323812334711,0.38115223197252956,2.6236236236236237,0.013785045657377,14.0,9.0,1.555555555555556,0.3913043478260869,0.5625,0.009146341463414632,0.24324324324324328,0.24357562866260277,0.875
graph_050_mu_0_2_node_239,28,0.3306878306878307,0.002024579817784347,0.3843786071565987,2.6016016016016015,0.02019864659786061,18.0,10.0,1.8000000000000005,0.35714285714285704,0.4761904761904762,0.010214504596527068,0.2173913043478261,0.21776071698173813,0.8571428571428571
graph_050_mu_0_2_node_240,17,0.22794117647058823,0.000771303358941973,0.37096175269216486,2.695695695695696,0.017429062367440486,10.0,7.0,1.4285714285714282,0.41176470588235303,0.1627906976744186,0.0073145245559038665,0.2592592592592592,0.25951772397882505,0.23255813953488375
graph_050_mu_0_2_node_241,25,0.391304347826087,0.001072160093848301,0.37192851824274015,2.6886886886886887,0.016042129915563773,18.0,7.0,2.5714285714285716,0.28000000000000014,0.36842105263157887,0.007135575942915391,0.1627906976744186,0.16304931517912916,0.8947368421052634
graph_050_mu_0_2_node_242,24,0.39826839826839827,0.0009489967272667257,0.3652650822669104,2.7377377377377377,0.013305820592401136,18.0,6.0,3.0,0.25,0.2999999999999999,0.006122448979591837,0.1428571428571428,0.14307882319409698,0.8499999999999998
graph_050_mu_0_2_node_243,22,0.30303030303030304,0.0012862213465381488,0.3723443906075289,2.685685685685686,0.014280955781396276,14.0,8.0,1.75,0.36363636363636365,0.4000000000000001,0.008163265306122451,0.2222222222222223,0.22251768684033418,0.6999999999999998
graph_050_mu_0_2_node_244,18,0.3137254901960784,0.001001742645486415,0.3659340659340659,2.7327327327327327,0.00962338388319087,12.0,6.0,2.0,0.33333333333333326,0.2999999999999999,0.006122448979591837,0.20000000000000004,0.2002215820961667,0.5999999999999998
graph_050_mu_0_2_node_245,29,0.32193732193732194,0.0016242985157984902,0.38408304498269896,2.6036036036036037,0.024525398076910596,19.0,10.0,1.8999999999999995,0.3448275862068967,0.4347826086956522,0.01023541453428864,0.20833333333333337,0.20870277326240091,0.7826086956521738
graph_050_mu_0_2_node_246,18,0.35947712418300654,0.0008307819331698075,0.3618254255704455,2.7637637637637638,0.009017164447366888,12.0,6.0,2.0,0.33333333333333326,0.31578947368421056,0.0061162079510703364,0.20000000000000004,0.2002215820961667,0.6315789473684211
graph_050_mu_0_2_node_247,24,0.30735930735930733,0.0013353321203068808,0.38202676864244745,2.6176176176176176,0.02567273906062082,15.0,9.0,1.666666666666667,0.375,0.2307692307692308,0.009365244536940686,0.2307692307692308,0.2311016407415299,0.3589743589743588
graph_050_mu_0_2_node_248,17,0.3897058823529412,0.0007140169779824528,0.3614327062228654,2.7667667667667666,0.010163606682927562,12.0,5.0,2.399999999999999,0.29411764705882354,0.2777777777777778,0.005091649694501017,0.17241379310344834,0.17259845166975918,0.6666666666666665
graph_050_mu_0_2_node_249,18,0.1830065359477124,0.0009055314298686696,0.37429748969651555,2.6716716716716715,0.014467606929122613,10.0,8.0,1.25,0.4444444444444446,0.2857142857142856,0.008230452674897122,0.2857142857142856,0.28600966305884334,0.35714285714285704
graph_050_mu_0_2_node_250,14,0.23076923076923078,0.0005591418442334887,0.3611713665943601,2.7687687687687688,0.01037240794313887,8.0,6.0,1.333333333333333,0.42857142857142855,0.17647058823529405,0.006211180124223602,0.2727272727272726,0.2729487893779408,0.23529411764705885
graph_050_mu_0_2_node_251,32,0.2597701149425287,0.0022959199649088477,0.39315230224321135,2.5435435435435436,0.02395993490650527,21.0,11.0,1.9090909090909096,0.34375,0.3235294117647059,0.011387163561076604,0.20754716981132082,0.20795359877862166,0.5882352941176471
graph_050_mu_0_2_node_252,26,0.39076923076923076,0.0012024038859314902,0.38100686498855835,2.6246246246246248,0.02870528547102049,19.0,7.0,2.7142857142857153,0.2692307692307692,0.1794871794871794,0.007284079084287201,0.1555555555555555,0.15581419217111064,0.48717948717948717
graph_050_mu_0_2_node_253,17,0.3897058823529412,0.0004999743866502822,0.36235038084874865,2.75975975975976,0.012046344732460329,13.0,4.0,3.25,0.23529411764705885,0.11764705882352942,0.004140786749482401,0.1333333333333333,0.13348107655561295,0.3823529411764707
graph_050_mu_0_2_node_254,23,0.32857142857142857,0.0011341986675562265,0.36287686160552124,2.755755755755756,0.01288103878303006,16.0,7.0,2.2857142857142847,0.3043478260869565,0.36842105263157887,0.007135575942915391,0.1794871794871794,0.17974575877867224,0.7894736842105262
graph_050_mu_0_2_node_255,18,0.13725490196078433,0.0012524613916223152,0.3735976065818998,2.6766766766766765,0.010971426240461057,8.0,10.0,0.8000000000000002,0.5555555555555556,0.6666666666666665,0.010152284263959394,0.38461538461538475,0.3849845245194083,0.5333333333333332
graph_050_mu_0_2_node_256,26,0.30434782608695654,0.0015190359266175012,0.3726221559119731,2.6836836836836837,0.015215446698796127,17.0,9.0,1.8888888888888888,0.34615384615384615,0.42857142857142855,0.009193054136874363,0.2093023255813953,0.2096347846704574,0.7619047619047622
graph_050_mu_0_2_node_257,38,0.31746031746031744,0.0027624631979160383,0.38901869158878505,2.5705705705705704,0.02352446164865205,28.0,10.0,2.7999999999999994,0.2631578947368421,0.35714285714285704,0.0102880658436214,0.15151515151515152,0.1518848372822495,0.964285714285714
graph_050_mu_0_2_node_258,53,0.23215686274509803,0.0052067808894503435,0.4229466553767993,2.364364364364364,0.052419930198039935,36.0,17.0,2.1176470588235294,0.3207547169811321,0.3953488372093022,0.017763845350052244,0.19101123595505612,0.19163991093009405,0.8139534883720928
graph_050_mu_0_2_node_259,38,0.3126984126984127,0.0026121701827311883,0.3925343811394892,2.5475475475475475,0.028370702708315296,28.0,10.0,2.7999999999999994,0.2631578947368421,0.29411764705882354,0.010351966873706004,0.15151515151515152,0.1518848372822495,0.7941176470588238
graph_050_mu_0_2_node_260,19,0.5,0.0005908647366145342,0.3579362235757793,2.793793793793794,0.008387538392913316,15.0,4.0,3.75,0.21052631578947364,0.2222222222222223,0.004073319755600815,0.11764705882352942,0.11779482387709428,0.777777777777778
graph_050_mu_0_2_node_261,27,0.2336182336182336,0.0013941069705983118,0.37755102040816324,2.6486486486486487,0.02710341003188344,19.0,8.0,2.375,0.2962962962962963,0.16326530612244897,0.008412197686645638,0.1739130434782608,0.1742086172608664,0.38775510204081615
graph_050_mu_0_2_node_262,21,0.22380952380952382,0.0016787002202463975,0.3716517857142857,2.690690690690691,0.01138325333889822,12.0,9.0,1.333333333333333,0.42857142857142855,0.4736842105263158,0.009174311926605505,0.2727272727272726,0.273059609051633,0.6315789473684211
graph_050_mu_0_2_node_263,29,0.33251231527093594,0.001475617480751897,0.3842307692307692,2.6026026026026026,0.024315555289339718,21.0,8.0,2.625,0.2758620689655173,0.24242424242424232,0.00827300930713547,0.16,0.16029561747099258,0.6363636363636365
graph_050_mu_0_2_node_264,18,0.43790849673202614,0.0007047120100621913,0.35844994617868675,2.78978978978979,0.008708403206513636,14.0,4.0,3.5,0.2222222222222223,0.20000000000000004,0.004081632653061226,0.125,0.12514775413711582,0.6999999999999998
graph_050_mu_0_2_node_265,31,0.2537634408602151,0.00171714585981989,0.3855654187572366,2.5935935935935936,0.027441392873380287,23.0,8.0,2.875,0.25806451612903214,0.18604651162790692,0.008359456635318702,0.14814814814814814,0.1484438093204447,0.5348837209302326
graph_050_mu_0_2_node_266,18,0.20833333333333334,0.0010659579312470066,0.3576799140708915,2.795795795795796,0.006995017367323922,11.0,7.0,1.5714285714285718,0.388888888888889,0.46666666666666673,0.007106598984771575,0.2413793103448275,0.2416377941526634,0.6666666666666665
graph_050_mu_0_2_node_267,23,0.35177865612648224,0.0013471472634554343,0.37206703910614525,2.6876876876876876,0.01613452565575671,16.0,7.0,2.2857142857142847,0.3043478260869565,0.3499999999999999,0.007142857142857144,0.1794871794871794,0.17974575877867224,0.8000000000000002
graph_050_mu_0_2_node_268,51,0.3358843537414966,0.004173703022642964,0.4143508917461634,2.4134134134134135,0.06711848425508182,39.0,12.0,3.25,0.23529411764705885,0.2999999999999999,0.012500000000000002,0.1333333333333333,0.1337772844987051,0.9499999999999997
graph_050_mu_0_2_node_269,19,0.27485380116959063,0.001477789355391546,0.3664710198092443,2.7287287287287287,0.008375164823948844,11.0,8.0,1.375,0.4210526315789473,0.4705882352941177,0.008138351983723298,0.2666666666666666,0.266962065824779,0.6470588235294118
graph_050_mu_0_2_node_270,39,0.41291291291291293,0.0018208820623967516,0.39161113288906313,2.5535535535535536,0.07009088141490495,33.0,6.0,5.5,0.1538461538461538,0.125,0.006302521008403364,0.08333333333333331,0.08355525965379493,0.6666666666666665
graph_050_mu_0_2_node_271,31,0.2709677419354839,0.0022910774190449948,0.3929976396538159,2.5445445445445447,0.030209377870706988,19.0,12.0,1.583333333333333,0.3870967741935483,0.36363636363636365,0.012409513960703205,0.2400000000000001,0.24044329516069451,0.5757575757575759
graph_050_mu_0_2_node_272,33,0.24053030303030304,0.002478875990372855,0.4026602176541717,2.4834834834834836,0.03583126539777368,21.0,12.0,1.75,0.36363636363636365,0.2790697674418605,0.012539184952978058,0.2222222222222223,0.22266558289613048,0.48837209302325585
graph_050_mu_0_2_node_273,21,0.4142857142857143,0.0009568190470623512,0.3634048744998181,2.7517517517517516,0.009928434830262818,15.0,6.0,2.5,0.2857142857142856,0.33333333333333326,0.006109979633401222,0.16666666666666663,0.1668882978723404,0.8333333333333335
graph_050_mu_0_2_node_274,43,0.3304878048780488,0.002807319917159623,0.41060419235511714,2.4354354354354353,0.08482311025754151,33.0,10.0,3.299999999999999,0.23255813953488375,0.20833333333333337,0.010504201680672266,0.13157894736842105,0.1319487698536281,0.6666666666666665
graph_050_mu_0_2_node_275,24,0.30735930735930733,0.0013773868279741968,0.37612951807228917,2.6586586586586587,0.01859043883837374,15.0,9.0,1.666666666666667,0.375,0.6428571428571429,0.009127789046653149,0.2307692307692308,0.2311016407415299,1.0
graph_050_mu_0_2_node_276,25,0.47333333333333333,0.000834899636352719,0.376271186440678,2.6576576576576576,0.038386933992030435,20.0,5.0,4.0,0.20000000000000004,0.125,0.005208333333333332,0.11111111111111115,0.11129587885805316,0.5
graph_050_mu_0_2_node_277,27,0.35327635327635326,0.0011957146263120045,0.38028169014084506,2.6296296296296298,0.022688628265151424,20.0,7.0,2.8571428571428563,0.2592592592592592,0.20588235294117652,0.007246376811594205,0.148936170212766,0.14919482594199035,0.5882352941176471
graph_050_mu_0_2_node_278,21,0.4093567251461988,0.000951563766495876,0.36419978126139263,2.745745745745746,0.009385410027341999,16.0,5.0,3.2000000000000006,0.2380952380952381,0.25,0.00510204081632653,0.13513513513513511,0.13531984827562799,0.75
graph_050_mu_0_2_node_279,23,0.15810276679841898,0.0018502398930970207,0.38202676864244745,2.6176176176176176,0.022658072363544553,11.0,12.0,0.9166666666666664,0.5217391304347825,0.24489795918367344,0.012618296529968457,0.3529411764705881,0.3533842097719247,0.22448979591836735
graph_050_mu_0_2_node_280,25,0.25666666666666665,0.0012181430974830497,0.38660990712074306,2.5865865865865865,0.031112182681780523,17.0,8.0,2.125,0.32,0.16326530612244897,0.008412197686645638,0.19047619047619055,0.19077172058332006,0.34693877551020413
graph_050_mu_0_2_node_281,24,0.42857142857142855,0.000916608192329111,0.3697261287934863,2.704704704704705,0.013988112555377739,18.0,6.0,3.0,0.25,0.31578947368421056,0.0061162079510703364,0.1428571428571428,0.14307882319409698,0.8947368421052634
graph_050_mu_0_2_node_282,38,0.35988620199146515,0.0020563586885932726,0.39928057553956836,2.5045045045045047,0.07775762789086059,30.0,8.0,3.75,0.21052631578947364,0.16666666666666663,0.008403361344537813,0.11764705882352942,0.11794287305219385,0.625
graph_050_mu_0_2_node_283,18,0.4583333333333333,0.0004681834064735235,0.35064935064935066,2.8518518518518516,0.008152848156320862,14.0,4.0,3.5,0.2222222222222223,0.2666666666666666,0.004060913705583756,0.125,0.12514775413711582,0.8666666666666669
graph_050_mu_0_2_node_284,39,0.35435435435435436,0.0019804511850214676,0.3994402239104358,2.5035035035035036,0.05447885281184303,30.0,9.0,3.333333333333334,0.2307692307692308,0.22500000000000006,0.009374999999999996,0.13043478260869562,0.13076756131085873,0.7249999999999998
graph_050_mu_0_2_node_285,31,0.2537634408602151,0.0023798057001525176,0.3851195065535852,2.5965965965965965,0.019949182419586865,21.0,10.0,2.100000000000001,0.3225806451612903,0.29411764705882354,0.010351966873706004,0.19230769230769237,0.19267718683917326,0.6176470588235293
graph_050_mu_0_2_node_286,21,0.3157894736842105,0.000904722371179154,0.36195652173913045,2.7627627627627627,0.010146381872732172,15.0,6.0,2.5,0.2857142857142856,0.2999999999999999,0.006122448979591837,0.16666666666666663,0.1668882978723404,0.6999999999999998
graph_050_mu_0_2_node_287,40,0.2332859174964438,0.003171114620482214,0.41366459627329194,2.4174174174174174,0.07533358309261207,25.0,15.0,1.666666666666667,0.375,0.3125,0.015756302521008403,0.2307692307692308,0.23132353401005712,0.5
graph_050_mu_0_2_node_288,41,0.28292682926829266,0.002720108722956706,0.4059325477448192,2.4634634634634636,0.04877123974147569,31.0,10.0,3.100000000000001,0.24390243902439032,0.20408163265306117,0.010515247108307044,0.1388888888888889,0.13925865667471943,0.6326530612244898
graph_050_mu_0_2_node_289,21,0.2857142857142857,0.0014612810892582057,0.37276119402985075,2.6826826826826826,0.01259837500749599,12.0,9.0,1.333333333333333,0.42857142857142855,0.6428571428571429,0.009127789046653149,0.2727272727272726,0.273059609051633,0.8571428571428571
graph_050_mu_0_2_node_290,29,0.301994301994302,0.0015902987939021118,0.38467462456680784,2.5995995995995997,0.0318344535503452,21.0,8.0,2.625,0.2758620689655173,0.16326530612244897,0.008412197686645638,0.16,0.16029561747099258,0.40816326530612235
graph_050_mu_0_2_node_291,34,0.36693548387096775,0.0018145973011391948,0.38992974238875877,2.5645645645645647,0.042167622530371186,27.0,7.0,3.857142857142856,0.20588235294117652,0.17073170731707318,0.007299270072992702,0.11475409836065568,0.11501288796470764,0.6341463414634146
graph_050_mu_0_2_node_292,43,0.2591362126245847,0.00333670043375198,0.40842191332788225,2.4484484484484486,0.039457514345989896,33.0,10.0,3.299999999999999,0.23255813953488375,0.23255813953488375,0.010449320794148379,0.13157894736842105,0.1319487698536281,0.7674418604651162
graph_050_mu_0_2_node_293,24,0.42424242424242425,0.0010140227112931668,0.3704115684093437,2.6996996996997,0.015315050859637237,18.0,6.0,3.0,0.25,0.33333333333333326,0.006109979633401222,0.1428571428571428,0.14307882319409698,0.9444444444444444
graph_050_mu_0_2_node_294,46,0.2251585623678647,0.004542229224087798,0.4090909090909091,2.4444444444444446,0.03606294867175186,29.0,17.0,1.7058823529411766,0.3695652173913044,0.5,0.017598343685300215,0.2266666666666666,0.22729501632477056,0.8235294117647061
graph_050_mu_0_2_node_295,18,0.2916666666666667,0.0009716442975058481,0.3664710198092443,2.7287287287287287,0.010706082026711947,11.0,7.0,1.5714285714285718,0.388888888888889,0.5,0.007099391480730219,0.2413793103448275,0.2416377941526634,0.7142857142857141
graph_050_mu_0_2_node_296,26,0.48923076923076925,0.0009799586333497225,0.3740172220142269,2.6736736736736737,0.01765899310034631,21.0,5.0,4.200000000000002,0.19230769230769237,0.17857142857142852,0.0051440329218107,0.1063829787234043,0.1065677601270038,0.75
graph_050_mu_0_2_node_297,27,0.2849002849002849,0.001717350704854729,0.3804265041888804,2.6286286286286287,0.01917575694451461,18.0,9.0,2.0,0.33333333333333326,0.2647058823529412,0.009316770186335404,0.20000000000000004,0.20033248365288706,0.5294117647058824
graph_050_mu_0_2_node_298,21,0.26666666666666666,0.0009892361820372784,0.3781226343679031,2.6446446446446448,0.024640813910425538,14.0,7.0,2.0,0.33333333333333326,0.1428571428571428,0.00736067297581493,0.20000000000000004,0.200258541089566,0.2857142857142856
graph_050_mu_0_2_node_299,29,0.34236453201970446,0.002047620023174226,0.3855654187572366,2.5935935935935936,0.020125221169636477,20.0,9.0,2.2222222222222223,0.31034482758620696,0.32142857142857145,0.009259259259259259,0.1836734693877551,0.18400600217918314,0.7142857142857141
graph_050_mu_0_2_node_300,52,0.26285714285714284,0.0044530545691387965,0.4193954659949622,2.3843843843843846,0.09721993107753313,36.0,16.0,2.25,0.3076923076923076,0.33333333333333326,0.016806722689075626,0.18181818181818182,0.1824098977945132,0.7291666666666665
graph_050_mu_0_2_node_301,50,0.3182624113475177,0.003958823228282009,0.40942622950819674,2.4424424424424425,0.059559305961142416,37.0,13.0,2.8461538461538463,0.2599999999999999,0.3170731707317073,0.013555787278415022,0.1494252873563218,0.14990614550316855,0.8780487804878053
graph_050_mu_0_2_node_302,27,0.4666666666666667,0.0008495630726748752,0.37192851824274015,2.6886886886886887,0.020356174210325668,21.0,6.0,3.5,0.2222222222222223,0.20000000000000004,0.00618556701030928,0.125,0.12522172949002217,0.6666666666666665
graph_050_mu_0_2_node_303,45,0.26688815060908083,0.003959689184151038,0.40758873929008566,2.4534534534534536,0.041459018542791645,32.0,13.0,2.461538461538461,0.2888888888888888,0.3023255813953489,0.0135841170323929,0.16883116883116883,0.16931184917873768,0.7209302325581394
graph_050_mu_0_2_node_304,20,0.39473684210526316,0.0006543417133206818,0.3713754646840149,2.6926926926926926,0.019239619201111852,15.0,5.0,3.0,0.25,0.14705882352941177,0.005175983436853002,0.1428571428571428,0.14304184235106623,0.44117647058823545
graph_050_mu_0_2_node_305,27,0.31339031339031337,0.0017442779558244764,0.3911511354737666,2.5565565565565564,0.03175554381189844,18.0,9.0,2.0,0.33333333333333326,0.2307692307692308,0.009365244536940686,0.20000000000000004,0.20033248365288706,0.4615384615384616
graph_050_mu_0_2_node_306,19,0.2647058823529412,0.0009533057481025236,0.3618254255704455,2.7637637637637638,0.00919269426452415,12.0,7.0,1.7142857142857142,0.36842105263157887,0.46666666666666673,0.007106598984771575,0.2258064516129031,0.22606495451182865,0.7333333333333332
graph_050_mu_0_2_node_307,22,0.2736842105263158,0.0009866776940053964,0.37755102040816324,2.6486486486486487,0.03047516346703853,14.0,8.0,1.75,0.36363636363636365,0.20000000000000004,0.008333333333333331,0.2222222222222223,0.22251768684033418,0.3250000000000001
graph_050_mu_0_2_node_308,24,0.2683982683982684,0.0012247737514268992,0.3759879563417388,2.65965965965966,0.015725196501102802,15.0,9.0,1.666666666666667,0.375,0.4736842105263158,0.009174311926605505,0.2307692307692308,0.2311016407415299,0.7368421052631577
graph_050_mu_0_2_node_309,27,0.42,0.0011995125554555507,0.37373737373737376,2.675675675675676,0.016220283569951012,20.0,7.0,2.8571428571428563,0.2592592592592592,0.33333333333333326,0.007150153217568952,0.148936170212766,0.14919482594199035,0.904761904761905
graph_050_mu_0_2_node_310,35,0.3787878787878788,0.0023656707483485323,0.39423835832675613,2.5365365365365364,0.029414048309320647,26.0,9.0,2.888888888888888,0.2571428571428571,0.32142857142857145,0.009259259259259259,0.14754098360655735,0.14787366390079462,0.8928571428571427
graph_050_mu_0_2_node_311,29,0.4843304843304843,0.0010782395295652497,0.37013708781030014,2.7017017017017015,0.016929893105236685,24.0,5.0,4.799999999999998,0.17241379310344834,0.17857142857142852,0.0051440329218107,0.09433962264150944,0.09452444502719677,0.8214285714285712
graph_050_mu_0_2_node_312,34,0.2661290322580645,0.003046015310291452,0.3964285714285714,2.5225225225225225,0.023166510446612346,20.0,14.0,1.4285714285714282,0.41176470588235303,0.6666666666666665,0.014300306435137904,0.2592592592592592,0.25977643694673613,0.904761904761905
graph_050_mu_0_2_node_313,33,0.40860215053763443,0.0016927148123815953,0.38467462456680784,2.5995995995995997,0.0249407168865068,25.0,8.0,3.125,0.24242424242424232,0.2666666666666666,0.00824742268041237,0.13793103448275865,0.13822673936928181,0.8000000000000002
graph_050_mu_0_2_node_314,17,0.2,0.0006859216689778936,0.3593525179856115,2.7827827827827827,0.009007412173023855,11.0,6.0,1.8333333333333328,0.3529411764705881,0.42857142857142855,0.006085192697768763,0.21428571428571427,0.2145072800168811,0.7142857142857141
graph_050_mu_0_2_node_315,19,0.28654970760233917,0.001438471227677562,0.36836283185840707,2.714714714714715,0.010403553717929798,11.0,8.0,1.375,0.4210526315789473,0.5714285714285712,0.008113590263691683,0.2666666666666666,0.266962065824779,0.7857142857142859
graph_050_mu_0_2_node_316,20,0.35294117647058826,0.0009333855451356665,0.36566617862371886,2.734734734734735,0.011748553482169143,14.0,6.0,2.3333333333333335,0.2999999999999999,0.4000000000000001,0.006091370558375635,0.17647058823529405,0.1766922030687136,0.8666666666666669
graph_050_mu_0_2_node_317,40,0.31025641025641026,0.003085636564226377,0.4016887816646562,2.4894894894894897,0.040791937547232905,29.0,11.0,2.6363636363636362,0.27499999999999997,0.282051282051282,0.011446409989594173,0.15942028985507245,0.15982695923286833,0.7435897435897438
graph_050_mu_0_2_node_318,22,0.4155844155844156,0.0010716622014846086,0.37303958177744584,2.680680680680681,0.01411567618171234,16.0,6.0,2.666666666666666,0.2727272727272726,0.33333333333333326,0.006109979633401222,0.15789473684210528,0.15811638442245252,0.8888888888888892
graph_050_mu_0_2_node_319,26,0.31384615384615383,0.001568737708378415,0.37955927051671734,2.6346346346346348,0.019616520347160316,16.0,10.0,1.6000000000000003,0.38461538461538475,0.5263157894736842,0.01019367991845056,0.2380952380952381,0.23846459615093718,0.8421052631578946
graph_050_mu_0_2_node_320,23,0.2845849802371542,0.0013252652982534848,0.3791271347248577,2.6376376376376376,0.02263761296856941,15.0,8.0,1.875,0.3478260869565216,0.18604651162790692,0.008359456635318702,0.21052631578947364,0.2108218022340331,0.34883720930232553
graph_050_mu_0_2_node_321,32,0.367816091954023,0.0016993098650747004,0.38349328214971207,2.6076076076076076,0.023026788141743432,23.0,9.0,2.5555555555555567,0.28125,0.32142857142857145,0.009259259259259259,0.16363636363636364,0.16396897016284276,0.7857142857142859
graph_050_mu_0_2_node_322,37,0.3243697478991597,0.002235792089428952,0.392688679245283,2.5465465465465464,0.06945999978725086,27.0,10.0,2.7000000000000006,0.27027027027027023,0.20833333333333337,0.010504201680672266,0.15625,0.1566196584356055,0.5416666666666667
graph_050_mu_0_2_node_323,23,0.3333333333333333,0.0007887814685635444,0.3765548435733132,2.655655655655656,0.021904984774516204,17.0,6.0,2.8333333333333335,0.26086956521739124,0.18181818181818182,0.0062047569803516025,0.14999999999999994,0.15022166395744052,0.48484848484848464
graph_050_mu_0_2_node_324,19,0.1323529411764706,0.00109106013189475,0.37303958177744584,2.680680680680681,0.011429162040456613,10.0,9.0,1.1111111111111112,0.4736842105263158,0.4500000000000001,0.009183673469387756,0.31034482758620696,0.3106771148300688,0.4500000000000001
graph_050_mu_0_2_node_325,20,0.37254901960784315,0.000879884747985361,0.3607800650054171,2.7717717717717716,0.008025509514921888,15.0,5.0,3.0,0.25,0.3125,0.005081300813008131,0.1428571428571428,0.14304184235106623,0.875
graph_050_mu_0_2_node_326,24,0.45652173913043476,0.0005759156934386949,0.375,2.6666666666666665,0.05310703851821987,20.0,4.0,5.0,0.16666666666666663,0.08333333333333331,0.0042016806722689065,0.09090909090909091,0.0910569105691057,0.41666666666666674
graph_050_mu_0_2_node_327,42,0.25769230769230766,0.0026802818726033295,0.4036363636363636,2.4774774774774775,0.04641493090250917,32.0,10.0,3.2000000000000006,0.2380952380952381,0.20408163265306117,0.010515247108307044,0.13513513513513511,0.13550493026863114,0.6326530612244898
graph_050_mu_0_2_node_328,29,0.3103448275862069,0.0015916323085790828,0.3843786071565987,2.6016016016016015,0.02987413125092915,21.0,8.0,2.625,0.2758620689655173,0.18604651162790692,0.008359456635318702,0.16,0.16029561747099258,0.48837209302325585
graph_050_mu_0_2_node_329,48,0.26570048309178745,0.004288684739003481,0.4109419991772933,2.4334334334334335,0.04337718281617442,33.0,15.0,2.1999999999999997,0.3125,0.41666666666666674,0.015560165975103736,0.18518518518518517,0.18573981635545692,0.8888888888888892
graph_050_mu_0_2_node_330,53,0.2972549019607843,0.004103535635384559,0.4153846153846154,2.4074074074074074,0.09962757188540536,39.0,14.0,2.7857142857142847,0.2641509433962264,0.2916666666666667,0.014705882352941178,0.15217391304347824,0.15269181774901244,0.7916666666666665
graph_050_mu_0_2_node_331,28,0.2804232804232804,0.0018753935437429768,0.39423835832675613,2.5365365365365364,0.026498027601938524,18.0,10.0,1.8000000000000005,0.35714285714285704,0.29411764705882354,0.010351966873706004,0.2173913043478261,0.21776071698173813,0.5294117647058824
graph_050_mu_0_2_node_332,46,0.3044397463002114,0.003983101919141287,0.40675895765472314,2.4584584584584586,0.05610770613566044,32.0,14.0,2.2857142857142847,0.3043478260869565,0.34146341463414637,0.014598540145985404,0.1794871794871794,0.1800048161062729,0.7560975609756097
graph_050_mu_0_2_node_333,21,0.34285714285714286,0.0011141687219905422,0.3774083868530412,2.6496496496496498,0.021502381426018128,14.0,7.0,2.0,0.33333333333333326,0.1944444444444445,0.007261410788381744,0.20000000000000004,0.200258541089566,0.388888888888889
graph_050_mu_0_2_node_334,17,0.15441176470588236,0.0010894021304901009,0.3671444321940463,2.7237237237237237,0.013430978374191454,7.0,10.0,0.6999999999999998,0.5882352941176471,0.6666666666666665,0.010152284263959394,0.41666666666666674,0.4170357793198483,0.46666666666666673
graph_050_mu_0_2_node_335,33,0.33548387096774196,0.002040631321238197,0.3858632676709154,2.5915915915915915,0.022480117204856483,25.0,8.0,3.125,0.24242424242424232,0.23529411764705885,0.008281573498964802,0.13793103448275865,0.13822673936928181,0.7058823529411762
graph_050_mu_0_2_node_336,15,0.18095238095238095,0.0008773732766558733,0.35438098616530683,2.8218218218218216,0.006091406017581469,9.0,6.0,1.5,0.4000000000000001,0.4000000000000001,0.006091370558375635,0.25,0.2502215330084182,0.5999999999999998
graph_050_mu_0_2_node_337,50,0.28634751773049644,0.003952185818208252,0.41555740432612315,2.4064064064064064,0.07072983724422294,34.0,16.0,2.125,0.32,0.4000000000000001,0.016666666666666663,0.19047619047619055,0.1910678189335192,0.8249999999999997
graph_050_mu_0_2_node_338,25,0.39,0.0009216894658952942,0.37955927051671734,2.6346346346346348,0.03500383853849875,18.0,7.0,2.5714285714285716,0.28000000000000014,0.17073170731707318,0.007299270072992702,0.1627906976744186,0.16304931517912916,0.43902439024390266
graph_050_mu_0_2_node_339,18,0.15833333333333333,0.0009394339519197103,0.35857860732232594,2.7887887887887888,0.009214009097114912,10.0,8.0,1.25,0.4444444444444446,0.5714285714285712,0.008113590263691683,0.2857142857142856,0.28600966305884334,0.6428571428571429
graph_050_mu_0_2_node_340,18,0.3464052287581699,0.0008073975941124292,0.3652650822669104,2.7377377377377377,0.012317986734504063,12.0,6.0,2.0,0.33333333333333326,0.2857142857142856,0.0061287027579162425,0.20000000000000004,0.2002215820961667,0.5714285714285712
graph_050_mu_0_2_node_341,25,0.2845849802371542,0.0015455118467777487,0.37755102040816324,2.6486486486486487,0.015641184962162793,16.0,9.0,1.7777777777777783,0.36,0.5,0.009164969450101836,0.21951219512195133,0.21984462965081752,0.8333333333333335
graph_050_mu_0_2_node_342,27,0.36,0.0014246509649377336,0.37206703910614525,2.6876876876876876,0.013809573583488955,19.0,8.0,2.375,0.2962962962962963,0.3809523809523811,0.008171603677221655,0.1739130434782608,0.1742086172608664,0.8571428571428571
graph_050_mu_0_2_node_343,23,0.2450592885375494,0.0016326793967101653,0.3875096974398759,2.5805805805805804,0.02090935952087827,13.0,10.0,1.3000000000000005,0.4347826086956522,0.30303030303030304,0.010341261633919342,0.2777777777777778,0.27814705399638934,0.39393939393939387
graph_050_mu_0_2_node_344,25,0.30333333333333334,0.0018000366075317355,0.37331838565022424,2.6786786786786787,0.011365384697018779,16.0,9.0,1.7777777777777783,0.36,0.4736842105263158,0.009174311926605505,0.21951219512195133,0.21984462965081752,0.8421052631578946
graph_050_mu_0_2_node_345,24,0.354978354978355,0.0011584368020984889,0.37,2.7027027027027026,0.011633291027525179,17.0,7.0,2.4285714285714284,0.2916666666666667,0.36842105263157887,0.007135575942915391,0.17073170731707318,0.17099030571376309,0.8421052631578946
graph_050_mu_0_2_node_346,25,0.20948616600790515,0.0018406570070740708,0.3766968325791855,2.6546546546546548,0.01658170921777724,13.0,12.0,1.0833333333333335,0.4800000000000002,0.8571428571428571,0.012170385395537525,0.31578947368421056,0.3162325724213791,0.8571428571428571
graph_050_mu_0_2_node_347,23,0.2885375494071146,0.001277598456080321,0.3851195065535852,2.5965965965965965,0.03194281231431604,14.0,9.0,1.555555555555556,0.3913043478260869,0.22500000000000006,0.009374999999999996,0.24324324324324328,0.24357562866260277,0.3499999999999999
graph_050_mu_0_2_node_348,27,0.25333333333333335,0.001824240367142997,0.38071646341463417,2.6266266266266265,0.016881034978607438,16.0,11.0,1.4545454545454546,0.4074074074074074,0.5789473684210529,0.01121304791029562,0.2558139534883721,0.2562202323434044,0.7894736842105262
graph_050_mu_0_2_node_349,28,0.2777777777777778,0.0016989865116020097,0.38977760436987907,2.5655655655655654,0.04949875927114161,18.0,10.0,1.8000000000000005,0.35714285714285704,0.20833333333333337,0.010504201680672266,0.2173913043478261,0.21776071698173813,0.375
graph_050_mu_0_2_node_350,15,0.3974358974358974,0.0003634498063671399,0.34735744089012516,2.878878878878879,0.005256200729708977,12.0,3.0,4.0,0.20000000000000004,0.20000000000000004,0.0030456852791878176,0.11111111111111115,0.11122191443521084,0.7333333333333332
graph_050_mu_0_2_node_351,26,0.4166666666666667,0.0012017138310900575,0.3713754646840149,2.6926926926926926,0.01465610574680618,19.0,7.0,2.7142857142857153,0.2692307692307692,0.33333333333333326,0.007150153217568952,0.1555555555555555,0.15581419217111064,0.8571428571428571
graph_050_mu_0_2_node_352,26,0.2463768115942029,0.0016210444228061335,0.3855654187572366,2.5935935935935936,0.02082097505927745,15.0,11.0,1.3636363636363635,0.4230769230769231,0.5789473684210529,0.01121304791029562,0.26829268292682934,0.26869893177271326,0.7368421052631577
graph_050_mu_0_2_node_353,24,0.2717391304347826,0.0015515495971519394,0.378839590443686,2.6396396396396398,0.016562079026433037,14.0,10.0,1.3999999999999997,0.41666666666666674,0.5,0.01020408163265306,0.2631578947368421,0.26352719823045323,0.6999999999999998
graph_050_mu_0_2_node_354,35,0.32954545454545453,0.0019798955841850412,0.3951740506329114,2.5305305305305303,0.047602026322455714,24.0,11.0,2.1818181818181808,0.3142857142857142,0.27499999999999997,0.01145833333333333,0.18644067796610167,0.18684719705402075,0.575
graph_050_mu_0_2_node_355,22,0.19480519480519481,0.0016093141541745856,0.3757051523128996,2.6616616616616615,0.017279928384909646,11.0,11.0,1.0,0.5,0.6470588235294118,0.011190233977619533,0.33333333333333326,0.33373946218694245,0.6470588235294118
graph_050_mu_0_2_node_356,19,0.40441176470588236,0.0006872290903561343,0.35857860732232594,2.7887887887887888,0.007724301231814117,14.0,5.0,2.7999999999999994,0.2631578947368421,0.3125,0.005081300813008131,0.15151515151515152,0.15169983736452175,0.8125
graph_050_mu_0_2_node_357,16,0.23333333333333334,0.0008186715154668568,0.36553238199780463,2.735735735735736,0.009625722170546414,9.0,7.0,1.2857142857142858,0.4375,0.5,0.007099391480730219,0.28000000000000014,0.2802584456341149,0.6428571428571429
graph_050_mu_0_2_node_358,25,0.38333333333333336,0.0011362581731042788,0.3781226343679031,2.6446446446446448,0.026320526912432324,18.0,7.0,2.5714285714285716,0.28000000000000014,0.1794871794871794,0.007284079084287201,0.1627906976744186,0.16304931517912916,0.4615384615384616
graph_050_mu_0_2_node_359,19,0.14619883040935672,0.0015586719389813282,0.37726586102719034,2.650650650650651,0.0101928385839927,9.0,10.0,0.9000000000000002,0.5263157894736842,0.7142857142857141,0.010141987829614606,0.35714285714285704,0.3575120243017469,0.6428571428571429
graph_050_mu_0_2_node_360,28,0.3492063492063492,0.0015392563540869934,0.3830521472392638,2.6106106106106104,0.02156159124696892,20.0,8.0,2.5,0.2857142857142856,0.2857142857142856,0.008230452674897122,0.16666666666666663,0.16696226229185135,0.7142857142857141
graph_050_mu_0_2_node_361,34,0.31048387096774194,0.001805941937983988,0.38992974238875877,2.5645645645645647,0.03370918513688933,25.0,9.0,2.7777777777777777,0.2647058823529412,0.2093023255813953,0.00940438871473354,0.15254237288135597,0.152875028582705,0.558139534883721
graph_050_mu_0_2_node_362,18,0.477124183006536,0.0005586294206206228,0.3571683947086164,2.7997997997998,0.009132009421068399,14.0,4.0,3.5,0.2222222222222223,0.21052631578947364,0.004077471967380225,0.125,0.12514775413711582,0.7368421052631577
graph_050_mu_0_2_node_363,21,0.34502923976608185,0.0010320838272828156,0.3690432212781677,2.70970970970971,0.012900874639188178,14.0,7.0,2.0,0.33333333333333326,0.4375,0.00711382113821138,0.20000000000000004,0.200258541089566,0.8125
graph_050_mu_0_2_node_364,23,0.34782608695652173,0.0009663015185876905,0.3781226343679031,2.6446446446446448,0.026404440213322278,15.0,8.0,1.875,0.3478260869565216,0.2051282051282052,0.008324661810613946,0.21052631578947364,0.2108218022340331,0.38461538461538475
graph_050_mu_0_2_node_365,25,0.42333333333333334,0.0012168987235874988,0.38188073394495414,2.6186186186186187,0.024239048213919496,18.0,7.0,2.5714285714285716,0.28000000000000014,0.23333333333333336,0.007216494845360826,0.1627906976744186,0.16304931517912916,0.5999999999999998
graph_050_mu_0_2_node_366,30,0.3793103448275862,0.001812412829566927,0.38408304498269896,2.6036036036036037,0.03818672334233807,22.0,8.0,2.75,0.2666666666666666,0.19512195121951223,0.008342022940563089,0.1538461538461538,0.15414179316618346,0.5365853658536587
graph_050_mu_0_2_node_367,31,0.3448275862068966,0.0018400692244014752,0.3858632676709154,2.5915915915915915,0.024778303624906513,22.0,9.0,2.4444444444444433,0.29032258064516125,0.2647058823529412,0.009316770186335404,0.16981132075471703,0.17014390269921267,0.6176470588235293
graph_050_mu_0_2_node_368,17,0.18382352941176472,0.0008606477725861385,0.3754227733934611,2.6636636636636637,0.01417565170507375,10.0,7.0,1.4285714285714282,0.41176470588235303,0.25,0.007201646090534978,0.2592592592592592,0.25951772397882505,0.35714285714285704
graph_050_mu_0_2_node_369,39,0.29959514170040485,0.0034450489203275677,0.4049452776651804,2.4694694694694697,0.031050678580864834,27.0,12.0,2.25,0.3076923076923076,0.36363636363636365,0.012409513960703205,0.18181818181818182,0.18226173914796676,0.8181818181818182
graph_050_mu_0_2_node_370,18,0.325,0.0006002476323052949,0.36064981949458486,2.7727727727727727,0.009166844552019323,12.0,6.0,2.0,0.33333333333333326,0.2857142857142856,0.0061287027579162425,0.20000000000000004,0.2002215820961667,0.5238095238095238
graph_050_mu_0_2_node_371,33,0.32575757575757575,0.0020241894728496488,0.4018503620273532,2.4884884884884886,0.04956726254826571,22.0,11.0,2.0,0.33333333333333326,0.27499999999999997,0.01145833333333333,0.20000000000000004,0.20040645900306686,0.5499999999999999
graph_050_mu_0_2_node_372,27,0.24786324786324787,0.0021741661528000946,0.39161113288906313,2.5535535535535536,0.025249959942795438,15.0,12.0,1.25,0.4444444444444446,0.33333333333333326,0.01244813278008299,0.2857142857142856,0.28615744990661884,0.41666666666666674
graph_050_mu_0_2_node_373,29,0.3103448275862069,0.0016552070231324154,0.3878105590062112,2.5785785785785786,0.039852667469644436,19.0,10.0,1.8999999999999995,0.3448275862068967,0.25,0.010416666666666664,0.20833333333333337,0.20870277326240091,0.47499999999999987
graph_050_mu_0_2_node_374,16,0.125,0.0012470206298975939,0.3659340659340659,2.7327327327327327,0.00965575114723339,7.0,9.0,0.777777777777778,0.5625,0.6428571428571429,0.009127789046653149,0.3913043478260869,0.39163656147637665,0.5
graph_050_mu_0_2_node_375,16,0.16666666666666666,0.0008547190887470329,0.36782032400589104,2.7187187187187187,0.010735832199763347,8.0,8.0,1.0,0.5,0.4000000000000001,0.008163265306122451,0.33333333333333326,0.3336286670604451,0.4000000000000001
graph_050_mu_0_2_node_376,35,0.33277310924369746,0.0025892095771319753,0.38616157711635096,2.5895895895895897,0.024217972488734953,25.0,10.0,2.5,0.2857142857142856,0.33333333333333326,0.010309278350515462,0.16666666666666663,0.16703627045140937,0.8333333333333335
graph_050_mu_0_2_node_377,24,0.2971014492753623,0.001806628693873476,0.376271186440678,2.6576576576576576,0.014283118514263676,15.0,9.0,1.666666666666667,0.375,0.4500000000000001,0.009183673469387756,0.2307692307692308,0.2311016407415299,0.75
graph_050_mu_0_2_node_378,20,0.30718954248366015,0.0009340670944869939,0.36809137803979364,2.7167167167167166,0.011026017422812411,13.0,7.0,1.8571428571428577,0.3499999999999999,0.41176470588235303,0.007121057985757881,0.21212121212121207,0.2123797341140473,0.7058823529411762
graph_050_mu_0_2_node_379,21,0.2631578947368421,0.0013278395881028992,0.3652650822669104,2.7377377377377377,0.009917936580619338,13.0,8.0,1.625,0.3809523809523811,0.5333333333333332,0.008121827411167511,0.23529411764705885,0.23558956044194762,0.8000000000000002
graph_050_mu_0_2_node_380,20,0.26143790849673204,0.001310088300895256,0.3702742772424018,2.700700700700701,0.010108063374556666,12.0,8.0,1.5,0.4000000000000001,0.5,0.008130081300813009,0.25,0.25029542097488916,0.6875
graph_050_mu_0_2_node_381,25,0.29333333333333333,0.0017054544743067698,0.3794151158374478,2.635635635635636,0.015876262797198296,15.0,10.0,1.5,0.4000000000000001,0.5263157894736842,0.01019367991845056,0.25,0.25036933077263995,0.7894736842105262
graph_050_mu_0_2_node_382,49,0.34967622571692875,0.0034398339331673036,0.4069246435845214,2.4574574574574575,0.062032042507982534,38.0,11.0,3.4545454545454537,0.22448979591836735,0.26829268292682934,0.01147028154327424,0.1264367816091954,0.126843721788989,0.9024390243902439
graph_050_mu_0_2_node_383,16,0.36666666666666664,0.0005659071304301848,0.3624818577648766,2.7587587587587588,0.010698539665532575,11.0,5.0,2.1999999999999997,0.3125,0.17857142857142852,0.0051440329218107,0.18518518518518517,0.18536983011298908,0.39285714285714296
graph_050_mu_0_2_node_384,29,0.22792022792022792,0.0022232623539728672,0.38158899923605805,2.6206206206206204,0.018432901275418946,16.0,13.0,1.2307692307692304,0.44827586206896536,0.8125,0.013211382113821137,0.2888888888888888,0.28936900116129716,0.9375
graph_050_mu_0_2_node_385,29,0.31054131054131057,0.0015999267955595434,0.3854166666666667,2.5945945945945947,0.02476528795209847,21.0,8.0,2.625,0.2758620689655173,0.24242424242424232,0.00827300930713547,0.16,0.16029561747099258,0.6060606060606061
graph_050_mu_0_2_node_386,20,0.6842105263157895,0.0001404684583881032,0.36221899927483686,2.760760760760761,0.031399700519812584,19.0,1.0,19.0,0.05000000000000001,0.02439024390243903,0.001042752867570386,0.02564102564102565,0.02567798192174554,0.46341463414634165
graph_050_mu_0_2_node_387,34,0.2782258064516129,0.0018906817241983681,0.3909980430528376,2.5575575575575575,0.03829884975639852,24.0,10.0,2.399999999999999,0.29411764705882354,0.20408163265306117,0.010515247108307044,0.17241379310344834,0.17278336956881898,0.4693877551020407
graph_050_mu_0_2_node_388,26,0.4492753623188406,0.0010241379072091332,0.36633663366336633,2.72972972972973,0.013210537864207297,21.0,5.0,4.200000000000002,0.19230769230769237,0.2380952380952381,0.005107252298263534,0.1063829787234043,0.1065677601270038,0.9523809523809524
graph_050_mu_0_2_node_389,20,0.2736842105263158,0.0012158612842027136,0.367414490621552,2.7217217217217216,0.010479354063217936,13.0,7.0,1.8571428571428577,0.3499999999999999,0.25,0.007201646090534978,0.21212121212121207,0.2123797341140473,0.4642857142857144
graph_050_mu_0_2_node_390,23,0.24761904761904763,0.001441320654682131,0.37726586102719034,2.650650650650651,0.01594506726587654,14.0,9.0,1.555555555555556,0.3913043478260869,0.5294117647058824,0.00915564598168871,0.24324324324324328,0.24357562866260277,0.7647058823529413
graph_050_mu_0_2_node_391,25,0.38333333333333336,0.0009018948930065434,0.38173481085212074,2.6196196196196198,0.047124155569876085,19.0,6.0,3.166666666666666,0.2400000000000001,0.125,0.006302521008403364,0.1363636363636363,0.1365853330825249,0.39583333333333326
graph_050_mu_0_2_node_392,47,0.299722479185939,0.0036373183668667306,0.4122988031366075,2.4254254254254253,0.08806444167568815,34.0,13.0,2.6153846153846154,0.27659574468085113,0.27083333333333337,0.013655462184873955,0.16049382716049382,0.16097457861199335,0.7083333333333334
graph_050_mu_0_2_node_393,25,0.28063241106719367,0.0012405903512631175,0.37471867966991745,2.6686686686686687,0.016745655552645566,17.0,8.0,2.125,0.32,0.4000000000000001,0.008163265306122451,0.19047619047619055,0.19077172058332006,0.8000000000000002
graph_050_mu_0_2_node_394,36,0.2968253968253968,0.002608725531183996,0.39548693586698336,2.5285285285285286,0.02823537954463533,25.0,11.0,2.272727272727273,0.3055555555555554,0.33333333333333326,0.01137538779731127,0.180327868852459,0.18073441798946605,0.7575757575757577
graph_050_mu_0_2_node_395,19,0.11695906432748537,0.001493030341581891,0.3740172220142269,2.6736736736736737,0.010233739278832714,8.0,11.0,0.7272727272727273,0.5789473684210529,0.7857142857142859,0.011156186612576061,0.4074074074074074,0.407813446313317,0.5714285714285712
graph_050_mu_0_2_node_396,24,0.2644927536231884,0.0018757735766684624,0.38144329896907214,2.6216216216216215,0.015763300344794128,13.0,11.0,1.1818181818181819,0.4583333333333332,0.6875,0.011178861788617886,0.29729729729729737,0.2977034861381821,0.8125
graph_050_mu_0_2_node_397,21,0.4714285714285714,0.000741058071458369,0.3626134301270417,2.7577577577577577,0.010838613500442679,17.0,4.0,4.25,0.19047619047619055,0.21052631578947364,0.004077471967380225,0.10526315789473682,0.1054109447860396,0.8947368421052634
graph_050_mu_0_2_node_398,41,0.2631578947368421,0.0026410780273700444,0.4000800961153384,2.4994994994994997,0.044721021079627006,30.0,11.0,2.727272727272727,0.26829268292682934,0.22448979591836735,0.011566771819137752,0.15492957746478872,0.1553362769138959,0.5918367346938778
graph_050_mu_0_2_node_399,40,0.4025641025641026,0.00204761197102129,0.3967434471803018,2.5205205205205203,0.056179741296977045,32.0,8.0,4.0,0.20000000000000004,0.20000000000000004,0.008333333333333331,0.11111111111111115,0.11140696909927676,0.8000000000000002
graph_050_mu_0_2_node_400,20,0.47058823529411764,0.0006465616307653576,0.3580645161290323,2.7927927927927927,0.009952347760700907,16.0,4.0,4.0,0.20000000000000004,0.20000000000000004,0.004081632653061226,0.11111111111111115,0.11125888708273816,0.75
graph_050_mu_0_2_node_401,25,0.38735177865612647,0.0014364661469697592,0.37641296156744536,2.6566566566566565,0.01600810470280546,18.0,7.0,2.5714285714285716,0.28000000000000014,0.3043478260869565,0.00716479017400205,0.1627906976744186,0.16304931517912916,0.7391304347826088
graph_050_mu_0_2_node_402,46,0.26666666666666666,0.0038491383575098596,0.4107730263157895,2.4344344344344346,0.07742433021214631,32.0,14.0,2.2857142857142847,0.3043478260869565,0.2916666666666667,0.014705882352941178,0.1794871794871794,0.1800048161062729,0.6666666666666665
graph_050_mu_0_2_node_403,28,0.2698412698412698,0.0019136495860837344,0.3878105590062112,2.5785785785785786,0.021182226575054273,19.0,9.0,2.111111111111111,0.32142857142857145,0.32142857142857145,0.009259259259259259,0.19148936170212763,0.19182186992246977,0.6785714285714288
graph_050_mu_0_2_node_404,30,0.24074074074074073,0.0015408364209595243,0.3867595818815331,2.5855855855855854,0.03285983883683355,22.0,8.0,2.75,0.2666666666666666,0.16326530612244897,0.008412197686645638,0.1538461538461538,0.15414179316618346,0.42857142857142855
graph_050_mu_0_2_node_405,35,0.23697478991596638,0.002609063672088617,0.404126213592233,2.4744744744744747,0.035984151069844296,24.0,11.0,2.1818181818181808,0.3142857142857142,0.2558139534883721,0.011494252873563216,0.18644067796610167,0.18684719705402075,0.558139534883721
graph_050_mu_0_2_node_406,15,0.2948717948717949,0.0005321927246609421,0.355136864557412,2.815815815815816,0.0073667400255555395,10.0,5.0,2.0,0.33333333333333326,0.33333333333333326,0.005076142131979697,0.20000000000000004,0.2001846312913113,0.5999999999999998
graph_050_mu_0_2_node_407,26,0.3630769230769231,0.0013737448039332794,0.3781226343679031,2.6446446446446448,0.018934739502295607,19.0,7.0,2.7142857142857153,0.2692307692307692,0.21212121212121207,0.007238883143743536,0.1555555555555555,0.15581419217111064,0.5757575757575759
graph_050_mu_0_2_node_408,37,0.35294117647058826,0.0020849495921043313,0.3940828402366864,2.5375375375375375,0.029948620902925237,28.0,9.0,3.111111111111112,0.24324324324324328,0.2727272727272726,0.009307135470527406,0.1384615384615384,0.13879426795246236,0.8181818181818182
graph_050_mu_0_2_node_409,23,0.2857142857142857,0.0015599244859966477,0.3765548435733132,2.655655655655656,0.01357796668443041,14.0,9.0,1.555555555555556,0.3913043478260869,0.6428571428571429,0.009127789046653149,0.24324324324324328,0.24357562866260277,0.9285714285714288
graph_050_mu_0_2_node_410,43,0.27353266888150607,0.003278180926295813,0.4141791044776119,2.4144144144144146,0.07274178668807925,30.0,13.0,2.307692307692307,0.3023255813953489,0.27083333333333337,0.013655462184873955,0.17808219178082188,0.1785628010454898,0.625
graph_050_mu_0_2_node_411,23,0.3523809523809524,0.0012869989989451483,0.36782032400589104,2.7187187187187187,0.0149655692207327,16.0,7.0,2.2857142857142847,0.3043478260869565,0.3499999999999999,0.007142857142857144,0.1794871794871794,0.17974575877867224,0.75
graph_050_mu_0_2_node_412,23,0.3952380952380952,0.0008710664558730336,0.36580007323324787,2.7337337337337337,0.012577293081870758,17.0,6.0,2.8333333333333335,0.26086956521739124,0.2857142857142856,0.0061287027579162425,0.14999999999999994,0.15022166395744052,0.7619047619047622
graph_050_mu_0_2_node_413,23,0.383399209486166,0.001207164192013387,0.3794151158374478,2.635635635635636,0.020526165252206303,16.0,7.0,2.2857142857142847,0.3043478260869565,0.21212121212121207,0.007238883143743536,0.1794871794871794,0.17974575877867224,0.48484848484848464
graph_050_mu_0_2_node_414,22,0.35064935064935066,0.000992543519881918,0.37641296156744536,2.6566566566566565,0.018877216689963866,15.0,7.0,2.142857142857143,0.31818181818181823,0.1944444444444445,0.007261410788381744,0.1891891891891892,0.18944774937830747,0.41666666666666674
graph_050_mu_0_2_node_415,23,0.391304347826087,0.0008318264016182075,0.3758465011286682,2.660660660660661,0.023700666002472878,16.0,7.0,2.2857142857142847,0.3043478260869565,0.21212121212121207,0.007238883143743536,0.1794871794871794,0.17974575877867224,0.48484848484848464
graph_050_mu_0_2_node_416,33,0.35913978494623655,0.001726799353362976,0.3882627283326856,2.5755755755755754,0.046081795437417444,24.0,9.0,2.666666666666666,0.2727272727272726,0.22500000000000006,0.009374999999999996,0.15789473684210528,0.15822736795420192,0.575
graph_050_mu_0_2_node_417,26,0.391304347826087,0.0010504584830394812,0.37206703910614525,2.6876876876876876,0.018306677771816167,20.0,6.0,3.333333333333334,0.2307692307692308,0.21428571428571427,0.006172839506172838,0.13043478260869562,0.13065649571194007,0.6785714285714288
graph_050_mu_0_2_node_418,24,0.37318840579710144,0.0012312400965783378,0.3729003359462486,2.6816816816816815,0.016379100246542825,17.0,7.0,2.4285714285714284,0.2916666666666667,0.33333333333333326,0.007150153217568952,0.17073170731707318,0.17099030571376309,0.8095238095238098
graph_050_mu_0_2_node_419,41,0.3195121951219512,0.0024999249320917217,0.39928057553956836,2.5045045045045047,0.06877877347468313,32.0,9.0,3.5555555555555567,0.21951219512195133,0.1875,0.00945378151260504,0.12328767123287675,0.1236204991608379,0.6666666666666665
graph_050_mu_0_2_node_420,22,0.329004329004329,0.0011370689808644723,0.3781226343679031,2.6446446446446448,0.021749674527446514,14.0,8.0,1.75,0.36363636363636365,0.24242424242424232,0.00827300930713547,0.2222222222222223,0.22251768684033418,0.42424242424242414
graph_050_mu_0_2_node_421,21,0.2714285714285714,0.0014964225908574962,0.37276119402985075,2.6826826826826826,0.01120392995689767,13.0,8.0,1.625,0.3809523809523811,0.4210526315789473,0.00815494393476045,0.23529411764705885,0.23558956044194762,0.6842105263157895
graph_050_mu_0_2_node_422,19,0.28654970760233917,0.0010410820951776024,0.36782032400589104,2.7187187187187187,0.013039578415634199,12.0,7.0,1.7142857142857142,0.36842105263157887,0.36842105263157887,0.007135575942915391,0.2258064516129031,0.22606495451182865,0.6315789473684211
graph_050_mu_0_2_node_423,21,0.3,0.0011115116441999704,0.3740172220142269,2.6736736736736737,0.017489601078757907,13.0,8.0,1.625,0.3809523809523811,0.2222222222222223,0.00829875518672199,0.23529411764705885,0.23558956044194762,0.361111111111111
graph_050_mu_0_2_node_424,26,0.3476923076923077,0.0012707726293072355,0.38129770992366413,2.6226226226226226,0.0208843291223386,19.0,7.0,2.7142857142857153,0.2692307692307692,0.21212121212121207,0.007238883143743536,0.1555555555555555,0.15581419217111064,0.5757575757575759
graph_050_mu_0_2_node_425,34,0.36363636363636365,0.0017696006115136618,0.39832535885167464,2.5105105105105103,0.062432680596965995,26.0,8.0,3.25,0.23529411764705885,0.16666666666666663,0.008403361344537813,0.1333333333333333,0.1336290600818177,0.5416666666666667
graph_050_mu_0_2_node_426,37,0.34984984984984985,0.002280306282569417,0.3991210547343188,2.5055055055055053,0.042122368610743935,27.0,10.0,2.7000000000000006,0.27027027027027023,0.2564102564102564,0.010405827263267432,0.15625,0.1566196584356055,0.6923076923076923
graph_050_mu_0_2_node_427,43,0.35105204872646734,0.0028891348608456806,0.4062627084180561,2.4614614614614614,0.08455715646965095,33.0,10.0,3.299999999999999,0.23255813953488375,0.20833333333333337,0.010504201680672266,0.13157894736842105,0.1319487698536281,0.6875
graph_050_mu_0_2_node_428,33,0.42234848484848486,0.0010541280028609453,0.38901869158878505,2.5705705705705704,0.0649851243837871,28.0,5.0,5.599999999999999,0.15151515151515152,0.10416666666666669,0.005252100840336133,0.08196721311475412,0.08215209017151136,0.5833333333333334
graph_050_mu_0_2_node_429,24,0.38768115942028986,0.0013267158128941828,0.3740172220142269,2.6736736736736737,0.01413106879128628,18.0,6.0,3.0,0.25,0.21428571428571427,0.006172839506172838,0.1428571428571428,0.14307882319409698,0.6428571428571429
graph_050_mu_0_2_node_430,20,0.17647058823529413,0.0011466709512050035,0.36782032400589104,2.7187187187187187,0.011761227978248166,12.0,8.0,1.5,0.4000000000000001,0.5333333333333332,0.008121827411167511,0.25,0.25029542097488916,0.7333333333333332
graph_050_mu_0_2_node_431,17,0.17647058823529413,0.0011580703420261077,0.3660681568340051,2.7317317317317316,0.007878462687683035,9.0,8.0,1.125,0.4705882352941177,0.5714285714285712,0.008113590263691683,0.3076923076923076,0.3079876632265321,0.6428571428571429
graph_050_mu_0_2_node_432,27,0.301994301994302,0.0011366365155704777,0.3842307692307692,2.6026026026026026,0.055084844403868766,19.0,8.0,2.375,0.2962962962962963,0.16666666666666663,0.008403361344537813,0.1739130434782608,0.1742086172608664,0.39583333333333326
graph_050_mu_0_2_node_433,34,0.3185483870967742,0.002260107544959329,0.3830521472392638,2.6106106106106104,0.023569543877051815,25.0,9.0,2.7777777777777777,0.2647058823529412,0.2647058823529412,0.009316770186335404,0.15254237288135597,0.152875028582705,0.7058823529411762
graph_050_mu_0_2_node_434,31,0.2989247311827957,0.001960534648625775,0.38601236476043277,2.5905905905905904,0.020961678674572295,22.0,9.0,2.4444444444444433,0.29032258064516125,0.2647058823529412,0.009316770186335404,0.16981132075471703,0.17014390269921267,0.6470588235294118
graph_050_mu_0_2_node_435,26,0.29846153846153844,0.0017573569482056163,0.3804265041888804,2.6286286286286287,0.02012352655530541,18.0,8.0,2.25,0.3076923076923076,0.2222222222222223,0.00829875518672199,0.18181818181818182,0.18211373376143583,0.5
graph_050_mu_0_2_node_436,18,0.1568627450980392,0.0013352169657203329,0.37192851824274015,2.6886886886886887,0.010303103892043145,8.0,10.0,0.8000000000000002,0.5555555555555556,0.5882352941176471,0.010172939979654124,0.38461538461538475,0.3849845245194083,0.4705882352941177
graph_050_mu_0_2_node_437,22,0.18947368421052632,0.001369612373476171,0.3781226343679031,2.6446446446446448,0.017147264151036564,12.0,10.0,1.1999999999999995,0.45454545454545436,0.5882352941176471,0.010172939979654124,0.29411764705882354,0.294486896006464,0.6470588235294118
graph_050_mu_0_2_node_438,24,0.45021645021645024,0.0010031371901931204,0.37192851824274015,2.6886886886886887,0.017579810659601045,18.0,6.0,3.0,0.25,0.21428571428571427,0.006172839506172838,0.1428571428571428,0.14307882319409698,0.6071428571428571
graph_050_mu_0_2_node_439,19,0.3088235294117647,0.0008900181589496395,0.3651315789473684,2.7387387387387387,0.014115493637149586,13.0,6.0,2.166666666666667,0.31578947368421056,0.4000000000000001,0.006091370558375635,0.1875,0.18772159846358397,0.8000000000000002
graph_050_mu_0_2_node_440,19,0.49264705882352944,0.0005818094844795755,0.36038961038961037,2.774774774774775,0.010275091573078965,15.0,4.0,3.75,0.21052631578947364,0.21052631578947364,0.004077471967380225,0.11764705882352942,0.11779482387709428,0.7368421052631577
graph_050_mu_0_2_node_441,54,0.2895927601809955,0.004254111890258336,0.4128099173553719,2.4224224224224224,0.0984174712430889,40.0,14.0,2.8571428571428563,0.2592592592592592,0.2916666666666667,0.014705882352941178,0.148936170212766,0.14945411323903307,0.8125
graph_050_mu_0_2_node_442,22,0.4069264069264069,0.0008037789856541416,0.37303958177744584,2.680680680680681,0.020057131584802768,16.0,6.0,2.666666666666666,0.2727272727272726,0.18181818181818182,0.0062047569803516025,0.15789473684210528,0.15811638442245252,0.48484848484848464
graph_050_mu_0_2_node_443,17,0.1323529411764706,0.001154362209867631,0.37303958177744584,2.680680680680681,0.016142929057497025,7.0,10.0,0.6999999999999998,0.5882352941176471,0.7142857142857141,0.010141987829614606,0.41666666666666674,0.4170357793198483,0.5
graph_050_mu_0_2_node_444,20,0.42105263157894735,0.0006906478895814763,0.3778366111951589,2.6466466466466465,0.023280364814660136,14.0,6.0,2.3333333333333335,0.2999999999999999,0.1538461538461538,0.006243496357960457,0.17647058823529405,0.1766922030687136,0.3589743589743588
graph_050_mu_0_2_node_445,26,0.2536231884057971,0.0015257100135923037,0.38275862068965516,2.6126126126126126,0.019057769033133228,18.0,8.0,2.25,0.3076923076923076,0.2857142857142856,0.008230452674897122,0.18181818181818182,0.18211373376143583,0.6071428571428571
graph_050_mu_0_2_node_446,17,0.2,0.0006949033834328063,0.3740172220142269,2.6736736736736737,0.01576927222014754,10.0,7.0,1.4285714285714282,0.41176470588235303,0.388888888888889,0.007128309572301427,0.2592592592592592,0.25951772397882505,0.5
graph_050_mu_0_2_node_447,20,0.4,0.0006300910454897133,0.36836283185840707,2.714714714714715,0.019725154062528668,15.0,5.0,3.0,0.25,0.15151515151515152,0.005170630816959671,0.1428571428571428,0.14304184235106623,0.45454545454545436
graph_050_mu_0_2_node_448,32,0.2367816091954023,0.0023849280616771145,0.39330708661417324,2.5425425425425425,0.02563675939380045,19.0,13.0,1.461538461538461,0.40625,0.361111111111111,0.013485477178423242,0.2549019607843137,0.2553821794685146,0.5
graph_050_mu_0_2_node_449,32,0.32056451612903225,0.002174166113956139,0.383199079401611,2.6096096096096097,0.020865169099022186,22.0,10.0,2.1999999999999997,0.3125,0.35714285714285704,0.0102880658436214,0.18518518518518517,0.18555470702392585,0.7857142857142859
graph_050_mu_0_2_node_450,19,0.3742690058479532,0.0006510114122445206,0.3698630136986301,2.7037037037037037,0.016680661529245806,14.0,5.0,2.7999999999999994,0.2631578947368421,0.14705882352941177,0.005175983436853002,0.15151515151515152,0.15169983736452175,0.41176470588235303
graph_050_mu_0_2_node_451,24,0.3116883116883117,0.0016709351823728867,0.37206703910614525,2.6876876876876876,0.012894348436083216,15.0,9.0,1.666666666666667,0.375,0.5625,0.009146341463414632,0.2307692307692308,0.2311016407415299,0.875
graph_050_mu_0_2_node_452,18,0.09803921568627451,0.0014876555825200253,0.37955927051671734,2.6346346346346348,0.01131106021535446,6.0,12.0,0.5,0.6666666666666665,0.8571428571428571,0.012170385395537525,0.5,0.5004428697962799,0.42857142857142855
graph_050_mu_0_2_node_453,20,0.42105263157894735,0.000633622469240315,0.3667400881057269,2.7267267267267266,0.013477649602531163,16.0,4.0,4.0,0.20000000000000004,0.1428571428571428,0.004115226337448561,0.11111111111111115,0.11125888708273816,0.5714285714285712
graph_050_mu_0_2_node_454,30,0.3835978835978836,0.0011229616818728143,0.3852680293096799,2.5955955955955954,0.0381069743903413,23.0,7.0,3.2857142857142847,0.23333333333333336,0.17073170731707318,0.007299270072992702,0.1320754716981132,0.13233418478529949,0.5365853658536587
graph_050_mu_0_2_node_455,26,0.29347826086956524,0.0016056924139778027,0.3779795686719637,2.645645645645646,0.017589323725378764,16.0,10.0,1.6000000000000003,0.38461538461538475,0.4761904761904762,0.010214504596527068,0.2380952380952381,0.23846459615093718,0.7142857142857141
graph_050_mu_0_2_node_456,20,0.19607843137254902,0.0012310122351366839,0.37151357381926364,2.6916916916916915,0.012201003778048988,11.0,9.0,1.2222222222222217,0.4500000000000001,0.4736842105263158,0.009174311926605505,0.29032258064516125,0.2906548924274602,0.5263157894736842
graph_050_mu_0_2_node_457,21,0.26900584795321636,0.001032083135820349,0.3702742772424018,2.700700700700701,0.013910759707342533,14.0,7.0,2.0,0.33333333333333326,0.46666666666666673,0.007106598984771575,0.20000000000000004,0.200258541089566,0.8666666666666669
graph_050_mu_0_2_node_458,25,0.4980237154150198,0.0007798123953426,0.3668747704737422,2.725725725725726,0.013078646210686962,20.0,5.0,4.0,0.20000000000000004,0.2380952380952381,0.005107252298263534,0.11111111111111115,0.11129587885805316,0.904761904761905
graph_050_mu_0_2_node_459,29,0.39316239316239315,0.0015070370576502903,0.374578177727784,2.66966966966967,0.015871020502553203,22.0,7.0,3.1428571428571437,0.2413793103448275,0.3043478260869565,0.00716479017400205,0.13725490196078427,0.1375135959258236,0.9130434782608693
graph_050_mu_0_2_node_460,34,0.3065953654188948,0.0020875439582540727,0.3943939992104224,2.5355355355355353,0.06329503927729897,25.0,9.0,2.7777777777777777,0.2647058823529412,0.1875,0.00945378151260504,0.15254237288135597,0.152875028582705,0.5208333333333333
graph_050_mu_0_2_node_461,29,0.2512315270935961,0.0019517908833713395,0.3909980430528376,2.5575575575575575,0.021345405438974258,20.0,9.0,2.2222222222222223,0.31034482758620696,0.32142857142857145,0.009259259259259259,0.1836734693877551,0.18400600217918314,0.7142857142857141
graph_050_mu_0_2_node_462,43,0.27926829268292686,0.0037923586106618314,0.4056029232643118,2.4654654654654653,0.05310105549273742,30.0,13.0,2.307692307692307,0.3023255813953489,0.3170731707317073,0.013555787278415022,0.17808219178082188,0.1785628010454898,0.7073170731707316
graph_050_mu_0_2_node_463,36,0.28095238095238095,0.0023315996034646,0.39501779359430605,2.5315315315315314,0.039621983413421345,26.0,10.0,2.600000000000001,0.2777777777777778,0.20408163265306117,0.010515247108307044,0.16129032258064516,0.16165995368879923,0.5306122448979592
graph_050_mu_0_2_node_464,20,0.19607843137254902,0.001152017000796807,0.36660550458715596,2.7277277277277276,0.009610051303213683,11.0,9.0,1.2222222222222217,0.4500000000000001,0.4736842105263158,0.009174311926605505,0.29032258064516125,0.2906548924274602,0.5263157894736842
graph_050_mu_0_2_node_465,37,0.4009009009009009,0.0020315325157110433,0.3909980430528376,2.5575575575575575,0.03390787259176125,29.0,8.0,3.625,0.21621621621621626,0.24242424242424232,0.00827300930713547,0.12121212121212116,0.12150791356588891,0.8787878787878788
graph_050_mu_0_2_node_466,25,0.38333333333333336,0.0014417793737031173,0.37726586102719034,2.650650650650651,0.016682679431400588,17.0,8.0,2.125,0.32,0.3809523809523811,0.008171603677221655,0.19047619047619055,0.19077172058332006,0.8095238095238098
graph_050_mu_0_2_node_467,23,0.319047619047619,0.0014216092676685933,0.37528174305033807,2.664664664664665,0.014272928700180692,15.0,8.0,1.875,0.3478260869565216,0.5,0.008130081300813009,0.21052631578947364,0.2108218022340331,0.875
graph_050_mu_0_2_node_468,25,0.2450592885375494,0.0019078604608584542,0.38482280431432975,2.5985985985985987,0.01677775860786486,14.0,11.0,1.272727272727273,0.4400000000000001,0.7857142857142859,0.011156186612576061,0.282051282051282,0.28245750089245053,0.9285714285714288
graph_050_mu_0_2_node_469,21,0.2222222222222222,0.0013695704682696278,0.3697261287934863,2.704704704704705,0.009890930776473435,12.0,9.0,1.333333333333333,0.42857142857142855,0.6428571428571429,0.009127789046653149,0.2727272727272726,0.273059609051633,0.7857142857142859
graph_050_mu_0_2_node_470,17,0.45588235294117646,0.0004706139921174532,0.3614327062228654,2.7667667667667666,0.01503286865300492,13.0,4.0,3.25,0.23529411764705885,0.11111111111111115,0.004149377593360995,0.1333333333333333,0.13348107655561295,0.361111111111111
graph_050_mu_0_2_node_471,21,0.19523809523809524,0.001606069759571458,0.36958934517203107,2.705705705705706,0.013235252205415196,11.0,10.0,1.0999999999999999,0.4761904761904762,0.6666666666666665,0.010152284263959394,0.3125,0.31286922168069703,0.7333333333333332
graph_050_mu_0_2_node_472,20,0.3,0.000987639818091909,0.3755639097744361,2.6626626626626626,0.0193422256312181,12.0,8.0,1.5,0.4000000000000001,0.23529411764705885,0.008281573498964802,0.25,0.25029542097488916,0.3529411764705881
graph_050_mu_0_2_node_473,21,0.2761904761904762,0.0009843250292612415,0.37641296156744536,2.6566566566566565,0.025516859223933635,14.0,7.0,2.0,0.33333333333333326,0.1428571428571428,0.00736067297581493,0.20000000000000004,0.200258541089566,0.2857142857142856
graph_050_mu_0_2_node_474,25,0.308300395256917,0.0015560715176723523,0.37179010048381095,2.68968968968969,0.013059962295064342,17.0,8.0,2.125,0.32,0.4210526315789473,0.00815494393476045,0.19047619047619055,0.19077172058332006,0.8421052631578946
graph_050_mu_0_2_node_475,32,0.2782258064516129,0.0019486383374606715,0.3928430987023201,2.5455455455455454,0.054185930654267474,21.0,11.0,1.9090909090909096,0.34375,0.2291666666666666,0.011554621848739502,0.20754716981132082,0.20795359877862166,0.4375
graph_050_mu_0_2_node_476,27,0.25071225071225073,0.002039357847210506,0.38660990712074306,2.5865865865865865,0.025350141970028203,16.0,11.0,1.4545454545454546,0.4074074074074074,0.2558139534883721,0.011494252873563216,0.2558139534883721,0.2562202323434044,0.37209302325581384
graph_050_mu_0_2_node_477,24,0.39855072463768115,0.0007756606561124968,0.38202676864244745,2.6176176176176176,0.05023531492274045,18.0,6.0,3.0,0.25,0.125,0.006302521008403364,0.1428571428571428,0.14307882319409698,0.375
graph_050_mu_0_2_node_478,19,0.1871345029239766,0.0011961087927518568,0.3779795686719637,2.645645645645646,0.014339309882529412,10.0,9.0,1.1111111111111112,0.4736842105263158,0.4500000000000001,0.009183673469387756,0.31034482758620696,0.3106771148300688,0.5
graph_050_mu_0_2_node_479,34,0.23588709677419356,0.0027410616617978283,0.3881118881118881,2.5765765765765765,0.018381796148324515,23.0,11.0,2.09090909090909,0.3235294117647059,0.39285714285714296,0.01131687242798354,0.1929824561403509,0.19338894518362348,0.7857142857142859
graph_050_mu_0_2_node_480,24,0.3333333333333333,0.0012797887991178674,0.37220566318926973,2.6866866866866865,0.017381779810086477,16.0,8.0,2.0,0.33333333333333326,0.4000000000000001,0.008163265306122451,0.20000000000000004,0.20029550827423168,0.8000000000000002
graph_050_mu_0_2_node_481,27,0.2336182336182336,0.0018428862847051908,0.38766006984866125,2.5795795795795797,0.04197223780414999,17.0,10.0,1.6999999999999995,0.37037037037037035,0.20833333333333337,0.010504201680672266,0.22727272727272718,0.2276421126155168,0.3541666666666667
graph_050_mu_0_2_node_482,19,0.3391812865497076,0.0009252084483102515,0.36038961038961037,2.774774774774775,0.010490845397312043,12.0,7.0,1.7142857142857142,0.36842105263157887,0.36842105263157887,0.007135575942915391,0.2258064516129031,0.22606495451182865,0.6315789473684211
graph_050_mu_0_2_node_483,25,0.38735177865612647,0.000860213954535048,0.376271186440678,2.6576576576576576,0.02050729536234476,19.0,6.0,3.166666666666666,0.2400000000000001,0.18181818181818182,0.0062047569803516025,0.1363636363636363,0.1365853330825249,0.5454545454545452
graph_050_mu_0_2_node_484,17,0.5661764705882353,0.0005063369361212427,0.3592233009708738,2.7837837837837838,0.010615029194295833,14.0,3.0,4.666666666666667,0.17647058823529405,0.13043478260869562,0.0030706243602865923,0.09677419354838708,0.09688501324474115,0.608695652173913
graph_050_mu_0_2_node_485,25,0.3438735177865613,0.0009828097720467747,0.3754227733934611,2.6636636636636637,0.019357093548147845,18.0,7.0,2.5714285714285716,0.28000000000000014,0.20588235294117652,0.007246376811594205,0.1627906976744186,0.16304931517912916,0.5
graph_050_mu_0_2_node_486,25,0.33992094861660077,0.0016506589677555453,0.37443778110944526,2.670670670670671,0.012243004539716855,17.0,8.0,2.125,0.32,0.4210526315789473,0.00815494393476045,0.19047619047619055,0.19077172058332006,0.8421052631578946
graph_050_mu_0_2_node_487,35,0.26325757575757575,0.003065284897462978,0.39800796812749006,2.5125125125125125,0.03328086737969287,23.0,12.0,1.9166666666666672,0.34285714285714275,0.3076923076923076,0.012486992715920913,0.20689655172413793,0.20733997793062675,0.564102564102564
graph_050_mu_0_2_node_488,21,0.2761904761904762,0.001423513088941917,0.3731789316398954,2.67967967967968,0.011666921418010049,12.0,9.0,1.333333333333333,0.42857142857142855,0.4736842105263158,0.009174311926605505,0.2727272727272726,0.273059609051633,0.6315789473684211
graph_050_mu_0_2_node_489,29,0.3646723646723647,0.0012762682149947235,0.37387724550898205,2.674674674674675,0.021696156219157027,22.0,7.0,3.1428571428571437,0.2413793103448275,0.21212121212121207,0.007238883143743536,0.13725490196078427,0.1375135959258236,0.6363636363636365
graph_050_mu_0_2_node_490,25,0.3438735177865613,0.0012379855354655697,0.3710995542347697,2.694694694694695,0.014320565558654364,18.0,7.0,2.5714285714285716,0.28000000000000014,0.3499999999999999,0.007142857142857144,0.1627906976744186,0.16304931517912916,0.8499999999999998
graph_050_mu_0_2_node_491,24,0.2463768115942029,0.0017022572236188,0.38275862068965516,2.6126126126126126,0.018744092464028365,14.0,10.0,1.3999999999999997,0.41666666666666674,0.29411764705882354,0.010351966873706004,0.2631578947368421,0.26352719823045323,0.41176470588235303
graph_050_mu_0_2_node_492,17,0.3602941176470588,0.0009125554604740618,0.3607800650054171,2.7717717717717716,0.007319154219030899,12.0,5.0,2.399999999999999,0.29411764705882354,0.29411764705882354,0.005086469989827062,0.17241379310344834,0.17259845166975918,0.7058823529411762
graph_050_mu_0_2_node_493,40,0.26173541963015645,0.0031480386903225788,0.4023358840112767,2.4854854854854853,0.03374631465134175,26.0,14.0,1.8571428571428577,0.3499999999999999,0.42424242424242414,0.014477766287487072,0.21212121212121207,0.21263861917273102,0.7575757575757577
graph_050_mu_0_2_node_494,29,0.42610837438423643,0.001370781046589717,0.3774083868530412,2.6496496496496498,0.019996527151399497,22.0,7.0,3.1428571428571437,0.2413793103448275,0.25,0.007201646090534978,0.13725490196078427,0.1375135959258236,0.7857142857142859
graph_050_mu_0_2_node_495,19,0.42105263157894735,0.0006122277530102978,0.37082405345211583,2.6966966966966965,0.034897482265320086,15.0,4.0,3.75,0.21052631578947364,0.08333333333333331,0.0042016806722689065,0.11764705882352942,0.11779482387709428,0.3125
graph_050_mu_0_2_node_496,49,0.32192414431082333,0.003828149458111725,0.41195876288659794,2.4274274274274275,0.08150736279838224,37.0,12.0,3.083333333333334,0.24489795918367344,0.25,0.012605042016806728,0.13953488372093026,0.13997876919847704,0.75
graph_050_mu_0_2_node_497,22,0.30303030303030304,0.0009560718801963787,0.38349328214971207,2.6076076076076076,0.029988310658283068,14.0,8.0,1.75,0.36363636363636365,0.16326530612244897,0.008412197686645638,0.2222222222222223,0.22251768684033418,0.2857142857142856
graph_050_mu_0_2_node_498,26,0.3384615384615385,0.001569615430298428,0.38571428571428573,2.5925925925925926,0.03697035242277262,17.0,9.0,1.8888888888888888,0.34615384615384615,0.22500000000000006,0.009374999999999996,0.2093023255813953,0.2096347846704574,0.4249999999999999
graph_050_mu_0_2_node_499,21,0.5047619047619047,0.0006261317007450052,0.3682270549207519,2.715715715715716,0.029667320165127978,17.0,4.0,4.25,0.19047619047619055,0.09756097560975611,0.004171011470281544,0.10526315789473682,0.1054109447860396,0.41463414634146356
graph_050_mu_0_2_node_500,14,0.42857142857142855,0.00047687464152137385,0.36038961038961037,2.774774774774775,0.01470060692984192,10.0,4.0,2.5,0.2857142857142856,0.1025641025641026,0.004162330905306973,0.16666666666666663,0.1668143771541112,0.2564102564102564
graph_050_mu_0_2_node_501,17,0.375,0.0007180872442979171,0.36287686160552124,2.755755755755756,0.011010668074216292,12.0,5.0,2.399999999999999,0.29411764705882354,0.17857142857142852,0.0051440329218107,0.17241379310344834,0.17259845166975918,0.42857142857142855
graph_050_mu_0_2_node_502,20,0.18947368421052632,0.0017601126983507805,0.3754227733934611,2.6636636636636637,0.012522469579722372,10.0,10.0,1.0,0.5,0.625,0.010162601626016262,0.33333333333333326,0.33370252775111375,0.625
graph_050_mu_0_2_node_503,18,0.275,0.0009097881179687751,0.3706864564007421,2.6976976976976976,0.013144306149773816,11.0,7.0,1.5714285714285718,0.388888888888889,0.5,0.007099391480730219,0.2413793103448275,0.2416377941526634,0.7142857142857141
graph_050_mu_0_2_node_504,19,0.32748538011695905,0.0007070706866012627,0.37387724550898205,2.674674674674675,0.022134300031940238,13.0,6.0,2.166666666666667,0.31578947368421056,0.13953488372093026,0.006269592476489029,0.1875,0.18772159846358397,0.3023255813953489
graph_050_mu_0_2_node_505,32,0.3185483870967742,0.0019480113862862993,0.38275862068965516,2.6126126126126126,0.020343201152449714,25.0,7.0,3.5714285714285707,0.21875,0.20588235294117652,0.007246376811594205,0.1228070175438596,0.12306576888382194,0.7352941176470587
graph_050_mu_0_2_node_506,26,0.20923076923076922,0.002018826253127399,0.3893219017926734,2.5685685685685686,0.0204075619005543,14.0,12.0,1.1666666666666667,0.4615384615384616,0.42857142857142855,0.012345679012345677,0.2999999999999999,0.30044313146233387,0.5
graph_050_mu_0_2_node_507,26,0.27692307692307694,0.0018599432263950691,0.3821729150726855,2.6166166166166165,0.03248127074699527,16.0,10.0,1.6000000000000003,0.38461538461538475,0.25,0.010416666666666664,0.2380952380952381,0.23846459615093718,0.4000000000000001
graph_050_mu_0_2_node_508,22,0.30735930735930733,0.0010158080065893547,0.36958934517203107,2.705705705705706,0.015602964063775236,15.0,7.0,2.142857142857143,0.31818181818181823,0.25,0.007201646090534978,0.1891891891891892,0.18944774937830747,0.5357142857142857
graph_050_mu_0_2_node_509,15,0.38095238095238093,0.0006009186901044716,0.3571683947086164,2.7997997997998,0.008260235615197781,10.0,5.0,2.0,0.33333333333333326,0.3125,0.005081300813008131,0.20000000000000004,0.2001846312913113,0.625
graph_050_mu_0_2_node_510,34,0.28342245989304815,0.0025755497172296436,0.39611419508326723,2.5245245245245247,0.06143963718611953,22.0,12.0,1.8333333333333328,0.3529411764705881,0.25,0.012605042016806728,0.21428571428571427,0.21472910772349144,0.4583333333333332
graph_050_mu_0_2_node_511,32,0.25201612903225806,0.002449509552924464,0.3976910828025478,2.5145145145145147,0.027937829605295415,19.0,13.0,1.461538461538461,0.40625,0.3823529411764707,0.013457556935817802,0.2549019607843137,0.2553821794685146,0.5588235294117646
graph_050_mu_0_2_node_512,24,0.38961038961038963,0.0010862258029791412,0.3740172220142269,2.6736736736736737,0.0156373816062092,18.0,6.0,3.0,0.25,0.2857142857142856,0.0061287027579162425,0.1428571428571428,0.14307882319409698,0.8095238095238098
graph_050_mu_0_2_node_513,22,0.47186147186147187,0.0006521238335425108,0.36958934517203107,2.705705705705706,0.01948743171683758,18.0,4.0,4.5,0.18181818181818182,0.11111111111111115,0.004149377593360995,0.10000000000000002,0.10014779781259242,0.5
graph_050_mu_0_2_node_514,46,0.3140096618357488,0.003790367110082537,0.4065934065934066,2.4594594594594597,0.046303014509592545,34.0,12.0,2.8333333333333335,0.26086956521739124,0.3076923076923076,0.012486992715920913,0.14999999999999994,0.15044378698224853,0.8717948717948721
graph_050_mu_0_2_node_515,51,0.32908163265306123,0.004092528212398148,0.4157303370786517,2.4054054054054053,0.0705647392853966,38.0,13.0,2.923076923076922,0.2549019607843137,0.3250000000000001,0.01354166666666667,0.14606741573033707,0.1465483094528244,0.9250000000000003
graph_050_mu_0_2_node_516,29,0.31054131054131057,0.0015912145632554075,0.38482280431432975,2.5985985985985987,0.026904780712468438,19.0,10.0,1.8999999999999995,0.3448275862068967,0.2777777777777778,0.010373443983402487,0.20833333333333337,0.20870277326240091,0.5
graph_050_mu_0_2_node_517,25,0.30039525691699603,0.0009369787052029434,0.37192851824274015,2.6886886886886887,0.017718482383930968,20.0,5.0,4.0,0.20000000000000004,0.14705882352941177,0.005175983436853002,0.11111111111111115,0.11129587885805316,0.5588235294117646
graph_050_mu_0_2_node_518,36,0.26031746031746034,0.002471991015595742,0.3986432561851556,2.5085085085085086,0.04200473256592637,25.0,11.0,2.272727272727273,0.3055555555555554,0.22448979591836735,0.011566771819137752,0.180327868852459,0.18073441798946605,0.5102040816326533
graph_050_mu_0_2_node_519,32,0.3563218390804598,0.0014970787761862544,0.38992974238875877,2.5645645645645647,0.03844777274031522,25.0,7.0,3.5714285714285707,0.21875,0.1428571428571428,0.00736067297581493,0.1228070175438596,0.12306576888382194,0.48979591836734687
graph_050_mu_0_2_node_520,26,0.2898550724637681,0.0017002178861006362,0.37373737373737376,2.675675675675676,0.015088626989620256,17.0,9.0,1.8888888888888888,0.34615384615384615,0.4736842105263158,0.009174311926605505,0.2093023255813953,0.2096347846704574,0.8421052631578946
graph_050_mu_0_2_node_521,36,0.3047619047619048,0.0029584001288192594,0.404126213592233,2.4744744744744747,0.031821704487656644,25.0,11.0,2.272727272727273,0.3055555555555554,0.3055555555555554,0.011410788381742733,0.180327868852459,0.18073441798946605,0.6944444444444444
graph_050_mu_0_2_node_522,33,0.2481060606060606,0.0030012010672015223,0.40445344129554656,2.4724724724724725,0.029976666825258267,20.0,13.0,1.538461538461539,0.39393939393939387,0.39393939393939387,0.013443640124095137,0.24528301886792456,0.24576327303320591,0.6060606060606061
graph_050_mu_0_2_node_523,31,0.21428571428571427,0.0022134073684404922,0.3875096974398759,2.5805805805805804,0.020796506471637905,20.0,11.0,1.8181818181818175,0.3548387096774193,0.39285714285714296,0.01131687242798354,0.21568627450980402,0.21609267344577757,0.6785714285714288
graph_050_mu_0_2_node_524,20,0.22631578947368422,0.0010188414551815389,0.376271186440678,2.6576576576576576,0.018779622772072752,12.0,8.0,1.5,0.4000000000000001,0.18604651162790692,0.008359456635318702,0.25,0.25029542097488916,0.2790697674418605
graph_050_mu_0_2_node_525,25,0.25691699604743085,0.0011195214291128336,0.3757051523128996,2.6616616616616615,0.020779081434345516,17.0,8.0,2.125,0.32,0.18604651162790692,0.008359456635318702,0.19047619047619055,0.19077172058332006,0.37209302325581384
graph_050_mu_0_2_node_526,22,0.45021645021645024,0.0006112571801436034,0.3765548435733132,2.655655655655656,0.033591640745632756,17.0,5.0,3.399999999999999,0.22727272727272718,0.125,0.005208333333333332,0.1282051282051282,0.12838985499420713,0.4249999999999999
graph_050_mu_0_2_node_527,20,0.3202614379084967,0.0009234380961633669,0.36419978126139263,2.745745745745746,0.010058049667773917,14.0,6.0,2.3333333333333335,0.2999999999999999,0.2999999999999999,0.006122448979591837,0.17647058823529405,0.1766922030687136,0.6500000000000002
graph_050_mu_0_2_node_528,16,0.11666666666666667,0.001129415118768269,0.36958934517203107,2.705705705705706,0.00921753198214587,7.0,9.0,0.777777777777778,0.5625,0.6428571428571429,0.009127789046653149,0.3913043478260869,0.39163656147637665,0.5
graph_050_mu_0_2_node_529,20,0.33157894736842103,0.0010502298693890015,0.3649981731823164,2.73973973973974,0.011213675423566272,13.0,7.0,1.8571428571428577,0.3499999999999999,0.3499999999999999,0.007142857142857144,0.21212121212121207,0.2123797341140473,0.6500000000000002
graph_050_mu_0_2_node_530,19,0.3897058823529412,0.0007020674907284928,0.3588362068965517,2.7867867867867866,0.007656195630261998,14.0,5.0,2.7999999999999994,0.2631578947368421,0.29411764705882354,0.005086469989827062,0.15151515151515152,0.15169983736452175,0.7647058823529413
graph_050_mu_0_2_node_531,30,0.3544973544973545,0.0016618364814520888,0.38261202604366146,2.6136136136136137,0.023836065700478918,23.0,7.0,3.2857142857142847,0.23333333333333336,0.21212121212121207,0.007238883143743536,0.1320754716981132,0.13233418478529949,0.6666666666666665
graph_050_mu_0_2_node_532,25,0.233201581027668,0.001572303116196166,0.3751408186256102,2.665665665665666,0.012791128731229666,16.0,9.0,1.7777777777777783,0.36,0.4500000000000001,0.009183673469387756,0.21951219512195133,0.21984462965081752,0.75
graph_050_mu_0_2_node_533,22,0.329004329004329,0.0011603575893122586,0.37471867966991745,2.6686686686686687,0.021669361348997856,15.0,7.0,2.142857142857143,0.31818181818181823,0.1794871794871794,0.007284079084287201,0.1891891891891892,0.18944774937830747,0.38461538461538475
graph_050_mu_0_2_node_534,27,0.25666666666666665,0.0015510560942432342,0.3791271347248577,2.6376376376376376,0.023514125649858646,18.0,9.0,2.0,0.33333333333333326,0.2093023255813953,0.00940438871473354,0.20000000000000004,0.20033248365288706,0.3953488372093022
graph_050_mu_0_2_node_535,25,0.26877470355731226,0.0016848085091698505,0.3697261287934863,2.704704704704705,0.010877452572369346,16.0,9.0,1.7777777777777783,0.36,0.4736842105263158,0.009174311926605505,0.21951219512195133,0.21984462965081752,0.7894736842105262
graph_050_mu_0_2_node_536,36,0.3126984126984127,0.001885821508438455,0.3964285714285714,2.5225225225225225,0.06979844019447862,27.0,9.0,3.0,0.25,0.1875,0.00945378151260504,0.1428571428571428,0.14318984774790477,0.5625
graph_050_mu_0_2_node_537,23,0.4666666666666667,0.0008415721228272442,0.3601297764960346,2.7767767767767766,0.009058661198005889,19.0,4.0,4.75,0.1739130434782608,0.20000000000000004,0.004081632653061226,0.09523809523809527,0.09538590397359151,0.9000000000000002
graph_050_mu_0_2_node_538,19,0.34558823529411764,0.000708198192769536,0.36700955180014694,2.724724724724725,0.017239023270772546,13.0,6.0,2.166666666666667,0.31578947368421056,0.1538461538461538,0.006243496357960457,0.1875,0.18772159846358397,0.3076923076923076
graph_050_mu_0_2_node_539,26,0.28307692307692306,0.0013018421170746862,0.38841368584758945,2.5745745745745747,0.03084560296625534,18.0,8.0,2.25,0.3076923076923076,0.16326530612244897,0.008412197686645638,0.18181818181818182,0.18211373376143583,0.3673469387755102
graph_050_mu_0_2_node_540,38,0.28165007112375534,0.002322015585128097,0.4018503620273532,2.4884884884884886,0.06619838596814251,27.0,11.0,2.454545454545454,0.28947368421052644,0.2291666666666666,0.011554621848739502,0.16923076923076918,0.16963737847928148,0.5625
graph_050_mu_0_2_node_541,32,0.2942528735632184,0.0019815701874365795,0.3929976396538159,2.5445445445445447,0.05223993532130978,23.0,9.0,2.5555555555555567,0.28125,0.1875,0.00945378151260504,0.16363636363636364,0.16396897016284276,0.4583333333333332
graph_050_mu_0_2_node_542,41,0.26707317073170733,0.0033523727118572773,0.40478119935170176,2.4704704704704703,0.03759088990812448,29.0,12.0,2.4166666666666665,0.2926829268292682,0.2790697674418605,0.012539184952978058,0.17142857142857137,0.17187219434908896,0.6744186046511628
graph_050_mu_0_2_node_543,16,0.10833333333333334,0.0011973910538795288,0.3668747704737422,2.725725725725726,0.007984533410557198,6.0,10.0,0.5999999999999998,0.625,0.7142857142857141,0.010141987829614606,0.45454545454545436,0.4549145399518177,0.42857142857142855
graph_050_mu_0_2_node_544,30,0.4074074074074074,0.0014558588701658803,0.3781226343679031,2.6446446446446448,0.020343616905025477,22.0,8.0,2.75,0.2666666666666666,0.3478260869565216,0.00818833162743091,0.1538461538461538,0.15414179316618346,0.9130434782608693
graph_050_mu_0_2_node_545,25,0.308300395256917,0.0015392077108222109,0.38115223197252956,2.6236236236236237,0.016059245227148772,16.0,9.0,1.7777777777777783,0.36,0.5625,0.009146341463414632,0.21951219512195133,0.21984462965081752,0.9375
graph_050_mu_0_2_node_546,21,0.4327485380116959,0.0008515928975381994,0.36327272727272725,2.7527527527527527,0.010087544339294869,16.0,5.0,3.2000000000000006,0.2380952380952381,0.2173913043478261,0.00511770726714432,0.13513513513513511,0.13531984827562799,0.6521739130434784
graph_050_mu_0_2_node_547,28,0.21164021164021163,0.0017738052921229494,0.3948616600790514,2.5325325325325325,0.053150094150565104,16.0,12.0,1.333333333333333,0.42857142857142855,0.25,0.012605042016806728,0.2727272727272726,0.27317046965444064,0.33333333333333326
graph_050_mu_0_2_node_548,27,0.38666666666666666,0.0012958386722054242,0.3734579439252336,2.6776776776776776,0.01677597608346456,20.0,7.0,2.8571428571428563,0.2592592592592592,0.25,0.007201646090534978,0.148936170212766,0.14919482594199035,0.6785714285714288
graph_050_mu_0_2_node_549,35,0.3181818181818182,0.0017853286239859973,0.3908450704225352,2.5585585585585586,0.06011322433491241,26.0,9.0,2.888888888888888,0.2571428571428571,0.1875,0.00945378151260504,0.14754098360655735,0.14787366390079462,0.5208333333333333
graph_050_mu_0_2_node_550,20,0.3137254901960784,0.0010653398104956862,0.367414490621552,2.7217217217217216,0.01477269615278783,13.0,7.0,1.8571428571428577,0.3499999999999999,0.41176470588235303,0.007121057985757881,0.21212121212121207,0.2123797341140473,0.7058823529411762
graph_050_mu_0_2_node_551,22,0.22077922077922077,0.001689898260536755,0.38261202604366146,2.6136136136136137,0.015711653060165337,12.0,10.0,1.1999999999999995,0.45454545454545436,0.5882352941176471,0.010172939979654124,0.29411764705882354,0.294486896006464,0.7058823529411762
graph_050_mu_0_2_node_552,25,0.4189723320158103,0.0013978149975501521,0.3713754646840149,2.6926926926926926,0.014000321706064158,18.0,7.0,2.5714285714285716,0.28000000000000014,0.33333333333333326,0.007150153217568952,0.1627906976744186,0.16304931517912916,0.8095238095238098
graph_050_mu_0_2_node_553,27,0.36333333333333334,0.001519783671869464,0.37755102040816324,2.6486486486486487,0.014345110028939756,19.0,8.0,2.375,0.2962962962962963,0.4444444444444446,0.00814663951120163,0.1739130434782608,0.1742086172608664,1.0
graph_050_mu_0_2_node_554,33,0.25806451612903225,0.002318063277753462,0.39161113288906313,2.5535535535535536,0.02366940665788617,23.0,10.0,2.3,0.30303030303030304,0.29411764705882354,0.010351966873706004,0.17857142857142852,0.17894097772146547,0.6470588235294118
graph_050_mu_0_2_node_555,26,0.3384615384615385,0.0013098405142457636,0.37970353477765106,2.6336336336336337,0.01909039450424198,19.0,7.0,2.7142857142857153,0.2692307692307692,0.20588235294117652,0.007246376811594205,0.1555555555555555,0.15581419217111064,0.5588235294117646
graph_050_mu_0_2_node_556,27,0.3333333333333333,0.0017549109109730933,0.38261202604366146,2.6136136136136137,0.0210162149083808,17.0,10.0,1.6999999999999995,0.37037037037037035,0.4347826086956522,0.01023541453428864,0.22727272727272718,0.2276421126155168,0.7391304347826088
graph_050_mu_0_2_node_557,27,0.3561253561253561,0.0015989184476356342,0.3824655436447167,2.6146146146146148,0.027360377776764165,19.0,8.0,2.375,0.2962962962962963,0.2051282051282052,0.008324661810613946,0.1739130434782608,0.1742086172608664,0.48717948717948717
graph_050_mu_0_2_node_558,25,0.33666666666666667,0.0011603199965606163,0.374578177727784,2.66966966966967,0.017069021361445304,18.0,7.0,2.5714285714285716,0.28000000000000014,0.20588235294117652,0.007246376811594205,0.1627906976744186,0.16304931517912916,0.5294117647058824
graph_050_mu_0_2_node_559,16,0.2,0.0010032713763958921,0.3610408384531984,2.76976976976977,0.010718112253670918,9.0,7.0,1.2857142857142858,0.4375,0.5,0.007099391480730219,0.28000000000000014,0.2802584456341149,0.6428571428571429
graph_050_mu_0_2_node_560,24,0.21014492753623187,0.001946023073270802,0.38086160884483417,2.625625625625626,0.013973150823847058,12.0,12.0,1.0,0.5,0.6315789473684211,0.012232415902140673,0.33333333333333326,0.3337763993501699,0.6315789473684211
graph_050_mu_0_2_node_561,22,0.2510822510822511,0.0014014515783739479,0.3823191733639495,2.6156156156156154,0.02193536332614101,13.0,9.0,1.444444444444444,0.4090909090909091,0.2093023255813953,0.00940438871473354,0.2571428571428571,0.2574752180129041,0.3023255813953489
graph_050_mu_0_2_node_562,20,0.3473684210526316,0.0008373295434822881,0.3706864564007421,2.6976976976976976,0.023060333688470613,15.0,5.0,3.0,0.25,0.10204081632653059,0.005257623554153522,0.1428571428571428,0.14304184235106623,0.3061224489795918
graph_050_mu_0_2_node_563,26,0.3115942028985507,0.0014911474213956549,0.3784090909090909,2.6426426426426426,0.018068380282623062,18.0,8.0,2.25,0.3076923076923076,0.2857142857142856,0.008230452674897122,0.18181818181818182,0.18211373376143583,0.6071428571428571
graph_050_mu_0_2_node_564,35,0.1893939393939394,0.00322764612224418,0.4016887816646562,2.4894894894894897,0.027564835371204157,20.0,15.0,1.333333333333333,0.42857142857142855,0.44117647058823545,0.015527950310559004,0.2727272727272726,0.2732813712090429,0.5588235294117646
graph_050_mu_0_2_node_565,25,0.2490118577075099,0.001954708108702541,0.3792710706150342,2.6366366366366365,0.017229180781216737,15.0,10.0,1.5,0.4000000000000001,0.5,0.01020408163265306,0.25,0.25036933077263995,0.6999999999999998
graph_050_mu_0_2_node_566,21,0.42857142857142855,0.0009926183864710904,0.3689069423929099,2.710710710710711,0.01321249504951088,15.0,6.0,2.5,0.2857142857142856,0.31578947368421056,0.0061162079510703364,0.16666666666666663,0.1668882978723404,0.7894736842105262
graph_050_mu_0_2_node_567,20,0.3473684210526316,0.0010289739077145267,0.37220566318926973,2.6866866866866865,0.014463526344906405,13.0,7.0,1.8571428571428577,0.3499999999999999,0.36842105263157887,0.007135575942915391,0.21212121212121207,0.2123797341140473,0.6842105263157895
graph_050_mu_0_2_node_568,23,0.31620553359683795,0.0013060769733918042,0.3784090909090909,2.6426426426426426,0.01909005463848649,14.0,9.0,1.555555555555556,0.3913043478260869,0.3913043478260869,0.009211873080859774,0.24324324324324328,0.24357562866260277,0.608695652173913
graph_050_mu_0_2_node_569,24,0.4166666666666667,0.0008275613627181678,0.3729003359462486,2.6816816816816815,0.03159785037883707,19.0,5.0,3.799999999999999,0.20833333333333337,0.12195121951219516,0.005213764337851927,0.11627906976744187,0.11646382385974503,0.46341463414634165
graph_050_mu_0_2_node_570,25,0.2866666666666667,0.0013997926704438625,0.3786959818043973,2.640640640640641,0.019824283164505234,17.0,8.0,2.125,0.32,0.23529411764705885,0.008281573498964802,0.19047619047619055,0.19077172058332006,0.5
graph_050_mu_0_2_node_571,22,0.3246753246753247,0.0011955647817826597,0.37331838565022424,2.6786786786786787,0.026136963659964794,15.0,7.0,2.142857142857143,0.31818181818181823,0.17073170731707318,0.007299270072992702,0.1891891891891892,0.18944774937830747,0.36585365853658547
graph_050_mu_0_2_node_572,45,0.25757575757575757,0.004273722736564281,0.40758873929008566,2.4534534534534536,0.03756776042050385,31.0,14.0,2.2142857142857153,0.311111111111111,0.388888888888889,0.014522821576763488,0.18421052631578944,0.18472812465947486,0.8611111111111108
graph_050_mu_0_2_node_573,21,0.28095238095238095,0.0014966298262318347,0.3723443906075289,2.685685685685686,0.012960791403380785,12.0,9.0,1.333333333333333,0.42857142857142855,0.6428571428571429,0.009127789046653149,0.2727272727272726,0.273059609051633,0.8571428571428571
graph_050_mu_0_2_node_574,50,0.3484042553191489,0.004048467348495819,0.4141791044776119,2.4144144144144146,0.06349275539198557,38.0,12.0,3.166666666666666,0.2400000000000001,0.2926829268292682,0.012513034410844635,0.1363636363636363,0.13680755468266564,0.9024390243902439
graph_050_mu_0_2_node_575,46,0.2938689217758985,0.00318359320226287,0.4074225122349103,2.4544544544544546,0.08538670248561268,34.0,12.0,2.8333333333333335,0.26086956521739124,0.25,0.012605042016806728,0.14999999999999994,0.15044378698224853,0.6875
graph_050_mu_0_2_node_576,39,0.25975975975975973,0.0029951077785822697,0.4054383116883117,2.4664664664664664,0.038384288874076945,27.0,12.0,2.25,0.3076923076923076,0.2790697674418605,0.012539184952978058,0.18181818181818182,0.18226173914796676,0.6046511627906977
graph_050_mu_0_2_node_577,22,0.2813852813852814,0.001094349230086041,0.37712344280860705,2.6516516516516515,0.023483221958257448,14.0,8.0,1.75,0.36363636363636365,0.18604651162790692,0.008359456635318702,0.2222222222222223,0.22251768684033418,0.3255813953488372
graph_050_mu_0_2_node_578,18,0.4166666666666667,0.0006572051743067572,0.35627674750356636,2.8068068068068066,0.007530353266431086,14.0,4.0,3.5,0.2222222222222223,0.21052631578947364,0.004077471967380225,0.125,0.12514775413711582,0.6842105263157895
graph_050_mu_0_2_node_579,23,0.3380952380952381,0.001112992095678237,0.3679558011049724,2.7177177177177176,0.011176708852290973,16.0,7.0,2.2857142857142847,0.3043478260869565,0.388888888888889,0.007128309572301427,0.1794871794871794,0.17974575877867224,0.8333333333333335
graph_050_mu_0_2_node_580,33,0.3143939393939394,0.0023432243782153927,0.39548693586698336,2.5285285285285286,0.029532057316691153,22.0,11.0,2.0,0.33333333333333326,0.33333333333333326,0.01137538779731127,0.20000000000000004,0.20040645900306686,0.6666666666666665
graph_050_mu_0_2_node_581,27,0.38,0.0008600891518406267,0.37970353477765106,2.6336336336336337,0.040890707605605384,20.0,7.0,2.8571428571428563,0.2592592592592592,0.17499999999999996,0.007291666666666668,0.148936170212766,0.14919482594199035,0.47499999999999987
graph_050_mu_0_2_node_582,23,0.3380952380952381,0.001001346765223597,0.37712344280860705,2.6516516516516515,0.018226751582450434,16.0,7.0,2.2857142857142847,0.3043478260869565,0.33333333333333326,0.007150153217568952,0.1794871794871794,0.17974575877867224,0.7142857142857141
graph_050_mu_0_2_node_583,17,0.04411764705882353,0.0014635637857605677,0.3799923925446938,2.6316316316316315,0.013472122055399263,4.0,13.0,0.3076923076923076,0.7647058823529413,0.7647058823529413,0.013224821973550353,0.6190476190476188,0.6195273061440362,0.23529411764705885
graph_050_mu_0_2_node_584,30,0.35172413793103446,0.00144273453469401,0.3872093023255814,2.5825825825825826,0.026300412876206956,23.0,7.0,3.2857142857142847,0.23333333333333336,0.20588235294117652,0.007246376811594205,0.1320754716981132,0.13233418478529949,0.676470588235294
graph_050_mu_0_2_node_585,24,0.2318840579710145,0.0020684711840164957,0.3729003359462486,2.6816816816816815,0.011999563132188137,14.0,10.0,1.3999999999999997,0.41666666666666674,0.4761904761904762,0.010214504596527068,0.2631578947368421,0.26352719823045323,0.6666666666666665
graph_050_mu_0_2_node_586,25,0.29333333333333333,0.001734672899926614,0.38482280431432975,2.5985985985985987,0.02463540057410806,16.0,9.0,1.7777777777777783,0.36,0.2307692307692308,0.009365244536940686,0.21951219512195133,0.21984462965081752,0.4102564102564104
graph_050_mu_0_2_node_587,21,0.36257309941520466,0.0008669582501966112,0.3607800650054171,2.7717717717717716,0.010242068671773501,15.0,6.0,2.5,0.2857142857142856,0.2857142857142856,0.0061287027579162425,0.16666666666666663,0.1668882978723404,0.6666666666666665
graph_050_mu_0_2_node_588,36,0.26031746031746034,0.0026834281627221676,0.4033104561970125,2.4794794794794797,0.03502879647409983,24.0,12.0,2.0,0.33333333333333326,0.36363636363636365,0.012409513960703205,0.20000000000000004,0.20044345898004445,0.7272727272727273
graph_050_mu_0_2_node_589,17,0.17647058823529413,0.0012687512516484315,0.37096175269216486,2.695695695695696,0.008721845909495216,8.0,9.0,0.8888888888888892,0.5294117647058824,0.5294117647058824,0.00915564598168871,0.36,0.36033223817785814,0.4705882352941177
graph_050_mu_0_2_node_590,41,0.4143049932523617,0.0018586641279160936,0.39690107270560193,2.5195195195195197,0.055737997426983696,34.0,7.0,4.857142857142857,0.17073170731707318,0.17073170731707318,0.007299270072992702,0.09333333333333331,0.09359225695086619,0.8048780487804877
graph_050_mu_0_2_node_591,27,0.32666666666666666,0.0011511505869617887,0.38334612432847276,2.6086086086086087,0.0521219715542747,20.0,7.0,2.8571428571428563,0.2592592592592592,0.14583333333333334,0.007352941176470589,0.148936170212766,0.14919482594199035,0.39583333333333326
graph_050_mu_0_2_node_592,23,0.3,0.0014529066237907616,0.36958934517203107,2.705705705705706,0.010474190382908328,15.0,8.0,1.875,0.3478260869565216,0.4705882352941177,0.008138351983723298,0.21052631578947364,0.2108218022340331,0.8235294117647061
graph_050_mu_0_2_node_593,26,0.3076923076923077,0.001289322900008356,0.3776937618147448,2.6476476476476476,0.020551607947674477,19.0,7.0,2.7142857142857153,0.2692307692307692,0.20588235294117652,0.007246376811594205,0.1555555555555555,0.15581419217111064,0.5588235294117646
graph_050_mu_0_2_node_594,24,0.2813852813852814,0.001123924498166747,0.37898330804248864,2.6386386386386387,0.024444367399940055,14.0,10.0,1.3999999999999997,0.41666666666666674,0.4347826086956522,0.01023541453428864,0.2631578947368421,0.26352719823045323,0.5652173913043478
graph_050_mu_0_2_node_595,23,0.2134387351778656,0.0016008323069650174,0.374578177727784,2.66966966966967,0.014144545790363745,14.0,9.0,1.555555555555556,0.3913043478260869,0.32142857142857145,0.009259259259259259,0.24324324324324328,0.24357562866260277,0.5
graph_050_mu_0_2_node_596,23,0.30434782608695654,0.00129533320316733,0.37220566318926973,2.6866866866866865,0.01452392597923082,15.0,8.0,1.875,0.3478260869565216,0.4444444444444446,0.00814663951120163,0.21052631578947364,0.2108218022340331,0.8333333333333335
graph_050_mu_0_2_node_597,29,0.36752136752136755,0.0017126013207219874,0.3784090909090909,2.6426426426426426,0.01522312510579717,20.0,9.0,2.2222222222222223,0.31034482758620696,0.42857142857142855,0.009193054136874363,0.1836734693877551,0.18400600217918314,0.904761904761905
graph_050_mu_0_2_node_598,17,0.25,0.0011691716543805704,0.3578080229226361,2.794794794794795,0.007778635984374613,10.0,7.0,1.4285714285714282,0.41176470588235303,0.46666666666666673,0.007106598984771575,0.2592592592592592,0.25951772397882505,0.6666666666666665
graph_050_mu_0_2_node_599,21,0.38571428571428573,0.0010594377528931938,0.3679558011049724,2.7177177177177176,0.010857000497405468,15.0,6.0,2.5,0.2857142857142856,0.33333333333333326,0.006109979633401222,0.16666666666666663,0.1668882978723404,0.8333333333333335
graph_050_mu_0_2_node_600,29,0.33903133903133903,0.0019993750119544546,0.38057142857142856,2.6276276276276276,0.020014683940227155,20.0,9.0,2.2222222222222223,0.31034482758620696,0.32142857142857145,0.009259259259259259,0.1836734693877551,0.18400600217918314,0.6785714285714288
graph_050_mu_0_2_node_601,44,0.28339140534262486,0.0036923158178290573,0.40875613747954176,2.4464464464464464,0.05645788382043231,30.0,14.0,2.142857142857143,0.31818181818181823,0.34146341463414637,0.014598540145985404,0.1891891891891892,0.18970674926312636,0.7073170731707316
graph_050_mu_0_2_node_602,47,0.3373737373737374,0.003185007837877935,0.4036363636363636,2.4774774774774775,0.04577706435986691,37.0,10.0,3.700000000000001,0.2127659574468086,0.2564102564102564,0.010405827263267432,0.11904761904761905,0.11941755098014342,0.9230769230769232
graph_050_mu_0_2_node_603,22,0.42857142857142855,0.0007471418765876156,0.37276119402985075,2.6826826826826826,0.031246288414541003,17.0,5.0,3.399999999999999,0.22727272727272718,0.12195121951219516,0.005213764337851927,0.1282051282051282,0.12838985499420713,0.41463414634146356
graph_050_mu_0_2_node_604,16,0.175,0.0007586278197723767,0.36958934517203107,2.705705705705706,0.012749645343586156,8.0,8.0,1.0,0.5,0.2857142857142856,0.008230452674897122,0.33333333333333326,0.3336286670604451,0.2857142857142856
graph_050_mu_0_2_node_605,23,0.25296442687747034,0.0014305594004154212,0.38334612432847276,2.6086086086086087,0.017083894308452866,14.0,9.0,1.555555555555556,0.3913043478260869,0.2647058823529412,0.009316770186335404,0.24324324324324328,0.24357562866260277,0.41176470588235303
graph_050_mu_0_2_node_606,24,0.32608695652173914,0.0011666967362302788,0.3668747704737422,2.725725725725726,0.014203888516719474,16.0,8.0,2.0,0.33333333333333326,0.3478260869565216,0.00818833162743091,0.20000000000000004,0.20029550827423168,0.6956521739130432
graph_050_mu_0_2_node_607,22,0.18614718614718614,0.0017430272013880185,0.384526558891455,2.6006006006006004,0.016041924496030955,11.0,11.0,1.0,0.5,0.5499999999999999,0.011224489795918367,0.33333333333333326,0.33373946218694245,0.5499999999999999
graph_050_mu_0_2_node_608,30,0.4417989417989418,0.0011789234783836523,0.37955927051671734,2.6346346346346348,0.03954202158480957,24.0,6.0,4.0,0.20000000000000004,0.1463414634146341,0.006256517205422318,0.11111111111111115,0.11133288977600354,0.5609756097560974
graph_050_mu_0_2_node_609,23,0.2924901185770751,0.0012768065924709663,0.3757051523128996,2.6616616616616615,0.015462121058158222,16.0,7.0,2.2857142857142847,0.3043478260869565,0.25,0.007201646090534978,0.1794871794871794,0.17974575877867224,0.5714285714285712
graph_050_mu_0_2_node_610,19,0.36257309941520466,0.000923679263445587,0.36768494663231505,2.71971971971972,0.010458782731398922,13.0,6.0,2.166666666666667,0.31578947368421056,0.33333333333333326,0.006109979633401222,0.1875,0.18772159846358397,0.722222222222222
graph_050_mu_0_2_node_611,22,0.32105263157894737,0.0011485043390614506,0.3751408186256102,2.665665665665666,0.014491818171821798,15.0,7.0,2.142857142857143,0.31818181818181823,0.25,0.007201646090534978,0.1891891891891892,0.18944774937830747,0.5
graph_050_mu_0_2_node_612,24,0.42028985507246375,0.0006395019604603668,0.38086160884483417,2.625625625625626,0.033812756931909785,19.0,5.0,3.799999999999999,0.20833333333333337,0.10204081632653059,0.005257623554153522,0.11627906976744187,0.11646382385974503,0.38775510204081615
graph_050_mu_0_2_node_613,42,0.32868757259001163,0.0030797409345120776,0.40120481927710844,2.4924924924924925,0.05554133015175927,30.0,12.0,2.5,0.2857142857142856,0.2999999999999999,0.012500000000000002,0.16666666666666663,0.1671103223898255,0.75
graph_050_mu_0_2_node_614,37,0.3483483483483483,0.0022030762755828304,0.40428976123027116,2.4734734734734736,0.05355149622562354,26.0,11.0,2.3636363636363638,0.29729729729729737,0.27499999999999997,0.01145833333333333,0.17460317460317454,0.17500975379371242,0.6500000000000002
graph_050_mu_0_2_node_615,35,0.3106060606060606,0.0025088621460045515,0.392688679245283,2.5465465465465464,0.029315852667431756,23.0,12.0,1.9166666666666672,0.34285714285714275,0.4000000000000001,0.01237113402061856,0.20689655172413793,0.20733997793062675,0.7333333333333332
graph_050_mu_0_2_node_616,35,0.31932773109243695,0.002558065975504986,0.39377217185652347,2.5395395395395397,0.03159353085287877,25.0,10.0,2.5,0.2857142857142856,0.30303030303030304,0.010341261633919342,0.16666666666666663,0.16703627045140937,0.7575757575757577
graph_050_mu_0_2_node_617,46,0.3072463768115942,0.0035690903321127874,0.41400745959386653,2.4154154154154153,0.08925584315466902,33.0,13.0,2.538461538461539,0.2826086956521739,0.27083333333333337,0.013655462184873955,0.16455696202531647,0.16503767792222138,0.6875
graph_050_mu_0_2_node_618,22,0.3939393939393939,0.0008182315765691917,0.3755639097744361,2.6626626626626626,0.022147426313651086,17.0,5.0,3.399999999999999,0.22727272727272718,0.15151515151515152,0.005170630816959671,0.1282051282051282,0.12838985499420713,0.5151515151515154
graph_050_mu_0_2_node_619,24,0.3695652173913043,0.0011968609257600943,0.3758465011286682,2.660660660660661,0.015639819153746123,16.0,8.0,2.0,0.33333333333333326,0.4210526315789473,0.00815494393476045,0.20000000000000004,0.20029550827423168,0.8421052631578946
graph_050_mu_0_2_node_620,28,0.35714285714285715,0.0014786522332912429,0.38261202604366146,2.6136136136136137,0.02318139137181265,19.0,9.0,2.111111111111111,0.32142857142857145,0.3913043478260869,0.009211873080859774,0.19148936170212763,0.19182186992246977,0.8260869565217388
graph_050_mu_0_2_node_621,50,0.3351063829787234,0.003629564192006466,0.4095940959409594,2.4414414414414414,0.06390761785638165,38.0,12.0,3.166666666666666,0.2400000000000001,0.2926829268292682,0.012513034410844635,0.1363636363636363,0.13680755468266564,0.9024390243902439
graph_050_mu_0_2_node_622,23,0.32806324110671936,0.0015057456249465424,0.3781226343679031,2.6446446446446448,0.016181924027375123,15.0,8.0,1.875,0.3478260869565216,0.4210526315789473,0.00815494393476045,0.21052631578947364,0.2108218022340331,0.7894736842105262
graph_050_mu_0_2_node_623,22,0.2943722943722944,0.001407766099413091,0.37429748969651555,2.6716716716716715,0.013650803191611431,14.0,8.0,1.75,0.36363636363636365,0.4000000000000001,0.008163265306122451,0.2222222222222223,0.22251768684033418,0.6999999999999998
graph_050_mu_0_2_node_624,29,0.3162393162393162,0.0018300389028449717,0.3854166666666667,2.5945945945945947,0.022229820478546044,20.0,9.0,2.2222222222222223,0.31034482758620696,0.25,0.009336099585062239,0.1836734693877551,0.18400600217918314,0.5277777777777778
graph_050_mu_0_2_node_625,42,0.3588850174216028,0.002493056622357637,0.4057676685621446,2.4644644644644647,0.05985916942843817,32.0,10.0,3.2000000000000006,0.2380952380952381,0.25,0.010416666666666664,0.13513513513513511,0.13550493026863114,0.8000000000000002
graph_050_mu_0_2_node_626,18,0.41830065359477125,0.0007203140937671956,0.3614327062228654,2.7667667667667666,0.010629164968675204,13.0,5.0,2.600000000000001,0.2777777777777778,0.2380952380952381,0.005107252298263534,0.16129032258064516,0.161474994787478,0.6190476190476188
graph_050_mu_0_2_node_627,29,0.1748768472906404,0.0025118717055604305,0.3928430987023201,2.5455455455455454,0.02323510325210064,16.0,13.0,1.2307692307692304,0.44827586206896536,0.4642857142857144,0.013374485596707815,0.2888888888888888,0.28936900116129716,0.5714285714285712
graph_050_mu_0_2_node_628,21,0.2222222222222222,0.001347043076222468,0.3671444321940463,2.7237237237237237,0.009509618371519528,13.0,8.0,1.625,0.3809523809523811,0.4000000000000001,0.008163265306122451,0.23529411764705885,0.23558956044194762,0.5999999999999998
graph_050_mu_0_2_node_629,21,0.27485380116959063,0.0011560901246153636,0.3704115684093437,2.6996996996997,0.012961434189541791,13.0,8.0,1.625,0.3809523809523811,0.5714285714285712,0.008113590263691683,0.23529411764705885,0.23558956044194762,0.8571428571428571
graph_050_mu_0_2_node_630,18,0.3137254901960784,0.0008459790793950663,0.36836283185840707,2.714714714714715,0.012923668018764217,11.0,7.0,1.5714285714285718,0.388888888888889,0.33333333333333326,0.007150153217568952,0.2413793103448275,0.2416377941526634,0.5238095238095238
graph_050_mu_0_2_node_631,30,0.3333333333333333,0.0019056019791765318,0.37528174305033807,2.664664664664665,0.014765956204022157,21.0,9.0,2.3333333333333335,0.2999999999999999,0.3913043478260869,0.009211873080859774,0.17647058823529405,0.1768031456014398,0.8695652173913044
graph_050_mu_0_2_node_632,27,0.29333333333333333,0.0014242364297956886,0.3875096974398759,2.5805805805805804,0.050591453378399216,19.0,8.0,2.375,0.2962962962962963,0.16666666666666663,0.008403361344537813,0.1739130434782608,0.1742086172608664,0.375
graph_050_mu_0_2_node_633,15,0.2564102564102564,0.0005965803551468684,0.35250529287226534,2.8368368368368366,0.0055942158599270155,10.0,5.0,2.0,0.33333333333333326,0.3125,0.005081300813008131,0.20000000000000004,0.2001846312913113,0.5625
graph_050_mu_0_2_node_634,27,0.23666666666666666,0.0018149760033705587,0.3867595818815331,2.5855855855855854,0.021233874769358736,15.0,12.0,1.25,0.4444444444444446,0.5217391304347825,0.01228249744114637,0.2857142857142856,0.28615744990661884,0.608695652173913
graph_050_mu_0_2_node_635,16,0.16666666666666666,0.0011090756700062483,0.36235038084874865,2.75975975975976,0.00758275494072149,8.0,8.0,1.0,0.5,0.5714285714285712,0.008113590263691683,0.33333333333333326,0.3336286670604451,0.5714285714285712
graph_050_mu_0_2_node_636,26,0.2427536231884058,0.0021350300689916835,0.37826580840590684,2.6436436436436437,0.014536446625142231,16.0,10.0,1.6000000000000003,0.38461538461538475,0.5,0.01020408163265306,0.2380952380952381,0.23846459615093718,0.75
graph_050_mu_0_2_node_637,19,0.3508771929824561,0.0009017518598835951,0.36660550458715596,2.7277277277277276,0.01269091163436661,12.0,7.0,1.7142857142857142,0.36842105263157887,0.33333333333333326,0.007150153217568952,0.2258064516129031,0.22606495451182865,0.5714285714285712
graph_050_mu_0_2_node_638,16,0.43333333333333335,0.000592043452108701,0.35325318246110327,2.830830830830831,0.00813381019201124,11.0,5.0,2.1999999999999997,0.3125,0.35714285714285704,0.005070993914807303,0.18518518518518517,0.18536983011298908,0.7857142857142859
graph_050_mu_0_2_node_639,34,0.29233511586452765,0.002014970255418024,0.3939274447949527,2.5385385385385386,0.039139609932950334,26.0,8.0,3.25,0.23529411764705885,0.16326530612244897,0.008412197686645638,0.1333333333333333,0.1336290600818177,0.5306122448979592
graph_050_mu_0_2_node_640,21,0.2714285714285714,0.0011991030251421928,0.37331838565022424,2.6786786786786787,0.01388189300413579,13.0,8.0,1.625,0.3809523809523811,0.4000000000000001,0.008163265306122451,0.23529411764705885,0.23558956044194762,0.6500000000000002
graph_050_mu_0_2_node_641,28,0.4246153846153846,0.0013320727681498917,0.36849870896348214,2.7137137137137137,0.013951457265298641,22.0,6.0,3.6666666666666656,0.21428571428571427,0.26086956521739124,0.006141248720573185,0.12000000000000005,0.12022174587922235,0.9130434782608693
graph_050_mu_0_2_node_642,30,0.3563218390804598,0.0013608174942700674,0.3867595818815331,2.5855855855855854,0.06200231392186763,23.0,7.0,3.2857142857142847,0.23333333333333336,0.14583333333333334,0.007352941176470589,0.1320754716981132,0.13233418478529949,0.4791666666666668
graph_050_mu_0_2_node_643,21,0.4142857142857143,0.0010150760426071164,0.3712374581939799,2.6936936936936937,0.011678011608804606,15.0,6.0,2.5,0.2857142857142856,0.33333333333333326,0.006109979633401222,0.16666666666666663,0.1668882978723404,0.8333333333333335
graph_050_mu_0_2_node_644,18,0.20915032679738563,0.0010963280527343559,0.3668747704737422,2.725725725725726,0.010616568459146032,11.0,7.0,1.5714285714285718,0.388888888888889,0.41176470588235303,0.007121057985757881,0.2413793103448275,0.2416377941526634,0.6470588235294118
graph_050_mu_0_2_node_645,21,0.32748538011695905,0.0010903199256167876,0.3716517857142857,2.690690690690691,0.020001146128402297,13.0,8.0,1.625,0.3809523809523811,0.5714285714285712,0.008113590263691683,0.23529411764705885,0.23558956044194762,0.8571428571428571
graph_050_mu_0_2_node_646,26,0.40942028985507245,0.0008547150310193758,0.37641296156744536,2.6566566566566565,0.02133008826200588,20.0,6.0,3.333333333333334,0.2307692307692308,0.20000000000000004,0.00618556701030928,0.13043478260869562,0.13065649571194007,0.6333333333333331
graph_050_mu_0_2_node_647,27,0.31,0.0020211628138793853,0.37612951807228917,2.6586586586586587,0.013142548609483683,18.0,9.0,2.0,0.33333333333333326,0.5294117647058824,0.00915564598168871,0.20000000000000004,0.20033248365288706,1.0
graph_050_mu_0_2_node_648,31,0.3817733990147783,0.0019740509957518124,0.38100686498855835,2.6246246246246248,0.01861041473789603,23.0,8.0,2.875,0.25806451612903214,0.3478260869565216,0.00818833162743091,0.14814814814814814,0.1484438093204447,0.956521739130435
graph_050_mu_0_2_node_649,48,0.2995169082125604,0.0032566524652439923,0.4102669404517454,2.4374374374374375,0.08957687894224285,36.0,12.0,3.0,0.25,0.25,0.012605042016806728,0.1428571428571428,0.14330099549806613,0.7291666666666665
graph_050_mu_0_2_node_650,27,0.396011396011396,0.0014908473096079023,0.376271186440678,2.6576576576576576,0.020734618543587123,20.0,7.0,2.8571428571428563,0.2592592592592592,0.23333333333333336,0.007216494845360826,0.148936170212766,0.14919482594199035,0.6666666666666665
graph_050_mu_0_2_node_651,27,0.28774928774928776,0.001721997195274697,0.38144329896907214,2.6216216216216215,0.018109064163621586,19.0,8.0,2.375,0.2962962962962963,0.2857142857142856,0.008230452674897122,0.1739130434782608,0.1742086172608664,0.6785714285714288
graph_050_mu_0_2_node_652,29,0.48717948717948717,0.0009680209255215017,0.37955927051671734,2.6346346346346348,0.025040541836809264,24.0,5.0,4.799999999999998,0.17241379310344834,0.16666666666666663,0.005154639175257731,0.09433962264150944,0.09452444502719677,0.7666666666666668
graph_050_mu_0_2_node_653,29,0.3190883190883191,0.0019401382828908326,0.37726586102719034,2.650650650650651,0.013426937474776305,19.0,10.0,1.8999999999999995,0.3448275862068967,0.5555555555555556,0.010183299389002034,0.20833333333333337,0.20870277326240091,1.0
graph_050_mu_0_2_node_654,37,0.3697478991596639,0.0014534605031813691,0.3906922174423152,2.5595595595595597,0.06486961283749543,30.0,7.0,4.285714285714286,0.1891891891891892,0.14583333333333334,0.007352941176470589,0.10447761194029853,0.1047364589617088,0.6041666666666666
graph_050_mu_0_2_node_655,21,0.3742690058479532,0.001016104514894415,0.3664710198092443,2.7287287287287287,0.011419531276398357,15.0,6.0,2.5,0.2857142857142856,0.33333333333333326,0.006109979633401222,0.16666666666666663,0.1668882978723404,0.777777777777778
graph_050_mu_0_2_node_656,21,0.5142857142857142,0.0006329977593754789,0.36782032400589104,2.7187187187187187,0.0159116268247647,17.0,4.0,4.25,0.19047619047619055,0.1739130434782608,0.004094165813715455,0.10526315789473682,0.1054109447860396,0.7391304347826088
graph_050_mu_0_2_node_657,40,0.3029871977240398,0.0027635944650028403,0.4074225122349103,2.4544544544544546,0.05580326381978369,28.0,12.0,2.3333333333333335,0.2999999999999999,0.2999999999999999,0.012500000000000002,0.17647058823529405,0.17691417835802078,0.6750000000000002
graph_050_mu_0_2_node_658,31,0.27832512315270935,0.002148678116554434,0.3837879369957741,2.6056056056056054,0.01793364737770001,21.0,10.0,2.100000000000001,0.3225806451612903,0.35714285714285704,0.0102880658436214,0.19230769230769237,0.19267718683917326,0.7142857142857141
graph_050_mu_0_2_node_659,21,0.36257309941520466,0.0008626036745767483,0.3618254255704455,2.7637637637637638,0.010019481349865543,15.0,6.0,2.5,0.2857142857142856,0.3529411764705881,0.006103763987792472,0.16666666666666663,0.1668882978723404,0.8235294117647061
graph_050_mu_0_2_node_660,20,0.3684210526315789,0.000969159150828512,0.3668747704737422,2.725725725725726,0.01157564776232608,14.0,6.0,2.3333333333333335,0.2999999999999999,0.26086956521739124,0.006141248720573185,0.17647058823529405,0.1766922030687136,0.608695652173913
graph_050_mu_0_2_node_661,36,0.2798573975044563,0.003124031327964794,0.3943939992104224,2.5355355355355353,0.02372745250274723,25.0,11.0,2.272727272727273,0.3055555555555554,0.39285714285714296,0.01131687242798354,0.180327868852459,0.18073441798946605,0.8571428571428571
graph_050_mu_0_2_node_662,23,0.319047619047619,0.001208953221654013,0.37013708781030014,2.7017017017017015,0.01189807196433622,17.0,6.0,2.8333333333333335,0.26086956521739124,0.2999999999999999,0.006122448979591837,0.14999999999999994,0.15022166395744052,0.8000000000000002
graph_050_mu_0_2_node_663,25,0.28063241106719367,0.00147772352555074,0.3778366111951589,2.6466466466466465,0.015202388904955393,17.0,8.0,2.125,0.32,0.4000000000000001,0.008163265306122451,0.19047619047619055,0.19077172058332006,0.8000000000000002
graph_050_mu_0_2_node_664,23,0.3359683794466403,0.0015495949916236962,0.37641296156744536,2.6566566566566565,0.015285599844541467,15.0,8.0,1.875,0.3478260869565216,0.3478260869565216,0.00818833162743091,0.21052631578947364,0.2108218022340331,0.6521739130434784
graph_050_mu_0_2_node_665,28,0.3783068783068783,0.0013153406421429928,0.3779795686719637,2.645645645645646,0.021477646141444783,21.0,7.0,3.0,0.25,0.23333333333333336,0.007216494845360826,0.1428571428571428,0.14311581770286178,0.6999999999999998
graph_050_mu_0_2_node_666,34,0.31907308377896615,0.0023132236419845876,0.39627132090440303,2.5235235235235236,0.03889723720865057,23.0,11.0,2.09090909090909,0.3235294117647059,0.282051282051282,0.011446409989594173,0.1929824561403509,0.19338894518362348,0.5897435897435896
graph_050_mu_0_2_node_667,30,0.2827586206896552,0.0018587593909563586,0.3906922174423152,2.5595595595595597,0.026349970534449974,21.0,9.0,2.3333333333333335,0.2999999999999999,0.2647058823529412,0.009316770186335404,0.17647058823529405,0.1768031456014398,0.6176470588235293
graph_050_mu_0_2_node_668,36,0.33174603174603173,0.0028389113883863287,0.3997599039615846,2.5015015015015014,0.03012097740456349,26.0,10.0,2.600000000000001,0.2777777777777778,0.30303030303030304,0.010341261633919342,0.16129032258064516,0.16165995368879923,0.7878787878787877
graph_050_mu_0_2_node_669,34,0.31016042780748665,0.0027509943289799996,0.3958003169572108,2.5265265265265264,0.027242349217858463,22.0,12.0,1.8333333333333328,0.3529411764705881,0.4000000000000001,0.01237113402061856,0.21428571428571427,0.21472910772349144,0.7333333333333332
graph_050_mu_0_2_node_670,32,0.3709677419354839,0.0018258537221652338,0.3914576802507837,2.5545545545545547,0.059140136447781995,24.0,8.0,3.0,0.25,0.16666666666666663,0.008403361344537813,0.1428571428571428,0.14315282588493705,0.5
graph_050_mu_0_2_node_671,26,0.25846153846153846,0.0014082982984105956,0.3854166666666667,2.5945945945945947,0.02485985623606282,16.0,10.0,1.6000000000000003,0.38461538461538475,0.30303030303030304,0.010341261633919342,0.2380952380952381,0.23846459615093718,0.48484848484848464
graph_050_mu_0_2_node_672,38,0.35555555555555557,0.002041090360958842,0.39737470167064437,2.5165165165165164,0.07514806175844645,28.0,10.0,2.7999999999999994,0.2631578947368421,0.20833333333333337,0.010504201680672266,0.15151515151515152,0.1518848372822495,0.5625
graph_050_mu_0_2_node_673,23,0.31620553359683795,0.0014697696355076817,0.3758465011286682,2.660660660660661,0.01516179352567291,15.0,8.0,1.875,0.3478260869565216,0.4705882352941177,0.008138351983723298,0.21052631578947364,0.2108218022340331,0.8823529411764709
graph_050_mu_0_2_node_674,22,0.33766233766233766,0.0008281902242144499,0.3769811320754717,2.6526526526526526,0.02269102561781789,15.0,7.0,2.142857142857143,0.31818181818181823,0.20588235294117652,0.007246376811594205,0.1891891891891892,0.18944774937830747,0.44117647058823545
graph_050_mu_0_2_node_675,39,0.33468286099865047,0.0028897483862565204,0.3984842441164739,2.5095095095095097,0.03216652711363864,30.0,9.0,3.333333333333334,0.2307692307692308,0.25,0.009336099585062239,0.13043478260869562,0.13076756131085873,0.8333333333333335
graph_050_mu_0_2_node_676,50,0.3093877551020408,0.003620704559504365,0.4153846153846154,2.4074074074074074,0.08359446708170748,38.0,12.0,3.166666666666666,0.2400000000000001,0.25,0.012605042016806728,0.1363636363636363,0.13680755468266564,0.7916666666666665
graph_050_mu_0_2_node_677,20,0.2789473684210526,0.0016824809967832892,0.36931608133086874,2.7077077077077076,0.011254309273467523,12.0,8.0,1.5,0.4000000000000001,0.5333333333333332,0.008121827411167511,0.25,0.25029542097488916,0.8000000000000002
graph_050_mu_0_2_node_678,27,0.35333333333333333,0.0010792121239746376,0.37955927051671734,2.6346346346346348,0.037249840045913585,19.0,8.0,2.375,0.2962962962962963,0.20000000000000004,0.008333333333333331,0.1739130434782608,0.1742086172608664,0.4500000000000001
graph_050_mu_0_2_node_679,43,0.3207317073170732,0.002926713072166068,0.3976910828025478,2.5145145145145147,0.03658381591326273,32.0,11.0,2.909090909090909,0.2558139534883721,0.3055555555555554,0.011410788381742733,0.1466666666666667,0.14707342627174005,0.8611111111111108
graph_050_mu_0_2_node_680,46,0.32346723044397463,0.0036987512152483774,0.4057676685621446,2.4644644644644647,0.04486928064436249,34.0,12.0,2.8333333333333335,0.26086956521739124,0.3076923076923076,0.012486992715920913,0.14999999999999994,0.15044378698224853,0.8461538461538461
graph_050_mu_0_2_node_681,19,0.29239766081871343,0.0011632838037689789,0.3751408186256102,2.665665665665666,0.013785189730540177,12.0,7.0,1.7142857142857142,0.36842105263157887,0.36842105263157887,0.007135575942915391,0.2258064516129031,0.22606495451182865,0.6315789473684211
graph_050_mu_0_2_node_682,47,0.32192414431082333,0.004081656646629537,0.4121287128712871,2.4264264264264264,0.061703754108250845,34.0,13.0,2.6153846153846154,0.27659574468085113,0.3170731707317073,0.013555787278415022,0.16049382716049382,0.16097457861199335,0.8292682926829271
graph_050_mu_0_2_node_683,25,0.33992094861660077,0.001010622077437805,0.37096175269216486,2.695695695695696,0.017823897953033258,18.0,7.0,2.5714285714285716,0.28000000000000014,0.23333333333333336,0.007216494845360826,0.1627906976744186,0.16304931517912916,0.5666666666666665
graph_050_mu_0_2_node_684,22,0.22631578947368422,0.0015092807399879873,0.36931608133086874,2.7077077077077076,0.011666569829126961,13.0,9.0,1.444444444444444,0.4090909090909091,0.4736842105263158,0.009174311926605505,0.2571428571428571,0.2574752180129041,0.6315789473684211
graph_050_mu_0_2_node_685,40,0.33589743589743587,0.0030727434052299435,0.3991210547343188,2.5055055055055053,0.03287079890507851,29.0,11.0,2.6363636363636362,0.27499999999999997,0.33333333333333326,0.01137538779731127,0.15942028985507245,0.15982695923286833,0.8787878787878788
graph_050_mu_0_2_node_686,17,0.29411764705882354,0.0008468277098703454,0.36314067611777534,2.7537537537537538,0.0074396456506870086,12.0,5.0,2.399999999999999,0.29411764705882354,0.35714285714285704,0.005070993914807303,0.17241379310344834,0.17259845166975918,0.8571428571428571
graph_050_mu_0_2_node_687,54,0.2171945701357466,0.006021461566809795,0.42366412213740456,2.3603603603603602,0.080179312605247,36.0,18.0,2.0,0.33333333333333326,0.375,0.01890756302521008,0.20000000000000004,0.20066563124029285,0.7291666666666665
graph_050_mu_0_2_node_688,26,0.3169230769230769,0.0013977290928031648,0.3851195065535852,2.5965965965965965,0.026571353343424014,16.0,10.0,1.6000000000000003,0.38461538461538475,0.2777777777777778,0.010373443983402487,0.2380952380952381,0.23846459615093718,0.4444444444444446
graph_050_mu_0_2_node_689,40,0.26458036984352773,0.0028303952333639114,0.4065934065934066,2.4594594594594597,0.06893704078644543,28.0,12.0,2.3333333333333335,0.2999999999999999,0.25,0.012605042016806728,0.17647058823529405,0.17691417835802078,0.5625
graph_050_mu_0_2_node_690,40,0.30256410256410254,0.0030262279233659738,0.3996,2.5025025025025025,0.031552059371689194,28.0,12.0,2.3333333333333335,0.2999999999999999,0.36363636363636365,0.012409513960703205,0.17647058823529405,0.17691417835802078,0.8484848484848483
graph_050_mu_0_2_node_691,42,0.3600464576074332,0.002368512364320453,0.399919935948759,2.5005005005005003,0.0817730111432408,33.0,9.0,3.6666666666666656,0.21428571428571427,0.1875,0.00945378151260504,0.12000000000000005,0.12033285254632194,0.6875
graph_050_mu_0_2_node_692,29,0.42165242165242167,0.0015140566828801773,0.3766968325791855,2.6546546546546548,0.017980302685372054,22.0,7.0,3.1428571428571437,0.2413793103448275,0.3043478260869565,0.00716479017400205,0.13725490196078427,0.1375135959258236,0.9130434782608693
graph_050_mu_0_2_node_693,22,0.42424242424242425,0.0009455343977245173,0.36768494663231505,2.71971971971972,0.012552305758753358,16.0,6.0,2.666666666666666,0.2727272727272726,0.31578947368421056,0.0061162079510703364,0.15789473684210528,0.15811638442245252,0.8421052631578946
graph_050_mu_0_2_node_694,35,0.2784090909090909,0.0027694119596899974,0.39832535885167464,2.5105105105105103,0.03320363428047266,22.0,13.0,1.6923076923076923,0.37142857142857155,0.4642857142857144,0.013374485596707815,0.22807017543859642,0.2285505005817704,0.75
graph_050_mu_0_2_node_695,42,0.2346109175377468,0.003450492043756509,0.40976210008203445,2.4404404404404403,0.06622772567413744,29.0,13.0,2.23076923076923,0.3095238095238094,0.27083333333333337,0.013655462184873955,0.18309859154929584,0.18357916528039636,0.6041666666666666
graph_050_mu_0_2_node_696,36,0.2634920634920635,0.002538353453855374,0.39737470167064437,2.5165165165165164,0.03457445460766384,26.0,10.0,2.600000000000001,0.2777777777777778,0.23255813953488375,0.010449320794148379,0.16129032258064516,0.16165995368879923,0.6046511627906977
graph_050_mu_0_2_node_697,25,0.25,0.0019432473785228313,0.37855248200075786,2.6416416416416415,0.01418498011301966,15.0,10.0,1.5,0.4000000000000001,0.5555555555555556,0.010183299389002034,0.25,0.25036933077263995,0.8333333333333335
graph_050_mu_0_2_node_698,43,0.28460686600221485,0.003737844463505207,0.4090909090909091,2.4444444444444446,0.039457202428280345,30.0,13.0,2.307692307692307,0.3023255813953489,0.3823529411764707,0.013457556935817802,0.17808219178082188,0.1785628010454898,0.8823529411764709
graph_050_mu_0_2_node_699,43,0.2865853658536585,0.003345911927717992,0.40056134723336007,2.4964964964964964,0.03097403077715601,32.0,11.0,2.909090909090909,0.2558139534883721,0.3235294117647059,0.011387163561076604,0.1466666666666667,0.14707342627174005,0.9117647058823531
graph_050_mu_0_2_node_700,21,0.38095238095238093,0.0008674194875652443,0.3754227733934611,2.6636636636636637,0.018982823413279146,16.0,5.0,3.2000000000000006,0.2380952380952381,0.15151515151515152,0.005170630816959671,0.13513513513513511,0.13531984827562799,0.48484848484848464
graph_050_mu_0_2_node_701,21,0.5,0.00042972929704951677,0.37013708781030014,2.7017017017017015,0.046840996324907076,18.0,3.0,6.0,0.1428571428571428,0.0625,0.003151260504201682,0.0769230769230769,0.0770339293784588,0.375
graph_050_mu_0_2_node_702,24,0.35144927536231885,0.0011463329460579923,0.3765548435733132,2.655655655655656,0.0197557055388138,17.0,7.0,2.4285714285714284,0.2916666666666667,0.21212121212121207,0.007238883143743536,0.17073170731707318,0.17099030571376309,0.5151515151515154
graph_050_mu_0_2_node_703,37,0.2882882882882883,0.0024656465441457074,0.39721669980119284,2.5175175175175175,0.03403303539144044,27.0,10.0,2.7000000000000006,0.27027027027027023,0.23255813953488375,0.010449320794148379,0.15625,0.1566196584356055,0.627906976744186
graph_050_mu_0_2_node_704,26,0.3415384615384615,0.0011732750099541149,0.37970353477765106,2.6336336336336337,0.022703051924897213,18.0,8.0,2.25,0.3076923076923076,0.23529411764705885,0.008281573498964802,0.18181818181818182,0.18211373376143583,0.5294117647058824
graph_050_mu_0_2_node_705,29,0.4358974358974359,0.0012349466538570369,0.3734579439252336,2.6776776776776776,0.018079939165250174,22.0,7.0,3.1428571428571437,0.2413793103448275,0.33333333333333326,0.007150153217568952,0.13725490196078427,0.1375135959258236,1.0
graph_050_mu_0_2_node_706,36,0.3244206773618538,0.001688809218093173,0.39470564994073487,2.5335335335335336,0.06585824737446953,27.0,9.0,3.0,0.25,0.1875,0.00945378151260504,0.1428571428571428,0.14318984774790477,0.5416666666666667
graph_050_mu_0_2_node_707,30,0.30423280423280424,0.001908419513095066,0.38482280431432975,2.5985985985985987,0.020595284533393703,21.0,9.0,2.3333333333333335,0.2999999999999999,0.32142857142857145,0.009259259259259259,0.17647058823529405,0.1768031456014398,0.7142857142857141
graph_050_mu_0_2_node_708,25,0.18181818181818182,0.001749615022725038,0.3903868698710434,2.5615615615615615,0.0181504792521773,14.0,11.0,1.272727272727273,0.4400000000000001,0.39285714285714296,0.01131687242798354,0.282051282051282,0.28245750089245053,0.4642857142857144
graph_050_mu_0_2_node_709,29,0.3732193732193732,0.001462067510010732,0.3824655436447167,2.6146146146146148,0.023580004654041663,22.0,7.0,3.1428571428571437,0.2413793103448275,0.20588235294117652,0.007246376811594205,0.13725490196078427,0.1375135959258236,0.6176470588235293
graph_050_mu_0_2_node_710,23,0.3142857142857143,0.0013531051861244072,0.37206703910614525,2.6876876876876876,0.012788239842218068,16.0,7.0,2.2857142857142847,0.3043478260869565,0.4375,0.00711382113821138,0.1794871794871794,0.17974575877867224,0.9375
graph_050_mu_0_2_node_711,27,0.21082621082621084,0.002096509695723665,0.3885647607934656,2.5735735735735736,0.02180607670691771,15.0,12.0,1.25,0.4444444444444446,0.4000000000000001,0.01237113402061856,0.2857142857142856,0.28615744990661884,0.5
graph_050_mu_0_2_node_712,27,0.2564102564102564,0.0017322209219374123,0.38690937257939584,2.5845845845845847,0.03403540668613499,16.0,11.0,1.4545454545454546,0.4074074074074074,0.26829268292682934,0.01147028154327424,0.2558139534883721,0.2562202323434044,0.39024390243902446
graph_050_mu_0_2_node_713,44,0.36257928118393234,0.0026220391913755006,0.4018503620273532,2.4884884884884886,0.046245583354971344,35.0,9.0,3.888888888888888,0.20454545454545456,0.2307692307692308,0.009365244536940686,0.11392405063291135,0.11425695242688215,0.8974358974358977
graph_050_mu_0_2_node_714,20,0.3368421052631579,0.0008561140556712204,0.37151357381926364,2.6916916916916915,0.019681303299524684,13.0,7.0,1.8571428571428577,0.3499999999999999,0.25,0.007201646090534978,0.21212121212121207,0.2123797341140473,0.4642857142857144
graph_050_mu_0_2_node_715,41,0.22402159244264508,0.0032186905298583427,0.4062627084180561,2.4614614614614614,0.037050516427985125,27.0,14.0,1.928571428571428,0.34146341463414637,0.3255813953488372,0.014629049111807733,0.20588235294117652,0.20639979823981627,0.6046511627906977
graph_050_mu_0_2_node_716,33,0.32007575757575757,0.00230720075078239,0.3925343811394892,2.5475475475475475,0.026825906461308644,21.0,12.0,1.75,0.36363636363636365,0.5217391304347825,0.01228249744114637,0.2222222222222223,0.22266558289613048,0.9130434782608693
graph_050_mu_0_2_node_717,44,0.3054968287526427,0.003730575403671383,0.4060975609756098,2.4624624624624625,0.041901474860937524,32.0,12.0,2.666666666666666,0.2727272727272726,0.3076923076923076,0.012486992715920913,0.15789473684210528,0.1583384581851019,0.8205128205128208
graph_050_mu_0_2_node_718,33,0.32903225806451614,0.001982791220601017,0.39008199921905506,2.5635635635635636,0.025773615177098003,24.0,9.0,2.666666666666666,0.2727272727272726,0.2727272727272726,0.009307135470527406,0.15789473684210528,0.15822736795420192,0.6969696969696971
graph_050_mu_0_2_node_719,19,0.14705882352941177,0.0012337759994399575,0.376271186440678,2.6576576576576576,0.01367551477561219,10.0,9.0,1.1111111111111112,0.4736842105263158,0.6428571428571429,0.009127789046653149,0.31034482758620696,0.3106771148300688,0.6428571428571429
graph_050_mu_0_2_node_720,18,0.1830065359477124,0.0011824073707257196,0.3652650822669104,2.7377377377377377,0.009406763960824866,10.0,8.0,1.25,0.4444444444444446,0.5333333333333332,0.008121827411167511,0.2857142857142856,0.28600966305884334,0.6666666666666665
graph_050_mu_0_2_node_721,41,0.29634146341463413,0.003089136349774253,0.4036363636363636,2.4774774774774775,0.07061848524555366,28.0,13.0,2.1538461538461537,0.3170731707317073,0.27083333333333337,0.013655462184873955,0.18840579710144925,0.18888633530423643,0.5833333333333334
graph_050_mu_0_2_node_722,30,0.35714285714285715,0.0013385683366462248,0.38841368584758945,2.5745745745745747,0.029733377442545502,22.0,8.0,2.75,0.2666666666666666,0.2222222222222223,0.00829875518672199,0.1538461538461538,0.15414179316618346,0.5833333333333334
graph_050_mu_0_2_node_723,36,0.3349206349206349,0.002664669099888406,0.3920722135007849,2.5505505505505504,0.02855179628972881,26.0,10.0,2.600000000000001,0.2777777777777778,0.30303030303030304,0.010341261633919342,0.16129032258064516,0.16165995368879923,0.7878787878787877
graph_050_mu_0_2_node_724,33,0.32954545454545453,0.002206914986390216,0.38992974238875877,2.5645645645645647,0.025816716861485352,24.0,9.0,2.666666666666666,0.2727272727272726,0.25,0.009336099585062239,0.15789473684210528,0.15822736795420192,0.6666666666666665
graph_050_mu_0_2_node_725,22,0.19047619047619047,0.0014119962341838026,0.38290532771176694,2.6116116116116115,0.033316286362265406,12.0,10.0,1.1999999999999995,0.45454545454545436,0.20833333333333337,0.010504201680672266,0.29411764705882354,0.294486896006464,0.25
graph_050_mu_0_2_node_726,25,0.36666666666666664,0.0009918067928084305,0.38086160884483417,2.625625625625626,0.04633042308520431,19.0,6.0,3.166666666666666,0.2400000000000001,0.125,0.006302521008403364,0.1363636363636363,0.1365853330825249,0.39583333333333326
graph_050_mu_0_2_node_727,15,0.47619047619047616,0.00042028079042061295,0.3501577287066246,2.855855855855856,0.006570589936898693,11.0,4.0,2.75,0.2666666666666666,0.2857142857142856,0.004056795131845842,0.1538461538461538,0.15399387524359825,0.7857142857142859
graph_050_mu_0_2_node_728,21,0.2571428571428571,0.0016019308855232631,0.37331838565022424,2.6786786786786787,0.010765877520505826,12.0,9.0,1.333333333333333,0.42857142857142855,0.3913043478260869,0.009211873080859774,0.2727272727272726,0.273059609051633,0.5217391304347825
graph_050_mu_0_2_node_729,19,0.3391812865497076,0.0007304872604280223,0.3668747704737422,2.725725725725726,0.021236194870514216,13.0,6.0,2.166666666666667,0.31578947368421056,0.12244897959183672,0.006309148264984229,0.1875,0.18772159846358397,0.2653061224489796
graph_050_mu_0_2_node_730,20,0.26143790849673204,0.0010643514892909147,0.37082405345211583,2.6966966966966965,0.012139835087973538,12.0,8.0,1.5,0.4000000000000001,0.5,0.008130081300813009,0.25,0.25029542097488916,0.6875
graph_050_mu_0_2_node_731,19,0.14619883040935672,0.0015338476534034599,0.3759879563417388,2.65965965965966,0.010891286960708287,9.0,10.0,0.9000000000000002,0.5263157894736842,0.6666666666666665,0.010152284263959394,0.35714285714285704,0.3575120243017469,0.5999999999999998
graph_050_mu_0_2_node_732,41,0.23780487804878048,0.0033110837118834305,0.4024979854955681,2.4844844844844847,0.04499588355753764,29.0,12.0,2.4166666666666665,0.2926829268292682,0.24489795918367344,0.012618296529968457,0.17142857142857137,0.17187219434908896,0.5918367346938778
graph_050_mu_0_2_node_733,17,0.29523809523809524,0.0007624692257667385,0.3579362235757793,2.793793793793794,0.00869376242764406,12.0,5.0,2.399999999999999,0.29411764705882354,0.33333333333333326,0.005076142131979697,0.17241379310344834,0.17259845166975918,0.7333333333333332
graph_050_mu_0_2_node_734,26,0.23692307692307693,0.0022104512920552745,0.3830521472392638,2.6106106106106104,0.0165981913832235,14.0,12.0,1.1666666666666667,0.4615384615384616,0.6666666666666665,0.012219959266802444,0.2999999999999999,0.30044313146233387,0.777777777777778
graph_050_mu_0_2_node_735,25,0.30039525691699603,0.0013251331043895459,0.37712344280860705,2.6516516516516515,0.016087895532033946,17.0,8.0,2.125,0.32,0.2857142857142856,0.008230452674897122,0.19047619047619055,0.19077172058332006,0.5714285714285712
graph_050_mu_0_2_node_736,26,0.19927536231884058,0.0016812883375708632,0.38071646341463417,2.6266266266266265,0.017601609627577588,15.0,11.0,1.3636363636363635,0.4230769230769231,0.5499999999999999,0.011224489795918367,0.26829268292682934,0.26869893177271326,0.6999999999999998
graph_050_mu_0_2_node_737,19,0.1695906432748538,0.0011020968514256228,0.3774083868530412,2.6496496496496498,0.021365995669472938,10.0,9.0,1.1111111111111112,0.4736842105263158,0.1836734693877551,0.009463722397476339,0.31034482758620696,0.3106771148300688,0.20408163265306117
graph_050_mu_0_2_node_738,19,0.3216374269005848,0.0007639868140397352,0.369179600886918,2.7087087087087087,0.0133569647408988,14.0,5.0,2.7999999999999994,0.2631578947368421,0.17857142857142852,0.0051440329218107,0.15151515151515152,0.15169983736452175,0.5
graph_050_mu_0_2_node_739,40,0.28846153846153844,0.002904655956273633,0.40314769975786924,2.4804804804804803,0.03787779623713045,29.0,11.0,2.6363636363636362,0.27499999999999997,0.2558139534883721,0.011494252873563216,0.15942028985507245,0.15982695923286833,0.6744186046511628
graph_050_mu_0_2_node_740,37,0.24873949579831933,0.002820839327474617,0.39161113288906313,2.5535535535535536,0.028237413987078828,24.0,13.0,1.8461538461538465,0.3513513513513515,0.361111111111111,0.013485477178423242,0.21311475409836064,0.21359515024041006,0.6388888888888892
graph_050_mu_0_2_node_741,20,0.22105263157894736,0.0009598404907723672,0.3758465011286682,2.660660660660661,0.018625962013594632,12.0,8.0,1.5,0.4000000000000001,0.18604651162790692,0.008359456635318702,0.25,0.25029542097488916,0.2790697674418605
graph_050_mu_0_2_node_742,24,0.2644927536231884,0.001045391307035727,0.38349328214971207,2.6076076076076076,0.02966619566499176,16.0,8.0,2.0,0.33333333333333326,0.16326530612244897,0.008412197686645638,0.20000000000000004,0.20029550827423168,0.32653061224489793
graph_050_mu_0_2_node_743,35,0.36363636363636365,0.0018081086358172416,0.39361702127659576,2.5405405405405403,0.03587413735642077,26.0,9.0,2.888888888888888,0.2571428571428571,0.2307692307692308,0.009365244536940686,0.14754098360655735,0.14787366390079462,0.6410256410256411
graph_050_mu_0_2_node_744,18,0.28104575163398693,0.0008263139192530404,0.3679558011049724,2.7177177177177176,0.013587166501291418,12.0,6.0,2.0,0.33333333333333326,0.17647058823529405,0.006211180124223602,0.20000000000000004,0.2002215820961667,0.3529411764705881
graph_050_mu_0_2_node_745,36,0.26031746031746034,0.002905885821289163,0.39705882352941174,2.5185185185185186,0.030211451928918602,23.0,13.0,1.76923076923077,0.361111111111111,0.39393939393939387,0.013443640124095137,0.22033898305084743,0.22081934369083558,0.6969696969696971
graph_050_mu_0_2_node_746,24,0.22943722943722944,0.00183423128936284,0.383199079401611,2.6096096096096097,0.015036804290493045,13.0,11.0,1.1818181818181819,0.4583333333333332,0.6875,0.011178861788617886,0.29729729729729737,0.2977034861381821,0.75
graph_050_mu_0_2_node_747,23,0.24110671936758893,0.0012805806978110007,0.3852680293096799,2.5955955955955954,0.0284770986481733,13.0,10.0,1.3000000000000005,0.4347826086956522,0.23255813953488375,0.010449320794148379,0.2777777777777778,0.27814705399638934,0.3023255813953489
graph_050_mu_0_2_node_748,46,0.2463768115942029,0.003979898242275709,0.4171189979123173,2.3973973973973974,0.05121374305519624,33.0,13.0,2.538461538461539,0.2826086956521739,0.2653061224489796,0.013669821240799159,0.16455696202531647,0.16503767792222138,0.6734693877551018
graph_050_mu_0_2_node_749,21,0.26666666666666666,0.0009243091282744332,0.3759879563417388,2.65965965965966,0.025211637433271202,15.0,6.0,2.5,0.2857142857142856,0.12244897959183672,0.006309148264984229,0.16666666666666663,0.1668882978723404,0.3061224489795918
graph_050_mu_0_2_node_750,26,0.3442028985507246,0.001103511406616144,0.37955927051671734,2.6346346346346348,0.042770909867550985,19.0,7.0,2.7142857142857153,0.2692307692307692,0.14583333333333334,0.007352941176470589,0.1555555555555555,0.15581419217111064,0.375
graph_050_mu_0_2_node_751,20,0.27450980392156865,0.0010365395497073991,0.3634048744998181,2.7517517517517516,0.00964173433722333,13.0,7.0,1.8571428571428577,0.3499999999999999,0.41176470588235303,0.007121057985757881,0.21212121212121207,0.2123797341140473,0.7058823529411762
graph_050_mu_0_2_node_752,24,0.3695652173913043,0.0011838076569479702,0.38158899923605805,2.6206206206206204,0.022589292149095944,17.0,7.0,2.4285714285714284,0.2916666666666667,0.1944444444444445,0.007261410788381744,0.17073170731707318,0.17099030571376309,0.4722222222222222
graph_050_mu_0_2_node_753,22,0.3263157894736842,0.0009749791061507749,0.36486486486486486,2.740740740740741,0.011991355623262081,15.0,7.0,2.142857142857143,0.31818181818181823,0.3499999999999999,0.007142857142857144,0.1891891891891892,0.18944774937830747,0.6999999999999998
graph_050_mu_0_2_node_754,34,0.30303030303030304,0.0019541534058835366,0.39737470167064437,2.5165165165165164,0.050422461677683286,23.0,11.0,2.09090909090909,0.3235294117647059,0.27499999999999997,0.01145833333333333,0.1929824561403509,0.19338894518362348,0.575
graph_050_mu_0_2_node_755,43,0.23780487804878048,0.0032552278626682,0.40478119935170176,2.4704704704704703,0.04579768233819854,31.0,12.0,2.5833333333333335,0.2790697674418605,0.24489795918367344,0.012618296529968457,0.16216216216216225,0.16260585069281364,0.6122448979591836
graph_050_mu_0_2_node_756,19,0.38596491228070173,0.0007489170585985074,0.3576799140708915,2.795795795795796,0.009573282165722546,14.0,5.0,2.7999999999999994,0.2631578947368421,0.25,0.00510204081632653,0.15151515151515152,0.15169983736452175,0.6999999999999998
graph_050_mu_0_2_node_757,25,0.30666666666666664,0.0011773516058365067,0.3784090909090909,2.6426426426426426,0.027670376648896846,19.0,6.0,3.166666666666666,0.2400000000000001,0.12244897959183672,0.006309148264984229,0.1363636363636363,0.1365853330825249,0.38775510204081615
graph_050_mu_0_2_node_758,21,0.4523809523809524,0.0006503121568961798,0.3729003359462486,2.6816816816816815,0.032287788458787256,16.0,5.0,3.2000000000000006,0.2380952380952381,0.125,0.005208333333333332,0.13513513513513511,0.13531984827562799,0.4000000000000001
graph_050_mu_0_2_node_759,18,0.38562091503267976,0.0007897384523756441,0.36195652173913045,2.7627627627627627,0.009371950551688461,12.0,6.0,2.0,0.33333333333333326,0.42857142857142855,0.006085192697768763,0.20000000000000004,0.2002215820961667,0.8571428571428571
graph_050_mu_0_2_node_760,19,0.4444444444444444,0.0004519803933550153,0.3668747704737422,2.725725725725726,0.018867801558073556,16.0,3.0,5.333333333333332,0.15789473684210528,0.06976744186046513,0.0031347962382445144,0.08571428571428569,0.08582512178773306,0.37209302325581384
graph_050_mu_0_2_node_761,26,0.3446153846153846,0.0012515843098949405,0.3863109048723898,2.5885885885885886,0.028180825314475563,18.0,8.0,2.25,0.3076923076923076,0.2051282051282052,0.008324661810613946,0.18181818181818182,0.18211373376143583,0.4615384615384616
graph_050_mu_0_2_node_762,20,0.3631578947368421,0.0009509589763058793,0.3751408186256102,2.665665665665666,0.02230474363530546,13.0,7.0,1.8571428571428577,0.3499999999999999,0.1794871794871794,0.007284079084287201,0.21212121212121207,0.2123797341140473,0.33333333333333326
graph_050_mu_0_2_node_763,14,0.37362637362637363,0.00028255755120019645,0.3541297412265154,2.823823823823824,0.015958717442825114,11.0,3.0,3.6666666666666656,0.21428571428571427,0.06122448979591836,0.0031545741324921143,0.12000000000000005,0.12011079513978658,0.22448979591836735
graph_050_mu_0_2_node_764,20,0.3526315789473684,0.0008296447994668156,0.3759879563417388,2.65965965965966,0.02027663299997827,14.0,6.0,2.3333333333333335,0.2999999999999999,0.13953488372093026,0.006269592476489029,0.17647058823529405,0.1766922030687136,0.3255813953488372
graph_050_mu_0_2_node_765,23,0.32806324110671936,0.0013508510113948555,0.3776937618147448,2.6476476476476476,0.01987667433529029,15.0,8.0,1.875,0.3478260869565216,0.2222222222222223,0.00829875518672199,0.21052631578947364,0.2108218022340331,0.41666666666666674
graph_050_mu_0_2_node_766,19,0.40350877192982454,0.0006396331955933432,0.3706864564007421,2.6976976976976976,0.018484441934150234,13.0,6.0,2.166666666666667,0.31578947368421056,0.16666666666666663,0.006224066390041495,0.1875,0.18772159846358397,0.361111111111111
graph_050_mu_0_2_node_767,21,0.3157894736842105,0.0011237357169045622,0.3702742772424018,2.700700700700701,0.01139468122780372,14.0,7.0,2.0,0.33333333333333326,0.41176470588235303,0.007121057985757881,0.20000000000000004,0.200258541089566,0.7647058823529413
graph_050_mu_0_2_node_768,19,0.17543859649122806,0.0010932852898692667,0.3723443906075289,2.685685685685686,0.012835540715551106,10.0,9.0,1.1111111111111112,0.4736842105263158,0.4500000000000001,0.009183673469387756,0.31034482758620696,0.3106771148300688,0.5
graph_050_mu_0_2_node_769,25,0.21739130434782608,0.0017485570892661621,0.38202676864244745,2.6176176176176176,0.01846490562149884,15.0,10.0,1.5,0.4000000000000001,0.5,0.01020408163265306,0.25,0.25036933077263995,0.6999999999999998
graph_050_mu_0_2_node_770,19,0.38596491228070173,0.0009073319628293478,0.3564038530146272,2.805805805805806,0.00698396463500952,14.0,5.0,2.7999999999999994,0.2631578947368421,0.2631578947368421,0.00509683995922528,0.15151515151515152,0.15169983736452175,0.7368421052631577
graph_050_mu_0_2_node_771,19,0.27941176470588236,0.0007936414095219118,0.3634048744998181,2.7517517517517516,0.010348754277592158,13.0,6.0,2.166666666666667,0.31578947368421056,0.4000000000000001,0.006091370558375635,0.1875,0.18772159846358397,0.8000000000000002
graph_050_mu_0_2_node_772,26,0.3046153846153846,0.0007931885214032036,0.3778366111951589,2.6466466466466465,0.03189095255599688,21.0,5.0,4.200000000000002,0.19230769230769237,0.10204081632653059,0.005257623554153522,0.1063829787234043,0.1065677601270038,0.42857142857142855
graph_050_mu_0_2_node_773,28,0.22486772486772486,0.0020915953472705083,0.3986432561851556,2.5085085085085086,0.0345590344689311,15.0,13.0,1.1538461538461535,0.4642857142857144,0.33333333333333326,0.013527575442247662,0.3023255813953489,0.3028056582076388,0.38461538461538475
graph_050_mu_0_2_node_774,41,0.29959514170040485,0.0031012880345594224,0.4062627084180561,2.4614614614614614,0.04548668574559873,28.0,13.0,2.1538461538461537,0.3170731707317073,0.33333333333333326,0.013527575442247662,0.18840579710144925,0.18888633530423643,0.6923076923076923
graph_050_mu_0_2_node_775,20,0.4789473684210526,0.0006141525922556868,0.3607800650054171,2.7717717717717716,0.009650233513508856,15.0,5.0,3.0,0.25,0.3125,0.005081300813008131,0.1428571428571428,0.14304184235106623,0.9375
graph_050_mu_0_2_node_776,24,0.2857142857142857,0.0016353581902210869,0.3729003359462486,2.6816816816816815,0.010693360991207284,15.0,9.0,1.666666666666667,0.375,0.5,0.009164969450101836,0.2307692307692308,0.2311016407415299,0.777777777777778
graph_050_mu_0_2_node_777,32,0.26814516129032256,0.001773793781017799,0.3925343811394892,2.5475475475475475,0.03436545601506731,23.0,9.0,2.5555555555555567,0.28125,0.2093023255813953,0.00940438871473354,0.16363636363636364,0.16396897016284276,0.5348837209302326
graph_050_mu_0_2_node_778,31,0.3763440860215054,0.0018107319718809146,0.3870592793490895,2.5835835835835836,0.02519350873746874,23.0,8.0,2.875,0.25806451612903214,0.23529411764705885,0.008281573498964802,0.14814814814814814,0.1484438093204447,0.676470588235294
graph_050_mu_0_2_node_779,17,0.375,0.000655987992163401,0.3557692307692308,2.810810810810811,0.007369450639226003,13.0,4.0,3.25,0.23529411764705885,0.23529411764705885,0.004069175991861649,0.1333333333333333,0.13348107655561295,0.7647058823529413
graph_050_mu_0_2_node_780,18,0.15833333333333333,0.0010001719560164862,0.3702742772424018,2.700700700700701,0.010150844757976129,10.0,8.0,1.25,0.4444444444444446,0.5714285714285712,0.008113590263691683,0.2857142857142856,0.28600966305884334,0.6428571428571429
graph_050_mu_0_2_node_781,25,0.37333333333333335,0.0011142133875304012,0.3801369863013699,2.630630630630631,0.022022328616794613,18.0,7.0,2.5714285714285716,0.28000000000000014,0.21212121212121207,0.007238883143743536,0.1627906976744186,0.16304931517912916,0.5454545454545452
graph_050_mu_0_2_node_782,25,0.43873517786561267,0.0010932121734314173,0.37096175269216486,2.695695695695696,0.016575539635734066,19.0,6.0,3.166666666666666,0.2400000000000001,0.26086956521739124,0.006141248720573185,0.1363636363636363,0.1365853330825249,0.7826086956521738
graph_050_mu_0_2_node_783,18,0.35294117647058826,0.0010170331111341324,0.35742397137745974,2.7977977977977977,0.007255492902300063,12.0,6.0,2.0,0.33333333333333326,0.375,0.006097560975609757,0.20000000000000004,0.2002215820961667,0.75
graph_050_mu_0_2_node_784,36,0.23707664884135474,0.0025555442348754462,0.40024038461538464,2.4984984984984986,0.05727684586829065,24.0,12.0,2.0,0.33333333333333326,0.25,0.012605042016806728,0.20000000000000004,0.20044345898004445,0.4791666666666668
graph_050_mu_0_2_node_785,18,0.38333333333333336,0.0007684002648283654,0.3587073608617594,2.7877877877877877,0.00881893041066125,13.0,5.0,2.600000000000001,0.2777777777777778,0.33333333333333326,0.005076142131979697,0.16129032258064516,0.161474994787478,0.8000000000000002
graph_050_mu_0_2_node_786,24,0.33766233766233766,0.0013203933065752385,0.3702742772424018,2.700700700700701,0.01075275629536161,17.0,7.0,2.4285714285714284,0.2916666666666667,0.3499999999999999,0.007142857142857144,0.17073170731707318,0.17099030571376309,0.8000000000000002
graph_050_mu_0_2_node_787,42,0.35128205128205126,0.0027737248043596422,0.391304347826087,2.5555555555555554,0.031052405580499313,33.0,9.0,3.6666666666666656,0.21428571428571427,0.2647058823529412,0.009316770186335404,0.12000000000000005,0.12033285254632194,0.9411764705882354
graph_050_mu_0_2_node_788,29,0.3497536945812808,0.0012968560941218484,0.38202676864244745,2.6176176176176176,0.028966296738576015,22.0,7.0,3.1428571428571437,0.2413793103448275,0.1627906976744186,0.0073145245559038665,0.13725490196078427,0.1375135959258236,0.5116279069767442
graph_050_mu_0_2_node_789,28,0.4074074074074074,0.001101893433395168,0.37970353477765106,2.6336336336336337,0.040655749784713216,22.0,6.0,3.6666666666666656,0.21428571428571427,0.14999999999999994,0.006250000000000001,0.12000000000000005,0.12022174587922235,0.5499999999999999
graph_050_mu_0_2_node_790,19,0.27941176470588236,0.0007827856484233882,0.36038961038961037,2.774774774774775,0.012824856643409956,12.0,7.0,1.7142857142857142,0.36842105263157887,0.5,0.007099391480730219,0.2258064516129031,0.22606495451182865,0.7857142857142859
graph_050_mu_0_2_node_791,19,0.3567251461988304,0.0009320511729777349,0.3616944243301955,2.764764764764765,0.009858513580783297,13.0,6.0,2.166666666666667,0.31578947368421056,0.31578947368421056,0.0061162079510703364,0.1875,0.18772159846358397,0.6842105263157895
graph_050_mu_0_2_node_792,21,0.3047619047619048,0.0009856606934340697,0.3689069423929099,2.710710710710711,0.014907305010346261,15.0,6.0,2.5,0.2857142857142856,0.2999999999999999,0.006122448979591837,0.16666666666666663,0.1668882978723404,0.75
graph_050_mu_0_2_node_793,32,0.3839080459770115,0.0013392007056030387,0.38086160884483417,2.625625625625626,0.027134953460683255,24.0,8.0,3.0,0.25,0.2666666666666666,0.00824742268041237,0.1428571428571428,0.14315282588493705,0.7666666666666668
graph_050_mu_0_2_node_794,21,0.2573099415204678,0.0012488132161452342,0.3634048744998181,2.7517517517517516,0.00859463625518241,13.0,8.0,1.625,0.3809523809523811,0.4705882352941177,0.008138351983723298,0.23529411764705885,0.23558956044194762,0.7058823529411762
graph_050_mu_0_2_node_795,17,0.4264705882352941,0.0006115643092434003,0.3571683947086164,2.7997997997998,0.01020075019360068,12.0,5.0,2.399999999999999,0.29411764705882354,0.35714285714285704,0.005070993914807303,0.17241379310344834,0.17259845166975918,0.8571428571428571
graph_050_mu_0_2_node_796,21,0.37142857142857144,0.0007779347734431479,0.3734579439252336,2.6776776776776776,0.02521862785991507,15.0,6.0,2.5,0.2857142857142856,0.1538461538461538,0.006243496357960457,0.16666666666666663,0.1668882978723404,0.38461538461538475
graph_050_mu_0_2_node_797,43,0.38414634146341464,0.0021939057973365834,0.4015273311897106,2.4904904904904903,0.055474390498552066,35.0,8.0,4.375,0.18604651162790692,0.19512195121951223,0.008342022940563089,0.1025641025641026,0.10286002621580038,0.8292682926829271
graph_050_mu_0_2_node_798,21,0.40350877192982454,0.00094175198649016,0.3578080229226361,2.794794794794795,0.009279370234935375,16.0,5.0,3.2000000000000006,0.2380952380952381,0.33333333333333326,0.005076142131979697,0.13513513513513511,0.13531984827562799,1.0
graph_050_mu_0_2_node_799,23,0.3201581027667984,0.0011732509030797263,0.375,2.6666666666666665,0.01580586751111946,16.0,7.0,2.2857142857142847,0.3043478260869565,0.25,0.007201646090534978,0.1794871794871794,0.17974575877867224,0.5714285714285712
graph_050_mu_0_2_node_800,30,0.4091954022988506,0.0014145645105982326,0.38917023763147646,2.5695695695695697,0.045002067928426814,23.0,7.0,3.2857142857142847,0.23333333333333336,0.17499999999999996,0.007291666666666668,0.1320754716981132,0.13233418478529949,0.575
graph_050_mu_0_2_node_801,27,0.42165242165242167,0.0009657198335667619,0.3794151158374478,2.635635635635636,0.022744904498415302,22.0,5.0,4.3999999999999995,0.18518518518518517,0.14705882352941177,0.005175983436853002,0.10204081632653059,0.10222561138880652,0.6470588235294118
graph_050_mu_0_2_node_802,51,0.32568027210884354,0.004772017899710007,0.41298057048367093,2.4214214214214214,0.06630452925903468,38.0,13.0,2.923076923076922,0.2549019607843137,0.3250000000000001,0.01354166666666667,0.14606741573033707,0.1465483094528244,0.9250000000000003
graph_050_mu_0_2_node_803,30,0.3793103448275862,0.0018387598348658073,0.38735944164404806,2.5815815815815815,0.0241335608387313,21.0,9.0,2.3333333333333335,0.2999999999999999,0.3913043478260869,0.009211873080859774,0.17647058823529405,0.1768031456014398,0.9130434782608693
graph_050_mu_0_2_node_804,35,0.38487394957983195,0.001624443736660577,0.3894736842105263,2.5675675675675675,0.049618193483135745,28.0,7.0,4.0,0.20000000000000004,0.17499999999999996,0.007291666666666668,0.11111111111111115,0.11136991985145195,0.6999999999999998
graph_050_mu_0_2_node_805,22,0.22943722943722944,0.0013718576716199844,0.3765548435733132,2.655655655655656,0.015796480309693908,13.0,9.0,1.444444444444444,0.4090909090909091,0.2647058823529412,0.009316770186335404,0.2571428571428571,0.2574752180129041,0.3823529411764707
graph_050_mu_0_2_node_806,21,0.32857142857142857,0.0013641320585944298,0.36958934517203107,2.705705705705706,0.011097694208014753,14.0,7.0,2.0,0.33333333333333326,0.3499999999999999,0.007142857142857144,0.20000000000000004,0.200258541089566,0.6999999999999998
graph_050_mu_0_2_node_807,17,0.1323529411764706,0.0012139568224836545,0.3755639097744361,2.6626626626626626,0.01455339635130129,8.0,9.0,0.8888888888888892,0.5294117647058824,0.6428571428571429,0.009127789046653149,0.36,0.36033223817785814,0.5714285714285712
graph_050_mu_0_2_node_808,36,0.3396825396825397,0.0023793227022432216,0.4023358840112767,2.4854854854854853,0.07234419090693173,26.0,10.0,2.600000000000001,0.2777777777777778,0.20833333333333337,0.010504201680672266,0.16129032258064516,0.16165995368879923,0.5416666666666667
graph_050_mu_0_2_node_809,21,0.28654970760233917,0.0011655515684428448,0.3635371179039301,2.750750750750751,0.010995305662348145,14.0,7.0,2.0,0.33333333333333326,0.388888888888889,0.007128309572301427,0.20000000000000004,0.200258541089566,0.722222222222222
graph_050_mu_0_2_node_810,41,0.3,0.0023925679403192343,0.40298507462686567,2.4814814814814814,0.04859871225645963,31.0,10.0,3.100000000000001,0.24390243902439032,0.20408163265306117,0.010515247108307044,0.1388888888888889,0.13925865667471943,0.6326530612244898
graph_050_mu_0_2_node_811,29,0.25071225071225073,0.002341556851715702,0.3768389287061486,2.6536536536536537,0.01683272409658575,17.0,12.0,1.4166666666666667,0.41379310344827586,0.5999999999999998,0.012244897959183675,0.26086956521739124,0.26131279488423026,0.8000000000000002
graph_050_mu_0_2_node_812,47,0.30619796484736356,0.0037948324589981586,0.4107730263157895,2.4344344344344346,0.0877545855399286,35.0,12.0,2.916666666666666,0.2553191489361702,0.25,0.012605042016806728,0.1463414634146341,0.1467852832237916,0.7291666666666665
graph_050_mu_0_2_node_813,37,0.24033613445378152,0.0034508045307079277,0.3981666002391391,2.5115115115115114,0.024997329818112767,25.0,12.0,2.083333333333333,0.3243243243243245,0.3529411764705881,0.012422360248447204,0.19354838709677416,0.19399187885521896,0.7058823529411762
graph_050_mu_0_2_node_814,29,0.3374384236453202,0.0016499055474597018,0.38601236476043277,2.5905905905905904,0.038279205171357036,20.0,9.0,2.2222222222222223,0.31034482758620696,0.21951219512195133,0.009384775808133473,0.1836734693877551,0.18400600217918314,0.48780487804878064
graph_050_mu_0_2_node_815,26,0.16666666666666666,0.0023569324759166316,0.3875096974398759,2.5805805805805804,0.0177564445335349,13.0,13.0,1.0,0.5,0.7647058823529413,0.013224821973550353,0.33333333333333326,0.3338133392410984,0.7058823529411762
graph_050_mu_0_2_node_816,30,0.2482758620689655,0.002428755696901313,0.39454976303317535,2.5345345345345347,0.036992746357797174,18.0,12.0,1.5,0.4000000000000001,0.2926829268292682,0.012513034410844635,0.25,0.2504432624113475,0.43902439024390266
graph_050_mu_0_2_node_817,46,0.2758985200845666,0.003919061616714883,0.4052738336713996,2.4674674674674675,0.03833029800864223,32.0,14.0,2.2857142857142847,0.3043478260869565,0.388888888888889,0.014522821576763488,0.1794871794871794,0.1800048161062729,0.8611111111111108
graph_050_mu_0_2_node_818,22,0.32105263157894737,0.0011138541693999208,0.36809137803979364,2.7167167167167166,0.011240956964273756,15.0,7.0,2.142857142857143,0.31818181818181823,0.388888888888889,0.007128309572301427,0.1891891891891892,0.18944774937830747,0.777777777777778
graph_050_mu_0_2_node_819,23,0.33992094861660077,0.0012359058409739149,0.3765548435733132,2.655655655655656,0.016996492770031037,15.0,8.0,1.875,0.3478260869565216,0.2857142857142856,0.008230452674897122,0.21052631578947364,0.2108218022340331,0.5357142857142857
graph_050_mu_0_2_node_820,24,0.5064935064935064,0.0006395311914995198,0.369179600886918,2.7087087087087087,0.01756795381742375,20.0,4.0,5.0,0.16666666666666663,0.1739130434782608,0.004094165813715455,0.09090909090909091,0.0910569105691057,0.8260869565217388
graph_050_mu_0_2_node_821,19,0.33088235294117646,0.0009374027865543699,0.35614973262032085,2.8078078078078077,0.007196463485987131,13.0,6.0,2.166666666666667,0.31578947368421056,0.42857142857142855,0.006085192697768763,0.1875,0.18772159846358397,0.8571428571428571
graph_050_mu_0_2_node_822,24,0.4199134199134199,0.0008544256697368293,0.37528174305033807,2.664664664664665,0.020512307035294233,18.0,6.0,3.0,0.25,0.20000000000000004,0.00618556701030928,0.1428571428571428,0.14307882319409698,0.5666666666666665
graph_050_mu_0_2_node_823,17,0.13970588235294118,0.0012060539291656243,0.3679558011049724,2.7177177177177176,0.011821351532965534,8.0,9.0,0.8888888888888892,0.5294117647058824,0.6428571428571429,0.009127789046653149,0.36,0.36033223817785814,0.5714285714285712
graph_050_mu_0_2_node_824,38,0.3,0.00206211623575096,0.4018503620273532,2.4884884884884886,0.06847931032284396,27.0,11.0,2.454545454545454,0.28947368421052644,0.2291666666666666,0.011554621848739502,0.16923076923076918,0.16963737847928148,0.5416666666666667
graph_050_mu_0_2_node_825,39,0.32432432432432434,0.0023967279483043864,0.39501779359430605,2.5315315315315314,0.038278523393147745,30.0,9.0,3.333333333333334,0.2307692307692308,0.2307692307692308,0.009365244536940686,0.13043478260869562,0.13076756131085873,0.7435897435897438
graph_050_mu_0_2_node_826,24,0.2987012987012987,0.0015985443808375962,0.3759879563417388,2.65965965965966,0.015038862910153255,16.0,8.0,2.0,0.33333333333333326,0.4210526315789473,0.00815494393476045,0.20000000000000004,0.20029550827423168,0.7894736842105262
graph_050_mu_0_2_node_827,34,0.33868092691622104,0.002308282555670761,0.3911511354737666,2.5565565565565564,0.02677659267024014,24.0,10.0,2.399999999999999,0.29411764705882354,0.33333333333333326,0.010309278350515462,0.17241379310344834,0.17278336956881898,0.8000000000000002
graph_050_mu_0_2_node_828,23,0.26877470355731226,0.0011107013323625387,0.3842307692307692,2.6026026026026026,0.030292707975634405,15.0,8.0,1.875,0.3478260869565216,0.16326530612244897,0.008412197686645638,0.21052631578947364,0.2108218022340331,0.3061224489795918
graph_050_mu_0_2_node_829,36,0.3582887700534759,0.002393505206981217,0.3870592793490895,2.5835835835835836,0.023411350782292627,26.0,10.0,2.600000000000001,0.2777777777777778,0.35714285714285704,0.0102880658436214,0.16129032258064516,0.16165995368879923,0.8928571428571427
graph_050_mu_0_2_node_830,34,0.37701612903225806,0.0017963246558004933,0.3894736842105263,2.5675675675675675,0.04540396568387416,26.0,8.0,3.25,0.23529411764705885,0.19512195121951223,0.008342022940563089,0.1333333333333333,0.1336290600818177,0.6097560975609755
graph_050_mu_0_2_node_831,22,0.341991341991342,0.0012452546337448466,0.3768389287061486,2.6536536536536537,0.01597819340234354,14.0,8.0,1.75,0.36363636363636365,0.2857142857142856,0.008230452674897122,0.2222222222222223,0.22251768684033418,0.5
graph_050_mu_0_2_node_832,25,0.2733333333333333,0.001788041065079259,0.3740172220142269,2.6736736736736737,0.0150197088084505,16.0,9.0,1.7777777777777783,0.36,0.32142857142857145,0.009259259259259259,0.21951219512195133,0.21984462965081752,0.5714285714285712
graph_050_mu_0_2_node_833,24,0.42028985507246375,0.0014035967149916854,0.375,2.6666666666666665,0.014621521554542749,17.0,7.0,2.4285714285714284,0.2916666666666667,0.33333333333333326,0.007150153217568952,0.17073170731707318,0.17099030571376309,0.8095238095238098
graph_050_mu_0_2_node_834,21,0.21637426900584794,0.0014289524966938545,0.37373737373737376,2.675675675675676,0.013327297892887967,13.0,8.0,1.625,0.3809523809523811,0.5333333333333332,0.008121827411167511,0.23529411764705885,0.23558956044194762,0.8000000000000002
graph_050_mu_0_2_node_835,18,0.31666666666666665,0.0005206620385128186,0.35488454706927175,2.8178178178178177,0.0084855855785324,13.0,5.0,2.600000000000001,0.2777777777777778,0.33333333333333326,0.005076142131979697,0.16129032258064516,0.161474994787478,0.8000000000000002
graph_050_mu_0_2_node_836,23,0.25296442687747034,0.001815597368322693,0.3791271347248577,2.6376376376376376,0.018054732280467892,13.0,10.0,1.3000000000000005,0.4347826086956522,0.5,0.01020408163265306,0.2777777777777778,0.27814705399638934,0.6500000000000002
graph_050_mu_0_2_node_837,28,0.3201058201058201,0.0012758907107216723,0.3801369863013699,2.630630630630631,0.02479993026893161,22.0,6.0,3.6666666666666656,0.21428571428571427,0.13953488372093026,0.006269592476489029,0.12000000000000005,0.12022174587922235,0.5116279069767442
graph_050_mu_0_2_node_838,25,0.28063241106719367,0.0015895081156369357,0.3766968325791855,2.6546546546546548,0.01665783908953168,16.0,9.0,1.7777777777777783,0.36,0.42857142857142855,0.009193054136874363,0.21951219512195133,0.21984462965081752,0.7142857142857141
graph_050_mu_0_2_node_839,22,0.30303030303030304,0.001441660703928804,0.3741573033707865,2.6726726726726726,0.01589795849038622,14.0,8.0,1.75,0.36363636363636365,0.3809523809523811,0.008171603677221655,0.2222222222222223,0.22251768684033418,0.6666666666666665
graph_050_mu_0_2_node_840,28,0.2123076923076923,0.002192185091009292,0.3843786071565987,2.6016016016016015,0.017807488895933386,15.0,13.0,1.1538461538461535,0.4642857142857144,0.722222222222222,0.013238289205702643,0.3023255813953489,0.3028056582076388,0.777777777777778
graph_050_mu_0_2_node_841,23,0.2490118577075099,0.0016835818515697461,0.3740172220142269,2.6736736736736737,0.015879342148466317,12.0,11.0,1.0909090909090904,0.4782608695652175,0.7857142857142859,0.011156186612576061,0.3142857142857142,0.3146918731307462,0.8571428571428571
graph_050_mu_0_2_node_842,18,0.3333333333333333,0.0008107706562573151,0.3627450980392157,2.7567567567567566,0.009639364990001707,13.0,5.0,2.600000000000001,0.2777777777777778,0.33333333333333326,0.005076142131979697,0.16129032258064516,0.161474994787478,0.8000000000000002
graph_050_mu_0_2_node_843,56,0.2669461914744934,0.004576244278477948,0.41659716430358634,2.4004004004004003,0.08995683928077086,41.0,15.0,2.733333333333334,0.26785714285714285,0.3125,0.015756302521008403,0.1546391752577319,0.15519413474568938,0.8333333333333335
graph_050_mu_0_2_node_844,42,0.3356562137049942,0.002783006548506707,0.40396279822078446,2.4754754754754753,0.0638811432165896,30.0,12.0,2.5,0.2857142857142856,0.2999999999999999,0.012500000000000002,0.16666666666666663,0.1671103223898255,0.75
graph_050_mu_0_2_node_845,20,0.42105263157894735,0.0009265845863746001,0.3652650822669104,2.7377377377377377,0.011582421485215868,14.0,6.0,2.3333333333333335,0.2999999999999999,0.26086956521739124,0.006141248720573185,0.17647058823529405,0.1766922030687136,0.608695652173913
graph_050_mu_0_2_node_846,29,0.28774928774928776,0.0019411620361556546,0.38202676864244745,2.6176176176176176,0.018891459225769083,18.0,11.0,1.6363636363636365,0.3793103448275863,0.5789473684210529,0.01121304791029562,0.23404255319148948,0.2344488920781207,0.8947368421052634
graph_050_mu_0_2_node_847,20,0.4473684210526316,0.0008393727080959433,0.36235038084874865,2.75975975975976,0.010805669744476918,15.0,5.0,3.0,0.25,0.2380952380952381,0.005107252298263534,0.1428571428571428,0.14304184235106623,0.7142857142857141
graph_050_mu_0_2_node_848,20,0.2549019607843137,0.0009357939568705152,0.3675496688741722,2.720720720720721,0.011492801567921384,13.0,7.0,1.8571428571428577,0.3499999999999999,0.41176470588235303,0.007121057985757881,0.21212121212121207,0.2123797341140473,0.7058823529411762
graph_050_mu_0_2_node_849,22,0.3852813852813853,0.0009110957101013528,0.3706864564007421,2.6976976976976976,0.015281699773623057,17.0,5.0,3.399999999999999,0.22727272727272718,0.14705882352941177,0.005175983436853002,0.1282051282051282,0.12838985499420713,0.5
graph_050_mu_0_2_node_850,20,0.21568627450980393,0.0010531871275500288,0.3694526627218935,2.7067067067067065,0.012198422742968194,12.0,8.0,1.5,0.4000000000000001,0.4705882352941177,0.008138351983723298,0.25,0.25029542097488916,0.6470588235294118
graph_050_mu_0_2_node_851,29,0.45566502463054187,0.0010858089647304073,0.38202676864244745,2.6176176176176176,0.04092525387681776,23.0,6.0,3.8333333333333344,0.20689655172413793,0.1463414634146341,0.006256517205422318,0.1153846153846154,0.11560637765546102,0.5609756097560974
graph_050_mu_0_2_node_852,25,0.38666666666666666,0.0009082499339483798,0.38393543428132204,2.6046046046046047,0.05336254859161715,20.0,5.0,4.0,0.20000000000000004,0.10416666666666669,0.005252100840336133,0.11111111111111115,0.11129587885805316,0.41666666666666674
graph_050_mu_0_2_node_853,24,0.3203463203463203,0.0010930854645611755,0.38057142857142856,2.6276276276276276,0.03384780493966778,16.0,8.0,2.0,0.33333333333333326,0.20000000000000004,0.008333333333333331,0.20000000000000004,0.20029550827423168,0.375
graph_050_mu_0_2_node_854,37,0.33483483483483484,0.0021707341831352514,0.39454976303317535,2.5345345345345347,0.07200040011617911,28.0,9.0,3.111111111111112,0.24324324324324328,0.1875,0.00945378151260504,0.1384615384615384,0.13879426795246236,0.5833333333333334
graph_050_mu_0_2_node_855,40,0.3186344238975818,0.002778709161478195,0.39737470167064437,2.5165165165165164,0.03378312680464735,29.0,11.0,2.6363636363636362,0.27499999999999997,0.33333333333333326,0.01137538779731127,0.15942028985507245,0.15982695923286833,0.8484848484848483
graph_050_mu_0_2_node_856,18,0.15,0.0010188510198657758,0.3697261287934863,2.704704704704705,0.010526539286593377,10.0,8.0,1.25,0.4444444444444446,0.5333333333333332,0.008121827411167511,0.2857142857142856,0.28600966305884334,0.5999999999999998
graph_050_mu_0_2_node_857,26,0.14461538461538462,0.0026167017039909752,0.3939274447949527,2.5385385385385386,0.019728737407911104,12.0,14.0,0.8571428571428571,0.5384615384615384,0.777777777777778,0.014256619144602854,0.36842105263157887,0.36893792481647136,0.6666666666666665
graph_050_mu_0_2_node_858,40,0.3157894736842105,0.0034023306242351547,0.4026602176541717,2.4834834834834836,0.03133095087977992,27.0,13.0,2.076923076923077,0.3250000000000001,0.43333333333333346,0.013402061855670106,0.1940298507462686,0.19451035342599515,0.8666666666666669
graph_050_mu_0_2_node_859,23,0.30039525691699603,0.0016200236829166646,0.37726586102719034,2.650650650650651,0.015550293244908704,14.0,9.0,1.555555555555556,0.3913043478260869,0.42857142857142855,0.009193054136874363,0.24324324324324328,0.24357562866260277,0.6666666666666665
graph_050_mu_0_2_node_860,19,0.32748538011695905,0.00094231442186005,0.3702742772424018,2.700700700700701,0.013755894523338046,12.0,7.0,1.7142857142857142,0.36842105263157887,0.36842105263157887,0.007135575942915391,0.2258064516129031,0.22606495451182865,0.6315789473684211
graph_050_mu_0_2_node_861,15,0.44761904761904764,0.0005496857179592364,0.35040336723956506,2.853853853853854,0.006503302887264077,11.0,4.0,2.75,0.2666666666666666,0.21052631578947364,0.004077471967380225,0.1538461538461538,0.15399387524359825,0.5789473684210529
graph_050_mu_0_2_node_862,20,0.30718954248366015,0.0009874866974656873,0.3668747704737422,2.725725725725726,0.010248842951268535,13.0,7.0,1.8571428571428577,0.3499999999999999,0.4375,0.00711382113821138,0.21212121212121207,0.2123797341140473,0.75
graph_050_mu_0_2_node_863,42,0.3192307692307692,0.0032324341147185625,0.392226148409894,2.5495495495495497,0.030796829853887805,31.0,11.0,2.8181818181818192,0.2619047619047619,0.33333333333333326,0.01137538779731127,0.1506849315068493,0.15109166103171526,0.9090909090909087
graph_050_mu_0_2_node_864,26,0.36,0.0015946945423617202,0.3731789316398954,2.67967967967968,0.014945909790756348,17.0,9.0,1.8888888888888888,0.34615384615384615,0.42857142857142855,0.009193054136874363,0.2093023255813953,0.2096347846704574,0.8095238095238098
graph_050_mu_0_2_node_865,25,0.1976284584980237,0.0018498594664871978,0.3769811320754717,2.6526526526526526,0.015269439484664417,15.0,10.0,1.5,0.4000000000000001,0.5,0.01020408163265306,0.25,0.25036933077263995,0.6999999999999998
graph_050_mu_0_2_node_866,26,0.36594202898550726,0.0013607072385413556,0.37387724550898205,2.674674674674675,0.014539738404183135,19.0,7.0,2.7142857142857153,0.2692307692307692,0.3043478260869565,0.00716479017400205,0.1555555555555555,0.15581419217111064,0.7826086956521738
graph_050_mu_0_2_node_867,25,0.38333333333333336,0.001131550127209192,0.3854166666666667,2.5945945945945947,0.03641802627928666,18.0,7.0,2.5714285714285716,0.28000000000000014,0.17073170731707318,0.007299270072992702,0.1627906976744186,0.16304931517912916,0.43902439024390266
graph_050_mu_0_2_node_868,48,0.28405797101449276,0.004009381916515414,0.42098609355246525,2.3753753753753752,0.08870538442170287,34.0,14.0,2.4285714285714284,0.2916666666666667,0.2916666666666667,0.014705882352941178,0.17073170731707318,0.17124942050396766,0.6875
graph_050_mu_0_2_node_869,30,0.42298850574712643,0.0012587691200167024,0.3863109048723898,2.5885885885885886,0.041374276254573204,24.0,6.0,4.0,0.20000000000000004,0.1463414634146341,0.006256517205422318,0.11111111111111115,0.11133288977600354,0.5853658536585364
graph_050_mu_0_2_node_870,19,0.26900584795321636,0.0013045672446752392,0.3702742772424018,2.700700700700701,0.01082731548558142,11.0,8.0,1.375,0.4210526315789473,0.5,0.008130081300813009,0.2666666666666666,0.266962065824779,0.6875
graph_050_mu_0_2_node_871,24,0.341991341991342,0.0009803585777536203,0.37970353477765106,2.6336336336336337,0.04527742053126673,17.0,7.0,2.4285714285714284,0.2916666666666667,0.14583333333333334,0.007352941176470589,0.17073170731707318,0.17099030571376309,0.33333333333333326
graph_050_mu_0_2_node_872,16,0.45054945054945056,0.00043907824563309375,0.35151301900070375,2.844844844844845,0.0068645106723699756,13.0,3.0,4.333333333333334,0.1875,0.17647058823529405,0.003051881993896236,0.10344827586206896,0.10355908737169112,0.7058823529411762
graph_050_mu_0_2_node_873,21,0.2714285714285714,0.001086562810778634,0.3675496688741722,2.720720720720721,0.012982261314392809,14.0,7.0,2.0,0.33333333333333326,0.25,0.007201646090534978,0.20000000000000004,0.200258541089566,0.5
graph_050_mu_0_2_node_874,40,0.2532005689900427,0.003719233208474684,0.41263940520446096,2.4234234234234235,0.04199555055497367,26.0,14.0,1.8571428571428577,0.3499999999999999,0.3589743589743588,0.014568158168574402,0.21212121212121207,0.21263861917273102,0.6410256410256411
graph_050_mu_0_2_node_875,26,0.32971014492753625,0.0014814585090479383,0.37970353477765106,2.6336336336336337,0.02017776884398137,17.0,9.0,1.8888888888888888,0.34615384615384615,0.3913043478260869,0.009211873080859774,0.2093023255813953,0.2096347846704574,0.6956521739130432
graph_050_mu_0_2_node_876,25,0.2964426877470356,0.0017564367079924252,0.37970353477765106,2.6336336336336337,0.016209233812461313,16.0,9.0,1.7777777777777783,0.36,0.5294117647058824,0.00915564598168871,0.21951219512195133,0.21984462965081752,0.8823529411764709
graph_050_mu_0_2_node_877,17,0.18382352941176472,0.0010466415020037132,0.37082405345211583,2.6966966966966965,0.014333349254218095,8.0,9.0,0.8888888888888892,0.5294117647058824,0.5999999999999998,0.009137055837563452,0.36,0.36033223817785814,0.5333333333333332
graph_050_mu_0_2_node_878,18,0.3137254901960784,0.0008380064069451099,0.3626134301270417,2.7577577577577577,0.008825695638863523,12.0,6.0,2.0,0.33333333333333326,0.3529411764705881,0.006103763987792472,0.20000000000000004,0.2002215820961667,0.7058823529411762
graph_050_mu_0_2_node_879,43,0.31097560975609756,0.003162486763381311,0.4095940959409594,2.4414414414414414,0.04230144702996742,30.0,13.0,2.307692307692307,0.3023255813953489,0.39393939393939387,0.013443640124095137,0.17808219178082188,0.1785628010454898,0.8787878787878788
graph_050_mu_0_2_node_880,40,0.3613086770981508,0.002133984336395308,0.3994402239104358,2.5035035035035036,0.06954739107476095,31.0,9.0,3.4444444444444433,0.22500000000000006,0.1875,0.00945378151260504,0.12676056338028172,0.1270933666935235,0.625
graph_050_mu_0_2_node_881,24,0.2077922077922078,0.0019192002164404667,0.38057142857142856,2.6276276276276276,0.016949744193808413,13.0,11.0,1.1818181818181819,0.4583333333333332,0.7857142857142859,0.011156186612576061,0.29729729729729737,0.2977034861381821,0.8571428571428571
graph_050_mu_0_2_node_882,42,0.31939605110336816,0.002773802895181388,0.4065934065934066,2.4594594594594597,0.08066900375064993,31.0,11.0,2.8181818181818192,0.2619047619047619,0.2291666666666666,0.011554621848739502,0.1506849315068493,0.15109166103171526,0.6458333333333334
graph_050_mu_0_2_node_883,27,0.3190883190883191,0.0014220062576088407,0.3878105590062112,2.5785785785785786,0.03992219804645816,18.0,9.0,2.0,0.33333333333333326,0.22500000000000006,0.009374999999999996,0.20000000000000004,0.20033248365288706,0.4500000000000001
graph_050_mu_0_2_node_884,25,0.26877470355731226,0.0017006937277069733,0.3751408186256102,2.665665665665666,0.014011628380847668,15.0,10.0,1.5,0.4000000000000001,0.5263157894736842,0.01019367991845056,0.25,0.25036933077263995,0.7368421052631577
graph_050_mu_0_2_node_885,28,0.3384615384615385,0.001347505462100686,0.3804265041888804,2.6286286286286287,0.02177838972425068,19.0,9.0,2.111111111111111,0.32142857142857145,0.3913043478260869,0.009211873080859774,0.19148936170212763,0.19182186992246977,0.7826086956521738
graph_050_mu_0_2_node_886,30,0.27586206896551724,0.0023276637916704447,0.39737470167064437,2.5165165165165164,0.041334277994020716,18.0,12.0,1.5,0.4000000000000001,0.2926829268292682,0.012513034410844635,0.25,0.2504432624113475,0.43902439024390266
graph_050_mu_0_2_node_887,16,0.5166666666666667,0.0003747118326432858,0.3545067423704755,2.820820820820821,0.008195096056199664,13.0,3.0,4.333333333333334,0.1875,0.14999999999999994,0.0030612244897959186,0.10344827586206896,0.10355908737169112,0.6500000000000002
graph_050_mu_0_2_node_888,26,0.25846153846153846,0.001804288762428959,0.3858632676709154,2.5915915915915915,0.0199704466283667,16.0,10.0,1.6000000000000003,0.38461538461538475,0.35714285714285704,0.0102880658436214,0.2380952380952381,0.23846459615093718,0.5714285714285712
graph_050_mu_0_2_node_889,18,0.2549019607843137,0.0012239194921762466,0.36863468634686347,2.7127127127127126,0.011350277704752035,10.0,8.0,1.25,0.4444444444444446,0.5333333333333332,0.008121827411167511,0.2857142857142856,0.28600966305884334,0.6666666666666665
graph_050_mu_0_2_node_890,19,0.2982456140350877,0.0010202628809136175,0.3740172220142269,2.6736736736736737,0.013730148599006555,12.0,7.0,1.7142857142857142,0.36842105263157887,0.36842105263157887,0.007135575942915391,0.2258064516129031,0.22606495451182865,0.6315789473684211
graph_050_mu_0_2_node_891,16,0.43333333333333335,0.0005685814209760484,0.3535031847133758,2.828828828828829,0.0062369547732503364,12.0,4.0,3.0,0.25,0.23529411764705885,0.004069175991861649,0.1428571428571428,0.1430048751661988,0.7058823529411762
graph_050_mu_0_2_node_892,15,0.6952380952380952,4.714118306791384e-05,0.3465140478668054,2.885885885885886,0.008609613991465849,15.0,0.0,15.0,0.0,0.0,0.0,0.0,0.0,0.5357142857142857
graph_050_mu_0_2_node_893,17,0.3088235294117647,0.000581573141020451,0.36660550458715596,2.7277277277277276,0.012846808022243283,12.0,5.0,2.399999999999999,0.29411764705882354,0.17857142857142852,0.0051440329218107,0.17241379310344834,0.17259845166975918,0.42857142857142855
graph_050_mu_0_2_node_894,22,0.4458874458874459,0.000809347938893229,0.37331838565022424,2.6786786786786787,0.01863953430676559,17.0,5.0,3.399999999999999,0.22727272727272718,0.15151515151515152,0.005170630816959671,0.1282051282051282,0.12838985499420713,0.5151515151515154
graph_050_mu_0_2_node_895,18,0.24836601307189543,0.0011004364423440435,0.37054896142433236,2.6986986986986987,0.010014703717920183,10.0,8.0,1.25,0.4444444444444446,0.3478260869565216,0.00818833162743091,0.2857142857142856,0.28600966305884334,0.4347826086956522
graph_050_mu_0_2_node_896,26,0.27898550724637683,0.0018678301811454036,0.3769811320754717,2.6526526526526526,0.014235663620405315,16.0,10.0,1.6000000000000003,0.38461538461538475,0.4347826086956522,0.01023541453428864,0.2380952380952381,0.23846459615093718,0.6521739130434784
graph_050_mu_0_2_node_897,31,0.33978494623655914,0.0014046072479254297,0.3875096974398759,2.5805805805805804,0.05475249948856224,24.0,7.0,3.4285714285714284,0.2258064516129031,0.14583333333333334,0.007352941176470589,0.12727272727272723,0.1275314594848877,0.5
graph_050_mu_0_2_node_898,32,0.2735632183908046,0.0021612549425666424,0.38977760436987907,2.5655655655655654,0.021866193910759196,22.0,10.0,2.1999999999999997,0.3125,0.29411764705882354,0.010351966873706004,0.18518518518518517,0.18555470702392585,0.6176470588235293
graph_050_mu_0_2_node_899,26,0.2898550724637681,0.0018235804496885037,0.3784090909090909,2.6426426426426426,0.013918682519522337,17.0,9.0,1.8888888888888888,0.34615384615384615,0.4736842105263158,0.009174311926605505,0.2093023255813953,0.2096347846704574,0.8421052631578946
graph_050_mu_0_2_node_900,30,0.4206896551724138,0.0015696466587933292,0.3852680293096799,2.5955955955955954,0.028024770246178218,23.0,7.0,3.2857142857142847,0.23333333333333336,0.21212121212121207,0.007238883143743536,0.1320754716981132,0.13233418478529949,0.6969696969696971
graph_050_mu_0_2_node_901,28,0.291005291005291,0.0019218204240999354,0.392688679245283,2.5465465465465464,0.03839705172028231,17.0,11.0,1.5454545454545454,0.39285714285714296,0.26829268292682934,0.01147028154327424,0.24444444444444444,0.244850753313059,0.41463414634146356
graph_050_mu_0_2_node_902,19,0.22807017543859648,0.0012029190041763671,0.37443778110944526,2.670670670670671,0.010036694168479863,12.0,7.0,1.7142857142857142,0.36842105263157887,0.5,0.007099391480730219,0.2258064516129031,0.22606495451182865,0.8571428571428571
graph_050_mu_0_2_node_903,24,0.341991341991342,0.0013744910726680415,0.3758465011286682,2.660660660660661,0.01401597907952736,17.0,7.0,2.4285714285714284,0.2916666666666667,0.41176470588235303,0.007121057985757881,0.17073170731707318,0.17099030571376309,0.9411764705882354
graph_050_mu_0_2_node_904,41,0.3475609756097561,0.0024709659494235045,0.4062627084180561,2.4614614614614614,0.05966303091313762,30.0,11.0,2.727272727272727,0.26829268292682934,0.27499999999999997,0.01145833333333333,0.15492957746478872,0.1553362769138959,0.75
graph_050_mu_0_2_node_905,24,0.23809523809523808,0.0018665637594705165,0.3781226343679031,2.6446446446446448,0.012327028460286122,15.0,9.0,1.666666666666667,0.375,0.4736842105263158,0.009174311926605505,0.2307692307692308,0.2311016407415299,0.7368421052631577
graph_050_mu_0_2_node_906,14,0.4725274725274725,0.0003967177502249077,0.3496674833741687,2.85985985985986,0.007736287609582381,11.0,3.0,3.6666666666666656,0.21428571428571427,0.14999999999999994,0.0030612244897959186,0.12000000000000005,0.12011079513978658,0.5499999999999999
graph_050_mu_0_2_node_907,18,0.35294117647058826,0.0010833125499279338,0.3672794117647059,2.7227227227227226,0.009762062479266902,12.0,6.0,2.0,0.33333333333333326,0.42857142857142855,0.006085192697768763,0.20000000000000004,0.2002215820961667,0.8571428571428571
graph_050_mu_0_2_node_908,22,0.2943722943722944,0.0013942395712918077,0.37206703910614525,2.6876876876876876,0.012272987057662346,14.0,8.0,1.75,0.36363636363636365,0.4210526315789473,0.00815494393476045,0.2222222222222223,0.22251768684033418,0.7368421052631577
graph_050_mu_0_2_node_909,24,0.322463768115942,0.0011368830087307568,0.38173481085212074,2.6196196196196198,0.02843815165818341,17.0,7.0,2.4285714285714284,0.2916666666666667,0.1428571428571428,0.00736067297581493,0.17073170731707318,0.17099030571376309,0.34693877551020413
graph_050_mu_0_2_node_910,33,0.23674242424242425,0.002205802168629777,0.39315230224321135,2.5435435435435436,0.03432694742194463,23.0,10.0,2.3,0.30303030303030304,0.20408163265306117,0.010515247108307044,0.17857142857142852,0.17894097772146547,0.4693877551020407
graph_050_mu_0_2_node_911,18,0.25833333333333336,0.000647460511528637,0.3610408384531984,2.76976976976977,0.009526463129226923,13.0,5.0,2.600000000000001,0.2777777777777778,0.35714285714285704,0.005070993914807303,0.16129032258064516,0.161474994787478,0.8571428571428571
graph_050_mu_0_2_node_912,20,0.6842105263157895,0.0002629068640203372,0.3687707641196013,2.7117117117117115,0.033526030249753425,18.0,2.0,9.0,0.10000000000000002,0.04878048780487806,0.002085505735140772,0.05263157894736841,0.05270548331511657,0.43902439024390266
graph_050_mu_0_2_node_913,25,0.4268774703557312,0.0007204849651326222,0.3784090909090909,2.6426426426426426,0.05127991989283141,20.0,5.0,4.0,0.20000000000000004,0.10416666666666669,0.005252100840336133,0.11111111111111115,0.11129587885805316,0.39583333333333326
graph_050_mu_0_2_node_914,24,0.2971014492753623,0.001428030508113116,0.3724832214765101,2.684684684684685,0.014613819454055942,17.0,7.0,2.4285714285714284,0.2916666666666667,0.25,0.007201646090534978,0.17073170731707318,0.17099030571376309,0.6071428571428571
graph_050_mu_0_2_node_915,48,0.27246376811594203,0.004634612760095511,0.41957160856782866,2.3833833833833835,0.06104936248134028,31.0,17.0,1.8235294117647063,0.3541666666666667,0.41463414634146356,0.01772679874869656,0.21518987341772144,0.21581831598916065,0.7317073170731709
graph_050_mu_0_2_node_916,33,0.3870967741935484,0.001497136241408406,0.38202676864244745,2.6176176176176176,0.028323408608737458,26.0,7.0,3.7142857142857153,0.21212121212121207,0.21212121212121207,0.007238883143743536,0.11864406779661013,0.11890283826720278,0.7575757575757577
graph_050_mu_0_2_node_917,19,0.5073529411764706,0.000609080277381835,0.359740727403673,2.77977977977978,0.010158484223561536,15.0,4.0,3.75,0.21052631578947364,0.2857142857142856,0.004056795131845842,0.11764705882352942,0.11779482387709428,1.0
graph_050_mu_0_2_node_918,21,0.3047619047619048,0.0012561615832243596,0.37151357381926364,2.6916916916916915,0.017017910829418254,13.0,8.0,1.625,0.3809523809523811,0.4000000000000001,0.008163265306122451,0.23529411764705885,0.23558956044194762,0.6500000000000002
graph_050_mu_0_2_node_919,33,0.2803030303030303,0.0018289873379751913,0.3948616600790514,2.5325325325325325,0.06270761692257625,23.0,10.0,2.3,0.30303030303030304,0.20833333333333337,0.010504201680672266,0.17857142857142852,0.17894097772146547,0.4791666666666668
graph_050_mu_0_2_node_920,34,0.29233511586452765,0.002696620846950038,0.39721669980119284,2.5175175175175175,0.031172214311066336,22.0,12.0,1.8333333333333328,0.3529411764705881,0.4000000000000001,0.01237113402061856,0.21428571428571427,0.21472910772349144,0.7333333333333332
graph_050_mu_0_2_node_921,26,0.38769230769230767,0.0010380363624813828,0.36809137803979364,2.7167167167167166,0.014752032906156532,20.0,6.0,3.333333333333334,0.2307692307692308,0.21428571428571427,0.006172839506172838,0.13043478260869562,0.13065649571194007,0.7142857142857141
graph_050_mu_0_2_node_922,24,0.2727272727272727,0.001626334287259892,0.36836283185840707,2.714714714714715,0.009510631680290158,15.0,9.0,1.666666666666667,0.375,0.5999999999999998,0.009137055837563452,0.2307692307692308,0.2311016407415299,0.9333333333333335
graph_050_mu_0_2_node_923,29,0.3226600985221675,0.0015679513398029069,0.3929976396538159,2.5445445445445447,0.053350058526522776,21.0,8.0,2.625,0.2758620689655173,0.16666666666666663,0.008403361344537813,0.16,0.16029561747099258,0.4375
graph_050_mu_0_2_node_924,28,0.32,0.0015325926362752167,0.38393543428132204,2.6046046046046047,0.023832182095949676,20.0,8.0,2.5,0.2857142857142856,0.24242424242424232,0.00827300930713547,0.16666666666666663,0.16696226229185135,0.5757575757575759
graph_050_mu_0_2_node_925,23,0.3476190476190476,0.001258742783401899,0.37303958177744584,2.680680680680681,0.012826786307955978,16.0,7.0,2.2857142857142847,0.3043478260869565,0.388888888888889,0.007128309572301427,0.1794871794871794,0.17974575877867224,0.8333333333333335
graph_050_mu_0_2_node_926,16,0.31666666666666665,0.0007073353181551045,0.36327272727272725,2.7527527527527527,0.010223502275834375,11.0,5.0,2.1999999999999997,0.3125,0.25,0.00510204081632653,0.18518518518518517,0.18536983011298908,0.5499999999999999
graph_050_mu_0_2_node_927,37,0.27927927927927926,0.0026479153738337836,0.4026602176541717,2.4834834834834836,0.06934150158978619,26.0,11.0,2.3636363636363638,0.29729729729729737,0.2291666666666666,0.011554621848739502,0.17460317460317454,0.17500975379371242,0.5416666666666667
graph_050_mu_0_2_node_928,24,0.2987012987012987,0.001382786255869241,0.3741573033707865,2.6726726726726726,0.013186499692678395,17.0,7.0,2.4285714285714284,0.2916666666666667,0.41176470588235303,0.007121057985757881,0.17073170731707318,0.17099030571376309,0.9411764705882354
graph_050_mu_0_2_node_929,24,0.2028985507246377,0.0018704510631669914,0.38349328214971207,2.6076076076076076,0.020642971018928303,13.0,11.0,1.1818181818181819,0.4583333333333332,0.3235294117647059,0.011387163561076604,0.29729729729729737,0.2977034861381821,0.3823529411764707
graph_050_mu_0_2_node_930,23,0.32806324110671936,0.0010937124969494115,0.3779795686719637,2.645645645645646,0.020071854998164964,16.0,7.0,2.2857142857142847,0.3043478260869565,0.20588235294117652,0.007246376811594205,0.1794871794871794,0.17974575877867224,0.4705882352941177
graph_050_mu_0_2_node_931,21,0.22807017543859648,0.0012150977552007846,0.3682270549207519,2.715715715715716,0.011462107348818067,13.0,8.0,1.625,0.3809523809523811,0.4210526315789473,0.00815494393476045,0.23529411764705885,0.23558956044194762,0.6315789473684211
graph_050_mu_0_2_node_932,17,0.2,0.0007671104547339827,0.36130198915009043,2.7677677677677677,0.007771273201045607,10.0,7.0,1.4285714285714282,0.41176470588235303,0.5,0.007099391480730219,0.2592592592592592,0.25951772397882505,0.6428571428571429
graph_050_mu_0_2_node_933,21,0.3567251461988304,0.0010161710532366728,0.3652650822669104,2.7377377377377377,0.010046557951465947,15.0,6.0,2.5,0.2857142857142856,0.375,0.006097560975609757,0.16666666666666663,0.1668882978723404,0.875
graph_050_mu_0_2_node_934,19,0.2426470588235294,0.0008514849208792544,0.36486486486486486,2.740740740740741,0.011487964249649863,12.0,7.0,1.7142857142857142,0.36842105263157887,0.41176470588235303,0.007121057985757881,0.2258064516129031,0.22606495451182865,0.6470588235294118
graph_050_mu_0_2_node_935,17,0.25735294117647056,0.0007869334067759096,0.3726221559119731,2.6836836836836837,0.015828651623303987,10.0,7.0,1.4285714285714282,0.41176470588235303,0.20588235294117652,0.007246376811594205,0.2592592592592592,0.25951772397882505,0.29411764705882354
graph_050_mu_0_2_node_936,28,0.3230769230769231,0.002084544054309018,0.37826580840590684,2.6436436436436437,0.014240190726891637,19.0,9.0,2.111111111111111,0.32142857142857145,0.4500000000000001,0.009183673469387756,0.19148936170212763,0.19182186992246977,0.9000000000000002
graph_050_mu_0_2_node_937,25,0.42292490118577075,0.0010654381065420971,0.37054896142433236,2.6986986986986987,0.014180346189091675,19.0,6.0,3.166666666666666,0.2400000000000001,0.2857142857142856,0.0061287027579162425,0.1363636363636363,0.1365853330825249,0.8571428571428571
graph_050_mu_0_2_node_938,18,0.2222222222222222,0.0014280572262735036,0.3664710198092443,2.7287287287287287,0.008554703740193638,10.0,8.0,1.25,0.4444444444444446,0.5333333333333332,0.008121827411167511,0.2857142857142856,0.28600966305884334,0.6666666666666665
graph_050_mu_0_2_node_939,17,0.1619047619047619,0.0008487165470092747,0.35844994617868675,2.78978978978979,0.008474500096071492,10.0,7.0,1.4285714285714282,0.41176470588235303,0.5,0.007099391480730219,0.2592592592592592,0.25951772397882505,0.6428571428571429
graph_050_mu_0_2_node_940,29,0.2792022792022792,0.0017380858256773163,0.38028169014084506,2.6296296296296298,0.018876928844710518,20.0,9.0,2.2222222222222223,0.31034482758620696,0.2647058823529412,0.009316770186335404,0.1836734693877551,0.18400600217918314,0.5588235294117646
graph_050_mu_0_2_node_941,34,0.3790322580645161,0.0018049231392297804,0.3939274447949527,2.5385385385385386,0.046287358264604,25.0,9.0,2.7777777777777777,0.2647058823529412,0.21951219512195133,0.009384775808133473,0.15254237288135597,0.152875028582705,0.5853658536585364
graph_050_mu_0_2_node_942,16,0.25274725274725274,0.0005884139202990226,0.35857860732232594,2.7887887887887888,0.009605553553693448,11.0,5.0,2.1999999999999997,0.3125,0.35714285714285704,0.005070993914807303,0.18518518518518517,0.18536983011298908,0.7142857142857141
graph_050_mu_0_2_node_943,28,0.37846153846153846,0.0011689274181023084,0.37755102040816324,2.6486486486486487,0.01917440480864526,22.0,6.0,3.6666666666666656,0.21428571428571427,0.17647058823529405,0.006211180124223602,0.12000000000000005,0.12022174587922235,0.6176470588235293
graph_050_mu_0_2_node_944,17,0.19852941176470587,0.0009832747153397004,0.37,2.7027027027027026,0.010489644077807211,9.0,8.0,1.125,0.4705882352941177,0.5714285714285712,0.008113590263691683,0.3076923076923076,0.3079876632265321,0.6428571428571429
graph_050_mu_0_2_node_945,30,0.37471264367816093,0.0015175671249456416,0.37755102040816324,2.6486486486486487,0.02057003245272947,22.0,8.0,2.75,0.2666666666666666,0.2857142857142856,0.008230452674897122,0.1538461538461538,0.15414179316618346,0.7857142857142859
graph_050_mu_0_2_node_946,20,0.3473684210526316,0.0006931687529541209,0.3774083868530412,2.6496496496496498,0.0388288969186113,14.0,6.0,2.3333333333333335,0.2999999999999999,0.125,0.006302521008403364,0.17647058823529405,0.1766922030687136,0.2916666666666667
graph_050_mu_0_2_node_947,32,0.37471264367816093,0.0018726923667974254,0.38571428571428573,2.5925925925925926,0.02337255775565152,23.0,9.0,2.5555555555555567,0.28125,0.3913043478260869,0.009211873080859774,0.16363636363636364,0.16396897016284276,0.956521739130435
graph_050_mu_0_2_node_948,30,0.31494252873563217,0.0017600869197156698,0.3939274447949527,2.5385385385385386,0.05248307667277507,21.0,9.0,2.3333333333333335,0.2999999999999999,0.1875,0.00945378151260504,0.17647058823529405,0.1768031456014398,0.4375
graph_050_mu_0_2_node_949,51,0.2542517006802721,0.004101771862158616,0.4141791044776119,2.4144144144144146,0.0542489642056048,39.0,12.0,3.25,0.23529411764705885,0.24489795918367344,0.012618296529968457,0.1333333333333333,0.1337772844987051,0.7755102040816323
graph_050_mu_0_2_node_950,23,0.31620553359683795,0.0012557194436874617,0.3729003359462486,2.6816816816816815,0.014900835513798798,16.0,7.0,2.2857142857142847,0.3043478260869565,0.20588235294117652,0.007246376811594205,0.1794871794871794,0.17974575877867224,0.4705882352941177
graph_050_mu_0_2_node_951,21,0.2523809523809524,0.0010808527874609953,0.3690432212781677,2.70970970970971,0.015302595369798423,14.0,7.0,2.0,0.33333333333333326,0.21212121212121207,0.007238883143743536,0.20000000000000004,0.200258541089566,0.42424242424242414
graph_050_mu_0_2_node_952,18,0.4583333333333333,0.0005745716236624558,0.3557692307692308,2.810810810810811,0.010251392469491576,14.0,4.0,3.5,0.2222222222222223,0.2857142857142856,0.004056795131845842,0.125,0.12514775413711582,0.9285714285714288
graph_050_mu_0_2_node_953,14,0.15384615384615385,0.000703225539495505,0.3723443906075289,2.685685685685686,0.014616562664323403,7.0,7.0,1.0,0.5,0.1428571428571428,0.00736067297581493,0.33333333333333326,0.3335917408050007,0.1428571428571428
graph_050_mu_0_2_node_954,26,0.16304347826086957,0.0018848462214202928,0.3863109048723898,2.5885885885885886,0.023305139389239917,14.0,12.0,1.1666666666666667,0.4615384615384616,0.2790697674418605,0.012539184952978058,0.2999999999999999,0.30044313146233387,0.3023255813953489
graph_050_mu_0_2_node_955,20,0.3157894736842105,0.0010113324138458927,0.36863468634686347,2.7127127127127126,0.010661505063675025,13.0,7.0,1.8571428571428577,0.3499999999999999,0.41176470588235303,0.007121057985757881,0.21212121212121207,0.2123797341140473,0.7647058823529413
graph_050_mu_0_2_node_956,32,0.41379310344827586,0.0016850919095721937,0.38261202604366146,2.6136136136136137,0.02108843225288006,24.0,8.0,3.0,0.25,0.2857142857142856,0.008230452674897122,0.1428571428571428,0.14315282588493705,0.8214285714285712
graph_050_mu_0_2_node_957,22,0.31601731601731603,0.0010278939463906078,0.3768389287061486,2.6536536536536537,0.01999994497249785,15.0,7.0,2.142857142857143,0.31818181818181823,0.21212121212121207,0.007238883143743536,0.1891891891891892,0.18944774937830747,0.45454545454545436
graph_050_mu_0_2_node_958,22,0.4473684210526316,0.0006309371379144102,0.3614327062228654,2.7667667667667666,0.013372981825526452,18.0,4.0,4.5,0.18181818181818182,0.1428571428571428,0.004115226337448561,0.10000000000000002,0.10014779781259242,0.6071428571428571
graph_050_mu_0_2_node_959,32,0.29435483870967744,0.002425003586824117,0.39705882352941174,2.5185185185185186,0.02902270846910441,21.0,11.0,1.9090909090909096,0.34375,0.3235294117647059,0.011387163561076604,0.20754716981132082,0.20795359877862166,0.6176470588235293
graph_050_mu_0_2_node_960,29,0.35327635327635326,0.00143474256865023,0.38028169014084506,2.6296296296296298,0.02492981166630379,21.0,8.0,2.625,0.2758620689655173,0.24242424242424232,0.00827300930713547,0.16,0.16029561747099258,0.6060606060606061
graph_050_mu_0_2_node_961,27,0.2336182336182336,0.0026207317611932467,0.388715953307393,2.5725725725725725,0.017053119312218628,15.0,12.0,1.25,0.4444444444444446,0.5999999999999998,0.012244897959183675,0.2857142857142856,0.28615744990661884,0.75
graph_050_mu_0_2_node_962,25,0.3333333333333333,0.0016393931036453814,0.3734579439252336,2.6776776776776776,0.01214405545628067,17.0,8.0,2.125,0.32,0.4210526315789473,0.00815494393476045,0.19047619047619055,0.19077172058332006,0.8947368421052634
graph_050_mu_0_2_node_963,19,0.3157894736842105,0.0010375105809281933,0.36580007323324787,2.7337337337337337,0.010885408037039069,12.0,7.0,1.7142857142857142,0.36842105263157887,0.46666666666666673,0.007106598984771575,0.2258064516129031,0.22606495451182865,0.8000000000000002
graph_050_mu_0_2_node_964,31,0.31773399014778325,0.0019859248997163687,0.3852680293096799,2.5955955955955954,0.028265686498238726,20.0,11.0,1.8181818181818175,0.3548387096774193,0.3666666666666666,0.011340206185567005,0.21568627450980402,0.21609267344577757,0.6333333333333331
graph_050_mu_0_2_node_965,22,0.28421052631578947,0.0009837009374215092,0.3694526627218935,2.7067067067067065,0.01309419711281851,14.0,8.0,1.75,0.36363636363636365,0.4444444444444446,0.00814663951120163,0.2222222222222223,0.22251768684033418,0.722222222222222
graph_050_mu_0_2_node_966,26,0.2572463768115942,0.0012305795502538452,0.3757051523128996,2.6616616616616615,0.02024612578958093,17.0,9.0,1.8888888888888888,0.34615384615384615,0.32142857142857145,0.009259259259259259,0.2093023255813953,0.2096347846704574,0.5714285714285712
graph_050_mu_0_2_node_967,21,0.2046783625730994,0.0010926524519183029,0.3671444321940463,2.7237237237237237,0.010563393904408167,12.0,9.0,1.333333333333333,0.42857142857142855,0.5,0.009164969450101836,0.2727272727272726,0.273059609051633,0.6111111111111108
graph_050_mu_0_2_node_968,22,0.37662337662337664,0.0009054516426366066,0.38100686498855835,2.6246246246246248,0.04196289224918599,16.0,6.0,2.666666666666666,0.2727272727272726,0.125,0.006302521008403364,0.15789473684210528,0.15811638442245252,0.33333333333333326
graph_050_mu_0_2_node_969,23,0.4238095238095238,0.000893587273935825,0.36195652173913045,2.7627627627627627,0.008789881833397349,18.0,5.0,3.600000000000001,0.2173913043478261,0.2631578947368421,0.00509683995922528,0.12195121951219516,0.12213595995187741,0.8947368421052634
graph_050_mu_0_2_node_970,23,0.3359683794466403,0.0009957975197113006,0.37955927051671734,2.6346346346346348,0.026458007237022393,16.0,7.0,2.2857142857142847,0.3043478260869565,0.1627906976744186,0.0073145245559038665,0.1794871794871794,0.17974575877867224,0.37209302325581384
graph_050_mu_0_2_node_971,26,0.4,0.0013117706477149406,0.38188073394495414,2.6186186186186187,0.022772029193244142,18.0,8.0,2.25,0.3076923076923076,0.2857142857142856,0.008230452674897122,0.18181818181818182,0.18211373376143583,0.6428571428571429
graph_050_mu_0_2_node_972,21,0.4238095238095238,0.0007092727549092299,0.36836283185840707,2.714714714714715,0.018494153815327093,16.0,5.0,3.2000000000000006,0.2380952380952381,0.15151515151515152,0.005170630816959671,0.13513513513513511,0.13531984827562799,0.48484848484848464
graph_050_mu_0_2_node_973,26,0.28307692307692306,0.0020877531703744423,0.375,2.6666666666666665,0.01318711566122235,16.0,10.0,1.6000000000000003,0.38461538461538475,0.4347826086956522,0.01023541453428864,0.2380952380952381,0.23846459615093718,0.6956521739130432
graph_050_mu_0_2_node_974,34,0.3404634581105169,0.00254961446944071,0.3939274447949527,2.5385385385385386,0.025566475211217212,23.0,11.0,2.09090909090909,0.3235294117647059,0.39285714285714296,0.01131687242798354,0.1929824561403509,0.19338894518362348,0.8214285714285712
graph_050_mu_0_2_node_975,23,0.3201581027667984,0.001201072534853173,0.3781226343679031,2.6446446446446448,0.021057642567405135,15.0,8.0,1.875,0.3478260869565216,0.2222222222222223,0.00829875518672199,0.21052631578947364,0.2108218022340331,0.41666666666666674
graph_050_mu_0_2_node_976,41,0.29634146341463413,0.003106268392311634,0.4049452776651804,2.4694694694694697,0.042966190780613756,29.0,12.0,2.4166666666666665,0.2926829268292682,0.3076923076923076,0.012486992715920913,0.17142857142857137,0.17187219434908896,0.7435897435897438
graph_050_mu_0_2_node_977,17,0.5367647058823529,0.00028335791719501523,0.3636694575900983,2.74974974974975,0.018570165447633343,14.0,3.0,4.666666666666667,0.17647058823529405,0.08333333333333331,0.0031120331950207475,0.09677419354838708,0.09688501324474115,0.388888888888889
graph_050_mu_0_2_node_978,18,0.24183006535947713,0.0009062464164450492,0.374578177727784,2.66966966966967,0.01784137840101036,10.0,8.0,1.25,0.4444444444444446,0.18604651162790692,0.008359456635318702,0.2857142857142856,0.28600966305884334,0.23255813953488375
graph_050_mu_0_2_node_979,20,0.07894736842105263,0.001889717571339345,0.3875096974398759,2.5805805805805804,0.016764797874989024,6.0,14.0,0.42857142857142855,0.6999999999999998,1.0,0.014198782961460437,0.5384615384615384,0.5389781817562466,0.42857142857142855
graph_050_mu_0_2_node_980,28,0.24603174603174602,0.0018384184685939445,0.3823191733639495,2.6156156156156154,0.017650374057098846,19.0,9.0,2.111111111111111,0.32142857142857145,0.32142857142857145,0.009259259259259259,0.19148936170212763,0.19182186992246977,0.6785714285714288
graph_050_mu_0_2_node_981,53,0.2807843137254902,0.004285068155703723,0.4193954659949622,2.3843843843843846,0.09265626351028648,38.0,15.0,2.5333333333333323,0.2830188679245283,0.3125,0.015756302521008403,0.1648351648351648,0.16539000115844943,0.7708333333333335
graph_050_mu_0_2_node_982,30,0.2413793103448276,0.0022904037033644716,0.3939274447949527,2.5385385385385386,0.027329742911180704,18.0,12.0,1.5,0.4000000000000001,0.33333333333333326,0.01244813278008299,0.25,0.2504432624113475,0.5
graph_050_mu_0_2_node_983,19,0.14035087719298245,0.0016707753261890944,0.3734579439252336,2.6776776776776776,0.011958317422743711,8.0,11.0,0.7272727272727273,0.5789473684210529,0.6875,0.011178861788617886,0.4074074074074074,0.407813446313317,0.5
graph_050_mu_0_2_node_984,18,0.39166666666666666,0.0006179368724454285,0.35589597434983966,2.80980980980981,0.007209237742616679,14.0,4.0,3.5,0.2222222222222223,0.2666666666666666,0.004060913705583756,0.125,0.12514775413711582,0.8666666666666669
graph_050_mu_0_2_node_985,45,0.3233665559246955,0.002997882341455649,0.40120481927710844,2.4924924924924925,0.036390433484080546,35.0,10.0,3.5,0.2222222222222223,0.2777777777777778,0.010373443983402487,0.125,0.12536987720076936,0.9444444444444444
graph_050_mu_0_2_node_986,30,0.2804232804232804,0.0019773681970065454,0.38690937257939584,2.5845845845845847,0.020876662208942392,21.0,9.0,2.3333333333333335,0.2999999999999999,0.32142857142857145,0.009259259259259259,0.17647058823529405,0.1768031456014398,0.7142857142857141
graph_050_mu_0_2_node_987,17,0.39705882352941174,0.0008006792923964142,0.36,2.7777777777777777,0.009778084091936241,12.0,5.0,2.399999999999999,0.29411764705882354,0.33333333333333326,0.005076142131979697,0.17241379310344834,0.17259845166975918,0.8000000000000002
graph_050_mu_0_2_node_988,31,0.31527093596059114,0.0019855121005945466,0.3858632676709154,2.5915915915915915,0.02164785422776971,21.0,10.0,2.100000000000001,0.3225806451612903,0.35714285714285704,0.0102880658436214,0.19230769230769237,0.19267718683917326,0.7142857142857141
graph_050_mu_0_2_node_989,50,0.29551020408163264,0.004018527800880341,0.40976210008203445,2.4404404404404403,0.08047878279078378,38.0,12.0,3.166666666666666,0.2400000000000001,0.25,0.012605042016806728,0.1363636363636363,0.13680755468266564,0.7916666666666665
graph_050_mu_0_2_node_990,18,0.40522875816993464,0.0006419819658613504,0.35896514552641035,2.785785785785786,0.009492267497897843,14.0,4.0,3.5,0.2222222222222223,0.20000000000000004,0.004081632653061226,0.125,0.12514775413711582,0.6999999999999998
graph_050_mu_0_2_node_991,22,0.29473684210526313,0.0009983097575956088,0.36660550458715596,2.7277277277277276,0.014906666981323563,14.0,8.0,1.75,0.36363636363636365,0.3809523809523811,0.008171603677221655,0.2222222222222223,0.22251768684033418,0.6190476190476188
graph_050_mu_0_2_node_992,22,0.2510822510822511,0.0014123899649866412,0.37206703910614525,2.6876876876876876,0.011521785436434428,12.0,10.0,1.1999999999999995,0.45454545454545436,0.5555555555555556,0.010183299389002034,0.29411764705882354,0.294486896006464,0.6666666666666665
graph_050_mu_0_2_node_993,22,0.3939393939393939,0.0008580081951502127,0.3726221559119731,2.6836836836836837,0.020839805145870263,17.0,5.0,3.399999999999999,0.22727272727272718,0.11627906976744187,0.005224660397074189,0.1282051282051282,0.12838985499420713,0.3953488372093022
graph_050_mu_0_2_node_994,19,0.35294117647058826,0.0006543004412140235,0.36064981949458486,2.7727727727727727,0.00911429426117385,13.0,6.0,2.166666666666667,0.31578947368421056,0.33333333333333326,0.006109979633401222,0.1875,0.18772159846358397,0.6666666666666665
graph_050_mu_0_2_node_995,22,0.3526315789473684,0.0009682268036527385,0.36809137803979364,2.7167167167167166,0.01307164948054226,15.0,7.0,2.142857142857143,0.31818181818181823,0.4375,0.00711382113821138,0.1891891891891892,0.18944774937830747,0.875
graph_050_mu_0_2_node_996,22,0.2813852813852814,0.0012309288292085103,0.3768389287061486,2.6536536536536537,0.02555192882005914,14.0,8.0,1.75,0.36363636363636365,0.16326530612244897,0.008412197686645638,0.2222222222222223,0.22251768684033418,0.2857142857142856
graph_050_mu_0_2_node_997,29,0.26354679802955666,0.0024606374282689623,0.39315230224321135,2.5435435435435436,0.03509414978311416,17.0,12.0,1.4166666666666667,0.41379310344827586,0.2926829268292682,0.012513034410844635,0.26086956521739124,0.26131279488423026,0.41463414634146356
graph_050_mu_0_2_node_998,20,0.42105263157894735,0.0008208813953897294,0.37220566318926973,2.6866866866866865,0.022051902842161394,15.0,5.0,3.0,0.25,0.1282051282051282,0.005202913631633716,0.1428571428571428,0.14304184235106623,0.38461538461538475
graph_050_mu_0_2_node_999,25,0.33666666666666667,0.0011983409114021504,0.3854166666666667,2.5945945945945947,0.028483089431725422,16.0,9.0,1.7777777777777783,0.36,0.2307692307692308,0.009365244536940686,0.21951219512195133,0.21984462965081752,0.4102564102564104
