,Degree,Clustering Coefficient,Betweenness,Closeness,Shortest Path,Eigenvector,E In,E Out,E In Over E Out,ODF,Expansion,Cut Ratio,Conductance,Normalised Cut,Triangle Participation
graph_099_mu_0_4_node_624,37,0.0675675675675675,0.002643006095929,0.4208087615838247,2.3763763763763763,0.0400302238694585,14.0,23.0,0.608695652173913,0.6216216216216217,0.3833333333333334,0.0244680851063829,0.4509803921568628,0.4518144810054574,0.2333333333333333
graph_099_mu_0_4_node_2,23,0.2648221343873518,0.000742042416508,0.3911511354737666,2.5565565565565564,0.0251656178119611,14.0,9.0,1.555555555555556,0.3913043478260869,0.4736842105263158,0.0091743119266055,0.2432432432432432,0.2435697916268288,0.7368421052631577
graph_099_mu_0_4_node_860,29,0.1339031339031339,0.0013367876954773,0.4049452776651804,2.4694694694694697,0.0295848190675481,14.0,15.0,0.9333333333333336,0.5172413793103449,0.9375,0.0152439024390243,0.3488372093023255,0.3493813381520372,0.8125
graph_099_mu_0_4_node_995,23,0.0830039525691699,0.0010495699837966,0.3975328292877039,2.5155155155155158,0.0235226016641799,9.0,14.0,0.6428571428571429,0.608695652173913,0.5384615384615384,0.0143737166324435,0.4375,0.4380076878445022,0.3461538461538461
graph_099_mu_0_4_node_977,45,0.102020202020202,0.0035063311457883,0.4343478260869565,2.3023023023023024,0.0528876710310188,20.0,25.0,0.8000000000000002,0.5555555555555556,0.4166666666666667,0.026595744680851,0.3846153846153847,0.3855223318310567,0.3166666666666665
graph_099_mu_0_4_node_610,41,0.1025641025641025,0.0026670914021645,0.425287356321839,2.3513513513513518,0.0414174472544107,19.0,22.0,0.8636363636363634,0.5365853658536587,1.0476190476190477,0.0224719101123595,0.3666666666666666,0.3674648091713829,0.8571428571428571
graph_099_mu_0_4_node_888,23,0.0355731225296442,0.001090706045773,0.3986432561851556,2.5085085085085086,0.0231482081009691,4.0,19.0,0.2105263157894736,0.8260869565217388,1.0555555555555556,0.0193482688391038,0.7037037037037039,0.7043923340541803,0.2222222222222223
graph_099_mu_0_4_node_576,32,0.0806451612903225,0.001931375903123,0.4192194712547209,2.385385385385385,0.0359997582113028,12.0,20.0,0.5999999999999998,0.625,0.5555555555555556,0.0207468879668049,0.4545454545454543,0.4552707228947437,0.3333333333333332
graph_099_mu_0_4_node_907,19,0.0760233918128654,0.0006307771845359,0.391304347826087,2.555555555555556,0.0229729949703936,7.0,12.0,0.5833333333333334,0.6315789473684211,0.2553191489361702,0.0125918153200419,0.4615384615384616,0.4619735909894731,0.148936170212766
graph_099_mu_0_4_node_894,25,0.02,0.0013862709268837,0.4054383116883117,2.4664664664664664,0.0259809168338455,8.0,17.0,0.4705882352941177,0.6799999999999998,0.265625,0.0181623931623931,0.5151515151515154,0.5157678814906619,0.078125
graph_099_mu_0_4_node_332,30,0.167816091954023,0.0015395703693422,0.408923454768727,2.4454454454454453,0.0339529415681574,14.0,16.0,0.875,0.5333333333333332,0.8421052631578946,0.0163098878695209,0.3636363636363636,0.3642167466891785,0.7368421052631577
graph_099_mu_0_4_node_745,20,0.1263157894736842,0.0006895624471876,0.3931523022432113,2.543543543543544,0.0266336774136002,9.0,11.0,0.8181818181818182,0.5499999999999999,0.1833333333333333,0.0117021276595744,0.3793103448275863,0.3797092858205867,0.1499999999999999
graph_099_mu_0_4_node_872,36,0.0793650793650793,0.0024459631928891,0.4247448979591837,2.354354354354354,0.0385459656684832,17.0,19.0,0.8947368421052634,0.5277777777777778,0.404255319148936,0.0199370409233997,0.3584905660377358,0.3591798459216466,0.3617021276595746
graph_099_mu_0_4_node_53,21,0.0904761904761904,0.0008897045415874,0.3911511354737666,2.5565565565565564,0.0220745392353802,7.0,14.0,0.5,0.6666666666666665,0.5600000000000003,0.0143589743589743,0.5,0.5005076142131981,0.2800000000000001
graph_099_mu_0_4_node_954,19,0.0409356725146198,0.000801311179903,0.3849710982658959,2.5975975975975976,0.0176710444098644,5.0,14.0,0.357142857142857,0.7368421052631577,1.0,0.0141987829614604,0.5833333333333334,0.5838408739365819,0.357142857142857
graph_099_mu_0_4_node_185,32,0.1129032258064516,0.0018268465080625,0.4176421404682274,2.3943943943943946,0.036947862869408,15.0,17.0,0.8823529411764709,0.53125,0.3035714285714285,0.0180084745762711,0.3617021276595746,0.3623188070225811,0.2678571428571428
graph_099_mu_0_4_node_641,18,0.0980392156862745,0.0006231884623024,0.3837879369957741,2.6056056056056054,0.0191111291713025,6.0,12.0,0.5,0.6666666666666665,0.3076923076923076,0.0124869927159209,0.5,0.5004350978970268,0.1538461538461538
graph_099_mu_0_4_node_92,37,0.1156156156156156,0.0025231271489451,0.4234845273420941,2.3613613613613613,0.0384340946505149,18.0,19.0,0.9473684210526316,0.5135135135135133,0.7307692307692305,0.0195071868583162,0.3454545454545456,0.3461438753533227,0.6923076923076923
graph_099_mu_0_4_node_886,28,0.0634920634920634,0.0016970913598248,0.4069246435845214,2.457457457457457,0.0265627978723827,9.0,19.0,0.4736842105263158,0.6785714285714288,0.7599999999999999,0.0194871794871794,0.5135135135135133,0.5142023935396185,0.36
graph_099_mu_0_4_node_502,17,0.0735294117647058,0.0005799997303965,0.3870592793490895,2.583583583583584,0.0191273396102528,6.0,11.0,0.5454545454545452,0.6470588235294118,0.282051282051282,0.0114464099895941,0.4782608695652175,0.4786597237658772,0.1538461538461538
graph_099_mu_0_4_node_400,30,0.1798941798941798,0.001264716067645,0.4029850746268656,2.4814814814814814,0.0316609628890816,15.0,15.0,1.0,0.5,0.8333333333333335,0.015274949083503,0.3333333333333332,0.3338775016627365,0.777777777777778
graph_099_mu_0_4_node_564,25,0.0395256916996047,0.0011994211589246,0.4029850746268656,2.4814814814814814,0.0252694069027977,8.0,17.0,0.4705882352941177,0.6799999999999998,1.0,0.017293997965412,0.5151515151515154,0.5157678814906619,0.411764705882353
graph_099_mu_0_4_node_674,29,0.0769230769230769,0.0014489701016237,0.4117889530090684,2.4284284284284285,0.030894146822991,10.0,19.0,0.5263157894736842,0.6551724137931033,0.9499999999999996,0.0193877551020408,0.4871794871794871,0.4878684171624454,0.4500000000000001
graph_099_mu_0_4_node_231,17,0.0588235294117647,0.0006165700476319,0.3875096974398759,2.5805805805805804,0.0185213401795983,5.0,12.0,0.4166666666666667,0.7058823529411762,0.4615384615384616,0.0123203285420944,0.5454545454545452,0.5458896118021634,0.1923076923076923
graph_099_mu_0_4_node_763,33,0.0814393939393939,0.0020759370415917,0.4186923721709975,2.3883883883883885,0.036671021107962,14.0,19.0,0.7368421052631577,0.5757575757575759,0.3392857142857144,0.0201271186440677,0.404255319148936,0.4049444490317839,0.25
graph_099_mu_0_4_node_918,25,0.1533333333333333,0.0009961495279048,0.3939274447949527,2.5385385385385386,0.0289622011507281,13.0,12.0,1.0833333333333337,0.4800000000000002,0.2142857142857142,0.0127118644067796,0.3157894736842105,0.3162247925552836,0.2321428571428572
graph_099_mu_0_4_node_210,20,0.1736842105263158,0.000703973619948,0.388867263526664,2.5715715715715715,0.0226143999330204,9.0,11.0,0.8181818181818182,0.5499999999999999,0.3333333333333332,0.0113753877973112,0.3793103448275863,0.3797092858205867,0.2727272727272726
graph_099_mu_0_4_node_638,26,0.1169230769230769,0.0012117799568724,0.4013660104459622,2.4914914914914914,0.0292333974264911,10.0,16.0,0.625,0.6153846153846152,0.6153846153846152,0.0164271047227926,0.4444444444444446,0.4450246591238756,0.3846153846153847
graph_099_mu_0_4_node_486,24,0.1159420289855072,0.0009928450853763,0.4042897612302711,2.4734734734734736,0.0286848792847996,11.0,13.0,0.8461538461538461,0.5416666666666667,0.2321428571428572,0.0137711864406779,0.3714285714285715,0.3719000813484146,0.1785714285714285
graph_099_mu_0_4_node_949,17,0.0220588235294117,0.0006669184706953,0.387359441644048,2.581581581581581,0.0181871116244831,3.0,14.0,0.2142857142857142,0.8235294117647061,0.6999999999999998,0.0142857142857142,0.6999999999999998,0.7005074670146441,0.1
graph_099_mu_0_4_node_869,28,0.0707692307692307,0.0014256316023518,0.4067589576547231,2.4584584584584586,0.030194721033758,10.0,18.0,0.5555555555555556,0.6428571428571429,0.3214285714285714,0.0190677966101694,0.4736842105263158,0.4743369047028334,0.1607142857142857
graph_099_mu_0_4_node_936,28,0.0608465608465608,0.0015321772416887,0.4157303370786517,2.4054054054054053,0.0345249637295364,7.0,21.0,0.3333333333333332,0.75,0.5,0.0219206680584551,0.5999999999999998,0.6007612281146918,0.1666666666666666
graph_099_mu_0_4_node_971,31,0.1502463054187192,0.0012858957186914,0.4104354971240756,2.4364364364364364,0.0379346853363325,19.0,12.0,1.583333333333333,0.3870967741935483,0.2,0.0127659574468085,0.2400000000000001,0.2404355084561226,0.2999999999999999
graph_099_mu_0_4_node_480,14,0.0549450549450549,0.0004283146136795,0.3830521472392638,2.6106106106106104,0.0171037407489592,3.0,11.0,0.2727272727272726,0.7857142857142859,0.1833333333333333,0.0117021276595744,0.6470588235294118,0.6474575909754876,0.05
graph_099_mu_0_4_node_393,34,0.0499108734402852,0.0024595744841276,0.4165971643035863,2.4004004004004003,0.0333730835467832,10.0,24.0,0.4166666666666667,0.7058823529411762,0.8888888888888892,0.0246659815005138,0.5454545454545452,0.546324615060114,0.3703703703703703
graph_099_mu_0_4_node_364,20,0.1105263157894736,0.0007616710890442,0.3928430987023201,2.5455455455455454,0.0252559270753179,8.0,12.0,0.6666666666666665,0.5999999999999998,0.25,0.0126050420168067,0.4285714285714285,0.4290065895810021,0.1666666666666666
graph_099_mu_0_4_node_614,21,0.0809523809523809,0.0008289262128568,0.3923802042419481,2.5485485485485486,0.0237438734940262,9.0,12.0,0.75,0.5714285714285712,0.2142857142857142,0.0127118644067796,0.4000000000000001,0.4004351925727132,0.1428571428571428
graph_099_mu_0_4_node_552,34,0.0685483870967741,0.0019676125761424,0.4100985221674877,2.4384384384384385,0.0344327365352389,15.0,19.0,0.7894736842105262,0.5588235294117646,0.4523809523809525,0.0198329853862213,0.3877551020408161,0.3884442819167639,0.3333333333333332
graph_099_mu_0_4_node_9,44,0.0789779326364692,0.0033788236896249,0.4356737897950283,2.295295295295295,0.0474528824466116,21.0,23.0,0.9130434782608692,0.5227272727272725,0.5476190476190476,0.0240083507306889,0.3538461538461537,0.3546806663819834,0.4761904761904762
graph_099_mu_0_4_node_945,32,0.0826612903225806,0.0018671723240443,0.408255006129955,2.4494494494494496,0.0363799506249737,15.0,17.0,0.8823529411764709,0.53125,0.3541666666666667,0.0178571428571428,0.3617021276595746,0.3623188070225811,0.2916666666666667
graph_099_mu_0_4_node_82,19,0.0701754385964912,0.0006961068706422,0.3951740506329114,2.5305305305305303,0.02682280468245,5.0,14.0,0.357142857142857,0.7368421052631577,0.2800000000000001,0.0147368421052631,0.5833333333333334,0.5838408739365819,0.1
graph_099_mu_0_4_node_799,24,0.072463768115942,0.0011575319604354,0.4023358840112767,2.4854854854854853,0.0253589188394461,9.0,15.0,0.5999999999999998,0.625,0.3846153846153847,0.0156087408949011,0.4545454545454543,0.4550893860826051,0.2051282051282052
graph_099_mu_0_4_node_125,19,0.0292397660818713,0.0008084199184832,0.3894736842105263,2.5675675675675675,0.0190557273331211,3.0,16.0,0.1875,0.8421052631578946,0.5925925925925926,0.0164439876670092,0.7272727272727273,0.7278526475336912,0.074074074074074
graph_099_mu_0_4_node_319,17,0.0514705882352941,0.0005294640673415,0.3860123647604327,2.5905905905905904,0.0205768731508156,4.0,13.0,0.3076923076923076,0.7647058823529413,0.3333333333333332,0.0135275754422476,0.6190476190476188,0.6195188896657087,0.0512820512820513
graph_099_mu_0_4_node_892,18,0.1176470588235294,0.0005574510763715,0.3948616600790514,2.5325325325325325,0.0249289208204264,7.0,11.0,0.6363636363636365,0.6111111111111108,0.171875,0.0117521367521367,0.4400000000000001,0.4403988831272436,0.109375
graph_099_mu_0_4_node_144,49,0.0592044403330249,0.004245970429128,0.4447907390917186,2.2482482482482484,0.054305561779671,22.0,27.0,0.8148148148148148,0.5510204081632653,0.421875,0.0288461538461538,0.380281690140845,0.3812612642075287,0.328125
graph_099_mu_0_4_node_813,28,0.1384615384615384,0.0013058751963157,0.40056134723336,2.4964964964964964,0.0255004458981748,14.0,14.0,1.0,0.5,0.3589743589743588,0.0145681581685744,0.3333333333333332,0.3338412053495853,0.3333333333333332
graph_099_mu_0_4_node_628,17,0.1470588235294117,0.0004696961765453,0.3795592705167173,2.6346346346346348,0.0182687294779782,9.0,8.0,1.125,0.4705882352941177,0.3076923076923076,0.0082135523613963,0.3076923076923076,0.307982478167462,0.3076923076923076
graph_099_mu_0_4_node_252,19,0.1988304093567251,0.0005630480724616,0.3849710982658959,2.5975975975975976,0.0230116314622097,9.0,10.0,0.9000000000000002,0.5263157894736842,0.303030303030303,0.0103412616339193,0.357142857142857,0.3575055439265506,0.2727272727272726
graph_099_mu_0_4_node_931,26,0.0738461538461538,0.0012918021932439,0.4069246435845214,2.457457457457457,0.0312631198108983,9.0,17.0,0.5294117647058824,0.6538461538461539,0.3617021276595746,0.0178384050367261,0.4857142857142857,0.4863306967516693,0.1914893617021276
graph_099_mu_0_4_node_12,27,0.0427350427350427,0.0015177948348692,0.4129805704836709,2.4214214214214214,0.0312702352953763,4.0,23.0,0.1739130434782608,0.8518518518518517,0.5476190476190476,0.0240083507306889,0.7419354838709677,0.7427689681978382,0.0952380952380952
graph_099_mu_0_4_node_972,24,0.1014492753623188,0.0010757410220541,0.3997599039615846,2.5015015015015014,0.0266706869027204,10.0,14.0,0.7142857142857141,0.5833333333333334,0.5384615384615384,0.0143737166324435,0.411764705882353,0.4122724305505186,0.3846153846153847
graph_099_mu_0_4_node_287,26,0.0523076923076923,0.0014216471378001,0.4015273311897106,2.4904904904904903,0.0244468019531283,9.0,17.0,0.5294117647058824,0.6538461538461539,0.6296296296296297,0.0174717368961973,0.4857142857142857,0.4863306967516693,0.3333333333333332
graph_099_mu_0_4_node_296,23,0.1523809523809524,0.0008078328193661,0.3870592793490895,2.583583583583584,0.0205789193085497,12.0,11.0,1.0909090909090904,0.4782608695652175,0.282051282051282,0.0114464099895941,0.3142857142857142,0.3146847421088362,0.282051282051282
graph_099_mu_0_4_node_942,17,0.0294117647058823,0.0006011177939692,0.3824655436447167,2.6146146146146148,0.0168338250379988,3.0,14.0,0.2142857142857142,0.8235294117647061,0.5600000000000003,0.0143589743589743,0.6999999999999998,0.7005074670146441,0.12
graph_099_mu_0_4_node_94,15,0.0857142857142857,0.0003735248333316,0.3761295180722891,2.6586586586586587,0.0165965908913151,5.0,10.0,0.5,0.6666666666666665,0.3846153846153847,0.0102669404517453,0.5,0.5003625815808556,0.1538461538461538
graph_099_mu_0_4_node_687,19,0.0409356725146198,0.0007725767897154,0.3893219017926734,2.5685685685685686,0.0187171803235124,3.0,16.0,0.1875,0.8421052631578946,0.3404255319148935,0.0167890870933893,0.7272727272727273,0.7278526475336912,0.0212765957446808
graph_099_mu_0_4_node_51,20,0.0473684210526315,0.0008426884241137,0.392226148409894,2.5495495495495497,0.0198565088446491,3.0,17.0,0.176470588235294,0.8499999999999998,0.7083333333333334,0.0174180327868852,0.7391304347826088,0.7397465777277717,0.125
graph_099_mu_0_4_node_498,22,0.0389610389610389,0.0009909097763514,0.3970588235294117,2.5185185185185186,0.0232632352598784,6.0,16.0,0.375,0.7272727272727273,0.8421052631578946,0.0163098878695209,0.5714285714285712,0.5720086178322836,0.2105263157894736
graph_099_mu_0_4_node_929,23,0.0237154150197628,0.0013172985968173,0.3978494623655914,2.5135135135135136,0.0220220674548346,4.0,19.0,0.2105263157894736,0.8260869565217388,1.0555555555555556,0.0193482688391038,0.7037037037037039,0.7043923340541803,0.1666666666666666
graph_099_mu_0_4_node_729,22,0.1168831168831168,0.0008250793779599,0.3917647058823529,2.5525525525525525,0.0261919185239718,11.0,11.0,1.0,0.5,0.2972972972972973,0.0114226375908618,0.3333333333333332,0.333732332208882,0.2972972972972973
graph_099_mu_0_4_node_479,22,0.0865800865800865,0.0008614102851559,0.4051094890510949,2.468468468468469,0.0297453863634183,7.0,15.0,0.4666666666666667,0.6818181818181818,0.2999999999999999,0.0157894736842105,0.5172413793103449,0.5177852319625329,0.14
graph_099_mu_0_4_node_402,18,0.0392156862745098,0.0006773895262125,0.388867263526664,2.5715715715715715,0.0198279091117489,4.0,14.0,0.2857142857142856,0.777777777777778,0.297872340425532,0.0146904512067156,0.6363636363636365,0.6368711401699148,0.0851063829787233
graph_099_mu_0_4_node_379,30,0.0781609195402298,0.0014730919451509,0.4099302421009438,2.43943943943944,0.0386852800124768,13.0,17.0,0.7647058823529413,0.5666666666666665,0.3541666666666667,0.0178571428571428,0.3953488372093022,0.3959654271044819,0.25
graph_099_mu_0_4_node_849,28,0.0423280423280423,0.0017102863491092,0.4129805704836709,2.4214214214214214,0.0285963859113526,7.0,21.0,0.3333333333333332,0.75,0.8076923076923079,0.0215605749486653,0.5999999999999998,0.6007612281146918,0.2692307692307692
graph_099_mu_0_4_node_268,25,0.1,0.0010209810477828,0.3997599039615846,2.5015015015015014,0.0287018525947773,13.0,12.0,1.0833333333333337,0.4800000000000002,0.2857142857142856,0.0125260960334029,0.3157894736842105,0.3162247925552836,0.3095238095238094
graph_099_mu_0_4_node_857,32,0.0745967741935483,0.0020132756072991,0.4178168130489335,2.393393393393393,0.0356951957703975,12.0,20.0,0.5999999999999998,0.625,0.8000000000000002,0.0205128205128205,0.4545454545454543,0.4552707228947437,0.4800000000000002
graph_099_mu_0_4_node_735,19,0.1286549707602339,0.0007225496665132,0.3817348108521207,2.61961961961962,0.0173509133775384,8.0,11.0,0.7272727272727273,0.5789473684210529,0.6875,0.0111788617886178,0.4074074074074074,0.4078063194654309,0.5
graph_099_mu_0_4_node_238,43,0.0919158361018826,0.0031349377018415,0.4313471502590673,2.3183183183183185,0.0515205662288173,20.0,23.0,0.8695652173913044,0.5348837209302326,0.359375,0.0245726495726495,0.3650793650793649,0.3659138170620955,0.3125
graph_099_mu_0_4_node_631,17,0.3014705882352941,0.0003377277291255,0.3778366111951589,2.6466466466466465,0.0203783630664953,10.0,7.0,1.4285714285714282,0.411764705882353,0.3684210526315788,0.0071355759429153,0.2592592592592592,0.2595131860557913,0.5263157894736842
graph_099_mu_0_4_node_141,27,0.1339031339031339,0.0014002698465047,0.4046172539489672,2.4714714714714714,0.0301295169381599,13.0,14.0,0.9285714285714288,0.5185185185185184,0.4242424242424241,0.014477766287487,0.3499999999999999,0.3505078351712128,0.3939393939393938
graph_099_mu_0_4_node_262,26,0.2061538461538461,0.0009214849882383,0.4004008016032064,2.497497497497497,0.0346474574165385,16.0,10.0,1.6000000000000003,0.3846153846153847,0.1666666666666666,0.0106382978723404,0.2380952380952381,0.2384581091308719,0.2666666666666666
graph_099_mu_0_4_node_946,42,0.0769230769230769,0.0031265908368947,0.4317199654278306,2.3163163163163163,0.0426227823352209,16.0,26.0,0.6153846153846152,0.6190476190476188,1.0399999999999996,0.0266666666666666,0.4482758620689653,0.4492187793098445,0.5999999999999998
graph_099_mu_0_4_node_70,27,0.1266666666666666,0.0012796791755133,0.3916111328890631,2.5535535535535536,0.0220633810524101,11.0,16.0,0.6875,0.5925925925925926,1.1428571428571423,0.0162271805273833,0.4210526315789473,0.4216328883425653,0.7142857142857141
graph_099_mu_0_4_node_623,26,0.1107692307692307,0.0013305473068527,0.4007220216606498,2.4954954954954958,0.0271505463824611,10.0,16.0,0.625,0.6153846153846152,1.0,0.016260162601626,0.4444444444444446,0.4450246591238756,0.625
graph_099_mu_0_4_node_357,25,0.1333333333333333,0.0010157313189412,0.3976910828025478,2.5145145145145147,0.0297913751284054,13.0,12.0,1.0833333333333337,0.4800000000000002,0.3243243243243245,0.0124610591900311,0.3157894736842105,0.3162247925552836,0.3513513513513515
graph_099_mu_0_4_node_834,30,0.1296296296296296,0.0014666087310594,0.4015273311897106,2.4904904904904903,0.0271125642502191,13.0,17.0,0.7647058823529413,0.5666666666666665,1.0625,0.0172764227642276,0.3953488372093022,0.3959654271044819,0.75
graph_099_mu_0_4_node_787,27,0.1366666666666666,0.0011276640221148,0.396271320904403,2.523523523523524,0.0251163408104632,12.0,15.0,0.8000000000000002,0.5555555555555556,1.0,0.015228426395939,0.3846153846153847,0.385159434522896,0.7333333333333332
graph_099_mu_0_4_node_290,24,0.0432900432900432,0.0010352566341431,0.3934619929105947,2.541541541541541,0.0220455984043917,7.0,17.0,0.411764705882353,0.7083333333333334,0.9444444444444444,0.0173116089613034,0.5483870967741937,0.5490034184215852,0.3333333333333332
graph_099_mu_0_4_node_413,43,0.0902439024390243,0.0029784872547175,0.4294926913155632,2.3283283283283285,0.0455753326697962,22.0,21.0,1.0476190476190477,0.4883720930232558,0.5,0.0219206680584551,0.3230769230769231,0.3238389799045894,0.5
graph_099_mu_0_4_node_852,30,0.1005291005291005,0.0015199783408356,0.408255006129955,2.4494494494494496,0.032219460353933,13.0,17.0,0.7647058823529413,0.5666666666666665,0.4047619047619049,0.0177453027139874,0.3953488372093022,0.3959654271044819,0.2857142857142856
graph_099_mu_0_4_node_681,30,0.1587301587301587,0.0013230135153619,0.3994402239104358,2.503503503503504,0.0307990446811287,14.0,16.0,0.875,0.5333333333333332,0.8888888888888892,0.0162932790224032,0.3636363636363636,0.3642167466891785,0.722222222222222
graph_099_mu_0_4_node_881,24,0.0978260869565217,0.0010633306002916,0.4026602176541717,2.483483483483484,0.0312493394056857,8.0,16.0,0.5,0.6666666666666665,0.32,0.0168421052631578,0.5,0.5005801305293689,0.16
graph_099_mu_0_4_node_845,24,0.0995670995670995,0.0008677797277426,0.3958003169572108,2.5265265265265264,0.0281698176267317,12.0,12.0,1.0,0.5,0.2400000000000001,0.0126315789473684,0.3333333333333332,0.3337686206229444,0.22
graph_099_mu_0_4_node_376,22,0.1688311688311688,0.0007468624967122,0.3947056499407348,2.5335335335335336,0.0294881256684664,11.0,11.0,1.0,0.5,0.1833333333333333,0.0117021276595744,0.3333333333333332,0.333732332208882,0.1833333333333333
graph_099_mu_0_4_node_197,43,0.1162790697674418,0.0032211025515278,0.4320934256055363,2.314314314314314,0.0488195753929142,19.0,24.0,0.7916666666666665,0.558139534883721,0.7272727272727273,0.0248190279214064,0.3870967741935483,0.3879674119356945,0.5757575757575759
graph_099_mu_0_4_node_676,37,0.0924369747899159,0.0024194699027612,0.4150394682176984,2.4094094094094096,0.03532823198608,15.0,22.0,0.6818181818181818,0.5945945945945947,0.9166666666666664,0.0225409836065573,0.4230769230769231,0.4238748340010491,0.5833333333333334
graph_099_mu_0_4_node_850,43,0.0775193798449612,0.003194343251794,0.4375821287779238,2.285285285285285,0.0525028848733892,19.0,24.0,0.7916666666666665,0.558139534883721,0.4800000000000002,0.0252631578947368,0.3870967741935483,0.3879674119356945,0.3799999999999999
graph_099_mu_0_4_node_35,30,0.1322751322751322,0.001444000034699,0.399919935948759,2.5005005005005003,0.0285221413288771,14.0,16.0,0.875,0.5333333333333332,0.8421052631578946,0.0163098878695209,0.3636363636363636,0.3642167466891785,0.6842105263157895
graph_099_mu_0_4_node_428,26,0.1485507246376811,0.0009913926675103,0.3975328292877039,2.5155155155155158,0.0265669474814256,13.0,13.0,1.0,0.5,0.6190476190476188,0.0132788559754851,0.3333333333333332,0.33380491166975,0.5714285714285712
graph_099_mu_0_4_node_206,28,0.0846560846560846,0.0016458600999916,0.4059325477448192,2.463463463463464,0.0283674799293279,11.0,17.0,0.6470588235294118,0.6071428571428571,0.5151515151515154,0.0175801447776628,0.435897435897436,0.436513936350745,0.3333333333333332
graph_099_mu_0_4_node_958,24,0.0760869565217391,0.0011212053835505,0.396271320904403,2.523523523523524,0.0237338862757928,9.0,15.0,0.5999999999999998,0.625,0.7142857142857141,0.0153217568947906,0.4545454545454543,0.4550893860826051,0.4285714285714285
graph_099_mu_0_4_node_818,15,0.0761904761904762,0.0004075617226213,0.3775510204081632,2.6486486486486487,0.0152993638456894,6.0,9.0,0.6666666666666665,0.5999999999999998,0.5,0.0091649694501018,0.4285714285714285,0.428897787493719,0.3333333333333332
graph_099_mu_0_4_node_106,14,0.0769230769230769,0.0003564848668741,0.3798479087452471,2.6326326326326326,0.0164693789685941,3.0,11.0,0.2727272727272726,0.7857142857142859,0.282051282051282,0.0114464099895941,0.6470588235294118,0.6474575909754876,0.0769230769230769
graph_099_mu_0_4_node_441,19,0.087719298245614,0.0006283955769878,0.3933070866141732,2.5425425425425425,0.0240055309924236,8.0,11.0,0.7272727272727273,0.5789473684210529,0.2340425531914894,0.0115424973767051,0.4074074074074074,0.4078063194654309,0.1702127659574467
graph_099_mu_0_4_node_516,36,0.0587301587301587,0.0026813254680557,0.4215189873417722,2.3723723723723724,0.0357355332664934,16.0,20.0,0.8000000000000002,0.5555555555555556,0.4761904761904762,0.0208768267223382,0.3846153846153847,0.385340863431403,0.3809523809523811
graph_099_mu_0_4_node_61,16,0.1,0.0004160072664547,0.3840830449826989,2.603603603603604,0.0197890110022604,9.0,7.0,1.2857142857142858,0.4375,0.1666666666666666,0.0073068893528183,0.2800000000000001,0.2802539083753492,0.1904761904761905
graph_099_mu_0_4_node_964,33,0.1931818181818181,0.0015091631381775,0.4209860935524652,2.3753753753753752,0.0500302961666628,20.0,13.0,1.538461538461539,0.3939393939393938,0.2708333333333333,0.0136554621848739,0.2452830188679245,0.2457548368187829,0.4166666666666667
graph_099_mu_0_4_node_362,40,0.0948717948717948,0.0029696099203976,0.4294926913155632,2.3283283283283285,0.0463688103831754,17.0,23.0,0.7391304347826088,0.575,0.6216216216216217,0.023883696780893,0.4035087719298245,0.4043430423059717,0.4594594594594596
graph_099_mu_0_4_node_481,23,0.0790513833992094,0.0010697279369996,0.3970588235294117,2.5185185185185186,0.02441461677691,7.0,16.0,0.4375,0.6956521739130432,0.6153846153846152,0.0164271047227926,0.5333333333333332,0.5339134217968242,0.2692307692307692
graph_099_mu_0_4_node_594,48,0.0801932367149758,0.0038126673622759,0.4400881057268722,2.2722722722722724,0.0535694274636047,22.0,26.0,0.8461538461538461,0.5416666666666667,0.6190476190476188,0.0271398747390396,0.3714285714285715,0.3723718991986898,0.5
graph_099_mu_0_4_node_167,28,0.0523076923076923,0.0014488030800957,0.4004008016032064,2.497497497497497,0.0262666980416551,12.0,16.0,0.75,0.5714285714285712,0.3809523809523811,0.0167014613778705,0.4000000000000001,0.4005802988539099,0.2619047619047619
graph_099_mu_0_4_node_237,17,0.0441176470588235,0.0006125080524482,0.3863109048723898,2.5885885885885886,0.0186144324855906,4.0,13.0,0.3076923076923076,0.7647058823529413,0.5199999999999998,0.0133333333333333,0.6190476190476188,0.6195188896657087,0.16
graph_099_mu_0_4_node_555,39,0.0985155195681511,0.0029902154738557,0.4247448979591837,2.354354354354354,0.0350949347396702,19.0,20.0,0.9499999999999996,0.5128205128205128,0.7692307692307695,0.0205338809034907,0.3448275862068967,0.3455532229531413,0.7307692307692305
graph_099_mu_0_4_node_41,26,0.1476923076923077,0.0011264268080557,0.4002403846153846,2.4984984984984986,0.0279057591341194,10.0,16.0,0.625,0.6153846153846152,0.2666666666666666,0.0170212765957446,0.4444444444444446,0.4450246591238756,0.1666666666666666
graph_099_mu_0_4_node_709,21,0.0409356725146198,0.0007843458694178,0.3849710982658959,2.5975975975975976,0.0180347985175038,6.0,15.0,0.4000000000000001,0.7142857142857141,0.8333333333333335,0.015274949083503,0.5555555555555556,0.5560993687738423,0.2777777777777778
graph_099_mu_0_4_node_384,25,0.1266666666666666,0.0011964498275972,0.3931523022432113,2.543543543543544,0.0225688337407823,12.0,13.0,0.9230769230769232,0.5199999999999998,0.3333333333333332,0.0135275754422476,0.3513513513513515,0.3518228954769996,0.282051282051282
graph_099_mu_0_4_node_127,19,0.0818713450292397,0.0006804341649274,0.3908450704225352,2.558558558558558,0.0213893014469873,5.0,14.0,0.357142857142857,0.7368421052631577,0.5600000000000003,0.0143589743589743,0.5833333333333334,0.5838408739365819,0.2
graph_099_mu_0_4_node_823,24,0.0389610389610389,0.0011663212194117,0.3983253588516746,2.5105105105105103,0.0223762732030371,7.0,17.0,0.411764705882353,0.7083333333333334,1.6999999999999995,0.0171717171717171,0.5483870967741937,0.5490034184215852,0.5999999999999998
graph_099_mu_0_4_node_352,40,0.139402560455192,0.0023961041347009,0.4215189873417722,2.3723723723723724,0.0437305152331862,22.0,18.0,1.2222222222222217,0.4500000000000001,0.3214285714285714,0.0190677966101694,0.2903225806451612,0.2909758433293451,0.375
graph_099_mu_0_4_node_79,17,0.0294117647058823,0.0007039488499914,0.3843786071565987,2.601601601601601,0.0160155177442188,3.0,14.0,0.2142857142857142,0.8235294117647061,0.6666666666666665,0.0143003064351379,0.6999999999999998,0.7005074670146441,0.1428571428571428
graph_099_mu_0_4_node_969,22,0.1255411255411255,0.0009698244522692,0.3872093023255814,2.5825825825825826,0.0195499902063613,9.0,13.0,0.6923076923076923,0.5909090909090909,0.9285714285714288,0.0131845841784989,0.4193548387096773,0.4198262802327963,0.6428571428571429
graph_099_mu_0_4_node_23,22,0.1601731601731601,0.0007876160598123,0.3867595818815331,2.5855855855855854,0.0208282416995988,10.0,12.0,0.8333333333333335,0.5454545454545452,0.75,0.0121951219512195,0.375,0.3754352241404322,0.625
graph_099_mu_0_4_node_801,23,0.1422924901185771,0.0010221532448065,0.3867595818815331,2.5855855855855854,0.0203854362993672,10.0,13.0,0.7692307692307695,0.5652173913043478,0.9285714285714288,0.0131845841784989,0.3939393939393938,0.3944108696583944,0.7142857142857141
graph_099_mu_0_4_node_186,25,0.0766666666666666,0.0013539306031796,0.4021739130434782,2.4864864864864864,0.0243228289376617,8.0,17.0,0.4705882352941177,0.6799999999999998,0.2833333333333332,0.0180851063829787,0.5151515151515154,0.5157678814906619,0.1333333333333333
graph_099_mu_0_4_node_230,49,0.0962072155411655,0.0037420719504445,0.437007874015748,2.2882882882882885,0.0546263517876918,26.0,23.0,1.1304347826086956,0.4693877551020407,0.6216216216216217,0.023883696780893,0.3066666666666666,0.3075014820998633,0.6756756756756757
graph_099_mu_0_4_node_440,33,0.1022727272727272,0.0019364795752306,0.4181665969024696,2.391391391391392,0.0395552900511121,15.0,18.0,0.8333333333333335,0.5454545454545452,0.4864864864864865,0.0186915887850467,0.375,0.3756529309344166,0.4054054054054053
graph_099_mu_0_4_node_31,24,0.1038961038961039,0.0009093949422396,0.3934619929105947,2.541541541541541,0.0235621249001579,10.0,14.0,0.7142857142857141,0.5833333333333334,0.9333333333333336,0.0142131979695431,0.411764705882353,0.4122724305505186,0.5999999999999998
graph_099_mu_0_4_node_484,18,0.0166666666666666,0.0006157425509368,0.3795592705167173,2.6346346346346348,0.0157171657646972,5.0,13.0,0.3846153846153847,0.722222222222222,0.3095238095238094,0.0135699373695198,0.5652173913043478,0.5656886960935295,0.0952380952380952
graph_099_mu_0_4_node_514,32,0.1350806451612903,0.001756599061,0.4114497528830313,2.4304304304304303,0.0341135494647389,15.0,17.0,0.8823529411764709,0.53125,0.6538461538461539,0.0174537987679671,0.3617021276595746,0.3623188070225811,0.5769230769230768
graph_099_mu_0_4_node_103,29,0.0344827586206896,0.0018793536689189,0.4159034138218151,2.4044044044044046,0.0307859153270829,9.0,20.0,0.4500000000000001,0.6896551724137934,1.0526315789473684,0.0203873598369011,0.5263157894736842,0.5270409000530475,0.4210526315789473
graph_099_mu_0_4_node_131,15,0.0571428571428571,0.0004669254207554,0.3789833080424886,2.6386386386386387,0.0151088400129643,5.0,10.0,0.5,0.6666666666666665,0.7142857142857141,0.0101419878296146,0.5,0.5003625815808556,0.357142857142857
graph_099_mu_0_4_node_554,27,0.1111111111111111,0.0013360305629145,0.4012048192771084,2.4924924924924925,0.0265751413156851,11.0,16.0,0.6875,0.5925925925925926,0.6153846153846152,0.0164271047227926,0.4210526315789473,0.4216328883425653,0.4230769230769231
graph_099_mu_0_4_node_137,31,0.1403940886699507,0.0016171619370564,0.4008828250401284,2.4944944944944947,0.0267383419288546,14.0,17.0,0.8235294117647061,0.5483870967741937,0.2833333333333332,0.0180851063829787,0.3777777777777778,0.3783944124036257,0.2166666666666667
graph_099_mu_0_4_node_786,38,0.069701280227596,0.0029360535793919,0.4188679245283019,2.3873873873873874,0.0349267380296713,15.0,23.0,0.6521739130434784,0.6052631578947368,0.9200000000000002,0.0235897435897435,0.4339622641509433,0.4347964134999441,0.5999999999999998
graph_099_mu_0_4_node_812,24,0.1168831168831168,0.0009642850836574,0.3891702376314764,2.5695695695695697,0.0216664254864022,10.0,14.0,0.7142857142857141,0.5833333333333334,0.875,0.0142276422764227,0.411764705882353,0.4122724305505186,0.5625
graph_099_mu_0_4_node_264,24,0.0579710144927536,0.0011221892555955,0.4084219133278822,2.448448448448449,0.0297394687298558,8.0,16.0,0.5,0.6666666666666665,0.3809523809523811,0.0167014613778705,0.5,0.5005801305293689,0.1904761904761905
graph_099_mu_0_4_node_482,40,0.0825035561877667,0.0027322307050739,0.4251063829787234,2.3523523523523524,0.0396738343507552,17.0,23.0,0.7391304347826088,0.575,0.884615384615385,0.0236139630390143,0.4035087719298245,0.4043430423059717,0.6153846153846152
graph_099_mu_0_4_node_722,36,0.0793650793650793,0.0023294050348599,0.4242038216560509,2.3573573573573574,0.0423992050662762,15.0,21.0,0.7142857142857141,0.5833333333333334,0.3499999999999999,0.0223404255319148,0.411764705882353,0.4125263757528692,0.25
graph_099_mu_0_4_node_706,36,0.0730837789661319,0.0020306002437246,0.4234845273420941,2.3613613613613613,0.0465025274626263,16.0,20.0,0.8000000000000002,0.5555555555555556,0.4166666666666667,0.0210084033613445,0.3846153846153847,0.385340863431403,0.3125
graph_099_mu_0_4_node_983,20,0.0210526315789473,0.0007878135741832,0.3933070866141732,2.5425425425425425,0.0215868911286313,3.0,17.0,0.176470588235294,0.8499999999999998,0.8947368421052634,0.0173292558613659,0.7391304347826088,0.7397465777277717,0.0526315789473684
graph_099_mu_0_4_node_176,33,0.1225806451612903,0.0018347223558269,0.4065934065934066,2.45945945945946,0.0295179510251366,15.0,18.0,0.8333333333333335,0.5454545454545452,0.8571428571428571,0.0183861082737487,0.375,0.3756529309344166,0.6666666666666665
graph_099_mu_0_4_node_753,29,0.1108374384236453,0.0016250265296137,0.4031476997578692,2.4804804804804803,0.0275511229411413,11.0,18.0,0.6111111111111108,0.6206896551724139,1.1999999999999995,0.0182741116751269,0.4500000000000001,0.4506527415143602,0.7333333333333332
graph_099_mu_0_4_node_702,23,0.067193675889328,0.0010256341119897,0.3970588235294117,2.5185185185185186,0.0241713936654305,6.0,17.0,0.3529411764705881,0.7391304347826088,0.4722222222222222,0.0176348547717842,0.5862068965517241,0.5868231735138411,0.1666666666666666
graph_099_mu_0_4_node_974,26,0.0707692307692307,0.0014053083372847,0.4044534412955465,2.4724724724724725,0.028987959647239,7.0,19.0,0.3684210526315788,0.7307692307692305,0.7307692307692305,0.0195071868583162,0.5757575757575759,0.5764463558917066,0.2692307692307692
graph_099_mu_0_4_node_660,18,0.0522875816993464,0.0006806325117212,0.3906922174423152,2.55955955955956,0.0212911920435934,3.0,15.0,0.2,0.8333333333333335,1.5,0.0151515151515151,0.7142857142857141,0.7148294092366003,0.2
graph_099_mu_0_4_node_218,26,0.1376811594202898,0.0010658103830468,0.3919183993723029,2.5515515515515514,0.0232127942128661,12.0,14.0,0.8571428571428571,0.5384615384615384,0.875,0.0142276422764227,0.3684210526315788,0.3689288509630986,0.6875
graph_099_mu_0_4_node_704,33,0.125,0.0019423169463966,0.4153846153846154,2.4074074074074074,0.0374972991655359,14.0,19.0,0.7368421052631577,0.5757575757575759,0.7307692307692305,0.0195071868583162,0.404255319148936,0.4049444490317839,0.5384615384615384
graph_099_mu_0_4_node_630,25,0.1225296442687747,0.0009913506469889,0.3936170212765957,2.5405405405405403,0.0229834369892369,11.0,14.0,0.7857142857142859,0.5600000000000003,1.0,0.0141987829614604,0.388888888888889,0.38939665038606,0.7142857142857141
graph_099_mu_0_4_node_707,32,0.0987903225806451,0.0019354100065332,0.4171189979123173,2.397397397397397,0.0360155686226079,13.0,19.0,0.6842105263157895,0.59375,0.7307692307692305,0.0195071868583162,0.4222222222222223,0.4229113021192229,0.5
graph_099_mu_0_4_node_749,24,0.0108695652173913,0.0012335722454451,0.3931523022432113,2.543543543543544,0.0210670650727,9.0,15.0,0.5999999999999998,0.625,0.5555555555555556,0.0154162384378211,0.4545454545454543,0.4550893860826051,0.2222222222222223
graph_099_mu_0_4_node_608,19,0.0584795321637426,0.0007892590965772,0.392226148409894,2.5495495495495497,0.0201204621564888,4.0,15.0,0.2666666666666666,0.7894736842105262,0.5769230769230768,0.015400410677618,0.6521739130434784,0.6527176474111152,0.1538461538461538
graph_099_mu_0_4_node_609,29,0.1538461538461538,0.0013028631123283,0.3954869358669833,2.5285285285285286,0.0253671712075915,14.0,15.0,0.9333333333333336,0.5172413793103449,1.0714285714285714,0.0152129817444219,0.3488372093023255,0.3493813381520372,0.9285714285714288
graph_099_mu_0_4_node_768,31,0.1477832512315271,0.0014379722567105,0.4042897612302711,2.4734734734734736,0.031225522290835,15.0,16.0,0.9375,0.5161290322580643,0.6666666666666665,0.0163934426229508,0.3478260869565216,0.3484065121179523,0.5833333333333334
graph_099_mu_0_4_node_241,24,0.144927536231884,0.0010159054611259,0.3964285714285714,2.5225225225225225,0.02526334092891,11.0,13.0,0.8461538461538461,0.5416666666666667,0.2166666666666667,0.0138297872340425,0.3714285714285715,0.3719000813484146,0.1666666666666666
graph_099_mu_0_4_node_794,43,0.1329268292682927,0.0026999116705221,0.430603448275862,2.3223223223223224,0.0507628715534472,22.0,21.0,1.0476190476190477,0.4883720930232558,0.8076923076923079,0.0215605749486653,0.3230769230769231,0.3238389799045894,0.8076923076923079
graph_099_mu_0_4_node_261,25,0.05,0.0012281366930225,0.3981666002391391,2.5115115115115114,0.0257672641369256,9.0,16.0,0.5625,0.64,0.8888888888888892,0.0162932790224032,0.4705882352941177,0.4711684078954664,0.4444444444444446
graph_099_mu_0_4_node_898,21,0.0857142857142857,0.000928115761659,0.3842307692307692,2.6026026026026026,0.0175031621113824,9.0,12.0,0.75,0.5714285714285712,0.6315789473684211,0.0122324159021406,0.4000000000000001,0.4004351925727132,0.4736842105263158
graph_099_mu_0_4_node_530,27,0.0541310541310541,0.0014702972443885,0.4054383116883117,2.4664664664664664,0.0289369744079768,10.0,17.0,0.5882352941176471,0.6296296296296297,0.4047619047619049,0.0177453027139874,0.4594594594594596,0.4600759152015633,0.2380952380952381
graph_099_mu_0_4_node_107,46,0.1109936575052854,0.0032589479627002,0.4320934256055363,2.314314314314314,0.0519198796929791,23.0,23.0,1.0,0.5,0.6216216216216217,0.023883696780893,0.3333333333333332,0.3341679670017298,0.5945945945945947
graph_099_mu_0_4_node_724,36,0.0909090909090909,0.0022585766977095,0.4167709637046308,2.3993993993994,0.0355131537254197,17.0,19.0,0.8947368421052634,0.5277777777777778,0.4871794871794871,0.0197710718002081,0.3584905660377358,0.3591798459216466,0.4102564102564104
graph_099_mu_0_4_node_962,18,0.0457516339869281,0.0007659312761148,0.3820267686424474,2.6176176176176176,0.0154668492811057,4.0,14.0,0.2857142857142856,0.777777777777778,0.6999999999999998,0.0142857142857142,0.6363636363636365,0.6368711401699148,0.2
graph_099_mu_0_4_node_280,52,0.0776772247360482,0.0049032739280413,0.4495949594959496,2.224224224224224,0.0557926117975371,27.0,25.0,1.08,0.4807692307692308,0.5319148936170212,0.0262329485834207,0.3164556962025316,0.3173631042820932,0.5744680851063831
graph_099_mu_0_4_node_592,26,0.0584615384615384,0.0012736833181137,0.4039627982207844,2.4754754754754758,0.0304881757113428,8.0,18.0,0.4444444444444446,0.6923076923076923,0.36,0.0189473684210526,0.5294117647058824,0.5300643642273092,0.16
graph_099_mu_0_4_node_819,22,0.0995670995670995,0.0008461872506268,0.3967434471803018,2.5205205205205203,0.026670104758317,9.0,13.0,0.6923076923076923,0.5909090909090909,0.203125,0.0138888888888888,0.4193548387096773,0.4198262802327963,0.140625
graph_099_mu_0_4_node_791,18,0.1372549019607843,0.0006918023265482,0.3824655436447167,2.6146146146146148,0.0159860709902132,8.0,10.0,0.8000000000000002,0.5555555555555556,0.7142857142857141,0.0101419878296146,0.3846153846153847,0.3849780450926456,0.5714285714285712
graph_099_mu_0_4_node_74,26,0.1376811594202898,0.0011002039562314,0.3891702376314764,2.5695695695695697,0.0208782608682971,12.0,14.0,0.8571428571428571,0.5384615384615384,1.0,0.0141987829614604,0.3684210526315788,0.3689288509630986,0.7857142857142859
graph_099_mu_0_4_node_656,33,0.086021505376344,0.0018506241744939,0.4092585006145022,2.443443443443444,0.0316287937869494,13.0,20.0,0.6500000000000002,0.6060606060606061,0.8000000000000002,0.0205128205128205,0.4347826086956522,0.4355079296501746,0.4800000000000002
graph_099_mu_0_4_node_368,29,0.0569800569800569,0.0014684721826525,0.4112803622890078,2.431431431431432,0.0328207431266702,10.0,19.0,0.5263157894736842,0.6551724137931033,0.3166666666666665,0.0202127659574468,0.4871794871794871,0.4878684171624454,0.1499999999999999
graph_099_mu_0_4_node_75,24,0.0579710144927536,0.0012484882062974,0.398961661341853,2.5065065065065064,0.0224672062997788,9.0,15.0,0.5999999999999998,0.625,0.234375,0.016025641025641,0.4545454545454543,0.4550893860826051,0.109375
graph_099_mu_0_4_node_19,40,0.0897435897435897,0.002837488129809,0.4272882805816937,2.34034034034034,0.0435859459188592,21.0,19.0,1.1052631578947367,0.4749999999999998,0.296875,0.0202991452991452,0.3114754098360656,0.3121648898230018,0.328125
graph_099_mu_0_4_node_86,25,0.1146245059288537,0.0010266344150781,0.389018691588785,2.5705705705705704,0.0215760178217836,12.0,13.0,0.9230769230769232,0.5199999999999998,0.3333333333333332,0.0135275754422476,0.3513513513513515,0.3518228954769996,0.282051282051282
graph_099_mu_0_4_node_976,22,0.0735930735930736,0.0008871652203344,0.3931523022432113,2.543543543543544,0.0257190709300764,9.0,13.0,0.6923076923076923,0.5909090909090909,0.2599999999999999,0.0136842105263157,0.4193548387096773,0.4198262802327963,0.16
graph_099_mu_0_4_node_448,20,0.0368421052631578,0.0008022014807525,0.3943939992104224,2.535535535535536,0.0231666177408138,6.0,14.0,0.4285714285714285,0.6999999999999998,0.388888888888889,0.0145228215767634,0.5384615384615384,0.5389691158670927,0.1111111111111111
graph_099_mu_0_4_node_182,21,0.0714285714285714,0.0009357508007061,0.3914576802507837,2.5545545545545547,0.0222864691682339,8.0,13.0,0.6153846153846152,0.6190476190476188,0.3095238095238094,0.0135699373695198,0.4482758620689653,0.4487472694011626,0.1904761904761905
graph_099_mu_0_4_node_973,27,0.0968660968660968,0.0012091603527612,0.4119587628865979,2.4274274274274275,0.0336978392857884,10.0,17.0,0.5882352941176471,0.6296296296296297,0.3617021276595746,0.0178384050367261,0.4594594594594596,0.4600759152015633,0.2127659574468086
graph_099_mu_0_4_node_232,27,0.0854700854700854,0.0013149293333614,0.4023358840112767,2.4854854854854853,0.0296680567371769,10.0,17.0,0.5882352941176471,0.6296296296296297,0.8095238095238098,0.017364657814096,0.4594594594594596,0.4600759152015633,0.4761904761904762
graph_099_mu_0_4_node_452,25,0.0466666666666666,0.0014234381885057,0.4013660104459622,2.4914914914914914,0.0236176598034216,7.0,18.0,0.388888888888889,0.72,0.6666666666666665,0.0184994861253854,0.5625,0.5631525522041764,0.2592592592592592
graph_099_mu_0_4_node_602,25,0.0790513833992094,0.0011655599624287,0.3911511354737666,2.5565565565565564,0.0218427537201541,9.0,16.0,0.5625,0.64,1.0,0.016260162601626,0.4705882352941177,0.4711684078954664,0.5
graph_099_mu_0_4_node_588,20,0.1764705882352941,0.0005522905267806,0.3857142857142857,2.592592592592593,0.0212753044592367,10.0,10.0,1.0,0.5,0.4761904761904762,0.010214504596527,0.3333333333333332,0.3336960464272759,0.4285714285714285
graph_099_mu_0_4_node_300,17,0.1029411764705882,0.0005544289075195,0.3858632676709154,2.5915915915915915,0.0189942374553595,6.0,11.0,0.5454545454545452,0.6470588235294118,0.4230769230769231,0.0112936344969199,0.4782608695652175,0.4786597237658772,0.2307692307692308
graph_099_mu_0_4_node_95,17,0.0514705882352941,0.000629801990687,0.3854166666666667,2.5945945945945947,0.0174540169709893,4.0,13.0,0.3076923076923076,0.7647058823529413,0.6500000000000002,0.0132653061224489,0.6190476190476188,0.6195188896657087,0.2
graph_099_mu_0_4_node_111,21,0.1047619047619047,0.0007987452014759,0.4002403846153846,2.4984984984984986,0.0264438067409082,7.0,14.0,0.5,0.6666666666666665,0.5384615384615384,0.0143737166324435,0.5,0.5005076142131981,0.2692307692307692
graph_099_mu_0_4_node_755,16,0.0416666666666666,0.0004993420559267,0.383935434281322,2.6046046046046047,0.0182169819564078,3.0,13.0,0.2307692307692308,0.8125,0.5,0.0133470225872689,0.6842105263157895,0.6846817627677416,0.1153846153846154
graph_099_mu_0_4_node_599,24,0.1050724637681159,0.0011064922265964,0.3965859468042874,2.521521521521521,0.0244688328640778,11.0,13.0,0.8461538461538461,0.5416666666666667,0.5,0.0133470225872689,0.3714285714285715,0.3719000813484146,0.3846153846153847
graph_099_mu_0_4_node_159,35,0.042016806722689,0.0027461631328435,0.4287553648068669,2.3323323323323324,0.0364248676002358,8.0,27.0,0.2962962962962963,0.7714285714285717,0.75,0.0280082987551867,0.627906976744186,0.6288855567159162,0.2222222222222223
graph_099_mu_0_4_node_960,28,0.074074074074074,0.001499117792515,0.4138359569179785,2.4164164164164164,0.0318958707284793,11.0,17.0,0.6470588235294118,0.6071428571428571,0.3617021276595746,0.0178384050367261,0.435897435897436,0.436513936350745,0.2340425531914894
graph_099_mu_0_4_node_221,18,0.130718954248366,0.0006165538382318,0.3848228043143297,2.5985985985985987,0.0197699193269981,8.0,10.0,0.8000000000000002,0.5555555555555556,0.3846153846153847,0.0102669404517453,0.3846153846153847,0.3849780450926456,0.3076923076923076
graph_099_mu_0_4_node_807,36,0.0659536541889483,0.0021930104385388,0.4225888324873096,2.3663663663663663,0.0400449203668637,14.0,22.0,0.6363636363636365,0.6111111111111108,0.5238095238095238,0.022964509394572,0.4400000000000001,0.4407978530499746,0.3095238095238094
graph_099_mu_0_4_node_723,24,0.0519480519480519,0.0010206955036928,0.3917647058823529,2.5525525525525525,0.0217173761199505,11.0,13.0,0.8461538461538461,0.5416666666666667,0.203125,0.0138888888888888,0.3714285714285715,0.3719000813484146,0.15625
graph_099_mu_0_4_node_289,28,0.1058201058201058,0.0014373505073704,0.4165971643035863,2.4004004004004003,0.0392109466409927,12.0,16.0,0.75,0.5714285714285712,0.3333333333333332,0.0168067226890756,0.4000000000000001,0.4005802988539099,0.25
graph_099_mu_0_4_node_789,21,0.0380952380952381,0.0009445483324605,0.3919183993723029,2.5515515515515514,0.0199426019157872,3.0,18.0,0.1666666666666666,0.8571428571428571,1.0588235294117647,0.0183112919633774,0.75,0.7506523630037694,0.176470588235294
graph_099_mu_0_4_node_464,23,0.0869565217391304,0.0010332692275902,0.3994402239104358,2.503503503503504,0.0247353156563327,9.0,14.0,0.6428571428571429,0.608695652173913,0.25,0.0148305084745762,0.4375,0.4380076878445022,0.1607142857142857
graph_099_mu_0_4_node_640,24,0.108695652173913,0.0010909523394161,0.3929976396538159,2.5445445445445447,0.0234976287022832,12.0,12.0,1.0,0.5,0.3333333333333332,0.0124481327800829,0.3333333333333332,0.3337686206229444,0.3333333333333332
graph_099_mu_0_4_node_521,27,0.1225071225071225,0.0013111156653451,0.4067589576547231,2.4584584584584586,0.0313743348534862,12.0,15.0,0.8000000000000002,0.5555555555555556,0.2678571428571428,0.0158898305084745,0.3846153846153847,0.385159434522896,0.1964285714285714
graph_099_mu_0_4_node_334,22,0.2034632034632034,0.0006908143225237,0.389018691588785,2.5705705705705704,0.027769299264505,13.0,9.0,1.444444444444444,0.4090909090909091,0.1499999999999999,0.0095744680851063,0.2571428571428571,0.2574693818317515,0.2166666666666667
graph_099_mu_0_4_node_913,23,0.0790513833992094,0.0009964682110189,0.3967434471803018,2.5205205205205203,0.0243586942783864,7.0,16.0,0.4375,0.6956521739130432,0.64,0.0164102564102564,0.5333333333333332,0.5339134217968242,0.2800000000000001
graph_099_mu_0_4_node_193,40,0.1365576102418207,0.0024113878819503,0.4209860935524652,2.3753753753753752,0.0428483425042328,20.0,20.0,1.0,0.5,0.357142857142857,0.0211864406779661,0.3333333333333332,0.334059022738268,0.3392857142857144
graph_099_mu_0_4_node_915,22,0.1255411255411255,0.0008334972527527,0.3956435643564356,2.5275275275275275,0.0271446834438991,10.0,12.0,0.8333333333333335,0.5454545454545452,0.2857142857142856,0.0125260960334029,0.375,0.3754352241404322,0.2380952380952381
graph_099_mu_0_4_node_991,27,0.037037037037037,0.0015217424139235,0.4121287128712871,2.4264264264264264,0.0309733149125968,6.0,21.0,0.2857142857142856,0.777777777777778,0.5,0.0219206680584551,0.6363636363636365,0.6371248092948769,0.1428571428571428
graph_099_mu_0_4_node_643,32,0.0725806451612903,0.0021267594435851,0.4092585006145022,2.443443443443444,0.0285576548012566,12.0,20.0,0.5999999999999998,0.625,0.7692307692307695,0.0205338809034907,0.4545454545454543,0.4552707228947437,0.4615384615384616
graph_099_mu_0_4_node_705,33,0.1041666666666666,0.0018820745901642,0.4222316145393068,2.3683683683683685,0.0402349388246074,16.0,17.0,0.9411764705882354,0.5151515151515154,0.265625,0.0181623931623931,0.3469387755102041,0.3475554996168612,0.25
graph_099_mu_0_4_node_639,50,0.0425531914893617,0.0044673525102663,0.4418398938522777,2.2632632632632634,0.0508034583728246,21.0,29.0,0.7241379310344828,0.5799999999999998,0.6904761904761904,0.0302713987473903,0.408450704225352,0.4095026866681277,0.4761904761904762
graph_099_mu_0_4_node_5,23,0.1660079051383399,0.0009430839165234,0.3934619929105947,2.541541541541541,0.0230019786174513,10.0,13.0,0.7692307692307695,0.5652173913043478,0.9285714285714288,0.0131845841784989,0.3939393939393938,0.3944108696583944,0.7142857142857141
graph_099_mu_0_4_node_637,25,0.0766666666666666,0.0011715371111855,0.4056029232643118,2.4654654654654653,0.0284505491937591,7.0,18.0,0.388888888888889,0.72,0.72,0.0184615384615384,0.5625,0.5631525522041764,0.2800000000000001
graph_099_mu_0_4_node_708,27,0.1794871794871795,0.0011955981071076,0.4044534412955465,2.4724724724724725,0.0287668405679921,14.0,13.0,1.0769230769230769,0.4814814814814816,0.6190476190476188,0.0132788559754851,0.3170731707317073,0.3175447832838568,0.6666666666666665
graph_099_mu_0_4_node_900,40,0.0796586059743954,0.0026640259303168,0.4269230769230769,2.3423423423423424,0.0452442669278326,17.0,23.0,0.7391304347826088,0.575,0.6216216216216217,0.023883696780893,0.4035087719298245,0.4043430423059717,0.4324324324324325
graph_099_mu_0_4_node_385,45,0.0777777777777777,0.0036990014894631,0.4354838709677419,2.2962962962962963,0.0485557798843575,21.0,24.0,0.875,0.5333333333333332,0.5714285714285712,0.0250521920668058,0.3636363636363636,0.3645071277318575,0.5
graph_099_mu_0_4_node_685,33,0.1704545454545454,0.001918288647736,0.411619283065513,2.4294294294294296,0.035142586142572,15.0,18.0,0.8333333333333335,0.5454545454545452,1.0,0.0183299389002036,0.375,0.3756529309344166,0.8333333333333335
graph_099_mu_0_4_node_458,15,0.0952380952380952,0.0004176462879057,0.3798479087452471,2.6326326326326326,0.0175774230456076,6.0,9.0,0.6666666666666665,0.5999999999999998,0.2142857142857142,0.0093945720250521,0.4285714285714285,0.428897787493719,0.1428571428571428
graph_099_mu_0_4_node_675,17,0.0514705882352941,0.0005715375791347,0.388867263526664,2.5715715715715715,0.0196214633435354,4.0,13.0,0.3076923076923076,0.7647058823529413,0.7647058823529413,0.0132248219735503,0.6190476190476188,0.6195188896657087,0.2352941176470588
graph_099_mu_0_4_node_597,30,0.1011494252873563,0.001564879122791,0.4104354971240756,2.4364364364364364,0.0345504571609516,12.0,18.0,0.6666666666666665,0.5999999999999998,0.3214285714285714,0.0190677966101694,0.4285714285714285,0.4292242174304988,0.2142857142857142
graph_099_mu_0_4_node_174,19,0.1520467836257309,0.0006287400017007,0.383199079401611,2.6096096096096097,0.0197040736453645,8.0,11.0,0.7272727272727273,0.5789473684210529,0.1833333333333333,0.0117021276595744,0.4074074074074074,0.4078063194654309,0.1333333333333333
graph_099_mu_0_4_node_828,24,0.1630434782608695,0.0008268597301188,0.3959571938168846,2.5255255255255253,0.0303932931013092,13.0,11.0,1.181818181818182,0.4583333333333332,0.1964285714285714,0.0116525423728813,0.2972972972972973,0.2976963540721931,0.2321428571428572
graph_099_mu_0_4_node_204,33,0.096590909090909,0.0020093075327343,0.4160766347355268,2.4034034034034035,0.0371976713559282,16.0,17.0,0.9411764705882354,0.5151515151515154,0.265625,0.0181623931623931,0.3469387755102041,0.3475554996168612,0.234375
graph_099_mu_0_4_node_22,16,0.0166666666666666,0.0005271794179855,0.390234375,2.5625625625625625,0.0191446725466512,3.0,13.0,0.2307692307692308,0.8125,0.203125,0.0138888888888888,0.6842105263157895,0.6846817627677416,0.03125
graph_099_mu_0_4_node_29,29,0.0763546798029556,0.0016233321235759,0.411619283065513,2.4294294294294296,0.0322909550738154,12.0,17.0,0.7058823529411762,0.5862068965517241,0.4722222222222222,0.0176348547717842,0.4146341463414635,0.4152506915124638,0.3055555555555554
graph_099_mu_0_4_node_506,27,0.1794871794871795,0.0011820329147262,0.3970588235294117,2.5185185185185186,0.0260456829671578,13.0,14.0,0.9285714285714288,0.5185185185185184,0.6666666666666665,0.0143003064351379,0.3499999999999999,0.3505078351712128,0.6190476190476188
graph_099_mu_0_4_node_455,18,0.0326797385620915,0.0007395031351926,0.3869093725793958,2.5845845845845847,0.0177659082816365,4.0,14.0,0.2857142857142856,0.777777777777778,0.6999999999999998,0.0142857142857142,0.6363636363636365,0.6368711401699148,0.2
graph_099_mu_0_4_node_194,23,0.067193675889328,0.0009775465065753,0.3933070866141732,2.5425425425425425,0.0254657133055609,11.0,12.0,0.9166666666666664,0.5217391304347825,0.1875,0.0128205128205128,0.3529411764705881,0.3533764321833194,0.140625
graph_099_mu_0_4_node_109,28,0.1569230769230769,0.0012415755408678,0.3945497630331753,2.5345345345345347,0.0243630954899,14.0,14.0,1.0,0.5,0.875,0.0142276422764227,0.3333333333333332,0.3338412053495853,0.8125
graph_099_mu_0_4_node_771,24,0.0995670995670995,0.0008185234284997,0.3940828402366864,2.537537537537537,0.0273161655559324,12.0,12.0,1.0,0.5,0.2,0.0127659574468085,0.3333333333333332,0.3337686206229444,0.1833333333333333
graph_099_mu_0_4_node_80,19,0.0467836257309941,0.0008366728042161,0.3817348108521207,2.61961961961962,0.0152404536251767,6.0,13.0,0.4615384615384616,0.6842105263157895,1.3000000000000005,0.0131313131313131,0.5199999999999998,0.5204713389652297,0.5
graph_099_mu_0_4_node_225,14,0.0769230769230769,0.0003097830441343,0.3784090909090909,2.6426426426426426,0.0184987743003912,4.0,10.0,0.4000000000000001,0.7142857142857141,0.2083333333333333,0.0105042016806722,0.5555555555555556,0.5559181108452372,0.0833333333333333
graph_099_mu_0_4_node_93,29,0.1253561253561253,0.0014096338048565,0.4069246435845214,2.457457457457457,0.0303745676144309,14.0,15.0,0.9333333333333336,0.5172413793103449,0.25,0.0159574468085106,0.3488372093023255,0.3493813381520372,0.2166666666666667
graph_099_mu_0_4_node_259,29,0.0935960591133004,0.0017038751254313,0.4157303370786517,2.4054054054054053,0.0321980856928229,10.0,19.0,0.5263157894736842,0.6551724137931033,0.7599999999999999,0.0194871794871794,0.4871794871794871,0.4878684171624454,0.4000000000000001
graph_099_mu_0_4_node_345,22,0.1428571428571428,0.0008049075166658,0.3945497630331753,2.5345345345345347,0.0245145740249437,10.0,12.0,0.8333333333333335,0.5454545454545452,0.75,0.0121951219512195,0.375,0.3754352241404322,0.625
graph_099_mu_0_4_node_925,30,0.0620689655172413,0.001821711009662,0.4065934065934066,2.45945945945946,0.0303974540614846,9.0,21.0,0.4285714285714285,0.6999999999999998,0.4468085106382978,0.0220356768100734,0.5384615384615384,0.5392228769671396,0.1914893617021276
graph_099_mu_0_4_node_827,27,0.1133333333333333,0.0012222450338669,0.4020120724346076,2.4874874874874875,0.0279757661608516,12.0,15.0,0.8000000000000002,0.5555555555555556,0.7142857142857141,0.0153217568947906,0.3846153846153847,0.385159434522896,0.5238095238095238
graph_099_mu_0_4_node_133,26,0.1815384615384615,0.0009784021157113,0.4000800961153384,2.4994994994995,0.0323949965855469,15.0,11.0,1.3636363636363635,0.4230769230769231,0.2972972972972973,0.0114226375908618,0.2682926829268293,0.2686917976178781,0.4054054054054053
graph_099_mu_0_4_node_489,27,0.150997150997151,0.0012470865495392,0.4008828250401284,2.4944944944944947,0.0328917344399332,14.0,13.0,1.0769230769230769,0.4814814814814816,0.2166666666666667,0.0138297872340425,0.3170731707317073,0.3175447832838568,0.2333333333333333
graph_099_mu_0_4_node_245,20,0.1157894736842105,0.0007425734159852,0.3959571938168846,2.5255255255255253,0.0246824029138773,8.0,12.0,0.6666666666666665,0.5999999999999998,0.4615384615384616,0.0123203285420944,0.4285714285714285,0.4290065895810021,0.3076923076923076
graph_099_mu_0_4_node_39,26,0.043076923076923,0.0014707093519451,0.4000800961153384,2.4994994994995,0.0240823364297167,7.0,19.0,0.3684210526315788,0.7307692307692305,0.9499999999999996,0.0193877551020408,0.5757575757575759,0.5764463558917066,0.25
graph_099_mu_0_4_node_911,25,0.08,0.0011612496692405,0.4042897612302711,2.4734734734734736,0.029292282457178,10.0,15.0,0.6666666666666665,0.5999999999999998,0.357142857142857,0.0156576200417536,0.4285714285714285,0.4291153995596425,0.2380952380952381
graph_099_mu_0_4_node_38,33,0.0909090909090909,0.0019156786501335,0.4140074595938665,2.4154154154154157,0.0408941849540524,15.0,18.0,0.8333333333333335,0.5454545454545452,0.375,0.01890756302521,0.375,0.3756529309344166,0.3125
graph_099_mu_0_4_node_790,28,0.12,0.0011764568141204,0.4057676685621446,2.4644644644644647,0.0323156069472367,13.0,15.0,0.8666666666666669,0.5357142857142857,0.2678571428571428,0.0158898305084745,0.3658536585365854,0.3663977479123335,0.2142857142857142
graph_099_mu_0_4_node_669,35,0.115530303030303,0.0019004676012693,0.4157303370786517,2.4054054054054053,0.0426685192426112,18.0,17.0,1.0588235294117647,0.4857142857142857,0.3541666666666667,0.0178571428571428,0.3207547169811321,0.3213715305945713,0.3541666666666667
graph_099_mu_0_4_node_78,28,0.0687830687830687,0.0014629152060928,0.4138359569179785,2.4164164164164164,0.0369064613123952,10.0,18.0,0.5555555555555556,0.6428571428571429,0.36,0.0189473684210526,0.4736842105263158,0.4743369047028334,0.2
graph_099_mu_0_4_node_178,26,0.0543478260869565,0.0011065310142106,0.3972166998011928,2.517517517517517,0.0271132820228636,12.0,14.0,0.8571428571428571,0.5384615384615384,0.3783783783783784,0.0145379023883696,0.3684210526315788,0.3689288509630986,0.2972972972972973
graph_099_mu_0_4_node_616,28,0.1375661375661375,0.0014023291514587,0.4060975609756098,2.4624624624624625,0.0335125793565162,13.0,15.0,0.8666666666666669,0.5357142857142857,0.4054054054054053,0.0155763239875389,0.3658536585365854,0.3663977479123335,0.3513513513513515
graph_099_mu_0_4_node_593,24,0.1231884057971014,0.0009635500164179,0.3964285714285714,2.5225225225225225,0.0257417344361167,10.0,14.0,0.7142857142857141,0.5833333333333334,0.875,0.0142276422764227,0.411764705882353,0.4122724305505186,0.625
graph_099_mu_0_4_node_899,20,0.1263157894736842,0.0007521468135128,0.3855654187572366,2.5935935935935936,0.0191911285104521,9.0,11.0,0.8181818181818182,0.5499999999999999,0.4400000000000001,0.0112820512820512,0.3793103448275863,0.3797092858205867,0.36
graph_099_mu_0_4_node_764,26,0.1138461538461538,0.0013230750660522,0.4056029232643118,2.4654654654654653,0.0277491256238772,10.0,16.0,0.625,0.6153846153846152,0.7619047619047622,0.0163432073544433,0.4444444444444446,0.4450246591238756,0.4761904761904762
graph_099_mu_0_4_node_199,38,0.0587301587301587,0.002443776932561,0.4283876500857633,2.334334334334334,0.0432011988953868,16.0,22.0,0.7272727272727273,0.5789473684210529,0.3928571428571429,0.0233050847457627,0.4074074074074074,0.4082053762140812,0.2678571428571428
graph_099_mu_0_4_node_16,18,0.0666666666666666,0.0005217785944979,0.3772658610271903,2.650650650650651,0.015533857950863,6.0,12.0,0.5,0.6666666666666665,0.2,0.0127659574468085,0.5,0.5004350978970268,0.0833333333333333
graph_099_mu_0_4_node_725,36,0.0761904761904762,0.0024923851345408,0.4199243379571248,2.3813813813813813,0.036597452746973,17.0,19.0,0.8947368421052634,0.5277777777777778,0.404255319148936,0.0199370409233997,0.3584905660377358,0.3591798459216466,0.3404255319148935
graph_099_mu_0_4_node_171,19,0.0292397660818713,0.0008025527087873,0.384526558891455,2.6006006006006004,0.0171493413138944,4.0,15.0,0.2666666666666666,0.7894736842105262,1.5,0.0151515151515151,0.6521739130434784,0.6527176474111152,0.4000000000000001
graph_099_mu_0_4_node_595,16,0.05,0.0005711969173357,0.3810068649885583,2.6246246246246248,0.0163040168712073,3.0,13.0,0.2307692307692308,0.8125,0.3333333333333332,0.0135275754422476,0.6842105263157895,0.6846817627677416,0.0769230769230769
graph_099_mu_0_4_node_163,34,0.0962566844919786,0.0020513615809891,0.4229466553767993,2.364364364364364,0.0381625409933636,15.0,19.0,0.7894736842105262,0.5588235294117646,0.404255319148936,0.0199370409233997,0.3877551020408161,0.3884442819167639,0.3191489361702127
graph_099_mu_0_4_node_244,29,0.1025641025641025,0.0013643032221834,0.4079216006533279,2.4514514514514514,0.0317436076450811,12.0,17.0,0.7058823529411762,0.5862068965517241,0.7083333333333334,0.0174180327868852,0.4146341463414635,0.4152506915124638,0.4583333333333332
graph_099_mu_0_4_node_211,39,0.0634278002699055,0.0029404567739479,0.427105600684053,2.3413413413413413,0.0398419586419288,15.0,24.0,0.625,0.6153846153846152,0.4285714285714285,0.0254237288135593,0.4444444444444446,0.4453148295898713,0.2678571428571428
graph_099_mu_0_4_node_288,30,0.0781609195402298,0.0015796455891926,0.4119587628865979,2.4274274274274275,0.0360153606936536,14.0,16.0,0.875,0.5333333333333332,0.32,0.0168421052631578,0.3636363636363636,0.3642167466891785,0.2800000000000001
graph_099_mu_0_4_node_175,26,0.0338461538461538,0.0016063472190051,0.4020120724346076,2.4874874874874875,0.0222773291601495,4.0,22.0,0.1818181818181818,0.8461538461538461,2.2,0.0222222222222222,0.7333333333333332,0.7341306081032107,0.4000000000000001
graph_099_mu_0_4_node_875,19,0.0584795321637426,0.0007604921105833,0.3891702376314764,2.5695695695695697,0.0194329087763768,5.0,14.0,0.357142857142857,0.7368421052631577,0.3589743589743588,0.0145681581685744,0.5833333333333334,0.5838408739365819,0.1282051282051282
graph_099_mu_0_4_node_433,35,0.0638655462184873,0.0024421873063208,0.4289394589952769,2.3313313313313317,0.0456049135514111,11.0,24.0,0.4583333333333332,0.6857142857142855,0.5,0.0252100840336134,0.5217391304347825,0.5226092631300184,0.2083333333333333
graph_099_mu_0_4_node_369,31,0.0709677419354838,0.0018924713089406,0.4119587628865979,2.4274274274274275,0.0334464119233148,13.0,18.0,0.722222222222222,0.5806451612903225,0.3214285714285714,0.0190677966101694,0.4090909090909091,0.4097437453015577,0.2142857142857142
graph_099_mu_0_4_node_49,42,0.0952380952380952,0.0032114911778293,0.4332176929748482,2.3083083083083085,0.0494850613360359,18.0,24.0,0.75,0.5714285714285712,0.648648648648649,0.0249221183800623,0.4000000000000001,0.4008705745792225,0.4864864864864865
graph_099_mu_0_4_node_246,30,0.096551724137931,0.0015053910466955,0.4206315789473684,2.3773773773773774,0.0406064417402864,13.0,17.0,0.7647058823529413,0.5666666666666665,0.3399999999999999,0.0178947368421052,0.3953488372093022,0.3959654271044819,0.2599999999999999
graph_099_mu_0_4_node_24,31,0.075268817204301,0.0019859656516104,0.4099302421009438,2.43943943943944,0.030736264652293,11.0,20.0,0.5499999999999999,0.6451612903225806,0.7692307692307695,0.0205338809034907,0.4761904761904762,0.4769156919421622,0.4230769230769231
graph_099_mu_0_4_node_249,25,0.0766666666666666,0.0011099513697238,0.4069246435845214,2.457457457457457,0.0293850555064333,8.0,17.0,0.4705882352941177,0.6799999999999998,1.0625,0.0172764227642276,0.5151515151515154,0.5157678814906619,0.5
graph_099_mu_0_4_node_914,37,0.0975975975975975,0.0023835824270119,0.4186923721709975,2.3883883883883885,0.0392779069652327,19.0,18.0,1.0555555555555556,0.4864864864864865,0.3829787234042552,0.0188877229800629,0.3214285714285714,0.3220816918930126,0.404255319148936
graph_099_mu_0_4_node_808,61,0.1116306253652834,0.0052048219412566,0.455125284738041,2.1971971971971973,0.0794420246691767,33.0,28.0,1.1785714285714284,0.4590163934426227,0.5833333333333334,0.0294117647058823,0.297872340425532,0.2988889695737419,0.6666666666666665
graph_099_mu_0_4_node_566,20,0.0157894736842105,0.0009452230284271,0.3878105590062112,2.578578578578578,0.017949703416727,3.0,17.0,0.176470588235294,0.8499999999999998,0.8499999999999998,0.0173469387755101,0.7391304347826088,0.7397465777277717,0.05
graph_099_mu_0_4_node_404,29,0.1566951566951566,0.0012775740710262,0.399919935948759,2.5005005005005003,0.0283800871732962,15.0,14.0,1.0714285714285714,0.482758620689655,0.6666666666666665,0.0143003064351379,0.3181818181818182,0.3186897270484558,0.6666666666666665
graph_099_mu_0_4_node_46,27,0.0626780626780626,0.0015393219344758,0.4095940959409594,2.4414414414414414,0.0270328634623318,9.0,18.0,0.5,0.6666666666666665,0.6923076923076923,0.0184804928131416,0.5,0.5006526468455403,0.3076923076923076
graph_099_mu_0_4_node_129,32,0.1333333333333333,0.0014367482773714,0.4051094890510949,2.468468468468469,0.0374986289740072,18.0,14.0,1.2857142857142858,0.4375,0.2333333333333333,0.0148936170212765,0.2800000000000001,0.2805080194498875,0.2833333333333332
graph_099_mu_0_4_node_985,24,0.1340579710144927,0.0009247750280974,0.3953304313415117,2.5295295295295297,0.0285771082930097,12.0,12.0,1.0,0.5,0.3243243243243245,0.0124610591900311,0.3333333333333332,0.3337686206229444,0.3243243243243245
graph_099_mu_0_4_node_720,28,0.1375661375661375,0.0014688899796913,0.4085889570552147,2.4474474474474475,0.0326206150892828,14.0,14.0,1.0,0.5,0.4242424242424241,0.014477766287487,0.3333333333333332,0.3338412053495853,0.4242424242424241
graph_099_mu_0_4_node_4,28,0.1907692307692307,0.0010578475815909,0.395017793594306,2.5315315315315314,0.027697514809279,15.0,13.0,1.1538461538461535,0.4642857142857144,0.6190476190476188,0.0132788559754851,0.3023255813953489,0.3027972281681964,0.6666666666666665
graph_099_mu_0_4_node_865,38,0.0995732574679943,0.0024766840494975,0.4289394589952769,2.3313313313313317,0.0471070914825027,16.0,22.0,0.7272727272727273,0.5789473684210529,0.3666666666666666,0.0234042553191489,0.4074074074074074,0.4082053762140812,0.2666666666666666
graph_099_mu_0_4_node_617,25,0.0833333333333333,0.0011380910752073,0.4023358840112767,2.4854854854854853,0.0304711197752922,10.0,15.0,0.6666666666666665,0.5999999999999998,0.25,0.0159574468085106,0.4285714285714285,0.4291153995596425,0.1666666666666666
graph_099_mu_0_4_node_815,31,0.1108374384236453,0.0015126731210445,0.4074225122349103,2.454454454454454,0.0321842998836648,12.0,19.0,0.6315789473684211,0.6129032258064517,0.904761904761905,0.0194075587334014,0.4418604651162789,0.4425494950346833,0.5238095238095238
graph_099_mu_0_4_node_21,20,0.1210526315789473,0.0007371535269666,0.384526558891455,2.6006006006006004,0.0210714507644332,9.0,11.0,0.8181818181818182,0.5499999999999999,0.1964285714285714,0.0116525423728813,0.3793103448275863,0.3797092858205867,0.1428571428571428
graph_099_mu_0_4_node_30,30,0.0459770114942528,0.0019381618352886,0.4134933774834437,2.4184184184184185,0.0308295736600377,7.0,23.0,0.3043478260869565,0.7666666666666668,0.5476190476190476,0.0240083507306889,0.6216216216216217,0.6224552872129807,0.1666666666666666
graph_099_mu_0_4_node_697,21,0.0818713450292397,0.0007592296596108,0.3824655436447167,2.6146146146146148,0.0167333250254857,9.0,12.0,0.75,0.5714285714285712,0.5999999999999998,0.0122448979591836,0.4000000000000001,0.4004351925727132,0.4000000000000001
graph_099_mu_0_4_node_331,23,0.1047619047619047,0.0008955061351126,0.386609907120743,2.5865865865865865,0.0202605503165435,11.0,12.0,0.9166666666666664,0.5217391304347825,0.3076923076923076,0.0124869927159209,0.3529411764705881,0.3533764321833194,0.2564102564102564
graph_099_mu_0_4_node_968,27,0.1633333333333333,0.0011535363558321,0.4004008016032064,2.497497497497497,0.0269523134035895,13.0,14.0,0.9285714285714288,0.5185185185185184,0.2333333333333333,0.0148936170212765,0.3499999999999999,0.3505078351712128,0.2
graph_099_mu_0_4_node_425,23,0.0316205533596837,0.0012133375298098,0.39800796812749,2.5125125125125125,0.0220647533150506,3.0,20.0,0.1499999999999999,0.8695652173913044,2.0,0.0202020202020202,0.7692307692307695,0.7699555644761126,0.2
graph_099_mu_0_4_node_667,26,0.0523076923076923,0.0014541369219613,0.4069246435845214,2.457457457457457,0.0261158447056809,7.0,19.0,0.3684210526315788,0.7307692307692305,1.0,0.019367991845056,0.5757575757575759,0.5764463558917066,0.3684210526315788
graph_099_mu_0_4_node_33,22,0.1082251082251082,0.0009535435937898,0.3945497630331753,2.5345345345345347,0.0253108817145796,9.0,13.0,0.6923076923076923,0.5909090909090909,0.3939393939393938,0.0134436401240951,0.4193548387096773,0.4198262802327963,0.2727272727272726
graph_099_mu_0_4_node_380,33,0.0492424242424242,0.0022266938748426,0.4160766347355268,2.4034034034034035,0.0315205899666468,9.0,24.0,0.375,0.7272727272727273,1.333333333333333,0.0244399185336048,0.5714285714285712,0.5722985779536204,0.5
graph_099_mu_0_4_node_870,26,0.0676923076923076,0.0014970241067379,0.4018503620273532,2.4884884884884886,0.0248290937437615,8.0,18.0,0.4444444444444446,0.6923076923076923,0.4615384615384616,0.0187304890738813,0.5294117647058824,0.5300643642273092,0.2051282051282052
graph_099_mu_0_4_node_844,30,0.1586206896551724,0.0014996943714295,0.3965859468042874,2.521521521521521,0.0283300848516616,14.0,16.0,0.875,0.5333333333333332,0.8421052631578946,0.0163098878695209,0.3636363636363636,0.3642167466891785,0.7368421052631577
graph_099_mu_0_4_node_439,58,0.0967937084089534,0.0052310362538598,0.4532667876588022,2.206206206206206,0.0697281189435126,32.0,26.0,1.2307692307692304,0.4482758620689653,0.5199999999999998,0.0273684210526315,0.2888888888888888,0.2898329016693695,0.64
graph_099_mu_0_4_node_810,25,0.150197628458498,0.0009166135416131,0.3947056499407348,2.5335335335335336,0.0256852231347594,12.0,13.0,0.9230769230769232,0.5199999999999998,0.8666666666666669,0.0131979695431472,0.3513513513513515,0.3518228954769996,0.7333333333333332
graph_099_mu_0_4_node_487,17,0.0441176470588235,0.0005872620112524,0.3818807339449541,2.6186186186186187,0.0181054353673566,7.0,10.0,0.6999999999999998,0.5882352941176471,0.1666666666666666,0.0106382978723404,0.4166666666666667,0.4170293008413113,0.1
graph_099_mu_0_4_node_396,24,0.1159420289855072,0.0011195443423474,0.3903868698710434,2.561561561561561,0.0206746316839545,10.0,14.0,0.7142857142857141,0.5833333333333334,0.9333333333333336,0.0142131979695431,0.411764705882353,0.4122724305505186,0.6666666666666665
graph_099_mu_0_4_node_406,23,0.0476190476190476,0.0010266978715113,0.3851195065535852,2.5965965965965965,0.0184914805952065,8.0,15.0,0.5333333333333332,0.6521739130434784,1.5,0.0151515151515151,0.4838709677419357,0.4844148598337445,0.6999999999999998
graph_099_mu_0_4_node_327,52,0.0832653061224489,0.0042887488372066,0.4510158013544018,2.2172172172172173,0.0639800425179804,24.0,28.0,0.8571428571428571,0.5384615384615384,0.5600000000000003,0.0294736842105263,0.3684210526315788,0.3694370177984875,0.4600000000000001
graph_099_mu_0_4_node_102,29,0.0341880341880341,0.0015485181830533,0.4176421404682274,2.3943943943943946,0.0323231300180984,7.0,22.0,0.3181818181818182,0.7586206896551726,0.5238095238095238,0.022964509394572,0.6111111111111108,0.6119085592769802,0.1428571428571428
graph_099_mu_0_4_node_896,26,0.0646153846153846,0.0014065492764363,0.408923454768727,2.4454454454454453,0.0289307824034895,9.0,17.0,0.5294117647058824,0.6538461538461539,0.4722222222222222,0.0176348547717842,0.4857142857142857,0.4863306967516693,0.25
graph_099_mu_0_4_node_279,23,0.0909090909090909,0.000994086809428,0.4051094890510949,2.468468468468469,0.029640290248619,8.0,15.0,0.5333333333333332,0.6521739130434784,0.357142857142857,0.0156576200417536,0.4838709677419357,0.4844148598337445,0.1904761904761905
graph_099_mu_0_4_node_89,16,0.0416666666666666,0.0005157826956837,0.3794151158374478,2.635635635635636,0.016333473946939,6.0,10.0,0.5999999999999998,0.625,0.5263157894736842,0.0101936799184505,0.4545454545454543,0.4549080624212978,0.2105263157894736
graph_099_mu_0_4_node_405,30,0.0343915343915343,0.0015781738762352,0.408255006129955,2.4494494494494496,0.0316563391856256,10.0,20.0,0.5,0.6666666666666665,0.5405405405405405,0.0207684319833852,0.5,0.5007251631617111,0.2432432432432432
graph_099_mu_0_4_node_146,25,0.1067193675889328,0.0010087245822637,0.3970588235294117,2.5185185185185186,0.0248781684881144,11.0,14.0,0.7857142857142859,0.5600000000000003,0.5600000000000003,0.0143589743589743,0.388888888888889,0.38939665038606,0.4000000000000001
graph_099_mu_0_4_node_947,21,0.0904761904761904,0.0009071348110196,0.3896255850234009,2.5665665665665665,0.0197724199960853,9.0,12.0,0.75,0.5714285714285712,0.4444444444444446,0.0123329907502569,0.4000000000000001,0.4004351925727132,0.3333333333333332
graph_099_mu_0_4_node_996,19,0.087719298245614,0.000602597929603,0.3919183993723029,2.5515515515515514,0.0230626981906053,8.0,11.0,0.7272727272727273,0.5789473684210529,0.2619047619047619,0.011482254697286,0.4074074074074074,0.4078063194654309,0.1666666666666666
graph_099_mu_0_4_node_333,24,0.0471014492753623,0.001313649160634,0.4052738336713996,2.4674674674674675,0.0255280378970085,4.0,20.0,0.2,0.8333333333333335,0.9523809523809524,0.0204290091930541,0.7142857142857141,0.7150105620676802,0.1904761904761905
graph_099_mu_0_4_node_340,24,0.0869565217391304,0.0008533438301224,0.4070904645476773,2.4564564564564564,0.0342210694247312,10.0,14.0,0.7142857142857141,0.5833333333333334,0.21875,0.0149572649572649,0.411764705882353,0.4122724305505186,0.15625
graph_099_mu_0_4_node_390,31,0.1010752688172043,0.0016667987052262,0.413151364764268,2.4204204204204203,0.0384967674367217,16.0,15.0,1.0666666666666664,0.4838709677419357,0.3125,0.0157563025210084,0.3191489361702127,0.319693143985037,0.3333333333333332
graph_099_mu_0_4_node_696,17,0.0367647058823529,0.0006650222173937,0.3854166666666667,2.5945945945945947,0.0178148013656588,3.0,14.0,0.2142857142857142,0.8235294117647061,1.3999999999999997,0.0141414141414141,0.6999999999999998,0.7005074670146441,0.2999999999999999
graph_099_mu_0_4_node_366,23,0.0395256916996047,0.0011928768173579,0.3986432561851556,2.5085085085085086,0.0224669229852092,5.0,18.0,0.2777777777777778,0.7826086956521738,1.2857142857142858,0.0182555780933062,0.6428571428571429,0.6435096004473997,0.357142857142857
graph_099_mu_0_4_node_499,26,0.0615384615384615,0.0013844846107314,0.4054383116883117,2.4664664664664664,0.0289433305266537,9.0,17.0,0.5294117647058824,0.6538461538461539,0.3617021276595746,0.0178384050367261,0.4857142857142857,0.4863306967516693,0.1914893617021276
graph_099_mu_0_4_node_179,30,0.0666666666666666,0.0017573445595877,0.4134933774834437,2.4184184184184185,0.0319746484679335,8.0,22.0,0.3636363636363636,0.7333333333333332,0.8461538461538461,0.0225872689938398,0.5789473684210529,0.5797448744023476,0.3076923076923076
graph_099_mu_0_4_node_309,29,0.1403940886699507,0.0013886297696216,0.4067589576547231,2.4584584584584586,0.0349570298327858,16.0,13.0,1.2307692307692304,0.4482758620689653,0.2321428571428572,0.0137711864406779,0.2888888888888888,0.2893605698874013,0.25
graph_099_mu_0_4_node_536,37,0.0722689075630252,0.0023941944562493,0.4240237691001697,2.3583583583583585,0.0386521619947565,17.0,20.0,0.8499999999999998,0.5405405405405405,0.5555555555555556,0.0207468879668049,0.3703703703703703,0.3710959018221587,0.4444444444444446
graph_099_mu_0_4_node_568,15,0.0285714285714285,0.0004917592533375,0.3823191733639495,2.6156156156156154,0.0160154494728668,4.0,11.0,0.3636363636363636,0.7333333333333332,0.5789473684210529,0.0112130479102956,0.5789473684210529,0.5793461647811295,0.1578947368421052
graph_099_mu_0_4_node_208,42,0.1243589743589743,0.0029056016617521,0.427105600684053,2.3413413413413413,0.042602587644185,21.0,21.0,1.0,0.5,0.8076923076923079,0.0215605749486653,0.3333333333333332,0.3340953348573364,0.7692307692307695
graph_099_mu_0_4_node_170,22,0.1263157894736842,0.0005921433955222,0.3857142857142857,2.592592592592593,0.0267656144793109,12.0,10.0,1.1999999999999995,0.4545454545454543,0.1666666666666666,0.0106382978723404,0.2941176470588235,0.2944804127847177,0.1833333333333333
graph_099_mu_0_4_node_312,36,0.0748663101604278,0.0021493833656764,0.4249255635899617,2.353353353353353,0.0440434759802514,16.0,20.0,0.8000000000000002,0.5555555555555556,0.4166666666666667,0.0210084033613445,0.3846153846153847,0.385340863431403,0.3125
graph_099_mu_0_4_node_272,17,0.0514705882352941,0.0005797670283942,0.3810068649885583,2.6246246246246248,0.0166195389507718,4.0,13.0,0.3076923076923076,0.7647058823529413,0.5199999999999998,0.0133333333333333,0.6190476190476188,0.6195188896657087,0.16
graph_099_mu_0_4_node_513,22,0.2337662337662337,0.0006683093516534,0.3854166666666667,2.5945945945945947,0.0229338696176266,11.0,11.0,1.0,0.5,0.6111111111111108,0.0112016293279022,0.3333333333333332,0.333732332208882,0.6111111111111108
graph_099_mu_0_4_node_957,23,0.0158102766798418,0.0012585127798053,0.3945497630331753,2.5345345345345347,0.0215080385394666,3.0,20.0,0.1499999999999999,0.8695652173913044,0.4000000000000001,0.0210526315789473,0.7692307692307695,0.7699555644761126,0.02
graph_099_mu_0_4_node_320,31,0.086021505376344,0.0018452265135167,0.41625,2.4024024024024024,0.032498366646389,10.0,21.0,0.4761904761904762,0.6774193548387099,1.3125,0.0213414634146341,0.5121951219512193,0.5129565156642828,0.625
graph_099_mu_0_4_node_295,21,0.0857142857142857,0.0008577414923171,0.392226148409894,2.5495495495495497,0.0225467984485505,7.0,14.0,0.5,0.6666666666666665,0.5384615384615384,0.0143737166324435,0.5,0.5005076142131981,0.2692307692307692
graph_099_mu_0_4_node_500,19,0.0643274853801169,0.0007650868018597,0.3891702376314764,2.5695695695695697,0.0196237781958992,6.0,13.0,0.4615384615384616,0.6842105263157895,0.9285714285714288,0.0131845841784989,0.5199999999999998,0.5204713389652297,0.4285714285714285
graph_099_mu_0_4_node_72,16,0.0416666666666666,0.0005169120210607,0.3852680293096799,2.5955955955955954,0.0180537467293022,4.0,12.0,0.3333333333333332,0.75,0.2142857142857142,0.0127118644067796,0.5999999999999998,0.600435034802784,0.0714285714285714
graph_099_mu_0_4_node_382,17,0.088235294117647,0.0005897965703556,0.3821729150726855,2.6166166166166165,0.0176195003689768,7.0,10.0,0.6999999999999998,0.5882352941176471,0.2777777777777778,0.0103734439834024,0.4166666666666667,0.4170293008413113,0.1944444444444445
graph_099_mu_0_4_node_820,21,0.0666666666666666,0.0010078151604728,0.3893219017926734,2.5685685685685686,0.0186672669206533,5.0,16.0,0.3125,0.7619047619047622,0.2666666666666666,0.0170212765957446,0.6153846153846152,0.6159646197346479,0.0833333333333333
graph_099_mu_0_4_node_161,20,0.0684210526315789,0.0008007798147919,0.3854166666666667,2.5945945945945947,0.0207758706214463,7.0,13.0,0.5384615384615384,0.6500000000000002,0.3095238095238094,0.0135699373695198,0.4814814814814816,0.4819528546277159,0.1666666666666666
graph_099_mu_0_4_node_740,32,0.1068548387096774,0.001967990332993,0.4174676138737986,2.3953953953953957,0.0351089278813398,13.0,19.0,0.6842105263157895,0.59375,0.7307692307692305,0.0195071868583162,0.4222222222222223,0.4229113021192229,0.5
graph_099_mu_0_4_node_556,44,0.1078224101479915,0.0032418076928572,0.436054124836316,2.293293293293293,0.0576588166717467,21.0,23.0,0.9130434782608692,0.5227272727272725,0.4791666666666668,0.0241596638655462,0.3538461538461537,0.3546806663819834,0.4375
graph_099_mu_0_4_node_119,32,0.0804597701149425,0.001766592620682,0.4087561374795417,2.4464464464464464,0.0327487169729314,11.0,21.0,0.5238095238095238,0.65625,1.5,0.0212981744421906,0.4883720930232558,0.4891335419517881,0.7142857142857141
graph_099_mu_0_4_node_242,20,0.1210526315789473,0.0007066431155995,0.3964285714285714,2.5225225225225225,0.0261352267650319,8.0,12.0,0.6666666666666665,0.5999999999999998,0.2142857142857142,0.0127118644067796,0.4285714285714285,0.4290065895810021,0.1428571428571428
graph_099_mu_0_4_node_866,20,0.0842105263157894,0.0007365269813569,0.3909980430528376,2.557557557557557,0.0235973213037557,9.0,11.0,0.8181818181818182,0.5499999999999999,0.171875,0.0117521367521367,0.3793103448275863,0.3797092858205867,0.140625
graph_099_mu_0_4_node_762,18,0.065359477124183,0.0006564541310773,0.3891702376314764,2.5695695695695697,0.0202804912226611,4.0,14.0,0.2857142857142856,0.777777777777778,0.5384615384615384,0.0143737166324435,0.6363636363636365,0.6368711401699148,0.1538461538461538
graph_099_mu_0_4_node_42,24,0.0688405797101449,0.0011038279389443,0.404126213592233,2.4744744744744747,0.0289927463490453,6.0,18.0,0.3333333333333332,0.75,0.4285714285714285,0.0187891440501043,0.5999999999999998,0.6006525048937867,0.1428571428571428
graph_099_mu_0_4_node_571,20,0.1105263157894736,0.0007486071724905,0.3854166666666667,2.5945945945945947,0.0225624551259916,8.0,12.0,0.6666666666666665,0.5999999999999998,0.3636363636363636,0.0124095139607032,0.4285714285714285,0.4290065895810021,0.2424242424242423
graph_099_mu_0_4_node_437,29,0.1111111111111111,0.0013555298497881,0.4085889570552147,2.4474474474474475,0.0333571910735974,13.0,16.0,0.8125,0.5517241379310346,0.3809523809523811,0.0167014613778705,0.3809523809523811,0.3815327219026893,0.2857142857142856
graph_099_mu_0_4_node_821,34,0.0998217468805704,0.0021750236498626,0.4195716085678286,2.3833833833833835,0.0368112169659554,11.0,23.0,0.4782608695652175,0.676470588235294,1.2777777777777783,0.0234215885947046,0.5111111111111111,0.5119450185111328,0.6111111111111108
graph_099_mu_0_4_node_348,26,0.1538461538461538,0.0012255429821892,0.3983253588516746,2.5105105105105103,0.0262271454879312,12.0,14.0,0.8571428571428571,0.5384615384615384,0.875,0.0142276422764227,0.3684210526315788,0.3689288509630986,0.75
graph_099_mu_0_4_node_258,30,0.1333333333333333,0.0016374585303939,0.4079216006533279,2.4514514514514514,0.0299081658743502,13.0,17.0,0.7647058823529413,0.5666666666666665,0.8095238095238098,0.017364657814096,0.3953488372093022,0.3959654271044819,0.6190476190476188
graph_099_mu_0_4_node_151,51,0.070578231292517,0.004232276351149,0.4455842997323818,2.244244244244244,0.0581731416428581,23.0,28.0,0.8214285714285712,0.5490196078431371,0.6666666666666665,0.0292275574112734,0.3783783783783784,0.3793942698231212,0.5238095238095238
graph_099_mu_0_4_node_924,24,0.0471014492753623,0.0012070408047904,0.3983253588516746,2.5105105105105103,0.0234836360771411,5.0,19.0,0.2631578947368421,0.7916666666666665,1.3571428571428577,0.0192697768762677,0.6551724137931033,0.6558610940642261,0.357142857142857
graph_099_mu_0_4_node_836,24,0.0797101449275362,0.0011080472111539,0.4020120724346076,2.4874874874874875,0.028462355361827,7.0,17.0,0.411764705882353,0.7083333333333334,0.265625,0.0181623931623931,0.5483870967741937,0.5490034184215852,0.109375
graph_099_mu_0_4_node_701,25,0.0666666666666666,0.0014137244460855,0.4021739130434782,2.4864864864864864,0.0271547224346074,6.0,19.0,0.3157894736842105,0.7599999999999999,0.5757575757575759,0.0196483971044467,0.6129032258064517,0.6135919560054583,0.1818181818181818
graph_099_mu_0_4_node_619,20,0.1157894736842105,0.0008034707616731,0.3829053277117669,2.6116116116116115,0.0175835165741356,8.0,12.0,0.6666666666666665,0.5999999999999998,0.75,0.0121951219512195,0.4285714285714285,0.4290065895810021,0.5
graph_099_mu_0_4_node_855,23,0.0513833992094861,0.0010825488700957,0.3983253588516746,2.5105105105105103,0.0239201474639553,6.0,17.0,0.3529411764705881,0.7391304347826088,0.3035714285714285,0.0180084745762711,0.5862068965517241,0.5868231735138411,0.1071428571428571
graph_099_mu_0_4_node_168,24,0.0389610389610389,0.0011223319379152,0.3885647607934656,2.5735735735735736,0.0186485599063256,4.0,20.0,0.2,0.8333333333333335,1.0,0.0204081632653061,0.7142857142857141,0.7150105620676802,0.1499999999999999
graph_099_mu_0_4_node_882,21,0.0571428571428571,0.0009738455103973,0.3869093725793958,2.5845845845845847,0.0202180557740933,7.0,14.0,0.5,0.6666666666666665,0.25,0.0148305084745762,0.5,0.5005076142131981,0.125
graph_099_mu_0_4_node_18,25,0.1,0.0011986046214675,0.4020120724346076,2.4874874874874875,0.0269274041465396,10.0,15.0,0.6666666666666665,0.5999999999999998,0.5999999999999998,0.0153846153846153,0.4285714285714285,0.4291153995596425,0.4000000000000001
graph_099_mu_0_4_node_934,24,0.036231884057971,0.0012562655794895,0.4026602176541717,2.483483483483484,0.0264076418026095,3.0,21.0,0.1428571428571428,0.875,0.5833333333333334,0.0217842323651452,0.777777777777778,0.7785387852066599,0.0555555555555555
graph_099_mu_0_4_node_581,26,0.0707692307692307,0.0013579460541996,0.3984842441164739,2.5095095095095097,0.0258649055445324,8.0,18.0,0.4444444444444446,0.6923076923076923,0.8571428571428571,0.0183861082737487,0.5294117647058824,0.5300643642273092,0.3809523809523811
graph_099_mu_0_4_node_765,23,0.1620553359683794,0.0008660580613088,0.3947056499407348,2.5335335335335336,0.0259028359206826,11.0,12.0,0.9166666666666664,0.5217391304347825,0.6315789473684211,0.0122324159021406,0.3529411764705881,0.3533764321833194,0.5789473684210529
graph_099_mu_0_4_node_952,19,0.0350877192982456,0.0007285989540487,0.3981666002391391,2.5115115115115114,0.0227446042160123,4.0,15.0,0.2666666666666666,0.7894736842105262,0.234375,0.016025641025641,0.6521739130434784,0.6527176474111152,0.03125
graph_099_mu_0_4_node_956,20,0.0947368421052631,0.0007993803071256,0.3953304313415117,2.5295295295295297,0.0241340641802497,6.0,14.0,0.4285714285714285,0.6999999999999998,0.297872340425532,0.0146904512067156,0.5384615384615384,0.5389691158670927,0.1276595744680851
graph_099_mu_0_4_node_698,28,0.0767195767195767,0.001481090056403,0.4057676685621446,2.4644644644644647,0.0318218900782443,12.0,16.0,0.75,0.5714285714285712,0.32,0.0168421052631578,0.4000000000000001,0.4005802988539099,0.2400000000000001
graph_099_mu_0_4_node_266,27,0.0533333333333333,0.001256363910395,0.4079216006533279,2.4514514514514514,0.0276758991690406,9.0,18.0,0.5,0.6666666666666665,1.0,0.0183299389002036,0.5,0.5006526468455403,0.4444444444444446
graph_099_mu_0_4_node_792,31,0.0881720430107526,0.0016620777166303,0.4193954659949622,2.3843843843843846,0.0402023772398067,13.0,18.0,0.722222222222222,0.5806451612903225,0.2999999999999999,0.0191489361702127,0.4090909090909091,0.4097437453015577,0.2166666666666667
graph_099_mu_0_4_node_25,32,0.125,0.0018528037539669,0.413151364764268,2.4204204204204203,0.0433147682718242,15.0,17.0,0.8823529411764709,0.53125,0.3541666666666667,0.0178571428571428,0.3617021276595746,0.3623188070225811,0.3125
graph_099_mu_0_4_node_582,22,0.0432900432900432,0.0011003879696125,0.3947056499407348,2.5335335335335336,0.0228182580645743,8.0,14.0,0.5714285714285712,0.6363636363636365,0.297872340425532,0.0146904512067156,0.4666666666666667,0.467174317692847,0.148936170212766
graph_099_mu_0_4_node_930,30,0.0767195767195767,0.0016153679973768,0.4051094890510949,2.468468468468469,0.0279477910539316,11.0,19.0,0.5789473684210529,0.6333333333333331,1.2666666666666662,0.0192893401015228,0.4634146341463416,0.4641036140933989,0.6666666666666665
graph_099_mu_0_4_node_951,28,0.0676923076923076,0.0013019889757004,0.4042897612302711,2.4734734734734736,0.0308641690627538,13.0,15.0,0.8666666666666669,0.5357142857142857,0.357142857142857,0.0156576200417536,0.3658536585365854,0.3663977479123335,0.2857142857142856
graph_099_mu_0_4_node_916,31,0.125615763546798,0.0015680556225145,0.4059325477448192,2.463463463463464,0.0316822068062074,14.0,17.0,0.8235294117647061,0.5483870967741937,0.8947368421052634,0.0173292558613659,0.3777777777777778,0.3783944124036257,0.6842105263157895
graph_099_mu_0_4_node_666,31,0.0516129032258064,0.0019197316948472,0.4188679245283019,2.3873873873873874,0.0362935590092081,11.0,20.0,0.5499999999999999,0.6451612903225806,0.4166666666666667,0.0210084033613445,0.4761904761904762,0.4769156919421622,0.2291666666666666
graph_099_mu_0_4_node_663,34,0.1515151515151515,0.001544365182973,0.4146948941469489,2.411411411411412,0.0468377528573031,19.0,15.0,1.2666666666666662,0.4411764705882354,0.3125,0.0157563025210084,0.2830188679245283,0.2835631942300041,0.3958333333333332
graph_099_mu_0_4_node_826,56,0.0766233766233766,0.0054281164090354,0.4578368469294225,2.184184184184184,0.0676837711347116,25.0,31.0,0.8064516129032259,0.5535714285714288,0.62,0.0326315789473684,0.382716049382716,0.3838408271483994,0.5
graph_099_mu_0_4_node_184,24,0.0543478260869565,0.0012567156838469,0.4013660104459622,2.4914914914914914,0.02396911841071,8.0,16.0,0.5,0.6666666666666665,0.25,0.017094017094017,0.5,0.5005801305293689,0.125
graph_099_mu_0_4_node_979,42,0.0692307692307692,0.0032161891512986,0.4300473525613431,2.325325325325325,0.0434889677891806,19.0,23.0,0.8260869565217388,0.5476190476190476,0.5897435897435896,0.023933402705515,0.3770491803278687,0.3778835717662872,0.4615384615384616
graph_099_mu_0_4_node_454,24,0.1775362318840579,0.0007599289907848,0.4016887816646562,2.4894894894894897,0.0331131595400565,14.0,10.0,1.3999999999999997,0.4166666666666667,0.1666666666666666,0.0106382978723404,0.2631578947368421,0.2635207131099645,0.2333333333333333
graph_099_mu_0_4_node_542,23,0.0592885375494071,0.0011723795696061,0.3988023952095808,2.5075075075075075,0.022708996099143,6.0,17.0,0.3529411764705881,0.7391304347826088,1.2142857142857142,0.0172413793103448,0.5862068965517241,0.5868231735138411,0.4285714285714285
graph_099_mu_0_4_node_195,32,0.1425287356321839,0.0015660658021879,0.4054383116883117,2.4664664664664664,0.0298163358934073,15.0,17.0,0.8823529411764709,0.53125,1.2142857142857142,0.0172413793103448,0.3617021276595746,0.3623188070225811,1.0
graph_099_mu_0_4_node_372,26,0.0923076923076923,0.001269534670927,0.4044534412955465,2.4724724724724725,0.0287695016335332,8.0,18.0,0.4444444444444446,0.6923076923076923,0.3214285714285714,0.0190677966101694,0.5294117647058824,0.5300643642273092,0.1428571428571428
graph_099_mu_0_4_node_474,18,0.1111111111111111,0.0005665017489042,0.390081999219055,2.563563563563564,0.0237286431652438,7.0,11.0,0.6363636363636365,0.6111111111111108,0.1833333333333333,0.0117021276595744,0.4400000000000001,0.4403988831272436,0.1166666666666666
graph_099_mu_0_4_node_546,21,0.0952380952380952,0.0008599427673333,0.3911511354737666,2.5565565565565564,0.0220360677949642,10.0,11.0,0.9090909090909088,0.5238095238095238,0.2619047619047619,0.011482254697286,0.3548387096774193,0.3552376796095944,0.2142857142857142
graph_099_mu_0_4_node_263,32,0.0705645161290322,0.0020983788107421,0.4164235097957482,2.4014014014014013,0.0338231111859009,10.0,22.0,0.4545454545454543,0.6875,0.564102564102564,0.0228928199791883,0.5238095238095238,0.5246071454468237,0.2564102564102564
graph_099_mu_0_4_node_512,35,0.0991596638655462,0.0022543467884694,0.4236641221374045,2.36036036036036,0.0420503291047294,14.0,21.0,0.6666666666666665,0.5999999999999998,0.3499999999999999,0.0223404255319148,0.4285714285714285,0.4293330431944291,0.2333333333333333
graph_099_mu_0_4_node_572,54,0.1214177978883861,0.0045972436574197,0.4422310756972111,2.2612612612612613,0.0564265725653416,29.0,25.0,1.1599999999999997,0.4629629629629628,0.7575757575757577,0.0258531540847983,0.3012048192771085,0.3021123591181075,0.8484848484848483
graph_099_mu_0_4_node_901,36,0.0802139037433155,0.0023286372049353,0.4298623063683304,2.3263263263263263,0.0437974066745,13.0,23.0,0.5652173913043478,0.6388888888888892,0.4107142857142856,0.024364406779661,0.4693877551020407,0.4702217834590048,0.2142857142857142
graph_099_mu_0_4_node_274,21,0.0818713450292397,0.0007273792221849,0.3858632676709154,2.5915915915915915,0.0183171878578826,9.0,12.0,0.75,0.5714285714285712,0.5999999999999998,0.0122448979591836,0.4000000000000001,0.4004351925727132,0.4000000000000001
graph_099_mu_0_4_node_665,35,0.1553030303030303,0.0018778251594676,0.4062627084180561,2.4614614614614614,0.0350210701899867,17.0,18.0,0.9444444444444444,0.5142857142857142,1.0,0.0183299389002036,0.3461538461538461,0.3468068718395231,0.8888888888888892
graph_099_mu_0_4_node_744,21,0.1,0.0008040905137099,0.3988023952095808,2.5075075075075075,0.0266317482752171,7.0,14.0,0.5,0.6666666666666665,0.4242424242424241,0.014477766287487,0.5,0.5005076142131981,0.212121212121212
graph_099_mu_0_4_node_446,30,0.0896551724137931,0.0018733501897078,0.41625,2.4024024024024024,0.0315421505648149,11.0,19.0,0.5789473684210529,0.6333333333333331,1.2666666666666662,0.0192893401015228,0.4634146341463416,0.4641036140933989,0.7333333333333332
graph_099_mu_0_4_node_541,25,0.1166666666666666,0.00128219069398,0.3970588235294117,2.5185185185185186,0.0233526892503125,11.0,14.0,0.7857142857142859,0.5600000000000003,0.9333333333333336,0.0142131979695431,0.388888888888889,0.38939665038606,0.7333333333333332
graph_099_mu_0_4_node_880,21,0.0714285714285714,0.0009030279021081,0.3945497630331753,2.5345345345345347,0.0223206297823468,6.0,15.0,0.4000000000000001,0.7142857142857141,0.5999999999999998,0.0153846153846153,0.5555555555555556,0.5560993687738423,0.2400000000000001
graph_099_mu_0_4_node_240,21,0.0714285714285714,0.0008674738287492,0.3920722135007849,2.5505505505505504,0.0230914110230369,6.0,15.0,0.4000000000000001,0.7142857142857141,0.2678571428571428,0.0158898305084745,0.5555555555555556,0.5560993687738423,0.1071428571428571
graph_099_mu_0_4_node_651,23,0.0513833992094861,0.0011030731161357,0.3925343811394892,2.5475475475475475,0.0201752085181742,8.0,15.0,0.5333333333333332,0.6521739130434784,0.8823529411764709,0.0152594099694811,0.4838709677419357,0.4844148598337445,0.4705882352941177
graph_099_mu_0_4_node_148,50,0.0955102040816326,0.0039894619817221,0.4395072591289045,2.275275275275275,0.0574926923511353,27.0,23.0,1.173913043478261,0.4600000000000001,0.4600000000000001,0.0242105263157894,0.2987012987012987,0.2995361747403562,0.54
graph_099_mu_0_4_node_653,19,0.1871345029239766,0.0006331041635509,0.379703534777651,2.6336336336336337,0.0164829797060813,10.0,9.0,1.1111111111111112,0.4736842105263158,0.5999999999999998,0.0091370558375634,0.3103448275862069,0.3106712812116558,0.6666666666666665
graph_099_mu_0_4_node_304,22,0.0822510822510822,0.0008862555227069,0.3958003169572108,2.5265265265265264,0.025126075420166,10.0,12.0,0.8333333333333335,0.5454545454545452,0.2857142857142856,0.0125260960334029,0.375,0.3754352241404322,0.2380952380952381
graph_099_mu_0_4_node_101,24,0.1340579710144927,0.0009652056343248,0.4013660104459622,2.4914914914914914,0.0296082799312038,12.0,12.0,1.0,0.5,0.3243243243243245,0.0124610591900311,0.3333333333333332,0.3337686206229444,0.3243243243243245
graph_099_mu_0_4_node_558,29,0.0911680911680911,0.0012611238697554,0.4020120724346076,2.4874874874874875,0.0323407916184212,13.0,16.0,0.8125,0.5517241379310346,0.25,0.017094017094017,0.3809523809523811,0.3815327219026893,0.1875
graph_099_mu_0_4_node_785,31,0.1379310344827586,0.0015655962442253,0.4100985221674877,2.4384384384384385,0.0336080028961705,14.0,17.0,0.8235294117647061,0.5483870967741937,0.7083333333333334,0.0174180327868852,0.3777777777777778,0.3783944124036257,0.5416666666666667
graph_099_mu_0_4_node_504,31,0.064516129032258,0.0018735540012869,0.404126213592233,2.4744744744744747,0.0300794355175756,11.0,20.0,0.5499999999999999,0.6451612903225806,0.7692307692307695,0.0205338809034907,0.4761904761904762,0.4769156919421622,0.4230769230769231
graph_099_mu_0_4_node_950,23,0.0355731225296442,0.0011762578539547,0.4004008016032064,2.497497497497497,0.0237049372995441,6.0,17.0,0.3529411764705881,0.7391304347826088,0.265625,0.0181623931623931,0.5862068965517241,0.5868231735138411,0.046875
graph_099_mu_0_4_node_490,35,0.0946969696969697,0.0020093244855873,0.4181665969024696,2.391391391391392,0.0363766821496113,17.0,18.0,0.9444444444444444,0.5142857142857142,0.5,0.0186721991701244,0.3461538461538461,0.3468068718395231,0.4444444444444446
graph_099_mu_0_4_node_492,27,0.1033333333333333,0.0013072511508553,0.4021739130434782,2.4864864864864864,0.0257089604900797,11.0,16.0,0.6875,0.5925925925925926,1.1428571428571423,0.0162271805273833,0.4210526315789473,0.4216328883425653,0.7142857142857141
graph_099_mu_0_4_node_308,30,0.1322751322751322,0.0014653863080038,0.4012048192771084,2.4924924924924925,0.027343666601872,14.0,16.0,0.875,0.5333333333333332,0.7619047619047622,0.0163432073544433,0.3636363636363636,0.3642167466891785,0.6190476190476188
graph_099_mu_0_4_node_415,16,0.025,0.0005673062816006,0.3786959818043973,2.640640640640641,0.0149184141592547,3.0,13.0,0.2307692307692308,0.8125,1.3000000000000005,0.0131313131313131,0.6842105263157895,0.6846817627677416,0.2
graph_099_mu_0_4_node_779,36,0.0523809523809523,0.0026264558830378,0.4278372591006424,2.3373373373373374,0.0384610662169394,11.0,25.0,0.4400000000000001,0.6944444444444444,0.9259259259259256,0.0256937307297019,0.5319148936170212,0.5328212489808325,0.4074074074074074
graph_099_mu_0_4_node_209,28,0.1031746031746031,0.0013416276168771,0.4109419991772933,2.433433433433433,0.0377601075607788,13.0,15.0,0.8666666666666669,0.5357142857142857,0.3125,0.0157563025210084,0.3658536585365854,0.3663977479123335,0.2708333333333333
graph_099_mu_0_4_node_662,29,0.0541310541310541,0.0014503939304128,0.4047811993517017,2.4704704704704703,0.0281718429110217,10.0,19.0,0.5263157894736842,0.6551724137931033,0.7037037037037039,0.0195272353545734,0.4871794871794871,0.4878684171624454,0.3333333333333332
graph_099_mu_0_4_node_27,21,0.1047619047619047,0.0008501534641775,0.390234375,2.5625625625625625,0.0229298776387389,10.0,11.0,0.9090909090909088,0.5238095238095238,0.1964285714285714,0.0116525423728813,0.3548387096774193,0.3552376796095944,0.1607142857142857
graph_099_mu_0_4_node_605,32,0.0766129032258064,0.0019087396675844,0.4215189873417722,2.3723723723723724,0.0391709020149524,9.0,23.0,0.3913043478260869,0.71875,0.359375,0.0245726495726495,0.5609756097560974,0.5618093962342562,0.140625
graph_099_mu_0_4_node_583,20,0.0473684210526315,0.0008796018563123,0.3917647058823529,2.5525525525525525,0.020836517878889,6.0,14.0,0.4285714285714285,0.6999999999999998,0.297872340425532,0.0146904512067156,0.5384615384615384,0.5389691158670927,0.1063829787234043
graph_099_mu_0_4_node_889,19,0.0467836257309941,0.000855357158493,0.4008828250401284,2.4944944944944947,0.0215350248109435,3.0,16.0,0.1875,0.8421052631578946,0.2666666666666666,0.0170212765957446,0.7272727272727273,0.7278526475336912,0.0333333333333333
graph_099_mu_0_4_node_978,22,0.1263157894736842,0.0007298201791958,0.3857142857142857,2.592592592592593,0.0228174510434122,11.0,11.0,1.0,0.5,0.1964285714285714,0.0116525423728813,0.3333333333333332,0.333732332208882,0.1785714285714285
graph_099_mu_0_4_node_181,20,0.1105263157894736,0.0007597847980053,0.3884136858475894,2.5745745745745747,0.0232096505563063,8.0,12.0,0.6666666666666665,0.5999999999999998,0.2857142857142856,0.0125260960334029,0.4285714285714285,0.4290065895810021,0.1904761904761905
graph_099_mu_0_4_node_328,28,0.0769230769230769,0.0015370888168622,0.4062627084180561,2.4614614614614614,0.0273675949100108,11.0,17.0,0.6470588235294118,0.6071428571428571,0.8947368421052634,0.0173292558613659,0.435897435897436,0.436513936350745,0.5263157894736842
graph_099_mu_0_4_node_157,23,0.1541501976284585,0.0008839901098479,0.3953304313415117,2.5295295295295297,0.0262198050297546,13.0,10.0,1.3000000000000005,0.4347826086956522,0.2127659574468086,0.0104931794333683,0.2777777777777778,0.2781405698253762,0.2765957446808511
graph_099_mu_0_4_node_140,41,0.0585365853658536,0.0033268963519833,0.4293081220455522,2.329329329329329,0.0414579008914222,18.0,23.0,0.7826086956521738,0.5609756097560974,0.4893617021276596,0.0241343126967471,0.3898305084745762,0.3906648393774672,0.3829787234042552
graph_099_mu_0_4_node_883,18,0.0392156862745098,0.0007009202577407,0.3881118881118881,2.5765765765765765,0.0195561175116343,6.0,12.0,0.5,0.6666666666666665,0.5999999999999998,0.0122448979591836,0.5,0.5004350978970268,0.2999999999999999
graph_099_mu_0_4_node_944,21,0.0380952380952381,0.0009451893409717,0.3975328292877039,2.5155155155155158,0.0240936840177077,4.0,17.0,0.2352941176470588,0.8095238095238098,0.265625,0.0181623931623931,0.6799999999999998,0.6806161876110045,0.0625
graph_099_mu_0_4_node_655,41,0.1012195121951219,0.0030348774606481,0.4302325581395348,2.324324324324324,0.0455446351350224,18.0,23.0,0.7826086956521738,0.5609756097560974,0.6969696969696971,0.0237849017580144,0.3898305084745762,0.3906648393774672,0.5454545454545452
graph_099_mu_0_4_node_636,55,0.1178451178451178,0.0048232192467991,0.4582568807339449,2.1821821821821823,0.0752397889517311,27.0,28.0,0.964285714285714,0.5090909090909089,0.5833333333333334,0.0294117647058823,0.3414634146341463,0.3424796010317655,0.5625
graph_099_mu_0_4_node_569,23,0.0553359683794466,0.0010116377378683,0.3964285714285714,2.5225225225225225,0.0250069165434397,7.0,16.0,0.4375,0.6956521739130432,0.6153846153846152,0.0164271047227926,0.5333333333333332,0.5339134217968242,0.2692307692307692
graph_099_mu_0_4_node_767,35,0.1394957983193277,0.0023665295997329,0.4150394682176984,2.4094094094094096,0.0334108122973975,16.0,19.0,0.8421052631578946,0.5428571428571429,0.7916666666666665,0.0194672131147541,0.3725490196078432,0.3732382494841444,0.6666666666666665
graph_099_mu_0_4_node_525,34,0.0846774193548387,0.0018661190673822,0.4169449081803005,2.3983983983983985,0.0391270143768154,16.0,18.0,0.8888888888888892,0.5294117647058824,0.28125,0.0192307692307692,0.36,0.3606529783066097,0.234375
graph_099_mu_0_4_node_579,30,0.0597701149425287,0.0016323950371006,0.4192194712547209,2.385385385385385,0.0395530014591707,8.0,22.0,0.3636363636363636,0.7333333333333332,0.4400000000000001,0.0231578947368421,0.5789473684210529,0.5797448744023476,0.16
graph_099_mu_0_4_node_837,38,0.0904761904761904,0.0024664035800943,0.4140074595938665,2.4154154154154157,0.0352870746518223,17.0,21.0,0.8095238095238098,0.5526315789473684,0.84,0.0215384615384615,0.3818181818181818,0.382579962207778,0.64
graph_099_mu_0_4_node_782,17,0.0294117647058823,0.0006504245626136,0.380281690140845,2.6296296296296298,0.0149805455293964,5.0,12.0,0.4166666666666667,0.7058823529411762,0.4800000000000002,0.0123076923076923,0.5454545454545452,0.5458896118021634,0.2
graph_099_mu_0_4_node_15,52,0.1044897959183673,0.0039538673525166,0.4397007042253521,2.274274274274274,0.057997726670662,32.0,20.0,1.6000000000000003,0.3846153846153847,0.3125,0.0213675213675213,0.2380952380952381,0.2388215600011066,0.484375
graph_099_mu_0_4_node_659,23,0.067193675889328,0.0009352619278034,0.3988023952095808,2.5075075075075075,0.0250584150077074,8.0,15.0,0.5333333333333332,0.6521739130434784,0.8333333333333335,0.015274949083503,0.4838709677419357,0.4844148598337445,0.4444444444444446
graph_099_mu_0_4_node_796,33,0.0494623655913978,0.0020927673396652,0.41625,2.4024024024024024,0.0324580139540208,12.0,21.0,0.5714285714285712,0.6363636363636365,1.1666666666666667,0.0213849287169042,0.4666666666666667,0.4674281708186775,0.6111111111111108
graph_099_mu_0_4_node_469,49,0.0851063829787234,0.004058639021655,0.4345367551109177,2.3013013013013013,0.0491923194855496,24.0,25.0,0.9600000000000004,0.5102040816326533,0.5319148936170212,0.0262329485834207,0.3424657534246575,0.3433729639337839,0.4893617021276596
graph_099_mu_0_4_node_937,25,0.1541501976284585,0.0009983867568244,0.3908450704225352,2.558558558558558,0.022251242079447,11.0,14.0,0.7857142857142859,0.5600000000000003,1.0,0.0141987829614604,0.388888888888889,0.38939665038606,0.7142857142857141
graph_099_mu_0_4_node_136,21,0.0619047619047619,0.0009757446951855,0.3948616600790514,2.5325325325325325,0.0211864243763886,6.0,15.0,0.4000000000000001,0.7142857142857141,0.234375,0.016025641025641,0.5555555555555556,0.5560993687738423,0.09375
graph_099_mu_0_4_node_798,33,0.1075268817204301,0.0017528239204688,0.4114497528830313,2.4304304304304303,0.0326620607134664,15.0,18.0,0.8333333333333335,0.5454545454545452,0.8571428571428571,0.0183861082737487,0.375,0.3756529309344166,0.6666666666666665
graph_099_mu_0_4_node_34,27,0.074074074074074,0.0013255164543664,0.4102669404517454,2.437437437437437,0.0332924449505513,10.0,17.0,0.5882352941176471,0.6296296296296297,0.3399999999999999,0.0178947368421052,0.4594594594594596,0.4600759152015633,0.2
graph_099_mu_0_4_node_330,48,0.1014492753623188,0.0036331812239071,0.4379658044717229,2.2832832832832834,0.0574821146364346,25.0,23.0,1.0869565217391306,0.4791666666666668,0.3833333333333334,0.0244680851063829,0.3150684931506849,0.315903247986819,0.4000000000000001
graph_099_mu_0_4_node_286,23,0.1904761904761904,0.0007449743614675,0.3917647058823529,2.5525525525525525,0.0237230412324381,12.0,11.0,1.0909090909090904,0.4782608695652175,0.7857142857142859,0.011156186612576,0.3142857142857142,0.3146847421088362,0.7857142857142859
graph_099_mu_0_4_node_377,28,0.1243386243386243,0.0014387933573826,0.4026602176541717,2.483483483483484,0.0270115590098785,15.0,13.0,1.1538461538461535,0.4642857142857144,0.5199999999999998,0.0133333333333333,0.3023255813953489,0.3027972281681964,0.5600000000000003
graph_099_mu_0_4_node_668,24,0.0942028985507246,0.0011299870529953,0.3981666002391391,2.5115115115115114,0.0243531667273564,10.0,14.0,0.7142857142857141,0.5833333333333334,0.5185185185185184,0.014388489208633,0.411764705882353,0.4122724305505186,0.3703703703703703
graph_099_mu_0_4_node_598,19,0.1461988304093567,0.0006637158934682,0.3925343811394892,2.5475475475475475,0.0247251974980148,8.0,11.0,0.7272727272727273,0.5789473684210529,0.3333333333333332,0.0113753877973112,0.4074074074074074,0.4078063194654309,0.2424242424242423
graph_099_mu_0_4_node_233,25,0.0666666666666666,0.0012986104253544,0.4033104561970125,2.47947947947948,0.0263267613034905,7.0,18.0,0.388888888888889,0.72,0.9473684210526316,0.018348623853211,0.5625,0.5631525522041764,0.3157894736842105
graph_099_mu_0_4_node_449,26,0.1046153846153846,0.0013121475538479,0.4016887816646562,2.4894894894894897,0.0290436826788655,11.0,15.0,0.7333333333333332,0.5769230769230768,0.25,0.0159574468085106,0.4054054054054053,0.405949415850406,0.1833333333333333
graph_099_mu_0_4_node_534,31,0.1311827956989247,0.0019215788133878,0.4138359569179785,2.4164164164164164,0.0323954723567885,13.0,18.0,0.722222222222222,0.5806451612903225,0.9473684210526316,0.018348623853211,0.4090909090909091,0.4097437453015577,0.6842105263157895
graph_099_mu_0_4_node_551,21,0.0952380952380952,0.0008345509805419,0.398961661341853,2.5065065065065064,0.026851562986908,9.0,12.0,0.75,0.5714285714285712,0.1875,0.0128205128205128,0.4000000000000001,0.4004351925727132,0.140625
graph_099_mu_0_4_node_358,24,0.1340579710144927,0.0011005180960979,0.3829053277117669,2.6116116116116115,0.0187903934546424,11.0,13.0,0.8461538461538461,0.5416666666666667,0.3333333333333332,0.0135275754422476,0.3714285714285715,0.3719000813484146,0.2564102564102564
graph_099_mu_0_4_node_394,23,0.1146245059288537,0.0009578612182095,0.3965859468042874,2.521521521521521,0.0241218295473383,10.0,13.0,0.7692307692307695,0.5652173913043478,0.5,0.0133470225872689,0.3939393939393938,0.3944108696583944,0.3846153846153847
graph_099_mu_0_4_node_360,18,0.1111111111111111,0.0006174503910451,0.3810068649885583,2.6246246246246248,0.0171928287590913,8.0,10.0,0.8000000000000002,0.5555555555555556,0.2777777777777778,0.0103734439834024,0.3846153846153847,0.3849780450926456,0.2222222222222223
graph_099_mu_0_4_node_642,29,0.1847290640394088,0.0013871309784022,0.4036363636363636,2.477477477477477,0.0296690319400014,14.0,15.0,0.9333333333333336,0.5172413793103449,0.8333333333333335,0.015274949083503,0.3488372093023255,0.3493813381520372,0.777777777777778
graph_099_mu_0_4_node_166,29,0.150997150997151,0.0013577823313982,0.3969010727056019,2.51951951951952,0.0262674874337804,14.0,15.0,0.9333333333333336,0.5172413793103449,0.625,0.0153688524590163,0.3488372093023255,0.3493813381520372,0.5416666666666667
graph_099_mu_0_4_node_778,24,0.108695652173913,0.0010500325292762,0.3970588235294117,2.5185185185185186,0.0248668160849832,8.0,16.0,0.5,0.6666666666666665,0.6153846153846152,0.0164271047227926,0.5,0.5005801305293689,0.3076923076923076
graph_099_mu_0_4_node_235,23,0.1660079051383399,0.0009609078286237,0.4024979854955681,2.4844844844844847,0.0291228944062835,11.0,12.0,0.9166666666666664,0.5217391304347825,0.3636363636363636,0.0124095139607032,0.3529411764705881,0.3533764321833194,0.3333333333333332
graph_099_mu_0_4_node_528,18,0.065359477124183,0.0006722619205561,0.3840830449826989,2.603603603603604,0.0184768309375146,5.0,13.0,0.3846153846153847,0.722222222222222,0.8666666666666669,0.0131979695431472,0.5652173913043478,0.5656886960935295,0.3333333333333332
graph_099_mu_0_4_node_134,35,0.1041666666666666,0.0021068408775563,0.4165971643035863,2.4004004004004003,0.0348429154921722,13.0,22.0,0.5909090909090909,0.6285714285714284,1.5714285714285718,0.0223123732251521,0.4583333333333332,0.4591311285175515,0.8571428571428571
graph_099_mu_0_4_node_483,28,0.0714285714285714,0.0015130725324017,0.4015273311897106,2.4904904904904903,0.029261213878701,12.0,16.0,0.75,0.5714285714285712,0.2666666666666666,0.0170212765957446,0.4000000000000001,0.4005802988539099,0.1833333333333333
graph_099_mu_0_4_node_718,20,0.0368421052631578,0.0008940156577185,0.3925343811394892,2.5475475475475475,0.0207725712117799,4.0,16.0,0.25,0.8000000000000002,0.8421052631578946,0.0163098878695209,0.6666666666666665,0.6672466289691171,0.2105263157894736
graph_099_mu_0_4_node_73,21,0.023391812865497,0.0008354310670091,0.3879611650485436,2.5775775775775776,0.0192146201396654,5.0,16.0,0.3125,0.7619047619047622,0.6666666666666665,0.0163934426229508,0.6153846153846152,0.6159646197346479,0.1666666666666666
graph_099_mu_0_4_node_172,26,0.0738461538461538,0.0011166411711564,0.4026602176541717,2.483483483483484,0.0287086731646617,13.0,13.0,1.0,0.5,0.203125,0.0138888888888888,0.3333333333333332,0.33380491166975,0.203125
graph_099_mu_0_4_node_742,24,0.0471014492753623,0.0012276355316877,0.3970588235294117,2.5185185185185186,0.0221430050788953,9.0,15.0,0.5999999999999998,0.625,0.5555555555555556,0.0154162384378211,0.4545454545454543,0.4550893860826051,0.3333333333333332
graph_099_mu_0_4_node_306,23,0.1541501976284585,0.0010019880825484,0.3884136858475894,2.5745745745745747,0.0204386178658502,10.0,13.0,0.7692307692307695,0.5652173913043478,0.9285714285714288,0.0131845841784989,0.3939393939393938,0.3944108696583944,0.7142857142857141
graph_099_mu_0_4_node_138,22,0.1038961038961039,0.0009598525218533,0.3983253588516746,2.5105105105105103,0.0247716462521959,9.0,13.0,0.6923076923076923,0.5909090909090909,0.3939393939393938,0.0134436401240951,0.4193548387096773,0.4198262802327963,0.2727272727272726
graph_099_mu_0_4_node_908,55,0.0769230769230769,0.0050200379760043,0.4528558476881233,2.2082082082082084,0.060604038268389,27.0,28.0,0.964285714285714,0.5090909090909089,0.6666666666666665,0.0292275574112734,0.3414634146341463,0.3424796010317655,0.6190476190476188
graph_099_mu_0_4_node_788,29,0.1168091168091168,0.001352571849678,0.4059325477448192,2.463463463463464,0.0300250305347889,13.0,16.0,0.8125,0.5517241379310346,0.64,0.0164102564102564,0.3809523809523811,0.3815327219026893,0.4800000000000002
graph_099_mu_0_4_node_318,27,0.1168091168091168,0.001172153752675,0.4070904645476773,2.4564564564564564,0.0343353052481039,12.0,15.0,0.8000000000000002,0.5555555555555556,0.234375,0.016025641025641,0.3846153846153847,0.385159434522896,0.1875
graph_099_mu_0_4_node_831,28,0.1164021164021164,0.0014259033755776,0.4085889570552147,2.4474474474474475,0.0327108973549854,10.0,18.0,0.5555555555555556,0.6428571428571429,0.5454545454545452,0.0186142709410548,0.4736842105263158,0.4743369047028334,0.303030303030303
graph_099_mu_0_4_node_457,28,0.1269841269841269,0.001426643905603,0.4034733441033926,2.4784784784784786,0.0314053922694872,14.0,14.0,1.0,0.5,0.3783783783783784,0.0145379023883696,0.3333333333333332,0.3338412053495853,0.3783783783783784
graph_099_mu_0_4_node_644,29,0.1403940886699507,0.0015022037878268,0.4079216006533279,2.4514514514514514,0.0322450454634413,15.0,14.0,1.0714285714285714,0.482758620689655,0.5384615384615384,0.0143737166324435,0.3181818181818182,0.3186897270484558,0.5769230769230768
graph_099_mu_0_4_node_202,25,0.0433333333333333,0.0012503619748373,0.4097621000820344,2.4404404404404403,0.0291524248812371,6.0,19.0,0.3157894736842105,0.7599999999999999,0.4871794871794871,0.0197710718002081,0.6129032258064517,0.6135919560054583,0.1282051282051282
graph_099_mu_0_4_node_1,28,0.1846153846153846,0.001132032593236,0.4013660104459622,2.4914914914914914,0.0293626705801967,16.0,12.0,1.333333333333333,0.4285714285714285,0.2,0.0127659574468085,0.2727272727272726,0.2731626863702335,0.25
graph_099_mu_0_4_node_58,34,0.142602495543672,0.0018060870457101,0.4227676682183665,2.365365365365365,0.0416405558536715,18.0,16.0,1.125,0.4705882352941177,0.4324324324324325,0.0166147455867082,0.3076923076923076,0.3082728592162554,0.4864864864864865
graph_099_mu_0_4_node_524,24,0.072463768115942,0.0012759521046198,0.4034733441033926,2.4784784784784786,0.0257125273117469,7.0,17.0,0.411764705882353,0.7083333333333334,0.6538461538461539,0.0174537987679671,0.5483870967741937,0.5490034184215852,0.2692307692307692
graph_099_mu_0_4_node_139,25,0.0632411067193675,0.0009431451138781,0.390539483971853,2.5605605605605604,0.0247190010679715,8.0,17.0,0.4705882352941177,0.6799999999999998,1.2142857142857142,0.0172413793103448,0.5151515151515154,0.5157678814906619,0.5
graph_099_mu_0_4_node_470,22,0.1368421052631579,0.0006318063244042,0.3851195065535852,2.5965965965965965,0.0273147844354153,13.0,9.0,1.444444444444444,0.4090909090909091,0.1875,0.009453781512605,0.2571428571428571,0.2574693818317515,0.25
graph_099_mu_0_4_node_60,26,0.0769230769230769,0.0011718918400702,0.408923454768727,2.4454454454454453,0.0353637105580278,9.0,17.0,0.5294117647058824,0.6538461538461539,0.265625,0.0181623931623931,0.4857142857142857,0.4863306967516693,0.125
graph_099_mu_0_4_node_838,48,0.1400966183574879,0.003076264958995,0.4410596026490066,2.267267267267268,0.0611552222591763,28.0,20.0,1.3999999999999997,0.4166666666666667,0.3333333333333332,0.0212765957446808,0.2631578947368421,0.2638840056865951,0.4500000000000001
graph_099_mu_0_4_node_356,31,0.1032258064516129,0.0017140288819283,0.4185169669040637,2.3893893893893896,0.0379534343468021,13.0,18.0,0.722222222222222,0.5806451612903225,0.3214285714285714,0.0190677966101694,0.4090909090909091,0.4097437453015577,0.2321428571428572
graph_099_mu_0_4_node_292,42,0.0794871794871794,0.0031283207162621,0.4332176929748482,2.3083083083083085,0.0446056938357497,17.0,25.0,0.6799999999999998,0.5952380952380952,0.4464285714285713,0.0264830508474576,0.4237288135593218,0.4246355634051745,0.2857142857142856
graph_099_mu_0_4_node_303,16,0.0583333333333333,0.0005292651823265,0.3747186796699174,2.6686686686686687,0.014469964704998,3.0,13.0,0.2307692307692308,0.8125,0.6190476190476188,0.0132788559754851,0.6842105263157895,0.6846817627677416,0.1428571428571428
graph_099_mu_0_4_node_301,38,0.1126984126984127,0.0023300296029803,0.4208087615838247,2.3763763763763763,0.0407720653894409,20.0,18.0,1.1111111111111112,0.4736842105263158,0.3214285714285714,0.0190677966101694,0.3103448275862069,0.3109979954503479,0.3392857142857144
graph_099_mu_0_4_node_802,16,0.05,0.0005939779849559,0.377123442808607,2.6516516516516515,0.0141993345172586,5.0,11.0,0.4545454545454543,0.6875,1.1,0.0111111111111111,0.5238095238095238,0.524208349087795,0.5
graph_099_mu_0_4_node_926,31,0.0615763546798029,0.0016384557190215,0.4062627084180561,2.4614614614614614,0.0330786115727723,15.0,16.0,0.9375,0.5161290322580643,0.3333333333333332,0.0168067226890756,0.3478260869565216,0.3484065121179523,0.2916666666666667
graph_099_mu_0_4_node_100,31,0.064516129032258,0.0019766904518181,0.4188679245283019,2.3873873873873874,0.0359310354148827,9.0,22.0,0.4090909090909091,0.7096774193548386,0.5238095238095238,0.022964509394572,0.5499999999999999,0.5507975638051044,0.2142857142857142
graph_099_mu_0_4_node_65,23,0.2285714285714285,0.0007028405812907,0.3826120260436614,2.6136136136136137,0.0210964498476784,13.0,10.0,1.3000000000000005,0.4347826086956522,0.4166666666666667,0.0102459016393442,0.2777777777777778,0.2781405698253762,0.5
graph_099_mu_0_4_node_505,26,0.0553846153846153,0.0014321204018828,0.4085889570552147,2.4474474474474475,0.0297887654246213,9.0,17.0,0.5294117647058824,0.6538461538461539,0.265625,0.0181623931623931,0.4857142857142857,0.4863306967516693,0.140625
graph_099_mu_0_4_node_727,25,0.17,0.0010408551670937,0.3984842441164739,2.5095095095095097,0.0292231911520527,13.0,12.0,1.0833333333333337,0.4800000000000002,0.2142857142857142,0.0127118644067796,0.3157894736842105,0.3162247925552836,0.2142857142857142
graph_099_mu_0_4_node_635,22,0.0735930735930736,0.0009229984866829,0.3931523022432113,2.543543543543544,0.0226966764533882,9.0,13.0,0.6923076923076923,0.5909090909090909,0.361111111111111,0.0134854771784232,0.4193548387096773,0.4198262802327963,0.25
graph_099_mu_0_4_node_719,26,0.0215384615384615,0.0015125538106257,0.4146948941469489,2.411411411411412,0.0300973869434127,5.0,21.0,0.2380952380952381,0.8076923076923079,0.4468085106382978,0.0220356768100734,0.6774193548387099,0.6781804725944997,0.0851063829787233
graph_099_mu_0_4_node_442,27,0.1866666666666666,0.0010655067034764,0.3972166998011928,2.517517517517517,0.0270237937204829,14.0,13.0,1.0769230769230769,0.4814814814814816,0.5416666666666667,0.0133196721311475,0.3170731707317073,0.3175447832838568,0.5416666666666667
graph_099_mu_0_4_node_468,27,0.1366666666666666,0.0011652291954582,0.4024979854955681,2.4844844844844847,0.0301918276664057,12.0,15.0,0.8000000000000002,0.5555555555555556,0.5769230769230768,0.015400410677618,0.3846153846153847,0.385159434522896,0.4230769230769231
graph_099_mu_0_4_node_990,18,0.1633986928104575,0.0005274588706213,0.3861615771163509,2.5895895895895897,0.0208979563173448,9.0,9.0,1.0,0.5,0.2307692307692308,0.0093652445369406,0.3333333333333332,0.3336597632778403,0.2307692307692308
graph_099_mu_0_4_node_50,35,0.125,0.001768469986388,0.4140074595938665,2.4154154154154157,0.0402043462708051,18.0,17.0,1.0588235294117647,0.4857142857142857,0.4594594594594596,0.0176531671858774,0.3207547169811321,0.3213715305945713,0.4594594594594596
graph_099_mu_0_4_node_367,34,0.0837789661319073,0.0022645649112634,0.4216969185310257,2.3713713713713718,0.0357275637244336,11.0,23.0,0.4782608695652175,0.676470588235294,1.5333333333333337,0.0233502538071065,0.5111111111111111,0.5119450185111328,0.7333333333333332
graph_099_mu_0_4_node_754,27,0.0769230769230769,0.0014375569245642,0.4044534412955465,2.4724724724724725,0.0291299381454285,8.0,19.0,0.4210526315789473,0.7037037037037039,1.2666666666666662,0.0192893401015228,0.5428571428571429,0.5435459729336393,0.5333333333333332
graph_099_mu_0_4_node_846,36,0.0944741532976827,0.0021626712062662,0.4145228215767635,2.4124124124124124,0.0343701527395731,17.0,19.0,0.8947368421052634,0.5277777777777778,0.4871794871794871,0.0197710718002081,0.3584905660377358,0.3591798459216466,0.4102564102564104
graph_099_mu_0_4_node_603,21,0.0904761904761904,0.0008530921279227,0.3943939992104224,2.535535535535536,0.02365083391446,8.0,13.0,0.6153846153846152,0.6190476190476188,0.361111111111111,0.0134854771784232,0.4482758620689653,0.4487472694011626,0.2222222222222223
graph_099_mu_0_4_node_494,29,0.1354679802955665,0.0013832096203114,0.4104354971240756,2.4364364364364364,0.0355130684146946,14.0,15.0,0.9333333333333336,0.5172413793103449,0.2678571428571428,0.0158898305084745,0.3488372093023255,0.3493813381520372,0.25
graph_099_mu_0_4_node_335,21,0.1871345029239766,0.000650987827326,0.3808616088448341,2.625625625625626,0.0174414507564163,11.0,10.0,1.1,0.4761904761904762,0.2564102564102564,0.0104058272632674,0.3125,0.3128627394080093,0.2564102564102564
graph_099_mu_0_4_node_966,19,0.0735294117647058,0.000603357166306,0.3891702376314764,2.5695695695695697,0.0215988554711544,8.0,11.0,0.7272727272727273,0.5789473684210529,0.2619047619047619,0.011482254697286,0.4074074074074074,0.4078063194654309,0.1666666666666666
graph_099_mu_0_4_node_902,28,0.08,0.0012667116992927,0.4033104561970125,2.47947947947948,0.0285610576245083,15.0,13.0,1.1538461538461535,0.4642857142857144,0.3095238095238094,0.0135699373695198,0.3023255813953489,0.3027972281681964,0.3333333333333332
graph_099_mu_0_4_node_921,28,0.16,0.0012151797589044,0.3945497630331753,2.5345345345345347,0.0256091413328246,13.0,15.0,0.8666666666666669,0.5357142857142857,1.0714285714285714,0.0152129817444219,0.3658536585365854,0.3663977479123335,0.8571428571428571
graph_099_mu_0_4_node_833,23,0.0830039525691699,0.0010232411008981,0.4000800961153384,2.4994994994995,0.0272636946115342,10.0,13.0,0.7692307692307695,0.5652173913043478,0.2599999999999999,0.0136842105263157,0.3939393939393938,0.3944108696583944,0.2
graph_099_mu_0_4_node_269,31,0.105911330049261,0.00141528488355,0.4117889530090684,2.4284284284284285,0.0390094104906753,16.0,15.0,1.0666666666666664,0.4838709677419357,0.3125,0.0157563025210084,0.3191489361702127,0.319693143985037,0.3125
graph_099_mu_0_4_node_893,14,0.0879120879120879,0.0003311109979817,0.3769811320754717,2.6526526526526526,0.0162163121098865,3.0,11.0,0.2727272727272726,0.7857142857142859,0.4400000000000001,0.0112820512820512,0.6470588235294118,0.6474575909754876,0.12
graph_099_mu_0_4_node_115,34,0.0967741935483871,0.0019142220481674,0.4106041923551171,2.4354354354354357,0.0334815829625028,15.0,19.0,0.7894736842105262,0.5588235294117646,0.7307692307692305,0.0195071868583162,0.3877551020408161,0.3884442819167639,0.5384615384615384
graph_099_mu_0_4_node_423,30,0.0793650793650793,0.0014954323932978,0.4069246435845214,2.457457457457457,0.029557006060646,11.0,19.0,0.5789473684210529,0.6333333333333331,1.2666666666666662,0.0192893401015228,0.4634146341463416,0.4641036140933989,0.6666666666666665
graph_099_mu_0_4_node_68,23,0.0711462450592885,0.0011010460549087,0.3939274447949527,2.5385385385385386,0.0212312662319455,6.0,17.0,0.3529411764705881,0.7391304347826088,0.2833333333333332,0.0180851063829787,0.5862068965517241,0.5868231735138411,0.1
graph_099_mu_0_4_node_219,35,0.1174242424242424,0.0017368541532832,0.421875,2.3703703703703702,0.0442794599999071,18.0,17.0,1.0588235294117647,0.4857142857142857,0.3399999999999999,0.0178947368421052,0.3207547169811321,0.3213715305945713,0.3399999999999999
graph_099_mu_0_4_node_906,31,0.1502463054187192,0.0013629624489131,0.4080882352941176,2.4504504504504503,0.0350993039526231,15.0,16.0,0.9375,0.5161290322580643,0.6153846153846152,0.0164271047227926,0.3478260869565216,0.3484065121179523,0.5384615384615384
graph_099_mu_0_4_node_407,34,0.1229838709677419,0.001876427882187,0.4095940959409594,2.4414414414414414,0.0319595192725856,15.0,19.0,0.7894736842105262,0.5588235294117646,0.904761904761905,0.0194075587334014,0.3877551020408161,0.3884442819167639,0.6666666666666665
graph_099_mu_0_4_node_680,26,0.0892307692307692,0.0012831302326395,0.4042897612302711,2.4734734734734736,0.030540349842036,10.0,16.0,0.625,0.6153846153846152,0.25,0.017094017094017,0.4444444444444446,0.4450246591238756,0.15625
graph_099_mu_0_4_node_350,31,0.0666666666666666,0.0017680691102585,0.4195716085678286,2.3833833833833835,0.0393030254824644,11.0,20.0,0.5499999999999999,0.6451612903225806,0.4166666666666667,0.0210084033613445,0.4761904761904762,0.4769156919421622,0.2291666666666666
graph_099_mu_0_4_node_302,24,0.1159420289855072,0.001069123964535,0.3936170212765957,2.5405405405405403,0.0227025907623468,10.0,14.0,0.7142857142857141,0.5833333333333334,0.6666666666666665,0.0143003064351379,0.411764705882353,0.4122724305505186,0.4761904761904762
graph_099_mu_0_4_node_998,23,0.0714285714285714,0.0009482862688054,0.390234375,2.5625625625625625,0.0212987041677387,8.0,15.0,0.5333333333333332,0.6521739130434784,0.75,0.0153061224489795,0.4838709677419357,0.4844148598337445,0.3499999999999999
graph_099_mu_0_4_node_804,31,0.1290322580645161,0.0017156735097721,0.4054383116883117,2.4664664664664664,0.0298447112780457,15.0,16.0,0.9375,0.5161290322580643,0.7619047619047622,0.0163432073544433,0.3478260869565216,0.3484065121179523,0.7142857142857141
graph_099_mu_0_4_node_7,35,0.0655462184873949,0.0022364417843347,0.4322803980960623,2.313313313313313,0.0433082233115851,14.0,21.0,0.6666666666666665,0.5999999999999998,0.328125,0.0224358974358974,0.4285714285714285,0.4293330431944291,0.21875
graph_099_mu_0_4_node_169,31,0.1896551724137931,0.0014777648880146,0.3961141950832672,2.5245245245245247,0.026677981826599,17.0,14.0,1.2142857142857142,0.4516129032258062,0.6666666666666665,0.0143003064351379,0.2916666666666667,0.292174649250121,0.7619047619047622
graph_099_mu_0_4_node_365,21,0.2476190476190476,0.0004864407882881,0.3908450704225352,2.558558558558558,0.0332218147136598,16.0,5.0,3.2000000000000006,0.2380952380952381,0.1041666666666666,0.0052521008403361,0.1351351351351351,0.135316603577773,0.3333333333333332
graph_099_mu_0_4_node_629,16,0.0333333333333333,0.000588041001374,0.3925343811394892,2.5475475475475475,0.01941566197929,4.0,12.0,0.3333333333333332,0.75,0.3076923076923076,0.0124869927159209,0.5999999999999998,0.600435034802784,0.0769230769230769
graph_099_mu_0_4_node_761,44,0.1358885017421602,0.0029534192495604,0.4324675324675324,2.3123123123123124,0.0514266315052975,23.0,21.0,1.0952380952380951,0.4772727272727274,0.375,0.0222457627118644,0.3134328358208956,0.3141949479602531,0.3928571428571429
graph_099_mu_0_4_node_436,27,0.1794871794871795,0.0011988285887458,0.4015273311897106,2.4904904904904903,0.0269847208762831,14.0,13.0,1.0769230769230769,0.4814814814814816,0.6190476190476188,0.0132788559754851,0.3170731707317073,0.3175447832838568,0.6666666666666665
graph_099_mu_0_4_node_162,38,0.092063492063492,0.002611646243237,0.4280205655526992,2.3363363363363363,0.0386268724263934,15.0,23.0,0.6521739130434784,0.6052631578947368,1.0952380952380951,0.0234933605720122,0.4339622641509433,0.4347964134999441,0.6666666666666665
graph_099_mu_0_4_node_226,25,0.1739130434782608,0.0009781260728862,0.3947056499407348,2.5335335335335336,0.0261591397462354,12.0,13.0,0.9230769230769232,0.5199999999999998,0.5416666666666667,0.0133196721311475,0.3513513513513515,0.3518228954769996,0.4583333333333332
graph_099_mu_0_4_node_128,25,0.1466666666666666,0.001025949991752,0.3986432561851556,2.5085085085085086,0.028975588982383,12.0,13.0,0.9230769230769232,0.5199999999999998,0.5,0.0133470225872689,0.3513513513513515,0.3518228954769996,0.4615384615384616
graph_099_mu_0_4_node_858,21,0.0714285714285714,0.0010312864846217,0.3958003169572108,2.5265265265265264,0.0207193663677162,5.0,16.0,0.3125,0.7619047619047622,1.0666666666666664,0.016243654822335,0.6153846153846152,0.6159646197346479,0.3333333333333332
graph_099_mu_0_4_node_341,21,0.0714285714285714,0.000836741753289,0.3978494623655914,2.5135135135135136,0.0246277237577875,7.0,14.0,0.5,0.6666666666666665,0.297872340425532,0.0146904512067156,0.5,0.5005076142131981,0.148936170212766
graph_099_mu_0_4_node_426,31,0.0615763546798029,0.001638114752687,0.4094262295081967,2.4424424424424425,0.0310134643010502,13.0,18.0,0.722222222222222,0.5806451612903225,0.4285714285714285,0.0187891440501043,0.4090909090909091,0.4097437453015577,0.2857142857142856
graph_099_mu_0_4_node_922,23,0.0571428571428571,0.000939240554792,0.3940828402366864,2.537537537537537,0.0219856148053598,4.0,19.0,0.2105263157894736,0.8260869565217388,0.7599999999999999,0.0194871794871794,0.7037037037037039,0.7043923340541803,0.12
graph_099_mu_0_4_node_91,26,0.083076923076923,0.0012630408370757,0.404126213592233,2.4744744744744747,0.0306241556292499,12.0,14.0,0.8571428571428571,0.5384615384615384,0.2333333333333333,0.0148936170212765,0.3684210526315788,0.3689288509630986,0.2
graph_099_mu_0_4_node_343,18,0.1764705882352941,0.000525642128511,0.3864603481624758,2.587587587587588,0.0241067186278745,10.0,8.0,1.25,0.4444444444444446,0.1333333333333333,0.0085106382978723,0.2857142857142856,0.2860044772406931,0.1666666666666666
graph_099_mu_0_4_node_562,19,0.0935672514619883,0.0007642612216221,0.381588999236058,2.6206206206206204,0.0176538444795627,6.0,13.0,0.4615384615384616,0.6842105263157895,0.3333333333333332,0.0135275754422476,0.5199999999999998,0.5204713389652297,0.1538461538461538
graph_099_mu_0_4_node_371,27,0.0683760683760683,0.0015057835359341,0.4007220216606498,2.4954954954954958,0.0263745728406781,8.0,19.0,0.4210526315789473,0.7037037037037039,1.1875,0.0193089430894309,0.5428571428571429,0.5435459729336393,0.5
graph_099_mu_0_4_node_414,24,0.0942028985507246,0.0010054461888774,0.4079216006533279,2.4514514514514514,0.0319725483990406,11.0,13.0,0.8461538461538461,0.5416666666666667,0.3095238095238094,0.0135699373695198,0.3714285714285715,0.3719000813484146,0.2619047619047619
graph_099_mu_0_4_node_420,24,0.0346320346320346,0.0011723289166017,0.3928430987023201,2.5455455455455454,0.0197047122259016,7.0,17.0,0.411764705882353,0.7083333333333334,0.4722222222222222,0.0176348547717842,0.5483870967741937,0.5490034184215852,0.1666666666666666
graph_099_mu_0_4_node_386,32,0.160919540229885,0.0015502918216143,0.4049452776651804,2.4694694694694697,0.031083933294695,16.0,16.0,1.0,0.5,1.0666666666666664,0.016243654822335,0.3333333333333332,0.3339138006094906,1.0
graph_099_mu_0_4_node_721,33,0.1079545454545454,0.0018949425745317,0.4181665969024696,2.391391391391392,0.0450781488269653,16.0,17.0,0.9411764705882354,0.5151515151515154,0.3541666666666667,0.0178571428571428,0.3469387755102041,0.3475554996168612,0.3333333333333332
graph_099_mu_0_4_node_121,27,0.0911680911680911,0.001513047272716,0.3988023952095808,2.5075075075075075,0.0246129102489524,9.0,18.0,0.5,0.6666666666666665,1.125,0.0182926829268292,0.5,0.5006526468455403,0.5625
graph_099_mu_0_4_node_236,32,0.0505747126436781,0.001917554620301,0.4109419991772933,2.433433433433433,0.0293363414511142,11.0,21.0,0.5238095238095238,0.65625,1.1666666666666667,0.0213849287169042,0.4883720930232558,0.4891335419517881,0.5555555555555556
graph_099_mu_0_4_node_373,34,0.1370967741935483,0.0019130623556611,0.4056029232643118,2.4654654654654653,0.0310560084407577,17.0,17.0,1.0,0.5,0.7083333333333334,0.0174180327868852,0.3333333333333332,0.3339501021901342,0.6666666666666665
graph_099_mu_0_4_node_699,30,0.0896551724137931,0.0015151158978137,0.4117889530090684,2.4284284284284285,0.0377290009034416,13.0,17.0,0.7647058823529413,0.5666666666666665,0.4594594594594596,0.0176531671858774,0.3953488372093022,0.3959654271044819,0.3513513513513515
graph_099_mu_0_4_node_28,20,0.0947368421052631,0.0007190725044148,0.3994402239104358,2.503503503503504,0.0245076879649981,7.0,13.0,0.5384615384615384,0.6500000000000002,0.5,0.0133470225872689,0.4814814814814816,0.4819528546277159,0.2692307692307692
graph_099_mu_0_4_node_879,24,0.0909090909090909,0.000998644682802,0.3928430987023201,2.5455455455455454,0.0220101404487634,8.0,16.0,0.5,0.6666666666666665,0.4102564102564104,0.0166493236212278,0.5,0.5005801305293689,0.1794871794871794
graph_099_mu_0_4_node_997,19,0.0292397660818713,0.0007619149859319,0.3934619929105947,2.541541541541541,0.0196669155509445,3.0,16.0,0.1875,0.8421052631578946,0.5925925925925926,0.0164439876670092,0.7272727272727273,0.7278526475336912,0.1111111111111111
graph_099_mu_0_4_node_285,20,0.1473684210526315,0.000618470776887,0.3953304313415117,2.5295295295295297,0.0255882842308511,9.0,11.0,0.8181818181818182,0.5499999999999999,0.2619047619047619,0.011482254697286,0.3793103448275863,0.3797092858205867,0.2142857142857142
graph_099_mu_0_4_node_417,31,0.0924731182795698,0.0017799402237093,0.4136645962732919,2.417417417417417,0.0373926193580915,15.0,16.0,0.9375,0.5161290322580643,0.32,0.0168421052631578,0.3478260869565216,0.3484065121179523,0.2800000000000001
graph_099_mu_0_4_node_113,35,0.0928030303030303,0.0019852187834263,0.4150394682176984,2.4094094094094096,0.0362153816551451,22.0,13.0,1.6923076923076923,0.3714285714285715,0.203125,0.0138888888888888,0.2280701754385964,0.2285420618954551,0.328125
graph_099_mu_0_4_node_734,27,0.094017094017094,0.0012453929009535,0.4097621000820344,2.4404404404404403,0.0343461956225262,12.0,15.0,0.8000000000000002,0.5555555555555556,0.2999999999999999,0.0157894736842105,0.3846153846153847,0.385159434522896,0.2400000000000001
graph_099_mu_0_4_node_189,26,0.0892307692307692,0.001350791084762,0.3951740506329114,2.5305305305305303,0.022319605616527,10.0,16.0,0.625,0.6153846153846152,0.25,0.017094017094017,0.4444444444444446,0.4450246591238756,0.15625
graph_099_mu_0_4_node_591,22,0.0779220779220779,0.0008757160029026,0.4012048192771084,2.4924924924924925,0.0263999553444018,8.0,14.0,0.5714285714285712,0.6363636363636365,0.3333333333333332,0.0146137787056367,0.4666666666666667,0.467174317692847,0.1904761904761905
graph_099_mu_0_4_node_247,29,0.1133004926108374,0.0014095454834429,0.3964285714285714,2.5225225225225225,0.0271529028545473,16.0,13.0,1.2307692307692304,0.4482758620689653,0.2321428571428572,0.0137711864406779,0.2888888888888888,0.2893605698874013,0.2857142857142856
graph_099_mu_0_4_node_760,23,0.0809523809523809,0.0008003800670757,0.3934619929105947,2.541541541541541,0.0289048186939865,12.0,11.0,1.0909090909090904,0.4782608695652175,0.2291666666666666,0.0115546218487395,0.3142857142857142,0.3146847421088362,0.2291666666666666
graph_099_mu_0_4_node_649,22,0.0519480519480519,0.0011276777615269,0.3908450704225352,2.558558558558558,0.0193794044826302,3.0,19.0,0.1578947368421052,0.8636363636363634,0.4871794871794871,0.0197710718002081,0.7599999999999999,0.7606885804370672,0.0769230769230769
graph_099_mu_0_4_node_62,19,0.0643274853801169,0.0008067142452775,0.3872093023255814,2.5825825825825826,0.0191314021947742,5.0,14.0,0.357142857142857,0.7368421052631577,0.6666666666666665,0.0143003064351379,0.5833333333333334,0.5838408739365819,0.2380952380952381
graph_099_mu_0_4_node_769,30,0.156084656084656,0.0015028511131477,0.4057676685621446,2.4644644644644647,0.0278920804466023,15.0,15.0,1.0,0.5,0.3846153846153847,0.0156087408949011,0.3333333333333332,0.3338775016627365,0.3589743589743588
graph_099_mu_0_4_node_671,28,0.1296296296296296,0.0013345986077889,0.4100985221674877,2.4384384384384385,0.0339601832207963,12.0,16.0,0.75,0.5714285714285712,0.4848484848484846,0.0165460186142709,0.4000000000000001,0.4005802988539099,0.3636363636363636
graph_099_mu_0_4_node_803,29,0.0394088669950738,0.0017449145134758,0.4140074595938665,2.4154154154154157,0.0301678953407071,8.0,21.0,0.3809523809523811,0.7241379310344828,0.777777777777778,0.0215827338129496,0.5675675675675675,0.5683288508737122,0.2592592592592592
graph_099_mu_0_4_node_842,21,0.0809523809523809,0.0007590269532273,0.3919183993723029,2.5515515515515514,0.0251770907325862,7.0,14.0,0.5,0.6666666666666665,0.25,0.0148305084745762,0.5,0.5005076142131981,0.125
graph_099_mu_0_4_node_310,31,0.1096774193548387,0.0017926561667024,0.4092585006145022,2.443443443443444,0.0355730711486907,15.0,16.0,0.9375,0.5161290322580643,0.2857142857142856,0.0169491525423728,0.3478260869565216,0.3484065121179523,0.2321428571428572
graph_099_mu_0_4_node_672,33,0.064516129032258,0.0020815973554653,0.4153846153846154,2.4074074074074074,0.0323490320118492,11.0,22.0,0.5,0.6666666666666665,0.8800000000000002,0.0225641025641025,0.5,0.5007976794778825,0.4000000000000001
graph_099_mu_0_4_node_188,29,0.1182266009852216,0.0013538750152671,0.4060975609756098,2.4624624624624625,0.0338487912473288,14.0,15.0,0.9333333333333336,0.5172413793103449,0.4054054054054053,0.0155763239875389,0.3488372093023255,0.3493813381520372,0.3783783783783784
graph_099_mu_0_4_node_981,20,0.0526315789473684,0.0009543794544653,0.3911511354737666,2.5565565565565564,0.0204504845379497,5.0,15.0,0.3333333333333332,0.75,0.357142857142857,0.0156576200417536,0.5999999999999998,0.6005437737901034,0.119047619047619
graph_099_mu_0_4_node_305,23,0.0395256916996047,0.0010739683809224,0.3978494623655914,2.5135135135135136,0.0243765261290041,6.0,17.0,0.3529411764705881,0.7391304347826088,0.6799999999999998,0.0174358974358974,0.5862068965517241,0.5868231735138411,0.2400000000000001
graph_099_mu_0_4_node_462,19,0.1052631578947368,0.0006323213487182,0.386609907120743,2.5865865865865865,0.019585072465794,10.0,9.0,1.1111111111111112,0.4736842105263158,0.25,0.0093360995850622,0.3103448275862069,0.3106712812116558,0.2777777777777778
graph_099_mu_0_4_node_66,18,0.0457516339869281,0.0007160026125722,0.3801369863013699,2.630630630630631,0.015117068149764,6.0,12.0,0.5,0.6666666666666665,0.5999999999999998,0.0122448979591836,0.5,0.5004350978970268,0.25
graph_099_mu_0_4_node_856,25,0.0366666666666666,0.0013748012804813,0.3981666002391391,2.5115115115115114,0.0231703466847086,7.0,18.0,0.388888888888889,0.72,0.5,0.0186721991701244,0.5625,0.5631525522041764,0.1388888888888889
graph_099_mu_0_4_node_717,24,0.1212121212121212,0.0009442454601217,0.3933070866141732,2.5425425425425425,0.0231939663112322,11.0,13.0,0.8461538461538461,0.5416666666666667,0.8125,0.0132113821138211,0.3714285714285715,0.3719000813484146,0.625
graph_099_mu_0_4_node_772,48,0.1037234042553191,0.0038893515238804,0.4352941176470588,2.2972972972972974,0.0539800463854267,26.0,22.0,1.181818181818182,0.4583333333333332,0.3666666666666666,0.0234042553191489,0.2972972972972973,0.2980958453916712,0.4333333333333334
graph_099_mu_0_4_node_694,25,0.1333333333333333,0.0011202821609279,0.3964285714285714,2.5225225225225225,0.0247132809004376,10.0,15.0,0.6666666666666665,0.5999999999999998,1.0714285714285714,0.0152129817444219,0.4285714285714285,0.4291153995596425,0.7142857142857141
graph_099_mu_0_4_node_255,17,0.1617647058823529,0.0004821873794983,0.3810068649885583,2.6246246246246248,0.0209113749539042,10.0,7.0,1.4285714285714282,0.411764705882353,0.1891891891891892,0.0072689511941848,0.2592592592592592,0.2595131860557913,0.2702702702702702
graph_099_mu_0_4_node_927,22,0.0894736842105263,0.0007950485452598,0.3942383583267561,2.5365365365365364,0.0233329425492838,10.0,12.0,0.8333333333333335,0.5454545454545452,0.4615384615384616,0.0123203285420944,0.375,0.3754352241404322,0.3461538461538461
graph_099_mu_0_4_node_351,25,0.0733333333333333,0.0012682170452245,0.4013660104459622,2.4914914914914914,0.0251853471918586,8.0,17.0,0.4705882352941177,0.6799999999999998,0.6538461538461539,0.0174537987679671,0.5151515151515154,0.5157678814906619,0.3076923076923076
graph_099_mu_0_4_node_700,24,0.1630434782608695,0.0008478625318719,0.3956435643564356,2.5275275275275275,0.0288210023004832,14.0,10.0,1.3999999999999997,0.4166666666666667,0.1785714285714285,0.010593220338983,0.2631578947368421,0.2635207131099645,0.2321428571428572
graph_099_mu_0_4_node_275,41,0.0817073170731707,0.0031790990390231,0.4377738825591586,2.284284284284284,0.0472350483552638,18.0,23.0,0.7826086956521738,0.5609756097560974,0.5476190476190476,0.0240083507306889,0.3898305084745762,0.3906648393774672,0.4285714285714285
graph_099_mu_0_4_node_11,31,0.1268817204301075,0.0017706614817171,0.4060975609756098,2.4624624624624625,0.0295297691285094,13.0,18.0,0.722222222222222,0.5806451612903225,1.125,0.0182926829268292,0.4090909090909091,0.4097437453015577,0.8125
graph_099_mu_0_4_node_573,27,0.1333333333333333,0.0012372272500172,0.3917647058823529,2.5525525525525525,0.0220460508179658,12.0,15.0,0.8000000000000002,0.5555555555555556,1.0714285714285714,0.0152129817444219,0.3846153846153847,0.385159434522896,0.7857142857142859
graph_099_mu_0_4_node_165,31,0.0903225806451612,0.0017566354096297,0.4109419991772933,2.433433433433433,0.0346124849910993,13.0,18.0,0.722222222222222,0.5806451612903225,0.4285714285714285,0.0187891440501043,0.4090909090909091,0.4097437453015577,0.3095238095238094
graph_099_mu_0_4_node_497,27,0.09,0.0012899942986769,0.3911511354737666,2.5565565565565564,0.0221196262499544,10.0,17.0,0.5882352941176471,0.6296296296296297,1.0625,0.0172764227642276,0.4594594594594596,0.4600759152015633,0.5625
graph_099_mu_0_4_node_57,33,0.0833333333333333,0.002024076165888,0.4199243379571248,2.3813813813813813,0.0393334624443391,14.0,19.0,0.7368421052631577,0.5757575757575759,0.3799999999999999,0.02,0.404255319148936,0.4049444490317839,0.2800000000000001
graph_099_mu_0_4_node_895,24,0.0615942028985507,0.0011834559111235,0.4021739130434782,2.4864864864864864,0.0256760104500111,5.0,19.0,0.2631578947368421,0.7916666666666665,0.7916666666666665,0.0194672131147541,0.6551724137931033,0.6558610940642261,0.1666666666666666
graph_099_mu_0_4_node_299,36,0.0507936507936507,0.0026920001400288,0.4332176929748482,2.3083083083083085,0.0398668324890242,11.0,25.0,0.4400000000000001,0.6944444444444444,0.5319148936170212,0.0262329485834207,0.5319148936170212,0.5328212489808325,0.2340425531914894
graph_099_mu_0_4_node_993,19,0.0935672514619883,0.0007213976154217,0.3906922174423152,2.55955955955956,0.0204046482453297,5.0,14.0,0.357142857142857,0.7368421052631577,0.5384615384615384,0.0143737166324435,0.5833333333333334,0.5838408739365819,0.1923076923076923
graph_099_mu_0_4_node_76,24,0.0543478260869565,0.0012595376128733,0.4002403846153846,2.4984984984984986,0.0236645536952969,9.0,15.0,0.5999999999999998,0.625,0.25,0.0159574468085106,0.4545454545454543,0.4550893860826051,0.1499999999999999
graph_099_mu_0_4_node_519,26,0.1692307692307692,0.0011034757498035,0.4047811993517017,2.4704704704704703,0.0340239287984118,14.0,12.0,1.1666666666666667,0.4615384615384616,0.2,0.0127659574468085,0.2999999999999999,0.3004353504571179,0.2333333333333333
graph_099_mu_0_4_node_905,33,0.1849462365591397,0.0015300014347352,0.4065934065934066,2.45945945945946,0.0334616356833196,17.0,16.0,1.0625,0.4848484848484846,0.8888888888888892,0.0162932790224032,0.32,0.3205805093969958,0.8888888888888892
graph_099_mu_0_4_node_751,23,0.1383399209486166,0.0008744933242194,0.3858632676709154,2.5915915915915915,0.0214878268526523,10.0,13.0,0.7692307692307695,0.5652173913043478,0.8666666666666669,0.0131979695431472,0.3939393939393938,0.3944108696583944,0.6666666666666665
graph_099_mu_0_4_node_20,30,0.0942528735632183,0.0015707864663858,0.4079216006533279,2.4514514514514514,0.0350482290051602,14.0,16.0,0.875,0.5333333333333332,0.25,0.017094017094017,0.3636363636363636,0.3642167466891785,0.21875
graph_099_mu_0_4_node_69,21,0.1,0.0007900121373527,0.3908450704225352,2.558558558558558,0.0220228872964018,10.0,11.0,0.9090909090909088,0.5238095238095238,0.3055555555555554,0.0114107883817427,0.3548387096774193,0.3552376796095944,0.2777777777777778
graph_099_mu_0_4_node_324,22,0.1601731601731601,0.0007580308542955,0.3984842441164739,2.5095095095095097,0.0331097790942604,12.0,10.0,1.1999999999999995,0.4545454545454543,0.2083333333333333,0.0105042016806722,0.2941176470588235,0.2944804127847177,0.25
graph_099_mu_0_4_node_476,22,0.1515151515151515,0.0007520949293195,0.3958003169572108,2.5265265265265264,0.0284189125929656,12.0,10.0,1.1999999999999995,0.4545454545454543,0.2702702702702702,0.0103842159916926,0.2941176470588235,0.2944804127847177,0.3243243243243245
graph_099_mu_0_4_node_253,26,0.1261538461538461,0.0012917465476542,0.4064279902359642,2.4604604604604603,0.0279306913641631,10.0,16.0,0.625,0.6153846153846152,1.1428571428571423,0.0162271805273833,0.4444444444444446,0.4450246591238756,0.7142857142857141
graph_099_mu_0_4_node_220,27,0.0997150997150997,0.0014267327272209,0.399919935948759,2.5005005005005003,0.0250444808452138,10.0,17.0,0.5882352941176471,0.6296296296296297,1.133333333333333,0.0172588832487309,0.4594594594594596,0.4600759152015633,0.6666666666666665
graph_099_mu_0_4_node_52,21,0.1047619047619047,0.0008713042179575,0.388867263526664,2.5715715715715715,0.0199174713877582,8.0,13.0,0.6153846153846152,0.6190476190476188,0.203125,0.0138888888888888,0.4482758620689653,0.4487472694011626,0.125
graph_099_mu_0_4_node_726,26,0.0953846153846153,0.0012082542553898,0.4052738336713996,2.4674674674674675,0.031819800249508,12.0,14.0,0.8571428571428571,0.5384615384615384,0.2800000000000001,0.0147368421052631,0.3684210526315788,0.3689288509630986,0.2400000000000001
graph_099_mu_0_4_node_298,28,0.0634920634920634,0.001727398903156,0.4085889570552147,2.4474474474474475,0.0281472549824555,8.0,20.0,0.4000000000000001,0.7142857142857141,0.8000000000000002,0.0205128205128205,0.5555555555555556,0.5562806135601959,0.32
graph_099_mu_0_4_node_398,35,0.1747899159663865,0.0018222462591865,0.4188679245283019,2.3873873873873874,0.0388920754155248,19.0,16.0,1.1875,0.4571428571428572,0.6153846153846152,0.0164271047227926,0.2962962962962963,0.2968768899533106,0.7307692307692305
graph_099_mu_0_4_node_154,23,0.0474308300395256,0.001177007179237,0.392688679245283,2.5465465465465464,0.0201399236111883,10.0,13.0,0.7692307692307695,0.5652173913043478,0.4814814814814816,0.013360739979445,0.3939393939393938,0.3944108696583944,0.3703703703703703
graph_099_mu_0_4_node_673,22,0.0779220779220779,0.0010470001502226,0.3884136858475894,2.5745745745745747,0.0194045068897731,9.0,13.0,0.6923076923076923,0.5909090909090909,0.6500000000000002,0.0132653061224489,0.4193548387096773,0.4198262802327963,0.4500000000000001
graph_099_mu_0_4_node_48,20,0.031578947368421,0.0007723705731726,0.3986432561851556,2.5085085085085086,0.0244941263897019,3.0,17.0,0.176470588235294,0.8499999999999998,0.9444444444444444,0.0173116089613034,0.7391304347826088,0.7397465777277717,0.1666666666666666
graph_099_mu_0_4_node_816,30,0.0804597701149425,0.001643641425284,0.4181665969024696,2.391391391391392,0.0372640349853399,14.0,16.0,0.875,0.5333333333333332,0.32,0.0168421052631578,0.3636363636363636,0.3642167466891785,0.2800000000000001
graph_099_mu_0_4_node_830,28,0.0555555555555555,0.0016419599186511,0.4064279902359642,2.4604604604604603,0.0279407873267564,12.0,16.0,0.75,0.5714285714285712,0.5925925925925926,0.0164439876670092,0.4000000000000001,0.4005802988539099,0.4444444444444446
graph_099_mu_0_4_node_955,28,0.0661375661375661,0.0015765035086293,0.4070904645476773,2.4564564564564564,0.0281014654327842,10.0,18.0,0.5555555555555556,0.6428571428571429,0.6666666666666665,0.0184994861253854,0.4736842105263158,0.4743369047028334,0.3703703703703703
graph_099_mu_0_4_node_780,22,0.1578947368421052,0.000752264344263,0.3869093725793958,2.5845845845845847,0.0204762861868061,11.0,11.0,1.0,0.5,0.7333333333333332,0.0111675126903553,0.3333333333333332,0.333732332208882,0.6666666666666665
graph_099_mu_0_4_node_438,29,0.1428571428571428,0.0014593082091539,0.4111111111111111,2.4324324324324325,0.0345294751340851,15.0,14.0,1.0714285714285714,0.482758620689655,0.25,0.0148305084745762,0.3181818181818182,0.3186897270484558,0.2678571428571428
graph_099_mu_0_4_node_8,20,0.0684210526315789,0.0008407882485583,0.3906922174423152,2.55955955955956,0.0206190463203189,7.0,13.0,0.5384615384615384,0.6500000000000002,0.5199999999999998,0.0133333333333333,0.4814814814814816,0.4819528546277159,0.2800000000000001
graph_099_mu_0_4_node_395,23,0.0316205533596837,0.0011989711023593,0.4016887816646562,2.4894894894894897,0.0238373661154941,5.0,18.0,0.2777777777777778,0.7826086956521738,0.9473684210526316,0.018348623853211,0.6428571428571429,0.6435096004473997,0.1052631578947368
graph_099_mu_0_4_node_967,17,0.1397058823529411,0.0005040972318006,0.3808616088448341,2.625625625625626,0.0189651593460959,7.0,10.0,0.6999999999999998,0.5882352941176471,0.3846153846153847,0.0102669404517453,0.4166666666666667,0.4170293008413113,0.2692307692307692
graph_099_mu_0_4_node_422,19,0.0467836257309941,0.0007795123224123,0.3908450704225352,2.558558558558558,0.0195309511173814,2.0,17.0,0.1176470588235294,0.8947368421052634,0.6799999999999998,0.0174358974358974,0.8095238095238098,0.8101399078096068,0.04
graph_099_mu_0_4_node_64,28,0.0978835978835978,0.0013887211523421,0.411619283065513,2.4294294294294296,0.0367281884949321,11.0,17.0,0.6470588235294118,0.6071428571428571,0.3399999999999999,0.0178947368421052,0.435897435897436,0.436513936350745,0.22
graph_099_mu_0_4_node_621,15,0.0952380952380952,0.0003944508821264,0.3792710706150342,2.6366366366366365,0.0163363616408211,6.0,9.0,0.6666666666666665,0.5999999999999998,0.25,0.0093360995850622,0.4285714285714285,0.428897787493719,0.1666666666666666
graph_099_mu_0_4_node_728,26,0.0892307692307692,0.0012761578966167,0.4065934065934066,2.45945945945946,0.0302071882603417,11.0,15.0,0.7333333333333332,0.5769230769230768,0.234375,0.016025641025641,0.4054054054054053,0.405949415850406,0.171875
graph_099_mu_0_4_node_634,19,0.0994152046783625,0.0006358980135085,0.3903868698710434,2.561561561561561,0.0231688234393718,8.0,11.0,0.7272727272727273,0.5789473684210529,0.2340425531914894,0.0115424973767051,0.4074074074074074,0.4078063194654309,0.1702127659574467
graph_099_mu_0_4_node_265,26,0.1376811594202898,0.001071673759453,0.3939274447949527,2.5385385385385386,0.0251705729650723,11.0,15.0,0.7333333333333332,0.5769230769230768,0.25,0.0159574468085106,0.4054054054054053,0.405949415850406,0.1666666666666666
graph_099_mu_0_4_node_467,47,0.0666049953746531,0.0042003325360098,0.4467799642218247,2.2382382382382384,0.0515656259725074,19.0,28.0,0.6785714285714288,0.595744680851064,0.595744680851064,0.0293809024134312,0.4242424242424241,0.4252580209054637,0.404255319148936
graph_099_mu_0_4_node_703,18,0.0718954248366013,0.0006932647434058,0.3867595818815331,2.5855855855855854,0.0178926739854663,4.0,14.0,0.2857142857142856,0.777777777777778,0.388888888888889,0.0145228215767634,0.6363636363636365,0.6368711401699148,0.1111111111111111
graph_099_mu_0_4_node_388,49,0.1045328399629972,0.0036897984032396,0.4412544169611307,2.2662662662662663,0.0548369340012788,28.0,21.0,1.333333333333333,0.4285714285714285,0.5,0.0219206680584551,0.2727272727272726,0.27348966154557,0.6428571428571429
graph_099_mu_0_4_node_560,20,0.0736842105263157,0.0009122022164779,0.3943939992104224,2.535535535535536,0.0209514490366733,7.0,13.0,0.5384615384615384,0.6500000000000002,0.8666666666666669,0.0131979695431472,0.4814814814814816,0.4819528546277159,0.4666666666666667
graph_099_mu_0_4_node_766,30,0.1471264367816092,0.0014976671618773,0.4114497528830313,2.4304304304304303,0.033902420204116,13.0,17.0,0.7647058823529413,0.5666666666666665,0.8947368421052634,0.0173292558613659,0.3953488372093022,0.3959654271044819,0.6842105263157895
graph_099_mu_0_4_node_784,21,0.0285714285714285,0.0009619683375152,0.3928430987023201,2.5455455455455454,0.0201059179505165,3.0,18.0,0.1666666666666666,0.8571428571428571,0.4285714285714285,0.0187891440501043,0.75,0.7506523630037694,0.0476190476190476
graph_099_mu_0_4_node_529,29,0.0443349753694581,0.0017499559924465,0.4039627982207844,2.4754754754754758,0.0257189655826637,10.0,19.0,0.5263157894736842,0.6551724137931033,1.1176470588235292,0.0193285859613428,0.4871794871794871,0.4878684171624454,0.5882352941176471
graph_099_mu_0_4_node_278,63,0.0931899641577061,0.0063007183968323,0.4663865546218487,2.144144144144144,0.0860888313428877,28.0,35.0,0.8000000000000002,0.5555555555555556,0.7291666666666665,0.0367647058823529,0.3846153846153847,0.3858853871553896,0.5833333333333334
graph_099_mu_0_4_node_473,19,0.0350877192982456,0.0008380418485698,0.3903868698710434,2.561561561561561,0.0182002445962975,4.0,15.0,0.2666666666666666,0.7894736842105262,0.8823529411764709,0.0152594099694811,0.6521739130434784,0.6527176474111152,0.2352941176470588
graph_099_mu_0_4_node_412,21,0.1142857142857142,0.0007936901449512,0.3937721718565234,2.53953953953954,0.0229063282701234,11.0,10.0,1.1,0.4761904761904762,0.2777777777777778,0.0103734439834024,0.3125,0.3128627394080093,0.3055555555555554
graph_099_mu_0_4_node_686,25,0.1366666666666666,0.0010089568209225,0.3978494623655914,2.5135135135135136,0.02746149020118,12.0,13.0,0.9230769230769232,0.5199999999999998,0.5199999999999998,0.0133333333333333,0.3513513513513515,0.3518228954769996,0.4800000000000002
graph_099_mu_0_4_node_317,27,0.1168091168091168,0.0012646236634552,0.4077551020408163,2.4524524524524525,0.0324153789203708,11.0,16.0,0.6875,0.5925925925925926,0.4848484848484846,0.0165460186142709,0.4210526315789473,0.4216328883425653,0.3333333333333332
graph_099_mu_0_4_node_817,25,0.1,0.001060444296001,0.4004008016032064,2.497497497497497,0.0289638699550858,10.0,15.0,0.6666666666666665,0.5999999999999998,0.357142857142857,0.0156576200417536,0.4285714285714285,0.4291153995596425,0.2380952380952381
graph_099_mu_0_4_node_989,27,0.0968660968660968,0.0012879564156529,0.4100985221674877,2.4384384384384385,0.033826088875154,11.0,16.0,0.6875,0.5925925925925926,0.32,0.0168421052631578,0.4210526315789473,0.4216328883425653,0.22
graph_099_mu_0_4_node_553,17,0.0661764705882353,0.0005828227957201,0.3811522319725295,2.623623623623624,0.0164344987904047,5.0,12.0,0.4166666666666667,0.7058823529411762,0.4615384615384616,0.0123203285420944,0.5454545454545452,0.5458896118021634,0.1923076923076923
graph_099_mu_0_4_node_114,24,0.1413043478260869,0.000992742437969,0.4044534412955465,2.4724724724724725,0.0336490933391443,11.0,13.0,0.8461538461538461,0.5416666666666667,0.2166666666666667,0.0138297872340425,0.3714285714285715,0.3719000813484146,0.1833333333333333
graph_099_mu_0_4_node_270,29,0.094017094017094,0.0013689260215324,0.4059325477448192,2.463463463463464,0.0300996281181835,11.0,18.0,0.6111111111111108,0.6206896551724139,0.8571428571428571,0.0183861082737487,0.4500000000000001,0.4506527415143602,0.4761904761904762
graph_099_mu_0_4_node_618,19,0.1345029239766081,0.0007913083609249,0.3826120260436614,2.6136136136136137,0.0162275034056508,9.0,10.0,0.9000000000000002,0.5263157894736842,0.6666666666666665,0.0101522842639593,0.357142857142857,0.3575055439265506,0.5999999999999998
graph_099_mu_0_4_node_361,28,0.1613756613756613,0.0013044470430134,0.4028225806451613,2.4824824824824825,0.0284423195661479,13.0,15.0,0.8666666666666669,0.5357142857142857,0.9375,0.0152439024390243,0.3658536585365854,0.3663977479123335,0.8125
graph_099_mu_0_4_node_689,27,0.1054131054131054,0.0013322357657214,0.4060975609756098,2.4624624624624625,0.0315127591670939,14.0,13.0,1.0769230769230769,0.4814814814814816,0.2599999999999999,0.0136842105263157,0.3170731707317073,0.3175447832838568,0.2800000000000001
graph_099_mu_0_4_node_432,18,0.0915032679738562,0.0006491178735255,0.390081999219055,2.563563563563564,0.0215206860070152,6.0,12.0,0.5,0.6666666666666665,0.4615384615384616,0.0123203285420944,0.5,0.5004350978970268,0.2307692307692308
graph_099_mu_0_4_node_992,14,0.0549450549450549,0.0003611562716606,0.3719285182427401,2.6886886886886887,0.0145774740932739,5.0,9.0,0.5555555555555556,0.6428571428571429,0.140625,0.0096153846153846,0.4736842105263158,0.4740105457814011,0.0625
graph_099_mu_0_4_node_695,21,0.0571428571428571,0.0009042932175597,0.3936170212765957,2.5405405405405403,0.02357157698098,7.0,14.0,0.5,0.6666666666666665,0.2800000000000001,0.0147368421052631,0.5,0.5005076142131981,0.12
graph_099_mu_0_4_node_97,48,0.0763285024154589,0.0042191726854012,0.4296774193548387,2.3273273273273274,0.0407557124989333,25.0,23.0,1.0869565217391306,0.4791666666666668,0.6388888888888892,0.0238589211618257,0.3150684931506849,0.315903247986819,0.6666666666666665
graph_099_mu_0_4_node_757,22,0.0909090909090909,0.0008934631886639,0.3991210547343188,2.5055055055055053,0.0267655172469899,6.0,16.0,0.375,0.7272727272727273,0.4102564102564104,0.0166493236212278,0.5714285714285712,0.5720086178322836,0.1538461538461538
graph_099_mu_0_4_node_401,29,0.0369458128078817,0.0018567561929677,0.4141791044776119,2.414414414414414,0.0297612037232753,6.0,23.0,0.2608695652173912,0.7931034482758619,0.6388888888888892,0.0238589211618257,0.6571428571428573,0.6579764623039602,0.1666666666666666
graph_099_mu_0_4_node_688,29,0.0689655172413793,0.0016663762601603,0.4121287128712871,2.4264264264264264,0.0315393263041244,11.0,18.0,0.6111111111111108,0.6206896551724139,0.4285714285714285,0.0187891440501043,0.4500000000000001,0.4506527415143602,0.2380952380952381
graph_099_mu_0_4_node_776,25,0.1778656126482213,0.0007527715463664,0.3878105590062112,2.578578578578578,0.0260658361050888,16.0,9.0,1.7777777777777783,0.36,0.2727272727272726,0.0093071354705274,0.2195121951219513,0.2198387909052367,0.4545454545454543
graph_099_mu_0_4_node_419,32,0.057471264367816,0.0018535364496271,0.4100985221674877,2.4384384384384385,0.0309599890884083,12.0,20.0,0.5999999999999998,0.625,0.5555555555555556,0.0207468879668049,0.4545454545454543,0.4552707228947437,0.3055555555555554
graph_099_mu_0_4_node_283,26,0.0688405797101449,0.0012931854891317,0.3945497630331753,2.5345345345345347,0.022611445050701,12.0,14.0,0.8571428571428571,0.5384615384615384,0.7368421052631577,0.0142711518858307,0.3684210526315788,0.3689288509630986,0.5789473684210529
graph_099_mu_0_4_node_229,25,0.0733333333333333,0.0012564127950072,0.408255006129955,2.4494494494494496,0.0298944016154904,7.0,18.0,0.388888888888889,0.72,0.3829787234042552,0.0188877229800629,0.5625,0.5631525522041764,0.148936170212766
graph_099_mu_0_4_node_738,15,0.0476190476190476,0.000486847720846,0.3792710706150342,2.6366366366366365,0.0156164824662353,3.0,12.0,0.25,0.8000000000000002,0.7058823529411762,0.0122075279755849,0.6666666666666665,0.6671016699291913,0.1176470588235294
graph_099_mu_0_4_node_40,39,0.1261261261261261,0.0024023197994011,0.4242038216560509,2.3573573573573574,0.0405286702432379,17.0,22.0,0.7727272727272727,0.564102564102564,1.2222222222222217,0.0224032586558044,0.3928571428571429,0.3936551695547632,0.8888888888888892
graph_099_mu_0_4_node_752,49,0.0999074930619796,0.0038306501201086,0.4368167905553126,2.289289289289289,0.0510895977028264,26.0,23.0,1.1304347826086956,0.4693877551020407,0.4107142857142856,0.024364406779661,0.3066666666666666,0.3075014820998633,0.4464285714285713
graph_099_mu_0_4_node_177,49,0.0980573543015726,0.0036388330680276,0.444,2.2522522522522523,0.0654318588740009,24.0,25.0,0.9600000000000004,0.5102040816326533,0.5208333333333333,0.0262605042016806,0.3424657534246575,0.3433729639337839,0.4791666666666668
graph_099_mu_0_4_node_822,36,0.0396825396825396,0.0026215513411341,0.4254684838160136,2.3503503503503502,0.0384928905396278,12.0,24.0,0.5,0.6666666666666665,0.5714285714285712,0.0250521920668058,0.5,0.5008701957940537,0.2619047619047619
graph_099_mu_0_4_node_511,26,0.0769230769230769,0.0013145030285496,0.4031476997578692,2.4804804804804803,0.0294692038188635,9.0,17.0,0.5294117647058824,0.6538461538461539,0.3035714285714285,0.0180084745762711,0.4857142857142857,0.4863306967516693,0.1607142857142857
graph_099_mu_0_4_node_648,26,0.0861538461538461,0.0012931257654511,0.3945497630331753,2.5345345345345347,0.0245305024589702,13.0,13.0,1.0,0.5,0.361111111111111,0.0134854771784232,0.3333333333333332,0.33380491166975,0.3333333333333332
graph_099_mu_0_4_node_392,20,0.0261437908496732,0.0007653137441275,0.383493282149712,2.607607607607608,0.0179999833118876,6.0,14.0,0.4285714285714285,0.6999999999999998,0.5600000000000003,0.0143589743589743,0.5384615384615384,0.5389691158670927,0.2
graph_099_mu_0_4_node_862,39,0.1186186186186186,0.0024797072393788,0.4181665969024696,2.391391391391392,0.0398362578295278,17.0,22.0,0.7727272727272727,0.564102564102564,1.1578947368421058,0.0224260958205912,0.3928571428571429,0.3936551695547632,0.8421052631578946
graph_099_mu_0_4_node_547,42,0.0975609756097561,0.0031173262370226,0.4412544169611307,2.2662662662662663,0.0477143180799675,23.0,19.0,1.2105263157894737,0.4523809523809525,0.4523809523809525,0.0198329853862213,0.2923076923076922,0.2929972723897159,0.5476190476190476
graph_099_mu_0_4_node_567,33,0.115530303030303,0.0017858662043445,0.4124690338563171,2.4244244244244246,0.0388333551549242,16.0,17.0,0.9411764705882354,0.5151515151515154,0.4594594594594596,0.0176531671858774,0.3469387755102041,0.3475554996168612,0.4324324324324325
graph_099_mu_0_4_node_217,50,0.0886524822695035,0.0041915528263708,0.4475806451612903,2.234234234234234,0.0576285918122041,23.0,27.0,0.8518518518518517,0.54,0.8181818181818182,0.0279214064115822,0.3698630136986301,0.3708426588493865,0.6666666666666665
graph_099_mu_0_4_node_750,21,0.119047619047619,0.0007911047843261,0.3928430987023201,2.5455455455455454,0.0239048149560844,8.0,13.0,0.6153846153846152,0.6190476190476188,0.5,0.0133470225872689,0.4482758620689653,0.4487472694011626,0.3076923076923076
graph_099_mu_0_4_node_661,21,0.1,0.0008338629654201,0.3948616600790514,2.5325325325325325,0.0260012404625864,7.0,14.0,0.5,0.6666666666666665,0.4242424242424241,0.014477766287487,0.5,0.5005076142131981,0.212121212121212
graph_099_mu_0_4_node_316,24,0.1231884057971014,0.0009780714878285,0.4029850746268656,2.4814814814814814,0.0316231105902854,12.0,12.0,1.0,0.5,0.2400000000000001,0.0126315789473684,0.3333333333333332,0.3337686206229444,0.2400000000000001
graph_099_mu_0_4_node_868,29,0.1379310344827586,0.0014761624532584,0.4109419991772933,2.433433433433433,0.033774423636182,16.0,13.0,1.2307692307692304,0.4482758620689653,0.2321428571428572,0.0137711864406779,0.2888888888888888,0.2893605698874013,0.2857142857142856
graph_099_mu_0_4_node_228,17,0.0735294117647058,0.0005635010579087,0.3772658610271903,2.650650650650651,0.0161527114699941,4.0,13.0,0.3076923076923076,0.7647058823529413,0.2765957446808511,0.0136411332633788,0.6190476190476188,0.6195188896657087,0.0425531914893616
graph_099_mu_0_4_node_213,23,0.1225296442687747,0.0008715496661236,0.3933070866141732,2.5425425425425425,0.0274058546922551,11.0,12.0,0.9166666666666664,0.5217391304347825,0.1875,0.0128205128205128,0.3529411764705881,0.3533764321833194,0.171875
graph_099_mu_0_4_node_187,29,0.105911330049261,0.0016522157950011,0.4070904645476773,2.4564564564564564,0.030757681735069,12.0,17.0,0.7058823529411762,0.5862068965517241,0.5151515151515154,0.0175801447776628,0.4146341463414635,0.4152506915124638,0.3636363636363636
graph_099_mu_0_4_node_871,27,0.0569800569800569,0.0013601830857374,0.413151364764268,2.4204204204204203,0.0332231595962844,7.0,20.0,0.3499999999999999,0.7407407407407407,0.8000000000000002,0.0205128205128205,0.5882352941176471,0.5889602995551878,0.2800000000000001
graph_099_mu_0_4_node_143,38,0.0952380952380952,0.0024955740808882,0.4285714285714285,2.333333333333333,0.0395062452557654,17.0,21.0,0.8095238095238098,0.5526315789473684,0.84,0.0215384615384615,0.3818181818181818,0.382579962207778,0.64
graph_099_mu_0_4_node_859,22,0.1428571428571428,0.0008247159651878,0.3956435643564356,2.5275275275275275,0.0238444396716854,9.0,13.0,0.6923076923076923,0.5909090909090909,0.8666666666666669,0.0131979695431472,0.4193548387096773,0.4198262802327963,0.5999999999999998
graph_099_mu_0_4_node_338,18,0.0583333333333333,0.000571006057693,0.3798479087452471,2.6326326326326326,0.0158983009210437,6.0,12.0,0.5,0.6666666666666665,0.6315789473684211,0.0122324159021406,0.5,0.5004350978970268,0.2631578947368421
graph_099_mu_0_4_node_604,31,0.1096774193548387,0.0018554915139865,0.4097621000820344,2.4404404404404403,0.0292886092157386,14.0,17.0,0.8235294117647061,0.5483870967741937,0.435897435897436,0.0176899063475546,0.3777777777777778,0.3783944124036257,0.3076923076923076
graph_099_mu_0_4_node_984,19,0.0526315789473684,0.0007264981802359,0.3863109048723898,2.5885885885885886,0.0190734719130227,7.0,12.0,0.5833333333333334,0.6315789473684211,0.3333333333333332,0.0124481327800829,0.4615384615384616,0.4619735909894731,0.1666666666666666
graph_099_mu_0_4_node_611,44,0.1010452961672473,0.0029540371984665,0.4339704604691572,2.304304304304304,0.0518402128120631,21.0,23.0,0.9130434782608692,0.5227272727272725,0.6216216216216217,0.023883696780893,0.3538461538461537,0.3546806663819834,0.5405405405405405
graph_099_mu_0_4_node_835,49,0.1350601295097132,0.00373405550829,0.4438027543314082,2.253253253253253,0.0569672280936414,25.0,24.0,1.0416666666666663,0.4897959183673468,0.4285714285714285,0.0254237288135593,0.3243243243243245,0.3251953412365694,0.4285714285714285
graph_099_mu_0_4_node_716,22,0.0476190476190476,0.001062732319442,0.3916111328890631,2.5535535535535536,0.020445264405827,6.0,16.0,0.375,0.7272727272727273,1.1428571428571423,0.0162271805273833,0.5714285714285712,0.5720086178322836,0.4285714285714285
graph_099_mu_0_4_node_108,24,0.0652173913043478,0.0012396532971194,0.4018503620273532,2.4884884884884886,0.0244632520861791,8.0,16.0,0.5,0.6666666666666665,0.64,0.0164102564102564,0.5,0.5005801305293689,0.32
graph_099_mu_0_4_node_83,32,0.0786290322580645,0.0019775191145248,0.4146948941469489,2.411411411411412,0.0325560053433118,13.0,19.0,0.6842105263157895,0.59375,0.4871794871794871,0.0197710718002081,0.4222222222222223,0.4229113021192229,0.3333333333333332
graph_099_mu_0_4_node_963,22,0.0735930735930736,0.0009796209088789,0.3908450704225352,2.558558558558558,0.0222358472423193,11.0,11.0,1.0,0.5,0.2340425531914894,0.0115424973767051,0.3333333333333332,0.333732332208882,0.1914893617021276
graph_099_mu_0_4_node_917,26,0.1159420289855072,0.0010834686026393,0.391304347826087,2.555555555555556,0.0243831807790519,11.0,15.0,0.7333333333333332,0.5769230769230768,1.0714285714285714,0.0152129817444219,0.4054054054054053,0.405949415850406,0.7142857142857141
graph_099_mu_0_4_node_120,46,0.1333333333333333,0.0034587540421818,0.4347258485639687,2.3003003003003,0.049600111090593,24.0,22.0,1.0909090909090904,0.4782608695652175,0.6666666666666665,0.0227507755946225,0.3142857142857142,0.3150841464552722,0.7272727272727273
graph_099_mu_0_4_node_56,42,0.1463414634146341,0.0027653899437224,0.4265584970111016,2.344344344344344,0.0461164207457541,24.0,18.0,1.333333333333333,0.4285714285714285,0.5454545454545452,0.0186142709410548,0.2727272727272726,0.273380630259033,0.7272727272727273
graph_099_mu_0_4_node_885,33,0.0681818181818181,0.0021690353638048,0.4155574043261231,2.4064064064064064,0.0378647620394047,13.0,20.0,0.6500000000000002,0.6060606060606061,0.4000000000000001,0.0210526315789473,0.4347826086956522,0.4355079296501746,0.2400000000000001
graph_099_mu_0_4_node_940,26,0.1046153846153846,0.0012875325415426,0.4075887392900856,2.4534534534534536,0.0303770034977826,8.0,18.0,0.4444444444444446,0.6923076923076923,0.75,0.0184426229508196,0.5294117647058824,0.5300643642273092,0.3333333333333332
graph_099_mu_0_4_node_122,24,0.1123188405797101,0.0010828022626182,0.3988023952095808,2.5075075075075075,0.0254128103367147,9.0,15.0,0.5999999999999998,0.625,0.3846153846153847,0.0156087408949011,0.4545454545454543,0.4550893860826051,0.2307692307692308
graph_099_mu_0_4_node_795,30,0.064367816091954,0.0016494341865419,0.408923454768727,2.4454454454454453,0.0320568874367246,15.0,15.0,1.0,0.5,0.234375,0.016025641025641,0.3333333333333332,0.3338775016627365,0.21875
graph_099_mu_0_4_node_994,18,0.0522875816993464,0.0006736446928839,0.3846746245668078,2.5995995995996,0.020900944496544,7.0,11.0,0.6363636363636365,0.6111111111111108,0.22,0.011578947368421,0.4400000000000001,0.4403988831272436,0.1
graph_099_mu_0_4_node_953,27,0.0997150997150997,0.0013514189181547,0.4077551020408163,2.4524524524524525,0.0304531003286544,12.0,15.0,0.8000000000000002,0.5555555555555556,0.357142857142857,0.0156576200417536,0.3846153846153847,0.385159434522896,0.2857142857142856
graph_099_mu_0_4_node_590,33,0.1212121212121212,0.0021144403769882,0.4165971643035863,2.4004004004004003,0.0334918037825529,13.0,20.0,0.6500000000000002,0.6060606060606061,0.8333333333333335,0.0204918032786885,0.4347826086956522,0.4355079296501746,0.5416666666666667
graph_099_mu_0_4_node_267,44,0.1068524970963995,0.003125121895654,0.4274711168164313,2.339339339339339,0.0426972387768375,23.0,21.0,1.0952380952380951,0.4772727272727274,0.8076923076923079,0.0215605749486653,0.3134328358208956,0.3141949479602531,0.8461538461538461
graph_099_mu_0_4_node_342,21,0.1,0.0009018566543948,0.3843786071565987,2.601601601601601,0.0184418247036412,9.0,12.0,0.75,0.5714285714285712,0.4615384615384616,0.0123203285420944,0.4000000000000001,0.4004351925727132,0.3461538461538461
graph_099_mu_0_4_node_622,24,0.144927536231884,0.0009561463715226,0.3967434471803018,2.5205205205205203,0.0247679903756229,10.0,14.0,0.7142857142857141,0.5833333333333334,0.9333333333333336,0.0142131979695431,0.411764705882353,0.4122724305505186,0.6666666666666665
graph_099_mu_0_4_node_96,19,0.0467836257309941,0.0007067271043538,0.3916111328890631,2.5535535535535536,0.0221307666920774,5.0,14.0,0.357142857142857,0.7368421052631577,0.297872340425532,0.0146904512067156,0.5833333333333334,0.5838408739365819,0.1063829787234043
graph_099_mu_0_4_node_793,25,0.0533333333333333,0.0013248881953057,0.4016887816646562,2.4894894894894897,0.0248776747549465,7.0,18.0,0.388888888888889,0.72,1.0588235294117647,0.0183112919633774,0.5625,0.5631525522041764,0.411764705882353
graph_099_mu_0_4_node_212,18,0.0915032679738562,0.0006178532572008,0.3876600698486612,2.57957957957958,0.018993060628271,7.0,11.0,0.6363636363636365,0.6111111111111108,0.2340425531914894,0.0115424973767051,0.4400000000000001,0.4403988831272436,0.148936170212766
graph_099_mu_0_4_node_578,33,0.0279569892473118,0.0020082200475109,0.4181665969024696,2.391391391391392,0.0340380518757848,12.0,21.0,0.5714285714285712,0.6363636363636365,0.4468085106382978,0.0220356768100734,0.4666666666666667,0.4674281708186775,0.2340425531914894
graph_099_mu_0_4_node_863,22,0.0346320346320346,0.00101375267727,0.4020120724346076,2.4874874874874875,0.0244578025874144,5.0,17.0,0.2941176470588235,0.7727272727272727,0.3617021276595746,0.0178384050367261,0.6296296296296297,0.6302458619129516,0.1063829787234043
graph_099_mu_0_4_node_515,22,0.0779220779220779,0.0010526749861962,0.3933070866141732,2.5425425425425425,0.0209799140472148,8.0,14.0,0.5714285714285712,0.6363636363636365,0.5384615384615384,0.0143737166324435,0.4666666666666667,0.467174317692847,0.3076923076923076
graph_099_mu_0_4_node_912,35,0.1306818181818181,0.0016856627105939,0.4136645962732919,2.417417417417417,0.0411165654163963,19.0,16.0,1.1875,0.4571428571428572,0.4324324324324325,0.0166147455867082,0.2962962962962963,0.2968768899533106,0.4864864864864865
graph_099_mu_0_4_node_383,26,0.0584615384615384,0.0014898587623699,0.4062627084180561,2.4614614614614614,0.0273603802860889,6.0,20.0,0.2999999999999999,0.7692307692307695,0.3125,0.0213675213675213,0.625,0.6257249528780628,0.09375
graph_099_mu_0_4_node_545,20,0.0526315789473684,0.0008659346272497,0.3851195065535852,2.5965965965965965,0.0186259791370376,6.0,14.0,0.4285714285714285,0.6999999999999998,0.8235294117647061,0.0142421159715157,0.5384615384615384,0.5389691158670927,0.2941176470588235
graph_099_mu_0_4_node_408,21,0.0571428571428571,0.0008463506848085,0.3942383583267561,2.5365365365365364,0.0242250243481595,7.0,14.0,0.5,0.6666666666666665,0.3333333333333332,0.0146137787056367,0.5,0.5005076142131981,0.1428571428571428
graph_099_mu_0_4_node_909,36,0.1015873015873015,0.0021459984019058,0.4211635750421585,2.374374374374374,0.0421597342251321,17.0,19.0,0.8947368421052634,0.5277777777777778,0.5135135135135133,0.0197300103842159,0.3584905660377358,0.3591798459216466,0.4594594594594596
graph_099_mu_0_4_node_3,44,0.0697674418604651,0.003429465662385,0.4400881057268722,2.2722722722722724,0.0523704036613199,20.0,24.0,0.8333333333333335,0.5454545454545452,0.4800000000000002,0.0252631578947368,0.375,0.3758707009142359,0.3799999999999999
graph_099_mu_0_4_node_222,28,0.1269841269841269,0.0013219547088381,0.4057676685621446,2.4644644644644647,0.0337683161289088,13.0,15.0,0.8666666666666669,0.5357142857142857,0.4054054054054053,0.0155763239875389,0.3658536585365854,0.3663977479123335,0.3513513513513515
graph_099_mu_0_4_node_399,21,0.0380952380952381,0.0008674982453915,0.4044534412955465,2.4724724724724725,0.0252533188940087,6.0,15.0,0.4000000000000001,0.7142857142857141,0.357142857142857,0.0156576200417536,0.5555555555555556,0.5560993687738423,0.1428571428571428
graph_099_mu_0_4_node_540,25,0.1233333333333333,0.0010269661135721,0.4069246435845214,2.457457457457457,0.0320105421141685,10.0,15.0,0.6666666666666665,0.5999999999999998,0.357142857142857,0.0156576200417536,0.4285714285714285,0.4291153995596425,0.2380952380952381
graph_099_mu_0_4_node_625,34,0.1673387096774193,0.0016849570472681,0.4084219133278822,2.448448448448449,0.0333576603940484,17.0,17.0,1.0,0.5,0.8947368421052634,0.0173292558613659,0.3333333333333332,0.3339501021901342,0.8421052631578946
graph_099_mu_0_4_node_646,23,0.1225296442687747,0.0009121274693713,0.3925343811394892,2.5475475475475475,0.02447528500341,10.0,13.0,0.7692307692307695,0.5652173913043478,0.5199999999999998,0.0133333333333333,0.3939393939393938,0.3944108696583944,0.4000000000000001
graph_099_mu_0_4_node_26,29,0.0968660968660968,0.0014246578904852,0.4020120724346076,2.4874874874874875,0.0280896158239584,11.0,18.0,0.6111111111111108,0.6206896551724139,0.8571428571428571,0.0183861082737487,0.4500000000000001,0.4506527415143602,0.4761904761904762
graph_099_mu_0_4_node_118,15,0.0380952380952381,0.0004651508068016,0.3805714285714285,2.627627627627628,0.0169765828334307,2.0,13.0,0.1538461538461538,0.8666666666666669,0.4814814814814816,0.013360739979445,0.7647058823529413,0.7651770846437091,0.074074074074074
graph_099_mu_0_4_node_164,26,0.1138461538461538,0.0012617571719023,0.3997599039615846,2.5015015015015014,0.0272236854175019,11.0,15.0,0.7333333333333332,0.5769230769230768,0.5769230769230768,0.015400410677618,0.4054054054054053,0.405949415850406,0.4230769230769231
graph_099_mu_0_4_node_520,24,0.144927536231884,0.0012319028343876,0.3884136858475894,2.5745745745745747,0.019379532777541,10.0,14.0,0.7142857142857141,0.5833333333333334,1.0,0.0141987829614604,0.411764705882353,0.4122724305505186,0.7142857142857141
graph_099_mu_0_4_node_173,26,0.1723076923076923,0.001190168273077,0.4007220216606498,2.4954954954954958,0.027423150655974,12.0,14.0,0.8571428571428571,0.5384615384615384,0.777777777777778,0.0142566191446028,0.3684210526315788,0.3689288509630986,0.6666666666666665
graph_099_mu_0_4_node_904,28,0.156084656084656,0.0012344838045778,0.4077551020408163,2.4524524524524525,0.0355414552457799,15.0,13.0,1.1538461538461535,0.4642857142857144,0.2321428571428572,0.0137711864406779,0.3023255813953489,0.3027972281681964,0.2678571428571428
graph_099_mu_0_4_node_323,18,0.0261437908496732,0.0007360546414782,0.3914576802507837,2.5545545545545547,0.0197190431027778,2.0,16.0,0.125,0.8888888888888892,0.3809523809523811,0.0167014613778705,0.8000000000000002,0.800579878225573,0.0238095238095238
graph_099_mu_0_4_node_739,30,0.1494252873563218,0.0015180910428319,0.4193954659949622,2.3843843843843846,0.0378183080515356,14.0,16.0,0.875,0.5333333333333332,0.4848484848484846,0.0165460186142709,0.3636363636363636,0.3642167466891785,0.4242424242424241
graph_099_mu_0_4_node_574,22,0.1558441558441558,0.0008597799054307,0.3953304313415117,2.5295295295295297,0.0248594953988414,9.0,13.0,0.6923076923076923,0.5909090909090909,0.6190476190476188,0.0132788559754851,0.4193548387096773,0.4198262802327963,0.4285714285714285
graph_099_mu_0_4_node_14,32,0.1008064516129032,0.0021325067905234,0.4171189979123173,2.397397397397397,0.0334755258565864,10.0,22.0,0.4545454545454543,0.6875,1.5714285714285718,0.0223123732251521,0.5238095238095238,0.5246071454468237,0.7142857142857141
graph_099_mu_0_4_node_397,30,0.0689655172413793,0.0019805937193157,0.4036363636363636,2.477477477477477,0.0244215481720181,12.0,18.0,0.6666666666666665,0.5999999999999998,0.9000000000000002,0.0183673469387755,0.4285714285714285,0.4292242174304988,0.5999999999999998
graph_099_mu_0_4_node_54,19,0.1345029239766081,0.0006681158514525,0.3863109048723898,2.5885885885885886,0.0204731592289327,8.0,11.0,0.7272727272727273,0.5789473684210529,0.3055555555555554,0.0114107883817427,0.4074074074074074,0.4078063194654309,0.2222222222222223
graph_099_mu_0_4_node_570,29,0.0769230769230769,0.0016015134055448,0.4016887816646562,2.4894894894894897,0.0250507197466564,11.0,18.0,0.6111111111111108,0.6206896551724139,0.4615384615384616,0.0187304890738813,0.4500000000000001,0.4506527415143602,0.2564102564102564
graph_099_mu_0_4_node_99,31,0.053763440860215,0.0019347687068676,0.4222316145393068,2.3683683683683685,0.0337976525909255,6.0,25.0,0.2400000000000001,0.8064516129032259,1.3888888888888888,0.0254582484725051,0.6756756756756757,0.6765817025665535,0.3333333333333332
graph_099_mu_0_4_node_315,18,0.0392156862745098,0.000655082109968,0.386609907120743,2.5865865865865865,0.0178395554647762,3.0,15.0,0.2,0.8333333333333335,0.625,0.0153688524590163,0.7142857142857141,0.7148294092366003,0.125
graph_099_mu_0_4_node_714,26,0.1353846153846153,0.0012518210630095,0.3956435643564356,2.5275275275275275,0.0239260061071853,11.0,15.0,0.7333333333333332,0.5769230769230768,1.0714285714285714,0.0152129817444219,0.4054054054054053,0.405949415850406,0.7857142857142859
graph_099_mu_0_4_node_314,27,0.074074074074074,0.0014299097417042,0.4126394052044609,2.4234234234234235,0.0323555703301985,9.0,18.0,0.5,0.6666666666666665,0.4285714285714285,0.0187891440501043,0.5,0.5006526468455403,0.2142857142857142
graph_099_mu_0_4_node_679,37,0.1025210084033613,0.0018882721018668,0.4199243379571248,2.3813813813813813,0.0438168646053653,20.0,17.0,1.1764705882352942,0.4594594594594596,0.265625,0.0181623931623931,0.2982456140350876,0.2988625171812938,0.296875
graph_099_mu_0_4_node_517,27,0.1666666666666666,0.0011416596249387,0.395017793594306,2.5315315315315314,0.0245883624104957,13.0,14.0,0.9285714285714288,0.5185185185185184,1.0,0.0141987829614604,0.3499999999999999,0.3505078351712128,0.8571428571428571
graph_099_mu_0_4_node_294,30,0.1218390804597701,0.001427430465891,0.4150394682176984,2.4094094094094096,0.0395240174237096,16.0,14.0,1.1428571428571423,0.4666666666666667,0.2800000000000001,0.0147368421052631,0.3043478260869565,0.3048557718093279,0.32
graph_099_mu_0_4_node_427,25,0.1466666666666666,0.0011935036198826,0.3986432561851556,2.5085085085085086,0.0255491338817604,10.0,15.0,0.6666666666666665,0.5999999999999998,0.8333333333333335,0.015274949083503,0.4285714285714285,0.4291153995596425,0.5555555555555556
graph_099_mu_0_4_node_731,24,0.072463768115942,0.0011364223455795,0.3965859468042874,2.521521521521521,0.0233197643364552,7.0,17.0,0.411764705882353,0.7083333333333334,1.133333333333333,0.0172588832487309,0.5483870967741937,0.5490034184215852,0.4666666666666667
graph_099_mu_0_4_node_374,20,0.0130718954248366,0.0007095509533876,0.3861615771163509,2.5895895895895897,0.0181684299908067,7.0,13.0,0.5384615384615384,0.6500000000000002,0.4814814814814816,0.013360739979445,0.4814814814814816,0.4819528546277159,0.2222222222222223
graph_099_mu_0_4_node_71,36,0.1212121212121212,0.0019699348579144,0.4148671096345515,2.4104104104104103,0.0378515182905339,17.0,19.0,0.8947368421052634,0.5277777777777778,0.7307692307692305,0.0195071868583162,0.3584905660377358,0.3591798459216466,0.6153846153846152
graph_099_mu_0_4_node_353,22,0.0432900432900432,0.0010663951241358,0.3956435643564356,2.5275275275275275,0.0212352866931422,7.0,15.0,0.4666666666666667,0.6818181818181818,0.5555555555555556,0.0154162384378211,0.5172413793103449,0.5177852319625329,0.2222222222222223
graph_099_mu_0_4_node_450,38,0.119047619047619,0.0022589138419422,0.4174676138737986,2.3953953953953957,0.0380267358713518,17.0,21.0,0.8095238095238098,0.5526315789473684,0.3499999999999999,0.0223404255319148,0.3818181818181818,0.382579962207778,0.2666666666666666
graph_099_mu_0_4_node_403,17,0.0220588235294117,0.0006060579024661,0.3881118881118881,2.5765765765765765,0.0196091945020708,3.0,14.0,0.2142857142857142,0.8235294117647061,0.2916666666666667,0.0147058823529411,0.6999999999999998,0.7005074670146441,0.0625
graph_099_mu_0_4_node_55,32,0.1310344827586207,0.0018232441482136,0.4062627084180561,2.4614614614614614,0.0307878064660066,15.0,17.0,0.8823529411764709,0.53125,0.7083333333333334,0.0174180327868852,0.3617021276595746,0.3623188070225811,0.5833333333333334
graph_099_mu_0_4_node_548,45,0.0686600221483942,0.0038727692278009,0.4389279437609842,2.2782782782782784,0.0487677704420805,15.0,30.0,0.5,0.6666666666666665,0.7692307692307695,0.0312174817898022,0.5,0.5010877447425671,0.3589743589743588
graph_099_mu_0_4_node_160,21,0.0428571428571428,0.0009179235763758,0.3919183993723029,2.5515515515515514,0.0218680027847282,8.0,13.0,0.6153846153846152,0.6190476190476188,0.2765957446808511,0.0136411332633788,0.4482758620689653,0.4487472694011626,0.1702127659574467
graph_099_mu_0_4_node_435,53,0.0711175616835994,0.005246475909401,0.4449888641425389,2.247247247247248,0.0544545309351942,25.0,28.0,0.8928571428571427,0.5283018867924528,0.6666666666666665,0.0292275574112734,0.3589743589743588,0.3599903978741341,0.5714285714285712
graph_099_mu_0_4_node_887,34,0.0499108734402852,0.0025682158860804,0.4202776609171224,2.37937937937938,0.0318394117561033,8.0,26.0,0.3076923076923076,0.7647058823529413,0.9629629629629632,0.02672147995889,0.6190476190476188,0.6199899894716857,0.2962962962962963
graph_099_mu_0_4_node_346,32,0.0987903225806451,0.0018141462395167,0.4148671096345515,2.4104104104104103,0.0346455638769294,10.0,22.0,0.4545454545454543,0.6875,1.4666666666666663,0.0223350253807106,0.5238095238095238,0.5246071454468237,0.6666666666666665
graph_099_mu_0_4_node_943,45,0.0909090909090909,0.0035701804364954,0.4379658044717229,2.2832832832832834,0.0510458298359433,23.0,22.0,1.045454545454545,0.4888888888888889,0.4680851063829789,0.0230849947534102,0.3235294117647059,0.3243277859844766,0.4893617021276596
graph_099_mu_0_4_node_223,17,0.125,0.0004826260960432,0.389777604369879,2.5655655655655654,0.0256362579265218,8.0,9.0,0.8888888888888892,0.5294117647058824,0.1875,0.009453781512605,0.36,0.3603264062670002,0.1666666666666666
graph_099_mu_0_4_node_112,28,0.0423280423280423,0.0018385876736079,0.4090909090909091,2.4444444444444446,0.0272526359844005,4.0,24.0,0.1666666666666666,0.8571428571428571,1.7142857142857142,0.024340770791075,0.75,0.7508696912596027,0.2857142857142856
graph_099_mu_0_4_node_325,16,0.05,0.0005849476802731,0.375281743050338,2.664664664664665,0.0143714775177727,4.0,12.0,0.3333333333333332,0.75,0.8000000000000002,0.0121827411167512,0.5999999999999998,0.600435034802784,0.2666666666666666
graph_099_mu_0_4_node_471,17,0.0735294117647058,0.0005710613318928,0.3807164634146341,2.6266266266266265,0.0180190827872263,7.0,10.0,0.6999999999999998,0.5882352941176471,0.2777777777777778,0.0103734439834024,0.4166666666666667,0.4170293008413113,0.1944444444444445
graph_099_mu_0_4_node_239,26,0.0615384615384615,0.0012243246450504,0.4072564207093355,2.4554554554554557,0.0303321124412778,10.0,16.0,0.625,0.6153846153846152,0.3809523809523811,0.0167014613778705,0.4444444444444446,0.4450246591238756,0.2380952380952381
graph_099_mu_0_4_node_713,16,0.0416666666666666,0.0005794980085617,0.381588999236058,2.6206206206206204,0.0158976676142987,3.0,13.0,0.2307692307692308,0.8125,0.3095238095238094,0.0135699373695198,0.6842105263157895,0.6846817627677416,0.0476190476190476
graph_099_mu_0_4_node_607,24,0.1413043478260869,0.0010533031747469,0.392226148409894,2.5495495495495497,0.0239200457703138,10.0,14.0,0.7142857142857141,0.5833333333333334,0.7368421052631577,0.0142711518858307,0.411764705882353,0.4122724305505186,0.5263157894736842
graph_099_mu_0_4_node_654,23,0.0909090909090909,0.0008972219349808,0.3945497630331753,2.5345345345345347,0.025505112283215,11.0,12.0,0.9166666666666664,0.5217391304347825,0.2553191489361702,0.0125918153200419,0.3529411764705881,0.3533764321833194,0.2340425531914894
graph_099_mu_0_4_node_98,17,0.0294117647058823,0.0006381701129781,0.3849710982658959,2.5975975975975976,0.0178251643721348,2.0,15.0,0.1333333333333333,0.8823529411764709,0.5769230769230768,0.015400410677618,0.7894736842105262,0.7900173397503762,0.0
graph_099_mu_0_4_node_214,42,0.0940766550522648,0.0031185926680061,0.430603448275862,2.3223223223223224,0.0471294490907094,20.0,22.0,0.9090909090909088,0.5238095238095238,0.5945945945945947,0.0228452751817237,0.3548387096774193,0.3556369100982887,0.5405405405405405
graph_099_mu_0_4_node_620,19,0.239766081871345,0.0005264313375251,0.3824655436447167,2.6146146146146148,0.0214405074273378,11.0,8.0,1.375,0.4210526315789473,0.3076923076923076,0.0082135523613963,0.2666666666666666,0.266956879247382,0.4230769230769231
graph_099_mu_0_4_node_626,54,0.113906359189378,0.0050890592724553,0.4487870619946091,2.2282282282282284,0.0567363068343228,26.0,28.0,0.9285714285714288,0.5185185185185184,0.8484848484848483,0.0289555325749741,0.3499999999999999,0.3510161126433445,0.7878787878787877
graph_099_mu_0_4_node_132,36,0.1408199643493761,0.0019012044138497,0.4140074595938665,2.4154154154154157,0.0382754272486319,16.0,20.0,0.8000000000000002,0.5555555555555556,1.1111111111111112,0.020366598778004,0.3846153846153847,0.385340863431403,0.8333333333333335
graph_099_mu_0_4_node_224,25,0.15,0.0011921201675091,0.3997599039615846,2.5015015015015014,0.0266642081809919,11.0,14.0,0.7857142857142859,0.5600000000000003,0.7368421052631577,0.0142711518858307,0.388888888888889,0.38939665038606,0.5789473684210529
graph_099_mu_0_4_node_948,41,0.1147098515519568,0.002413286901474,0.4263764404609475,2.345345345345345,0.0486334042148594,24.0,17.0,1.4117647058823524,0.4146341463414635,0.265625,0.0181623931623931,0.2615384615384615,0.2621555438281998,0.359375
graph_099_mu_0_4_node_43,22,0.0779220779220779,0.000915335811262,0.3923802042419481,2.5485485485485486,0.0233799264872683,9.0,13.0,0.6923076923076923,0.5909090909090909,0.2765957446808511,0.0136411332633788,0.4193548387096773,0.4198262802327963,0.1702127659574467
graph_099_mu_0_4_node_811,30,0.064367816091954,0.001922509063734,0.4077551020408163,2.4524524524524525,0.0291011133549538,9.0,21.0,0.4285714285714285,0.6999999999999998,0.875,0.0215163934426229,0.5384615384615384,0.5392228769671396,0.3333333333333332
graph_099_mu_0_4_node_421,25,0.1833333333333333,0.0009214356075563,0.4033104561970125,2.47947947947948,0.0371762035319565,14.0,11.0,1.272727272727273,0.4400000000000001,0.2291666666666666,0.0115546218487395,0.282051282051282,0.2824503677821531,0.2916666666666667
graph_099_mu_0_4_node_824,36,0.0873015873015873,0.0024326489950699,0.4153846153846154,2.4074074074074074,0.0352546314825809,15.0,21.0,0.7142857142857141,0.5833333333333334,0.84,0.0215384615384615,0.411764705882353,0.4125263757528692,0.5999999999999998
graph_099_mu_0_4_node_988,28,0.0584615384615384,0.0013658787594017,0.4057676685621446,2.4644644644644647,0.029661465286511,9.0,19.0,0.4736842105263158,0.6785714285714288,1.3571428571428577,0.0192697768762677,0.5135135135135133,0.5142023935396185,0.5714285714285712
graph_099_mu_0_4_node_938,23,0.0666666666666666,0.0008223996958641,0.3969010727056019,2.51951951951952,0.027520190338473,11.0,12.0,0.9166666666666664,0.5217391304347825,0.2400000000000001,0.0126315789473684,0.3529411764705881,0.3533764321833194,0.2
graph_099_mu_0_4_node_145,36,0.1111111111111111,0.0023624228689864,0.4258312020460358,2.3483483483483485,0.0424174443788759,16.0,20.0,0.8000000000000002,0.5555555555555556,0.6060606060606061,0.0206825232678386,0.3846153846153847,0.385340863431403,0.4848484848484846
graph_099_mu_0_4_node_935,33,0.0967741935483871,0.0017907518814726,0.4136645962732919,2.417417417417417,0.0400470718149245,15.0,18.0,0.8333333333333335,0.5454545454545452,0.375,0.01890756302521,0.375,0.3756529309344166,0.2916666666666667
graph_099_mu_0_4_node_45,32,0.0927419354838709,0.0018444659150542,0.4190436241610738,2.3863863863863863,0.0373930207456398,15.0,17.0,0.8823529411764709,0.53125,0.3035714285714285,0.0180084745762711,0.3617021276595746,0.3623188070225811,0.2678571428571428
graph_099_mu_0_4_node_809,25,0.07,0.0012208058687821,0.4056029232643118,2.4654654654654653,0.0277019763299882,7.0,18.0,0.388888888888889,0.72,0.4285714285714285,0.0187891440501043,0.5625,0.5631525522041764,0.1666666666666666
graph_099_mu_0_4_node_959,38,0.0640113798008534,0.0028263306899334,0.4304179233089186,2.3233233233233235,0.0411462131142792,16.0,22.0,0.7272727272727273,0.5789473684210529,0.4680851063829789,0.0230849947534102,0.4074074074074074,0.4082053762140812,0.3404255319148935
graph_099_mu_0_4_node_196,25,0.0766666666666666,0.0011726356880031,0.4026602176541717,2.483483483483484,0.028136449118624,8.0,17.0,0.4705882352941177,0.6799999999999998,0.6538461538461539,0.0174537987679671,0.5151515151515154,0.5157678814906619,0.3076923076923076
graph_099_mu_0_4_node_986,27,0.1066666666666666,0.0012041596161714,0.3991210547343188,2.5055055055055053,0.0251737374293282,12.0,15.0,0.8000000000000002,0.5555555555555556,0.9375,0.0152439024390243,0.3846153846153847,0.385159434522896,0.6875
graph_099_mu_0_4_node_522,29,0.1354679802955665,0.0015175941028863,0.4042897612302711,2.4734734734734736,0.0310052891734751,12.0,17.0,0.7058823529411762,0.5862068965517241,0.9444444444444444,0.0173116089613034,0.4146341463414635,0.4152506915124638,0.6666666666666665
graph_099_mu_0_4_node_563,24,0.0507246376811594,0.0011736286403399,0.4039627982207844,2.4754754754754758,0.0262887568342585,5.0,19.0,0.2631578947368421,0.7916666666666665,1.0555555555555556,0.0193482688391038,0.6551724137931033,0.6558610940642261,0.2777777777777778
graph_099_mu_0_4_node_478,36,0.0909090909090909,0.0021483469413988,0.415211970074813,2.4084084084084085,0.0369488560596392,17.0,19.0,0.8947368421052634,0.5277777777777778,0.5277777777777778,0.0197095435684647,0.3584905660377358,0.3591798459216466,0.4444444444444446
graph_099_mu_0_4_node_339,19,0.0760233918128654,0.0007135577414684,0.3961141950832672,2.5245245245245247,0.0241289525461538,5.0,14.0,0.357142857142857,0.7368421052631577,0.3333333333333332,0.0146137787056367,0.5833333333333334,0.5838408739365819,0.119047619047619
graph_099_mu_0_4_node_291,29,0.1566951566951566,0.0012820359760028,0.4031476997578692,2.4804804804804803,0.0275709174717223,15.0,14.0,1.0714285714285714,0.482758620689655,0.6666666666666665,0.0143003064351379,0.3181818181818182,0.3186897270484558,0.6666666666666665
graph_099_mu_0_4_node_77,33,0.0817204301075268,0.0017479245084347,0.4188679245283019,2.3873873873873874,0.0407456232349848,14.0,19.0,0.7368421052631577,0.5757575757575759,0.5135135135135133,0.0197300103842159,0.404255319148936,0.4049444490317839,0.3513513513513515
graph_099_mu_0_4_node_645,22,0.0865800865800865,0.0009348095634103,0.3936170212765957,2.5405405405405403,0.0214134483817035,11.0,11.0,1.0,0.5,0.4074074074074074,0.0113052415210688,0.3333333333333332,0.333732332208882,0.4074074074074074
graph_099_mu_0_4_node_123,23,0.233201581027668,0.0006601720236019,0.3961141950832672,2.5245245245245247,0.0347916156025956,15.0,8.0,1.875,0.3478260869565216,0.1666666666666666,0.0084033613445378,0.2105263157894736,0.2108166126179808,0.3125
graph_099_mu_0_4_node_85,26,0.1050724637681159,0.0011274666375041,0.3920722135007849,2.5505505505505504,0.0231736656896367,11.0,15.0,0.7333333333333332,0.5769230769230768,0.9375,0.0152439024390243,0.4054054054054053,0.405949415850406,0.625
graph_099_mu_0_4_node_543,22,0.0216450216450216,0.0009865243372566,0.3945497630331753,2.5345345345345347,0.023133848343584,7.0,15.0,0.4666666666666667,0.6818181818181818,0.2999999999999999,0.0157894736842105,0.5172413793103449,0.5177852319625329,0.04
graph_099_mu_0_4_node_987,29,0.0467980295566502,0.0017855639100576,0.4052738336713996,2.4674674674674675,0.0274486102551322,7.0,22.0,0.3181818181818182,0.7586206896551726,1.1,0.0224489795918367,0.6111111111111108,0.6119085592769802,0.2999999999999999
graph_099_mu_0_4_node_841,24,0.0434782608695652,0.0013178747503124,0.4008828250401284,2.4944944944944947,0.022800471083946,6.0,18.0,0.3333333333333332,0.75,1.2857142857142858,0.0182555780933062,0.5999999999999998,0.6006525048937867,0.4285714285714285
graph_099_mu_0_4_node_256,20,0.1526315789473684,0.0006651447314626,0.390234375,2.5625625625625625,0.0225122940800124,9.0,11.0,0.8181818181818182,0.5499999999999999,0.4400000000000001,0.0112820512820512,0.3793103448275863,0.3797092858205867,0.36
graph_099_mu_0_4_node_539,40,0.0833333333333333,0.0032195167475253,0.4280205655526992,2.3363363363363363,0.0380583542413763,19.0,21.0,0.904761904761905,0.5250000000000002,0.8076923076923079,0.0215605749486653,0.3559322033898305,0.3566940943305844,0.7307692307692305
graph_099_mu_0_4_node_692,22,0.0779220779220779,0.0009712068376189,0.392688679245283,2.5465465465465464,0.0223697435820003,8.0,14.0,0.5714285714285712,0.6363636363636365,0.5600000000000003,0.0143589743589743,0.4666666666666667,0.467174317692847,0.32
graph_099_mu_0_4_node_155,27,0.0854700854700854,0.0013782076555888,0.4064279902359642,2.4604604604604603,0.0312666167099868,11.0,16.0,0.6875,0.5925925925925926,0.25,0.017094017094017,0.4210526315789473,0.4216328883425653,0.171875
graph_099_mu_0_4_node_683,26,0.083076923076923,0.0011915701550829,0.4047811993517017,2.4704704704704703,0.0300598289923813,12.0,14.0,0.8571428571428571,0.5384615384615384,0.21875,0.0149572649572649,0.3684210526315788,0.3689288509630986,0.1875
graph_099_mu_0_4_node_670,27,0.0484330484330484,0.0014899654830114,0.4062627084180561,2.4614614614614614,0.0297195329208343,10.0,17.0,0.5882352941176471,0.6296296296296297,0.3399999999999999,0.0178947368421052,0.4594594594594596,0.4600759152015633,0.18
graph_099_mu_0_4_node_411,22,0.1125541125541125,0.00085003596163,0.3911511354737666,2.5565565565565564,0.0243453815319532,10.0,12.0,0.8333333333333335,0.5454545454545452,0.2857142857142856,0.0125260960334029,0.375,0.3754352241404322,0.2380952380952381
graph_099_mu_0_4_node_933,23,0.0428571428571428,0.0009397406081461,0.3934619929105947,2.541541541541541,0.0226153416083948,9.0,14.0,0.6428571428571429,0.608695652173913,0.5600000000000003,0.0143589743589743,0.4375,0.4380076878445022,0.32
graph_099_mu_0_4_node_774,27,0.074074074074074,0.0014654233163021,0.398961661341853,2.5065065065065064,0.0250888399626712,9.0,18.0,0.5,0.6666666666666665,0.6923076923076923,0.0184804928131416,0.5,0.5006526468455403,0.3461538461538461
graph_099_mu_0_4_node_507,21,0.1428571428571428,0.0008286111529639,0.3940828402366864,2.537537537537537,0.0234164045442714,8.0,13.0,0.6153846153846152,0.6190476190476188,0.5416666666666667,0.0133196721311475,0.4482758620689653,0.4487472694011626,0.3333333333333332
graph_099_mu_0_4_node_508,33,0.1161290322580645,0.0019628144256545,0.4102669404517454,2.437437437437437,0.0288523052655091,15.0,18.0,0.8333333333333335,0.5454545454545452,0.4615384615384616,0.0187304890738813,0.375,0.3756529309344166,0.3589743589743588
graph_099_mu_0_4_node_587,28,0.16,0.0011519809663395,0.3994402239104358,2.503503503503504,0.0307698445076548,14.0,14.0,1.0,0.5,0.4242424242424241,0.014477766287487,0.3333333333333332,0.3338412053495853,0.3939393939393938
graph_099_mu_0_4_node_277,20,0.0789473684210526,0.0007928997645296,0.389777604369879,2.5655655655655654,0.0191847562017994,7.0,13.0,0.5384615384615384,0.6500000000000002,0.722222222222222,0.0132382892057026,0.4814814814814816,0.4819528546277159,0.388888888888889
graph_099_mu_0_4_node_781,24,0.036231884057971,0.0013407669828182,0.3988023952095808,2.5075075075075075,0.0221386621122506,6.0,18.0,0.3333333333333332,0.75,1.0588235294117647,0.0183112919633774,0.5999999999999998,0.6006525048937867,0.3529411764705881
graph_099_mu_0_4_node_736,55,0.1043771043771043,0.0051344478110991,0.4495949594959496,2.224224224224224,0.0622305996559106,26.0,29.0,0.8965517241379307,0.5272727272727272,0.783783783783784,0.0301142263759086,0.3580246913580246,0.3590770555486113,0.702702702702703
graph_099_mu_0_4_node_183,39,0.1636636636636636,0.0023773814090758,0.4164235097957482,2.4014014014014013,0.0396135335820546,19.0,20.0,0.9499999999999996,0.5128205128205128,1.0526315789473684,0.0203873598369011,0.3448275862068967,0.3455532229531413,0.9473684210526316
graph_099_mu_0_4_node_526,43,0.074390243902439,0.0032787809923906,0.4315334773218142,2.3173173173173174,0.0447692319505433,19.0,24.0,0.7916666666666665,0.558139534883721,0.5106382978723404,0.0251836306400839,0.3870967741935483,0.3879674119356945,0.3829787234042552
graph_099_mu_0_4_node_32,29,0.1280788177339901,0.00150509104179,0.4031476997578692,2.4804804804804803,0.0291449202421972,15.0,14.0,1.0714285714285714,0.482758620689655,0.5600000000000003,0.0143589743589743,0.3181818181818182,0.3186897270484558,0.5999999999999998
graph_099_mu_0_4_node_326,25,0.0948616600790513,0.0011441454843635,0.3933070866141732,2.5425425425425425,0.02150158807787,10.0,15.0,0.6666666666666665,0.5999999999999998,1.0714285714285714,0.0152129817444219,0.4285714285714285,0.4291153995596425,0.6428571428571429
graph_099_mu_0_4_node_577,20,0.0263157894736842,0.0009425103304431,0.3961141950832672,2.5245245245245247,0.0204253001608526,4.0,16.0,0.25,0.8000000000000002,0.3809523809523811,0.0167014613778705,0.6666666666666665,0.6672466289691171,0.0476190476190476
graph_099_mu_0_4_node_81,26,0.1846153846153846,0.0010593516754843,0.3954869358669833,2.5285285285285286,0.0270579028698355,13.0,13.0,1.0,0.5,0.6842105263157895,0.0132517838939857,0.3333333333333332,0.33380491166975,0.6842105263157895
graph_099_mu_0_4_node_664,25,0.06,0.0012586277953837,0.4020120724346076,2.4874874874874875,0.0281532158639261,8.0,17.0,0.4705882352941177,0.6799999999999998,0.4047619047619049,0.0177453027139874,0.5151515151515154,0.5157678814906619,0.1904761904761905
graph_099_mu_0_4_node_682,19,0.023391812865497,0.0008244097935536,0.389777604369879,2.5655655655655654,0.0185077834652075,4.0,15.0,0.2666666666666666,0.7894736842105262,0.7894736842105262,0.0152905198776758,0.6521739130434784,0.6527176474111152,0.1578947368421052
graph_099_mu_0_4_node_149,22,0.0476190476190476,0.0009914920770405,0.3975328292877039,2.5155155155155158,0.0237426959928389,4.0,18.0,0.2222222222222223,0.8181818181818182,1.1999999999999995,0.0182741116751269,0.6923076923076923,0.6929601026012767,0.2666666666666666
graph_099_mu_0_4_node_378,29,0.0591133004926108,0.0016273077418453,0.408255006129955,2.4494494494494496,0.0356834632183764,11.0,18.0,0.6111111111111108,0.6206896551724139,0.375,0.01890756302521,0.4500000000000001,0.4506527415143602,0.2083333333333333
graph_099_mu_0_4_node_491,34,0.089126559714795,0.0019124200088289,0.4193954659949622,2.3843843843843846,0.0417476050324641,15.0,19.0,0.7894736842105262,0.5588235294117646,0.3166666666666665,0.0202127659574468,0.3877551020408161,0.3884442819167639,0.25
graph_099_mu_0_4_node_363,21,0.1142857142857142,0.0008338809943283,0.3916111328890631,2.5535535535535536,0.0246878755800519,9.0,12.0,0.75,0.5714285714285712,0.1875,0.0128205128205128,0.4000000000000001,0.4004351925727132,0.140625
graph_099_mu_0_4_node_117,28,0.1569230769230769,0.0011967436787853,0.4042897612302711,2.4734734734734736,0.0286563547882227,13.0,15.0,0.8666666666666669,0.5357142857142857,0.7142857142857141,0.0153217568947906,0.3658536585365854,0.3663977479123335,0.5714285714285712
graph_099_mu_0_4_node_585,23,0.0395256916996047,0.001120405280526,0.3991210547343188,2.5055055055055053,0.0253069086512126,6.0,17.0,0.3529411764705881,0.7391304347826088,0.4047619047619049,0.0177453027139874,0.5862068965517241,0.5868231735138411,0.1428571428571428
graph_099_mu_0_4_node_135,18,0.065359477124183,0.0006787578270131,0.3801369863013699,2.630630630630631,0.0161925035928917,6.0,12.0,0.5,0.6666666666666665,0.1875,0.0128205128205128,0.5,0.5004350978970268,0.078125
graph_099_mu_0_4_node_854,32,0.0666666666666666,0.0018565112306034,0.4126394052044609,2.4234234234234235,0.0308096011262489,13.0,19.0,0.6842105263157895,0.59375,0.7307692307692305,0.0195071868583162,0.4222222222222223,0.4229113021192229,0.4615384615384616
graph_099_mu_0_4_node_496,44,0.0696864111498257,0.0035008333416635,0.4356737897950283,2.295295295295295,0.0503100207410281,17.0,27.0,0.6296296296296297,0.6136363636363635,0.4500000000000001,0.0287234042553191,0.442622950819672,0.4436021696206733,0.2666666666666666
graph_099_mu_0_4_node_443,21,0.0619047619047619,0.0009400504251325,0.3925343811394892,2.5475475475475475,0.0199278470793562,7.0,14.0,0.5,0.6666666666666665,0.21875,0.0149572649572649,0.5,0.5005076142131981,0.109375
graph_099_mu_0_4_node_59,20,0.0631578947368421,0.000907903044603,0.3881118881118881,2.5765765765765765,0.0189312966391749,5.0,15.0,0.3333333333333332,0.75,0.8333333333333335,0.015274949083503,0.5999999999999998,0.6005437737901034,0.2777777777777778
graph_099_mu_0_4_node_693,16,0.0916666666666666,0.0004885561307219,0.3804265041888804,2.6286286286286287,0.0195757701929065,6.0,10.0,0.5999999999999998,0.625,0.15625,0.0106837606837606,0.4545454545454543,0.4549080624212978,0.09375
graph_099_mu_0_4_node_152,23,0.2047619047619047,0.0007179961220452,0.3940828402366864,2.537537537537537,0.0261554317196304,12.0,11.0,1.0909090909090904,0.4782608695652175,0.6111111111111108,0.0112016293279022,0.3142857142857142,0.3146847421088362,0.6111111111111108
graph_099_mu_0_4_node_375,18,0.1176470588235294,0.0005500641939495,0.383493282149712,2.607607607607608,0.0198957406939313,7.0,11.0,0.6363636363636365,0.6111111111111108,0.4230769230769231,0.0112936344969199,0.4400000000000001,0.4403988831272436,0.2692307692307692
graph_099_mu_0_4_node_550,35,0.0840336134453781,0.0021460065165932,0.4263764404609475,2.345345345345345,0.041468497568875,14.0,21.0,0.6666666666666665,0.5999999999999998,0.4468085106382978,0.0220356768100734,0.4285714285714285,0.4293330431944291,0.297872340425532
graph_099_mu_0_4_node_678,30,0.1080459770114942,0.0014337772478755,0.4114497528830313,2.4304304304304303,0.0383212630463225,15.0,15.0,1.0,0.5,0.2999999999999999,0.0157894736842105,0.3333333333333332,0.3338775016627365,0.2999999999999999
graph_099_mu_0_4_node_87,30,0.0850574712643678,0.0017433137078465,0.4094262295081967,2.4424424424424425,0.0299038897567446,12.0,18.0,0.6666666666666665,0.5999999999999998,0.6923076923076923,0.0184804928131416,0.4285714285714285,0.4292242174304988,0.4615384615384616
graph_099_mu_0_4_node_13,23,0.1380952380952381,0.0007984971301859,0.3884136858475894,2.5745745745745747,0.0212612889169947,11.0,12.0,0.9166666666666664,0.5217391304347825,0.75,0.0121951219512195,0.3529411764705881,0.3533764321833194,0.625
graph_099_mu_0_4_node_851,29,0.0997150997150997,0.0013269797578107,0.4087561374795417,2.4464464464464464,0.0340324915307793,13.0,16.0,0.8125,0.5517241379310346,0.2666666666666666,0.0170212765957446,0.3809523809523811,0.3815327219026893,0.2
graph_099_mu_0_4_node_216,32,0.1264367816091954,0.0016930670659942,0.4092585006145022,2.443443443443444,0.0304492225882055,15.0,17.0,0.8823529411764709,0.53125,1.0625,0.0172764227642276,0.3617021276595746,0.3623188070225811,0.875
graph_099_mu_0_4_node_257,18,0.0833333333333333,0.0004730963747742,0.3772658610271903,2.650650650650651,0.0171259781117831,8.0,10.0,0.8000000000000002,0.5555555555555556,0.5263157894736842,0.0101936799184505,0.3846153846153847,0.3849780450926456,0.3684210526315788
graph_099_mu_0_4_node_451,42,0.0589743589743589,0.0029954830483698,0.4311609840310746,2.319319319319319,0.0452602357416247,21.0,21.0,1.0,0.5,0.328125,0.0224358974358974,0.3333333333333332,0.3340953348573364,0.3125
graph_099_mu_0_4_node_999,25,0.0833333333333333,0.0011709942774104,0.4029850746268656,2.4814814814814814,0.0287191502070849,11.0,14.0,0.7857142857142859,0.5600000000000003,0.25,0.0148305084745762,0.388888888888889,0.38939665038606,0.1964285714285714
graph_099_mu_0_4_node_891,30,0.0714285714285714,0.0013718174449287,0.413151364764268,2.4204204204204203,0.0369318332639414,13.0,17.0,0.7647058823529413,0.5666666666666665,0.4594594594594596,0.0176531671858774,0.3953488372093022,0.3959654271044819,0.3243243243243245
graph_099_mu_0_4_node_191,25,0.0733333333333333,0.0011749499626176,0.4057676685621446,2.4644644644644647,0.0294794448865525,9.0,16.0,0.5625,0.64,0.3809523809523811,0.0167014613778705,0.4705882352941177,0.4711684078954664,0.1904761904761905
graph_099_mu_0_4_node_410,28,0.1243386243386243,0.00132038983647,0.4051094890510949,2.468468468468469,0.0312300673129999,13.0,15.0,0.8666666666666669,0.5357142857142857,0.2678571428571428,0.0158898305084745,0.3658536585365854,0.3663977479123335,0.2321428571428572
graph_099_mu_0_4_node_6,28,0.1137566137566137,0.0012306719147276,0.4109419991772933,2.433433433433433,0.0367106619328156,16.0,12.0,1.333333333333333,0.4285714285714285,0.2400000000000001,0.0126315789473684,0.2727272727272726,0.2731626863702335,0.2800000000000001
