,Degree,Clustering Coefficient,Betweenness,Closeness,Shortest Path,Eigenvector,E In,E Out,E In Over E Out,ODF,Expansion,Cut Ratio,Conductance,Normalised Cut,Triangle Participation
graph_0111_mu_0_4_node_68,31,0.1612903225806451,0.0014244038249347,0.4099302421009438,2.43943943943944,0.038636333558767,18.11,12.89,1.4071680652680651,0.4158064516129031,0.2943652162566725,0.0135036877553204,0.2625400831101672,0.2630120247149607,0.410423358694131
graph_0111_mu_0_4_node_570,32,0.0827586206896551,0.0015985697079166,0.411619283065513,2.4294294294294296,0.0386373960122151,15.075,16.925,0.8915406162464988,0.52890625,0.3672247399844907,0.0177634520096701,0.3596010305398756,0.3602204766742166,0.3042557932836
graph_0111_mu_0_4_node_879,43,0.1251384274640088,0.0031201187355693,0.4341590612777053,2.3033033033033035,0.0537816576320149,21.134,21.866,0.9673305004936588,0.5085116279069768,0.4990373711315567,0.0229075912268076,0.3409995771093115,0.3418000714008874,0.4790195126343404
graph_0111_mu_0_4_node_397,51,0.108235294117647,0.0044226356557496,0.4483842010771993,2.23023023023023,0.0645263945584997,26.078,24.922,1.0467714426877466,0.4886666666666666,0.5404130695036095,0.0261579218051248,0.3233588022736758,0.3242714025704515,0.5637894037862418
graph_0111_mu_0_4_node_458,17,0.0220588235294117,0.0007491845025929,0.3810068649885583,2.6246246246246248,0.0145981243475803,4.238,12.762,0.3348774003774003,0.7507058823529412,0.2137812209353617,0.013591469722801,0.6019610772979879,0.6024278597551816,0.0518019150796413
graph_0111_mu_0_4_node_53,35,0.0823529411764705,0.0022383155678218,0.4278372591006424,2.3373373373373374,0.0431968056865549,14.063,20.937,0.6720701754385964,0.5982,0.6185335316649364,0.02170503727013,0.4267902822667529,0.4275563964533186,0.4138795259932384
graph_0111_mu_0_4_node_741,18,0.1176470588235294,0.0006621610481367,0.3794151158374478,2.635635635635636,0.0178593951175322,9.798,8.202,1.2018428571428572,0.4556666666666667,0.1361296577906066,0.00874230330545,0.2954513578375646,0.295751525921994,0.133445603828467
graph_0111_mu_0_4_node_932,26,0.1384615384615384,0.0012589861408431,0.3965859468042874,2.521521521521521,0.0235032084793087,11.668,14.332,0.821698701298701,0.5512307692307691,0.5571269245189822,0.0148398050402252,0.3812297236168865,0.3817541835188569,0.424240338907174
graph_0111_mu_0_4_node_563,28,0.1015384615384615,0.0013175066395411,0.4067589576547231,2.4584584584584586,0.0312133387269444,11.189,16.811,0.6668450980392158,0.600392857142857,0.4791248237207566,0.0174649268099614,0.4291524702939338,0.4297675713486115,0.2873015823251936
graph_0111_mu_0_4_node_241,18,0.0849673202614379,0.0006801593191523,0.3792710706150342,2.6366366366366365,0.0150120514854866,7.641,10.359,0.7583055944055944,0.5754999999999999,0.207978696279547,0.0109745760113251,0.4064700684822425,0.4068490828643601,0.138990161164372
graph_0111_mu_0_4_node_267,19,0.0441176470588235,0.0007215711797398,0.3829053277117669,2.6116116116116115,0.0160556247337,6.561,12.439,0.5406665334665335,0.6546842105263159,0.2401146277924497,0.0131448807302287,0.4892239001256392,0.4896789477180214,0.1071050916248558
graph_0111_mu_0_4_node_797,36,0.1122994652406417,0.0022282050033547,0.423125794155019,2.3633633633633635,0.0372378974063392,16.091,19.909,0.8086526315789476,0.5530277777777776,0.9778266131973976,0.0204045686368645,0.3822409288824384,0.3829695626548152,0.7358559842931907
graph_0111_mu_0_4_node_921,22,0.0389610389610389,0.0012007570298748,0.3925343811394892,2.5475475475475475,0.0202806099077412,5.87,16.13,0.3669367856859343,0.733181818181818,0.4787464881345541,0.0167475846924114,0.579883863995766,0.5804738314021138,0.1485559478411543
graph_0111_mu_0_4_node_747,41,0.0742240215924426,0.0027919411270682,0.4289394589952769,2.3313313313313317,0.0480243405717327,18.129,22.871,0.7932611330698287,0.5578292682926829,0.5218794696665859,0.0239609988604658,0.3868611391455809,0.3876982107029345,0.3890613304132713
graph_0111_mu_0_4_node_173,24,0.1594202898550724,0.0009284536146121,0.3991210547343188,2.5055055055055053,0.0328910491251908,12.029,11.971,1.0054545454545456,0.4987916666666666,0.2595309455256137,0.0125647399511886,0.3322977714556662,0.3327358857116737,0.2603133232910925
graph_0111_mu_0_4_node_855,18,0.0392156862745098,0.0007911279625083,0.3851195065535852,2.5965965965965965,0.0163842195388324,4.384,13.616,0.325550899100899,0.7564444444444446,0.2687923294889087,0.0143747370916471,0.6097293958215698,0.6102274033851471,0.0783806877325526
graph_0111_mu_0_4_node_380,23,0.1106719367588932,0.0010982586714029,0.4031476997578692,2.4804804804804803,0.0252694435250263,9.036,13.964,0.6475387112887113,0.6071304347826088,0.6848294808208951,0.0143131987337671,0.4359469728800611,0.4364578776824313,0.4411364901560953
graph_0111_mu_0_4_node_984,21,0.1052631578947368,0.0006266636540971,0.3754227733934611,2.663663663663664,0.0174808452093323,12.486,8.514,1.4899047202797204,0.4054285714285715,0.15133339081227,0.0090354662538682,0.2552196106934026,0.2555312524828568,0.2033569602052286
graph_0111_mu_0_4_node_772,34,0.0320855614973262,0.0026923432224348,0.4274711168164313,2.339339339339339,0.0350469148410333,8.518,25.482,0.3366735436044881,0.7494705882352941,0.4515214005953066,0.0270858254016564,0.6002699326401187,0.6012018176545058,0.1438975708526142
graph_0111_mu_0_4_node_129,49,0.1386054421768707,0.0036590124161705,0.4453856442264824,2.245245245245245,0.0686533686137322,27.099,21.901,1.2380713716108454,0.4469591836734694,0.4751651602122271,0.0229861761298534,0.2878277962321934,0.2886299212802816,0.5859355933088867
graph_0111_mu_0_4_node_7,27,0.037037037037037,0.0015960742353083,0.4060975609756098,2.4624624624624625,0.0258800589207048,6.283,20.717,0.3081140769413652,0.7672962962962964,0.3678324082250916,0.0220176671673143,0.6246972495009734,0.6254548824669466,0.1024974085674573
graph_0111_mu_0_4_node_410,25,0.0766666666666666,0.0012697241212205,0.4000800961153384,2.4994994994995,0.0247765663867201,9.549,15.451,0.6228170787545788,0.6180399999999999,0.3149802381745323,0.0163262305997498,0.4479637189157314,0.4485290171220357,0.1825354300668821
graph_0111_mu_0_4_node_234,30,0.0978835978835978,0.0017113406788963,0.4138359569179785,2.4164164164164164,0.0313178980788632,12.294,17.706,0.695688725490196,0.5901999999999998,0.670749380881897,0.018327271852146,0.4188280479210712,0.4194759273642179,0.422090432743387
graph_0111_mu_0_4_node_890,19,0.0409356725146198,0.0008453839782271,0.3933070866141732,2.5425425425425425,0.0191463352181131,2.246,16.754,0.1353990196078431,0.8817894736842107,0.4619634071105844,0.0174462656251551,0.7897263316393752,0.790338947034376,0.0118836138293923
graph_0111_mu_0_4_node_62,29,0.1157635467980295,0.0015902230700089,0.4028225806451613,2.4824824824824825,0.0321863401003088,13.098,15.902,0.8244970238095238,0.548344827586207,0.4201206961883965,0.0165516997751405,0.3778163915625999,0.3783983340220938,0.3440188727723524
graph_0111_mu_0_4_node_780,45,0.1171717171717171,0.0034259673571571,0.4381578947368421,2.2822822822822824,0.051444776883035,22.142,22.858,0.9698785550833608,0.5079555555555555,0.6506865058136345,0.023748060184933,0.3405248079690879,0.341361649454407,0.6258194948222062
graph_0111_mu_0_4_node_642,31,0.1625615763546798,0.0013083312811598,0.3983253588516746,2.5105105105105103,0.0286458112825196,16.263,14.737,1.1137690143190144,0.4753870967741937,0.7302589554324492,0.0150946498818616,0.3122543237753366,0.3127937775104045,0.7386118424166266
graph_0111_mu_0_4_node_2,44,0.1638477801268499,0.0029852661702756,0.4313471502590673,2.3183183183183185,0.0491062019358587,25.149,18.851,1.3353005675954597,0.4284318181818181,0.5577759934516786,0.019540906911806,0.2726588458285947,0.2733492428210023,0.7391978167694413
graph_0111_mu_0_4_node_627,42,0.1114982578397212,0.0032631983018376,0.4298623063683304,2.3263263263263263,0.0450861682337351,18.312,23.688,0.7744387351778655,0.5639999999999998,0.700805634136443,0.0245552285057885,0.3929101820024678,0.3937771402337828,0.5379302355415988
graph_0111_mu_0_4_node_745,20,0.0526315789473684,0.0007723168049058,0.3964285714285714,2.5225225225225225,0.0241872544031454,5.341,14.659,0.3664298642533936,0.7329499999999999,0.2895311854688417,0.0154753931580643,0.5792594574507617,0.5797956307125242,0.0893947680067015
graph_0111_mu_0_4_node_781,18,0.065359477124183,0.0006458999512546,0.3827586206896551,2.612612612612613,0.0176800785175175,8.429,9.571,0.9014794205794208,0.5317222222222222,0.1707908970446134,0.0101543424465089,0.3645541085001954,0.3649043215787267,0.1147867109586638
graph_0111_mu_0_4_node_869,22,0.0303030303030303,0.0010943544500548,0.3961141950832672,2.5245245245245247,0.021986696476052,3.63,18.37,0.201131604747162,0.8349999999999999,0.3990437162545049,0.0193182221456184,0.719206415168484,0.7198781459207674,0.0238249506180305
graph_0111_mu_0_4_node_700,25,0.1533333333333333,0.0010794903646545,0.3975328292877039,2.5155155155155158,0.0298567615094369,13.03,11.97,1.0892045454545456,0.4788000000000001,0.3159555278780986,0.0124595210426565,0.3147857624831309,0.3152238722533375,0.3429600735202805
graph_0111_mu_0_4_node_925,19,0.0292397660818713,0.0008291616408198,0.3840830449826989,2.603603603603604,0.0177735621750796,5.306,13.694,0.4028780441780441,0.720736842105263,0.2530877476892686,0.0145593637655448,0.5682004559563929,0.568701343064785,0.0595837397741992
graph_0111_mu_0_4_node_527,48,0.1275362318840579,0.0038176443270019,0.4324675324675324,2.3123123123123124,0.049609502667293,23.696,24.304,0.976742659811584,0.5063333333333333,0.6859594123248517,0.0252597757453739,0.3391112390284826,0.3400010726199523,0.634028304789024
graph_0111_mu_0_4_node_21,34,0.034274193548387,0.0024297844733465,0.4141791044776119,2.414414414414414,0.0295285217323817,13.001,20.999,0.6271076890056294,0.6176176470588234,0.3718479345057959,0.0223201755914827,0.4481320228031223,0.4489003362025159,0.2117807961772818
graph_0111_mu_0_4_node_26,25,0.2,0.0009742997569652,0.3945497630331753,2.5345345345345347,0.0240570979055619,13.284,11.716,1.1385858585858586,0.4686400000000001,0.5774253934914948,0.0120060849997929,0.3062716829597445,0.3067005071571358,0.6463405531962821
graph_0111_mu_0_4_node_6,32,0.0873563218390804,0.0018200090141493,0.4092585006145022,2.443443443443444,0.0308166507976702,13.079,18.921,0.6961849329205365,0.59128125,0.7267482237708525,0.0195772214403411,0.4204210085906927,0.421113352043755,0.4414598528630717
graph_0111_mu_0_4_node_595,48,0.0664893617021276,0.004545712770112,0.4418398938522777,2.2632632632632634,0.0483004276878911,21.21,26.79,0.7927686319477626,0.558125,0.4437238633769967,0.0285553304250224,0.3871917743130941,0.3881723597707838,0.3495767924950053
graph_0111_mu_0_4_node_584,30,0.1540229885057471,0.0013883545465723,0.4054383116883117,2.4664664664664664,0.0351070957509299,17.062,12.938,1.3201503496503495,0.4312666666666668,0.2952053000968869,0.01355453527184,0.2749630264871906,0.2754366885201753,0.3878123109894893
graph_0111_mu_0_4_node_685,23,0.1095238095238095,0.0009052567107509,0.387359441644048,2.581581581581581,0.0208681365580176,10.713,12.287,0.8838769230769232,0.5342173913043478,0.3404141383104459,0.0128027166365276,0.3655274973216149,0.3659771245435356,0.2586257967798455
graph_0111_mu_0_4_node_16,47,0.1184088806660499,0.003547692944837,0.4358638743455497,2.294294294294294,0.0559973847703863,25.255,21.745,1.164764915854699,0.4626595744680852,0.4969188209356593,0.0227794636886313,0.3011024536471039,0.3018987601797958,0.5729808947276017
graph_0111_mu_0_4_node_601,20,0.0684210526315789,0.0008054773987722,0.3945497630331753,2.5345345345345347,0.0223867799084133,6.063,13.937,0.435932400932401,0.6968499999999999,0.2307752895149036,0.0148557492302447,0.5349583877170084,0.5354681940328195,0.0995009613096701
graph_0111_mu_0_4_node_791,26,0.1015384615384615,0.0014163446411933,0.404126213592233,2.4744744744744747,0.0330568189715469,10.21,15.79,0.648147619047619,0.6073076923076921,0.3425039029682845,0.0165727511928922,0.4362971392445077,0.436874862803196,0.2205625669117065
graph_0111_mu_0_4_node_124,44,0.0665961945031712,0.0038124800460983,0.436054124836316,2.293293293293293,0.0419428541391483,23.166,20.834,1.1132424394319127,0.4735000000000001,0.3451459176049985,0.0222065335106667,0.3102572108402089,0.311020066563868,0.3653209436247177
graph_0111_mu_0_4_node_766,16,0.2333333333333333,0.0003848165184833,0.369179600886918,2.7087087087087087,0.01276633768472,10.122,5.878,1.798590476190476,0.367375,0.1715762037154568,0.0060975935142971,0.2268048514448514,0.2270199883624789,0.2824599119506996
graph_0111_mu_0_4_node_886,34,0.0887096774193548,0.0021449108935264,0.4104354971240756,2.4364364364364364,0.0310296508784126,14.23,19.77,0.720873976608187,0.581470588235294,0.7031226033717426,0.0204271924137429,0.4100487859759289,0.4107722371484884,0.4640854656870768
graph_0111_mu_0_4_node_805,26,0.043076923076923,0.0015468735889374,0.399919935948759,2.5005005005005003,0.0224028819831728,5.854,20.146,0.2933593654367648,0.7748461538461541,0.397146539378618,0.0212936262114627,0.6337405903710458,0.6344773365237317,0.1007163315601621
graph_0111_mu_0_4_node_298,36,0.0285714285714285,0.002912033202965,0.4195716085678286,2.3833833833833835,0.0357466645363952,13.393,22.607,0.5936522184908913,0.6279722222222222,0.3745419234992211,0.0240967936218972,0.4579158809067894,0.4587430105366063,0.1511446068793936
graph_0111_mu_0_4_node_803,30,0.1425287356321839,0.0015450060498479,0.4056029232643118,2.4654654654654653,0.0322994425441861,14.067,15.933,0.8835576923076924,0.5310999999999999,0.4481539575631313,0.0165621409090025,0.3616191517394108,0.362202269444061,0.3940915342994572
graph_0111_mu_0_4_node_418,27,0.1737891737891738,0.0011401992854606,0.398961661341853,2.5065065065065064,0.0316326678529663,15.03,11.97,1.256340909090909,0.4433333333333334,0.3159534162608647,0.0124595385639602,0.2848240712775596,0.2852622451975658,0.3956544760555422
graph_0111_mu_0_4_node_547,18,0.1633986928104575,0.0004830696873293,0.3821729150726855,2.6166166166166165,0.0210247465086652,9.025,8.975,1.0084142857142857,0.498611111111111,0.2551994533715121,0.0093253062494973,0.3322682834406972,0.3325967137133591,0.2276111090998035
graph_0111_mu_0_4_node_114,32,0.1149193548387096,0.0017264991237696,0.4138359569179785,2.4164164164164164,0.0373544929254124,17.047,14.953,1.1406614718614716,0.46728125,0.3947152018787802,0.0155646687122198,0.3049006083943011,0.3054479990651001,0.4488083280453172
graph_0111_mu_0_4_node_423,25,0.1733333333333333,0.0011084753206549,0.4000800961153384,2.4994994994995,0.027201205554504,11.021,13.979,0.7889239926739928,0.5591600000000002,0.6580013505116306,0.0143097283032627,0.3881256914809547,0.3886372191127423,0.5174816321184669
graph_0111_mu_0_4_node_846,22,0.0476190476190476,0.0010576826879969,0.3948616600790514,2.5325325325325325,0.0211148901384937,7.827,14.173,0.5538446886446885,0.6442272727272728,0.2349833014259949,0.015106989776095,0.4755186688913608,0.4760371699598931,0.1160450129409252
graph_0111_mu_0_4_node_507,16,0.05,0.0005401006005477,0.3805714285714285,2.627627627627628,0.0160293456126264,5.716,10.284,0.5596413364413363,0.64275,0.2018642177301383,0.0108738417904739,0.4744869604842143,0.4748631823551218,0.0784752040078236
graph_0111_mu_0_4_node_689,29,0.0997150997150997,0.0013904443287904,0.4092585006145022,2.443443443443444,0.0296634631782598,12.178,16.822,0.7261484539969834,0.5800689655172414,0.6436308946532526,0.0174270434992753,0.4087714303721111,0.4093869777326361,0.4216805742781261
graph_0111_mu_0_4_node_568,19,0.0175438596491228,0.0008654580065791,0.3917647058823529,2.5525525525525525,0.0186052534745212,5.351,13.649,0.3959171245421246,0.7183684210526314,0.243377442817919,0.0144813763034267,0.5619381240498631,0.5624373730419312,0.0840418584029586
graph_0111_mu_0_4_node_273,16,0.0166666666666666,0.0006468164002465,0.386609907120743,2.5865865865865865,0.0160119852686718,2.812,13.188,0.2145574425574425,0.82425,0.3602843112335116,0.0137545638450558,0.7019949874686717,0.7024772939695698,0.0148315528683606
graph_0111_mu_0_4_node_357,15,0.0476190476190476,0.0005089524363693,0.3804265041888804,2.6286286286286287,0.0160051025388525,3.401,11.599,0.3009691142191142,0.7732666666666668,0.2218832962167011,0.0122770213663906,0.6337216570838862,0.6341458919565351,0.0619821094603003
graph_0111_mu_0_4_node_729,37,0.0705882352941176,0.0024490766657837,0.4190436241610738,2.3863863863863863,0.0352072862653009,18.307,18.693,0.9815450550395598,0.5052162162162162,0.3096342312599696,0.019924923487502,0.3381416765529288,0.3388259472236612,0.2857124998679778
graph_0111_mu_0_4_node_678,31,0.0935960591133004,0.0016452274423659,0.4074225122349103,2.454454454454454,0.0297995681388424,12.222,18.778,0.6529228297459335,0.6057419354838711,0.8862379790087697,0.0192201439292119,0.4347457197504811,0.4354327935620727,0.5244884051816068
graph_0111_mu_0_4_node_943,24,0.0579710144927536,0.0013516339221651,0.3948616600790514,2.5325325325325325,0.0214172268121865,8.895,15.105,0.5925455822814956,0.629375,0.4474582534487044,0.0156868132126859,0.4599534494230495,0.4605060695403997,0.2589222549650872
graph_0111_mu_0_4_node_268,25,0.1462450592885375,0.0010088748594236,0.3939274447949527,2.5385385385385386,0.0234563503284032,12.267,12.733,0.966477272727273,0.5093199999999999,0.3247044682219555,0.013347220445194,0.3418946274209433,0.3423606236587587,0.2828703389664792
graph_0111_mu_0_4_node_207,18,0.0784313725490196,0.0006422357123506,0.386609907120743,2.5865865865865865,0.0188396200425348,6.664,11.336,0.592809090909091,0.6297777777777778,0.2886343659562596,0.0118872357782548,0.4605430769230769,0.4609577968333994,0.1519381462415531
graph_0111_mu_0_4_node_834,21,0.1380952380952381,0.0008360589382207,0.3849710982658959,2.5975975975975976,0.0176685393322141,10.435,10.565,0.9979484848484844,0.503095238095238,0.271593359780611,0.0110694557527513,0.3367729105571847,0.3371595409062313,0.257230253721566
graph_0111_mu_0_4_node_891,22,0.1341991341991342,0.0008293824079456,0.3896255850234009,2.5665665665665665,0.0278595487656519,11.037,10.963,1.0074444444444446,0.4983181818181817,0.2377277272908359,0.0115067362396419,0.331884593837535,0.3322858030015685,0.2384664223006489
graph_0111_mu_0_4_node_102,22,0.1385281385281385,0.0008243802202988,0.3929976396538159,2.5445445445445447,0.0274066548593298,10.026,11.974,0.8377666666666669,0.544272727272727,0.3160081627985796,0.0124639014990876,0.3739240196078431,0.3743621793978682,0.2638473502106067
graph_0111_mu_0_4_node_885,18,0.1437908496732026,0.0005916062384362,0.3759879563417388,2.65965965965966,0.0149666310553858,8.709,9.291,0.9517142857142856,0.5161666666666667,0.1909907297322419,0.0098133680242529,0.3489768851837817,0.3493168653264756,0.1683475146497383
graph_0111_mu_0_4_node_883,20,0.0263157894736842,0.0009207817859007,0.3872093023255814,2.5825825825825826,0.0179547564670312,6.1,13.9,0.4456179066032008,0.6949999999999998,0.2669950236893733,0.0146901134950129,0.5343169464107994,0.5348253985283802,0.0935788896692979
graph_0111_mu_0_4_node_758,18,0.0915032679738562,0.0006756072963105,0.3852680293096799,2.5955955955955954,0.0169832972537486,6.668,11.332,0.5912272727272727,0.6295555555555554,0.2286750155444623,0.011979089012142,0.459943076923077,0.460357651308549,0.1358459720083401
graph_0111_mu_0_4_node_408,28,0.04,0.001652518648717,0.4080882352941176,2.4504504504504503,0.0254680582097607,8.368,19.632,0.4282564731988074,0.7011428571428571,0.3776772135250985,0.0207465824005723,0.5404810859832531,0.5411991814989956,0.1404847380519252
graph_0111_mu_0_4_node_93,19,0.0935672514619883,0.0006686365772771,0.391304347826087,2.555555555555556,0.0234572610624319,6.023,12.977,0.4644061771561772,0.683,0.3831734083336446,0.0134535439926559,0.5186683760683759,0.5191430817652054,0.1770415788083052
graph_0111_mu_0_4_node_933,20,0.0894736842105263,0.0007395177199151,0.3863109048723898,2.5885885885885886,0.0199518829046471,9.019,10.981,0.8218383838383838,0.5490499999999999,0.4307591626525516,0.0112991223097632,0.3784516129032259,0.3788534212300026,0.3527587334577474
graph_0111_mu_0_4_node_69,42,0.0905923344947735,0.0033423575181544,0.4320934256055363,2.314314314314314,0.0448072922967203,17.137,24.863,0.6903138339920947,0.5919761904761903,0.8819801323285792,0.025691897387037,0.4205643148709167,0.4214741599416384,0.6026703810468713
graph_0111_mu_0_4_node_416,25,0.1066666666666666,0.0012468269633657,0.3976910828025478,2.5145145145145147,0.0233464335491242,9.059,15.941,0.5688392857142858,0.63764,0.7823864990012808,0.0163386643252814,0.468139589169001,0.4687227857115093,0.4412368798496269
graph_0111_mu_0_4_node_750,42,0.1153846153846153,0.0028254789387118,0.4293081220455522,2.329329329329329,0.0451319482965044,21.159,20.841,1.0162350877192985,0.4962142857142857,0.5932735287022374,0.0216532751037415,0.3300422700954958,0.3308052699879811,0.5705591619601315
graph_0111_mu_0_4_node_428,37,0.1260504201680672,0.0019810005665461,0.4251063829787234,2.3523523523523524,0.0462357515555102,18.052,18.948,0.9533556243550052,0.5121081081081079,0.5597687179799851,0.0196429437498257,0.3442265988546096,0.3449201856292262,0.5023185927076845
graph_0111_mu_0_4_node_696,30,0.0988505747126436,0.0015686599018211,0.4087561374795417,2.4464464464464464,0.0366552475775548,14.148,15.852,0.8939052197802198,0.5284,0.3620537915031516,0.0166066143151123,0.3591786014632915,0.3597587595354361,0.3198550278624978
graph_0111_mu_0_4_node_536,43,0.1439645625692137,0.0031035881426082,0.4324675324675324,2.3123123123123124,0.0482959478983516,21.045,21.955,0.95999276761568,0.5105813953488373,0.6184286748209392,0.0228194542040808,0.3429071964416181,0.3437109405311774,0.5884288374517064
graph_0111_mu_0_4_node_86,24,0.0942028985507246,0.0011769282493649,0.4044534412955465,2.4724724724724725,0.0312465438286396,9.047,14.953,0.605441758241758,0.6230416666666667,0.3242810293143952,0.015694350064329,0.4525445378151259,0.453091608072742,0.1952546077266261
graph_0111_mu_0_4_node_944,25,0.12,0.0012627485445644,0.3959571938168846,2.5255255255255253,0.022478764049601,10.375,14.625,0.7118406593406594,0.585,0.5572674126589202,0.0151347062177619,0.4137526812526813,0.4142878087626135,0.3773743799346372
graph_0111_mu_0_4_node_426,23,0.1699604743083003,0.0008892149728544,0.3991210547343188,2.5055055055055053,0.0278493357059201,11.131,11.869,0.939782828282828,0.5160434782608695,0.334586147512809,0.0123360561550097,0.3478943170060816,0.3483286709716619,0.30950182254705
graph_0111_mu_0_4_node_107,27,0.1766666666666666,0.00119763906637,0.3992805755395683,2.5045045045045047,0.0247694803167069,14.552,12.448,1.1767853146853144,0.4610370370370371,0.4765085680976416,0.0128800882933077,0.2999591752546942,0.3004148210149858,0.503278851014682
graph_0111_mu_0_4_node_988,20,0.0578947368421052,0.0008531832029808,0.3855654187572366,2.5935935935935936,0.018769038839438,8.463,11.537,0.746872984858279,0.5768499999999999,0.2276248929371498,0.0121813716949285,0.407359610285054,0.4077817332474797,0.1649572671442475
graph_0111_mu_0_4_node_230,21,0.0285714285714285,0.0011427215370429,0.3916111328890631,2.5535535535535536,0.0189753263726856,4.398,16.602,0.2702359162895927,0.7905714285714287,0.3670649770281583,0.0174388427023907,0.6563063064621534,0.6569134597994931,0.0614710250839427
graph_0111_mu_0_4_node_760,21,0.0714285714285714,0.0009905258192835,0.3891702376314764,2.5695695695695697,0.0183840813398189,8.664,12.336,0.7049650349650348,0.5874285714285713,0.2402803009102315,0.0130912793365056,0.4162456062291436,0.416696960741603,0.1567732897909038
graph_0111_mu_0_4_node_305,32,0.0685483870967741,0.0020485306943632,0.4099302421009438,2.43943943943944,0.032822525837799,10.134,21.866,0.464230758714969,0.6833125,0.615528211564367,0.0227282498216913,0.5191496370610627,0.5199494869611603,0.2815501375558876
graph_0111_mu_0_4_node_940,22,0.0526315789473684,0.0009896493197098,0.3855654187572366,2.5935935935935936,0.0178884162830928,8.095,13.905,0.5851918246785892,0.6320454545454546,0.4127326564725885,0.0144385695385712,0.4625932418578414,0.4631019528714916,0.2081693811947308
graph_0111_mu_0_4_node_709,21,0.0523809523809523,0.0008783538644278,0.4016887816646562,2.4894894894894897,0.0260093701708714,5.476,15.524,0.3582840309200603,0.7392380952380951,0.4282431506231797,0.0161777370549558,0.5884309519599173,0.5889987490370777,0.113216973140456
graph_0111_mu_0_4_node_920,20,0.0157894736842105,0.000987158013722,0.3975328292877039,2.5155155155155158,0.0206492651682408,3.246,16.754,0.1947182539682539,0.8376999999999998,0.3041340034645322,0.0177796417361586,0.7213965541704672,0.722009214730176,0.0391962558473581
graph_0111_mu_0_4_node_841,27,0.0683760683760683,0.0014193484918201,0.4067589576547231,2.4584584584584586,0.0310262948475333,10.091,16.909,0.597416806722689,0.6262592592592594,0.385846359054794,0.0177146461064308,0.4559859557938506,0.4566045910484271,0.2279509713754834
graph_0111_mu_0_4_node_252,24,0.144927536231884,0.0010330979729671,0.40056134723336,2.4964964964964964,0.0273247813783762,10.064,13.936,0.7232447552447551,0.5806666666666667,0.6572698773618655,0.0142640064581004,0.4092314028314029,0.4097413218403226,0.4705741359826896
graph_0111_mu_0_4_node_479,31,0.0688172043010752,0.0017585095983959,0.423125794155019,2.3633633633633635,0.0426051967599704,11.098,19.902,0.5581941520467837,0.642,0.4318588330227611,0.0208878793442834,0.4728604651162791,0.4735885766097731,0.2389301070269863
graph_0111_mu_0_4_node_299,29,0.1396011396011396,0.0013217930182039,0.3992805755395683,2.5045045045045047,0.0281168176531671,14.268,14.732,0.9713592574092574,0.508,0.5649888059651926,0.0152614829779861,0.3406819054082333,0.3412210995719891,0.500322662966186
graph_0111_mu_0_4_node_276,22,0.1645021645021645,0.000766898917864,0.3967434471803018,2.5205205205205203,0.027591127217159,12.029,9.971,1.2073944444444442,0.4532272727272725,0.2946214337501981,0.0103365288690982,0.2930556489262371,0.293420593936273,0.3543246797371886
graph_0111_mu_0_4_node_382,23,0.0711462450592885,0.0010940480541435,0.4077551020408163,2.4524524524524525,0.0291028387285106,7.071,15.929,0.4444579212454213,0.692565217391304,0.4531403455333383,0.0165499975753394,0.52985522971652,0.5304379027164566,0.1991207669425872
graph_0111_mu_0_4_node_157,25,0.08,0.0012569789819277,0.3992805755395683,2.5045045045045047,0.0261380655455547,8.326,16.674,0.5008157589959061,0.6669599999999999,0.6546687377413248,0.0171567548306817,0.5006733528792354,0.5012833162289234,0.3138632258407411
graph_0111_mu_0_4_node_763,20,0.2105263157894736,0.0005547391844446,0.383935434281322,2.6046046046046047,0.0233484680169549,12.058,7.942,1.5210714285714289,0.3971,0.2346101673115148,0.0082335595563839,0.2478097147950089,0.2481004191848011,0.3540575424492043
graph_0111_mu_0_4_node_514,48,0.1347517730496454,0.0035351125919721,0.440864960282436,2.2682682682682684,0.0615476753004204,28.078,19.922,1.410342208462332,0.4150416666666667,0.4321503973084668,0.0209093531846835,0.261892553815272,0.2626223030979135,0.6073904852715255
graph_0111_mu_0_4_node_720,19,0.0584795321637426,0.000822284272177,0.3860123647604327,2.5905905905905904,0.0186727980134537,5.184,13.816,0.3779850704850704,0.7271578947368419,0.3767372515438714,0.0144077783426302,0.5721123391295805,0.5726176881702929,0.138188921255267
graph_0111_mu_0_4_node_381,28,0.1005291005291005,0.0016021600452841,0.4069246435845214,2.457457457457457,0.0308294407358842,11.139,16.861,0.6618294117647059,0.6021785714285713,0.4989116395567781,0.0174781852880463,0.4309651031894935,0.4315820303751653,0.3253707248404688
graph_0111_mu_0_4_node_271,31,0.1720430107526881,0.0013386094360609,0.4145228215767635,2.4124124124124124,0.0424362582597994,17.141,13.859,1.238707375957376,0.4470645161290321,0.316662741768653,0.0145181612440022,0.2879645298119248,0.2884718953947781,0.3886046332317646
graph_0111_mu_0_4_node_312,25,0.13,0.0011937122200367,0.3975328292877039,2.5155155155155158,0.0283380311598626,12.113,12.887,0.941302447552448,0.5154799999999999,0.3403058614570783,0.0134139304121961,0.3473401539191014,0.3478117787320438,0.3185273778733412
graph_0111_mu_0_4_node_106,15,0.2285714285714285,0.0003801094461611,0.3778366111951589,2.6466466466466465,0.0184840021444283,8.021,6.979,1.1505,0.4652666666666667,0.1983545129142168,0.0072515712884834,0.3032108695652174,0.3034662585070889,0.227372751136671
graph_0111_mu_0_4_node_788,24,0.2294372294372294,0.0006895420864032,0.392226148409894,2.5495495495495497,0.0288214093547522,14.038,9.962,1.410790476190476,0.4150833333333333,0.2802800891041356,0.010354946250039,0.2619414634146341,0.2623061327017868,0.3656713469303143
graph_0111_mu_0_4_node_306,21,0.1,0.0008868018441197,0.389777604369879,2.5655655655655654,0.0232220966994898,7.277,13.723,0.5355980769230768,0.6534761904761903,0.3921274301482383,0.0142549892994982,0.4862490872210953,0.4867511122988662,0.2034627240082088
graph_0111_mu_0_4_node_782,18,0.0166666666666666,0.0006228268527383,0.3855654187572366,2.5935935935935936,0.0171697539926368,4.776,13.224,0.3668401598401598,0.7346666666666667,0.2571598295928575,0.0139660473472513,0.5827150988142292,0.5831987887098723,0.0729895859597451
graph_0111_mu_0_4_node_927,17,0.0588235294117647,0.0006040514423089,0.3833461243284727,2.6086086086086087,0.0187171214897908,4.868,12.132,0.4101076368076368,0.7136470588235294,0.2913013054398354,0.0126990618717853,0.5579058215697345,0.5583495892628515,0.1061491266433062
graph_0111_mu_0_4_node_364,54,0.1078431372549019,0.004512501367191,0.4436056838365897,2.254254254254254,0.0658112229005422,27.323,26.677,1.0254071906354516,0.4940185185185185,0.5787743799961165,0.0279987519020285,0.328113536865605,0.3290904274234421,0.5692407252686836
graph_0111_mu_0_4_node_65,27,0.0366666666666666,0.0015030556279785,0.4044534412955465,2.4724724724724725,0.0259325648701954,8.315,18.685,0.4479518078283944,0.6920370370370372,0.5564800302055517,0.0193986393129596,0.5298758352391479,0.5305593120979002,0.2125190271312656
graph_0111_mu_0_4_node_405,30,0.1586206896551724,0.0015116733000097,0.4020120724346076,2.4874874874874875,0.0270774582125252,16.266,13.734,1.1874560439560438,0.4578000000000001,0.5419582512935326,0.0141284378780643,0.2969941258094357,0.2974968849538275,0.6336507999511201
graph_0111_mu_0_4_node_917,24,0.0606060606060606,0.0010917270865533,0.3961141950832672,2.5245245245245247,0.0220525393001644,11.0,13.0,0.8526294915610706,0.5416666666666667,0.231146665220531,0.0138160005171064,0.3721190785659345,0.3725947961189412,0.1756248743464625
graph_0111_mu_0_4_node_576,20,0.0894736842105263,0.0008542090061087,0.3860123647604327,2.5905905905905904,0.0183076244392757,8.496,11.504,0.7576121933621932,0.5751999999999998,0.2046437685508531,0.0122064209183235,0.4057193803045305,0.4061402969061793,0.1500807377661899
graph_0111_mu_0_4_node_132,24,0.0952380952380952,0.0009522677212197,0.395017793594306,2.5315315315315314,0.0247538769625626,9.119,14.881,0.6139252747252747,0.6200416666666667,0.7319226747950506,0.015250250549616,0.4494981410746115,0.4500425810896028,0.3942116035559076
graph_0111_mu_0_4_node_435,20,0.065359477124183,0.0006886611976281,0.3810068649885583,2.6246246246246248,0.0173401576036372,8.343,11.657,0.7209216339216339,0.5828499999999999,0.3465781601807597,0.0121028979149707,0.4119680178265273,0.4123945287206034,0.2155309255037959
graph_0111_mu_0_4_node_934,23,0.0428571428571428,0.0009679204479249,0.3988023952095808,2.5075075075075075,0.0236483666169012,6.771,16.229,0.4190991946778711,0.7056086956521738,0.3145231159057971,0.0171501101426261,0.5457261381693945,0.5463197644198658,0.1116336509131434
graph_0111_mu_0_4_node_473,35,0.1529411764705882,0.001969355794368,0.4179916317991631,2.3923923923923924,0.0382802780304171,18.057,16.943,1.0662610294117647,0.4840857142857143,0.500599075379138,0.0175644394842252,0.3193659233847913,0.3199861634862878,0.5317623844781358
graph_0111_mu_0_4_node_645,25,0.0533333333333333,0.0014927382582349,0.4028225806451613,2.4824824824824825,0.0254323521503157,8.462,16.538,0.5169969040247678,0.66152,0.3178296576848728,0.0174781711145958,0.4955327857412895,0.4961377801759368,0.1603541276677746
graph_0111_mu_0_4_node_393,23,0.0632411067193675,0.0011168562690979,0.3983253588516746,2.5105105105105103,0.024183018249813,6.687,16.313,0.4191841208413189,0.7092608695652175,0.3116631993723288,0.0172808588667394,0.5527549820765895,0.553351669560881,0.0989201131517603
graph_0111_mu_0_4_node_630,16,0.125,0.0005130616847782,0.3737373737373737,2.675675675675676,0.0166094832097817,6.064,9.936,0.6121714285714285,0.621,0.2827802722619832,0.0103232643768947,0.4505863504611329,0.4509498559669505,0.1704006469639762
graph_0111_mu_0_4_node_828,23,0.1067193675889328,0.0008406678998326,0.3928430987023201,2.5455455455455454,0.0295182030865726,11.206,11.794,0.953292424242424,0.5127826086956521,0.2561873752019239,0.0123774090215084,0.3450232492997198,0.3454548618370448,0.2413177897805165
graph_0111_mu_0_4_node_169,21,0.0809523809523809,0.0009458710974703,0.3808616088448341,2.625625625625626,0.0162656407843932,9.556,11.444,0.8494191227889758,0.544952380952381,0.2266597425011471,0.0120790573981997,0.3759343494700425,0.3763531051726727,0.1801173255695943
graph_0111_mu_0_4_node_462,25,0.0866666666666666,0.0013913856703008,0.3978494623655914,2.5135135135135136,0.0219413562530502,8.757,16.243,0.5427590363068304,0.6497200000000001,0.4161664372135655,0.0170234654263735,0.4819468016526841,0.4825410249958149,0.2120601089408174
graph_0111_mu_0_4_node_784,20,0.0368421052631578,0.0008879037993944,0.3909980430528376,2.557557557557557,0.0194452425371953,4.665,15.335,0.3068373734109028,0.76675,0.2813556840072149,0.0162828215197001,0.6231175076131596,0.6236783642647256,0.0398323334539094
graph_0111_mu_0_4_node_269,24,0.0579710144927536,0.0012418644209605,0.3951740506329114,2.5305305305305303,0.0230539445661762,7.083,16.917,0.4216686180692373,0.704875,0.3345525237077259,0.0179383248067693,0.5452435246622122,0.5458623142030051,0.1066084938343215
graph_0111_mu_0_4_node_154,36,0.1777777777777777,0.0020312039983605,0.4143508917461634,2.413413413413413,0.0400492771015506,19.162,16.838,1.1400421460892043,0.4677222222222222,0.4742834851326783,0.0175009545688541,0.3053441526881865,0.3059606005645416,0.5358565592716016
graph_0111_mu_0_4_node_532,28,0.0687830687830687,0.0015038866515542,0.4059325477448192,2.463463463463464,0.0286895167436469,7.843,20.157,0.3932015307877536,0.7198928571428571,0.7821539089603329,0.0208724370789995,0.563707395654764,0.564444649823852,0.2822993565027488
graph_0111_mu_0_4_node_880,32,0.1241379310344827,0.0016956555162204,0.4077551020408163,2.4524524524524525,0.0297661100266865,14.142,17.858,0.7930692810457519,0.5580625,0.8784486285710782,0.0183008181774405,0.3871412335517001,0.3877947597837583,0.6393845292063
graph_0111_mu_0_4_node_832,26,0.1138461538461538,0.0011724402996397,0.4037995149555375,2.4764764764764764,0.0317769821701188,11.047,14.953,0.7393476190476188,0.5751153846153845,0.3947941067738018,0.0155641845352648,0.4036859649122806,0.4042331151938952,0.2902778780287245
graph_0111_mu_0_4_node_974,19,0.0760233918128654,0.0007730427084233,0.3849710982658959,2.5975975975975976,0.0191081436082994,6.224,12.776,0.4914984182484183,0.6724210526315789,0.2602518625611411,0.0134995665777935,0.507641339031339,0.5081087005451448,0.1112010952069157
graph_0111_mu_0_4_node_103,18,0.065359477124183,0.0006906763362398,0.3908450704225352,2.558558558558558,0.0203050851860717,5.978,12.022,0.5067393606393608,0.6678888888888888,0.2148826525144455,0.0127725655890963,0.5036909394952873,0.5041307212212841,0.0952984692110964
graph_0111_mu_0_4_node_82,36,0.1105169340463458,0.002249910032577,0.4211635750421585,2.374374374374374,0.0366077111905033,14.075,21.925,0.6425396566282017,0.6090277777777776,1.0332279323524085,0.0224420241246288,0.4379248967089146,0.4387271346943369,0.612619515869698
graph_0111_mu_0_4_node_746,16,0.0333333333333333,0.0005033394903299,0.3899297423887587,2.5645645645645647,0.0189126297665707,2.873,13.127,0.2210962370962371,0.8204375,0.3771478623549622,0.0136620555501085,0.6970345864661653,0.6975146648340309,0.0595628584700728
graph_0111_mu_0_4_node_22,29,0.0763546798029556,0.0017782568356689,0.4062627084180561,2.4614614614614614,0.0267370324570947,10.127,18.873,0.5373141167870655,0.6507931034482758,0.927877847460926,0.0193417433424935,0.4824969565696168,0.4831873990826522,0.4907556405785107
graph_0111_mu_0_4_node_196,26,0.1169230769230769,0.0011567306606667,0.4042897612302711,2.4734734734734736,0.032989558585462,13.097,12.903,1.016378787878788,0.4962692307692308,0.2945310435355457,0.0135178157324451,0.3301113821138211,0.3305836262408558,0.2961339135816708
graph_0111_mu_0_4_node_723,18,0.0522875816993464,0.000722858399512,0.3860123647604327,2.5905905905905904,0.0170957940139731,4.787,13.213,0.3675714285714285,0.7340555555555556,0.2631249239225234,0.0140032514798195,0.5818181818181818,0.5823014701366124,0.0790912120406371
graph_0111_mu_0_4_node_190,22,0.0865800865800865,0.0009929044182041,0.3920722135007849,2.5505505505505504,0.0213651804930148,8.076,13.924,0.5809084249084249,0.632909090909091,0.3529940712035931,0.0146008155259663,0.4631118279569892,0.4636212340219175,0.2037923412666353
graph_0111_mu_0_4_node_378,21,0.0619047619047619,0.0009400705864086,0.3937721718565234,2.53953953953954,0.0217544581323783,7.055,13.945,0.5066737556561086,0.664047619047619,0.2735759463461276,0.0147431339226413,0.4972305747126436,0.4977407105808469,0.1372054227242311
graph_0111_mu_0_4_node_540,44,0.1046511627906976,0.0032154621928294,0.4410596026490066,2.267267267267268,0.0546618867672538,21.109,22.891,0.9228993788819874,0.5202499999999999,0.5222264626176597,0.0239820481469637,0.3516377028882735,0.3524756885206229,0.4794768916414192
graph_0111_mu_0_4_node_957,25,0.1366666666666666,0.0011286187483571,0.3969010727056019,2.51951951951952,0.0265114664479745,11.044,13.956,0.792022560772561,0.5582400000000003,0.6576034532938365,0.0142853188360419,0.3872586655481393,0.3877693527695715,0.5175341518442662
graph_0111_mu_0_4_node_954,26,0.0769230769230769,0.001477798055906,0.3961141950832672,2.5245245245245247,0.0229468522384472,10.098,15.902,0.635682142857143,0.6116153846153843,0.6248449575660436,0.016361588584925,0.4406266793108899,0.4412084940514918,0.3935445655540468
graph_0111_mu_0_4_node_355,30,0.1448275862068965,0.0014232696852934,0.4157303370786517,2.4054054054054053,0.0430789034722253,13.091,16.909,0.7753453458306401,0.5636333333333332,0.3670389737044933,0.0177459772449541,0.3925153894646396,0.3931341603333027,0.2825851900222697
graph_0111_mu_0_4_node_35,20,0.131578947368421,0.0008490487634351,0.3820267686424474,2.6176176176176176,0.0165096756024476,10.011,9.989,1.0025555555555556,0.49945,0.3916751845632484,0.0102787589913148,0.3328655913978494,0.3332311410732926,0.3919210783253991
graph_0111_mu_0_4_node_25,34,0.0826612903225806,0.0021927554481824,0.415211970074813,2.4084084084084085,0.0333047041874668,13.335,20.665,0.646970864661654,0.6077941176470587,0.79141054808069,0.0214088925519215,0.4368199010209648,0.4375760283411811,0.4641351117312921
graph_0111_mu_0_4_node_193,35,0.0857142857142857,0.0022456531841627,0.4242038216560509,2.3573573573573574,0.0438260853894323,16.137,18.863,0.8563588536291707,0.5389428571428571,0.4305956107470963,0.0197613854778599,0.3689504263155762,0.3696408068317844,0.3656583464744397
graph_0111_mu_0_4_node_599,15,0.0476190476190476,0.0004956426960433,0.375281743050338,2.664664664664665,0.0137434630856937,4.605,10.395,0.4469545454545454,0.6929999999999997,0.1841852081051219,0.0110496437969525,0.5313997493734337,0.5317799994857358,0.073386443375322
graph_0111_mu_0_4_node_852,21,0.1380952380952381,0.0007686817419376,0.3869093725793958,2.5845845845845847,0.0231787514173439,9.068,11.932,0.7610409090909092,0.568190476190476,0.352836870919533,0.012368954201508,0.3969487903225807,0.3973853830990655,0.2658972075197121
graph_0111_mu_0_4_node_560,38,0.1825396825396825,0.002003062195866,0.4133223003723624,2.41941941941942,0.0402478946372939,22.066,15.934,1.3860711538461536,0.419315789473684,0.4483403291663981,0.0165624067527488,0.2653126058690707,0.265896101668306,0.5907989374977172
graph_0111_mu_0_4_node_498,25,0.1633333333333333,0.001208277820781,0.3986432561851556,2.5085085085085086,0.0245945369672085,11.057,13.943,0.7941593129093131,0.5577200000000002,0.6573789762502563,0.0142713038945624,0.3867929398738129,0.3873031519753034,0.5179875690961296
graph_0111_mu_0_4_node_280,18,0.0130718954248366,0.0007976937894372,0.390234375,2.5625625625625625,0.0178991983247386,3.8,14.2,0.2689662087912087,0.788888888888889,0.2477341099923386,0.0150989944756524,0.6521658949745908,0.6526852302127011,0.0449574384745208
graph_0111_mu_0_4_node_783,32,0.1491935483870967,0.00181272175552,0.411619283065513,2.4294294294294296,0.034365310275886,15.051,16.949,0.8886721827192419,0.52965625,0.7986159608753979,0.0173486655173736,0.3602769080398117,0.3608972310438141,0.705829934458181
graph_0111_mu_0_4_node_938,30,0.0712643678160919,0.0017278988417238,0.4164235097957482,2.4014014014014013,0.03660306169238,11.066,18.934,0.5849245356037154,0.6311333333333331,0.4318455801054716,0.0198366500215485,0.4611440431378039,0.4618367635293359,0.2510701877653392
graph_0111_mu_0_4_node_185,20,0.0578947368421052,0.0008929004900886,0.392226148409894,2.5495495495495497,0.0195143735913197,6.855,13.145,0.5266484985602633,0.65725,0.2337394078494993,0.0139485145425119,0.4906701789520381,0.491151054302248,0.1103996533033598
graph_0111_mu_0_4_node_278,27,0.0566666666666666,0.0013841890471151,0.3988023952095808,2.5075075075075075,0.0229002875301082,11.858,15.142,0.7858615826897563,0.5608148148148148,0.2980594366565747,0.0160062750317574,0.3900066053971703,0.3905606993320657,0.2114694189092503
graph_0111_mu_0_4_node_87,18,0.065359477124183,0.0007412589414157,0.3808616088448341,2.625625625625626,0.0155704463008958,6.836,11.164,0.6170016983016983,0.6202222222222221,0.2188926879061919,0.0117904246182173,0.4503659932471328,0.4507744284845576,0.1328723266173909
graph_0111_mu_0_4_node_874,18,0.065359477124183,0.0007423059854252,0.3801369863013699,2.630630630630631,0.0159228391819907,7.719,10.281,0.808237062937063,0.5711666666666667,0.2346722813294281,0.0107880420779569,0.4082499663854386,0.4086261197388132,0.1428879918771083
graph_0111_mu_0_4_node_771,31,0.1871921182266009,0.0012620319363798,0.4037995149555375,2.4764764764764764,0.0357315018176871,20.154,10.846,1.86225505050505,0.3498709677419354,0.2865140373664601,0.011289451617774,0.2120946969337647,0.21249189058413,0.5043780681010127
graph_0111_mu_0_4_node_833,24,0.0942028985507246,0.001180019164003,0.3959571938168846,2.5255255255255253,0.0226271023919083,8.218,15.782,0.5223703296703296,0.6575833333333333,0.4306431860648659,0.0164569848563885,0.4901907053730582,0.490768052116455,0.22012623400605
graph_0111_mu_0_4_node_71,20,0.1789473684210526,0.0005646197238986,0.3929976396538159,2.5445445445445447,0.0297135116897654,12.018,7.982,1.5064285714285717,0.3991,0.1730386123424827,0.0083780354429244,0.2493181818181818,0.2496103492353683,0.2599626984286685
graph_0111_mu_0_4_node_198,28,0.0634920634920634,0.0017789066223848,0.4075887392900856,2.4534534534534536,0.0266866907905358,10.124,17.876,0.5692730703861878,0.6384285714285715,0.3169986775366362,0.018972021522847,0.4694832098768217,0.4701372004915906,0.1792892970022523
graph_0111_mu_0_4_node_409,33,0.1363636363636363,0.0018493904693466,0.4233050847457627,2.3623623623623624,0.0475558970547091,15.164,17.836,0.8520818627450982,0.5404848484848482,0.3872168987096373,0.0187188323536207,0.3704794357743097,0.3711322058633788,0.3272803737152893
graph_0111_mu_0_4_node_892,39,0.0945945945945946,0.0026418670584282,0.4256497656582871,2.349349349349349,0.0427903837852955,16.122,22.878,0.7054104802520133,0.5866153846153845,0.6509647436418552,0.0237695835736843,0.4151335607562021,0.4159707651470441,0.4277094574598525
graph_0111_mu_0_4_node_690,14,0.0219780219780219,0.000484790526419,0.3713754646840149,2.6926926926926926,0.0125675952527073,3.405,10.595,0.329529797979798,0.7567857142857142,0.2125526265301351,0.0112001370897014,0.6125210354317165,0.6129085631095192,0.0314531321670352
graph_0111_mu_0_4_node_947,23,0.0869565217391304,0.001096155105359,0.3984842441164739,2.5095095095095097,0.0257751855943829,7.845,15.155,0.5191626373626372,0.658913043478261,0.4274576785073317,0.0157521849878946,0.4916879887585534,0.4922423958232438,0.2176167561231056
graph_0111_mu_0_4_node_693,21,0.1666666666666666,0.0007011825141782,0.3965859468042874,2.521521521521521,0.0302349813826357,11.028,9.972,1.1065333333333331,0.4748571428571428,0.2161981297229542,0.0104667267568977,0.3113863636363636,0.311751318535757,0.2385003303466259
graph_0111_mu_0_4_node_363,16,0.1083333333333333,0.0005089087872935,0.3724832214765101,2.684684684684685,0.0127163094820051,8.562,7.438,1.1702943722943726,0.464875,0.144359352856456,0.0078566482463404,0.3041141374567462,0.3043863270598915,0.1512731011329208
graph_0111_mu_0_4_node_32,36,0.1619047619047619,0.0021588796572844,0.4274711168164313,2.339339339339339,0.0466819457635932,16.119,19.881,0.8117379256965946,0.55225,0.5598081956153267,0.0206641670249179,0.3815478245025416,0.3822754353518134,0.4510791250223459
graph_0111_mu_0_4_node_291,21,0.0571428571428571,0.0010578001369118,0.3925343811394892,2.5475475475475475,0.0193872107913933,7.18,13.82,0.523555059646236,0.6580952380952381,0.4088812329846445,0.0143522769739741,0.4914034174724052,0.4919089858338684,0.2092104999927905
graph_0111_mu_0_4_node_292,42,0.1243589743589743,0.0027907789052604,0.4236641221374045,2.36036036036036,0.0461524999396513,20.23,21.77,0.9306011164274318,0.5183333333333333,0.6203430686108546,0.0226170802232165,0.3499350844048424,0.350732013771908,0.5434896220515142
graph_0111_mu_0_4_node_113,25,0.0553359683794466,0.0011687516387392,0.4077551020408163,2.4524524524524525,0.0276048969160647,8.544,16.456,0.5206617647058824,0.65824,0.4697856914637917,0.0170841010583459,0.4909243697478992,0.4915263726735639,0.2113479040914273
graph_0111_mu_0_4_node_251,27,0.07,0.001286285948703,0.3994402239104358,2.503503503503504,0.0279227186539635,11.086,15.914,0.6982025533290239,0.5894074074074073,0.4530165568230677,0.0165336532229538,0.4180338597113949,0.4186161549110619,0.2850236860359954
graph_0111_mu_0_4_node_23,18,0.0261437908496732,0.0007666027535546,0.3884136858475894,2.5745745745745747,0.0170005729574115,4.702,13.298,0.3563296703296704,0.7387777777777776,0.2614469217426254,0.0141038591299858,0.5869373235460191,0.5874237175068261,0.057719440392316
graph_0111_mu_0_4_node_619,24,0.1050724637681159,0.0010349678811596,0.3881118881118881,2.5765765765765765,0.0208219515713065,10.255,13.745,0.7484219780219779,0.5727083333333334,0.5427839340712025,0.0141393396603252,0.4015275836650451,0.4020305239907483,0.392274436078286
graph_0111_mu_0_4_node_590,18,0.0583333333333333,0.0006490547125145,0.3744377811094452,2.670670670670671,0.0132774885971695,8.32,9.68,0.8762657342657344,0.5377777777777778,0.2839645187790465,0.0100588996525666,0.3696084886128364,0.3699626869886355,0.2184416846081333
graph_0111_mu_0_4_node_454,21,0.1095238095238095,0.0008786299607415,0.3929976396538159,2.5445445445445447,0.0221685531282902,7.169,13.831,0.5228608391608391,0.6586190476190474,0.6829689181245648,0.0141696911781246,0.491787958843159,0.4922939292220031,0.3442986736157761
graph_0111_mu_0_4_node_279,49,0.1202590194264569,0.0037962943140309,0.4406704896338774,2.269269269269269,0.0541128622135979,25.217,23.783,1.0614472002635045,0.4853673469387754,0.6774115687580626,0.0247088385529013,0.3205211518400993,0.3213920245874412,0.6851242642125154
graph_0111_mu_0_4_node_836,24,0.0797101449275362,0.0012532687935354,0.3986432561851556,2.5085085085085086,0.0223809638335158,8.018,15.982,0.5019384615384616,0.6659166666666665,0.6267057874701629,0.0164453120311326,0.4992051948051947,0.4997898460951309,0.3135553298468714
graph_0111_mu_0_4_node_650,28,0.1323076923076923,0.0013010507983175,0.3903868698710434,2.561561561561561,0.021866033421875,13.444,14.556,0.9261384615384618,0.5198571428571429,0.4115318929201555,0.0151170828263691,0.3514341944687945,0.3519669183361711,0.3547434020794659
graph_0111_mu_0_4_node_999,19,0.0584795321637426,0.0007273529347356,0.3854166666666667,2.5945945945945947,0.0190846862117906,8.371,10.629,0.8057705502830504,0.5594210526315789,0.1891506709760945,0.0112789460089238,0.3908958374192856,0.3912847470895325,0.128210905882114
graph_0111_mu_0_4_node_549,18,0.0718954248366013,0.0006557579791443,0.3799923925446938,2.6316316316316315,0.0163173907125762,7.425,10.575,0.7093224775224776,0.5874999999999999,0.1870962984014726,0.0112416964064243,0.4169426492348233,0.4173295603905259,0.1299774499694149
graph_0111_mu_0_4_node_740,28,0.1005291005291005,0.0013895922899555,0.4054383116883117,2.4664664664664664,0.0308484284975342,12.051,15.949,0.75595,0.5696071428571426,0.4710716848382161,0.0165345125563583,0.398258536585366,0.398842153534613,0.354190081548487
graph_0111_mu_0_4_node_625,24,0.1688311688311688,0.0008334674209601,0.3861615771163509,2.5895895895895897,0.0221969854470519,12.027,11.973,1.005272727272727,0.498875,0.5638906973837973,0.0122557399424482,0.3323793266951161,0.3328175140182964,0.5176661971621581
graph_0111_mu_0_4_node_618,25,0.06,0.0013280271888625,0.4018503620273532,2.4884884884884886,0.0258405939841913,8.178,16.822,0.5034956357711776,0.6728799999999999,0.2996889267395844,0.0178758977811635,0.5114550455998063,0.5120704011525344,0.1397329274690678
graph_0111_mu_0_4_node_993,20,0.2105263157894736,0.0005964245416207,0.389018691588785,2.5705705705705704,0.0261474164409266,10.027,9.973,1.0062777777777778,0.49865,0.2632635333276847,0.0103807909609515,0.3321854838709677,0.3325504485779797,0.2638884714686508
graph_0111_mu_0_4_node_924,28,0.119047619047619,0.0014735813369245,0.4034733441033926,2.4784784784784786,0.0309764100502186,12.068,15.932,0.7583705128205129,0.5689999999999997,0.4710301332191154,0.0165154542441561,0.3977202117602572,0.3983032074527707,0.3542944293685968
graph_0111_mu_0_4_node_976,41,0.1182926829268292,0.0027965891436374,0.4222316145393068,2.3683683683683685,0.0458476026982033,19.136,21.864,0.8766820814849063,0.5332682926829271,0.5777691715973778,0.0227566171984843,0.3636864209850756,0.3644867245211549,0.5027012675386708
graph_0111_mu_0_4_node_337,32,0.0504032258064516,0.0024045699678016,0.4134933774834437,2.4184184184184185,0.0283689876526143,12.246,19.754,0.6276069270129521,0.6173125,0.3503952450147523,0.0209966951130266,0.4477334540069099,0.4484562090758013,0.2123070079955607
graph_0111_mu_0_4_node_555,19,0.0350877192982456,0.0008947508174378,0.3916111328890631,2.5535535535535536,0.0183592766525635,3.599,15.401,0.2370124811463046,0.8105789473684211,0.358520637903812,0.0161409744098274,0.6836269057029927,0.6841901303792562,0.0450496880404181
graph_0111_mu_0_4_node_910,22,0.0692640692640692,0.001074576132914,0.3812977099236641,2.6226226226226226,0.0147991298704796,11.598,10.402,1.146691980894922,0.4728181818181817,0.176003336809651,0.0110740076930929,0.3118353573600989,0.3122160521010837,0.1539472457168378
graph_0111_mu_0_4_node_147,22,0.0995670995670995,0.0008677777753533,0.3951740506329114,2.5305305305305303,0.0226912125381983,9.181,12.819,0.7188076923076921,0.5826818181818182,0.4908147258389204,0.013280459100964,0.4114287634408601,0.4118977997038492,0.3434406549847227
graph_0111_mu_0_4_node_956,18,0.0392156862745098,0.0007982776612825,0.3848228043143297,2.5985985985985987,0.0166250364535576,3.214,14.786,0.2185744505494506,0.8214444444444446,0.2687898780651,0.0156752859342251,0.697724054206663,0.6982647865160315,0.0388508505165768
graph_0111_mu_0_4_node_377,31,0.0795698924731182,0.0018766088182243,0.4208087615838247,2.3763763763763763,0.0384949855197034,11.18,19.82,0.5650599802201582,0.6393548387096775,0.452717277795821,0.0207632893060207,0.4700726692024973,0.4707977868813383,0.2513709944324035
graph_0111_mu_0_4_node_799,21,0.0428571428571428,0.0010548933575648,0.3882627283326856,2.575575575575576,0.0182896983347972,7.307,13.693,0.5645515734265735,0.6520476190476189,0.3437603287440588,0.0143145872247887,0.4923161809417872,0.4928170953752353,0.1514620081384271
graph_0111_mu_0_4_node_152,50,0.1085714285714285,0.0041704737115982,0.4459821428571429,2.2422422422422423,0.0620822977336956,25.955,24.045,1.081045940774202,0.4809000000000001,0.5214799956040163,0.0252371905995936,0.3166585354747515,0.317539040710159,0.5610195367837059
graph_0111_mu_0_4_node_141,24,0.0688405797101449,0.0011850224708125,0.4012048192771084,2.4924924924924925,0.0258697279895532,8.098,15.902,0.5098747252747253,0.6625833333333333,0.6251407423591939,0.0163610860460163,0.4955585943468296,0.4961403239432398,0.3136391468653517
graph_0111_mu_0_4_node_286,24,0.1231884057971014,0.0010655895337518,0.3940828402366864,2.537537537537537,0.0236474766689819,9.345,14.655,0.6410945054945053,0.610625,0.5575823694267464,0.0151662886171723,0.439998981410746,0.4405351651693479,0.3407054423464452
graph_0111_mu_0_4_node_694,27,0.0666666666666666,0.0013196457546381,0.3964285714285714,2.5225225225225225,0.0251770008393183,10.804,16.196,0.6722420814479637,0.5998518518518519,0.3280247193130045,0.0171173939781997,0.4292208735545064,0.4298134664459601,0.1985607547712022
graph_0111_mu_0_4_node_54,26,0.1076923076923077,0.0011825711701666,0.4029850746268656,2.4814814814814814,0.0343849131653209,10.054,15.946,0.6312130952380953,0.6133076923076921,0.3458401271695889,0.0167364709240402,0.4423832780148571,0.4429666997869398,0.2172622438367938
graph_0111_mu_0_4_node_140,34,0.0819964349376114,0.0022193500438832,0.4145228215767635,2.4124124124124124,0.0317479021980948,15.239,18.761,0.8132690058479531,0.5517941176470587,0.739071910534682,0.0193013964903678,0.3811248979591836,0.3818115025962929,0.587994194262096
graph_0111_mu_0_4_node_808,37,0.1381381381381381,0.0020360627904214,0.4240237691001697,2.3583583583583585,0.05103332119149,20.101,16.899,1.1905723039215683,0.4567297297297298,0.3666987207728694,0.0177361099151962,0.296000051267854,0.296618773968789,0.4333870693933482
graph_0111_mu_0_4_node_812,46,0.1331923890063425,0.0031348700910158,0.4324675324675324,2.3123123123123124,0.0550233690576636,21.737,24.263,0.8972397113997113,0.5274565217391304,0.684296423947409,0.0252184878774473,0.358309613133642,0.3591978198932081,0.5795216030765147
graph_0111_mu_0_4_node_875,28,0.0738461538461538,0.0013471718011425,0.4064279902359642,2.4604604604604603,0.0274075740438355,10.342,17.658,0.587025816993464,0.6306428571428572,0.4843085662684155,0.0184083934908281,0.4607891971956158,0.461435229056635,0.2508768086151237
graph_0111_mu_0_4_node_649,24,0.0760869565217391,0.0012867622029924,0.3983253588516746,2.5105105105105103,0.0239118431406726,8.372,15.628,0.5396758309801652,0.6511666666666667,0.3090669635257725,0.0164968582146671,0.4836034529212635,0.4841751741724741,0.1499759429576038
graph_0111_mu_0_4_node_370,18,0.0196078431372549,0.0006782778870436,0.388715953307393,2.5725725725725725,0.0184120789070078,5.953,12.047,0.4973461538461539,0.6692777777777777,0.1997629454878545,0.0128409013901654,0.5037539130434783,0.5041946104395234,0.0196028959302019
graph_0111_mu_0_4_node_184,33,0.053030303030303,0.0023293414690322,0.4167709637046308,2.3993993993994,0.0319553476657366,11.024,21.976,0.5017654135338345,0.6659393939393937,0.8617295973385046,0.022613210518094,0.4992100524205982,0.5000139759567576,0.4311579715455838
graph_0111_mu_0_4_node_64,26,0.144927536231884,0.0010662431903654,0.390539483971853,2.5605605605605604,0.0270695295919109,14.034,11.966,1.1735212121212122,0.4602307692307693,0.3158599554753019,0.0124553639879521,0.2989279907084784,0.2993659863232557,0.3432167990809255
graph_0111_mu_0_4_node_867,23,0.067193675889328,0.0009717495870761,0.3967434471803018,2.5205205205205203,0.0273514815864877,6.997,16.003,0.438404917386535,0.6957826086956519,0.5668317388761973,0.0165378292621866,0.5337785389249239,0.5343639136743937,0.2131641924098884
graph_0111_mu_0_4_node_843,32,0.1209677419354838,0.001984377595773,0.4052738336713996,2.4674674674674675,0.0264089119566438,15.304,16.696,0.9183686274509804,0.52175,0.4254808509839077,0.0175021099882993,0.3530965407439572,0.3537076204426023,0.3845911349947704
graph_0111_mu_0_4_node_963,57,0.105050505050505,0.005238957119708,0.4542974079126876,2.201201201201201,0.066726771843729,28.208,28.792,0.9804363092080332,0.505122807017544,0.6571604667025868,0.0301639035407992,0.3379540837178849,0.3390084111086295,0.618156653409213
graph_0111_mu_0_4_node_50,23,0.1146245059288537,0.0010649488759082,0.4012048192771084,2.4924924924924925,0.0262312254646192,9.531,13.469,0.7156487345987346,0.585608695652174,0.2749841980308188,0.0142310630433287,0.4150545252949665,0.4155473432008969,0.1846731841300758
graph_0111_mu_0_4_node_881,16,0.05,0.0005267114736165,0.3817348108521207,2.61961961961962,0.0160446578662083,3.441,12.559,0.279474925074925,0.7849375,0.2773170187348982,0.0131954212739779,0.6486091592617909,0.6490684921536106,0.0710393153448839
graph_0111_mu_0_4_node_506,19,0.0467836257309941,0.0008102919743975,0.383935434281322,2.6046046046046047,0.0173274376481174,5.58,13.42,0.4244750771287535,0.7063157894736841,0.2672342462844863,0.014222715320404,0.54865574736053,0.5491466302356883,0.1002058741876545
graph_0111_mu_0_4_node_209,27,0.1168091168091168,0.0012154901499475,0.4104354971240756,2.4364364364364364,0.0349927718245993,11.882,15.118,0.7873418956043958,0.5599259259259258,0.3988338825773618,0.0157368812251979,0.3889792464275135,0.3895324643022615,0.3127093107479317
graph_0111_mu_0_4_node_673,42,0.1196283391405342,0.0030760996100325,0.4332176929748482,2.3083083083083085,0.0470486054136693,19.057,22.943,0.8308996047430827,0.5462619047619047,0.6776062566016832,0.0237852012949803,0.3757901683412655,0.3766299302650592,0.5608941025958517
graph_0111_mu_0_4_node_663,30,0.0264550264550264,0.0017918745797192,0.4095940959409594,2.4414414414414414,0.0297223327633934,9.717,20.283,0.4851051927219817,0.6760999999999999,0.3595233400920948,0.0215569926285321,0.512408024829988,0.5131499833840824,0.1514387233501075
graph_0111_mu_0_4_node_908,28,0.1323076923076923,0.0012916016300983,0.3947056499407348,2.5335335335335336,0.0254113750575969,15.056,12.944,1.164351048951049,0.4622857142857144,0.5078856764313209,0.0133186854096593,0.3006849199783477,0.3011587320121213,0.5501704342906363
graph_0111_mu_0_4_node_126,43,0.1040974529346622,0.0032623018553531,0.4414494034467521,2.265265265265265,0.0558986648886835,18.076,24.924,0.7256156559382647,0.579627906976744,0.540479981394098,0.0261597437162693,0.4081263797442936,0.4090385186128141,0.3904830794917965
graph_0111_mu_0_4_node_4,21,0.0047619047619047,0.0010653003565043,0.3975328292877039,2.5155155155155158,0.0213776332901691,3.661,17.339,0.2123272187822497,0.8256666666666669,0.3286052451814945,0.0183437695551115,0.7039399739873652,0.704574032225625,0.0352088154761147
graph_0111_mu_0_4_node_374,27,0.1111111111111111,0.0013724630115391,0.3986432561851556,2.5085085085085086,0.0268234063850402,10.996,16.004,0.687565231092437,0.5927407407407408,0.4549547650637368,0.0166177025426338,0.421267583199162,0.421853166277198,0.2976180261481179
graph_0111_mu_0_4_node_904,25,0.09,0.0012683327467507,0.4018503620273532,2.4884884884884886,0.0250179457250954,10.171,14.829,0.6931223739495799,0.5931600000000001,0.3771560629761452,0.0155536260052453,0.4227429759782702,0.4232855530134302,0.2278883489534592
graph_0111_mu_0_4_node_467,21,0.0467836257309941,0.0007948320486002,0.3878105590062112,2.578578578578578,0.0194740079359216,8.208,12.792,0.6609614510489511,0.6091428571428571,0.2958926227534423,0.0134072541647221,0.4415377679853208,0.442005776210705,0.1651288039584657
graph_0111_mu_0_4_node_160,18,0.0522875816993464,0.000694441437178,0.383935434281322,2.6046046046046047,0.0171943046041087,6.43,11.57,0.5668472527472528,0.6427777777777776,0.1941041910801676,0.0123218034155456,0.4764514450766626,0.4768747121308179,0.0924122678565741
graph_0111_mu_0_4_node_877,28,0.1058201058201058,0.0015072971783953,0.4012048192771084,2.4924924924924925,0.0265053477518872,12.454,15.546,0.806706993006993,0.5552142857142855,0.5572497807971749,0.0160565407855108,0.384855486229281,0.3854243789112789,0.4328448429827463
graph_0111_mu_0_4_node_285,26,0.0905797101449275,0.0011773950103396,0.3954869358669833,2.5285285285285286,0.0231656936140932,12.662,13.338,0.958408658008658,0.513,0.36932195854491,0.0138978209387613,0.3456837109253026,0.346171849822773,0.3114052404213301
graph_0111_mu_0_4_node_859,21,0.1052631578947368,0.000658081535747,0.3837879369957741,2.6056056056056054,0.0192551761574544,9.131,11.869,0.7730734848484848,0.5651904761904759,0.5855712729694402,0.0121603831675236,0.3942638368983958,0.3946981268339334,0.3936759255966103
graph_0111_mu_0_4_node_789,25,0.12,0.0011123283623419,0.3996,2.5025025025025025,0.0290627470524243,10.06,14.94,0.6739743589743589,0.5975999999999999,0.420344753860356,0.0155293277975525,0.4262097812097812,0.4267564165410879,0.2813228395833472
graph_0111_mu_0_4_node_830,29,0.0886699507389162,0.001557812669315,0.4049452776651804,2.4694694694694697,0.0296752546204628,9.276,19.724,0.4718261910904713,0.6801379310344831,0.7022252493011449,0.0203784128955548,0.5156636930090835,0.5163851999955857,0.3198121785382993
graph_0111_mu_0_4_node_308,22,0.1052631578947368,0.0006217573287109,0.3896255850234009,2.5665665665665665,0.0282586059091726,11.032,10.968,1.0065777777777778,0.4985454545454545,0.2378367746750377,0.0115118545352645,0.3320873949579831,0.3324887868796291,0.217037134958185
graph_0111_mu_0_4_node_324,21,0.0714285714285714,0.0007967200724997,0.3945497630331753,2.5345345345345347,0.0263751663694504,9.029,11.971,0.7546454545454544,0.5700476190476189,0.259549765743929,0.012564754277584,0.3986931451612904,0.3991311632659733,0.1952602024951542
graph_0111_mu_0_4_node_755,17,0.0661764705882353,0.0005755172507835,0.3775510204081632,2.6486486486486487,0.0162257813375795,7.145,9.855,0.7337435564435564,0.5797058823529411,0.1950541793021574,0.010402331578415,0.4094185272376577,0.4097790973157405,0.1314568181451375
graph_0111_mu_0_4_node_36,15,0.0476190476190476,0.0005267787614135,0.3741573033707865,2.6726726726726726,0.0129428473908434,5.184,9.816,0.5347527056277056,0.6543999999999999,0.1648153159677606,0.0104532008482058,0.4878335116447245,0.4881926041614031,0.0577002741424534
graph_0111_mu_0_4_node_119,24,0.1050724637681159,0.0011801676977516,0.3920722135007849,2.5505505505505504,0.0208532615338355,9.997,14.003,0.7142813186813186,0.5834583333333333,0.3981744958010546,0.0145398866065403,0.4119392920804686,0.4124516591092285,0.2555317628504762
graph_0111_mu_0_4_node_224,28,0.1481481481481481,0.0011549093478324,0.4075887392900856,2.4534534534534536,0.0370692913695615,13.112,14.888,0.8824993006993009,0.5317142857142856,0.3935714854606447,0.0154955058245539,0.3622722723548589,0.3628171273659211,0.3434959253350018
graph_0111_mu_0_4_node_668,24,0.108695652173913,0.000970388676031,0.4056029232643118,2.4654654654654653,0.0334210239872366,10.052,13.948,0.7214905094905093,0.5811666666666666,0.3181599658465557,0.0146128858926793,0.4097002952532365,0.4102106527696282,0.2279026892102693
graph_0111_mu_0_4_node_474,22,0.0995670995670995,0.0008768221505179,0.3933070866141732,2.5425425425425425,0.0253491737413899,10.036,11.964,0.8394000000000001,0.5438181818181815,0.3158198239544273,0.0124532651291552,0.3735049019607843,0.3739426962756992,0.2638516950715664
graph_0111_mu_0_4_node_11,40,0.0981507823613086,0.0025090498164569,0.4243840271877655,2.3563563563563563,0.0427149877061232,18.474,21.526,0.8614273182957395,0.5381499999999999,0.7692141248308246,0.022236154982785,0.3684229247907306,0.3692108260533471,0.6102135931477799
graph_0111_mu_0_4_node_274,24,0.0543478260869565,0.0013349085290369,0.3920722135007849,2.5505505505505504,0.0198943016247131,8.192,15.808,0.5202932126696833,0.6586666666666665,0.2652525018051225,0.0168339036264348,0.4915003918282855,0.4920786877798208,0.120646980383309
graph_0111_mu_0_4_node_404,37,0.1831831831831832,0.0021022729602417,0.4247448979591837,2.354354354354354,0.0502099745560769,21.04,15.96,1.3187107142857144,0.4313513513513513,0.3460046896172393,0.0167517779962096,0.2749985193843756,0.2755829231001718,0.4552485499378203
graph_0111_mu_0_4_node_761,17,0.0661764705882353,0.0005543158708868,0.386609907120743,2.5865865865865865,0.0202481555539385,5.081,11.919,0.4275449494949496,0.7011176470588233,0.1973876826452376,0.012704635676651,0.5400987615283266,0.5405347515158277,0.0834222409755124
graph_0111_mu_0_4_node_931,43,0.1134146341463414,0.0032304794604587,0.4302325581395348,2.324324324324324,0.0459462566035398,20.183,22.817,0.88828170995671,0.5306279069767442,0.645091241479166,0.0237152250048356,0.3614755742241629,0.3623107931633733,0.5344722504098295
graph_0111_mu_0_4_node_399,31,0.1139784946236559,0.0017944594293264,0.4122988031366075,2.4254254254254253,0.0335980458661654,12.976,18.024,0.7204960010319915,0.5814193548387098,0.5069944606421162,0.0187359417733951,0.4099365219433976,0.4105960631085961,0.3633609266043041
graph_0111_mu_0_4_node_659,23,0.0869565217391304,0.0010701562183063,0.3973747016706443,2.5165165165165164,0.0229283181188324,8.04,14.96,0.5381033633033633,0.6504347826086957,0.5299142001764037,0.0154600067727251,0.482076993436671,0.4826242792110813,0.2831695279149205
graph_0111_mu_0_4_node_1,32,0.2574712643678161,0.0012654660954628,0.4010437575270975,2.4934934934934936,0.0305913397886522,21.072,10.928,1.9345027417027425,0.3415,0.5159538181795373,0.0111845949070615,0.2059857981144973,0.2063860202614011,0.9417967788171856
graph_0111_mu_0_4_node_864,35,0.1079545454545454,0.0021552432022285,0.4119587628865979,2.4274274274274275,0.0353003711237943,14.325,20.675,0.6949153766769864,0.5907142857142855,1.017923623950206,0.0211875288916356,0.4194229053595315,0.4201794528443902,0.6467966136120793
graph_0111_mu_0_4_node_368,43,0.1268292682926829,0.0029068016991201,0.428204029147021,2.335335335335335,0.0464391342616834,22.095,20.905,1.057442230576441,0.4861627906976744,0.6178783681741639,0.0216713323929108,0.3211778798316112,0.3219432738469732,0.6212234942947841
graph_0111_mu_0_4_node_728,22,0.0303030303030303,0.0011135593635344,0.3956435643564356,2.5275275275275275,0.0214273441939102,7.63,14.37,0.5346051641169287,0.6531818181818182,0.2557474705936681,0.0152476586581815,0.485871951107435,0.4863976465957857,0.0883667396628371
graph_0111_mu_0_4_node_434,38,0.1682539682539682,0.0020404099738454,0.4195716085678286,2.3833833833833835,0.0429830886403945,20.326,17.674,1.152383333333333,0.4651052631578948,0.4986167445710827,0.0183687935354737,0.3031414869392201,0.303788576263381,0.5405225220930325
graph_0111_mu_0_4_node_900,20,0.1631578947368421,0.000695656330844,0.3786959818043973,2.640640640640641,0.0173428172288228,11.473,8.527,1.3699126984126984,0.42635,0.3410404677727783,0.0087670926988947,0.2717452520597682,0.2720573470336374,0.4371673961083578
graph_0111_mu_0_4_node_979,23,0.0474308300395256,0.0011607128628192,0.3988023952095808,2.5075075075075075,0.0251745008639232,5.508,17.492,0.3203907059314953,0.7605217391304347,0.4474606663079662,0.0183397821763035,0.6159995402740259,0.6166392725749836,0.1324696135827687
graph_0111_mu_0_4_node_400,18,0.0261437908496732,0.0008172584419694,0.3778366111951589,2.6466466466466465,0.0138443575757403,4.218,13.782,0.3094968531468531,0.7656666666666667,0.2312611963211398,0.0146761318151674,0.6216433766233768,0.6221474466194825,0.0040521635319718
graph_0111_mu_0_4_node_13,28,0.1005291005291005,0.0016904440966228,0.3981666002391391,2.5115115115115114,0.0241622951667468,11.229,16.771,0.6731866013071894,0.5989642857142856,0.3411331255549105,0.0177227588124429,0.428062005858925,0.4286756444533178,0.2102825838798509
graph_0111_mu_0_4_node_561,19,0.0294117647058823,0.0005921500649184,0.384526558891455,2.6006006006006004,0.0183485349253195,6.136,12.864,0.4817659007659007,0.6770526315789472,0.2483610319529283,0.0136117468643597,0.5130970970253578,0.5135676728908711,0.0979096904289156
graph_0111_mu_0_4_node_731,30,0.1322751322751322,0.001576672313848,0.40056134723336,2.4964964964964964,0.0265681487213243,14.577,15.423,0.94725,0.5140999999999999,0.4402593690056582,0.0160116887288112,0.3461607378129117,0.346725221374357,0.3827770589568981
graph_0111_mu_0_4_node_189,29,0.0960591133004926,0.0014034671798659,0.4171189979123173,2.397397397397397,0.0394581356944359,11.055,17.945,0.6165540266106441,0.6187931034482761,0.4091901639964115,0.0188008293714609,0.4480843798572388,0.4487409398855135,0.2507603993637263
graph_0111_mu_0_4_node_453,26,0.0584615384615384,0.0014600387368024,0.4018503620273532,2.4884884884884886,0.0253144173924501,8.379,17.621,0.4794717590544989,0.6777307692307691,0.4750106903821208,0.0183858536524296,0.5136502757834027,0.5142948598819204,0.2114009312030011
graph_0111_mu_0_4_node_376,61,0.0900058445353594,0.0058617198867106,0.4584671867829279,2.181181181181181,0.0719553086791422,28.202,32.798,0.8607268878507475,0.5376721311475411,0.7485922087676061,0.0343599368943181,0.3677575405579056,0.3689583855150963,0.6178189913521794
graph_0111_mu_0_4_node_350,27,0.0968660968660968,0.001526967703794,0.4012048192771084,2.4924924924924925,0.0253161388150548,11.728,15.272,0.779295054945055,0.5656296296296296,0.311973508674578,0.0161361027564038,0.3955408963308834,0.3960997354681911,0.2290177112119716
graph_0111_mu_0_4_node_373,16,0.0416666666666666,0.0005828163217193,0.3747186796699174,2.6686686686686687,0.0132027653075825,5.727,10.273,0.5654629814629814,0.6420625,0.1824749251393281,0.0109182839563357,0.474420446901179,0.474796265882042,0.0928812094890399
graph_0111_mu_0_4_node_593,18,0.1372549019607843,0.0005345438563375,0.3792710706150342,2.6366366366366365,0.0195146676792861,9.043,8.957,1.0113214285714285,0.4976111111111111,0.2366193718020834,0.0093227600102191,0.3313119868637109,0.3316397592504951,0.2373342812391495
graph_0111_mu_0_4_node_792,25,0.1033333333333333,0.001315841805891,0.3914576802507837,2.5545545545545547,0.0217715955468896,11.022,13.978,0.7889256576756579,0.5591200000000003,0.5482328959576407,0.0143831428564743,0.3880787163681901,0.3885902074998288,0.4310598969607973
graph_0111_mu_0_4_node_457,30,0.1349206349206349,0.0013553892938997,0.4024979854955681,2.4844844844844847,0.0341605166704796,14.127,15.873,0.8920576923076924,0.5290999999999999,0.4196125033805652,0.0165207958408321,0.3598731043085806,0.360454029316874,0.3449165319046586
graph_0111_mu_0_4_node_652,24,0.1014492753623188,0.0010763782838456,0.40056134723336,2.4964964964964964,0.0271847111735997,9.052,14.948,0.6062433566433565,0.6228333333333333,0.7044935645359653,0.0153004420142093,0.4523591765944705,0.4529060641078898,0.4233557646324067
graph_0111_mu_0_4_node_475,28,0.0555555555555555,0.0016715360579845,0.4033104561970125,2.47947947947948,0.0258181445334292,10.002,17.998,0.5617014736135075,0.6427857142857142,0.3545872981487508,0.0190034153370075,0.4750015335467121,0.4756599757973756,0.1746204057230636
graph_0111_mu_0_4_node_683,22,0.0649350649350649,0.0010536105849361,0.3914576802507837,2.5545545545545547,0.0196168650432845,7.0,15.0,0.4671257110536522,0.6818181818181818,0.2946302940005716,0.0158583897980475,0.5173678678837745,0.5179165744840138,0.1205923899453462
graph_0111_mu_0_4_node_948,20,0.0473684210526315,0.0008275585873305,0.395017793594306,2.5315315315315314,0.0221930761185873,5.044,14.956,0.3377765567765567,0.7477999999999999,0.2475479957739447,0.0159424852065459,0.5973628001628001,0.5979098198069706,0.083070284760916
graph_0111_mu_0_4_node_528,26,0.1415384615384615,0.0010915503783303,0.4049452776651804,2.4694694694694697,0.035060914997636,13.051,12.949,1.0088030303030302,0.4980384615384615,0.2808604845591129,0.0135908681436933,0.3316495934959349,0.3321235189437251,0.2821576814908044
graph_0111_mu_0_4_node_544,22,0.2510822510822511,0.0006480745117401,0.3860123647604327,2.5905905905905904,0.0254692556267444,13.047,8.953,1.4588928571428563,0.4069545454545455,0.2520133124944995,0.0093059000531749,0.2555034749034748,0.255831197040998,0.3653463525113893
graph_0111_mu_0_4_node_195,20,0.0526315789473684,0.0008728127238904,0.3925343811394892,2.5475475475475475,0.0206848532423931,4.531,15.469,0.2948156647274294,0.7734500000000001,0.3040436491122964,0.0163527667213389,0.6315066518023038,0.6320724016437208,0.0845496330186517
graph_0111_mu_0_4_node_986,25,0.0933333333333333,0.0012740646793903,0.3976910828025478,2.5145145145145147,0.0230563741885808,9.292,15.708,0.5934374999999998,0.62832,0.3992406068185161,0.0164696483104832,0.4584010270774977,0.4589757132961622,0.2312564127050618
graph_0111_mu_0_4_node_358,18,0.1764705882352941,0.0005464141676745,0.3775510204081632,2.6486486486486487,0.0155657150826918,9.211,8.789,1.053392857142857,0.4882777777777778,0.2231737912323301,0.0092160500181281,0.323311330049261,0.3236329600699763,0.2324719295436113
graph_0111_mu_0_4_node_488,26,0.1292307692307692,0.0010914255285849,0.39800796812749,2.5125125125125125,0.0325287467528588,13.044,12.956,1.008,0.4983076923076923,0.295423600049535,0.0135741491168758,0.3318945736434108,0.3323687548837673,0.296289052596967
graph_0111_mu_0_4_node_261,30,0.1586206896551724,0.001588837341227,0.4028225806451613,2.4824824824824825,0.0282053132691983,14.337,15.663,0.9248766233766234,0.5221,0.7771405967369326,0.0160424937080538,0.3538900056465273,0.3544632553221784,0.6902234713535796
graph_0111_mu_0_4_node_39,24,0.0652173913043478,0.0012622762865663,0.398961661341853,2.5065065065065064,0.0235414728543664,10.589,13.411,0.7952535014005603,0.5587916666666668,0.2637282816821124,0.0141608754029352,0.388551348398597,0.3890420836636469,0.1946611384895549
graph_0111_mu_0_4_node_965,16,0.05,0.0005580009911488,0.3824655436447167,2.6146146146146148,0.016566222698551,2.925,13.075,0.2248527472527473,0.8171875,0.2983347628162358,0.0137244437488551,0.6916440191387558,0.6921221991098168,0.0202212187830456
graph_0111_mu_0_4_node_70,28,0.1322751322751322,0.0013130704753743,0.4143508917461634,2.413413413413413,0.0366694952529567,13.074,14.926,0.8773025641025645,0.5330714285714284,0.3406207567386433,0.0156370175445045,0.3635009883291222,0.3640472319104441,0.2964602079759749
graph_0111_mu_0_4_node_200,54,0.1161387631975867,0.0044831955841407,0.44979738856371,2.2232232232232234,0.063708448196113,26.212,27.788,0.9442179120879124,0.5145925925925925,0.7339952595983207,0.0289231345905266,0.346502000335838,0.3475194508895314,0.6632474600608818
graph_0111_mu_0_4_node_661,25,0.1133333333333333,0.0012554184410008,0.4028225806451613,2.4824824824824825,0.0260980034075349,10.352,14.648,0.7091575091575092,0.58592,0.5578565211698749,0.015158514768809,0.4146718146718147,0.4152077823995917,0.3788509055547915
graph_0111_mu_0_4_node_840,25,0.0466666666666666,0.0012783286141195,0.4057676685621446,2.4644644644644647,0.0266362292693412,7.055,17.945,0.3935361227824464,0.7178000000000001,0.6357683890620706,0.0185446751610323,0.5599336590696885,0.5605900270119146,0.2478424578933843
graph_0111_mu_0_4_node_142,23,0.1185770750988142,0.0010336827784638,0.3958003169572108,2.5265265265265264,0.0227793318849764,9.017,13.983,0.6450265567765568,0.6079565217391305,0.3969530851719217,0.014519594755068,0.4367620320855614,0.4372736310918797,0.2557584765972048
graph_0111_mu_0_4_node_77,21,0.1929824561403508,0.0004984666955563,0.3861615771163509,2.5895895895895897,0.0260191020227668,13.034,7.966,1.638825,0.3793333333333333,0.1816903251725948,0.0083458476832003,0.2341096449390567,0.2344012484379693,0.2737800748673337
graph_0111_mu_0_4_node_334,50,0.1110204081632653,0.0043041689740528,0.4453856442264824,2.245245245245245,0.0549220219549636,23.585,26.415,0.8939213117800076,0.5283,0.7806705532190196,0.0273836639588657,0.3590668528714672,0.3600338937498204,0.693620776363698
graph_0111_mu_0_4_node_569,24,0.072463768115942,0.0010633126307262,0.3964285714285714,2.5225225225225225,0.0264297159318818,8.174,15.826,0.519703896103896,0.6594166666666667,0.4463636821033401,0.0164474484241473,0.4924072538623622,0.4929862068329329,0.2252598835242049
graph_0111_mu_0_4_node_516,25,0.1660079051383399,0.0008349446408065,0.3943939992104224,2.535535535535536,0.0305557644749071,14.038,10.962,1.2817171717171718,0.4384800000000002,0.2499841310631633,0.0114847889459252,0.2808442776735459,0.2812455383418626,0.296580348984751
graph_0111_mu_0_4_node_191,16,0.1583333333333333,0.0004297386662731,0.374578177727784,2.66966966966967,0.015768884509512,7.397,8.603,0.8792063492063497,0.5376875,0.3290109793533348,0.0089029207569109,0.3692373690078037,0.3695521508920659,0.2688468509048065
graph_0111_mu_0_4_node_640,22,0.0476190476190476,0.001107914197438,0.4024979854955681,2.4844844844844847,0.0236293207480775,5.58,16.42,0.3443794007076515,0.7463636363636363,0.3063930533644,0.0174137903221782,0.5974123335157817,0.5980128872657323,0.0764327773296392
graph_0111_mu_0_4_node_573,32,0.0927419354838709,0.0018027650835726,0.4238438693254137,2.359359359359359,0.0449032218998817,13.061,18.939,0.6900192638458893,0.59184375,0.4107668942172267,0.019877789894766,0.4203479905437353,0.421040994992197,0.2822820654465679
graph_0111_mu_0_4_node_648,34,0.1653225806451612,0.0016680997451421,0.4087561374795417,2.4464464464464464,0.0382744926561587,19.065,14.935,1.2786074259074256,0.439264705882353,0.424850279153567,0.0155170821849297,0.2815155091368597,0.2820623216148508,0.5118931060137054
graph_0111_mu_0_4_node_314,32,0.1195402298850574,0.001726105581976,0.4046172539489672,2.4714714714714714,0.0275620612416677,16.241,15.759,1.0322476190476189,0.49246875,0.6214747284257166,0.0162121526250797,0.3267820408163265,0.327358885460898,0.5933304357365302
graph_0111_mu_0_4_node_807,27,0.1253561253561253,0.0011194497503398,0.4028225806451613,2.4824824824824825,0.0358085035136932,15.06,11.94,1.262927272727273,0.4422222222222223,0.2591121791514212,0.0125313379762213,0.2839403805496828,0.2843774575390727,0.3253712228482697
graph_0111_mu_0_4_node_585,21,0.0523809523809523,0.0008258524926971,0.386609907120743,2.5865865865865865,0.0208778722260963,8.241,12.759,0.6480961538461537,0.6075714285714284,0.4552912838695713,0.0131809970999873,0.4366756395995549,0.4371424495011881,0.283308658465315
graph_0111_mu_0_4_node_58,21,0.0619047619047619,0.0008888698191526,0.3978494623655914,2.5135135135135136,0.0222641526929267,8.033,12.967,0.619875874125874,0.6174761904761904,0.2146060677439516,0.0138224022390083,0.4466889877641823,0.4471633975629666,0.0993909438110046
graph_0111_mu_0_4_node_510,30,0.0582010582010582,0.0016620360235525,0.4109419991772933,2.433433433433433,0.0279976909275077,12.446,17.554,0.7129411580421642,0.5851333333333332,0.3120260493727093,0.0186557198893151,0.414128906922157,0.4147712333352448,0.2008598048639348
graph_0111_mu_0_4_node_98,28,0.0476190476190476,0.0015899123094713,0.4094262295081967,2.4424424424424425,0.0345621684425216,7.082,20.918,0.3389906432748538,0.7470714285714286,0.4537750409895917,0.0219546169198905,0.5964202307570727,0.5971852592485698,0.1520980726965926
graph_0111_mu_0_4_node_311,24,0.0909090909090909,0.0009534423011885,0.3878105590062112,2.578578578578578,0.0207709544382524,12.655,11.345,1.1209613053613054,0.4727083333333332,0.3064586590779956,0.0118361244944616,0.3098169915433074,0.3102322228724806,0.3198103639709453
graph_0111_mu_0_4_node_796,26,0.1485507246376811,0.0011296750436267,0.3908450704225352,2.558558558558558,0.0218545538376615,13.579,12.421,1.096751515151515,0.4777307692307693,0.3550545972200616,0.0128944746128491,0.3140462253193959,0.3145008518685537,0.3544595648166249
graph_0111_mu_0_4_node_56,23,0.0276679841897233,0.0012244522837531,0.3951740506329114,2.5305305305305303,0.0210332554285945,8.645,14.355,0.6445497528228565,0.6241304347826087,0.2758357598858233,0.0151940825711842,0.4620082143432188,0.4625333801890722,0.1416576200381146
graph_0111_mu_0_4_node_818,27,0.0512820512820512,0.0016940547413091,0.4077551020408163,2.4524524524524525,0.0276839801149326,5.885,21.115,0.2823716157983892,0.7820370370370371,0.4276362623742554,0.0222904642790799,0.6440368882303654,0.6448090437890013,0.0771440125308836
graph_0111_mu_0_4_node_437,29,0.1083743842364532,0.0015358459934336,0.4052738336713996,2.4674674674674675,0.0345671990250131,13.095,15.905,0.8245249084249084,0.548448275862069,0.4202753429957341,0.0165542941824518,0.3779427112377568,0.3785247631334723,0.3439313886356983
graph_0111_mu_0_4_node_494,20,0.1526315789473684,0.000713963226024,0.3934619929105947,2.541541541541541,0.0299886621319745,10.019,9.981,1.0042777777777778,0.49905,0.2163472153511326,0.0104762226775981,0.332518817204301,0.3328840744156012,0.2167171508978193
graph_0111_mu_0_4_node_523,20,0.0736842105263157,0.0008975696601819,0.3891702376314764,2.5695695695695697,0.0197034742760342,6.089,13.911,0.4446439198056844,0.6955500000000001,0.2684517055648123,0.0146974875148192,0.5353407444019137,0.5358495977631317,0.0971452128992132
graph_0111_mu_0_4_node_15,23,0.0380952380952381,0.001007975349934,0.3931523022432113,2.543543543543544,0.0221855894477116,6.973,16.027,0.4375534849094833,0.6968260869565216,0.316231338808169,0.0169219920387352,0.5354287391567564,0.5360149892860524,0.1170211904380247
graph_0111_mu_0_4_node_19,28,0.1375661375661375,0.0013560229847848,0.4075887392900856,2.4534534534534536,0.0332523476705447,12.984,15.016,0.8658307692307695,0.5362857142857143,0.4227353777038885,0.015608030027336,0.3664945839564104,0.3670441158488992,0.3632515864060071
graph_0111_mu_0_4_node_424,18,0.0261437908496732,0.0008010648554515,0.3779795686719637,2.645645645645646,0.0145505390878089,4.974,13.026,0.3974464535464536,0.7236666666666667,0.3010084141552415,0.0136537251862199,0.5737375607001693,0.574214013092839,0.0427055392008393
graph_0111_mu_0_4_node_204,18,0.0980392156862745,0.0006523729470168,0.383935434281322,2.6046046046046047,0.0165727175520317,7.944,10.056,0.7947129870129871,0.5586666666666665,0.198256113730417,0.0106299064908013,0.3882229570429572,0.3885909009410526,0.1379657069013296
graph_0111_mu_0_4_node_582,27,0.1452991452991453,0.001203325051209,0.4064279902359642,2.4604604604604603,0.0344361554215882,12.049,14.951,0.8068670329670331,0.5537407407407406,0.3409869348899607,0.0156636279452131,0.3829541275797374,0.3835012447346734,0.2737903970748951
graph_0111_mu_0_4_node_66,33,0.0494623655913978,0.0018698667904239,0.4179916317991631,2.3923923923923924,0.0378253538976946,11.256,21.744,0.5187906236178682,0.6589090909090909,0.7734065121052636,0.0224665152117331,0.4915539299716187,0.49234938564376,0.3584316154669246
graph_0111_mu_0_4_node_608,19,0.0350877192982456,0.000799674626732,0.3899297423887587,2.5645645645645647,0.0183368435436282,5.423,13.577,0.4029994963369963,0.714578947368421,0.2402638640201647,0.0144324081833957,0.5570391202999898,0.5575357399616359,0.0882244577018225
graph_0111_mu_0_4_node_813,16,0.0666666666666666,0.0005849183018898,0.383199079401611,2.6096096096096097,0.015369941420193,3.375,12.625,0.2698778554778555,0.7890625,0.2235442408640711,0.0134202724408404,0.6529861123396726,0.6534478570281141,0.0527774657509989
graph_0111_mu_0_4_node_94,26,0.0978260869565217,0.0011754453384194,0.3936170212765957,2.5405405405405403,0.0228511553063971,10.524,15.476,0.6831499999999998,0.595230769230769,0.3961529459059328,0.0162203776546175,0.4241596333175281,0.424725886946444,0.2367374782486867
graph_0111_mu_0_4_node_375,19,0.088235294117647,0.0006631999064061,0.3735976065818998,2.6766766766766765,0.0131392716777553,9.137,9.863,0.9343890720390724,0.5191052631578947,0.2931027341530809,0.0102417318863764,0.3512083890797127,0.3515693048190441,0.2388567753156977
graph_0111_mu_0_4_node_14,23,0.0952380952380952,0.0009143488716045,0.3858632676709154,2.5915915915915915,0.0181378457403732,12.169,10.831,1.1345945707070706,0.4709130434782609,0.2137246773156959,0.0114481735647345,0.3085979095087153,0.3089943204448452,0.2173967902143612
graph_0111_mu_0_4_node_158,42,0.048780487804878,0.0036704005034358,0.4315334773218142,2.3173173173173174,0.0405527897578106,16.992,25.008,0.6812681291172594,0.5954285714285713,0.4143702830595516,0.0266549379987771,0.4241672887580189,0.4250824243518018,0.2756696001910888
graph_0111_mu_0_4_node_27,20,0.0526315789473684,0.0008422168697817,0.3951740506329114,2.5305305305305303,0.022397568338025,3.526,16.474,0.2159836601307189,0.8237000000000001,0.3135268633561709,0.0174258033709344,0.7016426877470354,0.7022451268403201,0.0545719593524628
graph_0111_mu_0_4_node_531,25,0.1366666666666666,0.0010856192616337,0.40056134723336,2.4964964964964964,0.0340750147630663,12.043,12.957,0.9304895104895108,0.5182799999999999,0.2809853910341321,0.0135994955023522,0.3498527829448883,0.3503269660346843,0.2600509641376987
graph_0111_mu_0_4_node_776,30,0.1701149425287356,0.001237439051951,0.4034733441033926,2.4784784784784786,0.040938863754691,17.093,12.907,1.3266013986013987,0.4302333333333334,0.2802913232887729,0.0135455590600586,0.2741537559704733,0.2746262844793614,0.3690842868760505
graph_0111_mu_0_4_node_499,25,0.1166666666666666,0.001166414480234,0.399919935948759,2.5005005005005003,0.0305725426263309,10.038,14.962,0.6713186813186812,0.5984799999999999,0.3949080421812603,0.0155740155736031,0.4270785070785071,0.4276259461355101,0.2638377178655651
graph_0111_mu_0_4_node_612,22,0.0779220779220779,0.0008345848287781,0.3958003169572108,2.5265265265265264,0.0269011789542026,9.104,12.896,0.707025641025641,0.5861818181818182,0.381534274162658,0.0133681738266692,0.4147473118279569,0.4152191619821322,0.2670623253464895
graph_0111_mu_0_4_node_692,58,0.0805194805194805,0.0055634249026704,0.4536784741144414,2.204204204204204,0.0721748925048187,27.114,30.886,0.8791086704215737,0.5325172413793102,0.6697819907853586,0.0324179824211068,0.3629885562349033,0.3641193848286619,0.564875763933389
graph_0111_mu_0_4_node_310,23,0.0666666666666666,0.000928578928243,0.3872093023255814,2.5825825825825826,0.0204436337156158,9.012,13.988,0.645260699023199,0.6081739130434783,0.2687334891314435,0.014782669472001,0.437132208675259,0.4376439899312728,0.1533941902245818
graph_0111_mu_0_4_node_199,30,0.1057471264367816,0.0016148976809819,0.4094262295081967,2.4424424424424425,0.0360041905565759,13.248,16.752,0.7952919360051715,0.5584,0.3831218792167402,0.0175482251137251,0.3877667449618269,0.3883797793496026,0.3000298944179901
graph_0111_mu_0_4_node_978,29,0.0788177339901477,0.0017301694643826,0.408255006129955,2.4494494494494496,0.0270104174801535,9.714,19.286,0.5067033797729619,0.6650344827586208,0.4940827798912656,0.0202122776279723,0.4988749211208133,0.4995804384351888,0.2308580144235183
graph_0111_mu_0_4_node_144,28,0.12,0.0013676096430971,0.4039627982207844,2.4754754754754758,0.0282414394806984,12.108,15.892,0.7632602564102565,0.5675714285714284,0.6069086693453062,0.0164649735502237,0.3963731896388732,0.3969547239453507,0.4203559614099519
graph_0111_mu_0_4_node_74,29,0.1034482758620689,0.0017054161596086,0.4051094890510949,2.468468468468469,0.0285647228441802,11.77,17.23,0.6913782913165264,0.5941379310344828,0.6699034105533139,0.0178399730337382,0.4237241605341152,0.4243546050609953,0.4329971777185796
graph_0111_mu_0_4_node_303,30,0.0712643678160919,0.0018879498512517,0.4100985221674877,2.4384384384384385,0.0292222467359116,8.911,21.089,0.4257047163362952,0.7029666666666665,0.8176414439491999,0.0218392991281067,0.5429594577437967,0.5437308351879239,0.3231578195397345
graph_0111_mu_0_4_node_826,47,0.1211840888066605,0.0036869222551055,0.4397007042253521,2.274274274274274,0.0545597102799433,23.183,23.817,0.9745365818201632,0.5067446808510637,0.6292309328499882,0.0247896652254336,0.339435285108156,0.3403072718432688,0.6096003317295433
graph_0111_mu_0_4_node_8,21,0.0701754385964912,0.0007705944169397,0.3837879369957741,2.6056056056056054,0.0169587403650721,10.666,10.334,1.0545403846153845,0.4920952380952381,0.1852172319972289,0.0109775597559887,0.3279658469716466,0.3283440305904921,0.1688739424683626
graph_0111_mu_0_4_node_402,17,0.0588235294117647,0.0006906201993904,0.3795592705167173,2.6346346346346348,0.0153374873594685,6.552,10.448,0.6432388888888888,0.6145882352941177,0.208395764220386,0.0110709760061386,0.446224044795784,0.4466062844605967,0.1246566681841137
graph_0111_mu_0_4_node_610,21,0.0571428571428571,0.0010126254052218,0.3875096974398759,2.5805805805805804,0.0191168299705597,6.934,14.066,0.4997052447552447,0.6698095238095237,0.2883426812506732,0.0148592995662235,0.5051595970831788,0.5056741494973713,0.1245529989673059
graph_0111_mu_0_4_node_430,27,0.0683760683760683,0.0015437245952182,0.4008828250401284,2.4944944944944947,0.0256756977666645,10.288,16.712,0.6183837950362331,0.618962962962963,0.4584516913241615,0.017421795735122,0.4486613144912889,0.4492727540613235,0.2237273361159294
graph_0111_mu_0_4_node_24,23,0.0237154150197628,0.0012175049689662,0.3975328292877039,2.5155155155155158,0.0210251080355568,4.476,18.524,0.2456217314118629,0.805391304347826,0.3682911446290067,0.0196149590378877,0.6764687091386758,0.6771461089340374,0.0647075968800435
graph_0111_mu_0_4_node_97,22,0.0735930735930736,0.0010759766727569,0.392688679245283,2.5465465465465464,0.0228734367586434,7.052,14.948,0.4722794871794872,0.6794545454545454,0.424945410069016,0.0155316374195333,0.5146438172043013,0.5151906247438437,0.1990228100634457
graph_0111_mu_0_4_node_717,26,0.0769230769230769,0.0013996635621498,0.4020120724346076,2.4874874874874875,0.0252215682183685,6.522,19.478,0.3360649380804952,0.7491538461538462,0.4969221492846095,0.0204183357942841,0.5994245883201765,0.6001369595313967,0.1606550855954682
graph_0111_mu_0_4_node_657,28,0.0555555555555555,0.0015366927174515,0.4100985221674877,2.4384384384384385,0.0318570889577415,8.649,19.351,0.4505441176470589,0.6911071428571428,0.7478024561220395,0.0200403594079392,0.5289981422718265,0.5297059799065623,0.3086890512678653
graph_0111_mu_0_4_node_468,31,0.1157635467980295,0.0018695977111986,0.4049452776651804,2.4694694694694697,0.0253623950453715,14.511,16.489,0.8821153594771243,0.5319032258064514,0.4711422199658217,0.0171184384369705,0.3625090488604827,0.3631125215712007,0.3802747744782022
graph_0111_mu_0_4_node_73,17,0.25,0.0003643114575393,0.3792710706150342,2.6366366366366365,0.020837988592453,10.051,6.949,1.4496999999999995,0.408764705882353,0.1958100070977249,0.007222292858893,0.2569749133369822,0.2572292423983321,0.2812706968203075
graph_0111_mu_0_4_node_643,41,0.1147098515519568,0.0027679576824809,0.4300473525613431,2.325325325325325,0.0436198732719909,21.204,19.796,1.0732073418841224,0.4828292682926831,0.5638955651621502,0.0205662133121446,0.318362196799396,0.3190869681355217,0.5715509623133314
graph_0111_mu_0_4_node_243,26,0.12,0.0012620225781238,0.4023358840112767,2.4854854854854853,0.0347129825681829,10.08,15.92,0.6342690476190476,0.6123076923076921,0.3454783968019289,0.0167084400595446,0.441398767188241,0.441981239140456,0.2170899683668107
graph_0111_mu_0_4_node_811,26,0.0984615384615384,0.0013109539938672,0.404126213592233,2.4744744744744747,0.0261440411761385,9.296,16.704,0.5625126559714795,0.6424615384615384,0.827358240921153,0.0171102507910955,0.4741772587918929,0.4747883599165866,0.443129646590537
graph_0111_mu_0_4_node_186,23,0.1106719367588932,0.0009581722560026,0.3983253588516746,2.5105105105105103,0.0246452479602859,8.093,14.907,0.5441972527472528,0.6481304347826088,0.5637655328065266,0.0154298815553811,0.4796706342360993,0.4802159839394447,0.3028718063868766
graph_0111_mu_0_4_node_127,27,0.131054131054131,0.0014167175894526,0.4067589576547231,2.4584584584584586,0.0291275197122443,11.065,15.935,0.6950214285714285,0.5901851851851851,0.7820033445544831,0.0163329714074819,0.418707894736842,0.4192909574586521,0.5390930294337004
graph_0111_mu_0_4_node_465,15,0.0285714285714285,0.000472182259206,0.3791271347248577,2.6376376376376376,0.0151144755279575,3.578,11.422,0.3158787878787878,0.7614666666666666,0.2061382932528074,0.0121109742427147,0.6160325814536342,0.6164503524993027,0.0173725977474736
graph_0111_mu_0_4_node_420,22,0.2034632034632034,0.0007639548208596,0.3872093023255814,2.5825825825825826,0.0217982618844496,11.033,10.967,1.007088888888889,0.4985,0.5167311306493015,0.0112256960446771,0.3320638655462184,0.3324652208553232,0.5174710208732035
graph_0111_mu_0_4_node_542,21,0.0714285714285714,0.0009263092509068,0.3876600698486612,2.57957957957958,0.0183983001141211,8.496,12.504,0.6906911713286712,0.5954285714285712,0.2225062688564127,0.0132880754727291,0.4255127916345796,0.425970281579426,0.1478126509413216
graph_0111_mu_0_4_node_564,55,0.1531204644412191,0.0044225128581279,0.4385425812115891,2.28028028028028,0.0586791114445145,33.979,21.021,1.6184507101086052,0.3822,0.55509826932242,0.0218808806167047,0.2362973112622599,0.2370676185527619,0.8685075205190312
graph_0111_mu_0_4_node_897,29,0.1625615763546798,0.0015022458113971,0.4039627982207844,2.4754754754754758,0.0281065258597982,15.064,13.936,1.0992248251748251,0.480551724137931,0.5487331504419792,0.0144234588598266,0.3173303167205475,0.3178404163971546,0.5409744091584613
graph_0111_mu_0_4_node_602,29,0.1403940886699507,0.0014287972687211,0.4107730263157895,2.434434434434434,0.0364061920267853,15.095,13.905,1.087582334332334,0.4794827586206895,0.3173176286638469,0.014567747672006,0.3154473056186285,0.3159562780671756,0.3428834083092786
graph_0111_mu_0_4_node_425,26,0.123076923076923,0.0011813300724494,0.3991210547343188,2.5055055055055053,0.0309547876799334,12.152,13.848,0.8792748917748918,0.5326153846153845,0.3658709029345858,0.0144133748183411,0.3631172871202395,0.3636240650325475,0.3189466383063548
graph_0111_mu_0_4_node_493,46,0.1265700483091787,0.0036632593390148,0.4343478260869565,2.3023023023023024,0.04828499207764,23.226,22.774,1.0215981089086352,0.4950869565217391,0.6742162040565078,0.0236070932793831,0.3290920423607091,0.3299258768017585,0.6822236395639896
graph_0111_mu_0_4_node_84,44,0.1161440185830429,0.0029347540908928,0.4276541095890411,2.3383383383383385,0.0505721283892267,24.146,19.854,1.217441830065359,0.4512272727272725,0.4533073969108703,0.0207992885547049,0.2914012490973118,0.2921282996241736,0.5259539631749761
graph_0111_mu_0_4_node_469,25,0.1433333333333333,0.0010832365789241,0.3942383583267561,2.5365365365365364,0.0279627136251501,12.208,12.792,0.9585926573426576,0.5116799999999999,0.3788896796297378,0.0132599717168044,0.3440890232337601,0.3445571753960155,0.3567539902073162
graph_0111_mu_0_4_node_403,20,0.0522875816993464,0.0007297338173547,0.3849710982658959,2.5975975975975976,0.0179443895777131,9.258,10.742,0.8707623487623487,0.5370999999999999,0.1916332593445019,0.0114141093282908,0.368078680467557,0.3684717516221663,0.1444298657369661
graph_0111_mu_0_4_node_459,25,0.0233333333333333,0.0014554668387274,0.4007220216606498,2.4954954954954958,0.0240389213694803,8.288,16.712,0.5022987400241657,0.66848,0.298190716879072,0.0177299518842114,0.5037860141662979,0.504397361133772,0.0737750280288151
graph_0111_mu_0_4_node_288,20,0.0684210526315789,0.0008338050838057,0.3891702376314764,2.5695695695695697,0.0192873259612619,5.365,14.635,0.3721566570684217,0.73175,0.2453298089268184,0.0155846533349914,0.5787906959828997,0.579325990987017,0.0848298774187161
graph_0111_mu_0_4_node_969,26,0.0615384615384615,0.0012903520120219,0.4074225122349103,2.454454454454454,0.0282357277177952,11.087,14.913,0.7443821428571427,0.5735769230769229,0.2469343941851677,0.015896167504214,0.4022140508929981,0.4027597397454645,0.1656534521010932
graph_0111_mu_0_4_node_30,20,0.0588235294117647,0.0007409839646406,0.381588999236058,2.6206206206206204,0.0170206877368375,8.314,11.686,0.7456586746586747,0.5842999999999999,0.2350047748770372,0.0123688922677048,0.4171685859746483,0.4175961480391555,0.1420464028947079
graph_0111_mu_0_4_node_33,21,0.0666666666666666,0.0009778513804212,0.3879611650485436,2.5775775775775776,0.0202367637609671,7.907,13.093,0.6051013574660632,0.6234761904761903,0.2575795576408473,0.0138415091658139,0.4531879693486588,0.4536669819412968,0.1370888790750235
graph_0111_mu_0_4_node_367,30,0.0343915343915343,0.001850610080519,0.4069246435845214,2.457457457457457,0.025513861087766,8.613,21.387,0.4072715924314389,0.7128999999999999,0.3794744201300793,0.0226966806521232,0.5552102719159473,0.555992522378205,0.1347913063045326
graph_0111_mu_0_4_node_401,17,0.0588235294117647,0.0006105776223915,0.383493282149712,2.607607607607608,0.0164389742175301,5.567,11.433,0.493928921078921,0.6725294117647058,0.2175202591676901,0.0121129971894803,0.508737411711096,0.5091556441282936,0.1016987734077384
graph_0111_mu_0_4_node_945,16,0.0333333333333333,0.0005746958168999,0.3786959818043973,2.640640640640641,0.0152497336461146,2.917,13.083,0.2247661671661672,0.8176875,0.3029681159135062,0.0137996222058605,0.6927280625806942,0.6932065343772792,0.0314247231547872
graph_0111_mu_0_4_node_42,17,0.0294117647058823,0.0007044570694406,0.3854166666666667,2.5945945945945947,0.0164815826791009,2.835,14.165,0.2015481684981685,0.8332352941176473,0.4155836833810276,0.0147115511264571,0.7151772157666894,0.7156952349940815,0.0575002785667327
graph_0111_mu_0_4_node_770,31,0.1231527093596059,0.0014672696361545,0.4075887392900856,2.4534534534534536,0.0309665497194002,14.36,16.64,0.8650906027795735,0.5367741935483872,0.639565126490431,0.0172362463856129,0.3670365184772645,0.3676455075064223,0.5018400187931891
graph_0111_mu_0_4_node_800,21,0.1714285714285714,0.0007297712739159,0.389777604369879,2.5655655655655654,0.0286159407381721,11.048,9.952,1.112075,0.4739047619047619,0.2159879513423985,0.0104447467185235,0.3106260026737968,0.3109902262188402,0.2386976818152643
graph_0111_mu_0_4_node_708,25,0.07,0.0012891822129747,0.4085889570552147,2.4474474474474475,0.0278017687477788,7.258,17.742,0.4101000816993465,0.7096800000000001,0.6317130396694771,0.0183307187573094,0.5503202985739751,0.5509692553580792,0.2519765627728617
graph_0111_mu_0_4_node_861,24,0.1341991341991342,0.0009060240694118,0.3857142857142857,2.592592592592593,0.0204733689743571,14.216,9.784,1.4590909090909088,0.4076666666666667,0.1993745851352975,0.01033819179039,0.2562142028668344,0.256572362575711,0.2664510265545776
graph_0111_mu_0_4_node_338,29,0.0665024630541872,0.0017970090256061,0.4099302421009438,2.43943943943944,0.0272062462950401,10.494,18.506,0.5699687262166497,0.6381379310344828,0.3644432075455062,0.0195608623392958,0.4691599955214847,0.4698370372353505,0.2036166717870675
graph_0111_mu_0_4_node_672,21,0.0935672514619883,0.0007348306991627,0.3869093725793958,2.5845845845845847,0.0193600458716007,10.013,10.987,0.9116151515151512,0.5231904761904761,0.4308234551907695,0.0113056339242537,0.3542908724340176,0.3546929295223843,0.3529218120106802
graph_0111_mu_0_4_node_519,30,0.1494252873563218,0.0016087001770644,0.413151364764268,2.4204204204204203,0.0346749646227498,15.591,14.409,1.085335164835165,0.4803,0.4262773142372232,0.0149368846911882,0.3162533919210608,0.316780821357736,0.4587511762628306
graph_0111_mu_0_4_node_577,44,0.102536997885835,0.0034569289546998,0.4422310756972111,2.2612612612612613,0.0533529847779261,19.198,24.802,0.7746666666666666,0.5636818181818183,0.6549952546789343,0.0258158374052482,0.392519413919414,0.3934271662444527,0.5040330840263924
graph_0111_mu_0_4_node_300,19,0.0367647058823529,0.000655445431615,0.380281690140845,2.6296296296296298,0.0163589225172591,5.995,13.005,0.4769489399489399,0.6844736842105262,0.2634098994837208,0.0137407619815044,0.5240903611076023,0.5245660831812813,0.1036818519144913
graph_0111_mu_0_4_node_118,29,0.0683760683760683,0.0015976823758971,0.3997599039615846,2.5015015015015014,0.024766361280787,12.269,16.731,0.7569172069838748,0.5769310344827586,0.3323920654168907,0.0176562744849516,0.4084811155573732,0.4090933255868454,0.2169604819141233
graph_0111_mu_0_4_node_660,50,0.1214539007092198,0.0037731171307267,0.4469798657718121,2.2372372372372373,0.0674623661953631,25.101,24.899,1.0086133069828722,0.49798,0.5401592138598416,0.0261328118277601,0.3315736894684263,0.3324853829391225,0.5212132419510115
graph_0111_mu_0_4_node_339,39,0.126855600539811,0.002503450955726,0.4267407090986758,2.3433433433433435,0.0474168403951229,19.084,19.916,0.9589027863777088,0.5106666666666666,0.5259610560520953,0.0207298862721074,0.3429310019066601,0.3436600512523883,0.5016784049320536
graph_0111_mu_0_4_node_641,40,0.1192307692307692,0.0024869428002654,0.4261945392491467,2.3463463463463463,0.0498029264700614,21.131,18.869,1.121346233230134,0.4717249999999999,0.4307618775735313,0.019767351848483,0.3087387788631839,0.3094296311174847,0.4794433994013611
graph_0111_mu_0_4_node_609,33,0.1382575757575757,0.0016022346938427,0.4129805704836709,2.4214214214214214,0.0397676504927615,19.205,13.795,1.395582417582418,0.4180303030303028,0.3155702775737911,0.0144501217346102,0.264358732462506,0.2648638321822288,0.4347341599927997
graph_0111_mu_0_4_node_535,25,0.0266666666666666,0.0014167499875028,0.4044534412955465,2.4724724724724725,0.0255580364483408,3.432,21.568,0.1607489491185143,0.8627200000000003,0.561790931112839,0.0224888082226335,0.7598563567838458,0.7606449263610535,0.0798299372004065
graph_0111_mu_0_4_node_461,24,0.1231884057971014,0.000917200117527,0.3945497630331753,2.5345345345345347,0.0255258189421488,12.225,11.775,1.0410545454545457,0.490625,0.4202557533054832,0.0121642039119035,0.3252328117591275,0.3256637615062908,0.4251541159973891
graph_0111_mu_0_4_node_786,40,0.1743589743589743,0.0023583509409877,0.4254684838160136,2.3503503503503502,0.0480146190969921,24.041,15.959,1.5070769230769232,0.398975,0.4212496024214616,0.0166116736658134,0.2492173398740562,0.2498018353833416,0.6330287438790585
graph_0111_mu_0_4_node_341,30,0.135632183908046,0.0014282984529631,0.4067589576547231,2.4584584584584586,0.0363380233466287,15.054,14.946,1.00789010989011,0.4982,0.3408188712353673,0.0156588508853697,0.3317779833487511,0.3323250380417568,0.3420885700906543
graph_0111_mu_0_4_node_178,22,0.0303030303030303,0.0012174179770618,0.389777604369879,2.5655655655655654,0.0177222020377914,5.496,16.504,0.3351612044817926,0.7501818181818182,0.3255465059800989,0.0175013146759127,0.6011014778325122,0.6017051004119085,0.0592979290051082
graph_0111_mu_0_4_node_556,22,0.1168831168831168,0.0008445177092517,0.391304347826087,2.555555555555556,0.0226568218954735,8.677,13.323,0.661670818070818,0.6055909090909093,0.5080303099676629,0.0137902982548208,0.4357206785940183,0.4362081258371355,0.3173179140154872
graph_0111_mu_0_4_node_711,33,0.106060606060606,0.0020597435472743,0.4201009251471825,2.38038038038038,0.0397947301997598,15.113,17.887,0.8458816526610646,0.5420303030303028,0.4727208335156221,0.0186169989240905,0.3718580062794349,0.3725126397604953,0.3958906595899152
graph_0111_mu_0_4_node_958,19,0.0467836257309941,0.0008013762122861,0.3824655436447167,2.6146146146146148,0.0169318596170247,5.121,13.879,0.3698443223443223,0.7304736842105262,0.5461554930610302,0.0142790439996933,0.5756894871794872,0.5761971379383172,0.1959775304973796
graph_0111_mu_0_4_node_512,56,0.1174004192872117,0.0050325783426371,0.4549180327868852,2.1981981981981984,0.0727534272761886,30.236,25.764,1.1745767953785344,0.4600714285714286,0.5590597144943099,0.0270403305117929,0.2988110823779819,0.2997547728232731,0.6322767154974638
graph_0111_mu_0_4_node_616,20,0.1421052631578947,0.0006890785689115,0.3860123647604327,2.5905905905905904,0.0222956790063907,9.04,10.96,0.8260202020202021,0.548,0.3239440292176442,0.0113615832868626,0.3775127919911012,0.3779138326747435,0.2658914498898155
graph_0111_mu_0_4_node_551,38,0.1493598862019914,0.0025559128401488,0.4263764404609475,2.345345345345345,0.0415275041115501,18.134,19.866,0.9135575163398696,0.5227894736842105,0.5590049371836578,0.0206497443163818,0.3539638334585733,0.3546910031707662,0.5073236449728209
graph_0111_mu_0_4_node_902,47,0.1222222222222222,0.0033634980956787,0.4352941176470588,2.2972972972972974,0.052340668601961,23.115,23.885,0.96888155797927,0.508191489361702,0.6796129817592695,0.0248155578861214,0.3407276692732155,0.3416021391799638,0.6261505248375344
graph_0111_mu_0_4_node_262,23,0.1047619047619047,0.0008875387294913,0.389018691588785,2.5705705705705704,0.019703962213768,12.403,10.597,1.177217171717171,0.4607391304347827,0.216263406735718,0.0111964716021911,0.2996598455598455,0.3000477031479304,0.22930891748938
graph_0111_mu_0_4_node_362,26,0.0892307692307692,0.0014177381869907,0.3992805755395683,2.5045045045045047,0.0234712377934026,11.064,14.936,0.7419838744588741,0.5744615384615384,0.4074211479712181,0.0155747282308279,0.4030985326973773,0.4036450617006724,0.2996906142641814
graph_0111_mu_0_4_node_635,26,0.0646153846153846,0.0013657980072727,0.4065934065934066,2.45945945945946,0.031627769375627,9.099,16.901,0.5394866946778711,0.6500384615384616,0.3857081446517581,0.0177059754228128,0.481729621350674,0.4823479189098495,0.2052954902414926
graph_0111_mu_0_4_node_447,22,0.1515151515151515,0.0008985872317736,0.3869093725793958,2.5845845845845847,0.0185359902712473,12.405,9.595,1.3183888888888886,0.4361363636363636,0.2472198278329612,0.0100587452944782,0.2799910364145658,0.2803422301386672,0.3042602578962633
graph_0111_mu_0_4_node_631,31,0.1182795698924731,0.0017764627482826,0.4056029232643118,2.4654654654654653,0.0323370821323136,14.093,16.907,0.8343848389355744,0.5453870967741936,0.4997261118185886,0.0175271654292933,0.3750123445369514,0.3756310878078265,0.4146982357107894
graph_0111_mu_0_4_node_858,30,0.0988505747126436,0.0016123959162807,0.4122988031366075,2.4254254254254253,0.034129821469295,12.551,17.449,0.7210423669467787,0.5816333333333332,0.5156708669020177,0.0180891243630781,0.4103075694107039,0.4109460627215823,0.3691236878850411
graph_0111_mu_0_4_node_51,30,0.0597701149425287,0.0019862957425316,0.4016887816646562,2.4894894894894897,0.0249123082814151,14.163,15.837,0.9059948323034708,0.5278999999999998,0.2820578816423186,0.0168042555725477,0.3598644708706429,0.360444074703222,0.2347433956664767
graph_0111_mu_0_4_node_534,24,0.0735930735930736,0.00098655863737,0.3972166998011928,2.517517517517517,0.0228205602594855,10.138,13.862,0.7478554504319209,0.5775833333333332,0.2473030911103768,0.0147296255670938,0.4079941263604301,0.4085013356100328,0.1599017595250535
graph_0111_mu_0_4_node_297,17,0.0220588235294117,0.0006629148476826,0.3846746245668078,2.5995995995996,0.0171828800300258,3.255,13.745,0.2387893772893773,0.808529411764706,0.235464592333057,0.0146304220973142,0.6797072909546593,0.6802099735782229,0.0347668619043124
graph_0111_mu_0_4_node_893,24,0.1340579710144927,0.0010999837529361,0.3933070866141732,2.5425425425425425,0.0221089937841546,10.036,13.964,0.719170829170829,0.5818333333333334,0.6577200701290662,0.0142937849638948,0.4103258687258688,0.4108368109162104,0.4706304964120423
graph_0111_mu_0_4_node_383,19,0.0584795321637426,0.0007702382399735,0.3906922174423152,2.55955955955956,0.0199500865285143,5.042,13.958,0.3616144688644688,0.7346315789473681,0.4945009739871072,0.0144244743472318,0.5806976923076924,0.5812082284753157,0.1772168757205774
graph_0111_mu_0_4_node_235,18,0.0522875816993464,0.0006908706891987,0.3807164634146341,2.6266266266266265,0.0170220565240675,5.093,12.907,0.3960183816183818,0.7170555555555554,0.254073097840946,0.0136291907897296,0.5593637649307215,0.5598358785547128,0.0987576668301311
graph_0111_mu_0_4_node_249,26,0.1292307692307692,0.0011662938739524,0.3994402239104358,2.503503503503504,0.0288459506105669,11.068,14.932,0.7423571428571427,0.5743076923076922,0.4246795728469459,0.0155145786977175,0.4029488383119962,0.4034952211916713,0.3130120010074858
graph_0111_mu_0_4_node_182,28,0.0952380952380952,0.0014283015791392,0.4102669404517454,2.437437437437437,0.0350340119233151,12.037,15.963,0.7544333333333333,0.5701071428571428,0.363881270540104,0.0167248492192203,0.3987479674796749,0.3993320958241758,0.2734180294887977
graph_0111_mu_0_4_node_996,24,0.0692640692640692,0.0010722733412032,0.3940828402366864,2.537537537537537,0.0253638155694348,8.192,15.808,0.5203494505494506,0.6586666666666666,0.7787857733959939,0.0162001464444193,0.4914826075884899,0.4920609035639785,0.3473485049549643
graph_0111_mu_0_4_node_817,34,0.1140819964349376,0.0018571503890848,0.4193954659949622,2.3843843843843846,0.0431178951726997,15.94,18.06,0.8842412907268171,0.5311764705882352,0.4769243468844577,0.0187980768611341,0.3617758549367175,0.3624368553043035,0.3970147064739665
graph_0111_mu_0_4_node_629,32,0.0896551724137931,0.001987424014866,0.4072564207093355,2.4554554554554557,0.0284367861511304,14.673,17.327,0.8531165409753647,0.54146875,0.4442332237511027,0.0181591579746996,0.3718254917137993,0.3724596195187049,0.3405509022006255
graph_0111_mu_0_4_node_174,25,0.13,0.0012467137585944,0.3983253588516746,2.5105105105105103,0.0231134586386621,10.215,14.785,0.6928937728937729,0.5913999999999998,0.5610232427059323,0.015301936108745,0.4201122739280635,0.4206532465589941,0.3793052889319555
graph_0111_mu_0_4_node_679,26,0.1815384615384615,0.0011467977998082,0.3967434471803018,2.5205205205205203,0.0287639993110732,13.701,12.299,1.117739393939394,0.4730384615384616,0.3476390789653511,0.0127828995594895,0.3100134727061555,0.3104636398677924,0.3658430296905843
graph_0111_mu_0_4_node_448,26,0.1138461538461538,0.0011761421692745,0.4067589576547231,2.4584584584584586,0.0350624127971162,12.052,13.948,0.8649177489177489,0.5364615384615383,0.3181612614667632,0.014612866736873,0.3666207958921693,0.3671312281234786,0.2735983792729771
graph_0111_mu_0_4_node_518,49,0.1174838112858464,0.0035616844270482,0.4387351778656126,2.279279279279279,0.0629439544510509,26.102,22.898,1.140759515874861,0.4673061224489795,0.5224024677436386,0.0239890150289299,0.3049316523989331,0.3057702006513081,0.5707264923521898
graph_0111_mu_0_4_node_343,26,0.04,0.0015949064338082,0.4031476997578692,2.4804804804804803,0.0236570722265718,5.978,20.022,0.2992565098128565,0.7700769230769233,0.3932361443206946,0.021167519964025,0.626435948602315,0.6271681724683317,0.1137152473259016
graph_0111_mu_0_4_node_17,20,0.0631578947368421,0.0008800632615006,0.389777604369879,2.5655655655655654,0.0205733038160728,5.086,14.914,0.3416446886446886,0.7457,0.5861844854396243,0.0153446504359285,0.594743671143671,0.5952891570575154,0.1959666198306654
graph_0111_mu_0_4_node_658,31,0.1290322580645161,0.0016289246265996,0.4185169669040637,2.3893893893893896,0.0388471646185985,13.155,17.845,0.738294607843137,0.5756451612903227,0.5274887669661567,0.0184991442044115,0.4042749726684047,0.4049279762968323,0.3870864172371143
graph_0111_mu_0_4_node_431,36,0.1497326203208556,0.0021392494815522,0.411619283065513,2.4294294294294296,0.0321375120329735,18.101,17.899,1.0126294117647057,0.4971944444444444,0.8444351839245549,0.0183200044316578,0.3309257689678742,0.3315809845053062,0.8014122642975515
graph_0111_mu_0_4_node_620,31,0.0924731182795698,0.0019160765836188,0.4114497528830313,2.4304304304304303,0.0335656276219932,10.229,20.771,0.4935878151260505,0.670032258064516,0.5919651356558621,0.0215789403333801,0.504052753775499,0.5048125843746469,0.2852693807058987
graph_0111_mu_0_4_node_168,28,0.0529100529100529,0.0017607326288134,0.4114497528830313,2.4304304304304303,0.0272885815793756,8.056,19.944,0.4045495550470379,0.7122857142857142,0.3915115598984958,0.0210853182936999,0.5533381898645054,0.5540676742852525,0.1389054276917572
graph_0111_mu_0_4_node_487,50,0.1020408163265306,0.0041968803775183,0.4441974210760337,2.2512512512512517,0.0598904425197813,23.086,26.914,0.8582290040876996,0.53828,0.6137456183053068,0.0281975420156375,0.36829141557404,0.3692766715094066,0.5243373305965038
graph_0111_mu_0_4_node_962,22,0.0606060606060606,0.001038962711919,0.3911511354737666,2.5565565565565564,0.0208891506924125,6.027,15.973,0.3827547313797313,0.7260454545454547,0.2930089566878721,0.0169300100074157,0.5718259918541064,0.5724102252657874,0.0880431767449266
graph_0111_mu_0_4_node_490,24,0.0905797101449275,0.0012514322929368,0.3906922174423152,2.55955955955956,0.0184133036193938,11.24,12.76,0.8853718281718282,0.5316666666666666,0.2513894734877104,0.0135327221925627,0.3625099085334379,0.3629768567553592,0.2039095636464461
graph_0111_mu_0_4_node_670,24,0.0688405797101449,0.0012193961724199,0.3953304313415117,2.5295295295295297,0.0221782281950599,9.409,14.591,0.6533423008364183,0.6079583333333334,0.2865665333237511,0.0154248776592418,0.4378978361638701,0.4384316799032479,0.1785743214363668
graph_0111_mu_0_4_node_848,52,0.0955102040816326,0.004184914940414,0.4475806451612903,2.234234234234234,0.0654126481159314,25.16,26.84,0.9379821548821548,0.5161538461538462,0.6124748152318472,0.0281190558518276,0.3478930776026484,0.3488757763081913,0.5489747048699706
graph_0111_mu_0_4_node_417,22,0.0692640692640692,0.0010433026821293,0.3970588235294117,2.5185185185185186,0.0225973691296463,8.089,13.911,0.5825054945054943,0.632318181818182,0.2303750025883076,0.0148278928563247,0.4624994623655914,0.4630083935029953,0.1332507175833907
graph_0111_mu_0_4_node_667,25,0.1133333333333333,0.001221311570149,0.389018691588785,2.5705705705705704,0.0233024964983715,9.72,15.28,0.6463701923076923,0.6112000000000001,0.5851523128432284,0.0158114113585535,0.441601532979242,0.4421605826457023,0.3457244120464918
graph_0111_mu_0_4_node_287,26,0.0543478260869565,0.0012948703788118,0.3911511354737666,2.5565565565565564,0.019660892701998,11.88,14.12,0.8500177944862156,0.5430769230769231,0.2779988482582286,0.0149273990546423,0.3737295300084773,0.3742462432310786,0.2114471159948569
graph_0111_mu_0_4_node_315,22,0.1210526315789473,0.0007463289966052,0.3852680293096799,2.5955955955955954,0.0191550414068571,11.045,10.955,1.009325641025641,0.4979545454545455,0.2987825062425766,0.0114238293923756,0.3315902932140598,0.3319912098631636,0.2730283408890651
graph_0111_mu_0_4_node_977,21,0.0761904761904762,0.0009069525958649,0.3881118881118881,2.5765765765765765,0.0194830702012992,7.058,13.942,0.5073601398601398,0.6639047619047618,0.4942305808333596,0.0144074627388775,0.4971070077864293,0.4976170339695271,0.2483855688282583
graph_0111_mu_0_4_node_392,24,0.1666666666666666,0.0010823451205808,0.3942383583267561,2.5365365365365364,0.0258578915126723,13.106,10.894,1.2050909090909094,0.4539166666666666,0.3224824117843161,0.0112925741795842,0.2936837728416676,0.294082517973563,0.3835947885388249
graph_0111_mu_0_4_node_179,26,0.0984615384615384,0.0013142346399745,0.4064279902359642,2.4604604604604603,0.0335678211447989,10.067,15.933,0.6324630952380952,0.6128076923076922,0.3456794759978409,0.0167223644098557,0.441855381697487,0.4424383286999957,0.2170300987030542
graph_0111_mu_0_4_node_802,33,0.0321969696969696,0.0024990107181825,0.4258312020460358,2.3483483483483485,0.0334222530939565,6.532,26.468,0.2487223272704307,0.8020606060606061,0.7270058875848509,0.0275906868956071,0.6706562985413435,0.6716240667505734,0.1452943242272211
graph_0111_mu_0_4_node_441,21,0.0476190476190476,0.00102435416242,0.3879611650485436,2.5775775775775776,0.0188960239213639,5.102,15.898,0.3223077677224736,0.7570476190476193,0.4340463600396188,0.0165771536881745,0.6095760919540228,0.6101575473256781,0.1092759108038584
graph_0111_mu_0_4_node_863,25,0.1146245059288537,0.0010428760953179,0.3986432561851556,2.5085085085085086,0.0273780260344047,12.063,12.937,0.93349358974359,0.5174799999999998,0.3679675880838218,0.0134417334405017,0.3491310136046979,0.3496044657766032,0.3133003284014672
graph_0111_mu_0_4_node_61,19,0.1988304093567251,0.0005605043090522,0.387359441644048,2.581581581581581,0.0252270909556905,11.026,7.974,1.3839345238095238,0.4196842105263156,0.1818119380025068,0.008354485131982,0.2656068548387096,0.2658987082815985,0.2506043097522271
graph_0111_mu_0_4_node_371,19,0.0955882352941176,0.0004968643915676,0.3827586206896551,2.612612612612613,0.0197190771685262,10.15,8.85,1.1511468253968251,0.4657894736842106,0.2526684070684231,0.0091933506479588,0.3038100111234705,0.3041338951287897,0.2582825302955436
graph_0111_mu_0_4_node_413,22,0.0210526315789473,0.0010192380977236,0.3863109048723898,2.5885885885885886,0.0158714135080164,6.806,15.194,0.4551752100840336,0.6906363636363636,0.2846860965638879,0.0161059154744389,0.5295841192311993,0.5301399063022593,0.108163699754689
graph_0111_mu_0_4_node_398,37,0.1381381381381381,0.0023889143844063,0.4199243379571248,2.3813813813813813,0.0377631735982536,16.106,20.894,0.7722839992137208,0.5647027027027027,0.985621461381142,0.0213856408908126,0.3935810642481944,0.3943457196913745,0.7540145415139687
graph_0111_mu_0_4_node_682,34,0.1129032258064516,0.0021178452439004,0.4107730263157895,2.434434434434434,0.0303228150911408,16.961,17.039,0.9986644736842106,0.5011470588235294,0.4347852891926805,0.0178644449617463,0.3345896709220698,0.3352133715130067,0.4006300706914172
graph_0111_mu_0_4_node_541,21,0.0523809523809523,0.0010138115657952,0.3863109048723898,2.5885885885885886,0.0172633737844072,7.021,13.979,0.509382340492325,0.6656666666666665,0.2723695893558722,0.0148357371411371,0.5006495824595972,0.5011609568789069,0.1380745386601684
graph_0111_mu_0_4_node_959,22,0.0432900432900432,0.0009944220528336,0.3983253588516746,2.5105105105105103,0.0255119255332105,6.244,15.756,0.3976869963369963,0.716181818181818,0.5614393935999525,0.0162779216510686,0.55828792971026,0.5588642426807303,0.2123924774887718
graph_0111_mu_0_4_node_40,37,0.0765765765765765,0.0025406092117901,0.4236641221374045,2.36036036036036,0.0419286554574257,15.115,21.885,0.6915489244501628,0.5914864864864866,0.6227162783304526,0.0227379826093425,0.4200498140316412,0.4208506502273563,0.4264201908859026
graph_0111_mu_0_4_node_882,26,0.0507246376811594,0.001299021586737,0.396271320904403,2.523523523523524,0.0219020254127392,9.87,16.13,0.6154084033613444,0.6203846153846152,0.3194460751720425,0.0171023298550703,0.4503044096728308,0.450894549757902,0.1705647014562781
graph_0111_mu_0_4_node_982,25,0.04,0.0013067435464038,0.4080882352941176,2.4504504504504503,0.0281414021535109,6.176,18.824,0.3322441059757236,0.7529600000000001,0.3339591236754687,0.0200083998294656,0.6056009877532771,0.60628943611673,0.0961357920686636
graph_0111_mu_0_4_node_914,24,0.1413043478260869,0.0010319299010632,0.3928430987023201,2.5455455455455454,0.0219378124341266,11.269,12.731,0.8883188811188812,0.5304583333333334,0.5026190550759014,0.0130965675143285,0.3612360631308,0.361701952123071,0.4378440155658383
graph_0111_mu_0_4_node_847,34,0.0873440285204991,0.0022440185214564,0.4164235097957482,2.4014014014014013,0.0366128120463503,11.209,22.791,0.4927643466373445,0.6703235294117647,0.6744237417754586,0.0236248618746043,0.5043402116751726,0.5051739348172071,0.3269362221030688
graph_0111_mu_0_4_node_654,23,0.0237154150197628,0.0012483754145695,0.4023358840112767,2.4854854854854853,0.0227357796230569,2.431,20.569,0.1192442110177404,0.8943043478260868,0.4761214139817749,0.0216042502288206,0.8098568784472234,0.8106088957913912,0.0383590720664082
graph_0111_mu_0_4_node_5,27,0.1054131054131054,0.001357147242714,0.3954869358669833,2.5285285285285286,0.0266173793448709,11.437,15.563,0.7387925824175825,0.5764074074074074,0.3168599493973771,0.0164451335069984,0.4053532184118832,0.4059226912334174,0.2236146220620888
graph_0111_mu_0_4_node_520,46,0.1099365750528541,0.0034706933640433,0.4358638743455497,2.294294294294294,0.0487366536489051,23.087,22.913,1.0083167084377611,0.4981086956521738,0.6771608508135945,0.0237529480485521,0.3316993825141808,0.332538294409864,0.6504482875459924
graph_0111_mu_0_4_node_653,38,0.1158730158730158,0.0023041493742685,0.4185169669040637,2.3893893893893896,0.0432223378539967,17.082,20.918,0.8174439775910366,0.5504736842105262,0.5886550486298756,0.0217425209677814,0.379837432604411,0.3806030209046968,0.4504842180342394
graph_0111_mu_0_4_node_591,26,0.0942028985507246,0.0010226814134224,0.3983253588516746,2.5105105105105103,0.0273583773868465,11.055,14.945,0.7407874458874456,0.5748076923076921,0.5296611827694769,0.0154439949799525,0.4034309764192946,0.403977834244979,0.3545873543962952
graph_0111_mu_0_4_node_674,41,0.1349527665317139,0.0023111182624883,0.4216969185310257,2.3713713713713718,0.0482286546280576,24.102,16.898,1.4275416666666665,0.4121463414634148,0.446416699756387,0.0175884466680509,0.2596002226629092,0.2602190900842417,0.608106107533577
graph_0111_mu_0_4_node_10,32,0.1540229885057471,0.0015823520071043,0.4012048192771084,2.4924924924924925,0.0288782072263648,16.073,15.927,1.009970695970696,0.49771875,0.7818161126941745,0.0163246194472469,0.3313598719487794,0.3319428557563553,0.7360170450832038
graph_0111_mu_0_4_node_91,24,0.1702898550724637,0.0010330584679304,0.3875096974398759,2.5805805805805804,0.0206303448448655,12.841,11.159,1.1681212121212123,0.4649583333333333,0.3131720153356454,0.0115926936649546,0.3038196739249371,0.3042281032952794,0.3541602306038462
graph_0111_mu_0_4_node_701,45,0.101010101010101,0.0036198058409479,0.4422310756972111,2.2612612612612613,0.0609735060429212,19.14,25.86,0.7415609173435257,0.5746666666666665,0.5613196523653075,0.0271402575203673,0.4033276443300372,0.4042740777692249,0.4128037818956284
graph_0111_mu_0_4_node_122,23,0.0830039525691699,0.001066534523321,0.4012048192771084,2.4924924924924925,0.0244898065314317,7.058,15.942,0.4432836996336996,0.6931304347826085,0.5650255504086037,0.0164742194006111,0.5305134164222873,0.5310965641278712,0.2479327251150453
